Year,Week,0-14,15-64,65-74,75-84,85+,0-14.1,15-64.1,65-74.1,75-84.1,85+.1
2005,1,9,331,234,331,124,0.0006027050149482,0.004672779038029,0.0349335185965439,0.0909506279845856,0.25031128885612
2005,1,6,153,181,475,286,0.0004243160773028,0.0021853587668633,0.0204556571935873,0.0706684180925305,0.208600437910205
2005,1,15,484,415,806,410,0.0005159412011872,0.0034363485573519,0.0266935176072142,0.07779270490406,0.219671254939535
2005,2,10,298,245,330,119,0.0006696722388313,0.0042069128499475,0.0365756925476635,0.0906758526734539,0.240218091724825
2005,2,6,148,167,451,259,0.0004243160773028,0.0021139418136978,0.0188734516648015,0.0670978032836447,0.188907389576025
2005,2,16,446,412,781,378,0.0005503372812663,0.0031665525962375,0.0265005524196921,0.0753797798139837,0.202526181383279
2005,3,10,337,276,346,133,0.0006696722388313,0.0047574819813165,0.0412036373190005,0.0950722576515608,0.268479043692451
2005,3,5,173,178,474,287,0.0003535967310857,0.0024710265795252,0.0201166131517046,0.0705196424754935,0.209329810070731
2005,3,15,510,454,820,420,0.0005159412011872,0.0036209457939039,0.0292020650450006,0.0791439429545027,0.225029090425865
2005,4,6,376,239,368,133,0.0004018033432988,0.0053080511126855,0.0356799613015983,0.101117314496458,0.268479043692451
2005,4,2,161,183,435,295,0.0001414386924342,0.0022996258919281,0.0206816865548424,0.0647173934110542,0.215164787354932
2005,4,8,537,422,803,428,0.0002751686406331,0.0038126429241694,0.0271437697114322,0.0775031538932508,0.229315358814929
2005,5,5,344,287,345,135,0.0003348361194156,0.0048563020818186,0.0428458112701201,0.0947974823404291,0.27251632254497
2005,5,10,191,197,474,335,0.0007071934621714,0.0027281276109209,0.0222638920836281,0.0705196424754935,0.24433967377594
2005,5,15,535,484,819,470,0.0005159412011872,0.0037984431367423,0.0311317169202209,0.0790474259508997,0.251818267857516
2005,6,9,395,286,366,130,0.0006027050149482,0.0055762770997627,0.0426965227291092,0.100567763874194,0.262423125413674
2005,6,4,201,197,524,324,0.0002828773848685,0.0028709615172518,0.0222638920836281,0.0779584233273389,0.236316580010163
2005,6,13,596,483,890,454,0.0004471490410289,0.0042315366532681,0.0310673951910468,0.0859001332067164,0.243245731079388
2005,7,12,399,292,355,139,0.0008036066865976,0.005632745728621,0.0435922539751745,0.0975452354517459,0.280590880250006
2005,7,3,181,206,542,375,0.0002121580386514,0.0025852937045899,0.0232810242092761,0.0806363844340032,0.273514560196948
2005,7,15,580,498,897,514,0.0005159412011872,0.0041179383538515,0.032032221128657,0.0865757522319377,0.275392743997368
2005,8,7,346,309,425,148,0.0004687705671819,0.0048845363962478,0.0461301591723593,0.116779507230963,0.298758635086337
2005,8,3,139,202,562,358,0.0002121580386514,0.001985391298,0.0228289654867659,0.0836118967747413,0.261115233468019
2005,8,10,485,511,987,506,0.0003439608007914,0.0034434484510655,0.0328684036079191,0.0952622825562124,0.271106475608304
2005,9,3,395,306,409,158,0.0002009016716494,0.0055762770997627,0.0456822935493267,0.112383102252857,0.318945029348927
2005,9,4,186,186,529,344,0.0002828773848685,0.0026567106577554,0.021020730596725,0.0787023014125234,0.250904023220667
2005,9,7,581,492,938,502,0.000240772560554,0.004125038247565,0.0316462907536129,0.0905329493796629,0.268963341413772
2005,10,5,343,270,422,135,0.0003348361194156,0.004842184924604,0.0403079060729353,0.115955181297568,0.27251632254497
2005,10,5,182,213,603,405,0.0003535967310857,0.002599577095223,0.024072126973669,0.0897116970732545,0.295395725012703
2005,10,10,525,483,1025,540,0.0003439608007914,0.003727444199607,0.0310673951910468,0.0989299286931284,0.289323116261827
2005,11,4,381,295,361,162,0.0002678688955325,0.0053786368987584,0.0440401195982071,0.0991938873185359,0.327019587053963
2005,11,7,191,198,567,347,0.0004950354235199,0.0027281276109209,0.0223769067642557,0.0843557748599258,0.253092139702242
2005,11,11,572,493,928,509,0.0003783568808706,0.0040611392041432,0.0317106124827869,0.0895677793436324,0.272713826254203
2005,12,3,401,268,384,115,0.0002009016716494,0.0056609800430502,0.0400093289909136,0.105513719474565,0.232143534019789
2005,12,6,164,195,483,334,0.0004243160773028,0.0023424760638273,0.022037862722373,0.0718586230288257,0.243610301615415
2005,12,9,565,463,867,449,0.0003095647207123,0.0040114399481484,0.0297809606075666,0.0836802421238462,0.240566813336223
2005,13,8,348,277,331,120,0.000535737791065,0.004912770710677,0.0413529258600114,0.0909506279845856,0.242236731151084
2005,13,2,161,177,475,330,0.0001414386924342,0.0022996258919281,0.020003598471077,0.0706684180925305,0.240692812973314
2005,13,10,509,454,806,450,0.0003439608007914,0.0036138459001904,0.0292020650450006,0.07779270490406,0.241102596884856
2005,14,5,339,247,363,116,0.0003348361194156,0.0047857162957457,0.0368742696296853,0.0997434379407993,0.234162173446048
2005,14,6,162,177,454,296,0.0004243160773028,0.0023139092825611,0.020003598471077,0.0675441301347554,0.215894159515457
2005,14,11,501,424,817,412,0.0003783568808706,0.0035570467504821,0.0272724131697803,0.0788543919436936,0.220742822036801
2005,15,7,354,260,323,113,0.0004687705671819,0.0049974736539645,0.0388150206628266,0.0887524254955322,0.228106255167271
2005,15,0,151,195,408,247,0.0,0.0021567919855971,0.022037862722373,0.0607004517510577,0.180154923649723
2005,15,7,505,455,731,360,0.000240772560554,0.0035854463253362,0.0292663867741746,0.0705539296338311,0.192882077507884
2005,16,7,358,254,316,111,0.0004687705671819,0.0050539422828229,0.0379192894167614,0.0868289983176104,0.224068976314753
2005,16,2,140,148,415,260,0.0001414386924342,0.0019996746886331,0.016726172732878,0.0617418810703161,0.18963676173655
2005,16,9,498,402,731,371,0.0003095647207123,0.0035357470693415,0.025857335127952,0.0705539296338311,0.198775696542848
2005,17,7,347,231,324,98,0.0004687705671819,0.0048986535534624,0.0344856529735113,0.0890272008066638,0.197826663773385
2005,17,2,142,174,430,253,0.0001414386924342,0.0020282414698993,0.0196645544291944,0.0639735153258697,0.184531156612874
2005,17,9,489,405,754,351,0.0003095647207123,0.0034718480259196,0.0260503003154741,0.0727738207167013,0.188060025570187
2005,18,7,326,225,318,92,0.0004687705671819,0.004602193251956,0.0335899217274461,0.0873785489398738,0.185714827215831
2005,18,7,149,142,400,274,0.0004950354235199,0.0021282252043309,0.0160480846491127,0.0595102468147625,0.199847971983903
2005,18,14,475,367,718,366,0.000481545121108,0.0033724495139301,0.0236060746068617,0.0692992085869914,0.196096778799683
2005,19,9,310,238,321,111,0.0006027050149482,0.0043763187365226,0.0355306727605874,0.0882028748732688,0.224068976314753
2005,19,5,162,163,373,263,0.0003535967310857,0.0023139092825611,0.0184213929422913,0.055493305154766,0.191824878218126
2005,19,14,472,401,694,374,0.000481545121108,0.0033511498327895,0.025793013398778,0.0669828005005182,0.200383047188747
2005,20,5,335,244,303,122,0.0003348361194156,0.0047292476668873,0.0364264040066526,0.0832569192728986,0.246274010003602
2005,20,3,130,161,440,242,0.0002121580386514,0.0018568407823021,0.0181953635810362,0.0654612714962387,0.176508062847097
2005,20,8,465,405,743,364,0.0002751686406331,0.0033014505767947,0.0260503003154741,0.0717121336770677,0.195025211702416
2005,21,6,372,225,329,101,0.0004018033432988,0.0052515824838271,0.0335899217274461,0.0904010773623222,0.203882582052162
2005,21,2,165,173,383,290,0.0001414386924342,0.0023567594544604,0.0195515397485668,0.0569810613251351,0.211517926552306
2005,21,8,537,398,712,391,0.0002751686406331,0.0038126429241694,0.025600048211256,0.0687201065653731,0.209491367515508
2005,22,8,350,244,304,107,0.000535737791065,0.0049410050251062,0.0364264040066526,0.0835316945840303,0.215994418609717
2005,22,5,144,135,371,263,0.0003535967310857,0.0020568082511655,0.0152569818847198,0.0551957539206922,0.191824878218126
2005,22,13,494,379,675,370,0.0004471490410289,0.0035073474944873,0.0243779353569498,0.0651489774320602,0.198239912994215
2005,23,11,326,214,299,108,0.0007366394627144,0.004602193251956,0.0319477477763265,0.0821578180283719,0.218013058035976
2005,23,2,130,165,380,214,0.0001414386924342,0.0018568407823021,0.0186474223035464,0.0565347344740244,0.156085642352391
2005,23,13,456,379,679,322,0.0004471490410289,0.0032375515333729,0.0243779353569498,0.0655350454464724,0.17252230265983
2005,24,7,330,228,303,98,0.0004687705671819,0.0046586618808144,0.0340377873504787,0.0832569192728986,0.197826663773385
2005,24,5,158,169,374,258,0.0003535967310857,0.0022567757200288,0.0190994810260566,0.0556420807718029,0.1881780174155
2005,24,12,488,397,677,356,0.0004127529609497,0.0034647481322061,0.025535726482082,0.0653420114392663,0.190738943313352
2005,25,5,373,234,303,115,0.0003348361194156,0.0052656996410417,0.0349335185965439,0.0832569192728986,0.232143534019789
2005,25,11,171,160,347,253,0.0007779128083885,0.002442459798259,0.0180823489004086,0.0516251391118065,0.184531156612874
2005,25,16,544,394,650,368,0.0005503372812663,0.0038623421801642,0.02534276129456,0.0627360523419839,0.197168345896949
2005,26,9,316,187,299,85,0.0006027050149482,0.0044610216798101,0.027916957169033,0.0821578180283719,0.171584351232018
2005,26,4,133,179,343,260,0.0002828773848685,0.0018996909542014,0.0202296278323322,0.0510300366436588,0.18963676173655
2005,26,13,449,366,642,345,0.0004471490410289,0.0031878522773781,0.0235417528776877,0.0619639163131595,0.184845324278389
2005,27,9,328,216,274,97,0.0006027050149482,0.0046304275663852,0.0322463248583482,0.0752884352500799,0.195808024347126
2005,27,2,131,147,356,217,0.0001414386924342,0.0018711241729352,0.0166131580522504,0.0529641196651386,0.158273758833967
2005,27,11,459,363,630,314,0.0003783568808706,0.0032588512145135,0.0233487876901656,0.0608057122699228,0.168236034270766
2005,28,7,400,215,302,112,0.0004687705671819,0.0056468628858356,0.0320970363173374,0.0829821439617669,0.226087615741012
2005,28,6,146,176,394,226,0.0004243160773028,0.0020853750324316,0.0198905837904495,0.058617593112541,0.164838108278694
2005,28,13,546,391,696,338,0.0004471490410289,0.0038765419675912,0.0251497961070379,0.0671758345077243,0.181094839437958
2005,29,8,363,228,308,97,0.000535737791065,0.0051245280688958,0.0340377873504787,0.084630795828557,0.195808024347126
2005,29,7,158,185,397,245,0.0004950354235199,0.0022567757200288,0.0209077159160975,0.0590639199636518,0.178696179328672
2005,29,15,521,413,705,342,0.0005159412011872,0.0036990446247528,0.0265648741488661,0.0680444875401517,0.18323797363249
2005,30,4,369,280,297,114,0.0002678688955325,0.0052092310121834,0.041800791483044,0.0816082674061085,0.23012489459353
2005,30,3,164,153,436,279,0.0002121580386514,0.0023424760638273,0.0172912461360158,0.0648661690280911,0.203494832786529
2005,30,7,533,433,733,393,0.000240772560554,0.0037842433493153,0.0278513087323463,0.0707469636410372,0.210562934612774
2005,31,7,344,241,277,93,0.0004687705671819,0.0048563020818186,0.03597853838362,0.076112761183475,0.18773346664209
2005,31,4,140,159,365,246,0.0002828773848685,0.0019996746886331,0.0179693342197811,0.0543031002184708,0.179425551489198
2005,31,11,484,400,642,339,0.0003783568808706,0.0034363485573519,0.025728691669604,0.0619639163131595,0.181630622986591
2005,32,4,317,184,288,87,0.0002678688955325,0.0044751388370247,0.0274690915460004,0.0791352896059234,0.175621630084536
2005,32,5,141,145,373,214,0.0003535967310857,0.0020139580792662,0.0163871286909953,0.055493305154766,0.156085642352391
2005,32,9,458,329,661,301,0.0003095647207123,0.0032517513208,0.0211618488982493,0.0637977393816175,0.161270848138537
2005,33,9,302,216,317,118,0.0006027050149482,0.0042633814788059,0.0322463248583482,0.0871037736287421,0.238199452298566
2005,33,6,181,169,404,245,0.0004243160773028,0.0025852937045899,0.0190994810260566,0.0601053492829101,0.178696179328672
2005,33,15,483,385,721,363,0.0005159412011872,0.0034292486636384,0.0247638657319939,0.0695887595978006,0.194489428153783
2005,34,6,338,258,305,107,0.0004018033432988,0.0047715991385311,0.0385164435808048,0.083806469895162,0.215994418609717
2005,34,4,151,167,416,249,0.0002828773848685,0.0021567919855971,0.0188734516648015,0.061890656687353,0.181613667970773
2005,34,10,489,425,721,356,0.0003439608007914,0.0034718480259196,0.0273367348989543,0.0695887595978006,0.190738943313352
2005,35,9,358,231,294,98,0.0006027050149482,0.0050539422828229,0.0344856529735113,0.0807839414727135,0.197826663773385
2005,35,9,128,164,377,218,0.0006364741159542,0.001828274001036,0.0185344076229188,0.0560884076229136,0.159003130994492
2005,35,18,486,395,671,316,0.0006191294414246,0.003450548344779,0.025407083023734,0.064762909417648,0.169307601368032
2005,36,6,350,225,319,88,0.0004018033432988,0.0049410050251062,0.0335899217274461,0.0876533242510054,0.177640269510795
2005,36,2,137,174,432,249,0.0001414386924342,0.0019568245167338,0.0196645544291944,0.0642710665599435,0.181613667970773
2005,36,8,487,399,751,337,0.0002751686406331,0.0034576482384925,0.02566436994043,0.0724842697058921,0.180559055889325
2005,37,5,326,206,290,96,0.0003348361194156,0.004602193251956,0.0307534394482395,0.0796848402281868,0.193789384920867
2005,37,2,147,171,429,248,0.0001414386924342,0.0020996584230647,0.0193255103873117,0.0638247397088328,0.180884295810248
2005,37,7,473,377,719,344,0.000240772560554,0.003358249726503,0.0242492918986018,0.0693957255905945,0.184309540729756
2005,38,4,304,245,307,94,0.0002678688955325,0.0042916157932351,0.0365756925476635,0.0843560205174253,0.189752106068349
2005,38,7,183,163,404,265,0.0004950354235199,0.0026138604858561,0.0184213929422913,0.0601053492829101,0.193283622539176
2005,38,11,487,408,711,359,0.0003783568808706,0.0034576482384925,0.0262432655029961,0.06862358956177,0.192346293959251
2005,39,9,354,225,303,108,0.0006027050149482,0.0049974736539645,0.0335899217274461,0.0832569192728986,0.218013058035976
2005,39,2,164,158,418,232,0.0001414386924342,0.0023424760638273,0.0178563195391535,0.0621882079214268,0.169214341241845
2005,39,11,518,383,721,340,0.0003783568808706,0.0036777449436122,0.0246352222736458,0.0695887595978006,0.182166406535224
2005,40,5,339,246,314,97,0.0003348361194156,0.0047857162957457,0.0367249810886744,0.0862794476953471,0.195808024347126
2005,40,6,148,179,395,282,0.0004243160773028,0.0021139418136978,0.0202296278323322,0.058766368729578,0.205682949268105
2005,40,11,487,425,709,379,0.0003783568808706,0.0034576482384925,0.0273367348989543,0.068430555554564,0.203061964931912
2005,41,4,323,238,336,99,0.0002678688955325,0.0045598417803123,0.0355306727605874,0.092324504540244,0.199845303199644
2005,41,8,163,156,392,269,0.0005657547697371,0.0023281926731942,0.0176302901778984,0.0583200418784672,0.196201111181277
2005,41,12,486,394,728,368,0.0004127529609497,0.003450548344779,0.02534276129456,0.0702643786230219,0.197168345896949
2005,42,3,344,261,335,107,0.0002009016716494,0.0048563020818186,0.0389643092038375,0.0920497292291123,0.215994418609717
2005,42,7,169,163,412,262,0.0004950354235199,0.0024138930169928,0.0184213929422913,0.0612955542192054,0.191095506057601
2005,42,10,513,424,747,369,0.0003439608007914,0.0036422454750445,0.0272724131697803,0.0720982016914799,0.197704129445582
2005,43,2,334,232,292,100,0.0001339344477662,0.0047151305096727,0.0346349415145222,0.0802343908504501,0.201863942625903
2005,43,4,138,178,409,258,0.0002828773848685,0.0019711079073669,0.0201166131517046,0.0608492273680946,0.1881780174155
2005,43,6,472,410,701,358,0.0002063764804748,0.0033511498327895,0.0263719089613441,0.0676584195257395,0.191810510410618
2005,44,7,331,231,311,98,0.0004687705671819,0.004672779038029,0.0344856529735113,0.085455121761952,0.197826663773385
2005,44,8,134,162,412,252,0.0005657547697371,0.0019139743448345,0.0183083782616637,0.0612955542192054,0.183801784452349
2005,44,15,465,393,723,350,0.0005159412011872,0.0033014505767947,0.0252784395653859,0.0697817936050067,0.187524242021554
2005,45,8,342,215,306,121,0.000535737791065,0.0048280677673894,0.0320970363173374,0.0840812452062936,0.244255370577343
2005,45,1,146,146,365,231,7.07193462171423e-05,0.0020853750324316,0.0165001433716229,0.0543031002184708,0.16848496908132
2005,45,9,488,361,671,352,0.0003095647207123,0.0034647481322061,0.0232201442318176,0.064762909417648,0.18859580911882
2005,46,4,351,264,302,112,0.0002678688955325,0.0049551221823207,0.0394121748268701,0.0829821439617669,0.226087615741012
2005,46,5,145,174,387,233,0.0003535967310857,0.0020710916417986,0.0196645544291944,0.0575761637932827,0.16994371340237
2005,46,9,496,438,689,345,0.0003095647207123,0.0035215472819144,0.0281729173782164,0.0665002154825029,0.184845324278389
2005,47,3,366,269,343,114,0.0002009016716494,0.0051668795405396,0.0401586175319244,0.0942479317181657,0.23012489459353
2005,47,5,155,138,404,263,0.0003535967310857,0.0022139255481295,0.0155960259266024,0.0601053492829101,0.191824878218126
2005,47,8,521,407,747,377,0.0002751686406331,0.0036990446247528,0.0261789437738221,0.0720982016914799,0.201990397834646
2005,48,5,330,251,333,117,0.0003348361194156,0.0046586618808144,0.0374714237937287,0.0915001786068489,0.236180812872307
2005,48,8,169,169,436,295,0.0005657547697371,0.0024138930169928,0.0190994810260566,0.0648661690280911,0.215164787354932
2005,48,13,499,420,769,412,0.0004471490410289,0.003542846963055,0.0270151262530842,0.0742215757707471,0.220742822036801
2005,49,8,338,261,314,91,0.000535737791065,0.0047715991385311,0.0389643092038375,0.0862794476953471,0.183696187789572
2005,49,2,155,168,406,275,0.0001414386924342,0.0022139255481295,0.0189864663454291,0.0604029005169839,0.200577344144428
2005,49,10,493,429,720,366,0.0003439608007914,0.0035002476007738,0.0275940218156503,0.0694922425941975,0.196096778799683
2005,50,4,321,258,324,115,0.0002678688955325,0.0045316074658831,0.0385164435808048,0.0890272008066638,0.232143534019789
2005,50,5,193,163,430,255,0.0003535967310857,0.0027566943921871,0.0184213929422913,0.0639735153258697,0.185989900933924
2005,50,9,514,421,754,370,0.0003095647207123,0.003649345368758,0.0270794479822582,0.0727738207167013,0.198239912994215
2005,51,2,386,218,326,101,0.0001339344477662,0.0054492226848314,0.03254490194037,0.0895767514289272,0.203882582052162
2005,51,7,161,178,368,277,0.0004950354235199,0.0022996258919281,0.0201166131517046,0.0547494270695815,0.202036088465479
2005,51,9,547,396,694,378,0.0003095647207123,0.0038836418613048,0.025471404752908,0.0669828005005182,0.202526181383279
2005,52,5,316,268,316,135,0.0003348361194156,0.0044610216798101,0.0400093289909136,0.0868289983176104,0.27251632254497
2005,52,5,153,180,434,300,0.0003535967310857,0.0021853587668633,0.0203426425129597,0.0645686177940173,0.218811648157558
2005,52,10,469,448,750,435,0.0003439608007914,0.0033298501516489,0.0288161346699565,0.0723877527022891,0.23306584365536
2006,1,12,326,276,333,123,0.0008176235513395,0.0045812184036983,0.0405861166066658,0.0894765340302511,0.223105620789551
2006,1,5,164,173,411,278,0.0003599236096766,0.0023362548675562,0.0194829207831359,0.0606078191144345,0.185190449681231
2006,1,17,490,449,744,401,0.0005950606267055,0.0034663778835378,0.0286353372413044,0.0708372449728253,0.195374762002029
2006,2,6,321,240,312,140,0.0004088117756697,0.004510954317752,0.0352922753101442,0.0838338697220371,0.253941356996237
2006,2,3,181,171,415,268,0.0002159541658059,0.0025784276282175,0.0192576847047181,0.0611976762347697,0.178528922714281
2006,2,9,502,411,727,408,0.0003150320964911,0.0035512687704816,0.0262118565839112,0.0692186520097365,0.198785294007052
2006,3,4,363,268,351,109,0.0002725411837798,0.0051011726397009,0.039409707429661,0.0943131034372917,0.197711485089927
2006,3,5,177,158,425,309,0.0003599236096766,0.0025214458021795,0.0177936501950027,0.0626723190356075,0.205841183278779
2006,3,9,540,426,776,418,0.0003150320964911,0.0038200899124702,0.0271684936855138,0.0738840081974629,0.203657482585656
2006,4,9,321,261,342,138,0.0006132176635046,0.004510954317752,0.0383803493997818,0.0918948187337714,0.250313623324862
2006,4,3,142,180,451,308,0.0002159541658059,0.0020228548243474,0.020271247057598,0.0665063903177858,0.205175030582084
2006,4,12,463,441,793,446,0.0004200427953215,0.0032753733879143,0.0281251307871164,0.0755026011605517,0.217299610605748
2006,5,6,351,261,315,129,0.0004088117756697,0.0049325388334298,0.0383803493997818,0.0846399646232105,0.233988821803675
2006,5,6,142,164,454,283,0.0004319083316119,0.0020228548243474,0.018469358430256,0.0669487831580372,0.188521213164707
2006,5,12,493,425,769,412,0.0004200427953215,0.0034876006052737,0.0271047178787403,0.0732175287420734,0.200734169438494
2006,6,8,341,229,374,133,0.0005450823675596,0.0047920106615372,0.0336747126917626,0.100493164346288,0.241244289146425
2006,6,5,155,163,447,290,0.0003599236096766,0.0022080457589708,0.0183567403910471,0.0659165331974507,0.193184282041572
2006,6,13,496,392,821,423,0.0004550463615983,0.0035088233270097,0.0250001162552145,0.0781685189821096,0.206093576874958
2006,7,12,326,244,347,122,0.0008176235513395,0.0045812184036983,0.0358804798986466,0.0932383102357271,0.221291753953863
2006,7,3,165,159,471,294,0.0002159541658059,0.0023505003240657,0.0179062682342116,0.0694556759194615,0.195848892828353
2006,7,15,491,403,818,416,0.0005250534941519,0.0034734521241164,0.0257016501297231,0.0778828849297998,0.202683044869935
2006,8,7,373,240,328,141,0.0004769470716147,0.0052417008115935,0.0352922753101442,0.0881330425282954,0.255755223831924
2006,8,4,130,177,454,304,0.0002879388877412,0.0018519093462336,0.0199333929399714,0.0669487831580372,0.202510419795303
2006,8,11,503,417,782,445,0.0003850392290447,0.0035583430110602,0.0265945114245522,0.0744552763020825,0.216812391747888
2006,9,11,335,228,310,143,0.0007494882553945,0.0047076937584017,0.0335276615446369,0.0832964731212548,0.259382957503299
2006,9,4,168,184,426,271,0.0002879388877412,0.0023932366935941,0.0207217192144335,0.0628197833156913,0.180527380804366
2006,9,15,503,412,736,414,0.0005250534941519,0.0035583430110602,0.0262756323906847,0.0700755541666659,0.201708607154215
2006,10,6,321,217,342,116,0.0004088117756697,0.004510954317752,0.0319100989262553,0.0918948187337714,0.210408552939739
2006,10,4,174,171,421,295,0.0002879388877412,0.0024787094326511,0.0192576847047181,0.0620824619152724,0.196515045525048
2006,10,10,495,388,763,411,0.0003500356627679,0.003501749086431,0.0247450130281205,0.0726462606374539,0.200246950580633
2006,11,8,327,240,337,131,0.0005450823675596,0.0045952712208876,0.0352922753101442,0.0905513272318157,0.23761655547505
2006,11,3,162,172,431,297,0.0002159541658059,0.0023077639545372,0.019370302743927,0.0635571047161102,0.197847350918438
2006,11,11,489,412,768,428,0.0003850392290447,0.0034593036429591,0.0262756323906847,0.0731223173913035,0.208529671164261
2006,12,5,346,266,304,116,0.0003406764797248,0.0048622747474835,0.0391156051354098,0.0816842833189079,0.210408552939739
2006,12,4,150,183,402,269,0.0002879388877412,0.0021368184764233,0.0206091011752246,0.0592806405936805,0.179195075410976
2006,12,9,496,449,706,385,0.0003150320964911,0.0035088233270097,0.0286353372413044,0.0672192136435681,0.187579260276262
2006,13,6,321,248,325,126,0.0004088117756697,0.004510954317752,0.036468684487149,0.0873269476271219,0.228547221296613
2006,13,3,176,156,381,285,0.0002159541658059,0.0025072003456701,0.0175684141165849,0.0561838907119211,0.189853518558097
2006,13,9,497,404,706,411,0.0003150320964911,0.0035158975675883,0.0257654259364966,0.0672192136435681,0.200246950580633
2006,14,8,329,215,325,133,0.0005450823675596,0.0046233768552661,0.0316159966320041,0.0873269476271219,0.241244289146425
2006,14,5,153,146,407,232,0.0003599236096766,0.0021795548459518,0.0164422337244962,0.0600179619940994,0.154547425633258
2006,14,13,482,361,732,365,0.0004550463615983,0.0034097839589086,0.0230230662452358,0.0696947087635862,0.177834883119054
2006,15,5,335,253,327,124,0.0003406764797248,0.0047076937584017,0.037203940222777,0.0878643442279042,0.224919487625238
2006,15,5,154,171,422,231,0.0003599236096766,0.0021938003024613,0.0192576847047181,0.0622299261953561,0.153881272936563
2006,15,10,489,424,749,355,0.0003500356627679,0.0034593036429591,0.0270409420719668,0.0713133017266749,0.17296269454045
2006,16,7,330,267,288,118,0.0004769470716147,0.0046374296724554,0.0392626562825354,0.0773851105126496,0.214036286611114
2006,16,2,145,155,389,269,0.0001439694438706,0.0020655911938759,0.0174557960773761,0.0573636049525913,0.179195075410976
2006,16,9,475,422,677,387,0.0003150320964911,0.0033602642748581,0.0269133904584197,0.0644580844712402,0.188553697991983
2006,17,10,360,221,302,127,0.0006813529594496,0.0050590141881331,0.0324983035147577,0.0811468867181256,0.2303610881323
2006,17,9,170,170,420,259,0.0006478624974178,0.0024217276066131,0.0191450666655092,0.0619349976351886,0.172533548444025
2006,17,19,530,391,722,386,0.0006650677592591,0.0037493475066837,0.024936340448441,0.0687425952558869,0.188066479134123
2006,18,5,363,220,270,124,0.0003406764797248,0.0051011726397009,0.0323512523676321,0.072548541105609,0.224919487625238
2006,18,10,133,148,396,251,0.0007198472193532,0.001894645715762,0.0166674698029139,0.0583958549131778,0.167204326870464
2006,18,15,496,368,666,375,0.0005250534941519,0.0035088233270097,0.0234694968926504,0.063410759612771,0.182707071697658
2006,19,4,335,252,322,102,0.0002725411837798,0.0047076937584017,0.0370568890756514,0.0865208527259485,0.185014417240115
2006,19,4,132,175,384,250,0.0002879388877412,0.0018804002592525,0.0197081568615536,0.0566262835521724,0.166538174173769
2006,19,8,467,427,706,352,0.0002800285302143,0.0033036703502289,0.0272322694922873,0.0672192136435681,0.171501037966868
2006,20,6,357,239,322,97,0.0004088117756697,0.0050168557365654,0.0351452241630186,0.0865208527259485,0.175945083061678
2006,20,4,151,170,370,259,0.0002879388877412,0.0021510639329328,0.0191450666655092,0.0545617836309995,0.172533548444025
2006,20,10,508,409,692,356,0.0003500356627679,0.0035937142139535,0.0260843049703642,0.0658862547327891,0.17344991339831
2006,21,3,372,235,321,98,0.0002044058878348,0.0052276479944042,0.0345570195745162,0.0862521544255574,0.177758949897366
2006,21,3,158,146,399,238,0.0002159541658059,0.0022507821284993,0.0164422337244962,0.0588382477534292,0.158544341813428
2006,21,6,530,381,720,336,0.0002100213976607,0.0037493475066837,0.024298582380706,0.068552172554347,0.163705536241102
2006,22,12,381,230,269,99,0.0008176235513395,0.0053541233491076,0.0338217638388882,0.0722798428052178,0.179572816733053
2006,22,4,148,175,342,257,0.0002879388877412,0.0021083275634044,0.0197081568615536,0.0504327837886536,0.171201243050635
2006,22,16,529,405,611,356,0.0005600570604287,0.0037422732661051,0.0258292017432701,0.0581741353204251,0.17344991339831
2006,23,4,346,224,303,97,0.0002725411837798,0.0048622747474835,0.0329394569561345,0.0814155850185168,0.175945083061678
2006,23,4,150,156,405,287,0.0002879388877412,0.0021368184764233,0.0175684141165849,0.0597230334339318,0.191185823951487
2006,23,8,496,380,708,384,0.0002800285302143,0.0035088233270097,0.0242348065739325,0.0674096363451079,0.187092041418402
2006,24,4,342,225,342,120,0.0002725411837798,0.0048060634787265,0.0330865081032601,0.0918948187337714,0.217664020282489
2006,24,3,159,172,428,281,0.0002159541658059,0.0022650275850087,0.019370302743927,0.0631147118758588,0.187188907771317
2006,24,7,501,397,770,401,0.0002450249639375,0.0035441945299029,0.0253189952890821,0.0733127400928434,0.195374762002029
2006,25,8,318,250,316,124,0.0005450823675596,0.0044687958661843,0.0367627867814002,0.0849086629236016,0.224919487625238
2006,25,5,163,163,379,288,0.0003599236096766,0.0023220094110467,0.0183567403910471,0.0558889621517535,0.191851976648182
2006,25,13,481,413,695,412,0.0004550463615983,0.00340270971833,0.0263394081974582,0.0661718887850989,0.200734169438494
2006,26,5,314,235,282,117,0.0003406764797248,0.0044125845974272,0.0345570195745162,0.0757729207103027,0.212222419775426
2006,26,1,134,132,392,242,7.19847219353215e-05,0.0019088911722715,0.0148655811755719,0.0578059977928427,0.161208952600209
2006,26,6,448,367,674,359,0.0002100213976607,0.0031692597792345,0.0234057210858769,0.0641724504189304,0.174911569971891
2006,27,6,336,218,294,115,0.0004088117756697,0.0047217465755909,0.0320571500733809,0.0789973003149965,0.208594686104052
2006,27,1,152,153,400,278,7.19847219353215e-05,0.0021653093894423,0.0172305599989583,0.0589857120335129,0.185190449681231
2006,27,7,488,371,694,393,0.0002450249639375,0.0034522294023805,0.0236608243129709,0.066076677434329,0.191477011139146
2006,28,7,341,218,319,122,0.0004769470716147,0.0047920106615372,0.0320571500733809,0.0857147578247751,0.221291753953863
2006,28,4,151,162,408,247,0.0002879388877412,0.0021510639329328,0.0182441223518382,0.0601654262741832,0.164539716083684
2006,28,11,492,380,727,369,0.0003850392290447,0.0034805263646951,0.0242348065739325,0.0692186520097365,0.179783758550496
2006,29,3,317,221,305,128,0.0002044058878348,0.004454743048995,0.0324983035147577,0.0819529816192991,0.232174954967988
2006,29,3,166,140,400,287,0.0002159541658059,0.0023647457805752,0.0157665254892429,0.0589857120335129,0.191185823951487
2006,29,6,483,361,705,415,0.0002100213976607,0.0034168581994873,0.0230230662452358,0.0671240022927981,0.202195826012075
2006,30,4,376,196,352,120,0.0002725411837798,0.0052838592631613,0.0288220248366177,0.0945818017376828,0.217664020282489
2006,30,1,157,169,409,341,7.19847219353215e-05,0.0022365366719898,0.0190324486263003,0.060312890554267,0.227158069573021
2006,30,5,533,365,761,461,0.0001750178313839,0.0037705702284197,0.0232781694723299,0.072455837935914,0.224607893473654
2006,31,6,307,228,276,121,0.0004088117756697,0.0043142148771024,0.0335276615446369,0.0741607309079559,0.219477887118176
2006,31,7,161,137,376,258,0.0005038930535472,0.0022935184980277,0.0154286713716163,0.0554465693115022,0.17186739574733
2006,31,13,468,365,652,379,0.0004550463615983,0.0033107445908075,0.0232781694723299,0.0620778007019921,0.1846559471291
2006,32,6,271,242,261,121,0.0004088117756697,0.0038083134582891,0.0355863776043954,0.0701302564020887,0.219477887118176
2006,32,5,137,158,360,223,0.0003599236096766,0.0019516275418,0.0177936501950027,0.0530871408301616,0.148552051363002
2006,32,11,408,400,621,344,0.0003850392290447,0.0028862901560886,0.0255103227094026,0.0591262488281243,0.167603287103985
2006,33,8,326,205,296,127,0.0005450823675596,0.0045812184036983,0.0301454851607481,0.0795346969157787,0.2303610881323
2006,33,1,176,159,379,268,7.19847219353215e-05,0.0025072003456701,0.0179062682342116,0.0558889621517535,0.178528922714281
2006,33,9,502,364,675,395,0.0003150320964911,0.0035512687704816,0.0232143936655564,0.0642676617697004,0.192451448854867
2006,34,7,335,229,315,105,0.0004769470716147,0.0047076937584017,0.0336747126917626,0.0846399646232105,0.190456017747178
2006,34,2,160,156,349,282,0.0001439694438706,0.0022792730415182,0.0175684141165849,0.05146503374924,0.187855060468012
2006,34,9,495,385,664,387,0.0003150320964911,0.003501749086431,0.0245536856078,0.0632203369112312,0.188553697991983
2006,35,4,322,215,285,91,0.0002725411837798,0.0045250071349413,0.0316159966320041,0.0765790156114762,0.165061882047554
2006,35,0,153,150,385,253,0.0,0.0021795548459518,0.0168927058813317,0.0567737478322562,0.168536632263854
2006,35,4,475,365,670,344,0.0001400142651071,0.0033602642748581,0.0232781694723299,0.0637916050158507,0.167603287103985
2006,36,9,313,238,303,113,0.0006132176635046,0.004398531780238,0.034998173015893,0.0814155850185168,0.204966952432677
2006,36,3,160,170,401,319,0.0002159541658059,0.0022792730415182,0.0191450666655092,0.0591331763135967,0.212502710245729
2006,36,12,473,408,704,432,0.0004200427953215,0.0033461157937008,0.0260205291635907,0.0670287909420282,0.210478546595702
2006,37,6,359,244,320,133,0.0004088117756697,0.0050449613709439,0.0358804798986466,0.0859834561251662,0.241244289146425
2006,37,7,164,137,403,253,0.0005038930535472,0.0023362548675562,0.0154286713716163,0.0594281048737643,0.168536632263854
2006,37,13,523,381,723,386,0.0004550463615983,0.0036998278226332,0.024298582380706,0.0688378066066568,0.188066479134123
2006,38,3,337,210,328,106,0.0002044058878348,0.0047357993927802,0.0308807408963761,0.0881330425282954,0.192269884582865
2006,38,5,164,159,355,268,0.0003599236096766,0.0023362548675562,0.0179062682342116,0.0523498194297427,0.178528922714281
2006,38,8,501,369,683,374,0.0002800285302143,0.0035441945299029,0.0235332726994239,0.0650293525758598,0.182219852839798
2006,39,7,312,207,313,106,0.0004769470716147,0.0043844789630487,0.0304395874549993,0.0841025680224282,0.192269884582865
2006,39,5,141,157,396,230,0.0003599236096766,0.0020086093678379,0.0176810321557938,0.0583958549131778,0.153215120239868
2006,39,12,453,364,709,336,0.0004200427953215,0.0032046309821278,0.0232143936655564,0.0675048476958779,0.163705536241102
2006,40,5,303,249,298,120,0.0003406764797248,0.0042580036083454,0.0366157356342746,0.080072093516561,0.217664020282489
2006,40,4,160,158,375,248,0.0002879388877412,0.0022792730415182,0.0177936501950027,0.0552991050314184,0.165205868780379
2006,40,9,463,407,673,368,0.0003150320964911,0.0032753733879143,0.0259567533568171,0.0640772390681605,0.179296539692635
2006,41,7,354,265,325,125,0.0004769470716147,0.0049746972849976,0.0389685539882842,0.0873269476271219,0.226733354460926
2006,41,3,165,157,366,266,0.0002159541658059,0.0023505003240657,0.0176810321557938,0.0539719265106643,0.17719661732089
2006,41,10,519,422,691,391,0.0003500356627679,0.0036715308603186,0.0269133904584197,0.0657910433820192,0.190502573423425
2006,42,8,376,248,318,126,0.0005450823675596,0.0052838592631613,0.036468684487149,0.0854460595243839,0.228547221296613
2006,42,5,147,166,405,275,0.0003599236096766,0.0020940821068949,0.0186945945086737,0.0597230334339318,0.183191991591146
2006,42,13,523,414,723,401,0.0004550463615983,0.0036998278226332,0.0264031840042317,0.0688378066066568,0.195374762002029
2006,43,4,331,231,310,128,0.0002725411837798,0.0046514824896446,0.0339688149860137,0.0832964731212548,0.232174954967988
2006,43,2,145,144,450,286,0.0001439694438706,0.0020655911938759,0.0162169976460784,0.066358926037702,0.190519671254792
2006,43,6,476,375,760,414,0.0002100213976607,0.0033673385154367,0.0239159275400649,0.0723606265851441,0.201708607154215
2006,44,7,341,221,337,127,0.0004769470716147,0.0047920106615372,0.0324983035147577,0.0905513272318157,0.2303610881323
2006,44,5,154,153,405,310,0.0003599236096766,0.0021938003024613,0.0172305599989583,0.0597230334339318,0.206507335975474
2006,44,12,495,374,742,437,0.0004200427953215,0.003501749086431,0.0238521517332914,0.0706468222712854,0.212914640885004
2006,45,15,350,226,301,117,0.0010220294391744,0.0049184860162405,0.0332335592503857,0.0808781884177345,0.212222419775426
2006,45,3,154,163,373,290,0.0002159541658059,0.0021938003024613,0.0183567403910471,0.0550041764712508,0.193184282041572
2006,45,18,504,389,674,407,0.0006300641929823,0.0035654172516389,0.024808788834894,0.0641724504189304,0.198298075149192
2006,46,8,341,229,335,131,0.0005450823675596,0.0047920106615372,0.0336747126917626,0.0900139306310334,0.23761655547505
2006,46,4,153,150,388,279,0.0002879388877412,0.0021795548459518,0.0168927058813317,0.0572161406725075,0.185856602377926
2006,46,12,494,379,723,410,0.0004200427953215,0.0034946748458524,0.024171030767159,0.0688378066066568,0.199759731722773
2006,47,6,324,204,299,113,0.0004088117756697,0.0045531127693198,0.0299984340136225,0.0803407918169522,0.204966952432677
2006,47,9,137,139,363,271,0.0006478624974178,0.0019516275418,0.015653907450034,0.053529533670413,0.180527380804366
2006,47,15,461,343,662,384,0.0005250534941519,0.003261224906757,0.0218751017233127,0.0630299142096913,0.187092041418402
2006,48,3,352,221,299,110,0.0002044058878348,0.0049465916506191,0.0324983035147577,0.0803407918169522,0.199525351925615
2006,48,7,149,144,370,248,0.0005038930535472,0.0021225730199138,0.0162169976460784,0.0545617836309995,0.165205868780379
2006,48,10,501,365,669,358,0.0003500356627679,0.0035441945299029,0.0232781694723299,0.0636963936650808,0.174424351114031
2006,49,8,346,223,294,118,0.0005450823675596,0.0048622747474835,0.0327924058090089,0.0789973003149965,0.214036286611114
2006,49,3,146,152,408,288,0.0002159541658059,0.0020798366503854,0.0171179419597494,0.0601654262741832,0.191851976648182
2006,49,11,492,375,702,406,0.0003850392290447,0.0034805263646951,0.0239159275400649,0.0668383682404884,0.197810856291331
2006,50,5,326,248,274,110,0.0003406764797248,0.0045812184036983,0.036468684487149,0.0736233343071736,0.199525351925615
2006,50,1,140,145,417,260,7.19847219353215e-05,0.0019943639113284,0.0163296156852873,0.0614926047949372,0.17319970114072
2006,50,6,466,393,691,370,0.0002100213976607,0.0032965961096502,0.0250638920619881,0.0657910433820192,0.180270977408356
2006,51,10,333,208,303,129,0.0006813529594496,0.0046795881240231,0.0305866386021249,0.0814155850185168,0.233988821803675
2006,51,4,162,138,376,288,0.0002879388877412,0.0023077639545372,0.0155412894108251,0.0554465693115022,0.191851976648182
2006,51,14,495,346,679,417,0.0004900499278751,0.003501749086431,0.0220664291436332,0.0646485071727801,0.203170263727796
2006,52,5,344,219,315,141,0.0003406764797248,0.004834169113105,0.0322042012205065,0.0846399646232105,0.255755223831924
2006,52,4,146,146,390,329,0.0002879388877412,0.0020798366503854,0.0164422337244962,0.0575110692326751,0.21916423721268
2006,52,9,490,365,705,470,0.0003150320964911,0.0034663778835378,0.0232781694723299,0.0671240022927981,0.228992863194398
2007,1,4,339,254,321,107,0.0002747207137407,0.0047491154136481,0.0365310633876575,0.084823490798697,0.173301430314439
2007,1,3,146,160,491,324,0.0002175892566182,0.0020774185286418,0.0178116255442624,0.0723969731860589,0.194421611211574
2007,1,7,485,414,812,431,0.0002469337255904,0.003423660426801,0.0259791049480907,0.0768475067791484,0.188712064123593
2007,2,6,344,255,338,115,0.0004120810706111,0.0048191613637019,0.0366748864718608,0.0893157005917744,0.186258546599631
2007,2,5,176,156,427,280,0.0003626487610303,0.0025042853495956,0.0173663349056558,0.0629603005100757,0.168018676355681
2007,2,11,520,411,765,395,0.000388038711642,0.0036707287050237,0.0257908505644089,0.0723994368054785,0.172949571528583
2007,3,9,388,253,315,122,0.0006181216059166,0.0054355657241755,0.0363872403034541,0.0832380049893755,0.197596023349174
2007,3,7,176,173,434,313,0.0005077082654424,0.0025042853495956,0.0192588201197337,0.0639924365840113,0.187820877497601
2007,3,16,564,426,749,435,0.0005644199442066,0.0039813288262181,0.0267321224828179,0.0708852002186973,0.190463452189705
2007,4,2,328,278,330,135,0.0001373603568703,0.0045950143235298,0.0399828174085385,0.0872017195126791,0.218651337312611
2007,4,3,170,188,445,306,0.0002175892566182,0.0024189119854048,0.0209286600145083,0.065614364700196,0.183620410588709
2007,4,5,498,466,775,441,0.0001763812325645,0.0035154286444266,0.0292421809319088,0.0733458346722168,0.193090534288874
2007,5,7,375,261,335,149,0.0004807612490462,0.0052534462540356,0.0375378249770811,0.0885229576871137,0.241326290811696
2007,5,2,152,192,451,363,0.0001450595044121,0.0021627918928326,0.0213739506531148,0.0664990527635694,0.217824212561115
2007,5,9,527,453,786,512,0.0003174862186162,0.0037201423606683,0.0284264119359543,0.0743868723256289,0.224177672462366
2007,6,6,366,260,360,149,0.0004120810706111,0.0051273635439387,0.0373940018928777,0.0951291485592863,0.241326290811696
2007,6,5,161,171,472,325,0.0003626487610303,0.0022908519391187,0.0190361748004304,0.0695954609853764,0.195021677912844
2007,6,11,527,431,832,474,0.000388038711642,0.0037201423606683,0.0270458797889543,0.078740302512625,0.2075394858343
2007,7,6,344,261,343,120,0.0004120810706111,0.0048191613637019,0.0375378249770811,0.0906369387662089,0.194356744277876
2007,7,5,170,170,489,319,0.0003626487610303,0.0024189119854048,0.0189248521407788,0.0721020771649344,0.191421277705222
2007,7,11,514,431,832,439,0.000388038711642,0.0036283741430427,0.0270458797889543,0.078740302512625,0.192214840255817
2007,8,7,348,251,298,139,0.0004807612490462,0.004875198123745,0.0360995941350473,0.0787457951962981,0.225129895455206
2007,8,7,157,176,446,310,0.0005077082654424,0.0022339363629915,0.0195927880986886,0.0657618127107582,0.18602067739379
2007,8,14,505,427,744,449,0.0004938674511808,0.0035648423000711,0.0267948739440452,0.0704120012853281,0.196593310421098
2007,9,6,328,221,344,155,0.0004120810706111,0.0045950143235298,0.0317849016089461,0.0909011864010958,0.25104412802559
2007,9,3,183,167,428,309,0.0002175892566182,0.0026038876078182,0.0185908841618238,0.0631077485206379,0.18542061069252
2007,9,9,511,388,772,464,0.0003174862186162,0.0036071968620522,0.0243475669561816,0.0730619153121953,0.203161015669019
2007,10,8,339,247,330,130,0.0005494414274814,0.0047491154136481,0.0355243017982338,0.0872017195126791,0.210553139634366
2007,10,2,157,148,393,310,0.0001450595044121,0.0022339363629915,0.0164757536284427,0.0579470681509596,0.18602067739379
2007,10,10,496,395,723,440,0.0003527624651291,0.0035013104570996,0.0247868271847725,0.0684245657651777,0.192652687272346
2007,11,9,323,264,305,119,0.0006181216059166,0.004524968373476,0.0379692942296912,0.0805955286405065,0.192737104742227
2007,11,2,145,150,394,309,0.0001450595044121,0.00206318963461,0.016698398947746,0.0580945161615218,0.18542061069252
2007,11,11,468,414,699,428,0.000388038711642,0.0033036558345214,0.0259791049480907,0.0661532108850059,0.187398523074009
2007,12,6,339,232,314,150,0.0004120810706111,0.0047491154136481,0.0333669555351832,0.0829737573544886,0.242945930347345
2007,12,3,147,148,416,316,0.0002175892566182,0.0020916474226736,0.0164757536284427,0.061338372393891,0.189621077601412
2007,12,9,486,380,730,466,0.0003174862186162,0.0034307195204645,0.0238455552663634,0.0690870442718945,0.204036709702075
2007,13,3,313,224,314,129,0.0002060405353055,0.0043848764733683,0.0322163708615562,0.0829737573544886,0.208933500098717
2007,13,4,162,166,432,298,0.0002901190088242,0.0023050808331505,0.0184795615021722,0.0636975405628869,0.178819876978546
2007,13,7,475,390,746,427,0.0002469337255904,0.0033530694901659,0.0244730698786362,0.0706012808586758,0.186960676057481
2007,14,4,353,221,341,120,0.0002747207137407,0.0049452440737988,0.0317849016089461,0.0901084434964351,0.194356744277876
2007,14,3,131,143,360,299,0.0002175892566182,0.0018639851181649,0.0159191403301845,0.0530812838024057,0.179419943679817
2007,14,7,484,364,701,419,0.0002469337255904,0.0034166013331375,0.0228415318867271,0.0663424904583535,0.183457899925256
2007,15,6,359,255,299,123,0.0004120810706111,0.0050292992138634,0.0366748864718608,0.079010042831185,0.199215662884823
2007,15,3,136,155,392,280,0.0002175892566182,0.0019351295883239,0.0172550122460042,0.0577996201403973,0.168018676355681
2007,15,9,495,410,691,403,0.0003174862186162,0.0034942513634361,0.0257280991031816,0.0653960925916152,0.176452347660807
2007,16,6,348,224,331,109,0.0004120810706111,0.004875198123745,0.0322163708615562,0.087465967147566,0.176540709385737
2007,16,6,147,160,377,281,0.0004351785132364,0.0020916474226736,0.0178116255442624,0.0555878999819638,0.168618743056951
2007,16,12,495,384,708,390,0.0004233149581549,0.0034942513634361,0.0240965611112725,0.0670049689650703,0.170760336445943
2007,17,9,380,222,300,112,0.0006181216059166,0.0053234922040894,0.0319287246931494,0.0792742904660719,0.181399627992684
2007,17,2,156,147,400,253,0.0001450595044121,0.0022197074689597,0.016364430968791,0.0589792042248952,0.151816875421383
2007,17,11,536,369,700,365,0.000388038711642,0.0037836742036399,0.0231552891928634,0.0662478506716797,0.159814161032741
2007,18,9,339,235,311,115,0.0006181216059166,0.0047491154136481,0.0337984247877933,0.0821810144498279,0.186258546599631
2007,18,2,146,130,381,268,0.0001450595044121,0.0020774185286418,0.0144719457547132,0.0561776920242127,0.160817875940438
2007,18,11,485,365,692,383,0.000388038711642,0.003423660426801,0.0229042833479543,0.0654907323782891,0.167695407330246
2007,19,13,349,230,325,102,0.0008928423196574,0.0048892073137558,0.0330793093667764,0.0858804813382446,0.165203232636195
2007,19,7,136,155,371,291,0.0005077082654424,0.0019351295883239,0.0172550122460042,0.0547032119185903,0.174619410069654
2007,19,20,485,385,696,393,0.0007055249302583,0.003423660426801,0.0241593125724998,0.0658692915249844,0.172073877495527
2007,20,6,351,248,268,113,0.0004120810706111,0.0049172256937773,0.0356681248824372,0.0708183661496909,0.183019267528333
2007,20,4,163,144,398,295,0.0002901190088242,0.0023193097271823,0.0160304629898361,0.0586843082037708,0.177019676874735
2007,20,10,514,392,666,408,0.0003527624651291,0.0036283741430427,0.0245985728010907,0.0630300979247695,0.178641582743448
2007,21,8,330,233,321,136,0.0005494414274814,0.0046230327035513,0.0335107786193866,0.084823490798697,0.220270976848259
2007,21,3,142,168,379,299,0.0002175892566182,0.0020205029525146,0.0187022068214755,0.0558827960030882,0.179419943679817
2007,21,11,472,401,700,435,0.000388038711642,0.0033318922091754,0.0251633359521361,0.0662478506716797,0.190463452189705
2007,22,4,354,193,262,104,0.0002747207137407,0.0049592532638096,0.0277578552512515,0.0692328803403695,0.168442511707493
2007,22,2,150,148,348,265,0.0001450595044121,0.002134334104769,0.0164757536284427,0.0513119076756589,0.159017675836627
2007,22,6,504,341,610,369,0.0002116574790774,0.0035577832064076,0.0213982482784998,0.0577302698710352,0.161565549098853
2007,23,9,332,229,272,100,0.0006181216059166,0.0046510510835728,0.0329354862825731,0.0718753566892386,0.161963953564897
2007,23,2,150,160,372,246,0.0001450595044121,0.002134334104769,0.0178116255442624,0.0548506599291526,0.147616408512491
2007,23,11,482,389,644,346,0.000388038711642,0.0034024831458105,0.0244103184174089,0.0609480226179453,0.151495067718708
2007,24,7,350,208,268,120,0.0004807612490462,0.0049032165037665,0.0299152015143022,0.0708183661496909,0.194356744277876
2007,24,6,155,146,375,252,0.0004351785132364,0.0022054785749279,0.0162531083091394,0.0552930039608393,0.151216808720113
2007,24,13,505,354,643,372,0.0004585912046678,0.0035648423000711,0.0222140172744544,0.0608533828312715,0.162879090148438
2007,25,9,316,194,267,100,0.0006181216059166,0.0044269040434006,0.0279016783354549,0.070554118514804,0.161963953564897
2007,25,4,134,159,351,283,0.0002901190088242,0.0019066718002603,0.0177003028846107,0.0517542517073456,0.169818876459492
2007,25,13,450,353,618,383,0.0004585912046678,0.0031765921485782,0.0221512658132271,0.0584873881644258,0.167695407330246
2007,26,8,316,213,291,106,0.0005494414274814,0.0044269040434006,0.030634316935319,0.0768960617520898,0.171681790778791
2007,26,5,129,129,367,226,0.0003626487610303,0.0018355273301013,0.0143606230950615,0.0541134198763414,0.135615074487085
2007,26,13,445,342,658,332,0.0004585912046678,0.0031412966802607,0.0214609997397271,0.0622729796313789,0.145365209487315
2007,27,8,338,217,265,101,0.0005494414274814,0.0047351062236374,0.0312096092721325,0.0700256232450302,0.163583593100546
2007,27,4,155,151,328,247,0.0002901190088242,0.0022054785749279,0.0168097216073976,0.0483629474644141,0.148216475213762
2007,27,12,493,368,593,348,0.0004233149581549,0.003480133176109,0.0230925377316362,0.0561213934975801,0.152370761751764
2007,28,5,346,248,306,121,0.0003434008921759,0.0048471797437235,0.0356681248824372,0.0808597762753934,0.195976383813525
2007,28,6,154,152,365,278,0.0004351785132364,0.0021912496808962,0.0169210442670492,0.0538185238552169,0.166818542953141
2007,28,11,500,400,671,399,0.000388038711642,0.0035295468317536,0.0251005844909089,0.0635032968581387,0.174700959594695
2007,29,9,359,263,335,156,0.0006181216059166,0.0050292992138634,0.0378254711454878,0.0885229576871137,0.252663767561239
2007,29,4,144,159,464,321,0.0002901190088242,0.0020489607405782,0.0177003028846107,0.0684158769008785,0.192621411107763
2007,29,13,503,422,799,477,0.0004585912046678,0.0035507241127441,0.0264811166379089,0.0756171895523887,0.208853026883884
2007,30,3,320,205,273,111,0.0002060405353055,0.0044829408034437,0.029483732261692,0.0721396043241255,0.179779988457035
2007,30,4,137,162,343,254,0.0002901190088242,0.0019493584823557,0.0180342708635656,0.0505746676228477,0.152416942122654
2007,30,7,457,367,616,365,0.0002469337255904,0.0032260058042228,0.0230297862704089,0.0582981085910781,0.159814161032741
2007,31,13,310,195,275,94,0.0008928423196574,0.0043428489033361,0.0280455014196583,0.0726680995938993,0.152246116351003
2007,31,7,154,120,305,239,0.0005077082654424,0.0021912496808962,0.0133587191581968,0.0449716432214826,0.143415941603599
2007,31,20,464,315,580,333,0.0007055249302583,0.0032754194598673,0.0197667102865907,0.0548910762708203,0.145803056503843
2007,32,8,325,231,299,122,0.0005494414274814,0.0045529867534975,0.0332231324509798,0.079010042831185,0.197596023349174
2007,32,5,150,156,386,251,0.0003626487610303,0.002134334104769,0.0173663349056558,0.0569149320770239,0.150616742018843
2007,32,13,475,387,685,373,0.0004585912046678,0.0033530694901659,0.0242848154949543,0.0648282538715723,0.163316937164966
2007,33,1,322,214,252,98,6.86801784351848e-05,0.0045109591834652,0.0307781400195224,0.0665904039915004,0.158724674493599
2007,33,3,144,137,371,274,0.0002175892566182,0.0020489607405782,0.0152512043722746,0.0547032119185903,0.164418276148059
2007,33,4,466,351,623,372,0.0001411049860516,0.0032895376471943,0.0220257628907725,0.0589605870977949,0.162879090148438
2007,34,4,349,236,245,107,0.0002747207137407,0.0048892073137558,0.0339422478719967,0.0647406705472921,0.173301430314439
2007,34,3,141,122,380,272,0.0002175892566182,0.0020062740584828,0.0135813644775,0.0560302440136505,0.163218142745519
2007,34,7,490,358,625,379,0.0002469337255904,0.0034589558951185,0.0224650231193634,0.0591498666711426,0.165944019264134
2007,35,7,321,198,270,90,0.0004807612490462,0.0044969499934544,0.0284769706722684,0.0713468614194648,0.145767558208407
2007,35,8,148,124,321,228,0.0005802380176485,0.0021058763167054,0.0138040097968033,0.0473308113904784,0.136815207889626
2007,35,15,469,322,591,318,0.0005291436976937,0.0033107149281849,0.0202059705151816,0.0559321139242324,0.139235351255922
2007,36,4,322,237,295,124,0.0002747207137407,0.0045109591834652,0.0340860709562001,0.0779530522916374,0.200835302420472
2007,36,4,138,144,373,249,0.0002901190088242,0.0019635873763875,0.0160304629898361,0.0549981079397148,0.149416608616302
2007,36,8,460,381,668,373,0.0002822099721033,0.0032471830852133,0.0239083067275907,0.0632193774981172,0.163316937164966
2007,37,7,341,252,290,114,0.0004807612490462,0.0047771337936697,0.0362434172192507,0.0766318141172029,0.184638907063982
2007,37,3,158,156,357,265,0.0002175892566182,0.0022481652570233,0.0173663349056558,0.052638939770719,0.159017675836627
2007,37,10,499,408,647,379,0.0003527624651291,0.0035224877380901,0.025602596180727,0.0612319419779668,0.165944019264134
2007,38,3,305,233,284,126,0.0002060405353055,0.0042728029532822,0.0335107786193866,0.0750463283078814,0.20407458149177
2007,38,5,145,160,364,286,0.0003626487610303,0.00206318963461,0.0178116255442624,0.0536710758446547,0.171619076563303
2007,38,8,450,393,648,412,0.0002822099721033,0.0031765921485782,0.024661324262318,0.0613265817646406,0.18039297080956
2007,39,3,347,240,318,136,0.0002060405353055,0.0048611889337342,0.0345175402088102,0.0840307478940363,0.220270976848259
2007,39,7,146,162,378,299,0.0005077082654424,0.0020774185286418,0.0180342708635656,0.055735347992526,0.179419943679817
2007,39,10,493,402,696,435,0.0003527624651291,0.003480133176109,0.0252260874133634,0.0658692915249844,0.190463452189705
2007,40,8,338,239,306,141,0.0005494414274814,0.0047351062236374,0.0343737171246068,0.0808597762753934,0.228369174526504
2007,40,2,169,142,376,302,0.0001450595044121,0.0024046830913731,0.0158078176705328,0.0554404519714015,0.181220143783627
2007,40,10,507,381,682,443,0.0003527624651291,0.0035789604873981,0.0239083067275907,0.0645443345115508,0.19396622832193
2007,41,7,316,218,309,137,0.0004807612490462,0.0044269040434006,0.0313534323563359,0.0816525191800541,0.221890616383908
2007,41,5,162,171,407,270,0.0003626487610303,0.0023050808331505,0.0190361748004304,0.0600113402988309,0.162018009342978
2007,41,12,478,389,716,407,0.0004233149581549,0.0033742467711564,0.0244103184174089,0.0677620872584609,0.17820373572692
2007,42,4,323,237,310,140,0.0002747207137407,0.004524968373476,0.0340860709562001,0.081916766814941,0.226749534990855
2007,42,2,144,150,383,306,0.0001450595044121,0.0020489607405782,0.016698398947746,0.0564725880453372,0.183620410588709
2007,42,6,467,387,693,446,0.0002116574790774,0.0032965967408579,0.0242848154949543,0.0655853721649629,0.195279769371514
2007,43,4,329,206,292,138,0.0002747207137407,0.0046090235135405,0.0296275553458954,0.0771603093869767,0.223510255919557
2007,43,5,138,171,425,326,0.0003626487610303,0.0019635873763875,0.0190361748004304,0.0626654044889512,0.195621744614114
2007,43,9,467,377,717,464,0.0003174862186162,0.0032965967408579,0.0236573008826816,0.0678567270451348,0.203161015669019
2007,44,4,336,233,302,122,0.0002747207137407,0.0047070878436159,0.0335107786193866,0.0798027857358458,0.197596023349174
2007,44,2,152,164,368,281,0.0001450595044121,0.0021627918928326,0.0182569161828689,0.0542608678869036,0.168618743056951
2007,44,6,488,397,670,403,0.0002116574790774,0.0034448377077915,0.0249123301072271,0.0634086570714648,0.176452347660807
2007,45,10,344,218,292,130,0.0006868017843518,0.0048191613637019,0.0313534323563359,0.0771603093869767,0.210553139634366
2007,45,7,162,139,351,289,0.0005077082654424,0.0023050808331505,0.0154738496915779,0.0517542517073456,0.173419276667114
2007,45,17,506,357,643,419,0.0005996961907195,0.0035719013937346,0.0224022716581362,0.0608533828312715,0.183457899925256
2007,46,6,330,255,309,138,0.0004120810706111,0.0046230327035513,0.0366748864718608,0.0816525191800541,0.223510255919557
2007,46,1,167,134,375,321,7.25297522060672e-05,0.0023762253033095,0.0149172363933197,0.0552930039608393,0.192621411107763
2007,46,7,497,389,684,459,0.0002469337255904,0.0035083695507631,0.0244103184174089,0.0647336140848984,0.200971780586379
2007,47,5,366,241,330,140,0.0003434008921759,0.0051273635439387,0.0346613632930136,0.0872017195126791,0.226749534990855
2007,47,4,164,138,417,289,0.0002901190088242,0.0023335386212141,0.0153625270319263,0.0614858204044533,0.173419276667114
2007,47,9,530,379,747,429,0.0003174862186162,0.0037413196416588,0.0237828038051362,0.0706959206453496,0.187836370090537
2007,48,9,358,238,321,151,0.0006181216059166,0.0050152900238526,0.0342298940404034,0.084823490798697,0.244565569882994
2007,48,9,155,158,387,306,0.0006527677698546,0.0022054785749279,0.0175889802249591,0.0570623800875861,0.183620410588709
2007,48,18,513,396,708,457,0.0006349724372324,0.0036213150493792,0.0248495786459998,0.0670049689650703,0.200096086553323
2007,49,10,359,235,313,128,0.0006868017843518,0.0050292992138634,0.0337984247877933,0.0827095097196017,0.207313860563068
2007,49,7,130,144,419,324,0.0005077082654424,0.0018497562241331,0.0160304629898361,0.0617807164255778,0.194421611211574
2007,49,17,489,379,732,452,0.0005996961907195,0.003451896801455,0.0237828038051362,0.0692763238452422,0.197906851470682
2007,50,5,332,231,319,132,0.0003434008921759,0.0046510510835728,0.0332231324509798,0.0842949955289232,0.213792418705664
2007,50,1,154,169,390,321,7.25297522060672e-05,0.0021912496808962,0.0188135294811271,0.0575047241192729,0.192621411107763
2007,50,6,486,400,709,453,0.0002116574790774,0.0034307195204645,0.0251005844909089,0.0670996087517441,0.19834469848721
2007,51,4,356,221,341,112,0.0002747207137407,0.0049872716438311,0.0317849016089461,0.0901084434964351,0.181399627992684
2007,51,6,172,159,402,304,0.0004351785132364,0.0024473697734684,0.0177003028846107,0.0592741002460197,0.182420277186168
2007,51,10,528,380,743,416,0.0003527624651291,0.0037272014543318,0.0238455552663634,0.0703173614986543,0.182144358875672
2007,52,7,348,266,327,160,0.0004807612490462,0.004875198123745,0.038256940398098,0.0864089766080184,0.259142325703835
2007,52,7,164,172,444,382,0.0005077082654424,0.0023335386212141,0.019147497460082,0.0654669166896337,0.229225479885251
2007,52,14,512,438,771,542,0.0004938674511808,0.0036142559557157,0.0274851400175452,0.0729672755255215,0.237313082958207
2008,1,8,373,278,332,158,0.0005498887604172,0.0052165938964575,0.0386267471526423,0.0865797466326234,0.232362576003305
2008,1,5,158,175,438,398,0.000362742934242,0.0022487934364213,0.0190048632017403,0.0648257517865229,0.218483641331212
2008,1,13,531,453,770,556,0.0004588408624883,0.0037457015957788,0.0276131034700846,0.0727019396627431,0.222256112755283
2008,2,7,376,234,345,151,0.0004811526653651,0.005258550415732,0.032513161272368,0.0899699174345032,0.22206803149683
2008,2,5,161,172,409,357,0.000362742934242,0.0022914920459736,0.0186790655468533,0.0605336358006573,0.195976532550861
2008,2,12,537,406,754,508,0.0004235454115277,0.0037880259075955,0.0247481677899654,0.0711912500074133,0.20306853467569
2008,3,4,376,258,349,133,0.0002749443802086,0.005258550415732,0.0358478444797903,0.0910130469120047,0.195596345623036
2008,3,6,158,164,461,334,0.0004352915210904,0.0022487934364213,0.017810271800488,0.068229843775313,0.183350593478956
2008,3,10,534,422,810,467,0.0003529545096064,0.0037668637516871,0.0257234650427719,0.0764786638010674,0.186679145066038
2008,4,4,350,233,322,154,0.0002749443802086,0.0048949272486867,0.0323742161387254,0.0839719229388697,0.226479979142462
2008,4,8,150,136,362,292,0.0005803886947872,0.0021349304776152,0.0147694936882096,0.0535774478235646,0.160294530825914
2008,4,12,500,369,684,446,0.0004235454115277,0.0035270259847258,0.0224927928928503,0.0645819827653458,0.178284579656216
2008,5,12,342,222,331,154,0.0008248331406259,0.0047830431972881,0.0308458196686568,0.086318964263248,0.226479979142462
2008,5,1,149,129,443,308,7.25485868484033e-05,0.0021206976077644,0.01400929916014,0.065565771784086,0.169077792788978
2008,5,13,491,351,774,462,0.0004588408624883,0.0034635395170007,0.021395583483443,0.0730796120765755,0.184680439016081
2008,6,7,314,243,333,139,0.0004811526653651,0.0043914490173932,0.0337636674751513,0.0868405290019988,0.2044202409143
2008,6,5,165,155,371,292,0.000362742934242,0.0023484235253767,0.0168328788358271,0.0549094838191781,0.160294530825914
2008,6,12,479,398,704,431,0.0004235454115277,0.0033788908933673,0.0242605191635621,0.0664703448345079,0.172288461506344
2008,7,6,336,254,321,140,0.0004124165703129,0.0046991301587392,0.0352920639452199,0.0837111405694943,0.205890890129511
2008,7,7,139,146,384,321,0.0005078401079388,0.0019783689092567,0.0158554858711662,0.056833535812842,0.176214193133967
2008,7,13,475,400,705,461,0.0004588408624883,0.0033506746854895,0.024382431320163,0.0665647629379661,0.184280697806089
2008,8,3,307,248,323,148,0.0002062082851564,0.0042935504724195,0.0344583931433643,0.084232705308245,0.217656083851198
2008,8,3,141,165,397,348,0.0002176457605452,0.0020068346489582,0.0179188710187837,0.058757587806506,0.191035947696637
2008,8,6,448,413,720,496,0.0002117727057638,0.0031602152823143,0.0251748603380683,0.0679810344898377,0.198271640155792
2008,9,8,351,250,307,128,0.0005498887604172,0.0049089127551115,0.0347362834106495,0.0800601873982391,0.188243099546982
2008,9,8,161,162,389,317,0.0005803886947872,0.0022914920459736,0.0175930733638967,0.0575735558104051,0.174018377643201
2008,9,16,512,412,696,445,0.0005647272153703,0.0036116746083592,0.0251139042597678,0.0657150000068431,0.177884838446225
2008,10,4,317,229,319,138,0.0002749443802086,0.0044334055366677,0.031818435604155,0.0831895758307436,0.20294959169909
2008,10,3,175,158,414,306,0.0002176457605452,0.0024907522238844,0.0171586764907141,0.0612736557982203,0.167979885043595
2008,10,7,492,387,733,444,0.0002470681567245,0.0034705935689701,0.0235900023022577,0.0692084698347931,0.177485097236233
2008,11,9,355,258,304,127,0.0006186248554694,0.0049648547808108,0.0358478444797903,0.079277840290113,0.186772450331771
2008,11,2,162,147,412,347,0.0001450971736968,0.0023057249158244,0.0159640850894618,0.0609776477991951,0.190486993823946
2008,11,11,517,405,716,474,0.0003882499605671,0.0036469448682064,0.024687211711665,0.0676033620760052,0.189477333535979
2008,12,3,348,262,306,138,0.0002062082851564,0.0048669562358371,0.0364036250143607,0.0797994050288637,0.20294959169909
2008,12,4,156,182,396,325,0.0002901943473936,0.0022203276967198,0.0197650577298099,0.0586095838069934,0.178410008624733
2008,12,7,504,444,702,463,0.0002470681567245,0.0035552421926036,0.0270644987653809,0.0662815086275917,0.185080180226072
2008,13,5,334,258,306,130,0.0003436804752608,0.0046711591458896,0.0358478444797903,0.0797994050288637,0.191184397977403
2008,13,6,164,159,406,335,0.0004352915210904,0.0023341906555259,0.0172672757090097,0.0600896238021194,0.183899547351648
2008,13,11,498,417,712,465,0.0003882499605671,0.0035129178807868,0.0254186846512699,0.0672256896621728,0.185879662646055
2008,14,8,377,244,348,169,0.0005498887604172,0.0052725359221568,0.0339026126087939,0.0907522645426293,0.248539717370624
2008,14,9,172,156,417,353,0.0006529372816356,0.0024480536143321,0.0169414780541228,0.0617176677967581,0.193780717060095
2008,14,17,549,400,765,522,0.0006000226663309,0.0038726745312289,0.024382431320163,0.0722298491454525,0.208664911615572
2008,15,6,342,247,346,148,0.0004124165703129,0.0047830431972881,0.0343194480097217,0.0902306998038786,0.217656083851198
2008,15,2,164,179,398,329,0.0001450971736968,0.0023341906555259,0.0194392600749229,0.0589055918060186,0.180605824115499
2008,15,8,506,426,744,477,0.0002823636076851,0.0035693502965425,0.0259672893559736,0.0702470689728323,0.190676557165953
2008,16,9,317,242,314,142,0.0006186248554694,0.0044334055366677,0.0336247223415087,0.0818856639838667,0.208832188559933
2008,16,2,149,151,396,308,0.0001450971736968,0.0021206976077644,0.0163984819626445,0.0586095838069934,0.169077792788978
2008,16,11,466,393,710,450,0.0003882499605671,0.0032871882177644,0.0239557387720601,0.0670368534552566,0.179883544496182
2008,17,4,356,225,311,153,0.0002749443802086,0.0049788402872356,0.0312626550695846,0.0811033168757406,0.225009329927252
2008,17,2,154,158,364,316,0.0001450971736968,0.0021918619570182,0.0171586764907141,0.0538734558225899,0.17346942377051
2008,17,6,510,383,675,469,0.0002117727057638,0.0035975665044203,0.023346177989056,0.0637322198342228,0.187478627486021
2008,18,8,351,245,330,131,0.0005498887604172,0.0049089127551115,0.0340415577424365,0.0860581818938727,0.192655047192614
2008,18,4,149,152,381,292,0.0002901943473936,0.0021206976077644,0.0165070811809401,0.0563895238143042,0.160294530825914
2008,18,12,500,397,711,423,0.0004235454115277,0.0035270259847258,0.0241995630852617,0.0671312715587147,0.169090531826412
2008,19,8,305,226,286,115,0.0005498887604172,0.0042655794595698,0.0314016002032272,0.0745837576413563,0.169124659749241
2008,19,1,176,146,362,302,7.25485868484033e-05,0.0025049850937351,0.0158554858711662,0.0535774478235646,0.165784069552829
2008,19,9,481,372,648,417,0.0003176590586458,0.0033929989973062,0.0226756611277516,0.0611829310408539,0.166692084566462
2008,20,9,332,223,314,144,0.0006186248554694,0.00464318813304,0.0309847648022994,0.0818856639838667,0.211773486990354
2008,20,6,144,168,388,284,0.0004352915210904,0.0020495332585106,0.0182446686736707,0.0574255518108925,0.155902899844382
2008,20,15,476,391,702,428,0.0005294317644096,0.0033577287374589,0.0238338266154593,0.0662815086275917,0.171089237876369
2008,21,8,353,211,312,123,0.0005498887604172,0.0049368837679612,0.0293174231985882,0.081364099245116,0.180889853470928
2008,21,2,127,161,359,273,0.0001450971736968,0.0018075744710475,0.0174844741456011,0.0531334358250268,0.149864407244776
2008,21,10,480,372,671,396,0.0003529545096064,0.0033859449453367,0.0226756611277516,0.0633545474203904,0.158297519156641
2008,22,4,316,248,319,116,0.0002749443802086,0.0044194200302428,0.0344583931433643,0.0831895758307436,0.170595308964452
2008,22,7,157,163,340,319,0.0005078401079388,0.0022345605665705,0.0177016725821924,0.0503213598342872,0.175116285388584
2008,22,11,473,411,659,435,0.0003882499605671,0.0033365665815506,0.0250529481814674,0.0622215301788931,0.17388742634631
2008,23,6,312,225,283,149,0.0004124165703129,0.0043634780045436,0.0312626550695846,0.0738014105332302,0.219126733066408
2008,23,6,144,143,371,271,0.0004352915210904,0.0020495332585106,0.0155296882162792,0.0549094838191781,0.148766499499393
2008,23,12,456,368,654,420,0.0004235454115277,0.0032166476980699,0.0224318368145499,0.0617494396616025,0.167891308196437
2008,24,5,339,207,288,122,0.0003436804752608,0.0047410866780137,0.0287616426640178,0.075105322380107,0.179419204255717
2008,24,9,141,146,355,249,0.0006529372816356,0.0020068346489582,0.0158554858711662,0.0525414198269764,0.13668951430018
2008,24,14,480,353,643,371,0.000494136313449,0.0033859449453367,0.0215174956400438,0.0607108405235634,0.148303988906853
2008,25,3,370,231,292,120,0.0002062082851564,0.0051746373771831,0.0320963258714402,0.0761484518576085,0.176477905825295
2008,25,9,174,177,341,293,0.0006529372816356,0.0024765193540336,0.0192220616383316,0.0504693638337998,0.160843484698606
2008,25,12,544,408,633,413,0.0004235454115277,0.0038374042713816,0.0248700799465662,0.0597666594889823,0.165093119726496
2008,26,4,355,253,331,111,0.0002749443802086,0.0049648547808108,0.0351531188115773,0.086318964263248,0.163242062888398
2008,26,2,160,152,370,286,0.0001450971736968,0.0022772591761228,0.0165070811809401,0.0547614798196655,0.157000807589765
2008,26,6,515,405,701,397,0.0002117727057638,0.0036328367642675,0.024687211711665,0.0661870905241336,0.158697260366632
2008,27,5,340,233,311,133,0.0003436804752608,0.0047550721844385,0.0323742161387254,0.0811033168757406,0.195596345623036
2008,27,8,124,158,378,320,0.0005803886947872,0.0017648758614952,0.0171586764907141,0.0559455118157664,0.175665239261276
2008,27,13,464,391,689,453,0.0004588408624883,0.0032730801138255,0.0238338266154593,0.0650540732826363,0.181082768126157
2008,28,7,334,202,291,121,0.0004811526653651,0.0046711591458896,0.0280669169958048,0.0758876694882332,0.177948555040506
2008,28,3,135,144,348,248,0.0002176457605452,0.0019214374298536,0.0156382874345749,0.0515053918303881,0.136140560427489
2008,28,10,469,346,639,369,0.0003529545096064,0.0033083503736728,0.021090803091941,0.0603331681097309,0.14750450648687
2008,29,4,317,219,281,127,0.0002749443802086,0.0044334055366677,0.030428984267729,0.0732798457944794,0.186772450331771
2008,29,4,111,123,323,244,0.0002901943473936,0.0015798485534352,0.013357703850366,0.0478052918425729,0.133944744936723
2008,29,8,428,342,604,371,0.0002823636076851,0.0030191342429252,0.0208469787787393,0.0570285344886972,0.148303988906853
2008,30,5,358,255,315,109,0.0003436804752608,0.0050068113000853,0.0354310090788625,0.0821464463532421,0.160300764457977
2008,30,6,155,147,366,255,0.0004352915210904,0.002206094826869,0.0159640850894618,0.0541694638216151,0.139983237536329
2008,30,11,513,402,681,364,0.0003882499605671,0.0036187286603286,0.0245043434767638,0.0642987284549715,0.145505800436912
2008,31,9,361,233,294,126,0.0006186248554694,0.0050487678193597,0.0323742161387254,0.0766700165963593,0.18530180111656
2008,31,5,150,160,406,337,0.000362742934242,0.0021349304776152,0.0173758749273054,0.0600896238021194,0.184997455097031
2008,31,14,511,393,700,463,0.000494136313449,0.0036046205563897,0.0239557387720601,0.0660926724206755,0.185080180226072
2008,32,2,331,234,290,129,0.0001374721901043,0.0046292026266151,0.032513161272368,0.0756268871188578,0.189713748762192
2008,32,3,146,115,338,282,0.0002176457605452,0.0020779989982121,0.0124889101040008,0.050025351835262,0.154804992098999
2008,32,5,477,349,628,411,0.0001764772548032,0.0033647827894284,0.0212736713268422,0.0592945689716917,0.164293637306513
2008,33,5,319,224,258,118,0.0003436804752608,0.0044613765495173,0.031123709935942,0.0672818512988459,0.173536607394874
2008,33,5,133,156,369,271,0.000362742934242,0.0018929716901521,0.0169414780541228,0.0546134758201529,0.148766499499393
2008,33,10,452,380,627,389,0.0003529545096064,0.0031884314901921,0.0231633097541548,0.0592001508682336,0.1554993306867
2008,34,7,309,227,273,122,0.0004811526653651,0.0043215214852691,0.0315405453368698,0.0711935868394765,0.179419204255717
2008,34,5,147,132,347,304,0.000362742934242,0.0020922318680629,0.0143350968150269,0.0513573878308755,0.166881977298212
2008,34,12,456,359,620,426,0.0004235454115277,0.0032166476980699,0.0218832321098463,0.0585392241440269,0.170289755456386
2008,35,8,354,198,296,117,0.0005498887604172,0.004950869274386,0.0275111364612344,0.07719158133511,0.172065958179663
2008,35,2,145,149,332,271,0.0001450971736968,0.0020637661283613,0.0161812835260531,0.0491373278381863,0.148766499499393
2008,35,10,499,347,628,388,0.0003529545096064,0.0035199719327563,0.0211517591702414,0.0592945689716917,0.155099589476708
2008,36,10,312,224,306,127,0.0006873609505216,0.0043634780045436,0.031123709935942,0.0797994050288637,0.186772450331771
2008,36,5,150,153,358,323,0.000362742934242,0.0021349304776152,0.0166156803992358,0.0529854318255142,0.17731210087935
2008,36,15,462,377,664,450,0.0005294317644096,0.0032589720098866,0.0229804415192536,0.0626936206961836,0.179883544496182
2008,37,3,356,196,287,100,0.0002062082851564,0.0049788402872356,0.0272332461939492,0.0748445400107317,0.147064921521079
2008,37,2,148,156,355,278,0.0001450971736968,0.0021064647379136,0.0169414780541228,0.0525414198269764,0.152609176608233
2008,37,5,504,352,642,378,0.0001764772548032,0.0035552421926036,0.0214565395617434,0.0606164224201053,0.151102177376793
2008,38,5,334,208,282,117,0.0003436804752608,0.0046711591458896,0.0289005877976604,0.0735406281638548,0.172065958179663
2008,38,2,151,139,359,261,0.0001450971736968,0.0021491633474659,0.0150952913430966,0.0531334358250268,0.143276960772478
2008,38,7,485,347,641,378,0.0002470681567245,0.003421215205184,0.0211517591702414,0.0605220043166471,0.151102177376793
2008,39,3,319,219,272,128,0.0002062082851564,0.0044613765495173,0.030428984267729,0.0709328044701011,0.188243099546982
2008,39,3,155,142,360,292,0.0002176457605452,0.002206094826869,0.0154210889979835,0.0532814398245394,0.160294530825914
2008,39,6,474,361,632,420,0.0002117727057638,0.00334362063352,0.0220051442664471,0.0596722413855242,0.167891308196437
2008,40,6,315,235,291,132,0.0004124165703129,0.004405434523818,0.0326521064060106,0.0758876694882332,0.194125696407825
2008,40,1,151,157,392,314,7.25485868484033e-05,0.0021491633474659,0.0170500772724184,0.0580175678089429,0.172371516025127
2008,40,7,466,392,683,446,0.0002470681567245,0.0032871882177644,0.0238947826937597,0.0644875646618877,0.178284579656216
2008,41,5,361,193,296,128,0.0003436804752608,0.0050487678193597,0.0268164107930214,0.07719158133511,0.188243099546982
2008,41,3,171,163,373,301,0.0002176457605452,0.0024338207444813,0.0177016725821924,0.0552054918182033,0.165235115680137
2008,41,8,532,356,669,429,0.0002823636076851,0.0037527556477482,0.021700363874945,0.0631657112134742,0.171488979086361
2008,42,2,340,222,277,127,0.0001374721901043,0.0047550721844385,0.0308458196686568,0.072236716316978,0.186772450331771
2008,42,1,127,152,366,310,7.25485868484033e-05,0.0018075744710475,0.0165070811809401,0.0541694638216151,0.170175700534361
2008,42,3,467,374,643,437,0.0001058863528819,0.0032942422697338,0.0227975732843524,0.0607108405235634,0.174686908766293
2008,43,6,317,245,297,129,0.0004124165703129,0.0044334055366677,0.0340415577424365,0.0774523637044854,0.189713748762192
2008,43,4,160,148,367,272,0.0002901943473936,0.0022772591761228,0.0160726843077575,0.0543174678211277,0.149315453372084
2008,43,10,477,393,664,401,0.0003529545096064,0.0033647827894284,0.0239557387720601,0.0626936206961836,0.160296225206598
2008,44,5,332,220,287,135,0.0003436804752608,0.00464318813304,0.0305679294013716,0.0748445400107317,0.198537644053457
2008,44,3,165,161,355,306,0.0002176457605452,0.0023484235253767,0.0174844741456011,0.0525414198269764,0.167979885043595
2008,44,8,497,381,642,441,0.0002823636076851,0.0035058638288174,0.0232242658324552,0.0606164224201053,0.176285873606259
2008,45,6,306,230,290,141,0.0004124165703129,0.0042795649659947,0.0319573807377976,0.0756268871188578,0.207361539344722
2008,45,6,158,148,345,307,0.0004352915210904,0.0022487934364213,0.0160726843077575,0.0510613798318503,0.168528838916286
2008,45,12,464,378,635,448,0.0004235454115277,0.0032730801138255,0.023041397597554,0.0599554956958985,0.179084062076199
2008,46,3,342,206,304,137,0.0002062082851564,0.0047830431972881,0.0286226975303752,0.079277840290113,0.201478942483879
2008,46,3,140,131,376,293,0.0002176457605452,0.0019926017791075,0.0142264975967313,0.0556495038167412,0.160843484698606
2008,46,6,482,337,680,430,0.0002117727057638,0.0034000530492756,0.0205421983872373,0.0642043103515133,0.171888720296352
2008,47,12,352,232,298,147,0.0008248331406259,0.0049228982615363,0.0322352710050828,0.0777131460738608,0.216185434635987
2008,47,2,147,135,347,309,0.0001450971736968,0.0020922318680629,0.0146608944699139,0.0513573878308755,0.169626746661669
2008,47,14,499,367,645,456,0.000494136313449,0.0035199719327563,0.0223708807362495,0.0608996767304796,0.182281991756132
2008,48,5,368,255,273,130,0.0003436804752608,0.0051466663643334,0.0354310090788625,0.0711935868394765,0.191184397977403
2008,48,0,180,173,375,318,0.0,0.0025619165731382,0.018787664765149,0.0555014998172286,0.174567331515893
2008,48,5,548,428,648,448,0.0001764772548032,0.0038656204792594,0.0260892015125744,0.0611829310408539,0.179084062076199
2008,49,8,331,233,329,149,0.0005498887604172,0.0046292026266151,0.0323742161387254,0.0857973995244973,0.219126733066408
2008,49,4,170,126,372,348,0.0002901943473936,0.0024195878746305,0.013683501505253,0.0550574878186907,0.191035947696637
2008,49,12,501,359,701,497,0.0004235454115277,0.0035340800366952,0.0218832321098463,0.0661870905241336,0.198671381365784
2008,50,8,339,221,279,152,0.0005498887604172,0.0047410866780137,0.0307068745350142,0.0727582810557287,0.223538680712041
2008,50,2,176,152,393,335,0.0001450971736968,0.0025049850937351,0.0165070811809401,0.0581655718084555,0.183899547351648
2008,50,10,515,373,672,487,0.0003529545096064,0.0036328367642675,0.022736617206052,0.0634489655238485,0.194673969265869
2008,51,8,328,281,316,147,0.0005498887604172,0.0045872461073407,0.0390435825535701,0.0824072287226175,0.216185434635987
2008,51,2,156,160,418,350,0.0001450971736968,0.0022203276967198,0.0173758749273054,0.0618656717962708,0.19213385544202
2008,51,10,484,441,734,497,0.0003529545096064,0.0034141611532145,0.0268816305304797,0.0693028879382512,0.198671381365784
2008,52,3,317,206,288,146,0.0002062082851564,0.0044334055366677,0.0286226975303752,0.075105322380107,0.214714785420776
2008,52,3,139,159,392,314,0.0002176457605452,0.0019783689092567,0.0172672757090097,0.0580175678089429,0.172371516025127
2008,52,6,456,365,680,460,0.0002117727057638,0.0032166476980699,0.0222489685796487,0.0642043103515133,0.183880956596098
2009,1,8,343,245,343,154,0.0005469476235199,0.0047977675306174,0.0325642200073843,0.0887303370225637,0.20911286352369
2009,1,2,159,144,397,312,0.0001442578093902,0.002268212798395,0.0150892938574129,0.0592857060551789,0.158595496685157
2009,1,10,502,389,740,466,0.0003509917701847,0.0035454274203781,0.0227928106746856,0.0700622781774558,0.172355547120044
2009,2,3,339,229,351,163,0.0002051053588199,0.0047418168888609,0.0304375770681265,0.0907998492563261,0.221333745158191
2009,2,2,160,185,444,382,0.0001442578093902,0.002282478287693,0.0193855511362596,0.0663044168476057,0.194177819659391
2009,2,5,499,414,795,545,0.0001754958850923,0.0035242396071089,0.0242576442656037,0.0752696096636181,0.201574620558849
2009,3,2,359,240,354,167,0.0001367369058799,0.0050215700976432,0.0318996440888663,0.091575916343987,0.226765248106858
2009,3,5,177,189,431,330,0.0003606445234757,0.0025249916057604,0.0198046981878544,0.0643630713092749,0.167745236878532
2009,3,7,536,429,785,497,0.0002456942391292,0.0037855559707623,0.0251365444201546,0.0743228221206795,0.183821259482107
2009,4,9,366,252,340,174,0.0006153160764599,0.0051194837207171,0.0334946262933096,0.0879542699349028,0.236270378267026
2009,4,3,148,168,447,429,0.0002163867140854,0.0021112924161161,0.0176041761669817,0.0667524196641435,0.218068807942091
2009,4,12,514,420,787,603,0.0004211901242216,0.0036301786734549,0.024609204327424,0.0745121796292672,0.22302659852658
2009,5,4,300,290,337,201,0.0002734738117599,0.0041962981317353,0.0385454032740467,0.0871782028472419,0.27293302317053
2009,5,10,172,157,445,397,0.0007212890469514,0.00245366415927,0.016451521775096,0.066453751119785,0.20180260315387
2009,5,14,472,447,782,598,0.0004913884782585,0.0033335492876862,0.0261912246056156,0.0740387858577979,0.221177290081086
2009,6,10,349,269,379,181,0.0006836845293998,0.0048816934932521,0.0357541844162709,0.0980431420744946,0.245775508427194
2009,6,1,158,171,488,432,7.21289046951459e-05,0.0022539473090969,0.0179185364556778,0.0728751248234945,0.219593764640987
2009,6,11,507,440,867,613,0.0003860909472031,0.0035807404424934,0.0257810712001585,0.0820864799727759,0.226725215417568
2009,7,9,381,249,371,179,0.0006153160764599,0.0053292986273038,0.0330958807421987,0.0959736298407321,0.24305975695286
2009,7,3,164,180,480,395,0.0002163867140854,0.0023395402448854,0.0188616173217661,0.0716804506460602,0.200785965354606
2009,7,12,545,429,851,574,0.0004211901242216,0.0038491194105699,0.0251365444201546,0.0805716199040742,0.212300609542715
2009,8,8,336,275,366,192,0.0005469476235199,0.0046998539075435,0.0365516755184926,0.0946801846946306,0.260712141536029
2009,8,5,138,164,490,396,0.0003606445234757,0.0019686375231352,0.0171850291153869,0.0731737933678531,0.201294284254238
2009,8,13,474,439,856,588,0.0004562893012401,0.0033476744965323,0.0257224778565218,0.0810450136755435,0.217478673190098
2009,9,8,366,265,361,164,0.0005469476235199,0.0051194837207171,0.0352225236814565,0.0933867395485291,0.222691620895358
2009,9,6,171,186,436,402,0.0004327734281708,0.0024393986699719,0.0194903378991583,0.0651097426701713,0.20434419765203
2009,9,14,537,451,797,566,0.0004913884782585,0.0037926185751854,0.0264255979801625,0.0754589671722058,0.209341716029924
2009,10,7,359,291,322,173,0.0004785791705799,0.0050215700976432,0.0386783184577503,0.0832978674089373,0.234912502529859
2009,10,5,148,185,462,399,0.0003606445234757,0.0021112924161161,0.0193855511362596,0.0689924337468329,0.202819240953134
2009,10,12,507,476,784,572,0.0004211901242216,0.0035807404424934,0.0278904315710806,0.0742281433663856,0.211560886164517
2009,11,2,334,251,347,141,0.0001367369058799,0.0046718785866653,0.033361711109606,0.0897650931394449,0.191460478940521
2009,11,6,173,168,427,352,0.0004327734281708,0.0024679296485681,0.0176041761669817,0.0637657342205577,0.178928252670434
2009,11,8,507,419,774,493,0.0002807934161477,0.0035807404424934,0.0245506109837873,0.073281355823447,0.182341812725711
2009,12,2,351,234,335,163,0.0001367369058799,0.0049096688141303,0.0311021529866446,0.0866608247888013,0.221333745158191
2009,12,2,181,162,377,351,0.0001442578093902,0.0025820535629528,0.0169754555895895,0.0562990206115931,0.178419933770802
2009,12,4,532,396,712,514,0.0001403967080738,0.00375730555307,0.0232029640801427,0.0674112730572278,0.190108908196786
2009,13,13,321,262,329,146,0.0008887898882198,0.0044900390009568,0.0348237781303457,0.0851086906134794,0.198249857626355
2009,13,4,144,162,382,353,0.0002885156187805,0.0020542304589237,0.0169754555895895,0.0570456919724896,0.179436571570066
2009,13,17,465,424,711,499,0.000596686009314,0.0032841110567247,0.0248435777019709,0.0673165943029339,0.184560982860304
2009,14,4,337,254,311,138,0.0002734738117599,0.0047138415679826,0.0337604566607168,0.080452288087514,0.187386851729021
2009,14,5,131,168,395,361,0.0003606445234757,0.0018687790980487,0.0176041761669817,0.0589870375108204,0.183503122767121
2009,14,9,468,422,706,499,0.0003158925931662,0.0033052988699939,0.0247263910146975,0.0668432005314646,0.184560982860304
2009,15,5,348,224,303,148,0.0003418422646999,0.0048677058328129,0.0297730011496085,0.0783827758537516,0.200965609100689
2009,15,10,149,157,394,320,0.0007212890469514,0.0021255579054141,0.016451521775096,0.0588377032386411,0.162662047882213
2009,15,15,497,381,697,468,0.000526487655277,0.0035101143982628,0.0223240639255918,0.0659910917428199,0.173095270498241
2009,16,7,351,240,271,142,0.0004785791705799,0.0049096688141303,0.0318996440888663,0.0701047269187019,0.192818354677688
2009,16,4,119,165,359,293,0.0002885156187805,0.0016975932264717,0.0172898158782856,0.0536110037123658,0.148937437592151
2009,16,11,470,405,630,435,0.0003860909472031,0.0033194240788401,0.0237303041728732,0.0596476152051313,0.160889834757981
2009,17,6,315,278,278,143,0.0004102107176399,0.0044061130383221,0.0369504210696034,0.071915550123244,0.194176230414855
2009,17,0,145,125,357,314,0.0,0.0020684959482218,0.0130983453623376,0.0533123351680073,0.159612134484421
2009,17,6,460,403,635,457,0.0002105950621108,0.0032487980346094,0.0236131174855997,0.0601210089766006,0.169026791918154
2009,18,7,311,217,299,149,0.0004785791705799,0.0043501623965656,0.0288425948636832,0.0773480197368704,0.202323484837855
2009,18,5,136,154,382,313,0.0003606445234757,0.0019401065445391,0.0161371614863999,0.0570456919724896,0.159103815584789
2009,18,12,447,371,681,462,0.0004211901242216,0.0031569841771096,0.0217381304892246,0.0644762316741181,0.170876100363648
2009,19,3,339,217,273,160,0.0002051053588199,0.0047418168888609,0.0288425948636832,0.0706221049771425,0.21726011794669
2009,19,6,140,150,369,285,0.0004327734281708,0.0019971685017314,0.0157180144348051,0.0551043464341588,0.144870886395096
2009,19,9,479,367,642,445,0.0003158925931662,0.0033829875186476,0.0215037571146777,0.0607837602566576,0.164588451648969
2009,20,8,322,241,264,134,0.0005469476235199,0.0045040266613959,0.0320325592725699,0.0682939037141598,0.181955348780353
2009,20,3,161,155,323,265,0.0002163867140854,0.0022967437769911,0.0162419482492986,0.0482349699139113,0.134704508402457
2009,20,11,483,396,587,399,0.0003860909472031,0.0034112379363399,0.0232029640801427,0.0555764287704954,0.147574813950424
2009,21,6,312,246,290,142,0.0004102107176399,0.0043641500570047,0.0326971351910879,0.0750198184738877,0.192818354677688
2009,21,6,141,139,347,325,0.0004327734281708,0.0020114339910295,0.0145653600429194,0.0518189924462143,0.165203642380372
2009,21,12,453,385,637,467,0.0004211901242216,0.003199359803648,0.0225584373001387,0.0603103664851883,0.172725408809142
2009,22,9,301,232,283,151,0.0006153160764599,0.0042102857921744,0.0308363226192374,0.0732089952693455,0.205039236312189
2009,22,6,141,127,352,343,0.0004327734281708,0.0020114339910295,0.013307918888135,0.0525656638071108,0.174353382573747
2009,22,15,442,359,635,494,0.000526487655277,0.0031216711549943,0.0210350103655839,0.0601210089766006,0.18271167441481
2009,23,5,337,254,312,150,0.0003418422646999,0.0047138415679826,0.0337604566607168,0.0807109771167343,0.203681360575022
2009,23,5,140,127,299,288,0.0003606445234757,0.0019971685017314,0.013307918888135,0.0446509473816083,0.146395843093991
2009,23,10,477,381,611,438,0.0003509917701847,0.0033688623098015,0.0223240639255918,0.057848718873548,0.161999419825277
2009,24,10,308,251,284,128,0.0006836845293998,0.0043081994152482,0.033361711109606,0.0734676842985658,0.173808094357352
2009,24,4,148,152,332,308,0.0002885156187805,0.0021112924161161,0.0159275879606025,0.049578978363525,0.15656222108663
2009,24,14,456,403,616,436,0.0004913884782585,0.0032205476169172,0.0236131174855997,0.0583221126450173,0.161259696447079
2009,25,5,356,232,255,141,0.0003418422646999,0.0049796071163259,0.0308363226192374,0.0659657024511771,0.191460478940521
2009,25,3,141,144,387,303,0.0002163867140854,0.0020114339910295,0.0150892938574129,0.057792363333386,0.15402062658847
2009,25,8,497,376,642,444,0.0002807934161477,0.0035101143982628,0.0220310972074082,0.0607837602566576,0.16421858995987
2009,26,1,332,211,304,152,6.83684529399889e-05,0.0046439032657871,0.0280451037614616,0.0786414648829719,0.206397112049356
2009,26,3,161,154,340,297,0.0002163867140854,0.0022967437769911,0.0161371614863999,0.0507736525409593,0.150970713190679
2009,26,4,493,365,644,449,0.0001403967080738,0.0034818639805705,0.0213865704274042,0.0609731177652453,0.166067898405364
2009,27,3,316,210,306,145,0.0002051053588199,0.0044201006987612,0.027912188577758,0.0791588429414125,0.196891981889188
2009,27,7,130,158,357,342,0.000504902332866,0.0018545136087506,0.0165563085379947,0.0533123351680073,0.173845063674115
2009,27,10,446,368,663,487,0.0003509917701847,0.0031499215726865,0.0215623504583144,0.0627720140968287,0.180122642591118
2009,28,6,294,217,278,133,0.0004102107176399,0.0041123721691006,0.0288425948636832,0.071915550123244,0.180597473043186
2009,28,7,130,151,322,300,0.000504902332866,0.0018545136087506,0.0158228011977038,0.048085635641732,0.152495669889574
2009,28,13,424,368,600,433,0.0004562893012401,0.0029945442753791,0.0215623504583144,0.0568072525763155,0.160150111379783
2009,29,7,308,235,260,146,0.0004785791705799,0.0043081994152482,0.0312350681703482,0.0672591475972786,0.198249857626355
2009,29,4,146,150,347,316,0.0002885156187805,0.0020827614375199,0.0157180144348051,0.0518189924462143,0.160628772283685
2009,29,11,454,385,607,462,0.0003860909472031,0.003206422408071,0.0225584373001387,0.0574700038563725,0.170876100363648
2009,30,4,314,233,273,135,0.0002734738117599,0.0043921253778829,0.030969237802941,0.0706221049771425,0.18331322451752
2009,30,4,128,138,334,306,0.0002885156187805,0.0018259826301544,0.0144605732800207,0.0498776469078835,0.155545583287366
2009,30,8,442,371,607,441,0.0002807934161477,0.0031216711549943,0.0217381304892246,0.0574700038563725,0.163109004892573
2009,31,7,301,218,281,147,0.0004785791705799,0.0042102857921744,0.0289755100473868,0.0726916172109049,0.199607733363522
2009,31,3,150,125,327,351,0.0002163867140854,0.0021398233947122,0.0130983453623376,0.0488323070026285,0.178419933770802
2009,31,10,451,343,608,498,0.0003509917701847,0.0031852345948018,0.0200975168673963,0.0575646826106664,0.184191121171205
2009,32,4,300,220,298,126,0.0002734738117599,0.0041962981317353,0.0292413404147941,0.0770893307076501,0.171092342883019
2009,32,5,161,121,338,302,0.0003606445234757,0.0022967437769911,0.0126791983107428,0.0504749839966007,0.153512307688838
2009,32,9,461,341,636,428,0.0003158925931662,0.0032558606390325,0.0199803301801228,0.0602156877308945,0.158300802934289
2009,33,4,307,221,255,142,0.0002734738117599,0.0042942117548091,0.0293742555984977,0.0659657024511771,0.192818354677688
2009,33,3,142,155,308,262,0.0002163867140854,0.0020256994803276,0.0162419482492986,0.0459949558312219,0.133179551703562
2009,33,7,449,376,563,404,0.0002456942391292,0.0031711093859557,0.0220310972074082,0.0533041386674427,0.149424122395918
2009,34,9,335,228,308,129,0.0006153160764599,0.0046858662471044,0.0303046618844229,0.0796762209998531,0.175165970094519
2009,34,3,145,175,369,314,0.0002163867140854,0.0020684959482218,0.0183376835072726,0.0551043464341588,0.159612134484421
2009,34,12,480,403,677,443,0.0004211901242216,0.0033900501230707,0.0236131174855997,0.0640975166569427,0.163848728270771
2009,35,5,333,235,245,120,0.0003418422646999,0.0046578909262262,0.0312350681703482,0.0633788121589741,0.162945088460018
2009,35,6,125,149,331,304,0.0004327734281708,0.0017831861622602,0.0156132276719064,0.0494296440913457,0.154528945488102
2009,35,11,458,384,576,424,0.0003860909472031,0.0032346728257633,0.022499843956502,0.0545349624732629,0.156821356177894
2009,36,5,321,213,264,151,0.0003418422646999,0.0044900390009568,0.0283109341288688,0.0682939037141598,0.205039236312189
2009,36,4,126,143,334,288,0.0002885156187805,0.0017974516515583,0.0149845070945142,0.0498776469078835,0.146395843093991
2009,36,9,447,356,598,439,0.0003158925931662,0.0031569841771096,0.0208592303346737,0.0566178950677278,0.162369281514376
2009,37,5,293,230,315,141,0.0003418422646999,0.0040983845086615,0.0305704922518302,0.0814870442043952,0.191460478940521
2009,37,3,138,123,358,287,0.0002163867140854,0.0019686375231352,0.0128887718365402,0.0534616694401866,0.14588752419436
2009,37,8,431,353,673,428,0.0002807934161477,0.0030439825063406,0.0206834503037635,0.0637188016397672,0.158300802934289
2009,38,7,353,267,261,133,0.0004785791705799,0.0049376441350085,0.0354883540488637,0.0675178366264989,0.180597473043186
2009,38,4,150,147,343,303,0.0002885156187805,0.0021398233947122,0.015403654146109,0.0512216553574972,0.15402062658847
2009,38,11,503,414,604,436,0.0003860909472031,0.0035524900248012,0.0242576442656037,0.057185967593491,0.161259696447079
2009,39,1,307,249,288,134,6.83684529399889e-05,0.0042942117548091,0.0330958807421987,0.0745024404154471,0.181955348780353
2009,39,5,133,159,379,323,0.0003606445234757,0.0018973100766448,0.0166610953008934,0.0565976891559517,0.164187004581108
2009,39,6,440,408,667,457,0.0002105950621108,0.0031075459461481,0.0239060842037833,0.0631507291140041,0.169026791918154
2009,40,3,312,256,286,131,0.0002051053588199,0.0043641500570047,0.034026287028124,0.0739850623570065,0.177881721568853
2009,40,4,150,137,324,330,0.0002885156187805,0.0021398233947122,0.014355786517122,0.0483843041860906,0.167745236878532
2009,40,7,462,393,610,461,0.0002456942391292,0.0032629232434556,0.0230271840492325,0.0577540401192541,0.170506238674549
2009,41,5,311,211,309,153,0.0003418422646999,0.0043501623965656,0.0280451037614616,0.0799349100290734,0.207754987786523
2009,41,6,161,139,362,344,0.0004327734281708,0.0022967437769911,0.0145653600429194,0.0540590065289037,0.174861701473379
2009,41,11,472,350,671,497,0.0003860909472031,0.0033335492876862,0.0205076702728534,0.0635294441311795,0.183821259482107
2009,42,5,349,220,319,159,0.0003418422646999,0.0048816934932521,0.0292413404147941,0.0825218003212764,0.215902242209524
2009,42,5,144,169,366,336,0.0003606445234757,0.0020542304589237,0.0177089629298804,0.0546563436176209,0.170795150276323
2009,42,10,493,389,685,495,0.0003509917701847,0.0034818639805705,0.0227928106746856,0.0648549466912936,0.183081536103909
2009,43,5,369,266,307,149,0.0003418422646999,0.0051614467020344,0.0353554388651601,0.0794175319706328,0.202323484837855
2009,43,3,133,163,372,344,0.0002163867140854,0.0018973100766448,0.0170802423524882,0.0555523492506966,0.174861701473379
2009,43,8,502,429,679,493,0.0002807934161477,0.0035454274203781,0.0251365444201546,0.0642868741655304,0.182341812725711
2009,44,6,347,231,294,161,0.0004102107176399,0.0048537181723738,0.0307034074355338,0.0760545745907689,0.218617993683857
2009,44,2,143,155,351,317,0.0001442578093902,0.0020399649696257,0.0162419482492986,0.0524163295349315,0.161137091183317
2009,44,8,490,386,645,478,0.0002807934161477,0.0034606761673013,0.0226170306437754,0.0610677965195392,0.176793887389229
2009,45,3,313,245,317,145,0.0002051053588199,0.0043781377174438,0.0325642200073843,0.0820044222628358,0.196891981889188
2009,45,8,130,168,359,358,0.0005770312375611,0.0018545136087506,0.0176041761669817,0.0536110037123658,0.181978166068226
2009,45,11,443,413,676,503,0.0003860909472031,0.0031287337594173,0.024199050921967,0.0640028379026488,0.186040429616699
2009,46,7,312,289,313,159,0.0004785791705799,0.0043641500570047,0.0384124880903431,0.0809696661459546,0.215902242209524
2009,46,6,163,161,377,340,0.0004327734281708,0.0023252747555873,0.0168706688266908,0.0562990206115931,0.172828425874851
2009,46,13,475,450,690,499,0.0004562893012401,0.0033547371009554,0.0263670046365258,0.0653283404627629,0.184560982860304
2009,47,5,332,216,307,153,0.0003418422646999,0.0046439032657871,0.0287096796799796,0.0794175319706328,0.207754987786523
2009,47,8,144,142,349,339,0.0005770312375611,0.0020542304589237,0.0148797203316155,0.0521176609905729,0.172320106975219
2009,47,13,476,358,656,492,0.0004562893012401,0.0033617997053784,0.0209764170219472,0.0621092628167716,0.181971951036612
2009,48,5,301,249,314,138,0.0003418422646999,0.0042102857921744,0.0330958807421987,0.0812283551751749,0.187386851729021
2009,48,5,160,162,397,319,0.0003606445234757,0.002282478287693,0.0169754555895895,0.0592857060551789,0.162153728982581
2009,48,10,461,411,711,457,0.0003509917701847,0.0032558606390325,0.0240818642346935,0.0673165943029339,0.169026791918154
2009,49,8,333,246,300,151,0.0005469476235199,0.0046578909262262,0.0326971351910879,0.0776067087660907,0.205039236312189
2009,49,2,178,161,417,300,0.0001442578093902,0.0025392570950585,0.0168706688266908,0.0622723914987648,0.152495669889574
2009,49,10,511,407,717,451,0.0003509917701847,0.0036089908601857,0.0238474908601466,0.0678846668286971,0.166807621783561
2009,50,7,352,275,310,169,0.0004785791705799,0.0049236564745694,0.0365516755184926,0.0801935990582937,0.229480999581192
2009,50,5,142,167,391,350,0.0003606445234757,0.0020256994803276,0.017499389404083,0.0583897004221032,0.17791161487117
2009,50,12,494,442,701,519,0.0004211901242216,0.0034889265849936,0.025898257887432,0.0663698067599953,0.19195821664228
2009,51,5,361,226,326,157,0.0003418422646999,0.0050495454185215,0.0300388315170157,0.0843326235258185,0.21318649073519
2009,51,8,167,176,394,369,0.0005770312375611,0.0023823367127796,0.0184424702701713,0.0588377032386411,0.187569673964177
2009,51,13,528,402,720,526,0.0004562893012401,0.0037290551353778,0.023554524141963,0.0681687030915786,0.194547248465972
2009,52,9,349,270,326,180,0.0006153160764599,0.0048816934932521,0.0358870995999745,0.0843326235258185,0.244417632690027
2009,52,2,192,165,429,377,0.0001442578093902,0.0027389739452317,0.0172898158782856,0.0640644027649163,0.191636225161232
2009,52,11,541,435,755,557,0.0003860909472031,0.0038208689928776,0.0254881044819749,0.0714824594918637,0.206012960828035
2009,53,2,390,261,300,135,0.0001367369058799,0.0054551875712559,0.0346908629466421,0.0776067087660907,0.18331322451752
2009,53,3,154,170,378,332,0.0002163867140854,0.0021968853519046,0.0178137496927791,0.0564483548837724,0.168761874677796
2009,53,5,544,431,678,467,0.0001754958850923,0.0038420568061468,0.025253731107428,0.0641921954112365,0.172725408809142
2010,1,7,356,242,322,140,0.0004708642360107,0.0049897371173239,0.0308333212424698,0.0828411924537548,0.178089002519279
2010,1,5,164,159,389,371,0.0003546171564644,0.0023494399330199,0.0160703450837073,0.058650979079821,0.177803927752096
2010,1,12,520,401,711,511,0.0004142789021153,0.003684015887678,0.0226009053273859,0.0675893387451939,0.177881939618574
2010,2,5,323,270,274,142,0.0003363315971505,0.0045272053058866,0.0344008129564746,0.070492194820897,0.180633131126697
2010,2,4,154,192,374,357,0.0002836937251715,0.0022061814005187,0.019405699723722,0.0563893732027071,0.171094345572771
2010,2,9,477,462,648,499,0.0003107091765865,0.0033793761123508,0.0260389482824246,0.0616004099956198,0.173704672934771
2010,3,10,355,256,331,150,0.000672663194301,0.0049757210018258,0.0326170670994722,0.0851566295099157,0.19080964555637
2010,3,3,162,182,391,360,0.0002127702938786,0.0023207882265197,0.0183949861964448,0.0589525265301029,0.172532113182627
2010,3,13,517,438,722,510,0.0004488021439583,0.0036627619498645,0.0246862756443766,0.0686350247173418,0.17753383406159
2010,4,9,338,239,339,163,0.0006053968748709,0.0047374470383581,0.0304510899873978,0.0872147957820587,0.207346481504589
2010,4,6,154,142,369,346,0.0004255405877573,0.0022061814005187,0.0143521320873361,0.0556355045770025,0.165822531003302
2010,4,15,492,381,708,509,0.0005178486276442,0.0034856458014184,0.0214736781290125,0.0673041516618809,0.177185728504607
2010,5,5,342,273,318,152,0.0003363315971505,0.0047935115003505,0.0347830442115465,0.0818121093176834,0.193353774163788
2010,5,4,131,177,399,366,0.0002836937251715,0.0018766867757659,0.0178896294328062,0.0601587163312303,0.175407648402337
2010,5,9,473,450,717,518,0.0003107091765865,0.0033510375285994,0.0253626119634006,0.06815971291182,0.180318678517458
2010,6,5,352,258,310,175,0.0003363315971505,0.0049336726553315,0.0328718879361868,0.0797539430455404,0.222611253149098
2010,6,3,156,177,399,418,0.0002127702938786,0.002234833107019,0.0178896294328062,0.0601587163312303,0.200328953639827
2010,6,8,508,435,709,593,0.0002761859347435,0.0035990001364239,0.0245171915646206,0.0673992140229852,0.206426595291221
2010,7,10,313,257,335,160,0.000672663194301,0.0043870441509055,0.0327444775178295,0.0861857126459872,0.203530288593461
2010,7,2,149,171,408,388,0.0001418468625857,0.0021345521342681,0.0172832013164399,0.0615156798574987,0.185951277541275
2010,7,12,462,428,743,548,0.0004142789021153,0.0032731064232831,0.0241226620451899,0.0706313343005332,0.190761845226963
2010,8,7,331,290,349,150,0.0004708642360107,0.0046393342298714,0.0369490213236208,0.0897875036222374,0.19080964555637
2010,8,7,144,154,381,348,0.0004964640190502,0.0020629228680175,0.0155649883200687,0.0574447892786936,0.166781042743206
2010,8,14,475,444,730,498,0.0004833253858012,0.0033652068204751,0.0250244438038886,0.0693955236061766,0.173356567377788
2010,9,4,323,258,330,161,0.0002690652777204,0.0045272053058866,0.0328718879361868,0.0848993587258978,0.204802352897171
2010,9,7,128,150,395,380,0.0004964640190502,0.0018337092160156,0.0151607029091578,0.0595556214306666,0.182117230581661
2010,9,11,451,408,725,541,0.0003797556602724,0.0031951753179669,0.0229954348468166,0.0689202118006548,0.188325106328079
2010,10,4,340,251,307,173,0.0002690652777204,0.0047654792693543,0.0319800150076856,0.0789821306934868,0.22006712454168
2010,10,10,142,170,394,399,0.0007092343129289,0.0020342711615173,0.0171821299637122,0.0594048477055257,0.191223092110744
2010,10,14,482,421,701,572,0.0004833253858012,0.00341479934204,0.0237281325257593,0.0666387151341504,0.199116378594568
2010,11,2,345,254,332,144,0.0001345326388602,0.0048355598468448,0.0323622462627575,0.0854139002939336,0.183177259734115
2010,11,6,147,164,382,365,0.0004255405877573,0.0021059004277679,0.0165757018473459,0.0575955630038345,0.174928392532385
2010,11,8,492,418,714,509,0.0002761859347435,0.0034856458014184,0.0235590484460033,0.067874525828507,0.177185728504607
2010,12,8,328,248,310,154,0.0005381305554408,0.0045972858833771,0.0315977837526137,0.0797539430455404,0.195897902771207
2010,12,3,151,161,373,365,0.0002127702938786,0.0021632038407684,0.0162724877891627,0.0562385994775662,0.174928392532385
2010,12,11,479,409,683,519,0.0003797556602724,0.0033935454042265,0.0230517962067352,0.0649275926342721,0.180666784074442
2010,13,5,325,235,315,135,0.0003363315971505,0.0045552375368828,0.0299414483139686,0.0810402969656297,0.171728681000733
2010,13,2,145,166,368,344,0.0001418468625857,0.0020772487212676,0.0167778445528013,0.0554847308518615,0.164864019263399
2010,13,7,470,401,683,479,0.0002416626929006,0.0033297835907859,0.0226009053273859,0.0649275926342721,0.166742561795101
2010,14,12,314,231,303,156,0.0008071958331612,0.0044010602664036,0.0294318066405393,0.0779530475574153,0.198442031378625
2010,14,5,134,162,382,323,0.0003546171564644,0.0019196643355163,0.0163735591418904,0.0575955630038345,0.154799645994412
2010,14,17,448,393,685,479,0.0005868951113301,0.0031739213801533,0.0221500144480366,0.0651177173564808,0.166742561795101
2010,15,3,330,225,264,145,0.0002017989582903,0.0046253181143733,0.0286673441303955,0.0679194869807183,0.184449324037824
2010,15,2,140,148,369,322,0.0001418468625857,0.002005619455017,0.0149585602037024,0.0556355045770025,0.15432039012446
2010,15,5,470,373,633,467,0.0001726162092147,0.0033297835907859,0.0210227872496632,0.0601744745790545,0.162565295111299
2010,16,3,344,263,294,172,0.0002017989582903,0.0048215437313467,0.0335089400279734,0.0756376105012544,0.218795060237971
2010,16,3,143,178,364,331,0.0002127702938786,0.0020485970147674,0.0179907007855339,0.0548816359512978,0.158633692954026
2010,16,6,487,441,658,503,0.0002071394510576,0.0034502225717292,0.0248553597241326,0.0625510336066633,0.175097095162705
2010,17,4,321,253,319,152,0.0002690652777204,0.0044991730748904,0.0322348358444002,0.0820693801017012,0.193353774163788
2010,17,5,137,151,413,329,0.0003546171564644,0.0019626418952666,0.0152617742618855,0.0622695484832033,0.157675181214123
2010,17,9,458,404,732,481,0.0003107091765865,0.0032447678395318,0.0227699894071419,0.0695856483283853,0.167438772909068
2010,18,4,299,231,264,148,0.0002690652777204,0.0041908185339321,0.0294318066405393,0.0679194869807183,0.188265516948952
2010,18,2,129,151,355,314,0.0001418468625857,0.0018480350692657,0.0152617742618855,0.0535246724250295,0.150486343164846
2010,18,6,428,382,619,462,0.0002071394510576,0.0030322284613965,0.0215300394889312,0.0588436015235936,0.160824767326382
2010,19,3,297,233,270,143,0.0002017989582903,0.0041627863029359,0.029686627477254,0.0694631116848255,0.181905195430406
2010,19,4,167,157,336,294,0.0002836937251715,0.0023924174927703,0.0158682023782518,0.0506599716473518,0.140901225765812
2010,19,7,464,390,606,437,0.0002416626929006,0.0032872757151588,0.0219809303682805,0.057607790829237,0.152122128401794
2010,20,2,326,223,310,161,0.0001345326388602,0.0045692536523809,0.0284125232936808,0.0797539430455404,0.204802352897171
2010,20,7,142,174,347,333,0.0004964640190502,0.0020342711615173,0.0175864153746231,0.052318482623902,0.15959220469393
2010,20,9,468,397,657,494,0.0003107091765865,0.0033156142989102,0.0223754598877112,0.0624559712455589,0.171964145149854
2010,21,9,311,253,318,125,0.0006053968748709,0.0043590119199093,0.0322348358444002,0.0818121093176834,0.159008037963642
2010,21,2,143,141,329,333,0.0001418468625857,0.0020485970147674,0.0142510607346083,0.0496045555713653,0.15959220469393
2010,21,11,454,394,647,458,0.0003797556602724,0.0032164292557804,0.0222063758079552,0.0615053476345154,0.159432345098448
2010,22,4,320,258,277,149,0.0002690652777204,0.0044851569593923,0.0328718879361868,0.0712640071729506,0.189537581252661
2010,22,5,121,176,306,312,0.0003546171564644,0.0017334282432647,0.0177885580800785,0.046136759893124,0.149527831424943
2010,22,9,441,434,583,461,0.0003107091765865,0.0031243288585884,0.0244608302047019,0.0554213565238369,0.160476661769398
2010,23,12,321,249,334,182,0.0008071958331612,0.0044991730748904,0.031725194170971,0.0859284418619693,0.231515703275062
2010,23,7,142,169,395,372,0.0004964640190502,0.0020342711615173,0.0170810586109845,0.0595556214306666,0.178283183622047
2010,23,19,463,418,729,554,0.000655941595016,0.003280191069221,0.0235590484460033,0.0693004612450722,0.192850478568865
2010,24,4,310,255,296,146,0.0002690652777204,0.0043449958044112,0.0324896566811149,0.0761521520692902,0.185721388341534
2010,24,6,170,122,296,295,0.0004255405877573,0.0024353950525207,0.0123307050327817,0.0446290226417147,0.141380481635763
2010,24,10,480,377,592,441,0.0003452324184294,0.0034006300501643,0.0212482326893379,0.0562769177737761,0.153514550629728
2010,25,8,321,227,275,161,0.0005381305554408,0.0044991730748904,0.0289221649671101,0.0707494656049149,0.204802352897171
2010,25,4,139,121,333,325,0.0002836937251715,0.0019912936017669,0.012229633680054,0.0502076504719291,0.155758157734316
2010,25,12,460,348,608,486,0.0004142789021153,0.0032589371314075,0.0196137532516965,0.0577979155514457,0.169179300693986
2010,26,7,366,245,293,136,0.0004708642360107,0.0051298982723049,0.0312155524975417,0.0753803397172366,0.173000745304442
2010,26,6,149,164,350,350,0.0004255405877573,0.0021345521342681,0.0165757018473459,0.0527708037993248,0.167739554483109
2010,26,13,515,409,643,486,0.0004488021439583,0.0036485926579888,0.0230517962067352,0.061125098190098,0.169179300693986
2010,27,4,323,227,282,168,0.0002690652777204,0.0045272053058866,0.0289221649671101,0.07255036109304,0.213706803023134
2010,27,6,156,161,318,324,0.0004255405877573,0.002234833107019,0.0162724877891627,0.0479460445948151,0.155278901864364
2010,27,10,479,388,600,492,0.0003452324184294,0.0033935454042265,0.0218682076484432,0.0570374166626109,0.171267934035887
2010,28,3,336,247,350,153,0.0002017989582903,0.0047094148073619,0.0314703733342564,0.0900447744062553,0.194625838467497
2010,28,8,167,176,379,399,0.0005673874503431,0.0023924174927703,0.0177885580800785,0.0571432418284117,0.191223092110744
2010,28,11,503,423,729,552,0.0003797556602724,0.0035635769067347,0.0238408552455966,0.0693004612450722,0.192154267454897
2010,29,5,333,235,298,153,0.0003363315971505,0.0046673664608676,0.0299414483139686,0.0766666936373259,0.194625838467497
2010,29,3,126,143,343,319,0.0002127702938786,0.0018050575095153,0.0144532034400638,0.0517153877233383,0.152882622514605
2010,29,8,459,378,641,472,0.0002761859347435,0.0032518524854696,0.0213045940492565,0.0609349734678893,0.164305822896217
2010,30,2,326,231,260,139,0.0001345326388602,0.0045692536523809,0.0294318066405393,0.0668904038446468,0.17681693821557
2010,30,5,150,115,308,277,0.0003546171564644,0.0021488779875182,0.0116232055636877,0.0464383073434059,0.132753875976632
2010,30,7,476,346,568,416,0.0002416626929006,0.0033722914664129,0.0195010305318591,0.0539954211072717,0.14481191170514
2010,31,2,324,240,272,136,0.0001345326388602,0.0045412214213847,0.0305785004057552,0.0699776532528612,0.173000745304442
2010,31,4,128,153,323,297,0.0002836937251715,0.0018337092160156,0.015463916967341,0.0486999132205198,0.142338993375667
2010,31,6,452,393,595,433,0.0002071394510576,0.0032022599639047,0.0221500144480366,0.0565621048570892,0.15072970617386
2010,32,7,310,225,322,166,0.0004708642360107,0.0043449958044112,0.0286673441303955,0.0828411924537548,0.211162674415716
2010,32,2,136,148,326,347,0.0001418468625857,0.0019483160420165,0.0149585602037024,0.0491522343959426,0.166301786873254
2010,32,9,446,373,648,513,0.0003107091765865,0.0031597520882777,0.0210227872496632,0.0616004099956198,0.178578150732541
2010,33,3,336,222,296,153,0.0002017989582903,0.0047094148073619,0.0282851128753235,0.0761521520692902,0.194625838467497
2010,33,3,139,152,338,302,0.0002127702938786,0.0019912936017669,0.0153628456146132,0.0509615190976337,0.144735272725426
2010,33,6,475,374,634,455,0.0002071394510576,0.0033652068204751,0.0210791486095819,0.0602695369401589,0.158388028427497
2010,34,7,310,235,283,148,0.0004708642360107,0.0043449958044112,0.0299414483139686,0.0728076318770578,0.188265516948952
2010,34,7,134,165,309,323,0.0004964640190502,0.0019196643355163,0.0166767732000736,0.0465890810685468,0.154799645994412
2010,34,14,444,400,592,471,0.0004833253858012,0.003145582796402,0.0225445439674672,0.0562769177737761,0.163957717339233
2010,35,4,313,228,267,135,0.0002690652777204,0.0043870441509055,0.0290495753854674,0.0686912993327719,0.171728681000733
2010,35,4,127,151,284,295,0.0002836937251715,0.0018193833627654,0.0152617742618855,0.0428197379400236,0.141380481635763
2010,35,8,440,379,551,430,0.0002761859347435,0.0031172442126506,0.0213609554091752,0.0523793609684977,0.149685389502909
2010,36,9,343,210,282,158,0.0006053968748709,0.0048075276158486,0.0267561878550358,0.07255036109304,0.200986159986043
2010,36,4,170,134,353,323,0.0002836937251715,0.0024353950525207,0.0135435612655143,0.0532231249747476,0.154799645994412
2010,36,13,513,344,635,481,0.0004488021439583,0.0036344233661131,0.0193883078120218,0.0603645993012632,0.167438772909068
2010,37,3,324,240,316,140,0.0002017989582903,0.0045412214213847,0.0305785004057552,0.0812975677496476,0.178089002519279
2010,37,2,165,161,318,341,0.0001418468625857,0.0023637657862701,0.0162724877891627,0.0479460445948151,0.163426251653543
2010,37,5,489,401,634,481,0.0001726162092147,0.0034643918636049,0.0226009053273859,0.0602695369401589,0.167438772909068
2010,38,7,357,267,316,154,0.0004708642360107,0.005003753232822,0.0340185817014026,0.0812975677496476,0.195897902771207
2010,38,1,134,170,368,360,7.09234312928951e-05,0.0019196643355163,0.0171821299637122,0.0554847308518615,0.172532113182627
2010,38,8,491,437,684,514,0.0002761859347435,0.0034785611554806,0.0246299142844579,0.0650226549953764,0.178926256289524
2010,39,4,324,199,287,144,0.0002690652777204,0.0045412214213847,0.0253546732531053,0.0738367150131293,0.183177259734115
2010,39,4,134,177,350,373,0.0002836937251715,0.0019196643355163,0.0178896294328062,0.0527708037993248,0.178762439491999
2010,39,8,458,376,637,517,0.0002761859347435,0.0032447678395318,0.0211918713294192,0.0605547240234719,0.179970572960475
2010,40,4,318,272,316,148,0.0002690652777204,0.004457124728396,0.0346556337931892,0.0812975677496476,0.188265516948952
2010,40,4,121,166,376,390,0.0002836937251715,0.0017334282432647,0.0167778445528013,0.056690920652989,0.186909789281179
2010,40,8,439,438,692,538,0.0002761859347435,0.0031101595667128,0.0246862756443766,0.0657831538842112,0.187280789657128
2010,41,6,321,254,300,151,0.0004035979165806,0.0044991730748904,0.0323622462627575,0.0771812352053617,0.192081709860079
2010,41,6,150,140,364,379,0.0004255405877573,0.0021488779875182,0.0141499893818806,0.0548816359512978,0.18163797471171
2010,41,12,471,394,664,530,0.0004142789021153,0.0033368682367237,0.0222063758079552,0.0631214077732894,0.18449594520126
2010,42,6,318,270,310,194,0.0004035979165806,0.004457124728396,0.0344008129564746,0.0797539430455404,0.246780474919572
2010,42,2,135,145,353,354,0.0001418468625857,0.0019339901887664,0.0146553461455192,0.0532231249747476,0.169656577962916
2010,42,8,453,415,663,548,0.0002761859347435,0.0032093446098426,0.0233899643662472,0.063026345412185,0.190761845226963
2010,43,10,310,210,307,155,0.000672663194301,0.0043449958044112,0.0267561878550358,0.0789821306934868,0.197169967074916
2010,43,3,160,174,333,373,0.0002127702938786,0.0022921365200195,0.0175864153746231,0.0502076504719291,0.178762439491999
2010,43,13,470,384,640,528,0.0004488021439583,0.0033297835907859,0.0216427622087685,0.060839911106785,0.183799734087293
2010,44,4,339,281,304,162,0.0002690652777204,0.0047514631538562,0.035802327558405,0.0782103183414331,0.20607441720088
2010,44,5,148,164,361,374,0.0003546171564644,0.002120226281018,0.0165757018473459,0.054429314775875,0.179241695361951
2010,44,9,487,445,665,536,0.0003107091765865,0.0034502225717292,0.0250808051638073,0.0632164701343938,0.186584578543161
2010,45,4,330,243,294,144,0.0002690652777204,0.0046253181143733,0.0309607316608271,0.0756376105012544,0.183177259734115
2010,45,5,123,146,387,312,0.0003546171564644,0.0017620799497649,0.0147564174982469,0.0583494316295392,0.149527831424943
2010,45,9,453,389,681,456,0.0003107091765865,0.0032093446098426,0.0219245690083619,0.0647374679120634,0.158736133984481
2010,46,4,329,204,294,151,0.0002690652777204,0.0046113019988752,0.0259917253448919,0.0756376105012544,0.192081709860079
2010,46,4,150,168,331,347,0.0002836937251715,0.0021488779875182,0.0169799872582567,0.0499061030216472,0.166301786873254
2010,46,8,479,372,625,498,0.0002761859347435,0.0033935454042265,0.0209664258897445,0.0594139756902197,0.173356567377788
2010,47,7,337,236,339,159,0.0004708642360107,0.00472343092286,0.0300688587323259,0.0872147957820587,0.202258224289752
2010,47,4,137,164,311,301,0.0002836937251715,0.0019626418952666,0.0165757018473459,0.0468906285188286,0.144256016855474
2010,47,11,474,400,650,460,0.0003797556602724,0.0033581221745372,0.0225445439674672,0.0617905347178285,0.160128556212415
2010,48,4,332,256,303,154,0.0002690652777204,0.0046533503453695,0.0326170670994722,0.0779530475574153,0.195897902771207
2010,48,4,152,157,380,344,0.0002836937251715,0.0021775296940185,0.0158682023782518,0.0572940155535527,0.164864019263399
2010,48,8,484,413,683,498,0.0002761859347435,0.0034289686339157,0.0232772416464099,0.0649275926342721,0.173356567377788
2010,49,4,333,251,329,181,0.0002690652777204,0.0046673664608676,0.0319800150076856,0.08464208794188,0.230243638971353
2010,49,3,129,170,349,352,0.0002127702938786,0.0018480350692657,0.0171821299637122,0.0526200300741839,0.168698066223013
2010,49,7,462,421,678,533,0.0002416626929006,0.0032731064232831,0.0237281325257593,0.0644522808287503,0.185540261872211
2010,50,6,327,265,305,169,0.0004035979165806,0.004583269767879,0.033763760864688,0.078467589125451,0.214978867326844
2010,50,5,148,162,372,364,0.0003546171564644,0.002120226281018,0.0163735591418904,0.0560878257524252,0.174449136662434
2010,50,11,475,427,677,533,0.0003797556602724,0.0033652068204751,0.0240663006852713,0.064357218467646,0.185540261872211
2010,51,2,316,262,334,179,0.0001345326388602,0.0044290924973998,0.0333815296096161,0.0859284418619693,0.227699510363935
2010,51,4,137,178,403,374,0.0002836937251715,0.0019626418952666,0.0179907007855339,0.060761811231794,0.179241695361951
2010,51,6,453,440,737,553,0.0002071394510576,0.0032093446098426,0.0247989983642139,0.0700609601339071,0.192502373011881
2010,52,4,334,291,308,159,0.0002690652777204,0.0046813825763657,0.0370764317419781,0.0792394014775046,0.202258224289752
2010,52,7,142,149,376,422,0.0004964640190502,0.0020342711615173,0.0150596315564301,0.056690920652989,0.202245977119634
2010,52,11,476,440,684,581,0.0003797556602724,0.0033722914664129,0.0247989983642139,0.0650226549953764,0.202249328607419
2011,1,5,366,284,321,177,0.0003309052991115,0.0051560054605065,0.0343528677227445,0.0825908771606121,0.211174996004079
2011,1,4,146,185,361,400,0.000279072820293,0.0021060908808069,0.0178729145373578,0.0550428317462344,0.181996858756229
2011,1,9,512,469,682,577,0.0003056728832977,0.0036491166458662,0.0251906771231749,0.0652934199276711,0.190052228660551
2011,2,8,331,252,308,167,0.0005294484785784,0.0046629448290373,0.0304821220638437,0.0792460752818334,0.199244205269385
2011,2,5,135,176,361,374,0.0003488410253663,0.0019474128007461,0.0170034213977025,0.0550428317462344,0.170167062937074
2011,2,13,466,428,669,541,0.0004415274980967,0.0033212663222142,0.0229885070548377,0.0640488239466451,0.178194550615872
2011,3,7,312,256,309,174,0.0004632674187561,0.0043952833433826,0.0309659652712063,0.0795033677340472,0.20759575878367
2011,3,6,156,155,383,381,0.0004186092304396,0.0022503436808622,0.0149746040718403,0.0583972425451739,0.173352007965308
2011,3,13,468,411,692,555,0.0004415274980967,0.0033355206841121,0.0220754121484539,0.0662508014515372,0.182805869855469
2011,4,3,322,243,288,155,0.0001985431794669,0.0045361578095167,0.0293934748472779,0.0741002262375585,0.184927256387752
2011,4,6,151,172,374,373,0.0004186092304396,0.0021782172808345,0.0166169800023002,0.0570249835819714,0.169712070790183
2011,4,9,473,415,662,528,0.0003056728832977,0.0033711565888569,0.0222902580087795,0.0633786568799388,0.17391261132196
2011,5,8,393,265,300,154,0.0005294484785784,0.0055363665190685,0.0320546124877721,0.0771877356641235,0.183734177314283
2011,5,6,161,216,382,389,0.0004186092304396,0.0023224700808898,0.0208678353517258,0.0582447693270403,0.176991945140433
2011,5,14,554,481,682,543,0.0004754911517965,0.0039484582457224,0.0258352147041517,0.0652934199276711,0.178853310507243
2011,6,9,349,286,347,170,0.0005956295384008,0.0049165188680786,0.0345947893264258,0.0892804809181695,0.202823442489793
2011,6,5,144,178,384,403,0.0003488410253663,0.0020772403207958,0.0171966420954037,0.0585497157633075,0.183361835196901
2011,6,14,493,464,731,573,0.0004754911517965,0.003513700207836,0.0249221197977679,0.0699845893946152,0.188734708877809
2011,7,3,351,260,342,167,0.0001985431794669,0.0049446937613054,0.0314498084785689,0.0879940186571008,0.199244205269385
2011,7,2,162,201,381,383,0.0001395364101465,0.0023368953608953,0.0194186801189671,0.0580922961089067,0.174261992259089
2011,7,5,513,461,723,550,0.0001698182684987,0.0036562438268152,0.0247609854025237,0.0692186841755223,0.181158970127042
2011,8,8,350,309,338,200,0.0005294484785784,0.004930606314692,0.0373768877687607,0.0869648488482458,0.238615814693874
2011,8,5,187,181,374,346,0.0003488410253663,0.0026975273610335,0.0174864731419554,0.0570249835819714,0.157427282824138
2011,8,13,537,490,712,546,0.0004415274980967,0.0038272961695902,0.0263186178898842,0.0681655644992695,0.1798414503443
2011,9,3,378,256,336,175,0.0001985431794669,0.0053250548198674,0.0309659652712063,0.0864502639438183,0.20878883785714
2011,9,2,175,177,377,376,0.0001395364101465,0.0025244240009672,0.0171000317465531,0.0574824032363722,0.171077047230855
2011,9,5,553,433,713,551,0.0001698182684987,0.0039413310647735,0.0232570643802446,0.0682613026516561,0.181488350072727
2011,10,4,308,285,318,197,0.0002647242392892,0.004338933556929,0.0344738285245851,0.0818189998039709,0.235036577473466
2011,10,0,158,172,366,404,0.0,0.0022791942408732,0.0166169800023002,0.0558051978369025,0.183816827343791
2011,10,4,466,457,684,601,0.000135854614799,0.0033212663222142,0.0245461395421981,0.0654848962324443,0.197957347357004
2011,11,9,375,263,334,170,0.0005956295384008,0.0052827924800272,0.0318126908840908,0.0859356790393908,0.202823442489793
2011,11,3,165,169,398,400,0.0002093046152198,0.0023801712009119,0.0163271489557484,0.0606843408171781,0.181996858756229
2011,11,12,540,432,732,570,0.000407563844397,0.003848677712437,0.0232033529151632,0.0700803275470018,0.187746569040752
2011,12,6,340,248,314,149,0.0003970863589338,0.004789731848558,0.0299982788564811,0.0807898299951159,0.177768781946936
2011,12,6,160,159,330,368,0.0004186092304396,0.0023080448008843,0.0153610454672426,0.0503161619840924,0.167437110055731
2011,12,12,500,407,644,517,0.000407563844397,0.0035635904744787,0.0218605662881283,0.0616553701369797,0.170289431919419
2011,13,5,296,267,319,186,0.0003309052991115,0.0041698841975681,0.0322965340914534,0.0820762922561846,0.221912707665303
2011,13,3,147,156,386,331,0.0002093046152198,0.0021205161608124,0.0150712144206909,0.0588546621995747,0.150602400620779
2011,13,8,443,423,705,517,0.000271709229598,0.0031573411603881,0.0227199497294307,0.0674953974325632,0.170289431919419
2011,14,7,304,263,308,158,0.0004632674187561,0.0042825837704753,0.0318126908840908,0.0792460752818334,0.188506493608161
2011,14,2,128,154,356,380,0.0001395364101465,0.0018464358407074,0.0148779937229897,0.0542804656555663,0.172897015818417
2011,14,9,432,417,664,538,0.0003056728832977,0.0030789421699496,0.0223976809389423,0.063570133184712,0.177206410778815
2011,15,3,323,260,311,140,0.0001985431794669,0.0045502452561301,0.0314498084785689,0.0800179526384747,0.167031070285712
2011,15,4,129,144,357,353,0.000279072820293,0.0018608611207129,0.0139118902344839,0.0544329388737,0.160612227852372
2011,15,7,452,404,668,493,0.0002377455758982,0.0032214857889288,0.0216994318928841,0.0639530857942585,0.162384313222966
2011,16,7,364,253,321,162,0.0004632674187561,0.0051278305672797,0.0306030828656844,0.0825908771606121,0.193278809902038
2011,16,4,164,166,347,362,0.000279072820293,0.0023657459209064,0.0160373179091967,0.0529082066923638,0.164707157174387
2011,16,11,528,419,668,524,0.0003736001906972,0.0037631515410495,0.0225051038691051,0.0639530857942585,0.172595091539218
2011,17,3,287,265,285,150,0.0001985431794669,0.0040430971780474,0.0320546124877721,0.0733283488809173,0.178961861020406
2011,17,2,126,164,345,330,0.0001395364101465,0.0018175852806964,0.0158440972114955,0.0526032602560966,0.150147408473889
2011,17,5,413,429,630,480,0.0001698182684987,0.0029435257319194,0.023042218519919,0.0603150360035671,0.158102373929055
2011,18,7,270,254,275,152,0.0004632674187561,0.0038036105856195,0.030724043667525,0.0707554243587798,0.181348019167344
2011,18,1,139,156,334,359,6.97682050732675e-05,0.0020051139207682,0.0150712144206909,0.0509260548566268,0.163342180733715
2011,18,8,409,410,609,511,0.000271709229598,0.0029150170081236,0.0220217006833725,0.0583045348034482,0.168313152245306
2011,19,4,306,270,288,125,0.0002647242392892,0.0043107586637022,0.0326594164969754,0.0741002262375585,0.149134884183671
2011,19,6,130,146,352,382,0.0004186092304396,0.0018752864007185,0.0141051109321851,0.0536705727830319,0.173807000112199
2011,19,10,436,416,640,507,0.0003396365369975,0.0031074508937454,0.0223439694738609,0.0612724175274333,0.166995632462564
2011,20,4,298,244,302,137,0.0002647242392892,0.0041980590907949,0.0295144356491185,0.077702320568551,0.163451833065304
2011,20,1,135,146,340,350,6.97682050732675e-05,0.0019474128007461,0.0141051109321851,0.0518408941654285,0.1592472514117
2011,20,5,433,390,642,487,0.0001698182684987,0.0030860693508986,0.0209474713817446,0.0614638938322065,0.160408033548853
2011,21,2,308,217,255,160,0.0001323621196446,0.004338933556929,0.026248493999421,0.0656095753145049,0.190892651755099
2011,21,2,117,161,331,339,0.0001395364101465,0.0016877577606466,0.0155542661649438,0.050468635202226,0.154242337795904
2011,21,4,425,378,586,499,0.000135854614799,0.0030290519033069,0.0203029338007678,0.0561025572985561,0.16436059289708
2011,22,9,313,202,281,151,0.0005956295384008,0.004409370789996,0.0244340819718112,0.0722991790720623,0.180154940093875
2011,22,8,142,156,326,332,0.0005581456405861,0.0020483897607848,0.0150712144206909,0.0497062691115579,0.15105739276767
2011,22,17,455,358,607,483,0.0005773821128957,0.0032428673317756,0.0192287044991399,0.058113058498675,0.159090513766111
2011,23,7,310,226,278,155,0.0004632674187561,0.0043671084501558,0.0273371412159868,0.0715273017154211,0.184927256387752
2011,23,4,139,143,323,346,0.000279072820293,0.0020051139207682,0.0138152798856333,0.0492488494571571,0.157427282824138
2011,23,11,449,369,601,501,0.0003736001906972,0.0032001042460819,0.0198195306150353,0.0575386295843553,0.165019352788451
2011,24,2,322,219,274,138,0.0001323621196446,0.0045361578095167,0.0264904156031023,0.0704981319065661,0.164644912138773
2011,24,2,142,148,308,323,0.0001395364101465,0.0020483897607848,0.0142983316298862,0.0469617511851529,0.146962463445655
2011,24,4,464,367,582,461,0.000135854614799,0.0033070119603163,0.0197121076848725,0.0557196046890096,0.151844154961029
2011,25,2,320,221,262,151,0.0001323621196446,0.0045079829162898,0.0267323372067836,0.0674106224800012,0.180154940093875
2011,25,5,133,150,319,305,0.0003488410253663,0.001918562240735,0.0144915523275874,0.0486389565846226,0.138772604801625
2011,25,7,453,371,581,456,0.0002377455758982,0.0032286129698777,0.0199269535451981,0.055623866536623,0.150197255232602
2011,26,6,304,253,302,142,0.0003970863589338,0.0042825837704753,0.0306030828656844,0.077702320568551,0.169417228432651
2011,26,5,146,151,331,296,0.0003488410253663,0.0021060908808069,0.014588162676438,0.050468635202226,0.134677675479609
2011,26,11,450,404,633,438,0.0003736001906972,0.0032072314270308,0.0216994318928841,0.0606022504607269,0.144268416210262
2011,27,6,330,238,274,142,0.0003970863589338,0.0046488573824239,0.0287886708380746,0.0704981319065661,0.169417228432651
2011,27,3,147,161,340,307,0.0002093046152198,0.0021205161608124,0.0155542661649438,0.0518408941654285,0.139682589095406
2011,27,9,477,399,614,449,0.0003056728832977,0.0033996653126527,0.0214308745674772,0.0587832255653813,0.147891595612803
2011,28,8,321,251,287,183,0.0005294484785784,0.0045220703629032,0.0303611612620031,0.0738429337853448,0.218333470444895
2011,28,6,135,154,368,320,0.0004186092304396,0.0019474128007461,0.0148779937229897,0.0561101442731697,0.145597487004983
2011,28,14,456,405,655,503,0.0004754911517965,0.0032499945127246,0.0217531433579655,0.0627084898132325,0.165678112679822
2011,29,6,290,241,237,162,0.0003970863589338,0.0040853595178877,0.0291515532435966,0.0609783111746575,0.193278809902038
2011,29,2,126,138,325,332,0.0001395364101465,0.0018175852806964,0.0133322281413804,0.0495537958934243,0.15105739276767
2011,29,8,416,379,562,494,0.000271709229598,0.0029649072747663,0.0203566452658492,0.0538048416412773,0.162713693168652
2011,30,6,327,240,287,137,0.0003970863589338,0.0046065950425837,0.0290305924417559,0.0738429337853448,0.163451833065304
2011,30,3,130,155,302,304,0.0002093046152198,0.0018752864007185,0.0149746040718403,0.0460469118763512,0.138317612654734
2011,30,9,457,395,589,441,0.0003056728832977,0.0032571216936735,0.0212160287071516,0.0563897717557159,0.145256556047319
2011,31,5,313,255,323,165,0.0003309052991115,0.004409370789996,0.0308450044693657,0.0831054620650396,0.196858047122446
2011,31,2,130,158,310,360,0.0001395364101465,0.0018752864007185,0.015264435118392,0.0472666976214201,0.163797172880606
2011,31,7,443,413,633,525,0.0002377455758982,0.0031573411603881,0.0221828350786167,0.0606022504607269,0.172924471484903
2011,32,3,302,260,278,132,0.0001985431794669,0.0042544088772485,0.0314498084785689,0.0715273017154211,0.157486437697957
2011,32,2,136,118,310,297,0.0001395364101465,0.0019618380807516,0.0114000211643687,0.0472666976214201,0.1351326676265
2011,32,5,438,378,588,429,0.0001698182684987,0.0031217052556434,0.0203029338007678,0.0562940336033293,0.141303996699093
2011,33,6,302,246,288,167,0.0003970863589338,0.0042544088772485,0.0297563572527998,0.0741002262375585,0.199244205269385
2011,33,3,138,136,316,331,0.0002093046152198,0.0019906886407627,0.0131390074436792,0.0481815369302218,0.150602400620779
2011,33,9,440,382,604,498,0.0003056728832977,0.0031359596175413,0.0205177796610934,0.0578258440415151,0.164031212951394
2011,34,6,327,255,293,170,0.0003970863589338,0.0046065950425837,0.0308450044693657,0.0753866884986273,0.202823442489793
2011,34,4,150,169,330,374,0.000279072820293,0.002163792000829,0.0163271489557484,0.0503161619840924,0.170167062937074
2011,34,10,477,424,623,544,0.0003396365369975,0.0033996653126527,0.0227736611945121,0.0596448689368608,0.179182690452929
2011,35,9,264,247,260,128,0.0005956295384008,0.0037190859059391,0.0298773180546405,0.0668960375755737,0.152714121404079
2011,35,9,124,151,305,322,0.0006279138456594,0.0017887347206853,0.014588162676438,0.0465043315307521,0.146507471298764
2011,35,18,388,398,565,450,0.0006113457665955,0.0027653462081955,0.0213771631023958,0.0540920560984372,0.148220975558489
2011,36,5,279,241,272,135,0.0003309052991115,0.0039303976051402,0.0291515532435966,0.0699835470021386,0.161065674918365
2011,36,6,128,163,347,329,0.0004186092304396,0.0018464358407074,0.015747486862645,0.0529082066923638,0.149692416326998
2011,36,11,407,404,619,464,0.0003736001906972,0.0029007626462257,0.0216994318928841,0.0592619163273143,0.152832294798086
2011,37,5,319,225,282,173,0.0003309052991115,0.0044938954696764,0.0272161804141462,0.0725564715242761,0.206402679710201
2011,37,5,132,175,328,294,0.0003488410253663,0.0019041369607295,0.0169068110488519,0.0500112155478252,0.133767691185828
2011,37,10,451,400,610,467,0.0003396365369975,0.0032143586079798,0.0214845860325586,0.0584002729558348,0.153820434635143
2011,38,3,286,271,246,157,0.0001985431794669,0.004029009731434,0.032780377298816,0.0632939432445812,0.187313414534691
2011,38,3,150,153,321,318,0.0002093046152198,0.002163792000829,0.0147813833741391,0.0489439030208899,0.144687502711202
2011,38,6,436,424,567,475,0.0002037819221985,0.0031074508937454,0.0227736611945121,0.0542835324032104,0.156455474200627
2011,39,7,293,245,259,153,0.0004632674187561,0.0041276218577279,0.0296353964509592,0.0666387451233599,0.182541098240814
2011,39,1,136,155,334,348,6.97682050732675e-05,0.0019618380807516,0.0149746040718403,0.0509260548566268,0.158337267117919
2011,39,8,429,400,593,501,0.000271709229598,0.0030575606271027,0.0214845860325586,0.0567727243652624,0.165019352788451
2011,40,8,288,263,294,167,0.0005294484785784,0.0040571846246609,0.0318126908840908,0.075643980950841,0.199244205269385
2011,40,3,150,164,318,319,0.0002093046152198,0.002163792000829,0.0158440972114955,0.048486483366489,0.145142494858093
2011,40,11,438,427,612,486,0.0003736001906972,0.0031217052556434,0.0229347955897563,0.058591749260608,0.160078653603168
2011,41,5,331,259,280,157,0.0003309052991115,0.0046629448290373,0.0313288476767282,0.0720418866198486,0.187313414534691
2011,41,6,149,180,368,381,0.0004186092304396,0.0021493667208235,0.0173898627931049,0.0561101442731697,0.173352007965308
2011,41,11,480,439,648,538,0.0003736001906972,0.0034210468554996,0.023579333170733,0.0620383227465262,0.177206410778815
2011,42,2,315,250,327,200,0.0001323621196446,0.0044375456832228,0.0302402004601624,0.0841346318738946,0.238615814693874
2011,42,2,143,155,353,375,0.0001395364101465,0.0020628150407903,0.0149746040718403,0.0538230460011655,0.170622055083965
2011,42,4,458,405,680,575,0.000135854614799,0.0032642488746225,0.0217531433579655,0.0651019436228978,0.18939346876918
2011,43,3,297,272,296,171,0.0001985431794669,0.0041839716441815,0.0329013381006567,0.0761585658552685,0.204016521563262
2011,43,8,126,163,364,348,0.0005581456405861,0.0018175852806964,0.015747486862645,0.0555002514006352,0.158337267117919
2011,43,11,423,435,660,519,0.0003736001906972,0.003014797541409,0.0233644873104074,0.0631871805751655,0.17094819181079
2011,44,6,302,274,305,162,0.0003970863589338,0.0042544088772485,0.033143259704338,0.0784741979251922,0.193278809902038
2011,44,3,147,181,369,338,0.0002093046152198,0.0021205161608124,0.0174864731419554,0.0562626174913033,0.153787345649013
2011,44,9,449,455,674,500,0.0003056728832977,0.0032001042460819,0.0244387166120354,0.0645275147085781,0.164689972842765
2011,45,4,308,227,292,164,0.0002647242392892,0.004338933556929,0.0274581020178275,0.0751293960464135,0.195664968048977
2011,45,1,137,182,352,354,6.97682050732675e-05,0.0019762633607571,0.017583083490806,0.0536705727830319,0.161067219999263
2011,45,5,445,409,644,518,0.0001698182684987,0.0031715955222861,0.0219679892182911,0.0616553701369797,0.170618811865105
2011,46,3,308,275,337,149,0.0001985431794669,0.004338933556929,0.0332642205061786,0.086707556396032,0.177768781946936
2011,46,4,133,141,334,351,0.000279072820293,0.001918562240735,0.0136220591879321,0.0509260548566268,0.159702243558591
2011,46,7,441,416,671,500,0.0002377455758982,0.0031430867984902,0.0223439694738609,0.0642403002514183,0.164689972842765
2011,47,2,303,262,306,167,0.0001323621196446,0.0042684963238619,0.0316917300822502,0.0787314903774059,0.199244205269385
2011,47,4,133,177,335,352,0.000279072820293,0.001918562240735,0.0171000317465531,0.0510785280747605,0.160157235705481
2011,47,6,436,439,641,519,0.0002037819221985,0.0031074508937454,0.023579333170733,0.0613681556798199,0.17094819181079
2011,48,5,318,251,335,171,0.0003309052991115,0.004479808023063,0.0303611612620031,0.0861929714916045,0.204016521563262
2011,48,5,145,148,357,381,0.0003488410253663,0.0020916656008014,0.0142983316298862,0.0544329388737,0.173352007965308
2011,48,10,463,399,692,552,0.0003396365369975,0.0032998847793673,0.0214308745674772,0.0662508014515372,0.181817730018413
2011,49,5,339,276,302,179,0.0003309052991115,0.0047756444019446,0.0333851813080193,0.077702320568551,0.213561154151017
2011,49,5,147,173,374,354,0.0003488410253663,0.0021205161608124,0.0167135903511508,0.0570249835819714,0.161067219999263
2011,49,10,486,449,676,533,0.0003396365369975,0.0034638099411933,0.024116447821547,0.0647189910133514,0.175559511050388
2011,50,7,327,250,295,142,0.0004632674187561,0.0046065950425837,0.0302402004601624,0.0759012734030547,0.169417228432651
2011,50,4,145,173,339,405,0.000279072820293,0.0020916656008014,0.0167135903511508,0.0516884209472949,0.184271819490682
2011,50,11,472,423,634,547,0.0003736001906972,0.0033640294079079,0.0227199497294307,0.0606979886131136,0.180170830289985
2011,51,2,312,305,312,218,0.0001323621196446,0.0043952833433826,0.0368930445613981,0.0802752450906884,0.260091238016323
2011,51,2,125,165,366,428,0.0001395364101465,0.0018031600006908,0.0159407075603461,0.0558051978369025,0.194736638869165
2011,51,4,437,470,678,646,0.000135854614799,0.0031145780746944,0.0252443885882563,0.0649104673181246,0.212779444912853
2011,52,3,344,263,329,184,0.0001985431794669,0.0048460816350116,0.0318126908840908,0.0846492167783221,0.219526549518364
2011,52,3,165,178,391,385,0.0002093046152198,0.0023801712009119,0.0171966420954037,0.0596170282902428,0.17517197655287
2011,52,6,509,441,720,569,0.0002037819221985,0.0036277351030193,0.0236867561008958,0.0689314697183624,0.187417189095067
2012,1,4,345,285,331,196,0.0002615742499228,0.0049049951688987,0.032300517361189,0.0850659467987789,0.221272709620688
2012,1,5,154,177,356,409,0.0003446113218437,0.0022462877082021,0.0161372377547877,0.0548325281914218,0.178111616525924
2012,1,9,499,462,687,605,0.0003020020243575,0.0035926673039169,0.0233429911993604,0.0661620546358349,0.190126156492879
2012,2,4,316,289,307,180,0.0002615742499228,0.0044926912271652,0.032753857955732,0.0788980231638221,0.203209631284305
2012,2,7,130,182,375,398,0.0004824558505812,0.0018962168965342,0.0165930919286518,0.0577589833477055,0.1733213285509
2012,2,11,446,471,682,578,0.0003691135853258,0.0032110813978897,0.0237977247941531,0.0656805258539147,0.181641187525429
2012,3,7,297,289,303,177,0.000457754937365,0.0042225610584432,0.032753857955732,0.0778700358913293,0.199822804096233
2012,3,2,142,169,349,368,0.0001378445287375,0.0020712523023682,0.0154078710766052,0.0537543605022646,0.160256906800832
2012,3,9,439,458,652,545,0.0003020020243575,0.0031606832593578,0.0231408873794525,0.0627913531623935,0.171270669898544
2012,4,4,329,286,275,164,0.0002615742499228,0.0046775171320802,0.0324138525098248,0.0706741249838797,0.185146552947922
2012,4,1,136,162,351,407,6.89222643687538e-05,0.0019837345994512,0.0147696752331955,0.0540624084134524,0.17724065507592
2012,4,5,465,448,626,571,0.0001677789024208,0.0033478763453334,0.0226356278296828,0.0602874034964085,0.17944138075609
2012,5,7,317,309,301,181,0.000457754937365,0.0045069086044664,0.035020560928447,0.0773560422550829,0.204338573680329
2012,5,5,142,193,351,395,0.0003446113218437,0.0020712523023682,0.0175959711111527,0.0540624084134524,0.172014886375893
2012,5,12,459,502,652,576,0.00040266936581,0.0033046779408775,0.0253640293984392,0.0627913531623935,0.181012671305617
2012,6,3,338,322,319,192,0.0001961806874421,0.0048054735277906,0.0364939178607118,0.0819819849813005,0.216756940036592
2012,6,3,169,164,360,411,0.0002067667931062,0.0024650819654945,0.0149520169027412,0.0554486240137973,0.178982577975929
2012,6,6,507,486,679,603,0.000201334682905,0.0036502651765248,0.0245556141188077,0.0653916085847626,0.189497640273068
2012,7,8,332,285,330,189,0.0005231484998457,0.0047201692639837,0.032300517361189,0.0848089499806557,0.21337011284852
2012,7,3,149,179,417,429,0.0002067667931062,0.0021733562891046,0.0163195794243334,0.0642279894826486,0.18682123102597
2012,7,11,481,464,747,618,0.0003691135853258,0.0034630720905492,0.0234440431093143,0.0719404000188772,0.194211511921652
2012,8,7,300,279,320,194,0.000457754937365,0.0042652131903467,0.0316205064693745,0.0822389817994237,0.21901482482864
2012,8,8,155,177,398,436,0.00055137811495,0.0022608739920216,0.0161372377547877,0.0613015343263648,0.189869596100985
2012,8,15,455,456,718,630,0.0005033367072625,0.0032758790045736,0.0230398354694986,0.0691475330837401,0.197982609240519
2012,9,5,322,289,317,184,0.0003269678124035,0.0045779954909721,0.032753857955732,0.0814679913450541,0.207725400868401
2012,9,11,135,192,376,412,0.0007581449080562,0.0019691483156317,0.0175048002763799,0.0579130073032994,0.179418058700931
2012,9,16,457,481,693,596,0.0005368924877467,0.0032902784727255,0.0243029843439228,0.0667398891741391,0.187297833503729
2012,10,8,305,272,313,178,0.0005231484998457,0.0043363000768525,0.0308271604289242,0.0804400040725613,0.200951746492257
2012,10,3,155,188,381,430,0.0002067667931062,0.0022608739920216,0.0171401169372887,0.0586831270812688,0.187256711750972
2012,10,11,460,460,694,608,0.0003691135853258,0.0033118776749535,0.0232419392894065,0.0668361949305231,0.191068930822596
2012,11,3,321,261,306,189,0.0001961806874421,0.004563778113671,0.029580473793931,0.0786410263456989,0.21337011284852
2012,11,2,144,178,354,436,0.0001378445287375,0.0021004248700072,0.0162284085895605,0.054524480280234,0.189869596100985
2012,11,5,465,439,660,625,0.0001677789024208,0.0033478763453334,0.0221808942348901,0.0635617992134658,0.196411318690991
2012,12,5,320,304,332,169,0.0003269678124035,0.0045495607363698,0.0344538851852683,0.0853229436169021,0.190791264928042
2012,12,2,129,177,342,436,0.0001378445287375,0.0018816306127148,0.0161372377547877,0.0526761928131074,0.189869596100985
2012,12,7,449,481,674,605,0.0002348904633891,0.0032326806001177,0.0243029843439228,0.0649100798028424,0.190126156492879
2012,13,2,312,304,336,197,0.0001307871249614,0.0044358217179606,0.0344538851852683,0.0863509308893949,0.222401652016712
2012,13,4,149,187,390,405,0.000275689057475,0.0021733562891046,0.0170489461025158,0.0600693426816138,0.176369693625915
2012,13,6,461,491,726,602,0.000201334682905,0.0033190774090295,0.0248082438936925,0.0699179791348124,0.189183382163163
2012,14,2,282,273,309,168,0.0001307871249614,0.0040093003989259,0.03094049557756,0.0794120168000685,0.189662322532018
2012,14,6,119,175,362,393,0.0004135335862125,0.0017357677745198,0.0159548960852421,0.0557566719249851,0.171143924925888
2012,14,8,401,448,671,561,0.0002684462438733,0.0028870933644703,0.0226356278296828,0.0646211625336903,0.176298799657034
2012,15,6,316,263,321,213,0.0003923613748842,0.0044926912271652,0.0298071440912025,0.0824959786175469,0.240464730353094
2012,15,4,145,187,374,439,0.000275689057475,0.0021150111538267,0.0170489461025158,0.0576049593921117,0.191176038275992
2012,15,10,461,450,695,652,0.0003355578048416,0.0033190774090295,0.0227366797396367,0.0669325006869072,0.204896287658442
2012,16,2,336,272,321,200,0.0001307871249614,0.0047770387731883,0.0308271604289242,0.0824959786175469,0.225788479204784
2012,16,4,129,152,355,373,0.000275689057475,0.0018816306127148,0.0138579668854674,0.0546785042358279,0.162434310425843
2012,16,6,465,424,676,573,0.000201334682905,0.0033478763453334,0.0214230049102355,0.0651026913156104,0.180069896975901
2012,17,5,346,318,297,206,0.0003269678124035,0.0049192125461999,0.0360405772661688,0.0763280549825901,0.232562133580927
2012,17,1,114,161,371,439,6.89222643687538e-05,0.0016628363554223,0.0146785043984227,0.05714288752533,0.191176038275992
2012,17,6,460,479,668,645,0.000201334682905,0.0033118776749535,0.0242019324339689,0.0643322452645381,0.202696480889103
2012,18,9,355,252,277,164,0.0005885420623264,0.0050471689419103,0.0285604574562092,0.0711881186201261,0.185146552947922
2012,18,2,134,153,370,386,0.0001378445287375,0.0019545620318122,0.0139491377202402,0.0569888635697361,0.168095559850872
2012,18,11,489,405,647,550,0.0003691135853258,0.0035206699631571,0.0204630117656731,0.0623098243804733,0.172841960448072
2012,19,8,306,256,287,149,0.0005231484998457,0.0043505174541536,0.0290137980507522,0.0737580868013581,0.168212417007564
2012,19,1,123,156,293,354,6.89222643687538e-05,0.0017941129097978,0.0142226502245587,0.0451290189890073,0.1541601766508
2012,19,9,429,412,580,503,0.0003020020243575,0.0030886859185979,0.0208166934505119,0.0558573387027427,0.15807182928251
2012,20,5,263,270,308,151,0.0003269678124035,0.0037391702302039,0.0306004901316527,0.0791550199819453,0.170470301799612
2012,20,8,156,187,292,331,0.00055137811495,0.0022754602758411,0.0170489461025158,0.0449749950334134,0.144144119975748
2012,20,13,419,457,600,482,0.0004362251462942,0.0030166885778381,0.0230903614244755,0.0577834538304235,0.151472408974492
2012,21,10,279,262,322,154,0.0006539356248071,0.0039666482670224,0.0296938089425667,0.0827529754356701,0.173857128987683
2012,21,2,127,156,363,360,0.0001378445287375,0.0018524580450758,0.0142226502245587,0.055910695880579,0.156773061000814
2012,21,12,406,418,685,514,0.00040266936581,0.0029230920348503,0.0211198491803737,0.0659694431230668,0.161528668491471
2012,22,3,305,273,276,158,0.0001961806874421,0.0043363000768525,0.03094049557756,0.0709311218020029,0.178372898571779
2012,22,4,129,171,287,398,0.000275689057475,0.0018816306127148,0.0155902127461509,0.044204875255444,0.1733213285509
2012,22,7,434,444,563,556,0.0002348904633891,0.0031246845889779,0.0224335240097749,0.054220140844214,0.174727509107506
2012,23,3,321,241,277,154,0.0001961806874421,0.004563778113671,0.027313770821216,0.0711881186201261,0.173857128987683
2012,23,5,129,157,299,331,0.0003446113218437,0.0018816306127148,0.0143138210593315,0.0460531627225705,0.144144119975748
2012,23,8,450,398,576,485,0.0002684462438733,0.0032398803341936,0.0201093300808343,0.0554721156772065,0.152415183304209
2012,24,10,330,266,271,175,0.0006539356248071,0.0046917345093814,0.0301471495371097,0.0696461377113869,0.197564919304186
2012,24,4,129,151,314,321,0.000275689057475,0.0018816306127148,0.0137667960506946,0.0483635220564788,0.139789312725726
2012,24,14,459,417,585,496,0.0004697809267783,0.0033046779408775,0.0210693232253967,0.0563388674846629,0.155872022513171
2012,25,5,320,241,304,161,0.0003269678124035,0.0045495607363698,0.027313770821216,0.0781270327094525,0.181759725759851
2012,25,2,134,174,344,338,0.0001378445287375,0.0019545620318122,0.0158637252504693,0.0529842407242952,0.147192485050764
2012,25,7,454,415,648,499,0.0002348904633891,0.0032686792704976,0.0209682713154428,0.0624061301368573,0.156814796842887
2012,26,6,281,262,276,162,0.0003923613748842,0.0039950830216247,0.0296938089425667,0.0709311218020029,0.182888668155875
2012,26,0,138,176,336,383,0.0,0.0020129071670902,0.0160460669200149,0.0517520490795442,0.166789117675866
2012,26,6,419,438,612,545,0.000201334682905,0.0030166885778381,0.0221303682799131,0.0589391229070319,0.171270669898544
2012,27,2,306,255,329,167,0.0001307871249614,0.0043505174541536,0.0289004629021165,0.0845519531625325,0.188533380135994
2012,27,7,152,159,359,365,0.0004824558505812,0.0022171151405631,0.0144961627288771,0.0552946000582034,0.158950464625825
2012,27,9,458,414,688,532,0.0003020020243575,0.0032974782068015,0.0209177453604658,0.0662583603922189,0.167185314469772
2012,28,3,276,278,256,161,0.0001961806874421,0.003923996135119,0.0315071713207387,0.0657911854395389,0.181759725759851
2012,28,3,130,140,327,326,0.0002067667931062,0.0018962168965342,0.0127639168681937,0.0503658334791992,0.141966716350737
2012,28,6,406,418,583,487,0.000201334682905,0.0029230920348503,0.0211198491803737,0.0561462559718948,0.15304369952402
2012,29,5,310,250,241,147,0.0003269678124035,0.0044073869633583,0.0283337871589377,0.061936233167691,0.165954532215516
2012,29,6,141,158,297,305,0.0004135335862125,0.0020566660185487,0.0144049918941043,0.0457451148113828,0.132821621125689
2012,29,11,451,408,538,452,0.0003691135853258,0.0032470800682696,0.020614589630604,0.051812496934613,0.142044665677325
2012,30,7,302,275,290,181,0.000457754937365,0.004293647944949,0.0311671658748315,0.0745290772557277,0.204338573680329
2012,30,3,139,136,313,387,0.0002067667931062,0.0020274934509097,0.0123992335291024,0.0482094981008849,0.168531040575875
2012,30,10,441,411,603,568,0.0003355578048416,0.0031750827275098,0.0207661674955349,0.0580723710995756,0.178498606426373
2012,31,7,307,267,302,178,0.000457754937365,0.0043647348314548,0.0302604846857455,0.0776130390732061,0.200951746492257
2012,31,7,115,185,323,324,0.0004824558505812,0.0016774226392418,0.0168666044329702,0.0497497376568237,0.141095754900732
2012,31,14,422,452,625,502,0.0004697809267783,0.003038287780066,0.0228377316495907,0.0601910977400245,0.157757571172604
2012,32,3,287,222,250,154,0.0001961806874421,0.0040803872854317,0.0251604029971367,0.0642492045307997,0.173857128987683
2012,32,4,143,154,329,375,0.000275689057475,0.0020858385861877,0.0140403085550131,0.050673881390387,0.163305271875848
2012,32,7,430,376,579,529,0.0002348904633891,0.0030958856526739,0.0189977590713409,0.0557610329463587,0.166242540140055
2012,33,1,290,253,230,152,6.53935624807163e-05,0.0041230394173351,0.028673792604845,0.0591092681683358,0.171599244195635
2012,33,1,139,164,281,323,6.89222643687538e-05,0.0020274934509097,0.0149520169027412,0.0432807315218807,0.14066027417573
2012,33,2,429,417,511,475,6.71115609683392e-05,0.0030886859185979,0.0210693232253967,0.049212241512244,0.149272602205153
2012,34,5,300,242,329,170,0.0003269678124035,0.0042652131903467,0.0274271059698517,0.0845519531625325,0.191920207324066
2012,34,2,150,160,326,340,0.0001378445287375,0.0021879425729241,0.0145873335636499,0.0502118095236053,0.148063446500768
2012,34,7,450,402,655,510,0.0002348904633891,0.0032398803341936,0.0203114339007422,0.0630802704315456,0.160271636051849
2012,35,3,277,232,264,168,0.0001961806874421,0.0039382135124201,0.0262937544834942,0.0678471599845245,0.189662322532018
2012,35,4,137,132,279,321,0.000275689057475,0.0019983208832707,0.0120345501900112,0.0429726836106929,0.139789312725726
2012,35,7,414,364,543,489,0.0002348904633891,0.0029806899074581,0.0183914476116173,0.0522940257165332,0.153672215743831
2012,36,1,278,249,240,161,6.53935624807163e-05,0.0039524308897213,0.028220452010302,0.0616792363495678,0.181759725759851
2012,36,6,143,171,334,316,0.0004135335862125,0.0020858385861877,0.0155902127461509,0.0514440011683564,0.137611909100714
2012,36,7,421,420,574,477,0.0002348904633891,0.00303108804599,0.0212209010903276,0.0552795041644385,0.149901118424964
2012,37,5,306,255,283,145,0.0003269678124035,0.0043505174541536,0.0289004629021165,0.0727300995288653,0.163696647423468
2012,37,7,137,162,315,318,0.0004824558505812,0.0019983208832707,0.0147696752331955,0.0485175460120727,0.138482870550719
2012,37,12,443,417,598,463,0.00040266936581,0.0031894821956617,0.0210693232253967,0.0575908423176554,0.145501504886286
2012,38,2,300,260,280,123,0.0001307871249614,0.0042652131903467,0.0294671386452952,0.0719591090744957,0.138859914710942
2012,38,4,124,159,302,308,0.000275689057475,0.0018086991936173,0.0144961627288771,0.0465152345893522,0.134128063300696
2012,38,6,424,419,582,431,0.000201334682905,0.003052687248218,0.0211703751353507,0.0560499502155108,0.135445245369308
2012,39,8,285,270,273,173,0.0005231484998457,0.0040519525308294,0.0306004901316527,0.0701601313476333,0.195307034512138
2012,39,1,128,177,337,372,6.89222643687538e-05,0.0018670443288953,0.0161372377547877,0.051906073035138,0.161998829700841
2012,39,9,413,447,610,545,0.0003020020243575,0.0029734901733822,0.0225851018747058,0.0587465113942639,0.171270669898544
2012,40,3,276,257,261,163,0.0001961806874421,0.003923996135119,0.029127133199388,0.0670761695301549,0.184017610551899
2012,40,5,144,143,324,363,0.0003446113218437,0.0021004248700072,0.0130374293725121,0.0499037616124176,0.15807950317582
2012,40,8,420,400,585,526,0.0002684462438733,0.0030238883119141,0.0202103819907882,0.0563388674846629,0.165299765810338
2012,41,4,286,259,280,158,0.0002615742499228,0.0040661699081305,0.0293538034966595,0.0719591090744957,0.178372898571779
2012,41,2,121,157,335,388,0.0001378445287375,0.0017649403421588,0.0143138210593315,0.0515980251239503,0.168966521300877
2012,41,6,407,416,615,546,0.000201334682905,0.0029302917689262,0.0210187972704197,0.0592280401761841,0.17158492800845
2012,42,6,274,278,268,168,0.0003923613748842,0.0038955613805167,0.0315071713207387,0.0688751472570173,0.189662322532018
2012,42,4,147,169,324,377,0.000275689057475,0.0021441837214657,0.0154078710766052,0.0499037616124176,0.164176233325852
2012,42,10,421,447,592,545,0.0003355578048416,0.00303108804599,0.0225851018747058,0.0570130077793512,0.171270669898544
2012,43,7,297,267,297,176,0.000457754937365,0.0042225610584432,0.0302604846857455,0.0763280549825901,0.19869386170021
2012,43,1,146,164,319,398,6.89222643687538e-05,0.0021295974376462,0.0149520169027412,0.0491336418344482,0.1733213285509
2012,43,8,443,431,616,574,0.0002684462438733,0.0031894821956617,0.0217766865950743,0.0593243459325681,0.180384155085806
2012,44,4,284,274,295,171,0.0002615742499228,0.0040377351535282,0.0310538307261957,0.0758140613463437,0.19304914972009
2012,44,6,117,168,330,379,0.0004135335862125,0.0017065952068808,0.0153167002418324,0.0508279053459809,0.165047194775857
2012,44,10,401,442,625,550,0.0003355578048416,0.0028870933644703,0.022332472099821,0.0601910977400245,0.172841960448072
2012,45,7,259,247,281,168,0.000457754937365,0.0036823007209993,0.0279937817130305,0.0722161058926189,0.189662322532018
2012,45,4,130,157,296,379,0.000275689057475,0.0018962168965342,0.0143138210593315,0.0455910908557889,0.165047194775857
2012,45,11,389,404,577,547,0.0003691135853258,0.0028006965555585,0.0204124858106961,0.0555684214335906,0.171899186118355
2012,46,6,296,264,277,142,0.0003923613748842,0.0042083436811421,0.0299204792398382,0.0711881186201261,0.160309820235396
2012,46,2,130,163,335,362,0.0001378445287375,0.0018962168965342,0.0148608460679684,0.0515980251239503,0.157644022450818
2012,46,8,426,427,612,504,0.0002684462438733,0.00306708671637,0.0215745827751664,0.0589391229070319,0.158386087392415
2012,47,4,284,244,306,187,0.0002615742499228,0.0040377351535282,0.0276537762671232,0.0786410263456989,0.211112228056473
2012,47,2,137,185,294,341,0.0001378445287375,0.0019983208832707,0.0168666044329702,0.0452830429446011,0.148498927225771
2012,47,6,421,429,600,528,0.000201334682905,0.00303108804599,0.0216756346851204,0.0577834538304235,0.165928282030149
2012,48,5,302,287,324,176,0.0003269678124035,0.004293647944949,0.0325271876584605,0.0832669690719165,0.19869386170021
2012,48,3,147,174,327,408,0.0002067667931062,0.0021441837214657,0.0158637252504693,0.0503658334791992,0.177676135800922
2012,48,8,449,461,651,584,0.0002684462438733,0.0032326806001177,0.0232924652443834,0.0626950474060095,0.183526736184862
2012,49,7,274,279,279,158,0.000457754937365,0.0038955613805167,0.0316205064693745,0.0717021122563725,0.178372898571779
2012,49,2,147,174,359,373,0.0001378445287375,0.0021441837214657,0.0158637252504693,0.0552946000582034,0.162434310425843
2012,49,9,421,453,638,531,0.0003020020243575,0.00303108804599,0.0228882576045677,0.061443072573017,0.166871056359866
2012,50,9,293,275,351,173,0.0005885420623264,0.0041656915492386,0.0311671658748315,0.0902058831612428,0.195307034512138
2012,50,1,152,185,313,389,6.89222643687538e-05,0.0022171151405631,0.0168666044329702,0.0482094981008849,0.169402002025879
2012,50,10,445,460,664,562,0.0003355578048416,0.0032038816638137,0.0232419392894065,0.063947022239002,0.176613057766939
2012,51,6,298,269,294,169,0.0003923613748842,0.0042367784357444,0.030487154983017,0.0755570645282205,0.190791264928042
2012,51,3,154,182,365,408,0.0002067667931062,0.0022462877082021,0.0165930919286518,0.0562187437917667,0.177676135800922
2012,51,9,452,451,659,577,0.0003020020243575,0.0032542798023456,0.0227872056946137,0.0634654934570818,0.181326929415523
2012,52,4,291,274,319,193,0.0002615742499228,0.0041372567946363,0.0310538307261957,0.0819819849813005,0.217885882432616
2012,52,3,157,167,410,410,0.0002067667931062,0.0022900465596606,0.0152255294070596,0.0631498217934914,0.178547097250927
2012,52,7,448,441,729,603,0.0002348904633891,0.0032254808660417,0.022281946144844,0.0702068964039645,0.189497640273068
2013,1,3,347,277,303,187,0.0001938782866149,0.0049820478075662,0.0296126416938127,0.0775069138479728,0.20158969637003
2013,1,6,183,179,396,432,0.0004085163523315,0.0027014422139756,0.0154906041017152,0.0614160750162986,0.181814798426073
2013,1,9,530,456,699,619,0.0002983993850665,0.0038575847350804,0.0218082638177322,0.0674895957722743,0.187367326164804
2013,2,1,297,324,315,194,6.46260955383067e-05,0.0042641734837094,0.0346371693458315,0.0805764945944272,0.209135834736823
2013,2,6,139,215,373,369,0.0004085163523315,0.0020519151242765,0.0186060328596021,0.0578489797502005,0.155300140322271
2013,2,7,436,539,688,563,0.0002320884106073,0.0031734093292359,0.025777750433679,0.0664275277415232,0.170416485671704
2013,3,8,321,333,333,189,0.0005170087643064,0.0046087531591606,0.0355993129387713,0.0851808657141088,0.203745735903399
2013,3,5,158,201,382,409,0.0003404302936096,0.002332392731192,0.017394477231535,0.0592447996369345,0.17213484388024
2013,3,13,479,534,715,598,0.0004310213339849,0.0034863831851009,0.0255386247339232,0.0690344219988214,0.181010760979892
2013,4,5,337,305,335,210,0.0003231304776915,0.0048384729427948,0.032605977316292,0.0856924625051845,0.226384151003777
2013,4,4,146,197,400,419,0.0002723442348876,0.0021552489794559,0.0170483184806587,0.0620364394104026,0.176343519769733
2013,4,9,483,502,735,629,0.0002983993850665,0.0035154970321581,0.0240082202554859,0.0709654547820052,0.190394261967143
2013,5,4,313,352,353,207,0.0002585043821532,0.0044938932673435,0.0376305049683108,0.090296833624866,0.223150091703723
2013,5,2,167,183,381,497,0.0001361721174438,0.0024652505449941,0.0158367628525916,0.0590897085384085,0.209171191707774
2013,5,6,480,535,734,704,0.0001989329233776,0.0034936616468652,0.0255864498738744,0.070868903142846,0.213096280484688
2013,6,10,330,324,344,205,0.000646260955383,0.0047379705374549,0.0346371693458315,0.0879946480650253,0.220994052170354
2013,6,4,172,223,415,463,0.0002723442348876,0.0025390604415508,0.0192983503613547,0.0643628058882927,0.1948616936835
2013,6,14,502,547,759,668,0.0004641768212146,0.0036537878056799,0.0261603515532884,0.0732826941218258,0.202199311596267
2013,7,4,313,308,359,204,0.0002585043821532,0.0044938932673435,0.0329266918472719,0.0918316239980932,0.219916032403669
2013,7,4,152,185,378,478,0.0002723442348876,0.002243820855324,0.0160098422280297,0.0586244352428305,0.201174707517738
2013,7,8,465,493,737,682,0.0002652438978369,0.0033844847204007,0.0235777939959254,0.0711585580603236,0.206437021719542
2013,8,5,302,318,337,201,0.0003231304776915,0.004335960916095,0.0339957402838717,0.0862040592962602,0.216681973103615
2013,8,2,171,202,342,485,0.0001361721174438,0.0025242984622395,0.0174810169192541,0.0530411556958943,0.204120780640383
2013,8,7,473,520,679,686,0.0002320884106073,0.0034427124145151,0.0248690727746069,0.0655585629890905,0.207647796040478
2013,9,5,342,271,349,182,0.0003231304776915,0.0049102603751805,0.0289712126318529,0.0892736400427146,0.196199597536607
2013,9,2,145,199,385,423,0.0001361721174438,0.0021404870001446,0.0172213978560968,0.0597100729325125,0.17802699012553
2013,9,7,487,470,734,605,0.0002320884106073,0.0035446108792153,0.0224778157770485,0.070868903142846,0.183129616041529
2013,10,5,323,291,300,218,0.0003231304776915,0.0046374681321149,0.0311093095050524,0.0767395186613592,0.235008309137254
2013,10,5,157,195,346,478,0.0003404302936096,0.0023176307518807,0.0168752391052205,0.0536615200899983,0.201174707517738
2013,10,10,480,486,646,696,0.0003315548722961,0.0034936616468652,0.0232430180162672,0.0623723588968372,0.210674731842817
2013,11,3,291,319,320,216,0.0001938782866149,0.0041780285648466,0.0341026451275316,0.0818554865721165,0.232852269603885
2013,11,4,160,211,382,419,0.0002723442348876,0.0023619166898147,0.0182598741087258,0.0592447996369345,0.176343519769733
2013,11,7,451,530,702,635,0.0002320884106073,0.0032825862557005,0.0253473241741185,0.0677792506897519,0.192210423448547
2013,12,6,289,310,318,216,0.0003877565732298,0.0041493135918923,0.0331405015345919,0.0813438897810408,0.232852269603885
2013,12,6,140,190,368,508,0.0004085163523315,0.0020666771035879,0.0164425406666251,0.0570735242575704,0.213800735186215
2013,12,12,429,500,686,724,0.0003978658467553,0.0031224600968858,0.0239125699755835,0.0662344244632048,0.219150152089367
2013,13,8,289,324,324,228,0.0005170087643064,0.0041493135918923,0.0346371693458315,0.082878680154268,0.245788506804101
2013,13,2,150,212,357,430,0.0001361721174438,0.0022142968967013,0.0183464137964449,0.0553675221737844,0.180973063248174
2013,13,10,439,536,681,658,0.0003315548722961,0.0031952447145288,0.0256342750138255,0.0657516662674089,0.199172375793927
2013,14,8,330,312,356,227,0.0005170087643064,0.0047379705374549,0.0333543112219118,0.0910642288114796,0.244710487037416
2013,14,2,134,228,369,482,0.0001361721174438,0.0019781052277198,0.0197310487999501,0.0572286153560964,0.202858177873535
2013,14,10,464,540,725,709,0.0003315548722961,0.0033772062586364,0.0258255755736302,0.0699999383904133,0.214609748385858
2013,15,8,277,301,337,209,0.0005170087643064,0.0039770237541666,0.0321783579416521,0.0862040592962602,0.225306131237092
2013,15,5,130,188,400,417,0.0003404302936096,0.0019190573104744,0.0162694612911869,0.0620364394104026,0.175501784591834
2013,15,13,407,489,737,626,0.0004310213339849,0.0029623339380711,0.0233864934361207,0.0711585580603236,0.189486181226442
2013,16,6,301,318,312,189,0.0003877565732298,0.0043216034296179,0.0339957402838717,0.0798090994078136,0.203745735903399
2013,16,2,147,166,369,382,0.0001361721174438,0.0021700109587673,0.0143655881613672,0.0572286153560964,0.160771418978611
2013,16,8,448,484,681,571,0.0002652438978369,0.0032607508704075,0.0231473677363648,0.0657516662674089,0.172838034313575
2013,17,2,278,294,286,181,0.0001292521910766,0.0039913812406438,0.0314300240360323,0.0731583411238291,0.195121577769922
2013,17,4,131,185,322,400,0.0002723442348876,0.0019338192897858,0.0160098422280297,0.0499393337253741,0.168347035579697
2013,17,6,409,479,608,581,0.0001989329233776,0.0029768908615997,0.022908242036609,0.058703396608788,0.175864970115915
2013,18,6,289,235,279,167,0.0003877565732298,0.0041493135918923,0.0251226382600938,0.0713677523550641,0.180029301036337
2013,18,6,130,169,306,382,0.0004085163523315,0.0019190573104744,0.0146252072245244,0.047457876148958,0.160771418978611
2013,18,12,419,404,585,549,0.0003978658467553,0.0030496754792428,0.0193213565402715,0.0564827089081266,0.166178775548429
2013,19,4,270,258,265,195,0.0002585043821532,0.0038765213488267,0.0275814496642732,0.067786574817534,0.210213854503507
2013,19,3,128,172,302,353,0.0002042581761657,0.0018895333518518,0.0148848262876817,0.046837511754854,0.148566258899083
2013,19,7,398,430,567,548,0.0002320884106073,0.0028968277821924,0.0205648101790018,0.0547447794032611,0.165876081968195
2013,20,6,281,286,271,169,0.0003877565732298,0.0040344537000752,0.0305747852867525,0.0693213651907612,0.182185340569706
2013,20,2,124,181,308,320,0.0001361721174438,0.0018304854346064,0.0156636834771534,0.04776805834601,0.134677628463758
2013,20,8,405,467,579,489,0.0002652438978369,0.0029477770145425,0.022334340357195,0.0559033990731714,0.148017160734393
2013,21,4,309,289,274,161,0.0002585043821532,0.004436463321435,0.0308954998177324,0.0700887603773748,0.173561182436229
2013,21,3,133,164,291,347,0.0002042581761657,0.0019633432484085,0.014192508785929,0.0451315096710679,0.146041053365387
2013,21,7,442,453,565,508,0.0002320884106073,0.0032170800998217,0.0216647883978787,0.0545516761249428,0.153768338758838
2013,22,8,278,279,295,169,0.0005170087643064,0.0039913812406438,0.0298264513811327,0.0754605266836699,0.182185340569706
2013,22,2,123,165,332,354,0.0001361721174438,0.0018157234552951,0.0142790484736481,0.0514902447106342,0.148987126488032
2013,22,10,401,444,627,523,0.0003315548722961,0.0029186631674853,0.0212343621383182,0.0605378777528126,0.158308742462347
2013,23,1,262,296,306,159,6.46260955383067e-05,0.0037616614570096,0.0316438337233522,0.0782743090345864,0.17140514290286
2013,23,1,124,139,315,346,6.80860587219225e-05,0.0018304854346064,0.0120290165929521,0.0488536960356921,0.145620185776438
2013,23,2,386,435,621,505,6.63109744592299e-05,0.0028094862410208,0.0208039358787577,0.0599585679178574,0.152860258018136
2013,24,2,275,270,280,173,0.0001292521910766,0.0039483087812124,0.0288643077881929,0.0716235507506019,0.186497419636445
2013,24,1,108,180,274,345,6.80860587219225e-05,0.0015942937656249,0.0155771437894343,0.0424949609961258,0.145199318187489
2013,24,3,383,450,554,518,9.94664616888449e-05,0.0027876508557279,0.0215213129780252,0.0534896080941917,0.156795274561177
2013,25,4,313,283,321,211,0.0002585043821532,0.0044938932673435,0.0302540707557726,0.0821112849676544,0.227462170770462
2013,25,1,137,206,372,490,6.80860587219225e-05,0.0020223911656538,0.0178271756701304,0.0576938886516744,0.206225118585129
2013,25,5,450,489,693,701,0.000165777436148,0.0032753077939361,0.0233864934361207,0.0669102859373192,0.212188199743987
2013,26,2,262,240,264,130,0.0001292521910766,0.0037616614570096,0.0256571624783937,0.0675307764219961,0.140142569669005
2013,26,2,132,135,339,350,0.0001361721174438,0.0019485812690971,0.0116828578420757,0.0525758824003162,0.147303656132235
2013,26,4,394,375,603,480,0.0001326219489184,0.0028677139351352,0.0179344274816876,0.058220638412992,0.145292918512288
2013,27,2,284,288,283,171,0.0001292521910766,0.0040775261595066,0.0307885949740725,0.0723909459372155,0.184341380103076
2013,27,2,124,184,300,361,0.0001361721174438,0.0018304854346064,0.0159233025403106,0.046527329557802,0.151933199610677
2013,27,4,408,472,583,532,0.0001326219489184,0.0029696123998354,0.0225734660569508,0.0562896056298082,0.161032984684452
2013,28,4,290,251,255,178,0.0002585043821532,0.0041636710783694,0.0268331157586534,0.0652285908621554,0.191887518469868
2013,28,1,119,162,313,380,6.80860587219225e-05,0.0017566755380497,0.0140194294104909,0.0485435138386401,0.159929683800712
2013,28,5,409,413,568,558,0.000165777436148,0.0029768908615997,0.019751782799832,0.0548413310424203,0.168903017770534
2013,29,4,275,270,278,170,0.0002585043821532,0.0039483087812124,0.0288643077881929,0.0711119539595262,0.183263360336391
2013,29,1,128,164,323,330,6.80860587219225e-05,0.0018895333518518,0.014192508785929,0.0500944248239001,0.13888630435325
2013,29,5,403,434,601,500,0.000165777436148,0.0029332200910139,0.0207561107388065,0.0580275351346736,0.151346790116966
2013,30,3,348,278,316,171,0.0001938782866149,0.0049964052940433,0.0297195465374727,0.0808322929899651,0.184341380103076
2013,30,6,146,171,322,380,0.0004085163523315,0.0021552489794559,0.0147982865999626,0.0499393337253741,0.159929683800712
2013,30,9,494,449,638,551,0.0002983993850665,0.0035955601115655,0.021473487838074,0.0615999457835637,0.166784162708897
2013,31,2,288,275,278,157,0.0001292521910766,0.0041349561054151,0.0293988320064928,0.0711119539595262,0.16924910336949
2013,31,3,134,179,333,403,0.0002042581761657,0.0019781052277198,0.0154906041017152,0.0516453358091602,0.169609638346545
2013,31,5,422,454,611,560,0.000165777436148,0.0030715108645357,0.0217126135378298,0.0589930515262655,0.169508404931002
2013,32,8,264,275,272,164,0.0005170087643064,0.0037903764299639,0.0293988320064928,0.069577163586299,0.176795241736283
2013,32,5,139,171,317,407,0.0003404302936096,0.0020519151242765,0.0147982865999626,0.0491638782327441,0.171293108702342
2013,32,13,403,446,589,571,0.0004310213339849,0.0029332200910139,0.0213300124182205,0.0568689154647633,0.172838034313575
2013,33,7,283,232,249,139,0.0004523826687681,0.0040631686730295,0.0248019237291139,0.0636938004889282,0.149844747569167
2013,33,1,115,137,287,307,6.80860587219225e-05,0.0016976276208043,0.0118559372175139,0.0445111452769639,0.129206349807418
2013,33,8,398,369,536,446,0.0002652438978369,0.0028968277821924,0.0176474766419806,0.0517516785893262,0.135001336784334
2013,34,6,309,241,260,146,0.0003877565732298,0.004436463321435,0.0257640673220537,0.0665075828398447,0.157390885935959
2013,34,2,127,143,296,330,0.0001361721174438,0.0018747713725404,0.0123751753438284,0.045906965163698,0.13888630435325
2013,34,8,436,384,556,476,0.0002652438978369,0.0031734093292359,0.0183648537412481,0.05368271137251,0.144082144191352
2013,35,3,282,276,265,152,0.0001938782866149,0.0040488111865523,0.0295057368501528,0.067786574817534,0.163859004536067
2013,35,1,130,145,297,304,6.80860587219225e-05,0.0019190573104744,0.0125482547192665,0.046062056262224,0.12794374704057
2013,35,4,412,421,562,456,0.0001326219489184,0.0029987262468926,0.0201343839194413,0.0542620212074652,0.138028272586673
2013,36,6,257,276,274,156,0.0003877565732298,0.0036898740246239,0.0295057368501528,0.0700887603773748,0.168171083602806
2013,36,3,132,163,288,301,0.0002042581761657,0.0019485812690971,0.01410596909821,0.0446662363754899,0.126681144273722
2013,36,9,389,439,562,457,0.0002983993850665,0.0028313216263137,0.0209952364385623,0.0542620212074652,0.138330966166907
2013,37,8,285,257,280,146,0.0005170087643064,0.0040918836459837,0.0274745448206133,0.0716235507506019,0.157390885935959
2013,37,1,115,171,290,324,6.80860587219225e-05,0.0016976276208043,0.0147982865999626,0.0449764185725419,0.136361098819555
2013,37,9,400,428,570,470,0.0002983993850665,0.002911384705721,0.0204691598990995,0.0550344343207387,0.142265982709948
2013,38,4,319,264,272,156,0.0002585043821532,0.0045800381862064,0.0282228787262331,0.069577163586299,0.168171083602806
2013,38,1,134,174,318,347,6.80860587219225e-05,0.0019781052277198,0.0150579056631198,0.0493189693312701,0.146041053365387
2013,38,5,453,438,590,503,0.000165777436148,0.0032971431792291,0.0209474112986112,0.0569654671039225,0.152254870857668
2013,39,7,260,276,257,161,0.0004523826687681,0.0037329464840553,0.0295057368501528,0.0657401876532311,0.173561182436229
2013,39,2,128,158,317,404,0.0001361721174438,0.0018895333518518,0.0136732706596146,0.0491638782327441,0.170030505935494
2013,39,9,388,434,574,565,0.0002983993850665,0.0028240431645494,0.0207561107388065,0.0554206408773755,0.171021872832172
2013,40,4,280,295,268,191,0.0002585043821532,0.0040200962135981,0.0315369288796923,0.0685539700041476,0.205901775436769
2013,40,2,112,200,316,397,0.0001361721174438,0.0016533416828703,0.0173079375438159,0.0490087871342181,0.167084432812849
2013,40,6,392,495,584,588,0.0001989329233776,0.0028531570116066,0.0236734442758277,0.0563861572689674,0.177983825177552
2013,41,5,299,283,265,197,0.0003231304776915,0.0042928884566636,0.0302540707557726,0.067786574817534,0.212369894036877
2013,41,2,123,181,314,366,0.0001361721174438,0.0018157234552951,0.0156636834771534,0.0486986049371661,0.154037537555423
2013,41,7,422,464,579,563,0.0002320884106073,0.0030715108645357,0.0221908649373415,0.0559033990731714,0.170416485671704
2013,42,4,273,274,272,178,0.0002585043821532,0.0039195938082581,0.0292919271628328,0.069577163586299,0.191887518469868
2013,42,6,128,177,303,352,0.0004085163523315,0.0018895333518518,0.0153175247262771,0.04699260285338,0.148145391310134
2013,42,10,401,451,575,530,0.0003315548722961,0.0029186631674853,0.0215691381179763,0.0555171925165347,0.160427597523984
2013,43,5,255,270,277,175,0.0003231304776915,0.0036611590516697,0.0288643077881929,0.0708561555639884,0.188653459169814
2013,43,5,121,169,323,396,0.0003404302936096,0.0017861994966724,0.0146252072245244,0.0500944248239001,0.1666635652239
2013,43,10,376,439,600,571,0.0003315548722961,0.0027367016233778,0.0209952364385623,0.0579309834955144,0.172838034313575
2013,44,4,244,267,254,165,0.0002585043821532,0.0035032267004212,0.028543593257213,0.0649727924666175,0.177873261502968
2013,44,2,122,152,301,351,0.0001361721174438,0.0018009614759837,0.0131540325333001,0.046682420656328,0.147724523721184
2013,44,6,366,419,555,516,0.0001989329233776,0.0026639170057347,0.020038733639539,0.0535861597333509,0.156189887400709
2013,45,7,256,308,292,192,0.0004523826687681,0.0036755165381468,0.0329266918472719,0.0746931314970563,0.206979795203453
2013,45,3,121,154,306,358,0.0002042581761657,0.0017861994966724,0.0133271119087382,0.047457876148958,0.150670596843829
2013,45,10,377,462,598,550,0.0003315548722961,0.0027439800851421,0.0220952146574392,0.0577378802171961,0.166481469128663
2013,46,4,252,251,290,165,0.0002585043821532,0.0036180865922382,0.0268331157586534,0.0741815347059806,0.177873261502968
2013,46,4,123,170,283,369,0.0002723442348876,0.0018157234552951,0.0147117469122435,0.0438907808828599,0.155300140322271
2013,46,8,375,421,573,534,0.0002652438978369,0.0027294231616135,0.0201343839194413,0.0553240892382163,0.16163837184492
2013,47,5,263,279,271,161,0.0003231304776915,0.0037760189434867,0.0298264513811327,0.0693213651907612,0.173561182436229
2013,47,2,119,194,317,354,0.0001361721174438,0.0017566755380497,0.0167886994175014,0.0491638782327441,0.148987126488032
2013,47,7,382,473,588,515,0.0002320884106073,0.0027803723939636,0.022621291196902,0.0567723638256042,0.155887193820475
2013,48,6,291,304,298,173,0.0003877565732298,0.0041780285648466,0.032499072472632,0.0762279218702835,0.186497419636445
2013,48,5,121,187,317,372,0.0003404302936096,0.0017861994966724,0.0161829216034679,0.0491638782327441,0.156562743089118
2013,48,11,412,491,615,545,0.0003647103595257,0.0029987262468926,0.023482143716023,0.0593792580829023,0.164968001227493
2013,49,4,272,272,304,203,0.0002585043821532,0.003905236321781,0.0290781174755129,0.0777627122435107,0.218838012636984
2013,49,5,120,183,280,406,0.0003404302936096,0.001771437517361,0.0158367628525916,0.0434255075872818,0.170872241113393
2013,49,9,392,455,584,609,0.0002983993850665,0.0028531570116066,0.021760438677781,0.0563861572689674,0.184340390362465
2013,50,3,294,274,275,181,0.0001938782866149,0.004221101024278,0.0292919271628328,0.0703445587729126,0.195121577769922
2013,50,2,134,179,314,394,0.0001361721174438,0.0019781052277198,0.0154906041017152,0.0486986049371661,0.165821830046002
2013,50,5,428,453,589,575,0.000165777436148,0.0031151816351215,0.0216647883978787,0.0568689154647633,0.174048808634511
2013,51,4,272,319,297,185,0.0002585043821532,0.003905236321781,0.0341026451275316,0.0759721234747456,0.199433656836661
2013,51,6,147,167,310,378,0.0004085163523315,0.0021700109587673,0.0144521278490863,0.048078240543062,0.159087948622814
2013,51,10,419,486,607,563,0.0003315548722961,0.0030496754792428,0.0232430180162672,0.0586068449696288,0.170416485671704
2013,52,3,255,290,298,206,0.0001938782866149,0.0036611590516697,0.0310024046613924,0.0762279218702835,0.222072071937038
2013,52,7,139,179,331,413,0.0004766024110534,0.0020519151242765,0.0154906041017152,0.0513351536121082,0.173818314236037
2013,52,10,394,469,629,619,0.0003315548722961,0.0028677139351352,0.0224299906370973,0.060730981031131,0.187367326164804
2014,1,5,300,278,281,181,0.0003193587392822,0.0043434118240507,0.0284644221359074,0.0711133414313524,0.184789042186199
2014,1,5,133,185,303,428,0.0003364254887297,0.0019839794707092,0.0154086077590826,0.0469416919138207,0.173621265003645
2014,1,10,433,463,584,609,0.0003276700333853,0.0031813180184958,0.0212650117369697,0.0561200936531724,0.176796869282895
2014,2,4,248,289,286,177,0.0002554869914257,0.0035905537745486,0.0295907122204217,0.0723787033785295,0.180705306447277
2014,2,2,120,172,311,369,0.0001345701954919,0.0017900566653015,0.0143258407273633,0.0481810765188061,0.14968749249146
2014,2,6,368,461,597,546,0.0001966020200312,0.0027037529579826,0.0211731542348661,0.0573693423132601,0.158507537977768
2014,3,5,289,302,265,168,0.0003193587392822,0.0041841533905022,0.0309217823203023,0.0670641832003857,0.171516901034704
2014,3,5,120,167,298,378,0.0003364254887297,0.0017900566653015,0.0139093918690097,0.0461670765357048,0.153338406942472
2014,3,10,409,469,563,546,0.0003276700333853,0.0030049863038448,0.0215405842432803,0.0541020765868768,0.158507537977768
2014,4,5,311,285,308,196,0.0003193587392822,0.0045026702575993,0.0291811521896892,0.0779462959461087,0.200103051207155
2014,4,4,135,151,332,390,0.0002691403909838,0.0020138137484642,0.0125767555222783,0.0514344611068926,0.158206292877153
2014,4,9,446,436,640,586,0.0002949030300468,0.0032768310305984,0.0200249354585719,0.0615014724966272,0.170119811822293
2014,5,5,291,295,311,221,0.0003193587392822,0.0042131094693292,0.0302050522665204,0.0787055131144149,0.225626399575414
2014,5,6,131,157,320,381,0.0004037105864757,0.0019541451929541,0.0130764941523026,0.0495753841994146,0.154555378426142
2014,5,11,422,452,631,602,0.0003604370367239,0.0031004993159474,0.0207597954754002,0.0606366080396434,0.174764721360103
2014,6,1,291,272,305,181,6.38717478564486e-05,0.0042131094693292,0.0278500820898087,0.0771870787778024,0.184789042186199
2014,6,5,125,177,321,415,0.0003364254887297,0.0018646423596891,0.0147422895857169,0.0497303072750378,0.16834772190774
2014,6,6,416,449,626,596,0.0001966020200312,0.0030564163872846,0.0206220092222449,0.0601561277857635,0.173022880283424
2014,7,4,294,311,256,193,0.0002554869914257,0.0042565435875697,0.0318432923894504,0.064786531695467,0.197040249402963
2014,7,4,133,168,326,377,0.0002691403909838,0.0019839794707092,0.0139926816406804,0.0505049226531536,0.152932749781248
2014,7,8,427,479,582,570,0.0002621360267083,0.003137235089833,0.021999871753798,0.0559279015516204,0.165474902284483
2014,8,4,260,308,296,193,0.0002554869914257,0.0037642902475106,0.031536122366401,0.0749094272728837,0.197040249402963
2014,8,2,127,183,321,415,0.0001345701954919,0.0018944766374441,0.0152420282157412,0.0497303072750378,0.16834772190774
2014,8,6,387,491,617,608,0.0001966020200312,0.002843348898748,0.0225510167664192,0.0592912633287797,0.176506562436782
2014,9,6,275,252,270,203,0.0003832304871386,0.0039814608387132,0.0258022819361463,0.0683295451475628,0.207249588750267
2014,9,4,116,180,343,362,0.0002691403909838,0.0017303881097914,0.014992158900729,0.0531386149387475,0.146847892362896
2014,9,10,391,432,613,565,0.0003276700333853,0.0028727375178565,0.0198412204543648,0.0589068791256758,0.164023368053917
2014,10,6,292,286,296,189,0.0003832304871386,0.0042275875087427,0.0292835421973724,0.0749094272728837,0.192956513664042
2014,10,1,115,172,300,375,6.72850977459533e-05,0.0017154709709139,0.0143258407273633,0.0464769226869512,0.152121435458801
2014,10,7,407,458,596,564,0.0002293690233697,0.0029902919942905,0.0210353679817108,0.0572732462624841,0.163733061207804
2014,11,3,270,283,297,194,0.0001916152435693,0.0039090706416457,0.028976372174323,0.0751624996623191,0.198061183337694
2014,11,3,134,174,335,395,0.0002018552932378,0.0019988966095867,0.0144924202707047,0.0518992303337622,0.160234578683271
2014,11,6,404,457,632,589,0.0001966020200312,0.0029682505299591,0.020989439230659,0.0607327040904194,0.170990732360632
2014,12,5,316,313,317,183,0.0003193587392822,0.0045750604546668,0.0320480724048166,0.0802239474510275,0.18683091005566
2014,12,2,136,182,324,416,0.0001345701954919,0.0020287308873417,0.0151587384440705,0.0501950765019073,0.168753379068963
2014,12,7,452,495,641,599,0.0002293690233697,0.0033209139592612,0.0227347317706263,0.0615975685474032,0.173893800821764
2014,13,3,266,314,323,175,0.0001916152435693,0.0038511584839917,0.0321504624124997,0.08174238178764,0.178663438577817
2014,13,4,115,172,348,402,0.0002691403909838,0.0017154709709139,0.0143258407273633,0.0539132303168634,0.163074178811835
2014,13,7,381,486,671,577,0.0002293690233697,0.0027992659700852,0.0223213730111604,0.0644804500706826,0.167507050207275
2014,14,9,248,285,275,166,0.000574845730708,0.0035905537745486,0.0291811521896892,0.0695949070947399,0.169475033165243
2014,14,6,125,168,330,411,0.0004037105864757,0.0018646423596891,0.0139926816406804,0.0511246149556463,0.166725093262846
2014,14,15,373,453,605,577,0.000491505050078,0.0027404887318682,0.020805724226452,0.0581381107194679,0.167507050207275
2014,15,4,275,267,291,183,0.0002554869914257,0.0039814608387132,0.0273381320513931,0.0736440653257066,0.18683091005566
2014,15,2,107,175,296,370,0.0001345701954919,0.0015961338598938,0.0145757100423755,0.0458572303844585,0.150093149652684
2014,15,6,382,442,587,553,0.0001966020200312,0.0028066131248623,0.0203005079648825,0.0564083818055003,0.16053968590056
2014,16,8,282,322,270,184,0.0005109739828515,0.0040828071146077,0.0329695824739647,0.0683295451475628,0.18785184399039
2014,16,4,131,175,311,340,0.0002691403909838,0.0019541451929541,0.0145757100423755,0.0481810765188061,0.13792343481598
2014,16,12,413,497,581,524,0.0003932040400624,0.0030343749229533,0.0228265892727299,0.0558318055008444,0.152120787363279
2014,17,3,260,302,283,183,0.0001916152435693,0.0037642902475106,0.0309217823203023,0.0716194862102233,0.18683091005566
2014,17,3,119,176,328,382,0.0002018552932378,0.001775139526424,0.0146589998140462,0.0508147688044,0.154961035587365
2014,17,6,379,478,611,565,0.0001966020200312,0.002784571660531,0.0219539430027462,0.0587146870241238,0.164023368053917
2014,18,4,270,280,270,211,0.0002554869914257,0.0039090706416457,0.0286692021512736,0.0683295451475628,0.21541706022811
2014,18,4,124,173,290,358,0.0002691403909838,0.0018497252208116,0.014409130499034,0.0449276919307195,0.145225263718002
2014,18,8,394,453,560,569,0.0002621360267083,0.0028947789821879,0.020805724226452,0.0538137884345488,0.16518459543837
2014,19,8,261,272,269,161,0.0005109739828515,0.0037787682869241,0.0278500820898087,0.0680764727581274,0.164370363491591
2014,19,3,100,159,308,365,0.0002018552932378,0.0014917138877512,0.013243073695644,0.0477163072919366,0.148064863846566
2014,19,11,361,431,577,526,0.0003604370367239,0.0026523228745427,0.019795291703313,0.0554474212977405,0.152701401055505
2014,20,13,275,248,272,179,0.0008303327221338,0.0039814608387132,0.0253927219054138,0.0688356899264337,0.182747174316738
2014,20,5,122,151,300,338,0.0003364254887297,0.0018198909430565,0.0125767555222783,0.0464769226869512,0.137112120493533
2014,20,18,397,399,572,517,0.0005898060600936,0.0029168204465192,0.0183255716696564,0.0549669410438606,0.150088639440487
2014,21,3,272,275,306,179,0.0001916152435693,0.0039380267204727,0.028157252112858,0.0774401511672379,0.182747174316738
2014,21,6,119,173,310,426,0.0004037105864757,0.001775139526424,0.014409130499034,0.0480261534431829,0.172809950681198
2014,21,9,391,448,616,605,0.0002949030300468,0.0028727375178565,0.0205760804711931,0.0591951672780037,0.175635641898442
2014,22,3,230,278,277,170,0.0001916152435693,0.0033299490651056,0.0284644221359074,0.0701010518736107,0.173558768904165
2014,22,3,111,148,294,372,0.0002018552932378,0.0016558024154039,0.0123268862072661,0.0455473842332122,0.150904463975131
2014,22,6,341,426,571,542,0.0001966020200312,0.0025053797790001,0.0195656479480542,0.0548708449930846,0.157346310593315
2014,23,6,294,278,252,164,0.0003832304871386,0.0042565435875697,0.0284644221359074,0.0637742421377253,0.167433165295782
2014,23,3,119,184,284,343,0.0002018552932378,0.001775139526424,0.0153253179874119,0.0439981534769805,0.13914040629965
2014,23,9,413,462,536,507,0.0002949030300468,0.0030343749229533,0.0212190829859179,0.0515074832159253,0.147185570979356
2014,24,4,316,296,286,201,0.0002554869914257,0.0045750604546668,0.0303074422742036,0.0723787033785295,0.205207720880806
2014,24,6,135,179,265,401,0.0004037105864757,0.0020138137484642,0.0149088691290583,0.0410546150401402,0.162668521650611
2014,24,10,451,475,551,602,0.0003276700333853,0.0033135668044841,0.0218161567495909,0.052948923977565,0.174764721360103
2014,25,2,243,267,246,162,0.0001277434957128,0.0035181635774811,0.0273381320513931,0.0622558078011128,0.165391297426322
2014,25,4,126,160,266,320,0.0002691403909838,0.0018795594985666,0.0133263634673147,0.0412095381157634,0.12981029159151
2014,25,6,369,427,512,482,0.0001966020200312,0.0027111001127597,0.0196115766991059,0.0492011779973018,0.139927899826528
2014,26,2,269,289,270,168,0.0001277434957128,0.0038945926022322,0.0295907122204217,0.0683295451475628,0.171516901034704
2014,26,7,139,164,277,318,0.0004709956842216,0.0020734823039742,0.0136595225539976,0.0429136919476183,0.128998977269063
2014,26,9,408,453,547,486,0.0002949030300468,0.0029976391490676,0.020805724226452,0.0525645397744611,0.14108912721098
2014,27,4,251,282,292,160,0.0002554869914257,0.0036339878927891,0.0288739821666399,0.073897137715142,0.163349429556861
2014,27,2,125,171,283,369,0.0001345701954919,0.0018646423596891,0.0142425509556926,0.0438432304013573,0.14968749249146
2014,27,6,376,453,575,529,0.0001966020200312,0.0027625301961996,0.020805724226452,0.0552552291961885,0.153572321593845
2014,28,8,260,293,274,154,0.0005109739828515,0.0037642902475106,0.0300002722511542,0.0693418347053045,0.157223825948479
2014,28,3,123,174,286,330,0.0002018552932378,0.001834808081934,0.0144924202707047,0.0443079996282268,0.133866863203745
2014,28,11,383,467,560,484,0.0003604370367239,0.0028139602796395,0.0214487267411767,0.0538137884345488,0.140508513518754
2014,29,2,285,302,301,177,0.0001277434957128,0.0041262412328482,0.0309217823203023,0.0761747892200608,0.180705306447277
2014,29,1,109,191,289,372,6.72850977459533e-05,0.0016259681376489,0.0159083463891069,0.0447727688550963,0.150904463975131
2014,29,3,394,493,590,549,9.83010100156143e-05,0.0028947789821879,0.0226428742685228,0.0566966699578282,0.159378458516107
2014,30,8,295,274,307,185,0.0005109739828515,0.0042710216269832,0.0280548621051749,0.0776932235566733,0.18887277792512
2014,30,2,135,157,348,374,0.0001345701954919,0.0020138137484642,0.0130764941523026,0.0539132303168634,0.151715778297578
2014,30,10,430,431,655,559,0.0003276700333853,0.0031592765541644,0.019795291703313,0.062942913258267,0.162281526977239
2014,31,8,291,257,253,177,0.0005109739828515,0.0042131094693292,0.0263142319745619,0.0640273145271607,0.180705306447277
2014,31,3,132,173,298,366,0.0002018552932378,0.0019690623318317,0.014409130499034,0.0461670765357048,0.14847052100779
2014,31,11,423,430,551,543,0.0003604370367239,0.0031078464707245,0.0197493629522612,0.052948923977565,0.157636617439429
2014,32,2,243,284,254,160,0.0001277434957128,0.0035181635774811,0.0290787621820061,0.0642803869165961,0.163349429556861
2014,32,7,120,188,284,331,0.0004709956842216,0.0017900566653015,0.0156584770740948,0.0439981534769805,0.134272520364968
2014,32,9,363,472,538,491,0.0002949030300468,0.0026670171840969,0.0216783704964356,0.0516996753174773,0.142540661441546
2014,33,8,258,259,271,155,0.0005109739828515,0.0037353341686836,0.0265190119899281,0.0685826175369982,0.158244759883209
2014,33,3,140,177,270,359,0.0002018552932378,0.0020883994428518,0.0147422895857169,0.0418292304182561,0.145630920879226
2014,33,11,398,436,541,514,0.0003604370367239,0.0029241676012964,0.0200249354585719,0.0519879634698052,0.149217718902148
2014,34,5,245,304,269,176,0.0003193587392822,0.0035471196563081,0.0311265623356685,0.0680764727581274,0.179684372512547
2014,34,0,136,135,269,351,0.0,0.0020287308873417,0.0112441191755468,0.0416743073426329,0.142385663589438
2014,34,5,381,439,538,527,0.0001638350166926,0.0027992659700852,0.0201627217117272,0.0516996753174773,0.152991707901619
2014,35,5,266,286,266,164,0.0003193587392822,0.0038511584839917,0.0292835421973724,0.0673172555898211,0.167433165295782
2014,35,1,136,159,292,337,6.72850977459533e-05,0.0020287308873417,0.013243073695644,0.0452375380819658,0.136706463332309
2014,35,6,402,445,558,501,0.0001966020200312,0.0029535562204049,0.0204382942180378,0.0536215963329969,0.145443729902677
2014,36,3,256,297,268,202,0.0001916152435693,0.0037063780898566,0.0304098322818867,0.067823400368692,0.206228654815537
2014,36,6,127,165,303,372,0.0004037105864757,0.0018944766374441,0.0137428123256683,0.0469416919138207,0.150904463975131
2014,36,9,383,462,571,574,0.0002949030300468,0.0028139602796395,0.0212190829859179,0.0548708449930846,0.166636129668936
2014,37,3,274,275,290,175,0.0001916152435693,0.0039669827992997,0.028157252112858,0.0733909929362712,0.178663438577817
2014,37,3,122,173,265,360,0.0002018552932378,0.0018198909430565,0.014409130499034,0.0410546150401402,0.146036578040449
2014,37,6,396,448,555,535,0.0001966020200312,0.0029094732917421,0.0205760804711931,0.0533333081806689,0.155314162670524
2014,38,2,268,276,288,191,0.0001277434957128,0.0038801145628187,0.0282596421205412,0.0728848481574003,0.194998381533503
2014,38,2,111,178,290,408,0.0001345701954919,0.0016558024154039,0.0148255793573876,0.0449276919307195,0.165508121779176
2014,38,4,379,454,578,599,0.0001310680133541,0.002784571660531,0.0208516529775037,0.0555435173485165,0.173893800821764
2014,39,5,269,260,274,178,0.0003193587392822,0.0038945926022322,0.0266214019976112,0.0693418347053045,0.181726240382008
2014,39,4,126,199,300,394,0.0002691403909838,0.0018795594985666,0.0165746645624727,0.0464769226869512,0.159828921522047
2014,39,9,395,459,574,572,0.0002949030300468,0.002902126136965,0.0210812967327626,0.0551591331454126,0.166055515976709
2014,40,4,278,302,296,169,0.0002554869914257,0.0040248949569537,0.0309217823203023,0.0749094272728837,0.172537834969434
2014,40,2,113,172,311,402,0.0001345701954919,0.0016856366931589,0.0143258407273633,0.0481810765188061,0.163074178811835
2014,40,6,391,474,607,571,0.0001966020200312,0.0028727375178565,0.0217702279985391,0.0583303028210199,0.165765209130596
2014,41,5,257,306,261,183,0.0003193587392822,0.0037208561292701,0.0313313423510348,0.066051893642644,0.18683091005566
2014,41,2,120,157,315,400,0.0001345701954919,0.0017900566653015,0.0130764941523026,0.0488007688212987,0.162262864489388
2014,41,7,377,463,576,583,0.0002293690233697,0.0027698773509767,0.0212650117369697,0.0553513252469645,0.169248891283954
2014,42,2,269,272,298,195,0.0001277434957128,0.0038945926022322,0.0278500820898087,0.0754155720517545,0.199082117272424
2014,42,0,134,155,304,440,0.0,0.0019988966095867,0.0129099146089611,0.0470966149894439,0.178489150938327
2014,42,2,403,427,602,635,6.55340066770762e-05,0.002960903375182,0.0196115766991059,0.05784982256714,0.184344847281836
2014,43,5,300,293,287,175,0.0003193587392822,0.0043434118240507,0.0300002722511542,0.0726317757679649,0.178663438577817
2014,43,6,127,191,335,392,0.0004037105864757,0.0018944766374441,0.0159083463891069,0.0518992303337622,0.1590176071996
2014,43,11,427,484,622,567,0.0003604370367239,0.003137235089833,0.0222295155090568,0.0597717435826596,0.164603981746144
2014,44,1,302,282,273,208,6.38717478564486e-05,0.0043723679028778,0.0288739821666399,0.0690887623158691,0.212354258423919
2014,44,1,137,190,312,374,6.72850977459533e-05,0.0020436480262192,0.0158250566174362,0.0483359995944292,0.151715778297578
2014,44,2,439,472,585,582,6.55340066770762e-05,0.0032254009471586,0.0216783704964356,0.0562161897039483,0.168958584437841
2014,45,4,248,273,306,191,0.0002554869914257,0.0035905537745486,0.0279524720974918,0.0774401511672379,0.194998381533503
2014,45,4,111,168,293,409,0.0002691403909838,0.0016558024154039,0.0139926816406804,0.045392461157589,0.165913778940399
2014,45,8,359,441,599,600,0.0002621360267083,0.0026376285649884,0.0202545792138307,0.0575615344148121,0.174184107667877
2014,46,4,254,244,264,203,0.0002554869914257,0.0036774220110296,0.0249831618746813,0.0668111108109503,0.207249588750267
2014,46,6,121,190,284,410,0.0004037105864757,0.001804973804179,0.0158250566174362,0.0439981534769805,0.166319436101623
2014,46,10,375,434,548,613,0.0003276700333853,0.0027551830414224,0.0199330779564683,0.0526606358252371,0.177958096667348
2014,47,3,269,272,263,181,0.0001916152435693,0.0038945926022322,0.0278500820898087,0.0665580384215149,0.184789042186199
2014,47,3,117,142,302,419,0.0002018552932378,0.001745305248669,0.0118271475772418,0.0467867688381975,0.169970350552634
2014,47,6,386,414,565,600,0.0001966020200312,0.0028360017439708,0.0190145029354329,0.0542942686884287,0.174184107667877
2014,48,6,295,315,266,175,0.0003832304871386,0.0042710216269832,0.0322528524201828,0.0673172555898211,0.178663438577817
2014,48,3,118,157,306,425,0.0002018552932378,0.0017602223875465,0.0130764941523026,0.0474064611406902,0.172404293519975
2014,48,9,413,472,572,600,0.0002949030300468,0.0030343749229533,0.0216783704964356,0.0549669410438606,0.174184107667877
2014,49,7,271,312,311,193,0.0004471022349951,0.0039235486810592,0.0319456823971335,0.0787055131144149,0.197040249402963
2014,49,5,133,197,360,452,0.0003364254887297,0.0019839794707092,0.0164080850191312,0.0557723072243414,0.183357036873008
2014,49,12,404,509,671,645,0.0003932040400624,0.0029682505299591,0.0233777342853511,0.0644804500706826,0.187247915742968
2014,50,1,259,287,284,196,6.38717478564486e-05,0.0037498122080971,0.0293859322050555,0.0718725585996587,0.200103051207155
2014,50,0,136,213,352,416,0.0,0.0020287308873417,0.0177407213658627,0.0545329226193561,0.168753379068963
2014,50,1,395,500,636,612,3.27670033385381e-05,0.002902126136965,0.0229643755258852,0.0611170882935233,0.177667789821234
2014,51,7,262,310,312,202,0.0004471022349951,0.0037932463263376,0.0317409023817672,0.0789585855038504,0.206228654815537
2014,51,5,134,179,345,481,0.0003364254887297,0.0019988966095867,0.0149088691290583,0.0534484610899939,0.195121094548489
2014,51,12,396,489,657,683,0.0003932040400624,0.0029094732917421,0.0224591592643157,0.0631351053598189,0.198279575895266
2014,52,1,267,327,300,221,6.38717478564486e-05,0.0038656365234052,0.0334815325123803,0.0759217168306253,0.225626399575414
2014,52,2,125,194,350,445,0.0001345701954919,0.0018646423596891,0.0161582157041191,0.0542230764681097,0.180517436744444
2014,52,3,392,521,650,666,9.83010100156143e-05,0.0028800846726336,0.0239288792979723,0.0624624330043871,0.193344359511343
1,1,6,296,324,316,231,0.0003785959410697,0.0043203742374587,0.0320283489473107,0.0782954045578062,0.224887547267556
1,1,3,136,198,382,486,0.0001993206148258,0.0020500013911479,0.0159767362307033,0.058657855623438,0.191598882136755
1,1,9,432,522,698,717,0.0002912700727161,0.0032034644463317,0.0231906645448493,0.0661715587729183,0.20119373338911
1,2,4,299,338,358,234,0.0002523972940465,0.0043641618141897,0.0334122899512068,0.088701755796502,0.227808164764537
1,2,5,124,194,373,503,0.0003322010247096,0.0018691189154584,0.0156539738826083,0.0572758642605821,0.198300900647712
1,2,9,423,532,731,737,0.0002912700727161,0.0031367256036998,0.0236349301491568,0.0693000135573113,0.206805831949476
1,3,3,302,292,308,256,0.0001892979705348,0.0044079493909207,0.0288650552241195,0.0763132424171023,0.249226026409066
1,3,6,134,221,376,498,0.0003986412296516,0.0020198543118664,0.0178326197322497,0.0577365280482007,0.196329718732725
1,3,9,436,513,684,754,0.0002912700727161,0.0032331261541681,0.0227908255009726,0.0648443355310546,0.211576115725786
1,4,4,284,353,362,232,0.0002523972940465,0.0041452239305347,0.0348950838839527,0.089692836866854,0.225861086433216
1,4,5,137,204,392,526,0.0003322010247096,0.0020650749307887,0.0164608797528459,0.0601934015821667,0.207368337456653
1,4,9,421,557,754,758,0.0002912700727161,0.0031218947497816,0.0247455941599254,0.0714804517403731,0.21269853543786
1,5,8,312,345,372,251,0.000504794588093,0.004553907980024,0.0341042604531549,0.0921705395427339,0.244358330580764
1,5,3,133,223,404,529,0.0001993206148258,0.0020047807722256,0.0179940009062972,0.0620360567326412,0.208551046605645
1,5,11,445,568,776,780,0.000355996755542,0.0032998649968,0.0252342863246636,0.0735660882633017,0.218871843854262
1,6,1,316,347,337,242,6.30993235116278e-05,0.0046122914156654,0.0343019663108544,0.0834985801771541,0.23559647808982
1,6,3,142,240,412,558,0.0001993206148258,0.0021404426289927,0.019365740885701,0.0632644934996242,0.219983901712571
1,6,4,458,587,749,800,0.0001294533656516,0.0033962655472683,0.0260783909728478,0.0710064434397075,0.224483942414627
1,7,4,331,359,372,288,0.0002523972940465,0.0048312292993204,0.035488201457051,0.0921705395427339,0.280379279710199
1,7,3,142,232,419,582,0.0001993206148258,0.0021404426289927,0.018720216189511,0.0643393756707343,0.229445574904509
1,7,7,473,591,791,870,0.0002265433898903,0.0035074969516548,0.0262560972145708,0.0749881131652986,0.244126287375907
1,8,6,333,377,361,284,0.0003785959410697,0.004860421017141,0.0372675541763461,0.089445066599266,0.276485123047558
1,8,6,127,218,420,552,0.0003986412296516,0.0019143395343808,0.0175905479711784,0.0644929302666072,0.217618483414586
1,8,12,460,595,781,836,0.0003883600969549,0.0034110964011865,0.0264338034562938,0.0740400965639673,0.234585719823286
1,9,6,292,377,368,253,0.0003785959410697,0.0042619908018174,0.0372675541763461,0.0911794584723819,0.246305408912085
1,9,2,135,199,418,559,0.0001328804098838,0.0020349278515071,0.0160574268177271,0.0641858210748614,0.220378138095568
1,9,8,427,576,786,812,0.0002589067313032,0.0031663873115362,0.0255896988081096,0.0745141048646329,0.227851201550847
1,10,2,287,332,332,232,0.0001261986470232,0.0041890115072657,0.0328191723781085,0.0822597288392141,0.225861086433216
1,10,6,130,208,378,450,0.0003986412296516,0.0019595601533032,0.0167836421009409,0.0580436372399465,0.177406372348848
1,10,8,417,540,710,682,0.0002589067313032,0.0030922330419452,0.0239903426326028,0.0673091786945158,0.19137256090847
1,11,7,287,300,296,230,0.0004416952645813,0.0041890115072657,0.0296558786549173,0.0733399992060463,0.223914008101895
1,11,2,149,192,352,476,0.0001328804098838,0.0022459574064783,0.0154925927085608,0.0540512177472517,0.187656518306781
1,11,9,436,492,648,706,0.0002912700727161,0.0032331261541681,0.021857867731927,0.0614314757662623,0.198107079180909
1,12,4,291,305,310,218,0.0002523972940465,0.004247394942907,0.0301501432991659,0.0768087829522782,0.21223153811397
1,12,4,130,212,345,454,0.0002657608197677,0.0019595601533032,0.0171064044490359,0.0529763355761416,0.178983317880837
1,12,8,421,517,655,672,0.0002589067313032,0.0031218947497816,0.0229685317426956,0.0620950873871941,0.188566511628287
1,13,5,264,296,285,224,0.0003154966175581,0.003853306752328,0.0292604669395184,0.0706145262625784,0.218072773107933
1,13,4,106,192,361,485,0.0002657608197677,0.0015977952019241,0.0154925927085608,0.0554332091101076,0.191204645753758
1,13,9,370,488,646,709,0.0002912700727161,0.0027437079748674,0.021680161490204,0.061241872445996,0.198948893964964
1,14,5,265,311,276,235,0.0003154966175581,0.0038679026112384,0.0307432608722643,0.0683845938542864,0.228781703930197
1,14,0,136,182,331,468,0.0,0.0020500013911479,0.0146856868383233,0.0508265712339214,0.184502627242801
1,14,5,401,493,607,703,0.0001618167070645,0.0029735862105995,0.0219022942923577,0.0575446077008043,0.197265264396854
1,15,2,268,293,287,174,0.0001261986470232,0.0039116901879694,0.0289639081529692,0.0711100667977544,0.169395814824912
1,15,0,128,193,331,435,0.0,0.0019294130740216,0.0155732832955846,0.0508265712339214,0.171492826603886
1,15,2,396,486,618,609,6.47266828258192e-05,0.002936509075804,0.0215913083693425,0.0585874259622687,0.170888401163135
1,16,3,247,321,336,212,0.0001892979705348,0.0036051771508523,0.0317317901607615,0.0832508099095661,0.206390303120008
1,16,4,115,181,346,418,0.0002657608197677,0.0017334570586913,0.0146049962512995,0.0531298901720145,0.164790808092929
1,16,7,362,502,682,630,0.0002265433898903,0.0026843845591946,0.0223021333362344,0.0646547322107884,0.176781104651519
1,17,4,252,343,317,204,0.0002523972940465,0.003678156445404,0.0339065545954555,0.0785431748253942,0.198601989794725
1,17,1,142,172,345,413,6.64402049419337e-05,0.0021404426289927,0.0138787809680857,0.0529763355761416,0.162819626177942
1,17,5,394,515,662,617,0.0001618167070645,0.0029216782218858,0.0228796786218341,0.062758699008126,0.173133240587281
1,18,1,245,295,271,214,6.30993235116278e-05,0.0035759854330317,0.0291616140106687,0.0671457425163465,0.208337381451329
1,18,5,131,185,316,378,0.0003322010247096,0.001974633692944,0.0149277585993945,0.0485232522958283,0.149021352773032
1,18,6,376,480,587,592,0.0001941800484774,0.002788200536622,0.021324749006758,0.0556485744981419,0.166118117386824
1,19,6,260,270,280,192,0.0003785959410697,0.0037949233166867,0.0266902907894256,0.0693756749246384,0.1869195198068
1,19,4,117,160,324,375,0.0002657608197677,0.0017636041379729,0.0129104939238007,0.0497516890628113,0.14783864362404
1,19,10,377,430,604,567,0.000323633414129,0.0027956159635811,0.0191034209852207,0.057260202720405,0.159102994186367
1,20,4,260,295,246,176,0.0002523972940465,0.0037949233166867,0.0291616140106687,0.0609514858266466,0.171342893156233
1,20,3,114,184,312,389,0.0001993206148258,0.0017183835190505,0.0148470680123708,0.0479090339123368,0.153357952986004
1,20,7,374,479,558,565,0.0002265433898903,0.0027733696827038,0.0212803224463273,0.0528993263542814,0.158541784330331
1,21,4,250,313,254,171,0.0002523972940465,0.0036489647275833,0.0309409667299637,0.0629336479673506,0.166475197327931
1,21,1,114,166,307,413,6.64402049419337e-05,0.0017183835190505,0.0133946374459432,0.0471412609329724,0.162819626177942
1,21,5,364,479,561,584,0.0001618167070645,0.0026992154131128,0.0212803224463273,0.0531837313346808,0.163873277962678
1,22,4,282,316,269,184,0.0002523972940465,0.004116032212714,0.0312375255165129,0.0666502019811705,0.179131206481516
1,22,5,126,174,297,372,0.0003322010247096,0.00189926599474,0.0140401621421332,0.0456057149742436,0.146655934475047
1,22,9,408,490,566,556,0.0002912700727161,0.0030254941993132,0.0217690146110655,0.0536577396353464,0.156016339978166
1,23,5,249,265,289,189,0.0003154966175581,0.003634368868673,0.026196026145177,0.0716056073329304,0.183998902309818
1,23,2,128,164,300,404,0.0001328804098838,0.0019294130740216,0.0132332562718957,0.0460663787618623,0.159271498730965
1,23,7,377,429,589,593,0.0002265433898903,0.0027956159635811,0.01905899442479,0.0558381778184082,0.166398722314843
1,24,5,258,249,257,181,0.0003154966175581,0.003765731598866,0.0246143792835814,0.0636769587701145,0.176210588984535
1,24,1,102,171,279,383,6.64402049419337e-05,0.0015375010433609,0.013798090381062,0.0428417322485319,0.150992534688019
1,24,6,360,420,536,564,0.0001941800484774,0.0026695537052764,0.0186591553809133,0.0508136898313528,0.158261179402312
1,25,6,242,267,243,144,0.0003785959410697,0.0035321978563007,0.0263937320028764,0.0602081750238826,0.1401896398551
1,25,3,110,171,245,330,0.0001993206148258,0.0016580893604873,0.013798090381062,0.0376208759888542,0.130098006389155
1,25,9,352,438,488,474,0.0002912700727161,0.0026102302896036,0.0194588334686667,0.046263210144963,0.133006735880667
1,26,5,262,266,276,181,0.0003154966175581,0.0038241150345074,0.0262948790740267,0.0683845938542864,0.176210588984535
1,26,2,113,177,267,341,0.0001328804098838,0.0017033099794097,0.0142822339032045,0.0409990770980574,0.134434606602127
1,26,7,375,443,543,522,0.0002265433898903,0.0027807851096629,0.0196809662708204,0.0514773014522846,0.146475772425544
1,27,6,282,327,264,180,0.0003785959410697,0.004116032212714,0.0323249077338599,0.0654113506432305,0.175237049818875
1,27,4,138,159,286,404,0.0002657608197677,0.0020801484704295,0.0128298033367769,0.043916614419642,0.159271498730965
1,27,10,420,486,550,584,0.000323633414129,0.0031144793228225,0.0215913083693425,0.0521409130732164,0.163873277962678
1,28,9,285,314,286,213,0.0005678939116046,0.004159819789445,0.0310398196588135,0.0708622965301664,0.207363842285668
1,28,3,123,181,313,412,0.0001993206148258,0.0018540453758176,0.0146049962512995,0.0480625885082096,0.162425389794945
1,28,12,408,495,599,625,0.0003883600969549,0.0030254941993132,0.0219911474132192,0.0567861944197394,0.175378080011428
1,29,10,271,243,266,169,0.0006309932351162,0.0039554777647004,0.024021261710483,0.0659068911784065,0.16452811899661
1,29,7,113,160,307,397,0.0004650814345935,0.0017033099794097,0.0129104939238007,0.0471412609329724,0.156511844049983
1,29,17,384,403,573,566,0.0005501768040194,0.0028475239522948,0.0179039038535906,0.0543213512562782,0.158822389258349
1,30,4,258,334,268,185,0.0002523972940465,0.003765731598866,0.0330168782358079,0.0664024317135825,0.180104745647177
1,30,2,127,187,332,412,0.0001328804098838,0.0019143395343808,0.0150891397734421,0.0509801258297942,0.162425389794945
1,30,6,385,521,600,597,0.0001941800484774,0.0028549393792539,0.0231462379844186,0.0568809960798725,0.167521142026916
1,31,3,271,258,258,163,0.0001892979705348,0.0039554777647004,0.0255040556432289,0.0639247290377025,0.158686884002648
1,31,9,107,183,294,340,0.0005979618444774,0.0016128687415649,0.014766377425347,0.045145051186625,0.134040370219129
1,31,12,378,441,552,503,0.0003883600969549,0.0028030313905402,0.0195921131499589,0.0523305163934827,0.141144278793197
1,32,7,272,293,315,199,0.0004416952645813,0.0039700736236107,0.0289639081529692,0.0780476342902182,0.193734293966423
1,32,5,124,191,304,446,0.0003322010247096,0.0018691189154584,0.0154119021215371,0.0466805971453538,0.175829426816858
1,32,12,396,484,619,645,0.0003883600969549,0.002936509075804,0.021502455248481,0.0586822276224018,0.180990178571793
1,33,9,275,340,384,229,0.0005678939116046,0.0040138612003417,0.0336099958089063,0.0951437827537898,0.222940468936235
1,33,6,138,198,374,568,0.0003986412296516,0.0020801484704295,0.0159767362307033,0.057429418856455,0.223926265542545
1,33,15,413,538,758,797,0.0004854501211936,0.0030625713341087,0.0239014895117413,0.0718596583809056,0.223642127630573
1,34,5,263,256,247,162,0.0003154966175581,0.0038387108934177,0.0253063497855294,0.0611992560942346,0.157713344836987
1,34,4,115,137,274,350,0.0002657608197677,0.0017334570586913,0.0110546104222543,0.0420739592691675,0.137982734049104
1,34,9,378,393,521,512,0.0002912700727161,0.0028030313905402,0.0174596382492831,0.0493916649293559,0.143669723145362
1,35,7,253,296,245,157,0.0004416952645813,0.0036927523043143,0.0292604669395184,0.0607037155590586,0.152845649008685
1,35,4,123,197,294,387,0.0002657608197677,0.0018540453758176,0.0158960456436796,0.045145051186625,0.152569480220009
1,35,11,376,493,539,544,0.000355996755542,0.002788200536622,0.0219022942923577,0.0510980948117521,0.152649080841947
1,36,4,273,310,268,182,0.0002523972940465,0.003984669482521,0.0306444079434146,0.0664024317135825,0.177184128150195
1,36,2,113,164,300,373,0.0001328804098838,0.0017033099794097,0.0132332562718957,0.0460663787618623,0.147050170858045
1,36,6,386,474,568,555,0.0001941800484774,0.002862354806213,0.0210581896441735,0.0538473429556126,0.155735735050148
1,37,5,272,296,276,145,0.0003154966175581,0.0039700736236107,0.0292604669395184,0.0683845938542864,0.14116317902076
1,37,5,103,174,306,340,0.0003322010247096,0.0015525745830017,0.0140401621421332,0.0469877063370995,0.134040370219129
1,37,10,375,470,582,485,0.000323633414129,0.0027807851096629,0.0208804834024505,0.0551745661974763,0.136093390088868
1,38,5,261,276,249,203,0.0003154966175581,0.003809519175597,0.0272834083625239,0.0616947966294106,0.197628450629064
1,38,5,132,178,272,380,0.0003322010247096,0.0019897072325848,0.0143629244902283,0.0417668500774218,0.149809825539027
1,38,10,393,454,521,583,0.000323633414129,0.0029142627949267,0.0201696584355586,0.0493916649293559,0.16359267303466
1,39,7,243,281,255,180,0.0004416952645813,0.003546793715211,0.0277776730067725,0.0631814182349386,0.175237049818875
1,39,2,130,189,279,349,0.0001328804098838,0.0019595601533032,0.0152505209474896,0.0428417322485319,0.137588497666106
1,39,9,373,470,534,529,0.0002912700727161,0.0027659542557447,0.0208804834024505,0.0506240865110865,0.148440006921672
1,40,3,267,296,265,206,0.0001892979705348,0.003897094329059,0.0292604669395184,0.0656591209108185,0.200549068126045
1,40,0,122,174,279,395,0.0,0.0018389718361768,0.0140401621421332,0.0428417322485319,0.155723371283988
1,40,3,389,470,544,601,9.70900242387288e-05,0.0028846010870903,0.0208804834024505,0.0515721031124177,0.168643561738989
1,41,5,277,319,245,178,0.0003154966175581,0.0040430529181624,0.0315340843030621,0.0607037155590586,0.173289971487554
1,41,6,111,179,303,412,0.0003986412296516,0.0016731629001281,0.014443615077252,0.0465270425494809,0.162425389794945
1,41,11,388,498,548,590,0.000355996755542,0.0028771856601312,0.0221244270945114,0.0519513097529502,0.165556907530788
1,42,7,250,303,299,158,0.0004416952645813,0.0036489647275833,0.0299524374414665,0.0740833100088103,0.153819188174346
1,42,4,138,191,293,437,0.0002657608197677,0.0020801484704295,0.0154119021215371,0.0449914965907521,0.172281299369881
1,42,11,388,494,592,595,0.000355996755542,0.0028771856601312,0.0219467208527884,0.0561225827988075,0.166959932170879
1,43,2,243,311,299,195,0.0001261986470232,0.003546793715211,0.0307432608722643,0.0740833100088103,0.189840137303781
1,43,2,135,179,350,382,0.0001328804098838,0.0020349278515071,0.014443615077252,0.053744108555506,0.150598298305022
1,43,4,378,490,649,577,0.0001294533656516,0.0028030313905402,0.0217690146110655,0.0615262774263954,0.16190904346655
1,44,4,243,287,274,200,0.0002523972940465,0.003546793715211,0.0283707905798709,0.0678890533191105,0.194707833132083
1,44,5,111,179,311,402,0.0003322010247096,0.0016731629001281,0.014443615077252,0.0477554793164639,0.15848302596497
1,44,9,354,466,585,602,0.0002912700727161,0.0026250611435218,0.0207027771607276,0.0554589711778757,0.168924166667007
1,45,5,285,297,245,211,0.0003154966175581,0.004159819789445,0.0293593198683681,0.0607037155590586,0.205416763954347
1,45,2,113,185,301,376,0.0001328804098838,0.0017033099794097,0.0149277585993945,0.0462199333577351,0.148232880007037
1,45,7,398,482,546,587,0.0002265433898903,0.0029513399297222,0.0214136021276195,0.051761706432684,0.164715092746733
1,46,5,241,295,277,180,0.0003154966175581,0.0035176019973903,0.0291616140106687,0.0686323641218744,0.175237049818875
1,46,4,107,182,317,415,0.0002657608197677,0.0016128687415649,0.0146856868383233,0.0486768068917011,0.163608098943937
1,46,9,348,477,594,595,0.0002912700727161,0.0025805685817672,0.0211914693254658,0.0563121861190738,0.166959932170879
1,47,6,266,294,270,195,0.0003785959410697,0.0038824984701487,0.029062761081819,0.0668979722487585,0.189840137303781
1,47,5,112,149,271,407,0.0003322010247096,0.0016882364397689,0.0120228974665394,0.0416132954815489,0.160454207879958
1,47,11,378,443,541,602,0.000355996755542,0.0028030313905402,0.0196809662708204,0.0512876981320184,0.168924166667007
1,48,5,253,315,276,178,0.0003154966175581,0.0036927523043143,0.0311386725876632,0.0683845938542864,0.173289971487554
1,48,2,114,186,297,353,0.0001328804098838,0.0017183835190505,0.0150084491864183,0.0456057149742436,0.139165443198096
1,48,7,367,501,573,531,0.0002265433898903,0.0027214616939901,0.0222577067758037,0.0543213512562782,0.149001216777709
1,49,5,267,328,282,164,0.0003154966175581,0.003897094329059,0.0324237606627096,0.0698712154598144,0.159660423168308
1,49,2,132,186,283,370,0.0001328804098838,0.0019897072325848,0.0150084491864183,0.0434559506320234,0.145867461709052
1,49,7,399,514,565,534,0.0002265433898903,0.0029587553566813,0.0228352520614034,0.0535629379752133,0.149843031561764
1,50,3,239,321,280,200,0.0001892979705348,0.0034884102795697,0.0317317901607615,0.0693756749246384,0.194707833132083
1,50,4,123,192,309,377,0.0002657608197677,0.0018540453758176,0.0154925927085608,0.0474483701247181,0.148627116390034
1,50,7,362,513,589,577,0.0002265433898903,0.0026843845591946,0.0227908255009726,0.0558381778184082,0.16190904346655
1,51,5,261,294,294,200,0.0003154966175581,0.003809519175597,0.029062761081819,0.0728444586708703,0.194707833132083
1,51,5,98,167,292,393,0.0003322010247096,0.0014772068847978,0.013475328032967,0.0448379419948793,0.154934898517994
1,51,10,359,461,586,593,0.000323633414129,0.0026621382783173,0.0204806443585738,0.0555537728380088,0.166398722314843
1,52,7,229,288,268,191,0.0004416952645813,0.0033424516904663,0.0284696435087206,0.0664024317135825,0.185945980641139
1,52,2,133,189,324,398,0.0001328804098838,0.0020047807722256,0.0152505209474896,0.0497516890628113,0.156906080432981
1,52,9,362,477,592,589,0.0002912700727161,0.0026843845591946,0.0211914693254658,0.0561225827988075,0.165276302602769
1,53,3,283,299,309,224,0.0001892979705348,0.0041306280716244,0.0295570257260676,0.0765610126846903,0.218072773107933
1,53,4,135,195,306,398,0.0002657608197677,0.0020349278515071,0.0157346644696321,0.0469877063370995,0.156906080432981
1,53,7,418,494,615,622,0.0002265433898903,0.0030996484689043,0.0219467208527884,0.0583030209818693,0.174536265227373
2,1,6,319,342,294,191,0.0003742433109926,0.0046947723455645,0.0327454251133946,0.070624099339684,0.177257255509618
2,1,4,121,182,325,438,0.0002625483754766,0.0018437395325044,0.014263276175009,0.0490924358964935,0.167336822534569
2,1,10,440,524,619,629,0.0003198194863021,0.0032940195130382,0.0225820712223825,0.0574049117218353,0.170229799094602
2,2,3,251,292,305,200,0.0001871216554963,0.0036940058267608,0.0279580822605592,0.073266497614298,0.185609691633108
2,2,4,129,176,292,402,0.0002625483754766,0.0019656396668849,0.0137930582791296,0.044107665482388,0.153583111093372
2,2,7,380,468,597,602,0.0002238736404114,0.0028448350339875,0.0201687200993798,0.055364672533014,0.162922637607235
2,3,2,260,340,271,208,0.0001247477703308,0.0038264602189554,0.0325539313992812,0.065099084765491,0.193034079298432
2,3,6,138,202,350,398,0.0003938225632149,0.0021027773180629,0.0158306691612737,0.0528687771193006,0.152054920933239
2,3,8,398,542,621,606,0.0002558555890417,0.0029795903777027,0.0233577912262048,0.0575903880117281,0.164005180049808
2,4,6,269,296,286,187,0.0003742433109926,0.00395891461115,0.028341069688786,0.0687023551399647,0.173545061676956
2,4,8,120,198,318,428,0.0005250967509532,0.0018285020157069,0.0155171905640208,0.0480350603541074,0.163516347134237
2,4,14,389,494,604,615,0.0004477472808229,0.0029122127058451,0.0212892045493454,0.0560138395476389,0.166440900545597
2,5,1,270,314,325,183,6.23738851654364e-05,0.0039736317658383,0.0300645131158068,0.0780708581135962,0.169832867844294
2,5,3,109,205,325,402,0.0001969112816074,0.0016608893309337,0.0160657781092135,0.0490924358964935,0.153583111093372
2,5,4,379,519,650,585,0.0001279277945208,0.0028373486260034,0.022366593443543,0.0602797942151743,0.1583218322263
2,6,3,294,327,341,209,0.0001871216554963,0.0043268434783573,0.031309222257544,0.0819143465130348,0.193962127756598
2,6,4,133,182,328,424,0.0002625483754766,0.0020265897340751,0.014263276175009,0.0495455968432303,0.161988156974104
2,6,7,427,509,669,633,0.0002238736404114,0.0031966962092439,0.021935637885864,0.0620418189691564,0.171312341537175
2,7,3,281,307,320,212,0.0001871216554963,0.0041355204674095,0.0293942851164098,0.0768697679887717,0.196746273131095
2,7,0,127,184,288,438,0.0,0.0019351646332898,0.0144200154736355,0.0435034508867388,0.167336822534569
2,7,3,408,491,608,650,9.5945845890638e-05,0.0030544544575445,0.0211599178820417,0.0563847921274246,0.175913146918111
2,8,6,292,336,274,211,0.0003742433109926,0.0042974091689807,0.0321709439710544,0.0658197388403857,0.195818224672929
2,8,6,140,191,332,426,0.0003938225632149,0.002133252351658,0.0149686030188281,0.0501498114388795,0.16275225205417
2,8,12,432,527,606,637,0.0003837833835625,0.0032341282491648,0.0227113578896863,0.0561993158375318,0.172394883979748
2,9,2,281,327,287,227,0.0001247477703308,0.0041355204674095,0.031309222257544,0.0689425731649296,0.210667000003578
2,9,2,119,219,322,449,0.0001312741877383,0.0018132644989093,0.0171629531995988,0.0486392749497566,0.171539345474935
2,9,4,400,546,609,676,0.0001279277945208,0.0029945631936711,0.0235301734492765,0.056477530272371,0.182949672794835
2,10,5,258,306,268,210,0.0003118694258271,0.0037970259095788,0.0292985382593531,0.0643784306905963,0.194890176214763
2,10,3,124,167,316,439,0.0001969112816074,0.0018894520828971,0.0130877314353105,0.0477329530562829,0.167718870074603
2,10,8,382,473,584,649,0.0002558555890417,0.0028598078499559,0.0203841978782194,0.0541590766487105,0.175642511307467
2,11,3,280,319,286,192,0.0001871216554963,0.0041208033127212,0.0305432474010903,0.0687023551399647,0.178185303967784
2,11,9,124,199,322,421,0.0005907338448223,0.0018894520828971,0.015595560213334,0.0486392749497566,0.160842014354004
2,11,12,404,518,608,613,0.0003837833835625,0.0030245088256078,0.0223234978877751,0.0563847921274246,0.16589962932431
2,12,8,295,304,280,186,0.0004989910813234,0.0043415606330456,0.0291070445452397,0.0672610469901752,0.172617013218791
2,12,3,134,193,340,405,0.0001969112816074,0.0020418272508727,0.0151253423174546,0.0513582406301778,0.154729253713472
2,12,11,429,497,620,591,0.0003518014349323,0.0032116690252122,0.0214184912166491,0.0574976498667817,0.159945645890159
2,13,3,291,319,303,201,0.0001871216554963,0.0042826920142924,0.0305432474010903,0.0727860615643682,0.186537740091274
2,13,5,125,188,315,441,0.0003281854693457,0.0019046895996946,0.0147334940708884,0.0475818994073706,0.168482965154669
2,13,8,416,507,618,642,0.0002558555890417,0.0031143457214179,0.0218494467743282,0.0573121735768888,0.173748062032965
2,14,3,258,323,295,225,0.0001871216554963,0.0037970259095788,0.0309262348293172,0.0708643173646489,0.208810903087247
2,14,0,126,189,293,426,0.0,0.0019199271164922,0.0148118637202017,0.0442587191313003,0.16275225205417
2,14,3,384,512,588,651,9.5945845890638e-05,0.0028747806659242,0.0220649245531677,0.0545300292284962,0.176183782528754
2,15,2,271,307,287,196,0.0001247477703308,0.0039883489205266,0.0293942851164098,0.0689425731649296,0.181897497800446
2,15,4,121,172,311,404,0.0002625483754766,0.0018437395325044,0.0134795796818767,0.0469776848117214,0.154347206173438
2,15,6,392,479,598,600,0.0001918916917812,0.0029346719297977,0.0206427712128268,0.0554574106779604,0.162381366385948
2,16,7,232,282,293,168,0.000436617196158,0.0034143798876833,0.0270006136899921,0.0703838813147191,0.155912140971811
2,16,2,134,169,299,363,0.0001312741877383,0.0020418272508727,0.0132444707339369,0.045165041024774,0.138683257032075
2,16,9,366,451,592,531,0.0002878375376719,0.002740025322209,0.0194360956513254,0.0549009818082819,0.143707509251564
2,17,8,269,289,298,180,0.0004989910813234,0.00395891461115,0.027670841689389,0.0715849714395436,0.167048722469797
2,17,5,113,194,350,408,0.0003281854693457,0.001721839398124,0.0152037119667679,0.0528687771193006,0.155875396333571
2,17,13,382,483,648,588,0.0004157653321927,0.0028598078499559,0.0208151534358984,0.0600943179252815,0.159133739058229
2,18,7,233,309,254,220,0.000436617196158,0.0034290970423716,0.0295857788305232,0.0610153783410875,0.204170660796419
2,18,6,120,174,283,376,0.0003938225632149,0.0018285020157069,0.0136363189805031,0.0427481826421774,0.143649875052507
2,18,13,353,483,537,596,0.0004157653321927,0.0026427020184147,0.0208151534358984,0.0498003838362286,0.161298823943375
2,19,7,244,318,267,220,0.000436617196158,0.0035909857439428,0.0304475005440336,0.0641382126656314,0.204170660796419
2,19,3,115,163,262,402,0.0001969112816074,0.0017523144317191,0.0127742528380575,0.0395760560150193,0.153583111093372
2,19,10,359,481,529,622,0.0003198194863021,0.0026876204663198,0.0207289623243626,0.0490584786766573,0.1683353498201
2,20,10,264,267,272,197,0.0006237388516543,0.0038853288377086,0.0255644108341414,0.0653393027904559,0.182825546258611
2,20,4,109,186,262,393,0.0002625483754766,0.0016608893309337,0.014576754772262,0.0395760560150193,0.150144683233073
2,20,14,373,453,534,590,0.0004477472808229,0.0027924301780983,0.0195222867628612,0.0495221694013894,0.159675010279516
2,21,5,225,303,290,195,0.0003118694258271,0.0033113598048653,0.029011297688183,0.0696632272398243,0.18096944934228
2,21,3,103,191,275,410,0.0001969112816074,0.0015694642301484,0.0149686030188281,0.0415397534508791,0.156639491413638
2,21,8,328,494,565,605,0.0002558555890417,0.0024555418188103,0.0212892045493454,0.0523970518947285,0.163734544439164
2,22,2,242,338,296,172,0.0001247477703308,0.0035615514345662,0.0323624376851678,0.0711045353896138,0.159624334804473
2,22,3,125,156,314,394,0.0001969112816074,0.0019046895996946,0.0122256652928649,0.0474308457584583,0.150526730773106
2,22,5,367,494,610,566,0.000159909743151,0.0027475117301932,0.0212892045493454,0.0565702684173175,0.153179755624078
2,23,5,215,300,266,194,0.0003118694258271,0.0031641882579824,0.0287240571170129,0.0638979946406665,0.180041400884115
2,23,5,109,181,246,372,0.0003281854693457,0.0016608893309337,0.0141849065256958,0.0371591976324227,0.142121684892374
2,23,10,324,481,512,566,0.0003198194863021,0.0024255961868736,0.0207289623243626,0.0474819302125681,0.153179755624078
2,24,4,261,281,271,184,0.0002494955406617,0.0038411773736437,0.0269048668329354,0.065099084765491,0.170760916302459
2,24,2,133,170,260,349,0.0001312741877383,0.0020265897340751,0.0133228403832502,0.0392739487171948,0.133334591471609
2,24,6,394,451,531,533,0.0001918916917812,0.002949644745766,0.0194360956513254,0.0492439549665501,0.144248780472851
2,25,9,231,271,295,201,0.0005613649664889,0.003399662732995,0.0259473982623683,0.0708643173646489,0.186537740091274
2,25,2,132,174,262,416,0.0001312741877383,0.0020113522172775,0.0136363189805031,0.0395760560150193,0.158931776653838
2,25,11,363,445,557,617,0.0003518014349323,0.0027175660982565,0.019177522316718,0.0516551467351571,0.166982171766883
2,26,8,270,265,289,167,0.0004989910813234,0.0039736317658383,0.025372917120028,0.0694230092148594,0.154984092513645
2,26,8,105,185,286,387,0.0005250967509532,0.0015999392637435,0.0144983851229487,0.0432013435889142,0.147852397992873
2,26,16,375,450,575,554,0.0005117111780834,0.0028074029940666,0.0193930000955575,0.0533244333441927,0.149932128296359
2,27,10,240,288,270,172,0.0006237388516543,0.0035321171251896,0.0275750948323323,0.0648588667405261,0.159624334804473
2,27,5,114,155,258,374,0.0003281854693457,0.0017370769149215,0.0121472956435516,0.0389718414193702,0.142885779972441
2,27,15,354,443,528,546,0.0004797292294531,0.0026501884263989,0.0190913312051822,0.0489657405317108,0.147767043411213
2,28,4,235,267,279,196,0.0002494955406617,0.0034585313517482,0.0255644108341414,0.0670208289652103,0.181897497800446
2,28,4,92,197,280,364,0.0002625483754766,0.0014018515453752,0.0154388209147076,0.0422950216954405,0.139065304572108
2,28,8,327,464,559,560,0.0002558555890417,0.0024480554108261,0.0199963378763082,0.0518406230250499,0.151555941960218
2,29,5,242,309,278,186,0.0003118694258271,0.0035615514345662,0.0295857788305232,0.0667806109402454,0.172617013218791
2,29,9,121,164,271,396,0.0005907338448223,0.0018437395325044,0.0128526224873708,0.0409355388552299,0.151290825853172
2,29,14,363,473,549,582,0.0004477472808229,0.0027175660982565,0.0203841978782194,0.0509132415755857,0.15750992539437
2,30,5,241,326,249,167,0.0003118694258271,0.0035468342798779,0.0312134754004873,0.059814288216263,0.154984092513645
2,30,4,127,157,264,402,0.0002625483754766,0.0019351646332898,0.0123040349421781,0.0398781633128439,0.153583111093372
2,30,9,368,483,513,569,0.0002878375376719,0.0027549981381774,0.0208151534358984,0.0475746683575145,0.153991662456008
2,31,6,225,265,237,164,0.0003742433109926,0.0033113598048653,0.025372917120028,0.056931671916684,0.152199947139149
2,31,4,116,167,285,358,0.0002625483754766,0.0017675519485166,0.0130877314353105,0.043050289940002,0.136773019331908
2,31,10,341,432,522,522,0.0003198194863021,0.0025528651226046,0.0186172800917352,0.0484093116620323,0.141271788755775
2,32,3,220,293,241,170,0.0001871216554963,0.0032377740314238,0.0280538291176159,0.0578925440165437,0.157768237888142
2,32,6,123,178,264,341,0.0003938225632149,0.0018742145660995,0.0139497975777561,0.0398781633128439,0.130278211151343
2,32,9,343,471,505,511,0.0002878375376719,0.002567837938573,0.0202980067666835,0.0468327631979431,0.138294797038699
2,33,3,229,294,264,202,0.0001871216554963,0.0033702284236184,0.0281495759746726,0.0634175585907366,0.187465788549439
2,33,1,124,168,267,397,6.56370938691514e-05,0.0018894520828971,0.0131661010846237,0.0403313242595808,0.151672873393206
2,33,4,353,462,531,599,0.0001279277945208,0.0026427020184147,0.0199101467647724,0.0492439549665501,0.162110730775305
2,34,3,234,293,280,200,0.0001871216554963,0.0034438141970599,0.0280538291176159,0.0672610469901752,0.185609691633108
2,34,4,119,178,311,421,0.0002625483754766,0.0018132644989093,0.0139497975777561,0.0469776848117214,0.160842014354004
2,34,7,353,471,591,621,0.0002238736404114,0.0026427020184147,0.0202980067666835,0.0548082436633354,0.168064714209456
2,35,8,231,297,271,168,0.0004989910813234,0.003399662732995,0.0284368165458427,0.065099084765491,0.155912140971811
2,35,6,105,203,252,377,0.0003938225632149,0.0015999392637435,0.015909038810587,0.0380655195258965,0.14403192259254
2,35,14,336,500,523,545,0.0004477472808229,0.0025154330826837,0.0215477778839528,0.0485020498069787,0.14749640780057
2,36,4,248,303,284,185,0.0002494955406617,0.0036498543626959,0.029011297688183,0.0682219190900349,0.171688964760625
2,36,2,108,187,287,372,0.0001312741877383,0.0016456518141362,0.0146551244215752,0.0433523972378265,0.142121684892374
2,36,6,356,490,571,557,0.0001918916917812,0.0026651612423673,0.0211168223262738,0.052953480764407,0.150744035128289
2,37,5,238,282,280,191,0.0003118694258271,0.003502682815813,0.0270006136899921,0.0672610469901752,0.177257255509618
2,37,3,116,153,279,383,0.0001969112816074,0.0017675519485166,0.0119905563449252,0.0421439680465282,0.14632420783274
2,37,8,354,435,559,574,0.0002558555890417,0.0026501884263989,0.0187465667590389,0.0518406230250499,0.155344840509224
2,38,2,241,304,253,173,0.0001247477703308,0.0035468342798779,0.0291070445452397,0.0607751603161226,0.160552383262638
2,38,7,114,143,274,323,0.000459459657084,0.0017370769149215,0.0112068598517928,0.0413886998019668,0.123401355430744
2,38,9,355,447,527,496,0.0002878375376719,0.0026576748343831,0.0192637134282538,0.0488730023867644,0.134235262879051
2,39,7,268,304,273,182,0.000436617196158,0.0039441974564617,0.0291070445452397,0.0655795208154208,0.168904819386128
2,39,3,119,183,291,358,0.0001969112816074,0.0018132644989093,0.0143416458243223,0.0439566118334757,0.136773019331908
2,39,10,387,487,564,540,0.0003198194863021,0.0028972398898768,0.02098753565897,0.052304313749782,0.146143229747353
2,40,8,254,279,278,199,0.0004989910813234,0.0037381572908257,0.026713373118822,0.0667806109402454,0.184681643174943
2,40,5,93,188,307,380,0.0003281854693457,0.0014170890621728,0.0147334940708884,0.0463734702160723,0.14517806521264
2,40,13,347,467,585,579,0.0004157653321927,0.0025977835705097,0.0201256245436119,0.0542518147936569,0.15669801856244
2,41,7,252,296,260,234,0.000436617196158,0.0037087229814491,0.028341069688786,0.062456686490877,0.217163339210736
2,41,1,124,156,297,456,6.56370938691514e-05,0.0018894520828971,0.0122256652928649,0.0448629337269494,0.174213678255168
2,41,8,376,452,557,690,0.0002558555890417,0.0028148894020508,0.0194791912070933,0.0516551467351571,0.186738571343841
2,42,6,264,357,276,205,0.0003742433109926,0.0038853288377086,0.0341816279692453,0.0663001748903156,0.190249933923936
2,42,5,119,187,326,397,0.0003281854693457,0.0018132644989093,0.0146551244215752,0.0492434895454057,0.151672873393206
2,42,11,383,544,602,602,0.0003518014349323,0.0028672942579401,0.0234439823377407,0.0558283632577461,0.162922637607235
2,43,8,261,302,255,196,0.0004989910813234,0.0038411773736437,0.0289155508311263,0.0612555963660524,0.181897497800446
2,43,4,124,202,297,386,0.0002625483754766,0.0018894520828971,0.0158306691612737,0.0448629337269494,0.14747035045284
2,43,12,385,504,552,582,0.0003837833835625,0.0028822670739084,0.0217201601070244,0.051191456010425,0.15750992539437
2,44,7,236,278,296,212,0.000436617196158,0.0034732485064364,0.0266176262617652,0.0711045353896138,0.196746273131095
2,44,6,108,174,291,389,0.0003938225632149,0.0016456518141362,0.0136363189805031,0.0439566118334757,0.148616493072939
2,44,13,344,452,587,601,0.0004157653321927,0.0025753243465571,0.0194791912070933,0.0544372910835497,0.162652001996592
2,45,3,221,300,272,196,0.0001871216554963,0.0032524911861121,0.0287240571170129,0.0653393027904559,0.181897497800446
2,45,6,114,169,286,401,0.0003938225632149,0.0017370769149215,0.0132444707339369,0.0432013435889142,0.153201063553339
2,45,9,335,469,558,597,0.0002878375376719,0.0025079466746995,0.0202118156551477,0.0517478848801035,0.161569459554019
2,46,4,264,314,321,223,0.0002494955406617,0.0038853288377086,0.0300645131158068,0.0771099860137366,0.206954806170916
2,46,3,130,184,267,424,0.0001969112816074,0.0019808771836824,0.0144200154736355,0.0403313242595808,0.161988156974104
2,46,7,394,498,588,647,0.0002238736404114,0.002949644745766,0.021461586772417,0.0545300292284962,0.175101240086181
2,47,6,238,264,283,211,0.0003742433109926,0.003502682815813,0.0252771702629713,0.06798170106507,0.195818224672929
2,47,1,118,198,321,444,6.56370938691514e-05,0.0017980269821117,0.0155171905640208,0.0484882213008443,0.169629107774769
2,47,7,356,462,604,655,0.0002238736404114,0.0026651612423673,0.0199101467647724,0.0560138395476389,0.177266324971327
2,48,4,257,290,296,206,0.0002494955406617,0.0037823087548905,0.0277665885464458,0.0711045353896138,0.191177982382101
2,48,2,132,201,304,433,0.0001312741877383,0.0020113522172775,0.0157522995119605,0.0459203092693354,0.165426584834403
2,48,6,389,491,600,639,0.0001918916917812,0.0029122127058451,0.0211599178820417,0.0556428869678532,0.172936155201035
2,49,5,266,336,306,211,0.0003118694258271,0.0039147631470852,0.0321709439710544,0.0735067156392629,0.195818224672929
2,49,6,121,201,289,459,0.0003938225632149,0.0018437395325044,0.0157522995119605,0.0436545045356511,0.175359820875268
2,49,11,387,537,595,670,0.0003518014349323,0.0028972398898768,0.0231423134473653,0.0551791962431211,0.181325859130976
2,50,5,251,328,332,206,0.0003118694258271,0.0036940058267608,0.0314049691146007,0.0797523842883506,0.191177982382101
2,50,5,116,192,321,448,0.0003281854693457,0.0017675519485166,0.0150469726681414,0.0484882213008443,0.171157297934902
2,50,10,367,520,653,654,0.0003198194863021,0.0027475117301932,0.0224096889993109,0.0605580086500136,0.176995689360684
2,51,4,287,352,343,241,0.0002494955406617,0.0042238233955392,0.0337028936839617,0.0823947825629646,0.223659678417895
2,51,4,108,221,367,508,0.0002625483754766,0.0016456518141362,0.0173196924982252,0.0554366891508095,0.194080150336898
2,51,8,395,573,710,749,0.0002558555890417,0.0029571311537502,0.0246937534550099,0.0658440829119597,0.202706072371792
2,52,6,281,397,373,297,0.0003742433109926,0.0041355204674095,0.0380115022515137,0.089601323311912,0.275630392075165
2,52,2,116,236,357,555,0.0001312741877383,0.0017675519485166,0.0184952372379238,0.0539261526616867,0.212036384718461
2,52,8,397,633,730,852,0.0002558555890417,0.0029721039697186,0.0272794868010843,0.0676988458108881,0.230581540268047
3,1,6,316,374,407,296,0.0003699060864916,0.0046879468767262,0.0348003265406043,0.0946284793119419,0.264310722234631
3,1,6,132,264,384,578,0.0003891802935514,0.0020324896347827,0.0201703677397703,0.0567806090394949,0.215625615124601
3,1,12,448,638,791,874,0.0003792984912181,0.0033849158280831,0.0267667607860741,0.0714937582214755,0.22997179253543
3,2,3,298,382,394,314,0.0001849530432458,0.004420911928052,0.035544718552168,0.0916059480317079,0.28038367155971
3,2,3,161,240,387,629,0.0001945901467757,0.0024790214484849,0.0183366979452457,0.0572242075476159,0.234651404694419
3,2,6,459,622,781,943,0.000189649245609,0.0034680276006476,0.0260954940578966,0.0705899180416844,0.248127460367175
3,3,7,314,392,442,280,0.0004315571009069,0.0046582763268735,0.0364752085666227,0.102766063527957,0.250023656167894
3,3,4,145,217,409,623,0.0002594535290343,0.0022326590685113,0.0165794310588264,0.060477263273837,0.232413076509734
3,3,11,459,609,851,903,0.0003476902836166,0.0034680276006476,0.0255500898412525,0.0769167993002221,0.237602435537178
3,4,6,308,360,388,274,0.0003699060864916,0.0045692646773155,0.0334976405203678,0.0902109335946768,0.244666006392868
3,4,1,127,234,436,627,6.486338225858e-05,0.0019555013910409,0.0178782804966146,0.0644696498469265,0.233905295299524
3,4,7,435,594,824,901,0.0002212574532105,0.0032866928241432,0.0249207772835862,0.0744764308147862,0.237076184295678
3,5,5,263,314,351,282,0.0003082550720763,0.0039016773056297,0.0292173864538763,0.0816083445663184,0.251809539426237
3,5,4,118,247,424,590,0.0002594535290343,0.0018169225523057,0.0188715183019821,0.0626952558144423,0.22010227149397
3,5,9,381,561,775,872,0.0002844738684136,0.0028786895770081,0.0235362896567203,0.0700476139338098,0.229445541293931
3,6,6,285,374,342,290,0.0003699060864916,0.0042280533540094,0.0348003265406043,0.0795158229107718,0.258953072459605
3,6,3,138,232,369,601,0.0001945901467757,0.0021248755272728,0.0177254746804042,0.0545626164988896,0.224205873165891
3,6,9,423,606,711,891,0.0002844738684136,0.0031960254358909,0.0254242273297192,0.0642630367831468,0.234444928088179
3,7,6,271,326,322,263,0.0003699060864916,0.0040203595050405,0.0303339744712219,0.0748657747873349,0.234843648471987
3,7,2,132,229,362,579,0.0001297267645171,0.0020324896347827,0.0174962659560886,0.0535275533132738,0.215998669822048
3,7,8,403,555,684,842,0.000252865660812,0.0030449131221372,0.0232845646336538,0.0618226682977108,0.221551772671433
3,8,6,241,363,300,254,0.0003699060864916,0.0035753012572501,0.0337767875247042,0.0697507218515542,0.226807173809447
3,8,3,116,219,339,516,0.0001945901467757,0.001786127254809,0.0167322368750367,0.0501266314176791,0.192496223882862
3,8,9,357,582,639,770,0.0002844738684136,0.0026973548005037,0.0244173272374531,0.0577553874886509,0.202606727977439
3,9,5,260,365,297,209,0.0003082550720763,0.0038571714808507,0.0339628855275951,0.0690532146330387,0.18662480049675
3,9,4,141,211,352,509,0.0002594535290343,0.0021710684735179,0.0161210136101952,0.052048891619537,0.18988484100073
3,9,9,401,576,649,718,0.0002844738684136,0.0030298018907619,0.0241656022143866,0.058659227668442,0.188924195698443
3,10,5,251,318,298,210,0.0003082550720763,0.0037236540065136,0.0295895824596582,0.0692857170392105,0.187517742125921
3,10,3,99,214,357,470,0.0001945901467757,0.001524367226087,0.0163502223345108,0.0527882224664054,0.175335707800281
3,10,8,350,532,655,680,0.000252865660812,0.0026444654906899,0.0223196187118987,0.0592015317763167,0.178925422109946
3,11,2,270,304,305,212,0.0001233020288305,0.0040055242301142,0.0282868964394217,0.0709132338824135,0.189303625384263
3,11,4,111,201,301,454,0.0002594535290343,0.0017091390110672,0.0153569845291433,0.0445077169814791,0.169366832641122
3,11,6,381,505,606,666,0.000189649245609,0.0028786895770081,0.0211868561080994,0.0547727148953403,0.175241663419447
3,12,1,255,314,287,197,6.16510144152746e-05,0.003782995106219,0.0292173864538763,0.0667281905713202,0.175909500946697
3,12,3,133,183,299,431,0.0001945901467757,0.002047887283531,0.0139817321832499,0.0442119846427317,0.160786574599832
3,12,4,388,497,586,628,0.000126432830406,0.0029315788868219,0.0208512227440107,0.0529650345357581,0.16524288983095
3,13,3,240,331,281,207,0.0001849530432458,0.0035604659823237,0.0307992194784492,0.0653331761342891,0.184838917238408
3,13,4,118,181,300,410,0.0002594535290343,0.0018169225523057,0.0138289263670395,0.0443598508121054,0.152952425953437
3,13,7,358,512,581,617,0.0002212574532105,0.0027049104161914,0.021480535301677,0.0525131144458626,0.162348508002701
3,14,5,264,298,281,214,0.0003082550720763,0.0039165125805561,0.0277286024307489,0.0653331761342891,0.191089508642605
3,14,1,100,175,304,427,6.486338225858e-05,0.0015397648748354,0.0133705089184084,0.0449513154896001,0.159294355810043
3,14,6,364,473,585,641,0.000189649245609,0.0027502441103175,0.0198443226517446,0.052874650517779,0.168663522900699
3,15,7,235,272,278,199,0.0004315571009069,0.003486289607692,0.0253093283931667,0.0646356689157736,0.177695384205039
3,15,1,135,174,304,389,6.486338225858e-05,0.0020786825810277,0.0132941060103032,0.0449513154896001,0.145118277307041
3,15,8,370,446,582,588,0.000252865660812,0.0027955778044436,0.0187115600479452,0.0526034984638417,0.154717865000953
3,16,8,251,286,312,200,0.0004932081153221,0.0037236540065136,0.0266120144134033,0.0725407507256164,0.17858832583421
3,16,4,119,205,255,403,0.0002594535290343,0.0018323202010541,0.0156625961615641,0.0377058731902896,0.150341043071305
3,16,12,370,491,567,603,0.0003792984912181,0.0027955778044436,0.0205994977209441,0.051247738194155,0.158664749312202
3,17,2,273,292,269,202,0.0001233020288305,0.0040500300548932,0.0271703084220761,0.0625431472602269,0.180374209092552
3,17,6,117,177,281,432,0.0003891802935514,0.0018015249035574,0.0135233147346187,0.0415503935940054,0.16115962929728
3,17,8,390,469,550,634,0.000252865660812,0.0029466901181973,0.0196765059697002,0.0497112098885102,0.16682164355545
3,18,2,254,309,298,184,0.0001233020288305,0.0037681598312926,0.028752141446649,0.0692857170392105,0.164301259767473
3,18,3,108,167,305,411,0.0001945901467757,0.0016629460648222,0.0127592856535668,0.0450991816589738,0.153325480650884
3,18,5,362,476,603,595,0.0001580410380075,0.0027351328789421,0.0199701851632778,0.054501562841403,0.156559744346203
3,19,3,240,305,312,207,0.0001849530432458,0.0035604659823237,0.0283799454408671,0.0725407507256164,0.184838917238408
3,19,3,125,190,297,392,0.0001945901467757,0.0019247060935442,0.0145165525399862,0.0439162523039843,0.146237441399383
3,19,6,365,495,609,599,0.000189649245609,0.0027577997260052,0.0207673144029885,0.0550438669492776,0.157612246829202
3,20,9,226,289,263,192,0.0005548591297374,0.0033527721333548,0.0268911614177397,0.0611481328231959,0.171444792800842
3,20,2,122,170,302,399,0.0001297267645171,0.0018785131472991,0.0129884943778824,0.0446555831508527,0.148848824281515
3,20,11,348,459,565,591,0.0003476902836166,0.0026293542593145,0.0192569642645893,0.0510669701581968,0.155507241863203
3,21,8,238,320,258,181,0.0004932081153221,0.003530795432471,0.0297756804625491,0.0599856207923366,0.16162243487996
3,21,5,120,167,271,364,0.0003243169112929,0.0018477178498024,0.0127592856535668,0.0400717319002685,0.135791909870856
3,21,13,358,487,529,545,0.0004109066988196,0.0027049104161914,0.0204316810388998,0.0478131455109489,0.143403463308707
3,22,2,265,334,297,195,0.0001233020288305,0.0039313478554824,0.0310783664827856,0.0690532146330387,0.174123617688355
3,22,2,118,179,254,387,0.0001297267645171,0.0018169225523057,0.0136761205508291,0.0375580070209159,0.144372167912146
3,22,4,383,513,551,582,0.000126432830406,0.0028938008083835,0.0215224894721881,0.0498015939064893,0.153139111276454
3,23,4,221,304,240,189,0.000246604057661,0.0032785957587231,0.0282868964394217,0.0558005774812434,0.168765967913329
3,23,6,96,163,255,358,0.0003891802935514,0.0014781742798419,0.0124536740211461,0.0377058731902896,0.133553581686171
3,23,10,317,467,495,547,0.0003160820760151,0.0023951301729963,0.019592597628678,0.0447400888996592,0.143929714550206
3,24,8,254,326,243,178,0.0004932081153221,0.0037681598312926,0.0303339744712219,0.0564980846997589,0.158943609992447
3,24,5,115,191,268,390,0.0003243169112929,0.0017707296060607,0.0145929554480914,0.0396281333921475,0.145491332004488
3,24,13,369,517,511,568,0.0004109066988196,0.0027880221887559,0.0216903061542324,0.0461862331873249,0.149455352585955
3,25,7,298,330,295,207,0.0004315571009069,0.004420911928052,0.0307061704770038,0.068588209820695,0.184838917238408
3,25,3,92,163,268,379,0.0001945901467757,0.0014165836848485,0.0124536740211461,0.0396281333921475,0.141387730332567
3,25,10,390,493,563,586,0.0003160820760151,0.0029466901181973,0.0206834060619663,0.0508862021222386,0.154191613759453
3,26,5,251,291,258,195,0.0003082550720763,0.0037236540065136,0.0270772594206306,0.0599856207923366,0.174123617688355
3,26,2,117,177,267,376,0.0001297267645171,0.0018015249035574,0.0135233147346187,0.0394802672227738,0.140268566240225
3,26,7,368,468,525,571,0.0002212574532105,0.0027804665730682,0.0196345517991891,0.0474516094390324,0.150244729448205
3,27,7,250,295,279,162,0.0004315571009069,0.0037088187315872,0.0274494554264125,0.0648681713219454,0.14465654392571
3,27,1,119,189,270,381,6.486338225858e-05,0.0018323202010541,0.014440149631881,0.0399238657308948,0.142133839727462
3,27,8,369,484,549,543,0.000252865660812,0.0027880221887559,0.0203058185273665,0.0496208258705311,0.142877212067207
3,28,10,241,272,252,177,0.0006165101441527,0.0035753012572501,0.0253093283931667,0.0585906063553055,0.158050668363276
3,28,5,107,192,265,365,0.0003243169112929,0.0016475484160738,0.0146693583561966,0.0391845348840264,0.136164964568303
3,28,15,348,464,517,542,0.0004741231140226,0.0026293542593145,0.0194667351171448,0.0467285372951996,0.142614086446457
3,29,7,266,296,266,202,0.0004315571009069,0.0039461831304088,0.0275425044278579,0.0618456400417114,0.180374209092552
3,29,2,102,185,276,370,0.0001297267645171,0.0015705601723321,0.0141345379994603,0.0408110627471369,0.13803023805554
3,29,9,368,481,542,572,0.0002844738684136,0.0027804665730682,0.0201799560158333,0.0489881377446773,0.150507855068954
3,30,1,242,269,225,153,6.16510144152746e-05,0.0035901365321764,0.0250301813888303,0.0523130413886657,0.136620069263171
3,30,4,113,147,272,344,0.0002594535290343,0.001739934308564,0.011231227491463,0.0402195980696422,0.128330815921908
3,30,5,355,416,497,497,0.0001580410380075,0.0026822435691283,0.0174529349326126,0.0449208569356174,0.13077343351271
3,31,6,259,285,262,198,0.0003699060864916,0.0038423362059243,0.0265189654119578,0.060915630417024,0.176802442575868
3,31,7,109,202,314,435,0.00045404367581,0.0016783437135705,0.0154333874372485,0.046429977183337,0.162278793389622
3,31,13,368,487,576,633,0.0004109066988196,0.0027804665730682,0.0204316810388998,0.052061194355967,0.1665585179347
3,32,4,223,274,276,191,0.000246604057661,0.0033082663085758,0.0254954263960577,0.0641706641034299,0.170551851171671
3,32,2,125,174,248,442,0.0001297267645171,0.0019247060935442,0.0132941060103032,0.0366708100046738,0.164890176271754
3,32,6,348,448,524,633,0.000189649245609,0.0026293542593145,0.0187954683889674,0.0473612254210533,0.1665585179347
3,33,4,232,291,250,167,0.000246604057661,0.0034417837829129,0.0270772594206306,0.0581256015429618,0.149121252071566
3,33,6,92,150,268,401,0.0003891802935514,0.0014165836848485,0.0114604362157786,0.0396281333921475,0.14959493367641
3,33,10,324,441,518,568,0.0003160820760151,0.0024480194828101,0.0185017891953897,0.0468189213131787,0.149455352585955
3,34,2,228,266,268,201,0.0001233020288305,0.0033824426832075,0.024751034384494,0.0623106448540551,0.179481267463381
3,34,2,131,175,274,392,0.0001297267645171,0.0020170919860343,0.0133705089184084,0.0405153304083896,0.146237441399383
3,34,4,359,441,542,593,0.000126432830406,0.0027124660318791,0.0185017891953897,0.0489881377446773,0.156033493104703
3,35,5,252,259,254,173,0.0003082550720763,0.0037384892814399,0.0240996913743757,0.0590556111676492,0.154478901846592
3,35,3,112,182,271,337,0.0001945901467757,0.0017245366598156,0.0139053292751447,0.0400717319002685,0.125719433039776
3,35,8,364,441,525,510,0.000252865660812,0.0027502441103175,0.0185017891953897,0.0474516094390324,0.134194066582459
3,36,6,235,290,261,189,0.0003699060864916,0.003486289607692,0.0269842104191851,0.0606831280108522,0.168765967913329
3,36,5,120,170,270,374,0.0003243169112929,0.0018477178498024,0.0129884943778824,0.0399238657308948,0.13952245684533
3,36,11,355,460,531,563,0.0003476902836166,0.0026822435691283,0.0192989184351004,0.0479939135469071,0.148139724482205
3,37,9,249,291,271,226,0.0005548591297374,0.0036939834566609,0.0270772594206306,0.0630081520725706,0.201804808192658
3,37,2,123,163,266,391,0.0001297267645171,0.0018939107960475,0.0124536740211461,0.0393324010534001,0.145864386701936
3,37,11,372,454,537,617,0.0003476902836166,0.002810689035819,0.0190471934120339,0.0485362176547817,0.162348508002701
3,38,10,251,336,294,189,0.0006165101441527,0.0037236540065136,0.0312644644856766,0.0683557074145231,0.168765967913329
3,38,6,116,178,252,426,0.0003891802935514,0.001786127254809,0.0135997176427239,0.0372622746821685,0.158921301112595
3,38,16,367,514,546,615,0.0005057313216241,0.0027729109573805,0.0215644436426992,0.0493496738165937,0.161822256761201
3,39,7,251,326,301,213,0.0004315571009069,0.0037236540065136,0.0303339744712219,0.0699832242577261,0.190196567013434
3,39,4,93,192,315,423,0.0002594535290343,0.0014319813335969,0.0146693583561966,0.0465778433527106,0.157802137020253
3,39,11,344,518,616,636,0.0003476902836166,0.0025991317965638,0.0217322603247435,0.0556765550751314,0.167347894796949
3,40,5,252,299,316,232,0.0003082550720763,0.0037384892814399,0.0278216514321943,0.0734707603503038,0.207162457967684
3,40,3,123,216,312,477,0.0001945901467757,0.0018939107960475,0.0165030281507212,0.0461342448445896,0.177947090682413
3,40,8,375,515,628,709,0.000252865660812,0.002833355882882,0.0216063978132102,0.0567611632908807,0.186556065111694
3,41,6,289,339,275,216,0.0003699060864916,0.0042873944537148,0.031543611490013,0.063938161697258,0.192875391900947
3,41,4,124,191,296,416,0.0002594535290343,0.0019093084447959,0.0145929554480914,0.0437683861346106,0.155190754138121
3,41,10,413,530,571,632,0.0003160820760151,0.0031204692790141,0.0222357103708766,0.0516092742660715,0.16629539231395
3,42,6,254,318,276,176,0.0003699060864916,0.0037681598312926,0.0295895824596582,0.0641706641034299,0.157157726734105
3,42,0,100,171,313,415,0.0,0.0015397648748354,0.0130648972859876,0.0462821110139633,0.154817699440674
3,42,6,354,489,589,591,0.000189649245609,0.0026746879534406,0.020515589379922,0.0532361865896954,0.155507241863203
3,43,6,233,307,293,194,0.0003699060864916,0.0034566190578393,0.0285660434437581,0.0681232050083513,0.173230676059184
3,43,7,120,223,307,411,0.00045404367581,0.0018477178498024,0.0170378485074575,0.0453949139977212,0.153325480650884
3,43,13,353,530,600,605,0.0004109066988196,0.0026671323377529,0.0222357103708766,0.0542304107874656,0.159191000553702
3,44,7,251,296,258,232,0.0004315571009069,0.0037236540065136,0.0275425044278579,0.0599856207923366,0.207162457967684
3,44,4,105,173,295,432,0.0002594535290343,0.0016167531185771,0.013217703102198,0.0436205199652369,0.16115962929728
3,44,11,356,469,553,664,0.0003476902836166,0.002689799184816,0.0196765059697002,0.0499823619424475,0.174715412177947
3,45,5,250,317,267,210,0.0003082550720763,0.0037088187315872,0.0294965334582127,0.0620781424478833,0.187517742125921
3,45,5,101,207,278,400,0.0003243169112929,0.0015551625235837,0.0158154019777745,0.0411067950858843,0.149221878978963
3,45,10,351,524,545,610,0.0003160820760151,0.0026520211063776,0.02198398534781,0.0492592897986146,0.160506628657451
3,46,3,239,329,278,201,0.0001849530432458,0.0035456307073974,0.0306131214755583,0.0646356689157736,0.179481267463381
3,46,3,117,186,312,389,0.0001945901467757,0.0018015249035574,0.0142109409075654,0.0461342448445896,0.145118277307041
3,46,6,356,515,590,590,0.000189649245609,0.002689799184816,0.0216063978132102,0.0533265706076745,0.155244116242453
3,47,7,247,319,286,174,0.0004315571009069,0.0036643129068082,0.0296826314611036,0.0664956881651484,0.155371843475763
3,47,2,110,211,289,426,0.0001297267645171,0.0016937413623189,0.0161210136101952,0.0427333229489948,0.158921301112595
3,47,9,357,530,575,600,0.0002844738684136,0.0026973548005037,0.0222357103708766,0.0519708103379879,0.157875372449952
3,48,9,250,313,301,222,0.0005548591297374,0.0037088187315872,0.0291243374524309,0.0699832242577261,0.198233041675973
3,48,4,117,188,291,421,0.0002594535290343,0.0018015249035574,0.0143637467237758,0.0430290552877422,0.157056027625358
3,48,13,367,501,592,643,0.0004109066988196,0.0027729109573805,0.021019039426055,0.0535073386436328,0.169189774142199
3,49,3,240,316,304,205,0.0001849530432458,0.0035604659823237,0.0294034844567672,0.0706807314762416,0.183053033980066
3,49,4,108,193,304,425,0.0002594535290343,0.0016629460648222,0.0147457612643018,0.0449513154896001,0.158548246415148
3,49,7,348,509,608,630,0.0002212574532105,0.0026293542593145,0.0213546727901437,0.0549534829312985,0.16576914107245
3,50,5,276,311,309,240,0.0003082550720763,0.0040945358796723,0.0289382394495399,0.0718432435071008,0.214305991001052
3,50,4,123,188,323,408,0.0002594535290343,0.0018939107960475,0.0143637467237758,0.0477607727077001,0.152206316558542
3,50,9,399,499,632,648,0.0002844738684136,0.0030146906593865,0.0209351310850328,0.0571226993627971,0.170505402245948
3,51,5,242,327,315,209,0.0003082550720763,0.0035901365321764,0.0304270234726674,0.0732382579441319,0.18662480049675
3,51,6,121,196,277,421,0.0003891802935514,0.0018631154985508,0.0149749699886174,0.0409589289165106,0.157056027625358
3,51,11,363,523,592,630,0.0003476902836166,0.0027426884946298,0.021942031177299,0.0535073386436328,0.16576914107245
3,52,3,264,324,309,233,0.0001849530432458,0.0039165125805561,0.030147876468331,0.0718432435071008,0.208055399596855
3,52,4,110,204,317,433,0.0002594535290343,0.0016937413623189,0.0155861932534589,0.046873575691458,0.161532683994727
3,52,7,374,528,626,666,0.0002212574532105,0.0028258002671943,0.0221518020298544,0.0565803952549225,0.175241663419447
4,1,5,266,318,282,199,0.0003047883255242,0.0039762417613993,0.0289976321952542,0.0627651622819029,0.172084940201156
4,1,1,124,196,303,449,6.4101161769106e-05,0.0019280318950619,0.0147365579064493,0.0433563649993905,0.165008667549742
4,1,6,390,514,585,648,0.0001874697172343,0.002972297513008,0.0211813165344698,0.050951390799096,0.167119072417049
4,2,3,237,308,279,214,0.0001828729953145,0.003542741719743,0.0280857569689884,0.0620974477895423,0.185056166849484
4,2,2,125,214,315,429,0.0001282023235382,0.0019435805393769,0.0160899152652049,0.0450734487617426,0.157658615543072
4,2,5,362,522,594,643,0.0001562247643619,0.0027589017941254,0.0215109868307261,0.0517352583498513,0.165829573401485
4,3,6,275,320,303,212,0.0003657459906291,0.0041107762570857,0.0291800072405074,0.0674391637284276,0.18332666996304
4,3,5,132,204,342,431,0.0003205058088455,0.002052421049582,0.0153380500658962,0.0489368872270349,0.158393620743739
4,3,11,407,524,645,643,0.0003436944815963,0.0031018591994725,0.0215934044047902,0.0561771744707981,0.165829573401485
4,4,7,286,340,286,194,0.000426703655734,0.0042752073073691,0.0310037576930391,0.0636554482717172,0.167761197985046
4,4,6,114,222,268,467,0.0003846069706146,0.0017725454519118,0.0166914074246518,0.0383482040258636,0.171623714355745
4,4,13,400,562,554,661,0.000406184387341,0.0030485102697518,0.0231593383120078,0.0482514025687165,0.170471769857514
4,5,5,258,304,291,209,0.0003047883255242,0.0038566555430113,0.027721006878482,0.0647683057589849,0.180732424633375
4,5,2,140,190,320,497,0.0001282023235382,0.0021768102041022,0.0142854387868641,0.0457889003293893,0.18264879236575
4,5,7,398,494,611,706,0.0002187146701067,0.0030332677184031,0.0203571407938289,0.0532158970568336,0.182077260997587
4,6,9,272,342,373,248,0.0005486189859437,0.0040659314251902,0.0311861327382923,0.0830191685501766,0.214457613919028
4,6,6,124,211,343,476,0.0003846069706146,0.0019280318950619,0.0158643557054123,0.0490799775405642,0.174931237758747
4,6,15,396,553,716,724,0.0004686742930858,0.0030180251670543,0.0227884592287194,0.0623610184823124,0.186719457453616
4,7,2,302,395,358,262,0.0001219153302097,0.004514379744145,0.0360190714375013,0.0796805960883732,0.226564092124135
4,7,5,123,211,374,570,0.0003205058088455,0.0019124832507469,0.0158643557054123,0.0535157772599738,0.209476482190096
4,7,7,425,606,732,832,0.0002187146701067,0.0032390421616113,0.0249725249414177,0.0637545607947663,0.214572636189791
4,8,7,305,429,427,268,0.000426703655734,0.0045592245760405,0.0391194472068052,0.0950380294126686,0.231752582783466
4,8,6,131,249,375,557,0.0003846069706146,0.002036872405267,0.0187214434627851,0.0536588675735031,0.20469894838576
4,8,13,436,678,802,825,0.000406184387341,0.0033228761940295,0.0279395576077247,0.0698513084117521,0.212767337568002
4,9,8,299,439,390,270,0.0004876613208388,0.0044695349122496,0.0400313224330711,0.086802884006887,0.23348207966991
4,9,9,150,262,386,606,0.0005769104559219,0.0023322966472523,0.0196988682218864,0.0552328610223259,0.222706575802102
4,9,17,449,701,776,876,0.0005311641988306,0.0034219527777964,0.0288873597094617,0.0675868021540145,0.225920227526751
4,10,5,305,444,424,305,0.0003047883255242,0.0045592245760405,0.040487260046204,0.094370314920308,0.263748275182676
4,10,6,132,272,456,645,0.0003846069706146,0.002052421049582,0.020450733421195,0.0652491829693798,0.237039177215108
4,10,11,437,716,880,950,0.0003436944815963,0.0033304974697039,0.0295054915149423,0.0766448271849649,0.245004812957093
4,11,6,288,406,392,270,0.0003657459906291,0.0043051038619661,0.0370221341863938,0.0872480270017941,0.23348207966991
4,11,5,132,230,419,634,0.0003205058088455,0.002052421049582,0.0172928995840987,0.0599548413687942,0.23299664861144
4,11,11,420,636,811,904,0.0003436944815963,0.0032009357832394,0.0262087885523789,0.0706351759625074,0.233141422013908
4,12,8,289,395,354,244,0.0004876613208388,0.0043200521392646,0.0360190714375013,0.078790310098559,0.210998620146141
4,12,4,140,231,368,574,0.0002564046470764,0.0021768102041022,0.0173680861040296,0.0526572353787978,0.21094649259143
4,12,12,429,626,722,818,0.0003749394344686,0.0032695272643088,0.0257967006820585,0.0628835968494826,0.210962038946213
4,13,3,254,369,311,243,0.0001828729953145,0.0037968624338173,0.0336481958492101,0.0692197357080561,0.210133871702919
4,13,6,113,222,349,513,0.0003846069706146,0.0017569968075967,0.0166914074246518,0.0499385194217403,0.188528833971086
4,13,9,367,591,660,756,0.0002812045758515,0.0027970081724973,0.024354393135937,0.0574836203887237,0.194972251153224
4,14,3,247,331,306,254,0.0001828729953145,0.0036922244927279,0.0301830699893998,0.0681068782207883,0.21964610457836
4,14,5,119,219,329,449,0.0003205058088455,0.0018502886734868,0.0164658478648592,0.0470767131511534,0.165008667549742
4,14,8,366,550,635,703,0.0002499596229791,0.0027893868968229,0.0226648328676233,0.0553062105255145,0.181303561588249
4,15,2,233,324,313,233,0.0001219153302097,0.003482948610549,0.0295447573310137,0.0696648787029632,0.2014863872707
4,15,3,137,218,328,466,0.0001923034853073,0.0021301642711571,0.0163906613449283,0.0469336228376241,0.171256211755412
4,15,5,370,542,641,699,0.0001562247643619,0.0028198719995204,0.0223351625713669,0.0558287888926847,0.180271962375798
4,16,5,234,310,281,205,0.0003047883255242,0.0034978968878475,0.0282681320142415,0.0625425907844494,0.177273430860487
4,16,1,125,165,294,441,6.4101161769106e-05,0.0019435805393769,0.0124057757885925,0.0420685521776265,0.162068646747074
4,16,6,359,475,575,646,0.0001874697172343,0.0027360379671023,0.0195741738402201,0.0500804268538123,0.166603272810824
4,17,5,262,285,281,199,0.0003047883255242,0.0039164486522053,0.0259884439485769,0.0625425907844494,0.172084940201156
4,17,2,113,213,311,419,0.0001282023235382,0.0017569968075967,0.016014728745274,0.0445010875076253,0.153983589539737
4,17,7,375,498,592,618,0.0002187146701067,0.0028579783778923,0.0205219759419571,0.0515610655607946,0.159382078323667
4,18,5,248,279,282,185,0.0003047883255242,0.0037071727700264,0.0254413188128174,0.0627651622819029,0.159978461996049
4,18,4,109,188,306,416,0.0002564046470764,0.0016948022303367,0.0141350657470024,0.0437856359399786,0.152881081738736
4,18,9,357,467,588,601,0.0002812045758515,0.0027207954157535,0.0192445035439638,0.0512126799826811,0.154997781670751
4,19,3,228,294,259,186,0.0001828729953145,0.0034082072240565,0.0268091316522162,0.0576460178404711,0.160843210439271
4,19,4,110,187,283,404,0.0002564046470764,0.0017103508746517,0.0140598792270716,0.0404945587288037,0.148471050534734
4,19,7,338,481,542,590,0.0002187146701067,0.0025759911779403,0.0198214265624124,0.0472062458343761,0.152160883836511
4,20,4,240,293,286,179,0.0002438306604194,0.0035875865516384,0.0267179441295896,0.0636554482717172,0.154789971336718
4,20,4,104,169,269,414,0.0002564046470764,0.0016170590087616,0.012706521868316,0.0384912943393929,0.152146076538069
4,20,8,344,462,555,593,0.0002499596229791,0.0026217188319866,0.0190384596088036,0.0483384989632449,0.152934583245849
4,21,9,249,318,292,193,0.0005486189859437,0.0037221210473249,0.0289976321952542,0.0649908772564385,0.166896449541824
4,21,1,96,186,258,411,6.4101161769106e-05,0.0014926698542415,0.0139846927071407,0.0369173008905702,0.151043568737069
4,21,10,345,504,550,604,0.0003124495287239,0.0026293401076609,0.0207692286641493,0.0479030169906031,0.155771481080089
4,22,5,245,307,295,190,0.0003047883255242,0.0036623279381309,0.0279945694463618,0.0656585917487992,0.164302204212159
4,22,0,101,168,297,387,0.0,0.0015704130758166,0.0126313353483851,0.0424978231182145,0.142223506329065
4,22,5,346,475,592,577,0.0001562247643619,0.0026369613833353,0.0195741738402201,0.0515610655607946,0.148808186396045
4,23,4,272,309,254,197,0.0002438306604194,0.0040659314251902,0.028176944491615,0.0565331603532033,0.170355443314712
4,23,4,125,213,262,398,0.0002564046470764,0.0019435805393769,0.016014728745274,0.0374896621446875,0.146266034932733
4,23,8,397,522,516,595,0.0002499596229791,0.0030256464427287,0.0215109868307261,0.0449417395766385,0.153450382852074
4,24,4,209,290,259,212,0.0002438306604194,0.0031241899553851,0.0264443815617098,0.0576460178404711,0.18332666996304
4,24,3,118,158,236,374,0.0001923034853073,0.0018347400291718,0.0118794701490765,0.0337693139929246,0.137445972524729
4,24,7,327,448,495,586,0.0002187146701067,0.0024921571455221,0.018461536590355,0.0431127152915428,0.15112928462406
4,25,7,255,289,283,203,0.000426703655734,0.0038118107111158,0.0263531940390832,0.0629877337793565,0.175543933974043
4,25,3,94,167,284,379,0.0001923034853073,0.0014615725656114,0.0125561488284543,0.0406376490423331,0.139283485526397
4,25,10,349,456,567,582,0.0003124495287239,0.0026598252103585,0.0187912068866113,0.0493836556975853,0.150097685411609
4,26,2,275,321,227,180,0.0001219153302097,0.0041107762570857,0.029271194763134,0.0505237299219573,0.15565471977994
4,26,2,142,179,261,351,0.0001282023235382,0.0022079074927322,0.0134583870676246,0.0373465718311582,0.128993412717059
4,26,4,417,500,488,531,0.0001249798114895,0.0031780719562163,0.0206043935160212,0.0425030405298442,0.13694479545286
4,27,2,240,295,300,183,0.0001219153302097,0.0035875865516384,0.0269003191748428,0.0667714492360669,0.158248965109606
4,27,3,87,183,278,408,0.0001923034853073,0.0013527320554063,0.0137591331473481,0.039779107161157,0.149941060936068
4,27,5,327,478,578,591,0.0001562247643619,0.0024921571455221,0.0196978002013162,0.0503417160373974,0.152418783639623
4,28,5,274,301,268,199,0.0003047883255242,0.0040958279797872,0.0274474443106023,0.0596491613175531,0.172084940201156
4,28,4,112,179,290,409,0.0002564046470764,0.0017414481632817,0.0134583870676246,0.0414961909235091,0.150308563536402
4,28,9,386,480,558,608,0.0002812045758515,0.0029418124103105,0.0197802177753803,0.04859978814683,0.15680308029254
4,29,6,242,308,295,189,0.0003657459906291,0.0036174831062354,0.0280857569689884,0.0656585917487992,0.163437455768937
4,29,9,117,201,278,394,0.0005769104559219,0.0018191913848568,0.0151124905061037,0.039779107161157,0.144796024531399
4,29,15,359,509,573,583,0.0004686742930858,0.0027360379671023,0.0209752725993095,0.0499062340647556,0.150355585214722
4,30,4,241,338,310,214,0.0002438306604194,0.0036025348289369,0.0308213826477859,0.0689971642106025,0.185056166849484
4,30,4,109,200,287,446,0.0002564046470764,0.0016948022303367,0.0150373039861728,0.0410669199829211,0.163906159748742
4,30,8,350,538,597,660,0.0002499596229791,0.0026674464860328,0.0221703274232388,0.0519965475334364,0.170213870054402
4,31,6,286,333,365,230,0.0003657459906291,0.0042752073073691,0.030365445034653,0.0812385965705481,0.198892141941034
4,31,5,114,199,334,507,0.0003205058088455,0.0017725454519118,0.0149621174662419,0.0477921647188001,0.186323818369085
4,31,11,400,532,699,737,0.0003436944815963,0.0030485102697518,0.0219230747010465,0.0608803797753301,0.190072154894082
4,32,4,273,294,279,173,0.0002438306604194,0.0040808797024887,0.0268091316522162,0.0620974477895423,0.149601480677387
4,32,6,102,217,307,463,0.0003846069706146,0.0015859617201316,0.0163154748249975,0.0439287262535079,0.170153703954411
4,32,10,375,511,586,636,0.0003124495287239,0.0028579783778923,0.0210576901733736,0.0510384871936244,0.164024274779696
4,33,4,238,301,246,184,0.0002438306604194,0.0035576899970414,0.0274474443106023,0.0547525883735749,0.159113713552827
4,33,3,120,182,273,372,0.0001923034853073,0.0018658373178019,0.0136839466274172,0.0390636555935103,0.136710967324062
4,33,7,358,483,519,556,0.0002187146701067,0.0027284166914279,0.0199038441364764,0.0452030287602236,0.143392290530678
4,34,4,230,292,266,206,0.0002438306604194,0.0034381037786535,0.026626756606963,0.059204018322646,0.178138179303709
4,34,3,105,200,290,408,0.0001923034853073,0.0016326076530766,0.0150373039861728,0.0414961909235091,0.149941060936068
4,34,7,335,492,556,614,0.0002187146701067,0.0025531273509171,0.0202747232197648,0.0484255953577733,0.158350479111216
4,35,5,225,286,251,197,0.0003047883255242,0.003363362392161,0.0260796314712035,0.0558654458608427,0.170355443314712
4,35,5,109,183,265,376,0.0003205058088455,0.0016948022303367,0.0137591331473481,0.0379189330852756,0.138180977725396
4,35,10,334,469,516,573,0.0003124495287239,0.0025455060752428,0.0193269211180279,0.0449417395766385,0.147776587183594
4,36,2,238,338,269,186,0.0001219153302097,0.0035576899970414,0.0308213826477859,0.0598717328150067,0.160843210439271
4,36,2,117,151,255,421,0.0001282023235382,0.0018191913848568,0.0113531645095605,0.0364880299499821,0.154718594740404
4,36,4,355,489,524,607,0.0001249798114895,0.0027055528644047,0.0201510968586687,0.0456385107328655,0.156545180489427
4,37,5,244,296,276,202,0.0003047883255242,0.0036473796608324,0.0269915066974693,0.0614297332971816,0.174679185530821
4,37,6,111,203,281,390,0.0003846069706146,0.0017258995189667,0.0152628635459654,0.040208378101745,0.143326014130065
4,37,11,355,499,557,592,0.0003436944815963,0.0027055528644047,0.0205631847289891,0.0485126917523017,0.152676683442736
4,38,6,233,322,298,217,0.0003657459906291,0.003482948610549,0.0293623822857606,0.0663263062411598,0.18765041217915
4,38,4,114,184,291,387,0.0002564046470764,0.0017725454519118,0.013834319667279,0.0416392812370384,0.142223506329065
4,38,10,347,506,589,604,0.0003124495287239,0.0026445826590097,0.0208516462382134,0.0512997763772095,0.155771481080089
4,39,2,238,304,288,167,0.0001219153302097,0.0035576899970414,0.027721006878482,0.0641005912666243,0.144412990018055
4,39,3,103,178,258,365,0.0001923034853073,0.0016015103644466,0.0133832005476938,0.0369173008905702,0.134138449121728
4,39,5,341,482,546,532,0.0001562247643619,0.0025988550049634,0.0198626353494444,0.0475546314124896,0.137202695255972
4,40,5,246,326,313,205,0.0003047883255242,0.0036772762154294,0.0297271323762669,0.0696648787029632,0.177273430860487
4,40,4,114,191,294,425,0.0002564046470764,0.0017725454519118,0.014360625306795,0.0420685521776265,0.156188605141738
4,40,9,360,517,607,630,0.0002812045758515,0.0027436592427766,0.0213049428955659,0.0528675114787201,0.16247687596102
4,41,7,253,321,297,199,0.000426703655734,0.0037819141565189,0.029271194763134,0.0661037347437063,0.172084940201156
4,41,3,105,170,295,426,0.0001923034853073,0.0016326076530766,0.0127817083882469,0.0422116424911558,0.156556107742072
4,41,10,358,491,592,625,0.0003124495287239,0.0027284166914279,0.0202335144327328,0.0515610655607946,0.161187376945456
4,42,6,211,301,303,213,0.0003657459906291,0.0031540865099821,0.0274474443106023,0.0674391637284276,0.184191418406262
4,42,3,87,189,294,407,0.0001923034853073,0.0013527320554063,0.0142102522669333,0.0420685521776265,0.149573558335735
4,42,9,298,490,597,620,0.0002812045758515,0.0022711401509651,0.0201923056457007,0.0519965475334364,0.159897877929893
4,43,2,241,254,312,210,0.0001219153302097,0.0036025348289369,0.0231616307471527,0.0694423072055096,0.181597173076596
4,43,3,104,183,284,431,0.0001923034853073,0.0016170590087616,0.0137591331473481,0.0406376490423331,0.158393620743739
4,43,5,345,437,596,641,0.0001562247643619,0.0026293401076609,0.0180082399330025,0.0519094511389081,0.16531377379526
4,44,5,246,304,313,225,0.0003047883255242,0.0036772762154294,0.027721006878482,0.0696648787029632,0.194568399724925
4,44,5,126,190,291,443,0.0003205058088455,0.0019591291836919,0.0142854387868641,0.0416392812370384,0.162803651947741
4,44,10,372,494,604,668,0.0003124495287239,0.0028351145508692,0.0203571407938289,0.052606222295135,0.172277068479304
4,45,2,232,324,288,225,0.0001219153302097,0.0034680003332505,0.0295447573310137,0.0641005912666243,0.194568399724925
4,45,11,121,171,268,404,0.0007051127794601,0.0018813859621169,0.0128568949081777,0.0383482040258636,0.148471050534734
4,45,13,353,495,556,629,0.000406184387341,0.002690310313056,0.020398349580861,0.0484255953577733,0.162218976157907
4,46,6,236,288,291,190,0.0003657459906291,0.0035277934424445,0.0262620065164567,0.0647683057589849,0.164302204212159
4,46,3,124,198,260,395,0.0001923034853073,0.0019280318950619,0.0148869309463111,0.0372034815176288,0.145163527131733
4,46,9,360,486,551,585,0.0002812045758515,0.0027436592427766,0.0200274704975726,0.0479901133851314,0.150871384820947
4,47,7,257,328,293,208,0.000426703655734,0.0038417072657128,0.0299095074215201,0.0652134487538921,0.179867676190153
4,47,5,106,176,313,448,0.0003205058088455,0.0016481562973916,0.0132328275078321,0.044787268134684,0.164641164949409
4,47,12,363,504,606,656,0.0003749394344686,0.0027665230697998,0.0207692286641493,0.0527804150841917,0.169182270841951
4,48,4,227,324,307,207,0.0002438306604194,0.003393258946758,0.0295447573310137,0.0683294497182418,0.179002927746931
4,48,4,128,176,269,449,0.0002564046470764,0.001990226472322,0.0132328275078321,0.0384912943393929,0.165008667549742
4,48,8,355,500,576,656,0.0002499596229791,0.0027055528644047,0.0206043935160212,0.0501675232483407,0.169182270841951
4,49,3,196,319,342,230,0.0001828729953145,0.0029298623505047,0.0290888197178808,0.0761194521291163,0.198892141941034
4,49,2,117,190,327,468,0.0001282023235382,0.0018191913848568,0.0142854387868641,0.0467905325240947,0.171991216956079
4,49,5,313,509,669,698,0.0001562247643619,0.0023854592860808,0.0209752725993095,0.058267487939479,0.180014062572685
4,50,7,251,361,288,224,0.000426703655734,0.0037520176019219,0.0329186956681974,0.0641005912666243,0.193703651281703
4,50,3,116,186,282,418,0.0001923034853073,0.0018036427405418,0.0139846927071407,0.0403514684152744,0.153616086939404
4,50,10,367,547,570,642,0.0003124495287239,0.0027970081724973,0.0225412065065272,0.0496449448811705,0.165571673598373
4,51,2,250,359,328,252,0.0001219153302097,0.0037370693246234,0.0327363206229442,0.0730034511647665,0.217916607691916
4,51,1,134,206,315,456,6.4101161769106e-05,0.0020835183382121,0.015488423105758,0.0450734487617426,0.167581185752077
4,51,3,384,565,643,708,9.37348586171727e-05,0.0029265698589617,0.0232829646731039,0.0560029816817414,0.182593060603813
4,52,3,248,283,279,246,0.0001828729953145,0.0037071727700264,0.0258060689033237,0.0620974477895423,0.212728117032584
4,52,4,115,185,315,467,0.0002564046470764,0.0017880940962268,0.0139095061872098,0.0450734487617426,0.171623714355745
4,52,7,363,468,594,713,0.0002187146701067,0.0027665230697998,0.0192857123309958,0.0517352583498513,0.183882559619376
5,1,5,266,339,336,241,0.0003020793423764,0.0040037949401892,0.0305173232450843,0.0709597093886041,0.203709394500831
5,1,2,124,202,315,491,0.0001269910580229,0.0019457152277301,0.0150583848362711,0.0431602622281948,0.178501175955622
5,1,7,390,541,651,732,0.0002167109987565,0.002996156917823,0.0220610140996485,0.0540991466794633,0.186082455073558
5,2,10,224,321,338,230,0.0006041586847528,0.0033716167917383,0.0288969344002126,0.0713820886111553,0.194411455332743
5,2,2,139,209,315,502,0.0001269910580229,0.0021810840052781,0.0155802100533697,0.0431602622281948,0.182500183970921
5,2,12,363,530,653,732,0.0003715045692969,0.002788730669666,0.0216124537390272,0.0542653498950684,0.186082455073558
5,3,3,266,362,314,259,0.0001812476054258,0.0040037949401892,0.0325878201024204,0.0663135379405407,0.218924204048611
5,3,4,110,204,325,464,0.0002539821160458,0.0017260377020186,0.0152074777554422,0.0445304292830581,0.168685429008979
5,3,7,376,566,639,723,0.0002167109987565,0.0028886025669268,0.023080469464697,0.0531019273858326,0.183794556035768
5,4,7,256,321,326,257,0.0004229110793269,0.0038532763334152,0.0288969344002126,0.068847813275848,0.217233669654413
5,4,4,128,212,342,512,0.0002539821160458,0.0020084802350762,0.0158038494321262,0.0468597132763258,0.186135645803011
5,4,11,384,533,668,769,0.0003405458551888,0.0029500621960104,0.021734788382833,0.0555118740121067,0.195488262228915
5,5,7,279,349,326,230,0.0004229110793269,0.0041994691289954,0.031417539270013,0.068847813275848,0.194411455332743
5,5,4,147,241,393,521,0.0002539821160458,0.0023066140199704,0.0179656967601057,0.0538475652561287,0.189407561451892
5,5,11,426,590,719,751,0.0003405458551888,0.003272725248699,0.0240591466151435,0.059750056010037,0.190912464153336
5,6,5,301,361,335,250,0.0003020793423764,0.0045306100638983,0.0324977984999275,0.0707485197773285,0.211316799274721
5,6,1,117,236,349,490,6.34955290114596e-05,0.0018358764648744,0.0175929644621782,0.0478188302147301,0.178137629772413
5,6,6,418,597,684,740,0.0001857522846484,0.0032112656196154,0.0243445941173571,0.0568414997369476,0.188116143107148
5,7,7,287,367,379,259,0.0004229110793269,0.0043198840144147,0.0330379281148848,0.0800408626734552,0.218924204048611
5,7,6,146,208,352,498,0.0003809731740687,0.0022909227681338,0.0155056635937842,0.0482298803311891,0.181045999238085
5,7,13,433,575,731,757,0.000402463283405,0.0033265024241471,0.0234474733961144,0.0607472753036677,0.192437730178529
5,8,11,293,367,369,255,0.0006645745532281,0.0044101951784791,0.0330379281148848,0.0779289665606991,0.215543135260216
5,8,9,137,209,336,510,0.0005714597611031,0.002149701501605,0.0155802100533697,0.0460376130434078,0.185408553436593
5,8,20,430,576,705,765,0.0006191742821616,0.0033034550632408,0.0234882516107164,0.0585866335008013,0.19447141821212
5,9,5,246,337,349,223,0.0003020793423764,0.0037027577266411,0.0303372800400986,0.073705174335187,0.188494584953051
5,9,2,136,245,317,453,0.0001269910580229,0.0021340102497685,0.0182638825984477,0.0434342956391674,0.16468642099368
5,9,7,382,582,666,676,0.0002167109987565,0.0029346972887395,0.023732920898328,0.0553456707965016,0.171846638838422
5,10,7,258,349,376,240,0.0004229110793269,0.00388338005477,0.031417539270013,0.0794072938396284,0.202864127303732
5,10,3,129,207,331,483,0.0001904865870343,0.0020241714869128,0.0154311171341987,0.0453525295159761,0.17559280648995
5,10,10,387,556,707,723,0.0003095871410808,0.0029731095569167,0.0226726873186776,0.0587528367164064,0.183794556035768
5,11,5,259,320,322,239,0.0003020793423764,0.0038984319154474,0.0288069127977197,0.0680030548307456,0.202018860106633
5,11,2,125,200,313,477,0.0001269910580229,0.0019614064795666,0.0149092919171001,0.0428862288172221,0.173411529390696
5,11,7,384,520,635,716,0.0002167109987565,0.0029500621960104,0.0212046715930078,0.0527695209546224,0.182015079006376
5,12,3,259,322,321,225,0.0001812476054258,0.0038984319154474,0.0289869560027054,0.06779186521947,0.190185119347249
5,12,6,108,190,327,437,0.0003809731740687,0.0016946551983456,0.0141638273212451,0.0448044626940308,0.158869682062336
5,12,9,367,512,648,662,0.0002786284269727,0.0028194604842078,0.0208784458761923,0.0538498418560556,0.168287684779638
5,13,5,256,321,321,209,0.0003020793423764,0.0038532763334152,0.0288969344002126,0.06779186521947,0.176660844193667
5,13,4,101,189,314,404,0.0002539821160458,0.0015848164354898,0.0140892808616596,0.0430232455227085,0.146872658016439
5,13,9,357,510,635,613,0.0002786284269727,0.0027426359478534,0.0207968894469885,0.0527695209546224,0.155831345573895
5,14,2,248,329,304,207,0.0001208317369505,0.0037328614479959,0.0296171072201556,0.0642016418277846,0.174970309799469
5,14,12,121,169,297,442,0.0007619463481375,0.0018986414722205,0.0125983516699496,0.0406939615294408,0.160687412978381
5,14,14,369,498,601,649,0.0004334219975131,0.0028348253914787,0.0203075508717652,0.0499440662893356,0.164982941725053
5,15,4,235,330,287,239,0.0002416634739011,0.0035371872591897,0.0297071288226484,0.0606114184360993,0.202018860106633
5,15,1,123,204,297,425,6.34955290114596e-05,0.0019300239758936,0.0152074777554422,0.0406939615294408,0.154507127863828
5,15,5,358,534,584,664,0.0001547935705404,0.0027503184014888,0.021775566597435,0.0485313389566921,0.168796106788036
5,16,6,233,329,299,212,0.0003624952108517,0.0035070835378349,0.0296171072201556,0.0631456937714066,0.179196645784964
5,16,3,129,166,301,416,0.0001904865870343,0.0020241714869128,0.0123747122911931,0.0412420283513861,0.151235212214947
5,16,9,362,495,600,628,0.0002786284269727,0.0027810482160306,0.0201852162279594,0.049860964681533,0.159644510636877
5,17,7,257,289,294,194,0.0004229110793269,0.0038683281940926,0.0260162431204406,0.0620897457150286,0.163981836237184
5,17,4,111,186,307,454,0.0002539821160458,0.0017417289538552,0.0138656414829031,0.0420641285843041,0.165049967176889
5,17,11,368,475,601,648,0.0003405458551888,0.0028271429378433,0.0193696519359206,0.0499440662893356,0.164728730720854
5,18,6,270,288,287,194,0.0003624952108517,0.0040640023828988,0.0259262215179477,0.0606114184360993,0.163981836237184
5,18,5,112,179,303,407,0.0003174776450572,0.0017574202056917,0.0133438162658046,0.0415160617623588,0.147963296566066
5,18,11,382,467,590,601,0.0003405458551888,0.0029346972887395,0.0190434262191051,0.0490299486035074,0.152780813523508
5,19,3,246,328,299,201,0.0001812476054258,0.0037027577266411,0.0295270856176627,0.0631456937714066,0.169898706616876
5,19,7,110,175,308,416,0.0004444687030802,0.0017260377020186,0.0130456304274626,0.0422011452897905,0.151235212214947
5,19,10,356,503,607,617,0.0003095871410808,0.0027349534942179,0.0205114419447749,0.0504426759361509,0.15684818959069
5,20,9,214,327,290,203,0.0005437428162775,0.0032210981849642,0.0294370640151698,0.0612449872699261,0.171589241011074
5,20,4,106,174,300,398,0.0002539821160458,0.0016632726946725,0.0129710839678771,0.0411050116458998,0.144691380917185
5,20,13,320,501,590,601,0.000402463283405,0.002458385163342,0.020429885515571,0.0490299486035074,0.152780813523508
5,21,6,231,265,298,215,0.0003624952108517,0.0034769798164801,0.0238557246606116,0.062934504160131,0.18173244737626
5,21,2,107,172,279,420,0.0001269910580229,0.001678963946509,0.0128219910487061,0.0382276608306868,0.152689396947783
5,21,8,338,437,577,635,0.0002476697128646,0.0025966693287799,0.017820079781047,0.0479496277020742,0.161423987666269
5,22,3,256,316,318,210,0.0001812476054258,0.0038532763334152,0.0284468263877482,0.0671582963856431,0.177506111390766
5,22,3,111,204,287,385,0.0001904865870343,0.0017417289538552,0.0152074777554422,0.0393237944745775,0.139965280535467
5,22,6,367,520,605,595,0.0001857522846484,0.0028194604842078,0.0212046715930078,0.0502764727205458,0.151255547498315
5,23,7,244,292,267,223,0.0004229110793269,0.0036726540052863,0.0262863079279192,0.0563876262105872,0.188494584953051
5,23,3,112,175,280,417,0.0001904865870343,0.0017574202056917,0.0130456304274626,0.0383646775361731,0.151598758398156
5,23,10,356,467,547,640,0.0003095871410808,0.0027349534942179,0.0190434262191051,0.0454565794679976,0.162695042687264
5,24,6,246,317,297,218,0.0003624952108517,0.0037027577266411,0.0285368479902411,0.0627233145488554,0.184268248967557
5,24,3,113,202,318,425,0.0001904865870343,0.0017731114575282,0.0150583848362711,0.0435713123446538,0.154507127863828
5,24,9,359,519,615,643,0.0002786284269727,0.0027580008551243,0.0211638933784059,0.0511074887985713,0.16345767569986
5,25,8,237,308,290,198,0.0004833269478022,0.0035672909805445,0.0277266535678052,0.0612449872699261,0.167362905025579
5,25,3,137,167,258,374,0.0001904865870343,0.002149701501605,0.0124492587507786,0.0353503100154738,0.135966272520168
5,25,11,374,475,548,572,0.0003405458551888,0.0028732376596559,0.0193696519359206,0.0455396810758001,0.145408694401742
5,26,9,241,293,286,202,0.0005437428162775,0.0036274984232541,0.0263763295304121,0.0604002288248237,0.170743973813975
5,26,3,114,199,291,429,0.0001904865870343,0.0017888027093648,0.0148347454575146,0.0398718612965228,0.155961312596664
5,26,12,355,492,577,631,0.0003715045692969,0.0027272710405825,0.0200628815841536,0.0479496277020742,0.160407143649474
5,27,2,257,305,285,200,0.0001208317369505,0.0038683281940926,0.0274565887603266,0.0601890392135481,0.169053439419777
5,27,5,114,184,304,390,0.0003174776450572,0.0017888027093648,0.0137165485637321,0.0416530784678451,0.141783011451512
5,27,7,371,489,589,590,0.0002167109987565,0.0028501902987496,0.0199405469403478,0.0489468469957049,0.149984492477321
5,28,2,215,310,276,206,0.0001208317369505,0.0032361500456416,0.027906696772791,0.0582883327120676,0.17412504260237
5,28,5,110,169,292,371,0.0003174776450572,0.0017260377020186,0.0125983516699496,0.0400088780020091,0.134875633970541
5,28,7,325,479,568,577,0.0002167109987565,0.0024967974315192,0.0195327647943284,0.0472017132318512,0.146679749422736
5,29,5,223,339,277,216,0.0003020793423764,0.0033565649310609,0.0305173232450843,0.0584995223233432,0.182577714573359
5,29,0,126,156,294,398,0.0,0.0019770977314032,0.0116292476953381,0.0402829114129818,0.144691380917185
5,29,5,349,495,571,614,0.0001547935705404,0.0026811763187698,0.0201852162279594,0.0474510180552589,0.156085556578093
5,30,3,244,326,300,222,0.0001812476054258,0.0036726540052863,0.0293470424126769,0.0633568833826822,0.187649317755952
5,30,2,103,200,304,467,0.0001269910580229,0.0016161989391629,0.0149092919171001,0.0416530784678451,0.169776067558606
5,30,5,347,526,604,689,0.0001547935705404,0.0026658114114989,0.0214493408806195,0.0501933711127432,0.175151381893007
5,31,5,228,332,264,204,0.0003020793423764,0.0034318242344479,0.0298871720276342,0.0557540573767603,0.172434508208172
5,31,3,101,179,292,402,0.0001904865870343,0.0015848164354898,0.0133438162658046,0.0400088780020091,0.146145565650021
5,31,8,329,511,556,606,0.0002476697128646,0.0025275272460609,0.0208376676615904,0.0462044939382206,0.154051868544503
5,32,6,245,306,274,216,0.0003624952108517,0.0036877058659637,0.0275466103628195,0.0578659534895164,0.182577714573359
5,32,4,119,173,285,399,0.0002539821160458,0.0018672589685474,0.0128965375082916,0.0390497610636048,0.145054927100394
5,32,10,364,479,559,615,0.0003095871410808,0.0027964131233015,0.0195327647943284,0.0464537987616282,0.156339767582292
5,33,6,250,280,311,217,0.0003624952108517,0.0037629651693507,0.0252060486980047,0.0656799691067139,0.183422981770458
5,33,11,104,160,276,411,0.000698450819126,0.0016318901909994,0.0119274335336801,0.0378166107142278,0.149417481298902
5,33,17,354,440,587,628,0.0005262981398373,0.002719588586947,0.0179424144248528,0.0487806437800998,0.159644510636877
5,34,9,251,291,271,214,0.0005437428162775,0.0037780170300281,0.0261962863254264,0.0572323846556896,0.180887180179161
5,34,6,104,159,285,421,0.0003809731740687,0.0016318901909994,0.0118528870740946,0.0390497610636048,0.153052943130992
5,34,15,355,450,556,635,0.0004643807116212,0.0027272710405825,0.0183501965708722,0.0462044939382206,0.161423987666269
5,35,3,238,335,328,194,0.0001812476054258,0.0035823428412219,0.0301572368351128,0.0692701924983992,0.163981836237184
5,35,1,111,193,307,441,6.34955290114596e-05,0.0017417289538552,0.0143874667000016,0.0420641285843041,0.160323866795172
5,35,4,349,528,635,635,0.0001238348564323,0.0026811763187698,0.0215308973098233,0.0527695209546224,0.161423987666269
5,36,4,223,295,290,201,0.0002416634739011,0.0033565649310609,0.0265563727353978,0.0612449872699261,0.169898706616876
5,36,0,88,156,292,373,0.0,0.0013808301616149,0.0116292476953381,0.0400088780020091,0.135602726336959
5,36,4,311,451,582,574,0.0001238348564323,0.002389243080623,0.0183909747854741,0.048365135741087,0.145917116410139
5,37,6,216,292,292,190,0.0003624952108517,0.003251201906319,0.0262863079279192,0.0616673664924773,0.160600767448788
5,37,1,118,161,272,396,6.34955290114596e-05,0.0018515677167109,0.0120019799932656,0.0372685438922825,0.143964288550767
5,37,7,334,453,564,586,0.0002167109987565,0.0025659395142382,0.018472531214678,0.046869306800641,0.148967648460526
5,38,1,210,327,309,204,6.04158684752846e-05,0.0031608907422546,0.0294370640151698,0.0652575898841627,0.172434508208172
5,38,4,112,189,305,369,0.0002539821160458,0.0017574202056917,0.0140892808616596,0.0417900951733315,0.134148541604123
5,38,5,322,516,614,573,0.0001547935705404,0.0024737500706128,0.0210415587346001,0.0510243871907688,0.145662905405941
5,39,4,250,305,319,199,0.0002416634739011,0.0037629651693507,0.0274565887603266,0.0673694859969187,0.168208172222678
5,39,1,94,196,318,471,6.34955290114596e-05,0.0014749776726341,0.0146111060787581,0.0435713123446538,0.171230252291442
5,39,5,344,501,637,670,0.0001547935705404,0.0026427640505926,0.020429885515571,0.0529357241702275,0.170321372813229
5,40,3,244,347,300,223,0.0001812476054258,0.0036726540052863,0.0312374960650273,0.0633568833826822,0.188494584953051
5,40,2,97,188,313,436,0.0001269910580229,0.0015220514281437,0.0140147344020741,0.0428862288172221,0.158506135879127
5,40,5,341,535,613,659,0.0001547935705404,0.0026197166896863,0.0218163448120369,0.0509412855829662,0.167525051767042
5,41,5,257,309,340,213,0.0003020793423764,0.0038683281940926,0.0278166751702981,0.0718044678337065,0.180041912982062
5,41,4,123,178,304,464,0.0002539821160458,0.0019300239758936,0.0132692698062191,0.0416530784678451,0.168685429008979
5,41,9,380,487,644,677,0.0002786284269727,0.0029193323814686,0.0198589905111439,0.0535174354248454,0.172100849842621
5,42,4,212,315,314,221,0.0002416634739011,0.0031909944636094,0.0283568047852553,0.0663135379405407,0.186804050558854
5,42,3,109,185,323,413,0.0001904865870343,0.0017103464501821,0.0137910950233176,0.0442563958720854,0.15014457366532
5,42,7,321,500,637,634,0.0002167109987565,0.0024660676169774,0.0203891073009691,0.0529357241702275,0.16116977666207
5,43,2,220,305,304,232,0.0001208317369505,0.0033114093490286,0.0274565887603266,0.0642016418277846,0.196101989726941
5,43,7,111,192,323,443,0.0004444687030802,0.0017417289538552,0.0143129202404161,0.0442563958720854,0.16105095916159
5,43,9,331,497,627,675,0.0002786284269727,0.0025428921533318,0.0202667726571633,0.052104708092202,0.171592427834223
5,44,4,213,292,324,213,0.0002416634739011,0.0032060463242868,0.0262863079279192,0.0684254340532968,0.180041912982062
5,44,8,124,158,319,411,0.0005079642320916,0.0019457152277301,0.0117783406145091,0.0437083290501401,0.149417481298902
5,44,12,337,450,643,624,0.0003715045692969,0.0025889868751445,0.0183501965708722,0.0534343338170429,0.158627666620082
5,45,3,225,311,303,229,0.0001812476054258,0.0033866686524157,0.0279967183752838,0.063990452216509,0.193566188135645
5,45,2,119,201,284,433,0.0001269910580229,0.0018672589685474,0.0149838383766856,0.0389127443581185,0.1574154973295
5,45,5,344,512,587,662,0.0001547935705404,0.0026427640505926,0.0208784458761923,0.0487806437800998,0.168287684779638
5,46,5,261,327,349,230,0.0003020793423764,0.0039285356368022,0.0294370640151698,0.073705174335187,0.194411455332743
5,46,7,123,155,314,460,0.0004444687030802,0.0019300239758936,0.0115547012357526,0.0430232455227085,0.167231244276143
5,46,12,384,482,663,690,0.0003715045692969,0.0029500621960104,0.0196550994381342,0.055096365973094,0.175405592897206
5,47,2,227,335,302,226,0.0001208317369505,0.0034167723737705,0.0301572368351128,0.0637792626052334,0.191030386544348
5,47,5,119,208,286,463,0.0003174776450572,0.0018672589685474,0.0155056635937842,0.0391867777690911,0.16832188282577
5,47,7,346,543,588,689,0.0002167109987565,0.0026581289578635,0.0221425705288524,0.0488637453879023,0.175151381893007
5,48,4,247,309,294,226,0.0002416634739011,0.0037178095873185,0.0278166751702981,0.0620897457150286,0.191030386544348
5,48,2,107,174,331,440,0.0001269910580229,0.001678963946509,0.0129710839678771,0.0453525295159761,0.159960320611963
5,48,6,354,483,625,666,0.0001857522846484,0.002719588586947,0.0196958776527361,0.0519385048765969,0.169304528796434
5,49,3,237,300,328,224,0.0001812476054258,0.0035672909805445,0.0270064807478622,0.0692701924983992,0.18933985215015
5,49,4,113,190,306,373,0.0002539821160458,0.0017731114575282,0.0141638273212451,0.0419271118788178,0.135602726336959
5,49,7,350,490,634,597,0.0002167109987565,0.0026888587724053,0.0199813251549497,0.0526864193468199,0.151763969506713
5,50,4,211,340,316,242,0.0002416634739011,0.003175942602932,0.0306073448475772,0.0667359171630919,0.20455466169793
5,50,7,99,217,320,470,0.0004444687030802,0.0015534339318168,0.0161765817300537,0.0438453457556264,0.170866706108233
5,50,11,310,557,636,712,0.0003405458551888,0.0023815606269875,0.0227134655332796,0.052852622562425,0.180998234989581
5,51,6,252,293,328,236,0.0003624952108517,0.0037930688907055,0.0263763295304121,0.0692701924983992,0.199483058515337
5,51,4,109,219,331,470,0.0002539821160458,0.0017103464501821,0.0163256746492247,0.0453525295159761,0.170866706108233
5,51,10,361,512,659,706,0.0003095871410808,0.0027733657623951,0.0208784458761923,0.0547639595418837,0.179472968964388
5,52,5,238,313,315,243,0.0003020793423764,0.0035823428412219,0.0281767615802696,0.0665247275518163,0.205399928895029
5,52,1,110,201,329,490,6.34955290114596e-05,0.0017260377020186,0.0149838383766856,0.0450784961050034,0.178137629772413
5,52,6,348,514,644,733,0.0001857522846484,0.0026734938651344,0.0209600023053962,0.0535174354248454,0.186336666077756
6,1,3,276,331,326,232,0.0001803784118406,0.0041803104870274,0.0294592029640322,0.0660335739398518,0.195036118651173
6,1,7,130,201,336,463,0.0004420623330576,0.0020570762764067,0.0148779038580101,0.0442724436276924,0.168328524874964
6,1,10,406,532,662,695,0.0003080091021766,0.0031419213509699,0.0214985583808869,0.052849001993888,0.176391601752183
6,2,4,242,334,338,261,0.0002405045491208,0.0036653447023936,0.0297262048035853,0.0684642576431592,0.219415633482569
6,2,4,129,155,362,496,0.0002526070474615,0.002041252612742,0.011473010437769,0.0476982874798353,0.180326022328255
6,2,8,371,489,700,757,0.0002464072817412,0.0028710660620932,0.0197608929478453,0.0558826305071323,0.192127255433673
6,3,3,232,330,325,253,0.0001803784118406,0.0035138841775013,0.0293702023508478,0.0658310169645761,0.212690250080805
6,3,4,109,204,340,444,0.0002526070474615,0.0017247793394486,0.0150999621245475,0.0447994965280221,0.161420874826099
6,3,7,341,534,665,697,0.0002156063715236,0.0026389043859132,0.0215793800289354,0.0530884989817757,0.176899203483844
6,4,4,265,323,368,254,0.0002405045491208,0.0040137039096459,0.0287471980585571,0.0745409669014278,0.213530923006025
6,4,9,120,208,327,459,0.0005683658567884,0.00189883963976,0.0153960398132641,0.0430865746019507,0.166874282759413
6,4,13,385,531,695,713,0.0004004118328296,0.0029794081776439,0.0214581475568627,0.0554834688606528,0.180960017337132
6,5,3,250,339,385,266,0.0001803784118406,0.0037865131223074,0.0301712078695073,0.0779844354811133,0.223618998108672
6,5,2,111,182,316,510,0.0001263035237307,0.001756426666778,0.0134715348366061,0.0416371791260441,0.185415869732681
6,5,5,361,521,701,776,0.0001540045510883,0.0027936788366999,0.0210540393166205,0.0559624628364282,0.196949471884452
6,6,4,243,361,333,264,0.0002405045491208,0.0036804907548828,0.0321292213595638,0.0674514727667811,0.221937652258231
6,6,2,123,200,357,468,0.0001263035237307,0.001946310630754,0.0148038844358309,0.0470394713544232,0.170146327519402
6,6,6,366,561,690,732,0.0001848054613059,0.0028323724493965,0.0226704722775894,0.0550843072141732,0.185782233787911
6,7,4,247,326,340,271,0.0002405045491208,0.0037410749648398,0.0290141998981102,0.0688693715937104,0.227822362734775
6,7,4,105,220,340,534,0.0002526070474615,0.00166148468479,0.016284272879414,0.0447994965280221,0.194141322425984
6,7,8,352,546,680,805,0.0002464072817412,0.0027240303338458,0.022064309917226,0.0542859839212142,0.204309696993536
6,8,7,257,331,344,270,0.0004208829609615,0.0038925354897321,0.0294592029640322,0.0696795994948129,0.226981689809554
6,8,2,107,178,367,487,0.0001263035237307,0.0016931320121193,0.0131754571478895,0.0483571036052474,0.177053977568266
6,8,9,364,509,711,757,0.0002772081919589,0.0028168950043179,0.0205691094283298,0.0567607861293872,0.192127255433673
6,9,7,257,366,348,243,0.0004208829609615,0.0038925354897321,0.0325742244254857,0.0704898273959154,0.204283520828599
6,9,3,113,198,338,487,0.0001894552855961,0.0017880739941073,0.0146558455914726,0.0445359700778573,0.177053977568266
6,9,10,370,564,686,730,0.0003080091021766,0.0028633273395539,0.0227917047496621,0.0547649778969896,0.18527463205625
6,10,4,243,352,338,234,0.0002405045491208,0.0036804907548828,0.0313282158409043,0.0684642576431592,0.196717464501614
6,10,2,129,201,304,487,0.0001263035237307,0.002041252612742,0.0148779038580101,0.0400560204250551,0.177053977568266
6,10,6,372,553,642,721,0.0001848054613059,0.0028788047846325,0.0223471856853956,0.0512523554079699,0.182990424263776
6,11,6,239,345,329,234,0.0003607568236813,0.0036199065449259,0.0307052115486136,0.0666412448656786,0.196717464501614
6,11,2,115,207,332,486,0.0001263035237307,0.0018197213214366,0.015322020391085,0.0437453907273628,0.176690417039379
6,11,8,354,552,661,720,0.0002464072817412,0.0027395077789245,0.0223067748613714,0.052769169664592,0.182736623397945
6,12,5,270,351,312,257,0.0003006306864011,0.004089434172092,0.0312392152277199,0.0631977762859931,0.216052941781687
6,12,4,117,201,348,460,0.0002526070474615,0.001851368648766,0.0148779038580101,0.0458536023286815,0.167237843288301
6,12,9,387,552,660,717,0.0002772081919589,0.0029948856227226,0.0223067748613714,0.0526893373352961,0.181975220800454
6,13,6,260,336,352,206,0.0003607568236813,0.0039379736471997,0.0299042060299541,0.0713000552970179,0.173178622595438
6,13,2,118,204,332,481,0.0001263035237307,0.0018671923124306,0.0150999621245475,0.0437453907273628,0.174872614394941
6,13,8,378,540,684,687,0.0002464072817412,0.0029252371198685,0.0218218449730807,0.0546053132383978,0.174361194825539
6,14,3,229,349,349,243,0.0001803784118406,0.0034684460200336,0.0310612140013511,0.070692384371191,0.204283520828599
6,14,2,118,235,347,445,0.0001263035237307,0.0018671923124306,0.0173945642121013,0.045721839103599,0.161784435354987
6,14,5,347,584,696,688,0.0001540045510883,0.0026853367211492,0.0235999212301465,0.0555633011899487,0.17461499569137
6,15,3,249,340,339,245,0.0001803784118406,0.0037713670698182,0.0302602084826916,0.0686668146184348,0.20596486667904
6,15,1,115,167,341,444,6.31517618653811e-05,0.0018197213214366,0.0123612435039188,0.0449312597531045,0.161420874826099
6,15,4,364,507,680,689,0.0001232036408706,0.0028168950043179,0.0204882877802813,0.0542859839212142,0.1748687965572
6,16,2,260,306,338,200,0.0001202522745604,0.0039379736471997,0.0272341876344225,0.0684642576431592,0.168134585044114
6,16,1,113,180,317,408,6.31517618653811e-05,0.0017880739941073,0.0133234959922478,0.0417689423511265,0.148332695786145
6,16,3,373,486,655,608,9.24027306529865e-05,0.0028865435071719,0.0196396604757726,0.0522901756888166,0.154310926424932
6,17,2,254,299,300,217,0.0001202522745604,0.0038470973322644,0.0266111833421318,0.0607670925826857,0.182426024772864
6,17,8,94,160,293,409,0.000505214094923,0.0014874243844786,0.0118431075486647,0.0386066249491485,0.148696256315033
6,17,10,348,459,593,626,0.0003080091021766,0.0026930754436885,0.0185485682271186,0.0473405712724706,0.15887934200988
6,18,8,224,332,314,188,0.0004810090982417,0.0033927157575875,0.0295482035772165,0.0636028902365443,0.158046509941468
6,18,2,114,191,321,415,0.0001263035237307,0.001803897657772,0.0141377096362185,0.0422959952514562,0.150877619488358
6,18,10,338,523,635,603,0.0003080091021766,0.0026156882182952,0.0211348609646689,0.0506935291028986,0.153041922095779
6,19,3,207,298,295,210,0.0001803784118406,0.0031352328652706,0.0265221827289474,0.0597543077063076,0.17654131429632
6,19,2,112,174,296,402,0.0001263035237307,0.0017722503304426,0.0128793794591729,0.0390019146243957,0.146151332612819
6,19,5,319,472,591,612,0.0001540045510883,0.0024686524900478,0.0190739089394335,0.0471809066138788,0.155326129888253
6,20,4,242,319,273,201,0.0002405045491208,0.0036653447023936,0.0283911956058195,0.055298054250244,0.168975257969335
6,20,3,122,184,267,411,0.0001894552855961,0.0019304869670893,0.0136195736809644,0.0351807810970056,0.149423377372808
6,20,7,364,503,540,612,0.0002156063715236,0.0028168950043179,0.0203266444841844,0.0431094578197878,0.155326129888253
6,21,6,206,285,279,184,0.0003607568236813,0.0031200868127813,0.0253651747575503,0.0565133961018977,0.154683818240585
6,21,8,88,178,291,394,0.000505214094923,0.0013924824024906,0.0131754571478895,0.0383430984989836,0.143242848381718
6,21,14,294,463,570,578,0.0004312127430472,0.0022751844265644,0.0187102115232155,0.0455044276986648,0.146696900450017
6,22,8,201,326,267,204,0.0004810090982417,0.0030443565503352,0.0290141998981102,0.0540827123985903,0.171497276744997
6,22,5,87,191,247,403,0.0003157588093269,0.001376658738826,0.0141377096362185,0.0325455165953572,0.146514893141707
6,22,13,288,517,514,607,0.0004004118328296,0.0022287520913284,0.0208923960205236,0.0410338172580943,0.154057125559101
6,23,3,204,358,343,195,0.0001803784118406,0.0030897947078029,0.0318622195200106,0.0694770425195373,0.163931220418012
6,23,0,125,176,308,423,0.0,0.0019779579580833,0.0130274183035312,0.0405830733253847,0.153786103719459
6,23,3,329,534,651,618,9.24027306529865e-05,0.0025460397154411,0.0215793800289354,0.051970846371633,0.156848935083236
6,24,5,231,297,314,202,0.0003006306864011,0.0034987381250121,0.026433182115763,0.0636028902365443,0.169815930894556
6,24,2,100,175,273,384,0.0001263035237307,0.0015823663664666,0.012953398881352,0.0359713604475001,0.139607243092842
6,24,7,331,472,587,586,0.0002156063715236,0.0025615171605198,0.0190739089394335,0.0468615772966952,0.148727307376661
6,25,2,247,292,275,180,0.0001202522745604,0.0037410749648398,0.0259881790498411,0.0557031682007952,0.151321126539703
6,25,4,119,202,298,403,0.0002526070474615,0.0018830159760953,0.0149519232801892,0.0392654410745606,0.146514893141707
6,25,6,366,494,573,583,0.0001848054613059,0.0028323724493965,0.0199629470679664,0.0457439246865526,0.14796590477917
6,26,3,253,330,312,193,0.0001803784118406,0.0038319512797751,0.0293702023508478,0.0631977762859931,0.16224987456757
6,26,5,112,173,289,412,0.0003157588093269,0.0017722503304426,0.0128053600369937,0.0380795720488188,0.149786937901695
6,26,8,365,503,601,605,0.0002464072817412,0.0028246337268572,0.0203266444841844,0.0479792299068379,0.15354952382744
6,27,6,261,302,290,199,0.0003607568236813,0.003953119699689,0.0268781851816849,0.0587415228299295,0.167293912118894
6,27,3,108,201,313,428,0.0001894552855961,0.001708955675784,0.0148779038580101,0.0412418894507968,0.155603906363897
6,27,9,369,503,603,627,0.0002772081919589,0.0028555886170145,0.0203266444841844,0.0481388945654297,0.159133142875711
6,28,6,228,304,314,204,0.0003607568236813,0.0034532999675444,0.0270561864080537,0.0636028902365443,0.171497276744997
6,28,1,107,170,280,385,6.31517618653811e-05,0.0016931320121193,0.0125833017704563,0.036893703023077,0.13997080362173
6,28,7,335,474,594,589,0.0002156063715236,0.0025924720506771,0.019154730587482,0.0474204036017665,0.149488709974152
6,29,4,234,303,295,192,0.0002405045491208,0.0035441762824798,0.0269671857948693,0.0597543077063076,0.16140920164235
6,29,6,99,207,268,381,0.0003789105711922,0.001566542702802,0.015322020391085,0.035312544322088,0.13851656150618
6,29,10,333,510,563,573,0.0003080091021766,0.0025769946055985,0.020609520252354,0.0449456013935935,0.145427896120865
6,30,5,283,335,306,209,0.0003006306864011,0.004286332854452,0.0298152054167697,0.0619824344343394,0.1757006413711
6,30,2,98,163,274,413,0.0001263035237307,0.0015507190391373,0.0120651658152022,0.0361031236725825,0.150150498430583
6,30,7,381,498,580,622,0.0002156063715236,0.0029484532874866,0.0201245903640633,0.0463027509916239,0.157864138546558
6,31,6,267,308,331,221,0.0003607568236813,0.0040439960146244,0.0274121888607913,0.0670463588162299,0.185788716473746
6,31,3,115,195,334,447,0.0001894552855961,0.0018197213214366,0.0144337873249351,0.0440089171775276,0.162511556412762
6,31,9,382,503,665,668,0.0002772081919589,0.0029561920100259,0.0203266444841844,0.0530884989817757,0.16953897837476
6,32,7,225,306,307,210,0.0004208829609615,0.0034078618100767,0.0272341876344225,0.062184991409615,0.17654131429632
6,32,3,133,213,345,417,0.0001894552855961,0.0021045472674007,0.0157661369241599,0.0454583126534342,0.151604740546133
6,32,10,358,519,652,627,0.0003080091021766,0.0027704626690818,0.020973217668572,0.0520506787009289,0.159133142875711
6,33,6,243,324,321,222,0.0003607568236813,0.0036804907548828,0.0288361986717414,0.0650207890634737,0.186629389398967
6,33,1,128,207,307,428,6.31517618653811e-05,0.0020254289490773,0.015322020391085,0.0404513101003023,0.155603906363897
6,33,7,371,531,628,650,0.0002156063715236,0.0028710660620932,0.0214581475568627,0.0501347027978272,0.164970562789812
6,34,7,292,290,323,209,0.0004208829609615,0.0044226473268551,0.0258101778234723,0.0654259030140249,0.1757006413711
6,34,1,92,187,281,422,6.31517618653811e-05,0.0014557770571493,0.0138416319475019,0.0370254662481595,0.153422543190572
6,34,8,384,477,604,631,0.0002464072817412,0.0029716694551046,0.0192759630595546,0.0482187268947256,0.160148346339033
6,35,3,228,291,296,204,0.0001803784118406,0.0034532999675444,0.0258991784366567,0.0599568646815832,0.171497276744997
6,35,4,102,191,300,414,0.0002526070474615,0.001614013693796,0.0141377096362185,0.0395289675247254,0.150514058959471
6,35,7,330,482,596,618,0.0002156063715236,0.0025537784379805,0.0194780171796757,0.0475800682603583,0.156848935083236
6,36,6,233,322,322,185,0.0003607568236813,0.0035290302299905,0.0286581974453727,0.0652233460387493,0.155524491165806
6,36,2,112,194,267,395,0.0001263035237307,0.0017722503304426,0.014359767902756,0.0351807810970056,0.143606408910606
6,36,8,345,516,589,580,0.0002464072817412,0.0026698592760705,0.0208519851964993,0.047021241955287,0.147204502181678
6,37,5,209,325,336,208,0.0003006306864011,0.003165524970249,0.0289251992849258,0.068059143692608,0.174859968445879
6,37,3,115,180,302,406,0.0001894552855961,0.0018197213214366,0.0133234959922478,0.0397924939748902,0.14760557472837
6,37,8,324,505,638,614,0.0002464072817412,0.0025073461027445,0.0204074661322329,0.0509330260907863,0.155833731619914
6,38,5,234,316,355,251,0.0003006306864011,0.0035441762824798,0.0281241937662663,0.0719077262228447,0.211008904230364
6,38,3,117,188,345,406,0.0001894552855961,0.001851368648766,0.013915651369681,0.0454583126534342,0.14760557472837
6,38,8,351,504,700,657,0.0002464072817412,0.0027162916113065,0.0203670553082087,0.0558826305071323,0.166747168850625
6,39,7,255,353,367,275,0.0004208829609615,0.0038622433847536,0.0314172164540887,0.0743384099261521,0.231185054435657
6,39,3,121,193,363,455,0.0001894552855961,0.0019146633034246,0.0142857484805768,0.0478300507049177,0.165420040643863
6,39,10,376,546,730,730,0.0003080091021766,0.0029097596747899,0.022064309917226,0.0582776003860094,0.18527463205625
6,40,5,242,335,388,233,0.0003006306864011,0.0036653447023936,0.0298152054167697,0.0785921064069401,0.195876791576393
6,40,1,122,222,352,481,6.31517618653811e-05,0.0019304869670893,0.0164323117237723,0.0463806552290111,0.174872614394941
6,40,6,364,557,740,714,0.0001848054613059,0.0028168950043179,0.0225088289814925,0.0590759236789684,0.181213818202962
6,41,4,264,427,412,265,0.0002405045491208,0.0039985578571567,0.0380032618297333,0.083453473813555,0.222778325183452
6,41,7,130,215,383,502,0.0004420623330576,0.0020570762764067,0.0159141757685182,0.0504653152065661,0.18250738550158
6,41,11,394,642,795,767,0.0003388100123942,0.0030490566804979,0.0259437490235515,0.0634667017902431,0.194665264091978
6,42,3,271,449,485,324,0.0001803784118406,0.0041045802245813,0.0399612753197898,0.0982401330086752,0.272378027771465
6,42,2,130,258,429,595,0.0001263035237307,0.0020570762764067,0.0190970109222219,0.0565264235603573,0.216318514688128
6,42,5,401,707,914,919,0.0001540045510883,0.0031032277382733,0.028570452585126,0.0729667489764556,0.233242995698211
6,43,4,303,505,648,409,0.0002405045491208,0.0045892539042366,0.0449453096581155,0.131256919978601,0.343835226415214
6,43,3,147,278,542,808,0.0001894552855961,0.002326078558706,0.020577399365805,0.0714156679946706,0.293756907341189
6,43,7,450,783,1190,1217,0.0002156063715236,0.0034824251427007,0.031641675210967,0.0950004718621249,0.308875653715694
6,44,7,350,594,764,465,0.0004208829609615,0.0053011183712304,0.052866364231526,0.154753529110573,0.390912910227566
6,44,1,142,331,689,883,6.31517618653811e-05,0.0022469602403827,0.0245004287413001,0.090784862081786,0.32102394700776
6,44,8,492,925,1453,1348,0.0002464072817412,0.0038074514893527,0.0373800122224068,0.115996374466947,0.342123567139486
6,45,2,329,569,795,528,0.0001202522745604,0.0049830512689566,0.0506413489019163,0.161032795344117,0.443875304516462
6,45,0,160,303,650,902,0.0,0.0025317861863467,0.0224278849202838,0.0856460963035717,0.327931597056625
6,45,2,489,872,1445,1430,6.16018204353243e-05,0.0037842353217347,0.0352382385491229,0.11535771583258,0.362935238137586
6,46,0,317,556,662,435,0.0,0.0048012986390859,0.0494843409305193,0.13409271763246,0.365692722470949
6,46,1,142,306,601,832,6.31517618653811e-05,0.0022469602403827,0.0226499431868213,0.0791896982745332,0.302482360034492
6,46,1,459,862,1263,1267,3.08009102176622e-05,0.0035520736455547,0.0348341303088807,0.100828231900726,0.321565697007217
6,47,1,333,469,594,359,6.01261372802202e-05,0.0050436354789135,0.0417412875834776,0.120318843313718,0.301801580154185
6,47,2,141,295,522,708,0.0001263035237307,0.002231136576718,0.0218357295428506,0.0687804034930222,0.257400854452428
6,47,3,474,764,1116,1067,9.24027306529865e-05,0.0036681544836447,0.0308738695545068,0.089092879494228,0.270805523841122
6,48,3,302,459,497,382,0.0001803784118406,0.0045741078517474,0.0408512814516337,0.100670816711983,0.321137057434259
6,48,1,130,251,489,655,6.31517618653811e-05,0.0020570762764067,0.0185788749669678,0.0644322170653024,0.238132146421385
6,48,4,432,710,986,1037,0.0001232036408706,0.0033431281369926,0.0286916850571987,0.0787146766857606,0.263191497866207
6,49,2,293,509,491,321,0.0001202522745604,0.0044377933793443,0.0453013121108531,0.0994554748603289,0.269856008995804
6,49,3,141,250,464,626,0.0001894552855961,0.002231136576718,0.0185048555447886,0.061138136438242,0.227588891083644
6,49,5,434,759,955,947,0.0001540045510883,0.0033586055820713,0.0306718154343857,0.0762398744775876,0.240349419941464
6,50,7,251,430,555,347,0.0004208829609615,0.0038016591747967,0.0382702636692865,0.112419121277969,0.291713505051539
6,50,3,132,231,490,658,0.0001894552855961,0.002088723603736,0.0170984865233847,0.0645639802903848,0.239222828008048
6,50,10,383,661,1045,1005,0.0003080091021766,0.0029639307325652,0.0267115546800118,0.0834247841142189,0.255069870159632
6,51,7,313,442,547,380,0.0004208829609615,0.0047407144291289,0.0393382710274991,0.110798665475764,0.319455711583817
6,51,5,132,260,491,665,0.0003157588093269,0.002088723603736,0.0192450497665802,0.0646957435154672,0.241767751710261
6,51,12,445,702,1038,1045,0.0003696109226119,0.003443731530004,0.0283683984650049,0.0828659578091476,0.265221904792851
6,52,3,302,462,545,361,0.0001803784118406,0.0045741078517474,0.0411182832911869,0.110393551525212,0.303482926004627
6,52,6,140,253,518,624,0.0003789105711922,0.0022153129130533,0.0187269138113261,0.0682533505926925,0.226861770025869
6,52,9,442,715,1063,985,0.0002772081919589,0.003420515362386,0.0288937391773198,0.0848617660415451,0.249993852843022
6,53,7,334,479,650,396,0.0004208829609615,0.0050587815314028,0.0426312937153215,0.131662033929152,0.332906478387347
6,53,4,143,280,557,668,0.0002526070474615,0.0022627839040473,0.0207254382101633,0.0733921163709068,0.242858433296924
6,53,11,477,759,1207,1064,0.0003388100123942,0.0036913706512627,0.0306718154343857,0.0963576214601552,0.27004412124363
7,1,1,361,556,685,423,5.99878548168547e-05,0.0055004915729491,0.0495518419568573,0.133749072182,0.365347390880086
7,1,5,172,321,610,712,0.0003147420219743,0.0027427398001942,0.0238356871956469,0.0771652949874769,0.264107309713142
7,1,6,533,877,1295,1135,0.0001842974449363,0.0041529820204751,0.0355236575291812,0.0994116749896266,0.294523977722554
7,2,4,356,599,663,425,0.0002399514192674,0.0054243074791409,0.053384088726902,0.129453481542578,0.36707480171167
7,2,0,160,313,510,721,0.0,0.0025513858606458,0.0232416513776868,0.0645152466288741,0.26744574480783
7,2,4,516,912,1173,1146,0.0001228649632909,0.0040205229316419,0.0369413633598783,0.0900462507821096,0.297378395127795
7,3,1,344,577,645,402,5.99878548168547e-05,0.0052414656540014,0.0514234043329257,0.125938907383051,0.347209577148451
7,3,5,170,295,496,663,0.0003147420219743,0.0027108474769362,0.0219050707872767,0.0627442398586697,0.245931385308726
7,3,6,514,872,1141,1065,0.0001842974449363,0.0040049395094263,0.0353211281247959,0.0875897460719412,0.276359503325568
7,4,7,339,549,540,367,0.0004199149837179,0.0051652815601932,0.0489279878315012,0.10543722478581,0.316979887595725
7,4,1,156,288,523,679,6.29484043948797e-05,0.0024876012141296,0.0213852894465617,0.0661597529154925,0.251866381032617
7,4,8,495,837,1063,1046,0.0002457299265818,0.0038568969983774,0.0339034222940988,0.0816020158409058,0.271429145989244
7,5,9,321,519,519,337,0.0005398906933516,0.0048910188224838,0.0462543272942607,0.101336888266362,0.29106872512196
7,5,4,154,299,514,598,0.0002517936175795,0.0024557088908716,0.0222020886962567,0.0650212485632182,0.22182046518042
7,5,13,475,818,1033,935,0.0003993111306954,0.0037010627762208,0.0331338105574347,0.079299042675123,0.242625479445452
7,6,5,368,559,577,334,0.0002999392740842,0.0056071493042805,0.0498192080105814,0.112661627224838,0.288477608874583
7,6,5,154,318,475,648,0.0003147420219743,0.0024557088908716,0.0236129237639118,0.0600877297033632,0.240367326817579
7,6,10,522,877,1052,982,0.0003071624082272,0.0040672731982889,0.0355236575291812,0.0807575923467854,0.254821626540571
7,7,5,379,582,573,350,0.0002999392740842,0.0057747543106585,0.0518690144224658,0.111880610744943,0.302296895527258
7,7,7,163,348,490,575,0.0004406388307641,0.0025992243455329,0.025840558081262,0.0619852369571536,0.213288908827327
7,7,12,542,930,1063,925,0.0003685948898727,0.0042231074204456,0.0376704692156654,0.0816020158409058,0.240030554531597
7,8,3,399,602,651,371,0.0001799635644505,0.0060794906858911,0.0536514547806261,0.127110432102893,0.320434709258894
7,8,4,177,318,507,599,0.0002517936175795,0.0028224706083394,0.0236129237639118,0.064135745178116,0.222191402413163
7,8,7,576,920,1158,970,0.000215013685759,0.0044880255981119,0.0372654104068948,0.0888947641992182,0.251707716643945
7,9,5,419,627,725,359,0.0002999392740842,0.0063842270611238,0.0558795052283265,0.141559236980949,0.310070244269388
7,9,3,181,396,592,612,0.0001888452131846,0.0028862552548556,0.0294047729890223,0.0748882862829284,0.227013586438824
7,9,8,600,1023,1317,971,0.0002457299265818,0.0046750266646999,0.0414375161372319,0.101100521977867,0.25196720913533
7,10,4,439,687,698,404,0.0002399514192674,0.0066889634363564,0.0612268263028075,0.136287375741658,0.348936987980035
7,10,2,216,380,600,598,0.0001258968087897,0.0034443709118718,0.0282167013531022,0.0759002901516166,0.22182046518042
7,10,6,655,1067,1298,1002,0.0001842974449363,0.0051035707756308,0.0432197748958225,0.0996419723062048,0.260011476368281
7,11,3,430,695,643,341,0.0001799635644505,0.0065518320675017,0.0619398024460716,0.125548399143104,0.294523546785128
7,11,1,203,355,572,592,6.29484043948797e-05,0.0032370708106944,0.026360339421977,0.0723582766112078,0.219594841783961
7,11,4,633,1050,1215,933,0.0001228649632909,0.0049321531312584,0.0425311749209125,0.0932704132142056,0.242106494462681
7,12,2,397,625,603,281,0.0001199757096337,0.0060490170483679,0.0557012611925105,0.117738234344155,0.242701221837599
7,12,2,199,343,525,493,0.0001258968087897,0.0031732861641782,0.025469285695037,0.0664127538826645,0.182872055742386
7,12,4,596,968,1128,774,0.0001228649632909,0.0046438598202686,0.0392096926889936,0.0865917910334353,0.200847188332385
7,13,2,398,603,565,281,0.0001199757096337,0.0060642538671295,0.0537405767985341,0.110318577785153,0.242701221837599
7,13,0,176,339,496,529,0.0,0.0028065244467104,0.025172267786057,0.0627442398586697,0.19622579612114
7,13,2,574,942,1061,810,6.1432481645452e-05,0.0044724421758963,0.0381565397861901,0.0814484842965203,0.210188918022263
7,14,5,360,516,468,222,0.0002999392740842,0.0054852547541875,0.0459869612405366,0.0913789281477022,0.191742602305861
7,14,4,158,311,430,473,0.0002517936175795,0.0025194935373877,0.0230931424231968,0.0543952079419919,0.175453311087523
7,14,9,518,827,898,695,0.0002764461674045,0.0040361063538576,0.0334983634853282,0.0689356634291001,0.18034728151293
7,15,3,319,465,411,217,0.0001799635644505,0.0048605451849606,0.0414417383272278,0.0802494433092,0.1874240752269
7,15,4,159,249,381,431,0.0002517936175795,0.0025354396990168,0.0184893648340064,0.0481966842462766,0.159873947312309
7,15,7,478,714,792,648,0.000215013685759,0.0037244379095443,0.0289211989462205,0.0607984915766674,0.168151134417811
7,16,4,325,405,386,196,0.0002399514192674,0.0049519660975304,0.0360944172527468,0.075368090309857,0.169286261495264
7,16,4,136,217,400,438,0.0002517936175795,0.0021686779815489,0.0161132215621663,0.0506001934344111,0.162470507941511
7,16,8,461,622,786,634,0.0002457299265818,0.0035919788207111,0.025194657905531,0.0603378969435108,0.164518239538413
7,17,7,308,410,384,219,0.0004199149837179,0.0046929401785826,0.0365400273422869,0.0749775820699095,0.189151486058484
7,17,3,134,229,375,406,0.0001888452131846,0.0021367856582908,0.0170042752891063,0.0474376813447604,0.15060051649373
7,17,10,442,639,759,625,0.0003071624082272,0.0034439363096623,0.025883257880441,0.0582652210943062,0.162182807115944
7,18,7,281,382,357,199,0.0004199149837179,0.0042815460720185,0.0340446108408624,0.069705720830619,0.171877377742641
7,18,3,128,239,300,409,0.0001888452131846,0.0020411086885166,0.0177468200615564,0.0379501450758083,0.151713328191959
7,18,10,409,621,657,608,0.0003071624082272,0.0031868098431038,0.025154152024654,0.0504351123306445,0.15777143476239
7,19,5,277,360,345,209,0.0002999392740842,0.004220598796972,0.032083926446886,0.0673626713909343,0.180514431900563
7,19,4,107,232,316,392,0.0002517936175795,0.0017062392943069,0.0172270387208413,0.0399741528131848,0.145407395235325
7,19,9,384,592,661,601,0.0002764461674045,0.0029920170654079,0.0239794814792193,0.0507421754194156,0.155954987322692
7,20,0,261,297,281,207,0.0,0.0039768096967859,0.026469239318681,0.0548664077126161,0.178787021068978
7,20,3,101,197,328,377,0.0001888452131846,0.0016105623245326,0.0146281320172661,0.0414921586162171,0.139843336744178
7,20,3,362,494,609,584,9.2148722468178e-05,0.0028205994210356,0.0200099051532674,0.0467503552653919,0.151543614969138
7,21,2,214,284,309,193,0.0001199757096337,0.0032606792149892,0.0253106530858768,0.0603335230718803,0.166695145247888
7,21,5,103,188,282,379,0.0003147420219743,0.0016424546477907,0.0139598417220611,0.0356731363712598,0.140585211209664
7,21,7,317,472,591,572,0.000215013685759,0.0024699724211831,0.0191187757739721,0.0453685713659222,0.148429705072512
7,22,3,239,338,304,207,0.0001799635644505,0.00364159968403,0.0301232420529097,0.0593572524720117,0.178787021068978
7,22,4,99,209,291,360,0.0002517936175795,0.0015786700012746,0.0155191857442062,0.0368116407235341,0.133537403787544
7,22,7,338,547,595,567,0.000215013685759,0.0026335983544476,0.0221567168397516,0.0456756344546933,0.147132242615584
7,23,7,221,302,300,189,0.0004199149837179,0.0033673369463206,0.0269148494082211,0.0585762359921168,0.163240323584719
7,23,1,108,190,295,354,6.29484043948797e-05,0.0017221854559359,0.0141083506765511,0.0373176426578782,0.131311780391085
7,23,8,329,492,595,543,0.0002457299265818,0.0025634729544771,0.0199288933915133,0.0456756344546933,0.140904422822332
7,24,3,238,285,303,173,0.0001799635644505,0.0036263628652684,0.0253997751037848,0.059161998352038,0.149421036932045
7,24,0,141,182,320,410,0.0,0.0022484087896941,0.0135143148585911,0.0404801547475289,0.152084265424702
7,24,3,379,467,623,583,9.2148722468178e-05,0.0029530585098688,0.0189162463695868,0.0478250760760906,0.151284122477752
7,25,6,218,284,321,212,0.0003599271289011,0.0033216264900357,0.0253106530858768,0.062676572511565,0.183105548147939
7,25,3,105,174,249,430,0.0001888452131846,0.0016743469710488,0.012920279040631,0.0314986204129209,0.159503010079566
7,25,9,323,458,570,642,0.0002764461674045,0.0025167226878301,0.0185516934416933,0.0437564901498742,0.166594179469498
7,26,3,211,274,289,185,0.0001799635644505,0.0032149687587043,0.0244194329067966,0.0564284406724059,0.159785501921551
7,26,6,128,175,258,358,0.0003776904263692,0.0020411086885166,0.012994533517876,0.0326371247651951,0.132795529322057
7,26,9,339,449,547,543,0.0002764461674045,0.0026413900655554,0.0181871405137997,0.0419908773894407,0.140904422822332
7,27,6,233,294,286,195,0.0003599271289011,0.0035501787714602,0.0262018732649569,0.0558426783124847,0.168422556079472
7,27,3,113,164,257,384,0.0001888452131846,0.0018019162640811,0.0121777342681809,0.0325106242816091,0.14243989737338
7,27,9,346,458,543,579,0.0002764461674045,0.0026959320433103,0.0185516934416933,0.0416838143006697,0.15024615251221
7,28,6,251,285,315,196,0.0003599271289011,0.0038244415091696,0.0253997751037848,0.0615050477917226,0.169286261495264
7,28,2,96,176,278,425,0.0001258968087897,0.0015308315163875,0.013068787995121,0.0351671344369157,0.15764832391585
7,28,8,347,461,593,621,0.0002457299265818,0.0027037237544181,0.0186732110843245,0.0455221029103078,0.161144837150402
7,29,5,242,304,296,189,0.0002999392740842,0.0036873101403149,0.0270930934440371,0.0577952195122219,0.163240323584719
7,29,4,93,177,290,359,0.0002517936175795,0.0014829930315003,0.013143042472366,0.036685140239948,0.1331664665548
7,29,9,335,481,586,548,0.0002764461674045,0.0026102232211241,0.0194833287018656,0.0449847425049584,0.14220188527926
7,30,4,230,303,362,197,0.0002399514192674,0.0035044683151753,0.0270039714261291,0.0706819914304876,0.170149966911057
7,30,2,116,172,322,399,0.0001258968087897,0.0018497547489682,0.012771770086141,0.0407331557147009,0.148003955864528
7,30,6,346,475,684,596,0.0001842974449363,0.0026959320433103,0.0192402934166033,0.0525077881798491,0.154657524865764
7,31,3,230,283,298,167,0.0001799635644505,0.0035044683151753,0.0252215310679687,0.0581857277521694,0.144238804437292
7,31,4,87,170,292,378,0.0002517936175795,0.0013873160617261,0.012623261131651,0.0369381412071201,0.140214273976921
7,31,7,317,453,590,545,0.000215013685759,0.0024699724211831,0.018349164037308,0.0452918055937295,0.141423407805103
7,32,7,233,321,325,187,0.0004199149837179,0.0035501787714602,0.0286081677484734,0.0634575889914599,0.161512912753135
7,32,3,104,183,315,354,0.0001888452131846,0.0016584008094197,0.0135885693358361,0.0398476523295987,0.131311780391085
7,32,10,337,504,640,541,0.0003071624082272,0.0026258066433398,0.020414963962038,0.0491300942033676,0.140385437839561
7,33,10,227,316,271,184,0.0005998785481685,0.0034587578588904,0.0281625576589333,0.0529138665128788,0.158921796505758
7,33,3,120,185,283,384,0.0001888452131846,0.0019135393954843,0.0137370782903261,0.0357996368548458,0.14243989737338
7,33,13,347,501,554,568,0.0003993111306954,0.0027037237544181,0.0202934463194068,0.04252823779479,0.14739173510697
7,34,4,232,284,307,183,0.0002399514192674,0.0035349419526986,0.0253106530858768,0.0599430148319329,0.158058091089966
7,34,4,102,181,274,384,0.0002517936175795,0.0016265084861617,0.013440060381346,0.0346611325025716,0.14243989737338
7,34,8,334,465,581,567,0.0002457299265818,0.0026024315100163,0.0188352346078327,0.0446009136439946,0.147132242615584
7,35,5,240,285,275,179,0.0002999392740842,0.0036568365027916,0.0253997751037848,0.0536948829927737,0.154603269426798
7,35,2,114,178,295,426,0.0001258968087897,0.0018178624257101,0.013217296949611,0.0373176426578782,0.158019261148593
7,35,7,354,463,570,605,0.000215013685759,0.0027582657321729,0.0187542228460786,0.0437564901498742,0.156992957288234
7,36,4,227,317,316,216,0.0002399514192674,0.0034587578588904,0.0282516796768413,0.0617003019116964,0.186560369811108
7,36,2,94,198,324,376,0.0001258968087897,0.0014989391931294,0.0147023864945111,0.040986156681873,0.139472399511434
7,36,6,321,515,640,592,0.0001842974449363,0.0025011392656144,0.0208605286516857,0.0491300942033676,0.153619554900222
7,37,5,250,333,307,210,0.0002999392740842,0.003809204690408,0.0296776319633696,0.0599430148319329,0.181378137316355
7,37,1,101,183,325,410,6.29484043948797e-05,0.0016105623245326,0.0135885693358361,0.041112657165459,0.152084265424702
7,37,6,351,516,632,620,0.0001842974449363,0.0027348905988494,0.0209010345325627,0.0485159680258255,0.160885344659016
7,38,5,220,296,306,225,0.0002999392740842,0.003352100127559,0.026380117300773,0.0597477607119591,0.194333718553237
7,38,4,117,194,348,383,0.0002517936175795,0.0018657009105972,0.0144053685855311,0.0440221682879376,0.142068960140637
7,38,9,337,490,654,608,0.0002764461674045,0.0026258066433398,0.0198478816297592,0.0502048150140662,0.15777143476239
7,39,4,216,309,299,226,0.0002399514192674,0.0032911528525125,0.0275387035335772,0.0583809818721431,0.195197423969029
7,39,3,114,187,301,415,0.0001888452131846,0.0018178624257101,0.0138855872448161,0.0380766455593943,0.153938951588418
7,39,7,330,496,600,641,0.000215013685759,0.0025712646655849,0.0200909169150215,0.0460594633156571,0.166334686978112
7,40,2,239,330,307,232,0.0001199757096337,0.00364159968403,0.0294102659096455,0.0599430148319329,0.200379656463782
7,40,3,113,184,313,389,0.0001888452131846,0.0018019162640811,0.0136628238130811,0.0395946513624267,0.144294583537096
7,40,5,352,514,620,621,0.0001535812041136,0.0027426823099573,0.0208200227708086,0.0475947787595123,0.161144837150402
7,41,3,238,295,354,211,0.0001799635644505,0.0036263628652684,0.0262909952828649,0.0691199584706978,0.182241842732147
7,41,4,103,212,368,429,0.0002517936175795,0.0016424546477907,0.0157419491759412,0.0465521779596582,0.159132072846823
7,41,7,341,507,722,640,0.000215013685759,0.0026569734877711,0.0205364816046692,0.055424887523174,0.166075194486727
7,42,5,265,317,364,224,0.0002999392740842,0.0040377569718324,0.0282516796768413,0.0710724996704351,0.193470013137445
7,42,3,117,203,370,443,0.0001888452131846,0.0018657009105972,0.0150736588807362,0.0468051789268303,0.164325194105227
7,42,8,382,520,734,667,0.0002457299265818,0.0029764336431923,0.021063058056071,0.0563460767894872,0.173081491754135
7,43,7,264,361,443,241,0.0004199149837179,0.0040225201530708,0.032173048464794,0.0864975751483592,0.208153005205912
7,43,2,134,232,387,499,0.0001258968087897,0.0021367856582908,0.0172270387208413,0.0489556871477927,0.185097679138845
7,43,9,398,593,830,740,0.0002764461674045,0.0031011010209176,0.0240199873600963,0.0637155909199923,0.192024443625278
7,44,3,297,369,431,266,0.0001799635644505,0.0045253351722047,0.0328860246080582,0.0841545257086745,0.229745640600716
7,44,1,126,208,426,564,6.29484043948797e-05,0.0020092163652586,0.0154449312669612,0.0538892060076478,0.209208599267152
7,44,4,423,577,857,830,0.0001228649632909,0.0032958937986134,0.0233718932660634,0.0657882667691969,0.215378767849973
7,45,2,299,429,464,284,0.0001199757096337,0.0045558088097279,0.0382333456825392,0.0905979116678073,0.245292338084975
7,45,5,158,268,423,551,0.0003147420219743,0.0025194935373877,0.0199001999016615,0.0535097045568897,0.20438641524149
7,45,7,457,697,887,835,0.000215013685759,0.0035608119762798,0.0282325989713105,0.0680912399349797,0.216676230306901
7,46,11,300,437,532,302,0.0006598664029854,0.0045710456284896,0.0389463218258033,0.10387519182602,0.260839035569234
7,46,5,135,279,485,561,0.0003147420219743,0.0021527318199199,0.0207169991513566,0.0613527345392234,0.208095787568922
7,46,16,435,716,1017,863,0.0004914598531636,0.0033893943319074,0.0290022107079746,0.0780707903200388,0.223942020065695
7,47,4,321,486,524,304,0.0002399514192674,0.0048910188224838,0.0433133007032961,0.102313158866231,0.262566446400818
7,47,4,145,297,516,634,0.0002517936175795,0.0023121934362102,0.0220535797417667,0.0652742495303903,0.235174205559174
7,47,8,466,783,1040,938,0.0002457299265818,0.0036309373762503,0.0317161047267376,0.0798364030804723,0.243403956919609
7,48,8,334,519,597,334,0.0004799028385348,0.005089097466385,0.0462543272942607,0.116566709624312,0.288477608874583
7,48,3,155,304,526,608,0.0001888452131846,0.0024716550525006,0.0225733610824818,0.0665392543662506,0.225529837507851
7,48,11,489,823,1123,942,0.0003378786490499,0.0038101467317304,0.03333633996182,0.0862079621724715,0.244441926885151
7,49,5,340,497,544,329,0.0002999392740842,0.0051805183789548,0.0442936429002843,0.106218241265705,0.284159081795623
7,49,4,165,317,526,643,0.0002517936175795,0.002631116668791,0.0235386692866668,0.0665392543662506,0.238512640653863
7,49,9,505,814,1070,972,0.0002764461674045,0.0039348141094558,0.0329717870339265,0.0821393762462551,0.252226701626716
7,50,2,343,475,493,301,0.0001199757096337,0.0052262288352397,0.042332958506308,0.0962602811470453,0.259975330153442
7,50,4,158,318,452,586,0.0002517936175795,0.0025194935373877,0.0236129237639118,0.0571782185808845,0.217369218387502
7,50,6,501,793,945,887,0.0001842974449363,0.0039036472650244,0.0321211635355082,0.0725436547221599,0.230169839858948
7,51,4,353,447,433,266,0.0002399514192674,0.0053785970228561,0.0398375420048835,0.0845450339486219,0.229745640600716
7,51,4,130,278,465,557,0.0002517936175795,0.0020730010117747,0.0206427446741116,0.0588227248675029,0.206612038637949
7,51,8,483,725,898,823,0.0002457299265818,0.0037633964650834,0.0293667636358682,0.0689356634291001,0.213562320410275
7,52,6,319,421,447,226,0.0003599271289011,0.0048605451849606,0.0375203695392751,0.087278591628254,0.195197423969029
7,52,5,153,258,422,512,0.0003147420219743,0.0024397627292425,0.0191576551292115,0.0533832040733037,0.189919863164506
7,52,11,472,679,869,738,0.0003378786490499,0.0036776876428973,0.0275034931155234,0.06670945603551,0.191505458642507
8,1,2,294,402,401,224,0.0001200920283956,0.0045033620043914,0.0363319833387504,0.0739620906705179,0.197267849504477
8,1,2,135,210,395,488,0.0001259684499961,0.0021656547256761,0.0158599684446236,0.0473977794799981,0.18403184437134
8,1,4,429,612,796,712,0.0001229600687828,0.00336150612019,0.0251794704335577,0.0578680979975926,0.188000352787388
8,2,8,288,415,421,219,0.0004803681135827,0.004411456657363,0.0375068982228393,0.0776509729982246,0.192864549292323
8,2,2,140,188,366,506,0.0001259684499961,0.0022458641599604,0.0141984479409011,0.0439179425055173,0.190819904204709
8,2,10,428,603,787,725,0.000307400171957,0.0033536704415882,0.0248091841036524,0.0572138104574188,0.191432943498394
8,3,0,239,352,383,233,0.0,0.0036608963232978,0.0318130799384083,0.070642096575582,0.205193789886353
8,3,2,100,223,384,442,0.0001259684499961,0.001604188685686,0.016841776015005,0.046077841317264,0.16668458035273
8,3,2,339,575,767,675,6.14800343914105e-05,0.0026562950460243,0.0236571821883916,0.0557598381459215,0.178230671532987
8,4,4,285,344,376,213,0.0002401840567913,0.0043655039838488,0.0310900553943536,0.0693509877608846,0.187580589037739
8,4,5,110,184,374,477,0.0003149211249903,0.0017646075542546,0.0138963533038607,0.0448778975329603,0.179883585584281
8,4,9,395,528,750,690,0.0002766601547613,0.0030950930477274,0.0217234646877752,0.0545239616811488,0.182191353122609
8,5,4,266,405,378,270,0.0002401840567913,0.0040744703849256,0.0366031175427709,0.0697198759936553,0.237778211456289
8,5,5,138,232,404,525,0.0003149211249903,0.0022137803862467,0.0175214889483461,0.0484777288858715,0.197985078473265
8,5,9,404,637,782,795,0.0002766601547613,0.003165614155144,0.0262080435721834,0.0568503173795445,0.209916124249963
8,6,4,234,393,446,269,0.0002401840567913,0.0035843085341075,0.0355185807266888,0.0822620759078578,0.236897551413858
8,6,8,129,205,454,534,0.0005038737999845,0.0020694034045349,0.015482350148323,0.0544774478073903,0.20137910838995
8,6,12,363,598,900,803,0.0003688802063484,0.0028443513324685,0.0246034694759273,0.0654287540173786,0.212028487764428
8,7,2,249,348,418,288,0.0001200920283956,0.0038140719016785,0.0314515676663809,0.0770976406490686,0.253630092220041
8,7,4,128,215,431,531,0.0002519368999922,0.0020533615176781,0.0162375867409241,0.0517175771034916,0.200247765084388
8,7,6,377,563,849,819,0.0001844401031742,0.0029540508328943,0.0231634670818512,0.0617211246230604,0.216253214793358
8,8,7,252,302,427,278,0.0004203220993848,0.0038600245751926,0.0272941765380662,0.0787576376965365,0.244823491795734
8,8,5,111,223,376,515,0.0003149211249903,0.0017806494411115,0.016841776015005,0.045117886289821,0.194213934121393
8,8,12,363,525,803,793,0.0003688802063484,0.0028443513324685,0.0216000359111401,0.0583769883066167,0.209388033371347
8,9,1,264,335,377,256,6.00460141978387e-05,0.0040438352692494,0.030276652782292,0.06953543187727,0.225448970862259
8,9,4,117,206,367,478,0.0002519368999922,0.0018769007622526,0.0155578738075831,0.0440379368839476,0.180260700019468
8,9,5,381,541,744,734,0.0001537000859785,0.0029853935473016,0.0222583227198606,0.0540877699876996,0.193809352452167
8,10,1,266,346,346,234,6.00460141978387e-05,0.0040744703849256,0.0312708115303673,0.0638176642693247,0.206074449928784
8,10,4,120,200,363,505,0.0002519368999922,0.0019250264228232,0.0151047318520225,0.0435579593702261,0.190442789769522
8,10,5,386,546,709,739,0.0001537000859785,0.0030245719403108,0.0224640373475858,0.0515433184425793,0.195129579648708
8,11,3,238,346,345,249,0.0001801380425935,0.0036455787654597,0.0312708115303673,0.0636332201529394,0.219284350565244
8,11,4,112,196,358,450,0.0002519368999922,0.0017966913279683,0.014802637214982,0.0429579874780743,0.169701495834227
8,11,7,350,542,703,699,0.0002151801203699,0.0027424875106445,0.0222994656454056,0.0511071267491301,0.184567762076382
8,12,5,253,352,395,246,0.0003002300709891,0.0038753421330307,0.0318130799384083,0.0728554259722059,0.216642370437952
8,12,4,114,196,392,495,0.0002519368999922,0.001828775101682,0.014802637214982,0.047037796344707,0.18667164541765
8,12,9,367,548,787,741,0.0002766601547613,0.0028756940468758,0.0225463231986758,0.0572138104574188,0.195657670527324
8,13,6,268,345,401,256,0.000360276085187,0.0041051055006017,0.0311804334623604,0.0739620906705179,0.225448970862259
8,13,4,125,224,378,496,0.0002519368999922,0.0020052358571075,0.0169172996742652,0.0453578750466818,0.187048759852837
8,13,10,393,569,779,752,0.000307400171957,0.0030794216905237,0.0234103246351214,0.0566322215328199,0.198562170359713
8,14,0,225,363,380,263,0.0,0.0034464505135649,0.0328072386864836,0.070088764226426,0.231613591159274
8,14,0,125,198,350,511,0.0,0.0020052358571075,0.0149536845335022,0.0419980324506313,0.192705476380645
8,14,0,350,561,730,774,0.0,0.0027424875106445,0.0230811812307612,0.0530699893696515,0.204371170024492
8,15,7,220,343,378,231,0.0004203220993848,0.0033698627243745,0.0309996773263467,0.0697198759936553,0.203432469801492
8,15,3,112,180,382,448,0.0001889526749942,0.0017966913279683,0.0135942586668202,0.0458378525604033,0.168947266963853
8,15,10,332,523,760,679,0.000307400171957,0.0026014452958114,0.0215177500600501,0.0552509478368975,0.17928685329022
8,16,2,222,323,372,229,0.0001200920283956,0.0034004978400507,0.0291921159662099,0.0686132112953433,0.20167114971663
8,16,5,117,184,351,506,0.0003149211249903,0.0018769007622526,0.0138963533038607,0.0421180268290616,0.190819904204709
8,16,7,339,507,723,735,0.0002151801203699,0.0026562950460243,0.0208594632513296,0.0525610990606274,0.194073397891475
8,17,5,242,331,382,209,0.0003002300709891,0.003706848996812,0.0299151405102646,0.0704576524591966,0.184057948868016
8,17,4,112,193,367,395,0.0002519368999922,0.0017966913279683,0.0145760662372017,0.0440379368839476,0.148960201898933
8,17,9,354,524,749,604,0.0002766601547613,0.0027738302250519,0.0215588929855951,0.0544512630655739,0.15948344534211
8,18,6,256,318,365,230,0.000360276085187,0.0039212948065449,0.0287402256261757,0.067322102480646,0.202551809759061
8,18,3,105,185,352,438,0.0001889526749942,0.0016843981199703,0.0139718769631208,0.042238021207492,0.165176122611981
8,18,9,361,503,717,668,0.0002766601547613,0.0028286799752648,0.0206948915491495,0.0521249073671783,0.17638235345783
8,19,2,246,362,356,191,0.0001200920283956,0.0037681192281643,0.0327168606184767,0.065662105433178,0.168206068104264
8,19,2,97,184,336,406,0.0001259684499961,0.0015560630251154,0.0138963533038607,0.040318111152606,0.153108460685992
8,19,4,343,546,692,597,0.0001229600687828,0.0026876377604316,0.0224640373475858,0.0503074419778066,0.157635127266953
8,20,3,219,303,336,192,0.0001801380425935,0.0033545451665365,0.0273845546060731,0.0619732231054714,0.169086728146694
8,20,2,112,182,312,370,0.0001259684499961,0.0017966913279683,0.0137453059853404,0.037438246070277,0.139532341019253
8,20,5,331,485,648,562,0.0001537000859785,0.0025936096172095,0.019954318889339,0.0471087028925126,0.148393536891169
8,21,2,223,269,273,172,0.0001200920283956,0.0034158153978887,0.0243117002938404,0.0503532437731955,0.15147352729808
8,21,3,92,159,346,350,0.0001889526749942,0.0014758535908311,0.0120082618223579,0.0415180549369098,0.13199005231551
8,21,5,315,428,619,522,0.0001537000859785,0.0024682387595801,0.0176091721332723,0.0450004430408415,0.137831719318844
8,22,6,221,260,346,205,0.000360276085187,0.0033851802822126,0.0234982976817789,0.0638176642693247,0.180535308698293
8,22,1,110,180,339,379,6.29842249980695e-05,0.0017646075542546,0.0135942586668202,0.0406780942878971,0.142926370935938
8,22,7,331,440,685,584,0.0002151801203699,0.0025936096172095,0.0181028872398127,0.0497985516687826,0.154202536555948
8,23,7,223,305,334,230,0.0004203220993848,0.0034158153978887,0.0275653107420867,0.0616043348727007,0.202551809759061
8,23,4,100,175,305,374,0.0002519368999922,0.001604188685686,0.0132166403705197,0.0365982854212644,0.141040798760002
8,23,11,323,480,639,604,0.0003381401891527,0.0025309241883948,0.0197486042616138,0.0464544153523388,0.15948344534211
8,24,1,209,310,298,195,6.00460141978387e-05,0.0032013695881558,0.028017201082121,0.0549643466828288,0.171728708273986
8,24,1,103,172,293,391,6.29842249980695e-05,0.0016523143462566,0.0129900693927393,0.0351583528800999,0.147451744158184
8,24,2,312,482,591,586,6.14800343914105e-05,0.0024447317237746,0.0198308901127039,0.0429648818047453,0.154730627434564
8,25,5,215,285,300,224,0.0003002300709891,0.0032932749351842,0.0257577493819499,0.0553332349155994,0.197267849504477
8,25,5,98,162,284,395,0.0003149211249903,0.0015721049119723,0.0122348328001382,0.0340784034742265,0.148960201898933
8,25,10,313,447,584,619,0.000307400171957,0.0024525674023764,0.0183908877186279,0.0424559914957212,0.163444126931732
8,26,5,248,308,336,222,0.0003002300709891,0.0037987543438404,0.0278364449461073,0.0619732231054714,0.195506529419615
8,26,3,92,182,347,418,0.0001889526749942,0.0014758535908311,0.0137453059853404,0.0416380493153401,0.157633833908238
8,26,8,340,490,683,640,0.0002459201375656,0.0026641307246261,0.0201600335170641,0.0496531544376328,0.168989081157203
8,27,7,206,263,287,203,0.0004203220993848,0.0031554169146416,0.0237694318857994,0.0529354614025901,0.178773988613432
8,27,4,96,181,279,346,0.0002519368999922,0.0015400211382586,0.0136697823260803,0.0334784315820746,0.130481594574761
8,27,11,302,444,566,549,0.0003381401891527,0.0023663749377561,0.0182674589419928,0.0411474164153736,0.144960946180163
8,28,4,237,264,341,193,0.0002401840567913,0.0036302612076217,0.0238598099538062,0.062895443687398,0.169967388189125
8,28,2,93,160,262,400,0.0001259684499961,0.001491895477688,0.012083785481618,0.0314385271487583,0.150845774074869
8,28,6,330,424,603,593,0.0001844401031742,0.0025857739386077,0.0174446004310922,0.0438372651916436,0.156578945509721
8,29,8,207,323,360,244,0.0004803681135827,0.0031707344724797,0.0291921159662099,0.0663998818987193,0.214881050353091
8,29,6,121,198,407,436,0.0003779053499884,0.0019410683096801,0.0149536845335022,0.0488377120211626,0.164421893741607
8,29,14,328,521,767,680,0.0004303602407398,0.002570102581404,0.02143546420896,0.0557598381459215,0.179550898729528
8,30,7,223,312,333,203,0.0004203220993848,0.0034158153978887,0.0281979572181346,0.0614198907563154,0.178773988613432
8,30,5,117,190,367,426,0.0003149211249903,0.0018769007622526,0.0143494952594213,0.0440379368839476,0.160650749389735
8,30,12,340,502,700,629,0.0003688802063484,0.0026641307246261,0.0206537486236045,0.0508890309024056,0.166084581324813
8,31,7,217,311,386,212,0.0004203220993848,0.0033239100508603,0.0281075791501278,0.071195428924738,0.186699928995308
8,31,7,116,159,359,424,0.0004408895749864,0.0018608588753958,0.0120082618223579,0.0430779818565046,0.159896520519361
8,31,14,333,470,745,636,0.0004303602407398,0.0026092809744132,0.0193371750061636,0.0541604686032745,0.16793289939997
8,32,4,251,312,375,186,0.0002401840567913,0.0038447070173546,0.0281979572181346,0.0691665436444993,0.16380276789211
8,32,3,127,188,310,401,0.0001889526749942,0.0020373196308212,0.0141984479409011,0.0371982573134163,0.151222888510056
8,32,7,378,500,685,587,0.0002151801203699,0.0029618865114961,0.0205714627725144,0.0497985516687826,0.154994672873872
8,33,1,246,269,348,237,6.00460141978387e-05,0.0037681192281643,0.0243117002938404,0.0641865525020954,0.208716430056076
8,33,2,95,158,355,469,0.0001259684499961,0.0015239792514017,0.0119327381630977,0.0425980043427831,0.176866670102783
8,33,3,341,427,703,706,9.22200515871157e-05,0.002671966403228,0.0175680292077273,0.0511071267491301,0.186416080151539
8,34,9,245,278,331,215,0.0005404141277805,0.0037528016703262,0.025125102905902,0.0610510025235447,0.1893419091226
8,34,6,98,163,323,435,0.0003779053499884,0.0015721049119723,0.0123103564593983,0.0387581842330111,0.16404477930642
8,34,15,343,441,654,650,0.0004611002579355,0.0026876377604316,0.0181440301653577,0.0475448945859618,0.171629535550284
8,35,6,239,276,371,185,0.000360276085187,0.0036608963232978,0.0249443467698883,0.068428767178958,0.162922107849679
8,35,1,105,166,335,339,6.29842249980695e-05,0.0016843981199703,0.0125369274371786,0.0401981167741756,0.127841793528451
8,35,7,344,442,706,524,0.0002151801203699,0.0026954734390335,0.0181851730909028,0.0513252225958547,0.13835981019746
8,36,2,225,298,357,241,0.0001200920283956,0.0034464505135649,0.0269326642660389,0.0658465495495633,0.212239070225799
8,36,4,98,187,342,404,0.0002519368999922,0.0015721049119723,0.014122924281641,0.0410380774231883,0.152354231815617
8,36,6,323,485,699,645,0.0001844401031742,0.0025309241883948,0.019954318889339,0.0508163322868307,0.170309308353743
8,37,4,244,306,336,236,0.0002401840567913,0.0037374841124881,0.0276556888100936,0.0619732231054714,0.207835770013645
8,37,3,122,220,333,415,0.0001889526749942,0.0019571101965369,0.0166152050372247,0.0399581280173149,0.156502490602676
8,37,7,366,526,669,651,0.0002151801203699,0.002867858368274,0.0216411788366852,0.0486353738195847,0.171893580989592
8,38,1,257,318,384,213,6.00460141978387e-05,0.003936612364383,0.0287402256261757,0.0708265406919673,0.187580589037739
8,38,2,106,186,381,433,0.0001259684499961,0.0017004400068272,0.0140474006223809,0.0457178581819729,0.163290550436045
8,38,3,363,504,765,646,9.22200515871157e-05,0.0028443513324685,0.0207360344746945,0.0556144409147718,0.170573353793052
8,39,3,244,325,386,252,0.0001801380425935,0.0037374841124881,0.0293728721022236,0.071195428924738,0.221926330692536
8,39,5,121,182,387,444,0.0003149211249903,0.0019410683096801,0.0137453059853404,0.0464378244525551,0.167438809223104
8,39,8,365,507,773,696,0.0002459201375656,0.0028600226896722,0.0208594632513296,0.0561960298393707,0.183775625758458
8,40,5,238,343,394,230,0.0003002300709891,0.0036455787654597,0.0309996773263467,0.0726709818558206,0.202551809759061
8,40,3,113,217,390,464,0.0001889526749942,0.0018127332148252,0.0163886340594444,0.0467978075878463,0.174981097926848
8,40,8,351,560,784,694,0.0002459201375656,0.0027503231892464,0.0230400383052162,0.0569957146106942,0.183247534879842
8,41,1,229,324,422,238,6.00460141978387e-05,0.0035077207449171,0.0292824940342167,0.0778354171146099,0.209597090098506
8,41,4,115,188,346,468,0.0002519368999922,0.0018448169885389,0.0141984479409011,0.0415180549369098,0.176489555667596
8,41,5,344,512,768,706,0.0001537000859785,0.0026954734390335,0.0210651778790548,0.0558325367614964,0.186416080151539
8,42,4,225,285,377,252,0.0002401840567913,0.0034464505135649,0.0257577493819499,0.06953543187727,0.221926330692536
8,42,2,116,193,373,471,0.0001259684499961,0.0018608588753958,0.0145760662372017,0.0447579031545299,0.177620898973158
8,42,6,341,478,750,723,0.0001844401031742,0.002671966403228,0.0196663184105238,0.0545239616811488,0.190904852619778
8,43,5,229,306,371,232,0.0003002300709891,0.0035077207449171,0.0276556888100936,0.068428767178958,0.204313129843922
8,43,7,115,196,359,459,0.0004408895749864,0.0018448169885389,0.014802637214982,0.0430779818565046,0.173095525750912
8,43,12,344,502,730,691,0.0003688802063484,0.0026954734390335,0.0206537486236045,0.0530699893696515,0.182455398561917
8,44,5,219,290,354,207,0.0003002300709891,0.0033545451665365,0.0262096397219841,0.0652932172004073,0.182296628783155
8,44,3,123,154,341,455,0.0001889526749942,0.0019731520833938,0.0116306435260573,0.0409180830447579,0.171587068010163
8,44,8,342,444,695,662,0.0002459201375656,0.0026798020818298,0.0182674589419928,0.0505255378245312,0.174798080821982
8,45,4,226,344,342,216,0.0002401840567913,0.0034617680714029,0.0310900553943536,0.0630798878037834,0.190222569165031
8,45,4,104,189,363,418,0.0002519368999922,0.0016683562331134,0.0142739716001612,0.0435579593702261,0.157633833908238
8,45,8,330,533,705,634,0.0002459201375656,0.0025857739386077,0.0219291793155004,0.0512525239802799,0.167404808521354
8,46,2,229,292,341,212,0.0001200920283956,0.0035077207449171,0.0263903958579978,0.062895443687398,0.186699928995308
8,46,2,116,203,375,428,0.0001259684499961,0.0018608588753958,0.0153313028298028,0.0449978919113906,0.161404978260109
8,46,4,345,495,716,640,0.0001229600687828,0.0027033091176353,0.0203657481447893,0.0520522087516034,0.168989081157203
8,47,3,237,326,364,219,0.0001801380425935,0.0036302612076217,0.0294632501702304,0.0671376583642607,0.192864549292323
8,47,4,100,192,367,427,0.0002519368999922,0.001604188685686,0.0145005425779416,0.0440379368839476,0.161027863824922
8,47,7,337,518,731,646,0.0002151801203699,0.0026406236888206,0.0213120354323249,0.0531426879852264,0.170573353793052
8,48,2,256,347,378,258,0.0001200920283956,0.0039212948065449,0.0313611895983741,0.0697198759936553,0.22721029094712
8,48,3,109,205,360,496,0.0001889526749942,0.0017485656673977,0.015482350148323,0.043197976234935,0.187048759852837
8,48,5,365,552,738,754,0.0001537000859785,0.0028600226896722,0.0227108949008559,0.0536515782942504,0.19909026123833
8,49,5,249,322,406,288,0.0003002300709891,0.0038140719016785,0.0291017378982031,0.0748843112524446,0.253630092220041
8,49,5,124,195,356,476,0.0003149211249903,0.0019891939702506,0.0147271135557219,0.0427179987212135,0.179506471149094
8,49,10,373,517,762,764,0.000307400171957,0.0029227081184869,0.0212708925067799,0.0553963450680472,0.201730715631411
8,50,6,266,393,451,245,0.000360276085187,0.0040744703849256,0.0355185807266888,0.0831842964897845,0.215761710395521
8,50,2,135,217,428,564,0.0001259684499961,0.0021656547256761,0.0163886340594444,0.0513575939682005,0.212692541445565
8,50,8,401,610,879,809,0.0002459201375656,0.0031421071193385,0.0250971845824676,0.0639020830903064,0.213612760400277
8,51,2,274,385,491,296,0.0001200920283956,0.0041970108476301,0.0347955561826341,0.0905620611451978,0.260675372559487
8,51,4,126,227,527,637,0.0002519368999922,0.0020212777439644,0.0171438706520455,0.0632370374328076,0.240221895214228
8,51,6,400,612,1018,933,0.0001844401031742,0.0031342714407366,0.0251794704335577,0.0740071906552126,0.246354394874485
8,52,4,320,413,468,328,0.0002401840567913,0.0049016185081812,0.0373261420868257,0.0863198464683351,0.288856493917269
8,52,4,118,223,531,690,0.0002519368999922,0.0018929426491095,0.016841776015005,0.0637170149465291,0.260208960279148
8,52,8,438,636,999,1018,0.0002459201375656,0.0034320272276066,0.0261669006466384,0.0726259169592902,0.268798257215676
9,1,3,260,378,478,296,0.0001807440476861,0.0040004691896234,0.034762870438916,0.0837185342534494,0.26262289543375
9,1,0,121,256,490,637,0.0,0.0019492345062257,0.0197267872679457,0.056236087116934,0.243161136979919
9,1,3,381,634,968,933,9.25366349139237e-05,0.0029983939212045,0.0265817521821998,0.0671156104858499,0.249015586860395
9,2,6,251,296,423,258,0.0003614880953722,0.0038619914099826,0.0272217186505797,0.0740856485129897,0.22890779399293
9,2,4,122,268,441,540,0.0002528199604084,0.0019653438823102,0.0206514804211306,0.0506124784052406,0.206133459920183
9,2,10,373,564,864,798,0.000308455449713,0.0029354355186595,0.0236468584081399,0.0599048424171222,0.212984392620145
9,3,3,237,348,451,246,0.0001807440476861,0.0036465815305414,0.0320039124675735,0.0789896630717692,0.218260919853724
9,3,4,116,190,387,499,0.0002528199604084,0.0018686876258031,0.0146409749254284,0.044415032069905,0.190482586111428
9,3,7,353,538,838,745,0.0002159188147991,0.0027780395122971,0.0225567550063462,0.0581021503999403,0.198838812659158
9,4,3,254,326,385,224,0.0001807440476861,0.0039081506698629,0.0299806766219223,0.0674302001832176,0.198741650598513
9,4,3,99,189,384,430,0.0001896149703063,0.0015948282323664,0.014563917162663,0.0440707294957197,0.164143310677183
9,4,6,353,515,769,654,0.0001850732698278,0.0027780395122971,0.0215924327662979,0.0533180831235729,0.174551118763878
9,5,3,243,306,407,233,0.0001807440476861,0.0037389000503019,0.0281413713076939,0.0712833544794014,0.206726806202918
9,5,4,110,193,378,450,0.0002528199604084,0.0017720313692961,0.0148721482137247,0.0433821243473491,0.171777883266819
9,5,7,353,499,785,683,0.0002159188147991,0.0027780395122971,0.0209215999036557,0.0544274320572233,0.182291153082154
9,6,2,254,302,380,246,0.0001204960317907,0.0039081506698629,0.0277735102448483,0.0665544832977212,0.218260919853724
9,6,5,126,187,346,432,0.0003160249505105,0.0020297813866482,0.0144098016371322,0.0397095635560391,0.164906767936146
9,6,7,380,489,726,678,0.0002159188147991,0.0029905241208864,0.0205023293645042,0.0503367078643874,0.180956664406589
9,7,5,240,361,382,248,0.0003012400794768,0.0036927407904216,0.0331994609218219,0.0669047700519198,0.220035398876925
9,7,3,102,189,337,451,0.0001896149703063,0.00164315636062,0.014563917162663,0.0386766558334832,0.172159611896301
9,7,8,342,550,719,699,0.0002467643597704,0.0026914717087977,0.0230598796533279,0.0498513677059154,0.186561516843962
9,8,3,243,311,409,226,0.0001807440476861,0.0037389000503019,0.028601197636251,0.0716336412336,0.200516129621714
9,8,1,122,157,370,438,6.32049901021e-05,0.0019653438823102,0.0120980687541698,0.0424639841495216,0.167197139713037
9,8,4,365,468,779,664,0.0001233821798852,0.0028724771161145,0.0196218612322863,0.0540114262071044,0.177220096115008
9,9,4,232,322,357,216,0.0002409920635814,0.0035696494307409,0.0296128155590766,0.0625261856244381,0.191643734505709
9,9,3,120,178,393,465,0.0001896149703063,0.0019331251301412,0.0137162817722435,0.0451036372182756,0.177503812709046
9,9,7,352,500,750,681,0.0002159188147991,0.002770169711979,0.0209635269575708,0.052000731264863,0.181757357611928
9,10,4,239,327,402,226,0.0002409920635814,0.0036773543704615,0.0300726418876337,0.0704076375939051,0.200516129621714
9,10,7,103,208,360,435,0.0004424349307147,0.0016592657367045,0.0160280146552059,0.0413163089022372,0.166051953824592
9,10,11,342,535,762,661,0.0003393009946843,0.0026914717087977,0.0224309738446008,0.0528327429651008,0.176419402909669
9,11,4,223,285,389,196,0.0002409920635814,0.0034311716511001,0.0262101007277541,0.0681307736916146,0.173898944273699
9,11,3,115,199,363,422,0.0001896149703063,0.0018525782497186,0.0153344947903171,0.0416606114764225,0.161089481641328
9,11,7,338,484,752,618,0.0002159188147991,0.0026599925075252,0.0202926940949285,0.0521393998815693,0.164942800299811
9,12,5,232,285,376,235,0.0003012400794768,0.0035696494307409,0.0262101007277541,0.0658539097893242,0.208501285226119
9,12,4,120,207,333,451,0.0002528199604084,0.0019331251301412,0.0159509568924404,0.0382175857345694,0.172159611896301
9,12,9,352,492,709,686,0.0002776099047417,0.002770169711979,0.0206281105262497,0.0491580246223838,0.183091846287493
9,13,3,222,311,381,206,0.0001807440476861,0.00341578523114,0.028601197636251,0.0667296266748205,0.182771339389704
9,13,4,85,177,337,440,0.0002528199604084,0.0013692969671833,0.0136392240094781,0.0386766558334832,0.167960596972001
9,13,7,307,488,718,646,0.0002159188147991,0.0024160286976635,0.0204604023105891,0.0497820333975622,0.172415936882974
9,14,5,225,309,345,209,0.0003012400794768,0.0034619444910203,0.0284172671048282,0.0604244650992469,0.185433057924506
9,14,2,94,171,323,414,0.0001264099802042,0.0015142813519439,0.0131768774328856,0.037069910487285,0.158035652605473
9,14,7,319,480,668,623,0.0002159188147991,0.0025104663014809,0.020124985879268,0.0463153179799047,0.166277288975376
9,15,5,241,304,354,225,0.0003012400794768,0.0037081272103817,0.0279574407762711,0.0620007554931403,0.199628890110114
9,15,3,121,187,357,408,0.0001896149703063,0.0019492345062257,0.0144098016371322,0.0409720063280519,0.155745280828583
9,15,8,362,491,711,633,0.0002467643597704,0.0028488677151602,0.0205861834723345,0.0492966932390902,0.168946266326506
9,16,2,215,296,344,209,0.0001204960317907,0.0033080802914194,0.0272217186505797,0.0602493217221476,0.185433057924506
9,16,4,107,185,363,408,0.0002528199604084,0.0017237032410425,0.0142556861116014,0.0416606114764225,0.155745280828583
9,16,6,322,481,707,617,0.0001850732698278,0.0025340757024353,0.0201669129331831,0.0490193560056775,0.164675902564699
9,17,1,223,305,341,203,6.02480158953725e-05,0.0034311716511001,0.0280494060419825,0.0597238915908499,0.180109620854903
9,17,2,100,169,326,386,0.0001264099802042,0.001610937608451,0.0130227619073548,0.0374142130614704,0.147347250979982
9,17,3,323,474,667,589,9.25366349139237e-05,0.0025419455027534,0.0198734235557771,0.0462459836715515,0.157202765981536
9,18,3,266,328,337,180,0.0001807440476861,0.004092787709384,0.0301646071533451,0.0590233180824528,0.159703112088091
9,18,0,112,175,310,385,0.0,0.0018042501214651,0.0134851084839472,0.0355779326658154,0.146965522350501
9,18,3,378,503,647,565,9.25366349139237e-05,0.0029747845202501,0.0210893081193162,0.0448592975044885,0.150797220338824
9,19,3,213,266,329,206,0.0001807440476861,0.0032773074514992,0.0244627606792372,0.0576221710656587,0.182771339389704
9,19,3,90,157,329,364,0.0001896149703063,0.0014498438476059,0.0120980687541698,0.0377585156356557,0.138949221131382
9,19,6,303,423,658,570,0.0001850732698278,0.002384549496391,0.0177351438061049,0.0456219748963732,0.152131709014389
9,20,5,204,291,358,175,0.0003012400794768,0.0031388296718584,0.0267618923220227,0.0627013290015374,0.155266914530088
9,20,2,91,163,324,403,0.0001264099802042,0.0014659532236904,0.0125604153307623,0.0371846780120135,0.153836637681173
9,20,7,295,454,682,578,0.0002159188147991,0.002321591093846,0.0190348824774743,0.0472859982968488,0.154266890895293
9,21,6,204,261,334,175,0.0003614880953722,0.0031388296718584,0.0240029343506801,0.058497887951155,0.155266914530088
9,21,5,96,150,339,371,0.0003160249505105,0.0015465001041129,0.0115586644148119,0.03890619088294,0.141621321537755
9,21,11,300,411,673,546,0.0003393009946843,0.0023609400954366,0.0172320191591232,0.0466619895216704,0.145726163371678
9,22,5,213,284,352,191,0.0003012400794768,0.0032773074514992,0.0261181354620427,0.0616504687389418,0.169462746715697
9,22,1,85,147,301,359,6.32049901021e-05,0.0013692969671833,0.0113274911265157,0.0345450249432594,0.137040577983973
9,22,6,298,431,653,550,0.0001850732698278,0.0023452004948004,0.018070560237426,0.0452753033546074,0.14679375431213
9,23,2,225,256,353,193,0.0001204960317907,0.0034619444910203,0.023543108022123,0.061825612116041,0.171237225738898
9,23,4,101,161,303,371,0.0002528199604084,0.0016270469845355,0.0124062998052315,0.0347745599927163,0.141621321537755
9,23,6,326,417,656,564,0.0001850732698278,0.0025655549037078,0.0174835814826141,0.0454833062796669,0.150530322603711
9,24,1,234,257,309,208,6.02480158953725e-05,0.0036004222706611,0.0236350732878344,0.0541193035236733,0.184545818412905
9,24,2,90,154,325,353,0.0001264099802042,0.0014498438476059,0.0118668954658736,0.0372994455367419,0.134750206207082
9,24,3,324,411,634,561,9.25366349139237e-05,0.0025498153030715,0.0172320191591232,0.0439579514958975,0.149729629398373
9,25,3,262,283,349,212,0.0001807440476861,0.0040312420295436,0.0260261701963313,0.061125038607644,0.188094776459307
9,25,7,105,187,302,385,0.0004424349307147,0.0016914844888735,0.0144098016371322,0.0346597924679879,0.146965522350501
9,25,10,367,470,651,597,0.000308455449713,0.0028882167167508,0.0197057153401166,0.0451366347379011,0.159337947862439
9,26,3,228,264,305,174,0.0001807440476861,0.0035081037509006,0.0242788301478144,0.0534187300152763,0.154379675018488
9,26,3,110,132,309,386,0.0001896149703063,0.0017720313692961,0.0101716246850345,0.0354631651410869,0.147347250979982
9,26,6,338,396,614,560,0.0001850732698278,0.0026599925075252,0.0166031133503961,0.0425712653288345,0.14946273166326
9,27,6,242,282,333,181,0.0003614880953722,0.0037235136303418,0.0259342049306199,0.0583227445740557,0.160590351599692
9,27,3,123,139,311,339,0.0001896149703063,0.0019814532583947,0.0107110290243924,0.0356927001905438,0.129406005394337
9,27,9,365,421,644,520,0.0002776099047417,0.0028724771161145,0.0176512896982746,0.0446512945794291,0.138786822258741
9,28,1,232,300,359,182,6.02480158953725e-05,0.0035696494307409,0.0275895797134254,0.0628764723786367,0.161477591111292
9,28,3,84,175,316,398,0.0001896149703063,0.0013531875910988,0.0134851084839472,0.036266537814186,0.151927994533764
9,28,4,316,475,675,580,0.0001233821798852,0.0024868569005266,0.0199153506096923,0.0468006581383767,0.154800686365519
9,29,7,221,246,335,204,0.0004217361112676,0.0034003988111799,0.0226234553650088,0.0586730313282543,0.180996860366503
9,29,4,91,162,314,353,0.0002528199604084,0.0014659532236904,0.0124833575679969,0.0360370027647291,0.134750206207082
9,29,11,312,408,649,557,0.0003393009946843,0.0024553776992541,0.0171062379973778,0.0449979661211948,0.148662038457921
9,30,2,216,283,281,162,0.0001204960317907,0.0033234667113795,0.0260261701963313,0.0492152889648939,0.143732800879282
9,30,2,101,157,275,367,0.0001264099802042,0.0016270469845355,0.0120980687541698,0.0315610693003201,0.140094407019828
9,30,4,317,440,556,529,0.0001233821798852,0.0024947267008447,0.0184479037226623,0.0385498754443518,0.141188901874758
9,31,2,206,268,310,189,0.0001204960317907,0.0031696025117786,0.02464669121066,0.0542944469007726,0.167688267692496
9,31,2,97,147,298,346,0.0001264099802042,0.0015626094801974,0.0113274911265157,0.0342007223690741,0.13207810580071
9,31,4,303,415,608,535,0.0001233821798852,0.002384549496391,0.0173997273747838,0.0421552594787156,0.142790288285435
9,32,6,231,299,317,206,0.0003614880953722,0.0035542630107808,0.027497614447714,0.0555204505404675,0.182771339389704
9,32,5,107,180,300,319,0.0003160249505105,0.0017237032410425,0.0138703972977743,0.034430257418531,0.121771432804701
9,32,11,338,479,617,525,0.0003393009946843,0.0026599925075252,0.0200830588253528,0.042779268253894,0.140121310934306
9,33,2,224,270,352,252,0.0001204960317907,0.0034465580710602,0.0248306217420829,0.0616504687389418,0.223584356923327
9,33,2,98,170,330,411,0.0001264099802042,0.0015787188562819,0.0130998196701202,0.0378732831603841,0.156890466717028
9,33,4,322,440,682,663,0.0001233821798852,0.0025340757024353,0.0184479037226623,0.0472859982968488,0.176953198379895
9,34,7,232,297,389,196,0.0004217361112676,0.0035696494307409,0.0273136839162912,0.0681307736916146,0.173898944273699
9,34,1,105,175,344,432,6.32049901021e-05,0.0016914844888735,0.0134851084839472,0.0394800285065822,0.164906767936146
9,34,8,337,472,733,628,0.0002467643597704,0.0026521227072071,0.0197895694479468,0.0508220480228595,0.167611777650941
9,35,2,221,264,340,179,0.0001204960317907,0.0034003988111799,0.0242788301478144,0.0595487482137506,0.158815872576491
9,35,4,96,165,277,350,0.0002528199604084,0.0015465001041129,0.0127145308562931,0.031790604349777,0.133605020318637
9,35,6,317,429,617,529,0.0001850732698278,0.0024947267008447,0.0179867061295958,0.042779268253894,0.141188901874758
9,36,3,209,279,314,187,0.0001807440476861,0.0032157617716588,0.0256583091334856,0.0549950204091697,0.165913788669295
9,36,0,112,167,280,354,0.0,0.0018042501214651,0.0128686463818239,0.0321349069239623,0.135131934836564
9,36,3,321,446,594,541,9.25366349139237e-05,0.0025262059021172,0.0186994660461532,0.0411845791617715,0.144391674696113
9,37,5,243,268,339,191,0.0003012400794768,0.0037389000503019,0.02464669121066,0.0593736048366513,0.169462746715697
9,37,1,94,163,287,367,6.32049901021e-05,0.0015142813519439,0.0125604153307623,0.0329382795970613,0.140094407019828
9,37,6,337,431,626,558,0.0001850732698278,0.0026521227072071,0.018070560237426,0.0434032770290723,0.148928936193034
9,38,0,206,283,333,201,0.0,0.0031696025117786,0.0260261701963313,0.0583227445740557,0.178335141831702
9,38,2,92,185,309,395,0.0001264099802042,0.0014820625997749,0.0142556861116014,0.0354631651410869,0.150782808645319
9,38,2,298,468,642,596,6.16910899426158e-05,0.0023452004948004,0.0196218612322863,0.0445126259627227,0.159071050127326
9,39,5,229,246,324,183,0.0003012400794768,0.0035234901708606,0.0226234553650088,0.0567464541801623,0.162364830622893
9,39,8,102,142,313,384,0.0005056399208168,0.00164315636062,0.0109422023126886,0.0359222352400007,0.146583793721019
9,39,13,331,388,637,567,0.000400992084627,0.0026049039052984,0.0162676969190749,0.044165954420957,0.15133101580905
9,40,1,236,272,354,200,6.02480158953725e-05,0.0036311951105813,0.0250145522735057,0.0620007554931403,0.177447902320101
9,40,3,93,188,332,363,0.0001896149703063,0.0014981719758594,0.0144868593998976,0.038102818209841,0.138567492501901
9,40,4,329,460,686,563,0.0001233821798852,0.0025891643046621,0.0192864448009651,0.0475633355302614,0.150263424868598
9,41,3,237,311,381,237,0.0001807440476861,0.0036465815305414,0.028601197636251,0.0667296266748205,0.21027576424932
9,41,2,107,177,351,380,0.0001264099802042,0.0017237032410425,0.0136392240094781,0.0402834011796813,0.145056879203092
9,41,5,344,488,732,617,0.0001542277248565,0.002707211309434,0.0204604023105891,0.0507527137145063,0.164675902564699
9,42,5,238,280,385,209,0.0003012400794768,0.0036619679505015,0.0257502743991971,0.0674302001832176,0.185433057924506
9,42,2,86,167,367,431,0.0001264099802042,0.0013854063432678,0.0128686463818239,0.0421196815753363,0.164525039306664
9,42,7,324,447,752,640,0.0002159188147991,0.0025498153030715,0.0187413931000683,0.0521393998815693,0.170814550472297
9,43,3,241,301,372,191,0.0001807440476861,0.0037081272103817,0.0276815449791368,0.0651533362809271,0.169462746715697
9,43,4,108,199,338,449,0.0002528199604084,0.001739812617127,0.0153344947903171,0.0387914233582116,0.171396154637337
9,43,7,349,500,710,640,0.0002159188147991,0.0027465603110246,0.0209635269575708,0.049227358930737,0.170814550472297
9,44,5,200,293,360,230,0.0003012400794768,0.003077283992018,0.0269458228534455,0.0630516157557359,0.204065087668116
9,44,4,119,168,352,400,0.0002528199604084,0.0019170157540566,0.0129457041445893,0.0403981687044097,0.152691451792728
9,44,9,319,461,712,630,0.0002776099047417,0.0025104663014809,0.0193283718548803,0.0493660275474433,0.168145573121167
9,45,5,223,300,331,211,0.0003012400794768,0.0034311716511001,0.0275895797134254,0.0579724578198572,0.187207536947707
9,45,4,115,183,397,381,0.0002528199604084,0.0018525782497186,0.0141015705860705,0.0455627073171894,0.145438607832573
9,45,9,338,483,728,592,0.0002776099047417,0.0026599925075252,0.0202507670410134,0.0504753764810937,0.158003459186874
9,46,5,238,301,389,250,0.0003012400794768,0.0036619679505015,0.0276815449791368,0.0681307736916146,0.221809877900126
9,46,4,100,190,380,459,0.0002528199604084,0.001610937608451,0.0146409749254284,0.0436116593968059,0.175213440932155
9,46,9,338,491,769,709,0.0002776099047417,0.0026599925075252,0.0205861834723345,0.0533180831235729,0.189230494195091
9,47,3,251,298,396,222,0.0001807440476861,0.0038619914099826,0.0274056491820026,0.0693567773313095,0.196967171575312
9,47,3,104,189,418,402,0.0001896149703063,0.001675375112789,0.014563917162663,0.0479728253364865,0.153454909051692
9,47,6,355,487,814,624,0.0001850732698278,0.0027937791129333,0.020418475256674,0.0564381269994647,0.166544186710489
9,48,1,241,332,394,244,6.02480158953725e-05,0.0037081272103817,0.0305324682161908,0.069006490577111,0.216486440830523
9,48,4,90,223,384,447,0.0002528199604084,0.0014498438476059,0.0171838810966871,0.0440707294957197,0.170632697378374
9,48,5,331,555,778,691,0.0001542277248565,0.0026049039052984,0.0232695149229036,0.0539420918987512,0.184426334963058
9,49,5,269,286,435,269,0.0003012400794768,0.0041389469692643,0.0263020659934656,0.0761873690381809,0.238667428620536
9,49,3,118,201,408,445,0.0001896149703063,0.0019009063779721,0.015488610315848,0.0468251500892022,0.16986924011941
9,49,8,387,487,843,714,0.0002467643597704,0.0030456127231132,0.020418475256674,0.058448821941706,0.190564982870656
9,50,2,221,316,420,251,0.0001204960317907,0.0034003988111799,0.0290610239648081,0.0735602183816919,0.222697117411727
9,50,2,99,183,436,495,0.0001264099802042,0.0015948282323664,0.0141015705860705,0.0500386407815984,0.188955671593501
9,50,4,320,499,856,746,0.0001233821798852,0.002518336101799,0.0209215999036557,0.059350167950297,0.199105710394271
9,51,5,239,335,397,243,0.0003012400794768,0.0036773543704615,0.030808364013325,0.0695319207084088,0.215599201318923
9,51,8,124,212,412,487,0.0005056399208168,0.0019975626344792,0.0163362457062675,0.0472842201881159,0.185901842557646
9,51,13,363,547,809,730,0.000400992084627,0.0028567375154783,0.0229340984915825,0.0560914554576989,0.194835346632463
9,52,10,226,319,436,263,0.0006024801589537,0.0034773309109804,0.0293369197619424,0.0763625124152802,0.233343991550933
9,52,3,107,215,403,487,0.0001896149703063,0.0017237032410425,0.0165674189945637,0.04625131246556,0.185901842557646
9,52,13,333,534,839,750,0.000400992084627,0.0026206435059346,0.0223890467906856,0.0581714847082934,0.200173301334723
10,1,3,263,320,437,239,0.0001814978270044,0.0040588051665187,0.0300560482264055,0.0736932062662332,0.211565024220611
10,1,3,103,182,370,488,0.0001904471570486,0.0016631994103787,0.0143610570681544,0.0410594803076516,0.187125095457114
10,1,6,366,502,807,727,0.0001858648275712,0.0028881156203102,0.0215266444241286,0.0540113373780672,0.194512061284353
10,2,5,258,312,391,220,0.0003024963783408,0.003981641570197,0.0293046470207453,0.0659360266592613,0.194746047399725
10,2,4,107,169,388,438,0.0002539295427315,0.001727789678743,0.0133352672775719,0.0430569685388346,0.167952442234049
10,2,9,365,481,779,658,0.0002787972413568,0.0028802245940252,0.0206261274263065,0.0521373380638344,0.176050806499456
10,3,3,252,333,391,215,0.0001814978270044,0.0038890452546111,0.0312770751856032,0.0659360266592613,0.190320000867913
10,3,3,115,175,401,480,0.0001904471570486,0.0018569702154714,0.0138087087193792,0.0444995989280224,0.184057470941424
10,3,6,367,508,792,695,0.0001858648275712,0.0028960066465952,0.0217839349949349,0.0530074091740139,0.185950319934835
10,4,6,236,359,452,225,0.0003629956540089,0.0036421217463818,0.0337191291039986,0.0762227213554631,0.199172093931537
10,4,3,112,200,428,451,0.0001904471570486,0.0018085275141983,0.0157813813935763,0.047495831274797,0.172937332072046
10,4,9,348,559,880,676,0.0002787972413568,0.0027460771471802,0.0239709048467886,0.0588971213044599,0.180866786008559
10,5,6,265,311,400,244,0.0003629956540089,0.0040896706050473,0.0292107218700378,0.0674537357127992,0.215991070752423
10,5,2,111,204,411,465,0.0001269647713657,0.0017923799471072,0.0160970090214478,0.045609314612013,0.178305674974504
10,5,8,376,515,811,709,0.0002478197700949,0.0029670258831602,0.0220841073275423,0.0542790515658147,0.189696081775249
10,6,5,268,331,442,238,0.0003024963783408,0.0041359687628403,0.0310892248841882,0.0745363779626432,0.210679814914248
10,6,6,123,217,488,495,0.0003808943140972,0.0019861507521999,0.0171227988120302,0.0541541253787404,0.189809266908343
10,6,11,391,548,930,733,0.0003407521838805,0.0030853912774352,0.023499205466977,0.0622435486513042,0.196117387787388
10,7,3,243,319,386,252,0.0001814978270044,0.0037501507812321,0.029962123075698,0.0650928549628513,0.223072745203322
10,7,6,109,182,380,454,0.0003808943140972,0.0017600848129251,0.0143610570681544,0.0421691959916421,0.17408769126543
10,7,9,352,501,766,706,0.0002787972413568,0.0027776412523202,0.0214837626623275,0.0512672669536548,0.188893418523732
10,8,4,214,327,411,222,0.0002419971026726,0.0033026019225665,0.0307135242813581,0.0693087134449012,0.19651646601245
10,8,3,109,197,376,433,0.0001904471570486,0.0017600848129251,0.0155446606726726,0.0417253097180459,0.166035176911743
10,8,7,323,524,787,655,0.0002168422988331,0.0025488014900552,0.0224700431837518,0.0526727664393295,0.175248143247938
10,9,4,208,301,375,204,0.0002419971026726,0.0032100056069805,0.0282714703629626,0.0632378772307493,0.180582698497927
10,9,2,91,186,333,431,0.0001269647713657,0.0014694286052861,0.0146766846960259,0.0369535322768864,0.16526827078282
10,9,6,299,487,708,635,0.0001858648275712,0.0023594168592152,0.0208834179971128,0.0473854112313154,0.16989705490449
10,10,2,224,284,358,207,0.0001209985513363,0.0034569291152098,0.0266747428009349,0.0603710934629553,0.183238326417014
10,10,3,114,191,325,387,0.0001904471570486,0.0018408226483804,0.0150712192308653,0.0360657597296939,0.148396335946523
10,10,5,338,475,683,594,0.0001548873563093,0.0026671668843302,0.0203688368555002,0.0457121975578933,0.158927323800421
10,11,4,219,277,373,183,0.0002419971026726,0.0033797655188882,0.0260172667459822,0.0629006085521853,0.161993303064317
10,11,2,95,180,361,391,0.0001269647713657,0.0015340188736503,0.0142032432542186,0.04006073619206,0.149930148204368
10,11,6,314,457,734,574,0.0001858648275712,0.0024777822534902,0.0195969651430812,0.0491255534516745,0.153576235456972
10,12,2,236,250,364,212,0.0001209985513363,0.0036421217463818,0.0234812876768793,0.0613828994986473,0.187664372948826
10,12,2,110,161,325,371,0.0001269647713657,0.0017762323800161,0.0127040120218289,0.0360657597296939,0.142261086915142
10,12,4,346,411,689,583,0.0001239098850474,0.0027302950946102,0.0176244041002328,0.0461137688395146,0.155984225211524
10,13,5,227,251,381,210,0.0003024963783408,0.0035032272730028,0.0235752128275868,0.0642496832664413,0.185893954336101
10,13,4,115,150,368,378,0.0002539295427315,0.0018569702154714,0.0118360360451822,0.0408375371708535,0.144945258366371
10,13,9,342,401,749,588,0.0002787972413568,0.0026987309894702,0.0171955864822222,0.0501294816557278,0.157321997297386
10,14,2,232,267,362,216,0.0001209985513363,0.0035803908693245,0.0250780152389071,0.0610456308200833,0.191205210174276
10,14,3,99,170,367,394,0.0001904471570486,0.0015986091420145,0.0134141741845398,0.0407265656024544,0.151080507397752
10,14,5,331,437,729,610,0.0001548873563093,0.0026119297003352,0.0187393299070601,0.0487909107169901,0.163208194475179
10,15,6,185,260,387,189,0.0003629956540089,0.002855053063901,0.0244205391839544,0.0652614893021333,0.167304558902491
10,15,3,94,145,325,423,0.0001904471570486,0.0015178713065592,0.0114415015103428,0.0360657597296939,0.16220064626713
10,15,9,279,405,712,612,0.0002787972413568,0.0022015963335152,0.0173671135294265,0.047653125419063,0.163743303309524
10,16,4,243,247,355,200,0.0002419971026726,0.0037501507812321,0.0231995122247567,0.0598651904451093,0.177041861272478
10,16,3,110,151,324,377,0.0001904471570486,0.0017762323800161,0.0119149429521501,0.0359547881612949,0.14456180530191
10,16,7,353,398,679,577,0.0002168422988331,0.0027855322786052,0.0170669411968191,0.0454444833701457,0.154378898708489
10,17,2,203,304,337,198,0.0001209985513363,0.0031328420106589,0.0285532458150852,0.0568297723380334,0.175271442659753
10,17,3,71,146,293,367,0.0001904471570486,0.0011464772634649,0.0115204084173107,0.0325146695409241,0.140727274657297
10,17,5,274,450,630,565,0.0001548873563093,0.0021621412020902,0.0192967928104738,0.0421649845702383,0.15116824570242
10,18,3,224,265,381,200,0.0001814978270044,0.0034569291152098,0.024890164937492,0.0642496832664413,0.177041861272478
10,18,6,88,172,315,370,0.0003808943140972,0.0014209859040129,0.0135719879984756,0.0349560440457034,0.141877633850681
10,18,9,312,437,696,570,0.0002787972413568,0.0024620002009202,0.0187393299070601,0.0465822686680728,0.152506017788282
10,19,3,211,297,338,164,0.0001814978270044,0.0032563037647735,0.0278957697601326,0.0569984066773154,0.145174326243432
10,19,2,90,137,323,349,0.0001269647713657,0.001453281038195,0.0108102462545997,0.0358438165928958,0.133825119496993
10,19,5,301,434,661,513,0.0001548873563093,0.0023751989117852,0.018610684621657,0.0442397695252818,0.137255416009454
10,20,3,215,261,342,180,0.0001814978270044,0.0033180346418309,0.024514464334662,0.0576729440344433,0.15933767514523
10,20,4,91,147,327,397,0.0002539295427315,0.0014694286052861,0.0115993153242786,0.0362877028664921,0.152230866591136
10,20,7,306,408,669,577,0.0002168422988331,0.0024146540432102,0.0174957588148296,0.0447751979007769,0.154378898708489
10,21,1,220,275,335,183,6.04992756681604e-05,0.0033951982381525,0.0258294164445672,0.0564925036594694,0.161993303064317
10,21,1,111,168,325,375,6.34823856828779e-05,0.0017923799471072,0.0132563603706041,0.0360657597296939,0.143794899172987
10,21,2,331,443,660,558,6.19549425237436e-05,0.0026119297003352,0.0189966204778665,0.0441728409783449,0.149295364782213
10,22,4,197,244,337,197,0.0002419971026726,0.0030402456950729,0.0229177367726342,0.0568297723380334,0.17438623335339
10,22,0,112,167,316,380,0.0,0.0018085275141983,0.0131774534636362,0.0350670156141024,0.145712164495294
10,22,4,309,411,653,577,0.0001239098850474,0.0024383271220652,0.0176244041002328,0.0437043411497867,0.154378898708489
10,23,2,208,287,340,199,0.0001209985513363,0.0032100056069805,0.0269565182530574,0.0573356753558794,0.176156651966115
10,23,5,93,150,342,346,0.0003174119284143,0.0015017237394682,0.0118360360451822,0.0379522763924779,0.13267476030361
10,23,7,301,437,682,545,0.0002168422988331,0.0023751989117852,0.0187393299070601,0.0456452690109564,0.145817157358972
10,24,2,230,247,343,179,0.0001209985513363,0.0035495254307958,0.0231995122247567,0.0578415783737253,0.158452465838867
10,24,4,93,148,298,367,0.0002539295427315,0.0015017237394682,0.0116782222312464,0.0330695273829194,0.140727274657297
10,24,6,323,395,641,546,0.0001858648275712,0.0025488014900552,0.0169382959114159,0.0429011985865441,0.146084711776144
10,25,8,242,265,388,200,0.0004839942053452,0.0037347180619678,0.024890164937492,0.0654301236414153,0.177041861272478
10,25,3,118,170,325,415,0.0001904471570486,0.0019054129167446,0.0134141741845398,0.0360657597296939,0.159133021751439
10,25,11,360,435,713,615,0.0003407521838805,0.0028407694626002,0.018653566383458,0.0477200539659999,0.164545966561041
10,26,3,231,270,367,180,0.0001814978270044,0.0035649581500601,0.0253597906910296,0.0618888025164933,0.15933767514523
10,26,3,93,160,358,396,0.0001904471570486,0.0015017237394682,0.012625105114861,0.0397278214868629,0.151847413526674
10,26,6,324,430,725,576,0.0001858648275712,0.0025566925163402,0.0184391575744528,0.0485231965292425,0.154111344291317
10,27,4,227,254,301,187,0.0002419971026726,0.0035032272730028,0.0238569882797093,0.0507589361238814,0.165534140289766
10,27,4,96,169,319,346,0.0002539295427315,0.0015501664407414,0.0133352672775719,0.0353999303192996,0.13267476030361
10,27,8,323,423,620,533,0.0002478197700949,0.0025488014900552,0.0181389852418454,0.0414956991008695,0.142606504352903
10,28,5,228,277,358,210,0.0003024963783408,0.0035186599922671,0.0260172667459822,0.0603710934629553,0.185893954336101
10,28,2,83,179,335,413,0.0001269647713657,0.0013402480685576,0.0141243363472508,0.0371754754136845,0.158366115622517
10,28,7,311,456,693,623,0.0002168422988331,0.0024541091746352,0.0195540833812802,0.0463814830272622,0.166686401898421
10,29,5,205,270,351,177,0.0003024963783408,0.0031637074491876,0.0253597906910296,0.0591906530879813,0.156682047226143
10,29,4,86,166,326,377,0.0002539295427315,0.0013886907698308,0.0130985465566683,0.036176731298093,0.14456180530191
10,29,9,291,436,677,554,0.0002787972413568,0.0022962886489352,0.0186964481452591,0.045310626276272,0.148225147113524
10,30,7,207,295,360,201,0.0004234949296771,0.0031945728877162,0.0277079194587175,0.0607083621415193,0.17792707057884
10,30,0,100,153,360,390,0.0,0.0016147567091056,0.0120727567660858,0.039949764623661,0.149546695139907
10,30,7,307,448,720,591,0.0002168422988331,0.0024225450694952,0.0192110292868717,0.0481885537945581,0.158124660548903
10,31,2,245,284,367,204,0.0001209985513363,0.0037810162197607,0.0266747428009349,0.0618888025164933,0.180582698497927
10,31,6,94,162,334,385,0.0003808943140972,0.0015178713065592,0.0127829189287968,0.0370645038452855,0.1476294298176
10,31,8,339,446,701,589,0.0002478197700949,0.0026750579106152,0.0191252657632696,0.0469169114027572,0.157589551714558
10,32,3,226,271,325,216,0.0001814978270044,0.0034877945537385,0.0254537158417371,0.0548061602666494,0.191205210174276
10,32,4,107,143,339,360,0.0002539295427315,0.001727789678743,0.011283687696407,0.0376193616872808,0.138043103206068
10,32,7,333,414,664,576,0.0002168422988331,0.0026277117529052,0.0177530493856359,0.0444405551660925,0.154111344291317
10,33,3,215,248,381,213,0.0001814978270044,0.0033180346418309,0.0232934373754642,0.0642496832664413,0.188549582255189
10,33,2,106,174,335,417,0.0001269647713657,0.0017116421116519,0.0137298018124113,0.0371754754136845,0.159899927880362
10,33,5,321,422,716,630,0.0001548873563093,0.0025330194374852,0.0180961034800444,0.0479208396068105,0.168559282818628
10,34,1,205,257,337,162,6.04992756681604e-05,0.0031637074491876,0.0241387637318319,0.0568297723380334,0.143403907630707
10,34,2,111,149,338,401,0.0001269647713657,0.0017923799471072,0.0117571291382143,0.0375083901188817,0.153764678848981
10,34,3,316,406,675,563,9.29324137856154e-05,0.0024935643060602,0.0174099952912275,0.0451767691823982,0.150633136868075
10,35,2,225,273,389,194,0.0001209985513363,0.0034723618344742,0.0256415661431522,0.0655987579806973,0.171730605434303
10,35,2,88,154,352,394,0.0001269647713657,0.0014209859040129,0.0121516636730537,0.0390619920764685,0.151080507397752
10,35,4,313,427,741,588,0.0001239098850474,0.0024698912272052,0.0183105122890496,0.0495940532802327,0.157321997297386
10,36,4,188,275,357,203,0.0002419971026726,0.002901351221694,0.0258294164445672,0.0602024591236733,0.179697489191565
10,36,2,88,186,357,450,0.0001269647713657,0.0014209859040129,0.0146766846960259,0.0396168499184638,0.172553879007585
10,36,6,276,461,714,653,0.0001858648275712,0.0021779232546602,0.0197684921902854,0.0477869825129368,0.174713034413594
10,37,2,228,273,344,182,0.0001209985513363,0.0035186599922671,0.0256415661431522,0.0580102127130073,0.161108093757955
10,37,1,95,165,344,400,6.34823856828779e-05,0.0015340188736503,0.0130196396497004,0.0381742195292761,0.15338122578452
10,37,3,323,438,688,582,9.29324137856154e-05,0.0025488014900552,0.0187822116688612,0.0460468402925777,0.155716670794351
10,38,4,244,263,363,208,0.0002419971026726,0.0037655835004964,0.024702314636077,0.0612142651593653,0.184123535723377
10,38,3,93,170,361,407,0.0001904471570486,0.0015017237394682,0.0134141741845398,0.04006073619206,0.156065397235749
10,38,7,337,433,724,615,0.0002168422988331,0.0026592758580452,0.0185678028598559,0.0484562679823056,0.164545966561041
10,39,5,228,294,369,223,0.0003024963783408,0.0035186599922671,0.02761399430801,0.0622260711950573,0.197401675318812
10,39,2,102,166,346,418,0.0001269647713657,0.0016470518432877,0.0130985465566683,0.0383961626660742,0.160283380944823
10,39,7,330,460,715,641,0.0002168422988331,0.0026040386740502,0.0197256104284844,0.0478539110598736,0.171502381407524
10,40,1,252,278,399,234,6.04992756681604e-05,0.0038890452546111,0.0261111918966898,0.0672851013735172,0.207138977688799
10,40,4,101,174,362,413,0.0002539295427315,0.0016309042761966,0.0137298018124113,0.0401717077604591,0.158366115622517
10,40,5,353,452,761,647,0.0001548873563093,0.0027855322786052,0.0193825563340759,0.0509326242189704,0.173107707910559
10,41,4,210,307,387,230,0.0002419971026726,0.0032408710455092,0.0288350212672077,0.0652614893021333,0.203598140463349
10,41,0,92,186,409,471,0.0,0.0014855761723771,0.0146766846960259,0.0453873714752148,0.180606393361272
10,41,4,302,493,796,701,0.0001239098850474,0.0023830899380702,0.0211407085679191,0.0532751233617614,0.18755564643787
10,42,3,243,301,406,248,0.0001814978270044,0.0037501507812321,0.0282714703629626,0.0684655417484912,0.219531907977872
10,42,2,103,155,354,428,0.0001269647713657,0.0016631994103787,0.0122305705800216,0.0392839352132666,0.164117911589436
10,42,5,346,456,760,676,0.0001548873563093,0.0027302950946102,0.0195540833812802,0.0508656956720335,0.180866786008559
10,43,2,194,293,376,212,0.0001209985513363,0.0029939475372799,0.0275200691573025,0.0634065115700313,0.187664372948826
10,43,6,103,159,366,428,0.0003808943140972,0.0016631994103787,0.0125461982078931,0.0406155940340553,0.164117911589436
10,43,8,297,452,742,640,0.0002478197700949,0.0023436348066452,0.0193825563340759,0.0496609818271696,0.171234826990352
10,44,6,210,274,352,229,0.0003629956540089,0.0032408710455092,0.0257354912938597,0.0593592874272633,0.202712931156987
10,44,0,101,192,388,439,0.0,0.0016309042761966,0.0151501261378332,0.0430569685388346,0.16833589529851
10,44,6,311,466,740,668,0.0001858648275712,0.0024541091746352,0.0199829009992907,0.0495271247332958,0.17872635067118
10,45,0,198,283,372,220,0.0,0.0030556784143372,0.0265808176502273,0.0627319742129033,0.194746047399725
10,45,4,100,152,318,430,0.0002539295427315,0.0016147567091056,0.011993849859118,0.0352889587509005,0.164884817718359
10,45,4,298,435,690,650,0.0001239098850474,0.0023515258329302,0.018653566383458,0.0461806973864515,0.173910371162076
10,46,3,249,266,380,208,0.0001814978270044,0.0038427470968181,0.0249840900881995,0.0640810489271593,0.184123535723377
10,46,2,101,153,352,398,0.0001269647713657,0.0016309042761966,0.0120727567660858,0.0390619920764685,0.152614319655597
10,46,5,350,419,732,606,0.0001548873563093,0.0027618591997502,0.0179674581946412,0.0489916963578007,0.16213797680649
10,47,4,221,288,380,218,0.0002419971026726,0.0034106309574168,0.0270504434037649,0.0640810489271593,0.192975628787
10,47,2,109,152,351,385,0.0001269647713657,0.0017600848129251,0.011993849859118,0.0389510205080695,0.1476294298176
10,47,6,330,440,731,603,0.0001858648275712,0.0026040386740502,0.0188679751924633,0.0489247678108638,0.161335313554972
10,48,7,208,261,403,218,0.0004234949296771,0.0032100056069805,0.024514464334662,0.0679596387306452,0.192975628787
10,48,4,100,172,370,454,0.0002539295427315,0.0016147567091056,0.0135719879984756,0.0410594803076516,0.17408769126543
10,48,11,308,433,773,672,0.0003407521838805,0.0024304360957802,0.0185678028598559,0.051735766782213,0.17979656833987
10,49,2,214,302,385,219,0.0001209985513363,0.0033026019225665,0.0283653955136702,0.0649242206235693,0.193860838093363
10,49,4,105,177,344,433,0.0002539295427315,0.0016954945445609,0.013966522533315,0.0381742195292761,0.166035176911743
10,49,6,319,479,729,652,0.0001858648275712,0.0025172373849152,0.0205403639027044,0.0487909107169901,0.174445479996421
10,50,6,223,306,401,224,0.0003629956540089,0.0034414963959455,0.0287410961165002,0.0676223700520812,0.198286884625175
10,50,5,123,179,359,444,0.0003174119284143,0.0019861507521999,0.0141243363472508,0.0398387930552619,0.170253160620817
10,50,11,346,485,760,668,0.0003407521838805,0.0027302950946102,0.0207976544735107,0.0508656956720335,0.17872635067118
10,51,4,258,295,397,222,0.0002419971026726,0.003981641570197,0.0277079194587175,0.0669478326949532,0.19651646601245
10,51,4,104,176,385,440,0.0002539295427315,0.0016793469774698,0.0138876156263471,0.0427240538336374,0.168719348362972
10,51,8,362,471,782,662,0.0002478197700949,0.0028565515151702,0.0201973098082959,0.052338123704645,0.177121024168145
10,52,6,209,277,402,242,0.0003629956540089,0.0032254383262449,0.0260172667459822,0.0677910043913632,0.214220652139698
10,52,2,88,167,399,469,0.0001269647713657,0.0014209859040129,0.0131774534636362,0.0442776557912243,0.179839487232349
10,52,8,297,444,801,711,0.0002478197700949,0.0023436348066452,0.0190395022396675,0.0536097660964459,0.190231190609594
