Year,Week,0-14,15-64,65-74,75-84,85+,0-14.1,15-64.1,65-74.1,75-84.1,85+.1
1990,1,10,180,130,160,77,0.0010561380518221,0.0055365942709291,0.0447071392473356,0.113263479478939,0.327553204378841
1990,1,4,72,89,259,165,0.0004417693410129,0.0022483489628007,0.0196818825780278,0.0855785627828577,0.221489380997358
1990,1,14,252,219,419,242,0.0007558188051547,0.0039048905285013,0.0294761397752391,0.0943886242342578,0.246930455045408
1990,2,3,173,118,165,71,0.0003168414155466,0.0053212822715041,0.0405803263937354,0.116802963212656,0.302029578063606
1990,2,7,70,118,244,170,0.0007730963467727,0.0021858948249452,0.0260950802719919,0.0806222753630011,0.22820118042152
1990,2,10,243,236,409,241,0.0005398705751105,0.0037654301524834,0.0317642419495727,0.0921359124386908,0.245910081264228
1990,3,5,173,141,168,76,0.000528069025911,0.0053212822715041,0.0484900510298025,0.118926653452886,0.323299266659635
1990,3,7,71,127,236,181,0.0007730963467727,0.0022171218938729,0.0280853830046015,0.0779789220724109,0.242967139154677
1990,3,12,244,268,404,257,0.0006478446901326,0.0037809257498188,0.0360712578071419,0.0910095565409073,0.262236061763098
1990,4,5,191,148,180,65,0.000528069025911,0.005874941698597,0.0508973585277359,0.127421414413807,0.276505951748372
1990,4,2,56,98,241,178,0.0002208846705064,0.0017487158599561,0.0216721853106373,0.0796310178790298,0.23894005950018
1990,4,7,247,246,421,243,0.0003779094025773,0.0038274125418247,0.0331101844050631,0.0948391665933712,0.247950828826587
1990,5,6,158,144,165,65,0.0006336828310933,0.0048598994155933,0.0495217542432025,0.116802963212656,0.276505951748372
1990,5,4,62,104,215,180,0.0004417693410129,0.0019360782735228,0.0229990537990437,0.0710401196846116,0.241624779269845
1990,5,10,220,248,380,245,0.0005398705751105,0.003409031413771,0.0333793728961611,0.0856030482315465,0.249991576388946
1990,6,5,148,120,165,75,0.000528069025911,0.0045523108449861,0.0412681285360021,0.116802963212656,0.319045328940429
1990,6,6,81,109,215,141,0.0006626540115194,0.0025293925831508,0.0241047775393824,0.0710401196846116,0.189272743761378
1990,6,11,229,229,380,216,0.0005938576326215,0.0035484917897889,0.0308220822307294,0.0856030482315465,0.220400736734744
1990,7,2,153,118,130,61,0.0002112276103644,0.0047061051302897,0.0405803263937354,0.0920265770766382,0.259490200871549
1990,7,1,60,108,201,154,0.0001104423352532,0.0018736241356673,0.0238836327913146,0.0664142514260788,0.206723422264201
1990,7,3,213,226,331,215,0.0001619611725331,0.0033005622324238,0.0304182994940823,0.0745647604332681,0.219380362953565
1990,8,5,156,117,128,50,0.000528069025911,0.0047983817014719,0.0402364253226021,0.0906107835831514,0.212696885960286
1990,8,6,65,94,197,146,0.0006626540115194,0.0020297594803062,0.0207876063183664,0.0650925747807837,0.195984543185541
1990,8,11,221,211,325,196,0.0005938576326215,0.0034245270111063,0.0283993858108468,0.0732131333559279,0.199993261111156
1990,9,3,152,114,134,56,0.0003168414155466,0.004675346273229,0.039204722109202,0.0948581640636117,0.23822051227552
1990,9,8,63,96,185,147,0.0008835386820259,0.0019673053424506,0.0212298958145019,0.0611275448448984,0.197326903070373
1990,9,11,215,210,319,203,0.0005938576326215,0.0033315534270944,0.0282647915652977,0.0718615062785877,0.207135877579412
1990,10,7,175,101,146,59,0.0007392966362755,0.0053827999856255,0.0347340081844685,0.103352925024532,0.250982325433138
1990,10,6,56,83,197,143,0.0006626540115194,0.0017487158599561,0.0183550140896214,0.0650925747807837,0.191957463531043
1990,10,13,231,184,343,202,0.0007018317476436,0.0035794829844596,0.0247653411810228,0.0772680145879485,0.206115503798233
1990,11,5,166,116,140,41,0.000528069025911,0.0051059702720791,0.0398925242514687,0.0991055445440719,0.174411446487435
1990,11,3,61,78,164,131,0.0003313270057597,0.0019048512045951,0.0172492903492828,0.0541887424570991,0.175849144913054
1990,11,8,227,194,304,172,0.0004318964600884,0.0035175005951183,0.0261112836365132,0.0684824385852372,0.175504290362852
1990,12,2,167,117,138,47,0.0002112276103644,0.0051367291291398,0.0402364253226021,0.0976897510505851,0.199935072802669
1990,12,2,67,86,210,131,0.0002208846705064,0.0020922136181618,0.0190184483338246,0.0693880238779928,0.175849144913054
1990,12,4,234,203,348,178,0.0002159482300442,0.0036259697764655,0.0273226318464545,0.078394370485732,0.181626533049928
1990,13,4,168,118,140,45,0.0004224552207288,0.0051674879862005,0.0405803263937354,0.0991055445440719,0.191427197364258
1990,13,4,72,99,209,112,0.0004417693410129,0.0022483489628007,0.0218933300587051,0.069057604716669,0.150344307101237
1990,13,8,240,217,349,157,0.0004318964600884,0.0037189433604775,0.029206951284141,0.0786196416652887,0.160198683645161
1990,14,7,158,110,147,50,0.0007392966362755,0.0048598994155933,0.0378291178246686,0.104060821771275,0.212696885960286
1990,14,5,48,92,177,120,0.0005522116762662,0.0014988993085338,0.020345316822231,0.0584841915543082,0.161083186179897
1990,14,12,206,202,324,170,0.0006478446901326,0.0031920930510765,0.0271880376009054,0.0729878621763712,0.173463542800493
1990,15,6,175,100,127,53,0.0006336828310933,0.0053827999856255,0.0343901071133351,0.0899028868364081,0.225458699117903
1990,15,7,65,85,182,108,0.0007730963467727,0.0020297594803062,0.0187973035857569,0.0601362873609271,0.144974867561907
1990,15,13,240,185,309,161,0.0007018317476436,0.0037189433604775,0.0248999354265718,0.0696087944830207,0.164280178769879
1990,16,5,170,98,119,48,0.000528069025911,0.0052290057003219,0.0337023049710684,0.0842397128624611,0.204189010521875
1990,16,3,66,107,170,138,0.0003313270057597,0.002060986549234,0.0236624880432469,0.0561712574250418,0.185245664106881
1990,16,8,236,205,289,186,0.0004318964600884,0.0036569609711362,0.0275918203375526,0.0651033708918867,0.189789523299363
1990,17,3,166,113,137,53,0.0003168414155466,0.0051059702720791,0.0388608210380687,0.0969818543038418,0.225458699117903
1990,17,9,63,80,174,111,0.0009939810172792,0.0019673053424506,0.0176915798454182,0.0574929340703369,0.149001947216404
1990,17,12,229,193,311,164,0.0006478446901326,0.0035484917897889,0.0259766893909641,0.0700593368421341,0.167341300113417
1990,18,7,160,130,140,55,0.0007392966362755,0.0049214171297148,0.0447071392473356,0.0991055445440719,0.233966574556315
1990,18,5,58,97,165,117,0.0005522116762662,0.0018111699978117,0.0214510405625696,0.0545191616184229,0.157056106525399
1990,18,12,218,227,305,172,0.0006478446901326,0.0033780402191004,0.0305528937396314,0.0687077097647939,0.175504290362852
1990,19,9,140,109,127,65,0.0009505242466399,0.0043062399885004,0.0374852167535353,0.0899028868364081,0.276505951748372
1990,19,7,69,90,173,126,0.0007730963467727,0.0021546677560174,0.0199030273260955,0.0571625149090131,0.169137345488891
1990,19,16,209,199,300,191,0.0008637929201768,0.0032385798430825,0.0267842548642583,0.0675813538670104,0.19489139220526
1990,20,5,159,108,123,53,0.000528069025911,0.004890658272654,0.0371413156824019,0.0870712998494346,0.225458699117903
1990,20,6,73,73,184,126,0.0006626540115194,0.0022795760317285,0.0161435666089441,0.0607971256835746,0.169137345488891
1990,20,11,232,181,307,179,0.0005938576326215,0.0035949785817949,0.0243615584443757,0.0691582521239073,0.182646906831107
1990,21,12,141,119,143,44,0.0012673656621866,0.0043369988455611,0.0409242274648688,0.101229234784302,0.187173259645052
1990,21,3,61,86,180,100,0.0003313270057597,0.0019048512045951,0.0190184483338246,0.0594754490382795,0.134235988483247
1990,21,15,202,205,323,144,0.0008098058626658,0.0031301106617352,0.0275918203375526,0.0727625909968145,0.146933824489829
1990,22,5,186,113,139,46,0.000528069025911,0.0057211474132934,0.0388608210380687,0.0983976477973285,0.195681135083463
1990,22,2,50,82,199,129,0.0002208846705064,0.0015613534463894,0.0181338693415537,0.0657534131034312,0.173164425143389
1990,22,7,236,195,338,175,0.0003779094025773,0.0036569609711362,0.0262458778820622,0.076141658690165,0.17856541170639
1990,23,8,193,117,141,46,0.0008449104414577,0.0059364594127184,0.0402364253226021,0.0998134412908152,0.195681135083463
1990,23,1,68,82,187,123,0.0001104423352532,0.0021234406870896,0.0181338693415537,0.0617883831675459,0.165110265834394
1990,23,9,261,199,328,169,0.0004858835175994,0.0040443509045193,0.0267842548642583,0.073888946894598,0.172443169019314
1990,24,8,181,134,132,45,0.0008449104414577,0.0055673531279898,0.046082743531869,0.0934423705701249,0.191427197364258
1990,24,5,68,83,172,121,0.0005522116762662,0.0021234406870896,0.0183550140896214,0.0568320957476893,0.162425546064729
1990,24,13,249,217,304,166,0.0007018317476436,0.0038584037364954,0.029206951284141,0.0684824385852372,0.169382047675775
1990,25,4,191,104,129,51,0.0004224552207288,0.005874941698597,0.0357657113978685,0.0913186803298948,0.216950823679492
1990,25,4,62,71,174,145,0.0004417693410129,0.0019360782735228,0.0157012771128087,0.0574929340703369,0.194642183300708
1990,25,8,253,175,303,196,0.0004318964600884,0.0039203861258367,0.0235539929710815,0.0682571674056805,0.199993261111156
1990,26,3,182,114,138,52,0.0003168414155466,0.0055981119850505,0.039204722109202,0.0976897510505851,0.221204761398698
1990,26,11,84,86,219,135,0.0012148656877857,0.0026230737899342,0.0190184483338246,0.0723617963299067,0.181218584452384
1990,26,14,266,200,357,187,0.0007558188051547,0.0041218288911959,0.0269188491098074,0.0804218111017424,0.190809897080542
1990,27,7,194,97,133,45,0.0007392966362755,0.0059672182697792,0.033358403899935,0.0941502673168683,0.191427197364258
1990,27,4,61,87,189,124,0.0004417693410129,0.0019048512045951,0.0192395930818923,0.0624492214901935,0.166452625719226
1990,27,11,255,184,322,169,0.0005938576326215,0.0039513773205073,0.0247653411810228,0.0725373198172578,0.172443169019314
1990,28,6,180,111,104,37,0.0006336828310933,0.0055365942709291,0.038173018895802,0.0736212616613105,0.157395695610612
1990,28,6,71,92,193,105,0.0006626540115194,0.0022171218938729,0.020345316822231,0.0637708981354886,0.140947787907409
1990,28,12,251,203,297,142,0.0006478446901326,0.003889394931166,0.0273226318464545,0.0669055403283403,0.144893076927471
1990,29,7,163,109,122,50,0.0007392966362755,0.0050136937008969,0.0374852167535353,0.0863634031026912,0.212696885960286
1990,29,4,73,75,159,127,0.0004417693410129,0.0022795760317285,0.0165858561050796,0.0525366466504802,0.170479705373724
1990,29,11,236,184,281,177,0.0005938576326215,0.0036569609711362,0.0247653411810228,0.0633012014554331,0.180606159268748
1990,30,4,172,115,136,38,0.0004224552207288,0.0052905234144434,0.0395486231803354,0.0962739575570984,0.161649633329817
1990,30,7,63,76,180,124,0.0007730963467727,0.0019673053424506,0.0168070008531473,0.0594754490382795,0.166452625719226
1990,30,11,235,191,316,162,0.0005938576326215,0.0036414653738009,0.025707500899866,0.0711856927399176,0.165300552551058
1990,31,3,170,116,146,57,0.0003168414155466,0.0052290057003219,0.0398925242514687,0.103352925024532,0.242474449994726
1990,31,6,47,83,181,139,0.0006626540115194,0.001467672239606,0.0183550140896214,0.0598058681996033,0.186588023991714
1990,31,9,217,199,327,196,0.0004858835175994,0.003362544621765,0.0267842548642583,0.0736636757150413,0.199993261111156
1990,32,9,180,98,132,51,0.0009505242466399,0.0055365942709291,0.0337023049710684,0.0934423705701249,0.216950823679492
1990,32,3,55,68,160,102,0.0003313270057597,0.0017174887910283,0.0150378428686055,0.052867065811804,0.136920708252912
1990,32,12,235,166,292,153,0.0006478446901326,0.0036414653738009,0.0223426447611401,0.0657791844305568,0.156117188520444
1990,33,6,175,111,113,37,0.0006336828310933,0.0053827999856255,0.038173018895802,0.0799923323820009,0.157395695610612
1990,33,5,53,86,174,121,0.0005522116762662,0.0016550346531728,0.0190184483338246,0.0574929340703369,0.162425546064729
1990,33,11,228,197,287,158,0.0005938576326215,0.0035329961924536,0.0265150663731603,0.0646528285327733,0.16121905742634
1990,34,8,148,111,128,45,0.0008449104414577,0.0045523108449861,0.038173018895802,0.0906107835831514,0.191427197364258
1990,34,5,70,73,161,112,0.0005522116762662,0.0021858948249452,0.0161435666089441,0.0531974849731278,0.150344307101237
1990,34,13,218,184,289,157,0.0007018317476436,0.0033780402191004,0.0247653411810228,0.0651033708918867,0.160198683645161
1990,35,6,152,107,136,53,0.0006336828310933,0.004675346273229,0.0367974146112686,0.0962739575570984,0.225458699117903
1990,35,6,57,81,168,113,0.0006626540115194,0.0017799429288839,0.017912724593486,0.0555104191023942,0.151686666986069
1990,35,12,209,188,304,166,0.0006478446901326,0.0032385798430825,0.0253037181632189,0.0684824385852372,0.169382047675775
1990,36,2,165,118,120,48,0.0002112276103644,0.0050752114150183,0.0405803263937354,0.0849476096092045,0.204189010521875
1990,36,5,56,78,162,114,0.0005522116762662,0.0017487158599561,0.0172492903492828,0.0535279041344516,0.153029026870902
1990,36,7,221,196,282,162,0.0003779094025773,0.0034245270111063,0.0263804721276112,0.0635264726349898,0.165300552551058
1990,37,3,173,123,109,52,0.0003168414155466,0.0053212822715041,0.0422998317494022,0.0771607453950274,0.221204761398698
1990,37,3,67,58,177,114,0.0003313270057597,0.0020922136181618,0.0128263953879282,0.0584841915543082,0.153029026870902
1990,37,6,240,181,286,166,0.0003239223450663,0.0037189433604775,0.0243615584443757,0.0644275573532166,0.169382047675775
1990,38,6,174,118,148,43,0.0006336828310933,0.0053520411285648,0.0405803263937354,0.104768718518019,0.182919321925846
1990,38,2,73,108,174,130,0.0002208846705064,0.0022795760317285,0.0238836327913146,0.0574929340703369,0.174506785028221
1990,38,8,247,226,322,173,0.0004318964600884,0.0038274125418247,0.0304182994940823,0.0725373198172578,0.176524664144031
1990,39,5,164,111,142,46,0.000528069025911,0.0050444525579576,0.038173018895802,0.100521338037559,0.195681135083463
1990,39,7,62,88,183,108,0.0007730963467727,0.0019360782735228,0.0194607378299601,0.0604667065222508,0.144974867561907
1990,39,12,226,199,325,154,0.0006478446901326,0.003502004997783,0.0267842548642583,0.0732131333559279,0.157137562301623
1990,40,6,162,124,134,52,0.0006336828310933,0.0049829348438362,0.0426437328205355,0.0948581640636117,0.221204761398698
1990,40,5,70,90,182,120,0.0005522116762662,0.0021858948249452,0.0199030273260955,0.0601362873609271,0.161083186179897
1990,40,11,232,214,316,172,0.0005938576326215,0.0035949785817949,0.0288031685474939,0.0711856927399176,0.175504290362852
1990,41,8,167,119,124,52,0.0008449104414577,0.0051367291291398,0.0409242274648688,0.087779196596178,0.221204761398698
1990,41,8,66,76,197,119,0.0008835386820259,0.002060986549234,0.0168070008531473,0.0650925747807837,0.159740826295064
1990,41,16,233,195,321,171,0.0008637929201768,0.0036104741791302,0.0262458778820622,0.0723120486377011,0.174483916581672
1990,42,12,195,110,115,36,0.0012673656621866,0.0059979771268399,0.0378291178246686,0.0814081258754876,0.153141757891406
1990,42,5,74,94,159,144,0.0005522116762662,0.0023108031006563,0.0207876063183664,0.0525366466504802,0.193299823415876
1990,42,17,269,204,274,180,0.0009177799776879,0.0041683156832018,0.0274572260920035,0.0617243031985362,0.183667280612287
1990,43,7,168,122,123,47,0.0007392966362755,0.0051674879862005,0.0419559306782688,0.0870712998494346,0.199935072802669
1990,43,2,65,75,177,126,0.0002208846705064,0.0020297594803062,0.0165858561050796,0.0584841915543082,0.169137345488891
1990,43,9,233,197,300,173,0.0004858835175994,0.0036104741791302,0.0265150663731603,0.0675813538670104,0.176524664144031
1990,44,3,156,111,121,52,0.0003168414155466,0.0047983817014719,0.038173018895802,0.0856555063559478,0.221204761398698
1990,44,5,58,97,188,104,0.0005522116762662,0.0018111699978117,0.0214510405625696,0.0621188023288697,0.139605428022577
1990,44,8,214,208,309,156,0.0004318964600884,0.0033160578297591,0.0279956030741997,0.0696087944830207,0.159178309863982
1990,45,5,162,111,125,51,0.000528069025911,0.0049829348438362,0.038173018895802,0.0884870933429213,0.216950823679492
1990,45,3,64,97,199,143,0.0003313270057597,0.0019985324113784,0.0214510405625696,0.0657534131034312,0.191957463531043
1990,45,8,226,208,324,194,0.0004318964600884,0.003502004997783,0.0279956030741997,0.0729878621763712,0.197952513548798
1990,46,11,165,100,126,45,0.0011617518570044,0.0050752114150183,0.0343901071133351,0.0891949900896647,0.191427197364258
1990,46,3,68,104,194,127,0.0003313270057597,0.0021234406870896,0.0229990537990437,0.0641013172968124,0.170479705373724
1990,46,14,233,204,320,172,0.0007558188051547,0.0036104741791302,0.0274572260920035,0.0720867774581444,0.175504290362852
1990,47,5,159,137,145,45,0.000528069025911,0.004890658272654,0.0471144467452691,0.102645028277789,0.191427197364258
1990,47,5,67,95,170,153,0.0005522116762662,0.0020922136181618,0.0210087510664342,0.0561712574250418,0.205381062379368
1990,47,10,226,232,315,198,0.0005398705751105,0.003502004997783,0.0312258649673765,0.0709604215603609,0.202034008673515
1990,48,14,180,143,144,57,0.001478593272551,0.0055365942709291,0.0491778531720692,0.101937131531045,0.242474449994726
1990,48,8,59,104,194,149,0.0008835386820259,0.0018423970667395,0.0229990537990437,0.0641013172968124,0.200011622840038
1990,48,22,239,247,338,206,0.0011877152652431,0.0037034477631421,0.0332447786506121,0.076141658690165,0.21019699892295
1990,49,2,185,115,109,45,0.0002112276103644,0.0056903885562327,0.0395486231803354,0.0771607453950274,0.191427197364258
1990,49,4,59,86,211,146,0.0004417693410129,0.0018423970667395,0.0190184483338246,0.0697184430393165,0.195984543185541
1990,49,6,244,201,320,191,0.0003239223450663,0.0037809257498188,0.0270534433553564,0.0720867774581444,0.19489139220526
1990,50,10,165,133,145,54,0.0010561380518221,0.0050752114150183,0.0457388424607357,0.102645028277789,0.229712636837109
1990,50,2,58,86,188,121,0.0002208846705064,0.0018111699978117,0.0190184483338246,0.0621188023288697,0.162425546064729
1990,50,12,223,219,333,175,0.0006478446901326,0.003455518205777,0.0294761397752391,0.0750153027923815,0.17856541170639
1990,51,7,158,136,144,56,0.0007392966362755,0.0048598994155933,0.0467705456741357,0.101937131531045,0.23822051227552
1990,51,7,57,97,213,144,0.0007730963467727,0.0017799429288839,0.0214510405625696,0.0703792813619641,0.193299823415876
1990,51,14,215,233,357,200,0.0007558188051547,0.0033315534270944,0.0313604592129256,0.0804218111017424,0.204074756235874
1990,52,7,172,116,158,55,0.0007392966362755,0.0052905234144434,0.0398925242514687,0.111847685985453,0.233966574556315
1990,52,6,70,101,216,152,0.0006626540115194,0.0021858948249452,0.0223356195548405,0.0713705388459354,0.204038702494536
1990,52,13,242,217,374,207,0.0007018317476436,0.0037499345551481,0.029206951284141,0.0842514211542063,0.21121737270413
1991,1,8,150,117,147,58,0.0008439006159502,0.0045899197510301,0.0389472579992694,0.103786865156189,0.235440550905047
1991,1,6,72,101,207,167,0.0006615062320026,0.0022407142129738,0.022035267951362,0.0682063065318571,0.212885632785141
1991,1,14,222,218,354,225,0.000754717038124,0.0034252428995112,0.0287309974180186,0.0795277905436886,0.218275912182798
1991,2,9,149,138,155,59,0.000949388192944,0.0045593202860233,0.0459377914863178,0.109435129926594,0.239499870748237
1991,2,7,79,90,214,164,0.0007717572706697,0.002458561428124,0.0196353872833919,0.0705127999894561,0.209061339980617
1991,2,16,228,228,369,223,0.000862533757856,0.0035178170319305,0.0300489330793956,0.0828976121768957,0.216335681852284
1991,3,10,137,123,131,57,0.0010548757699378,0.0041921267059409,0.0409445532812832,0.0924903356153791,0.231381231061856
1991,3,6,56,90,208,159,0.0006615062320026,0.0017427777212018,0.0196353872833919,0.0685358055972284,0.202687518639745
1991,3,16,193,213,339,216,0.000862533757856,0.002977801259485,0.0280720295873301,0.0761579689104815,0.209544875695486
1991,4,7,159,129,160,48,0.0007384130389564,0.0048653149360919,0.0429418485632971,0.112965295408097,0.194847352473142
1991,4,4,61,90,212,147,0.0004410041546684,0.0018983828748806,0.0196353872833919,0.0698538018587135,0.187390347421651
1991,4,11,220,219,372,195,0.000592991958526,0.0033943848553715,0.0288627909841563,0.0835715765035372,0.189172457225091
1991,5,8,155,85,116,52,0.0008439006159502,0.0047429170760645,0.0282950164951957,0.0818998391708701,0.211084631845904
1991,5,5,54,77,206,137,0.0005512551933355,0.0016805356597303,0.0167991646757909,0.0678768074664858,0.174642704739906
1991,5,13,209,162,322,189,0.000700808678258,0.0032246656126029,0.0213505577143074,0.07233883772618,0.18335176623355
1991,6,10,117,134,130,50,0.0010548757699378,0.0035801374058035,0.0446062612983086,0.0917843025190785,0.202965992159523
1991,6,5,62,99,186,133,0.0005512551933355,0.0019295039056163,0.0215989260117311,0.06128682615906,0.169543647667208
1991,6,15,179,233,316,183,0.00080862539799,0.0027617949505068,0.0307079009100841,0.0709909090728972,0.177531075242009
1991,7,10,173,138,126,58,0.0010548757699378,0.0052937074461881,0.0459377914863178,0.0889601701338761,0.235440550905047
1991,7,10,59,86,185,155,0.001102510386671,0.0018361408134091,0.01876270340413,0.0609573270936887,0.197588461567047
1991,7,20,232,224,311,213,0.00107816719732,0.0035795331202099,0.0295217588148448,0.0698676351951615,0.206634530199715
1991,8,6,159,136,142,51,0.0006329254619626,0.0048653149360919,0.0452720263923132,0.100256699674686,0.207025312002714
1991,8,9,72,76,216,148,0.0009922593480039,0.0022407142129738,0.0165809937059754,0.0711717981201987,0.188665111689826
1991,8,15,231,212,358,199,0.00080862539799,0.0035641040981401,0.0279402360211924,0.0804264096458772,0.193052917886119
1991,9,12,164,121,125,48,0.0012658509239253,0.0050183122611263,0.0402787881872786,0.0882541370375755,0.194847352473142
1991,9,1,60,89,194,178,0.0001102510386671,0.0018672618441448,0.0194172163135764,0.0639228186820303,0.22690803973506
1991,9,13,224,210,319,226,0.000700808678258,0.003456100943651,0.027676648888917,0.0716648733995386,0.219246027348054
1991,10,2,158,104,121,50,0.0002109751539875,0.0048347154710851,0.0346197848882395,0.0854300046523731,0.202965992159523
1991,10,5,63,84,218,139,0.0005512551933355,0.0019606249363521,0.0183263614644991,0.0718307962509413,0.177192233276255
1991,10,7,221,188,339,189,0.000377358519062,0.0034098138774414,0.0247771904338876,0.0761579689104815,0.18335176623355
1991,11,14,171,124,128,46,0.0014768260779129,0.0052325085161744,0.0412774358282855,0.0903722363264773,0.186728712786761
1991,11,5,60,87,212,164,0.0005512551933355,0.0018672618441448,0.0189808743739455,0.0698538018587135,0.209061339980617
1991,11,19,231,211,340,210,0.001024258837454,0.0035641040981401,0.0278084424550547,0.0763826236860286,0.203724184703944
1991,12,2,151,126,123,75,0.0002109751539875,0.004620519216037,0.0419432009222901,0.0868420708449743,0.304448988239285
1991,12,5,70,69,199,114,0.0005512551933355,0.0021784721515023,0.0150537969172671,0.0655703140088867,0.145323126571893
1991,12,7,221,195,322,189,0.000377358519062,0.0034098138774414,0.0256997453968515,0.07233883772618,0.18335176623355
1991,13,6,164,121,137,77,0.0006329254619626,0.0050183122611263,0.0402787881872786,0.0967265341931828,0.312567627925666
1991,13,2,67,101,208,174,0.0002205020773342,0.0020851090592951,0.022035267951362,0.0685358055972284,0.221808982662362
1991,13,8,231,222,345,251,0.000431266878928,0.0035641040981401,0.0292581716825694,0.0775058975637643,0.243498906479476
1991,14,6,164,120,125,51,0.0006329254619626,0.0050183122611263,0.0399459056402763,0.0882541370375755,0.207025312002714
1991,14,4,75,86,213,147,0.0004410041546684,0.002334077305181,0.01876270340413,0.0701833009240848,0.187390347421651
1991,14,10,239,206,338,198,0.00053908359866,0.003687536274699,0.0271494746243662,0.0759333141349343,0.192082802720862
1991,15,5,154,125,138,64,0.0005274378849689,0.0047123176110576,0.0416103183752878,0.0974325672894834,0.25979646996419
1991,15,6,70,91,210,140,0.0006615062320026,0.0021784721515023,0.0198535582532074,0.0691948037279709,0.17846699754443
1991,15,11,224,216,348,204,0.000592991958526,0.003456100943651,0.0284674102857432,0.0781798618904057,0.197903493712403
1991,16,10,156,109,132,48,0.0010548757699378,0.0047735165410713,0.036284197623251,0.0931963687116797,0.194847352473142
1991,16,3,53,81,193,128,0.0003307531160013,0.0016494146289946,0.0176718485550527,0.063593319616659,0.163169826326336
1991,16,13,209,190,325,176,0.000700808678258,0.0032246656126029,0.025040777566163,0.0730128020528215,0.170740269085211
1991,17,6,172,114,142,53,0.0006329254619626,0.0052631079811812,0.0379486103582625,0.100256699674686,0.215143951689095
1991,17,11,64,81,191,138,0.0012127614253381,0.0019917459670878,0.0176718485550527,0.0629343214859164,0.175917469008081
1991,17,17,236,195,333,191,0.000916442117722,0.0036412492084894,0.0256997453968515,0.0748100402571986,0.185291996564064
1991,18,4,172,103,127,64,0.0004219503079751,0.0052631079811812,0.0342869023412372,0.0896662032301767,0.25979646996419
1991,18,8,86,60,205,132,0.0008820083093368,0.0026764086432743,0.0130902581889279,0.0675473084011145,0.168268883399034
1991,18,12,258,163,332,196,0.000646900318392,0.0039806876940266,0.0214823512804451,0.0745853854816515,0.190142572390348
1991,19,3,161,115,111,54,0.0003164627309813,0.0049265138661057,0.0382814929052648,0.078369673689367,0.219203271532285
1991,19,5,41,89,174,114,0.0005512551933355,0.0012759622601656,0.0194172163135764,0.0573328373746045,0.145323126571893
1991,19,8,202,204,285,168,0.000431266878928,0.0031166624581138,0.0268858874920908,0.0640266110309357,0.162979347763155
1991,20,5,160,110,136,42,0.0005274378849689,0.0048959144010988,0.0366170801702533,0.0960205010968821,0.170491433413999
1991,20,5,66,81,192,131,0.0005512551933355,0.0020539880285593,0.0176718485550527,0.0632638205512877,0.166994119130859
1991,20,10,226,191,328,173,0.00053908359866,0.0034869589877907,0.0251725711323007,0.0736867663794629,0.16782992358944
1991,21,5,157,113,115,55,0.0005274378849689,0.0048041160060782,0.0376157278112602,0.0811938060745695,0.223262591375476
1991,21,5,63,88,173,131,0.0005512551933355,0.0019606249363521,0.019199045343761,0.0570033383092332,0.166994119130859
1991,21,10,220,201,288,186,0.00053908359866,0.0033943848553715,0.0264905067936777,0.0647005753575772,0.180441420737779
1991,22,12,191,141,127,44,0.0012658509239253,0.0058444978163117,0.0469364391273247,0.0896662032301767,0.17861007310038
1991,22,3,63,65,171,123,0.0003307531160013,0.0019606249363521,0.0141811130380053,0.0563443401784906,0.156796004985463
1991,22,15,254,206,298,167,0.00080862539799,0.0039189716057471,0.0271494746243662,0.0669471231130486,0.162009232597899
1991,23,7,178,115,145,54,0.0007384130389564,0.0054467047712224,0.0382814929052648,0.102374798963588,0.219203271532285
1991,23,5,63,101,186,118,0.0005512551933355,0.0019606249363521,0.022035267951362,0.06128682615906,0.150422183644591
1991,23,12,241,216,331,172,0.000646900318392,0.0037183943188388,0.0284674102857432,0.0743607307061043,0.166859808424183
1991,24,2,171,111,163,44,0.0002109751539875,0.0052325085161744,0.0369499627172556,0.115083394696998,0.17861007310038
1991,24,2,53,87,201,121,0.0002205020773342,0.0016494146289946,0.0189808743739455,0.0662293121396293,0.154246476449114
1991,24,4,224,198,364,165,0.000215633439464,0.003456100943651,0.0260951260952646,0.08177433829916,0.160069002267385
1991,25,7,194,112,132,52,0.0007384130389564,0.0059362962113323,0.0372828452642579,0.0931963687116797,0.211084631845904
1991,25,2,51,83,170,125,0.0002205020773342,0.0015871725675231,0.0181081904946836,0.0560148411131193,0.159345533521812
1991,25,9,245,195,302,177,0.000485175238794,0.0037801104071183,0.0256997453968515,0.0678457422152372,0.171710384250467
1991,26,9,179,134,115,43,0.000949388192944,0.0054773042362293,0.0446062612983086,0.0811938060745695,0.17455075325719
1991,26,1,69,99,184,129,0.0001102510386671,0.0021473511207666,0.0215989260117311,0.0606278280283174,0.16444459059451
1991,26,10,248,233,299,172,0.00053908359866,0.0038263974733279,0.0307079009100841,0.0671717778885957,0.166859808424183
1991,27,8,182,126,123,34,0.0008439006159502,0.0055691026312499,0.0419432009222901,0.0868420708449743,0.138016874668476
1991,27,5,66,91,175,127,0.0005512551933355,0.0020539880285593,0.0198535582532074,0.0576623364399758,0.161895062058161
1991,27,13,248,217,298,161,0.000700808678258,0.0038263974733279,0.0285992038518809,0.0669471231130486,0.156188541606357
1991,28,9,170,109,134,53,0.000949388192944,0.0052019090511675,0.036284197623251,0.0946084349042809,0.215143951689095
1991,28,2,64,107,187,131,0.0002205020773342,0.0019917459670878,0.0233442937702548,0.0616163252244313,0.166994119130859
1991,28,11,234,216,321,184,0.000592991958526,0.0036103911643497,0.0284674102857432,0.0721141829506329,0.178501190407266
1991,29,8,184,116,141,44,0.0008439006159502,0.0056303015612636,0.0386143754522671,0.0995506665783852,0.17861007310038
1991,29,8,62,77,184,123,0.0008820083093368,0.0019295039056163,0.0167991646757909,0.0606278280283174,0.156796004985463
1991,29,16,246,193,325,167,0.000862533757856,0.0037955394291881,0.0254361582645761,0.0730128020528215,0.162009232597899
1991,30,4,190,124,112,42,0.0004219503079751,0.0058138983513048,0.0412774358282855,0.0790757067856676,0.170491433413999
1991,30,4,46,80,149,123,0.0004410041546684,0.0014315674138444,0.0174536775852373,0.0490953607403222,0.156796004985463
1991,30,8,236,204,261,165,0.000431266878928,0.0036412492084894,0.0268858874920908,0.0586348964178043,0.160069002267385
1991,31,4,196,129,130,51,0.0004219503079751,0.0059974951413461,0.0429418485632971,0.0917843025190785,0.207025312002714
1991,31,7,56,82,181,134,0.0007717572706697,0.0017427777212018,0.0178900195248682,0.0596393308322035,0.170818411935383
1991,31,11,252,211,311,185,0.000592991958526,0.0038881135616074,0.0278084424550547,0.0698676351951615,0.179471305572522
1991,32,3,168,98,109,50,0.0003164627309813,0.0051407101211538,0.0326224896062257,0.0769576074967658,0.202965992159523
1991,32,5,57,74,191,128,0.0005512551933355,0.0017738987519376,0.0161446517663445,0.0629343214859164,0.163169826326336
1991,32,8,225,172,300,178,0.000431266878928,0.0034715299657209,0.0226684933756844,0.0673964326641429,0.172680499415724
1991,33,3,182,94,125,42,0.0003164627309813,0.0055691026312499,0.0312909594182165,0.0882541370375755,0.170491433413999
1991,33,3,67,71,190,116,0.0003307531160013,0.0020851090592951,0.0154901388568981,0.0626048224205451,0.147872655108242
1991,33,6,249,165,315,158,0.000323450159196,0.0038418264953977,0.0217459384127205,0.07076625429735,0.153278196110587
1991,34,2,159,95,124,52,0.0002109751539875,0.0048653149360919,0.0316238419652188,0.0875481039412749,0.211084631845904
1991,34,4,56,65,162,120,0.0004410041546684,0.0017427777212018,0.0141811130380053,0.053378848590149,0.15297171218094
1991,34,6,215,160,286,172,0.000323450159196,0.0033172397450221,0.021086970582032,0.0642512658064829,0.166859808424183
1991,35,7,158,112,141,43,0.0007384130389564,0.0048347154710851,0.0372828452642579,0.0995506665783852,0.17455075325719
1991,35,4,67,83,172,117,0.0004410041546684,0.0020851090592951,0.0181081904946836,0.0566738392438619,0.149147419376416
1991,35,11,225,195,313,160,0.000592991958526,0.0034715299657209,0.0256997453968515,0.0703169447462557,0.1552184264411
1991,36,8,162,119,119,56,0.0008439006159502,0.0049571133311125,0.039613023093274,0.0840179384597719,0.227321911218666
1991,36,4,68,83,188,115,0.0004410041546684,0.0021162300900308,0.0181081904946836,0.0619458242898026,0.146597890840067
1991,36,12,230,202,307,171,0.000646900318392,0.0035486750760702,0.0266223003598154,0.0689690160929729,0.165889693258926
1991,37,4,168,115,136,46,0.0004219503079751,0.0051407101211538,0.0382814929052648,0.0960205010968821,0.186728712786761
1991,37,7,74,95,165,148,0.0007717572706697,0.0023029562744453,0.0207262421324692,0.0543673457862629,0.188665111689826
1991,37,11,242,210,301,194,0.000592991958526,0.0037338233409087,0.027676648888917,0.06762108743969,0.188202342059834
1991,38,6,161,98,147,62,0.0006329254619626,0.0049265138661057,0.0326224896062257,0.103786865156189,0.251677830277809
1991,38,5,56,64,204,122,0.0005512551933355,0.0017427777212018,0.0139629420681898,0.0672178093357432,0.155521240717289
1991,38,11,217,162,351,184,0.000592991958526,0.0033480977891619,0.0213505577143074,0.0788538262170472,0.178501190407266
1991,39,3,152,99,125,45,0.0003164627309813,0.0046511186810439,0.032955372153228,0.0882541370375755,0.182669392943571
1991,39,5,62,78,184,133,0.0005512551933355,0.0019295039056163,0.0170173356456063,0.0606278280283174,0.169543647667208
1991,39,8,214,177,309,178,0.000431266878928,0.0033018107229523,0.0233274612063729,0.0694183256440672,0.172680499415724
1991,40,3,166,123,140,52,0.0003164627309813,0.00507951119114,0.0409445532812832,0.0988446334820846,0.211084631845904
1991,40,4,67,79,181,115,0.0004410041546684,0.0020851090592951,0.0172355066154218,0.0596393308322035,0.146597890840067
1991,40,7,233,202,321,167,0.000377358519062,0.0035949621422798,0.0266223003598154,0.0721141829506329,0.162009232597899
1991,41,5,162,111,141,47,0.0005274378849689,0.0049571133311125,0.0369499627172556,0.0995506665783852,0.190788032629952
1991,41,1,57,86,138,125,0.0001102510386671,0.0017738987519376,0.01876270340413,0.045470871021238,0.159345533521812
1991,41,6,219,197,279,172,0.000323450159196,0.0033789558333016,0.0259633325291269,0.0626786823776529,0.166859808424183
1991,42,10,176,120,126,41,0.0010548757699378,0.0053855058412087,0.0399459056402763,0.0889601701338761,0.166432113570809
1991,42,8,69,72,172,110,0.0008820083093368,0.0021473511207666,0.0157083098267135,0.0566738392438619,0.140224069499195
1991,42,18,245,192,298,151,0.000970350477588,0.0037801104071183,0.0253043646984384,0.0669471231130486,0.146487389953789
1991,43,5,157,103,115,45,0.0005274378849689,0.0048041160060782,0.0342869023412372,0.0811938060745695,0.182669392943571
1991,43,3,63,89,182,130,0.0003307531160013,0.0019606249363521,0.0194172163135764,0.0599688298975748,0.165719354862685
1991,43,8,220,192,297,175,0.000431266878928,0.0033943848553715,0.0253043646984384,0.0667224683375015,0.169770153919954
1991,44,5,165,130,115,52,0.0005274378849689,0.0050489117261332,0.0432747311102994,0.0811938060745695,0.211084631845904
1991,44,2,52,74,153,104,0.0002205020773342,0.0016182935982588,0.0161446517663445,0.0504133570018074,0.132575483890148
1991,44,7,217,204,268,156,0.000377358519062,0.0033480977891619,0.0268858874920908,0.0602074798466343,0.151337965780073
1991,45,3,177,118,125,62,0.0003164627309813,0.0054161053062156,0.0392801405462717,0.0882541370375755,0.251677830277809
1991,45,5,63,85,156,121,0.0005512551933355,0.0019606249363521,0.0185445324343146,0.0514018541979213,0.154246476449114
1991,45,8,240,203,281,183,0.000431266878928,0.0037029652967689,0.0267540939259531,0.0631279919287472,0.177531075242009
1991,46,3,158,116,132,57,0.0003164627309813,0.0048347154710851,0.0386143754522671,0.0931963687116797,0.231381231061856
1991,46,5,69,74,183,139,0.0005512551933355,0.0021473511207666,0.0161446517663445,0.0602983289629461,0.177192233276255
1991,46,8,227,190,315,196,0.000431266878928,0.0035023880098606,0.025040777566163,0.07076625429735,0.190142572390348
1991,47,6,180,115,133,51,0.0006329254619626,0.0055079037012362,0.0382814929052648,0.0939024018079803,0.207025312002714
1991,47,5,67,81,199,131,0.0005512551933355,0.0020851090592951,0.0176718485550527,0.0655703140088867,0.166994119130859
1991,47,11,247,196,332,182,0.000592991958526,0.003810968451258,0.0258315389629892,0.0745853854816515,0.176560960076752
1991,48,8,135,103,110,51,0.0008439006159502,0.0041309277759271,0.0342869023412372,0.0776636405930664,0.207025312002714
1991,48,4,59,87,176,126,0.0004410041546684,0.0018361408134091,0.0189808743739455,0.0579918355053471,0.160620297789987
1991,48,12,194,190,286,177,0.000646900318392,0.0029932302815549,0.025040777566163,0.0642512658064829,0.171710384250467
1991,49,7,150,121,146,55,0.0007384130389564,0.0045899197510301,0.0402787881872786,0.103080832059888,0.223262591375476
1991,49,4,50,88,190,135,0.0004410041546684,0.0015560515367873,0.019199045343761,0.0626048224205451,0.172093176203557
1991,49,11,200,209,336,190,0.000592991958526,0.0030858044139741,0.0275448553227793,0.07548400458384,0.184321881398807
1991,50,3,150,127,133,70,0.0003164627309813,0.0045899197510301,0.0422760834692924,0.0939024018079803,0.284152389023333
1991,50,4,57,81,204,160,0.0004410041546684,0.0017738987519376,0.0176718485550527,0.0672178093357432,0.20396228290792
1991,50,7,207,208,337,230,0.000377358519062,0.0031938075684632,0.0274130617566416,0.0757086593593872,0.223126488009082
1991,51,3,162,129,130,57,0.0003164627309813,0.0049571133311125,0.0429418485632971,0.0917843025190785,0.231381231061856
1991,51,7,74,93,180,143,0.0007717572706697,0.0023029562744453,0.0202899001928383,0.0593098317668322,0.182291290348953
1991,51,10,236,222,310,200,0.00053908359866,0.0036412492084894,0.0292581716825694,0.0696429804196143,0.194023033051376
1991,52,3,184,128,153,67,0.0003164627309813,0.0056303015612636,0.0426089660162947,0.108023063733992,0.271974429493761
1991,52,4,61,82,196,164,0.0004410041546684,0.0018983828748806,0.0178900195248682,0.0645818168127729,0.209061339980617
1991,52,7,245,210,349,231,0.000377358519062,0.0037801104071183,0.027676648888917,0.0784045166659529,0.224096603174339
1992,1,4,156,128,120,54,0.0004211211547991,0.0047490814435676,0.0413077511571456,0.0846793828902491,0.207363734584344
1992,1,0,52,73,211,145,0.0,0.0016121019591666,0.0157667318317946,0.0693000436939552,0.174854470677906
1992,1,4,208,201,331,199,0.0002151868294251,0.0031948645340978,0.0260069810799462,0.0741846226653176,0.18262359182888
1992,2,4,174,139,167,60,0.0004211211547991,0.0052970523793639,0.0448576360222128,0.117845474522263,0.23040414953816
1992,2,3,73,92,205,183,0.0003300314042129,0.0022631431349839,0.0198704017606178,0.067329426337729,0.220678400924529
1992,2,7,247,231,372,243,0.000376576951494,0.0037939016342411,0.0298886200471024,0.0833736544758252,0.223002677459387
1992,3,3,174,139,145,56,0.0003158408660993,0.0052970523793639,0.0448576360222128,0.102320920992384,0.215043872902282
1992,3,5,77,81,217,148,0.0005500523403549,0.0023871509779967,0.017494592854457,0.0712706610501814,0.178472149381587
1992,3,8,251,220,362,204,0.0004303736588503,0.0038553413368199,0.0284653524258118,0.0811324272049697,0.187212124286893
1992,4,1,159,134,140,62,0.0001052802886997,0.004840409932867,0.0432440519926368,0.0987926133719573,0.238084287856098
1992,4,4,62,102,233,170,0.0004400418722839,0.0019221215666987,0.0220302280389458,0.0765256406667847,0.205001793208579
1992,4,5,221,236,373,232,0.0002689835367814,0.0033945435674789,0.0305355598749617,0.0835977772029107,0.21290790605176
1992,5,3,165,134,151,71,0.0003158408660993,0.0050230669114657,0.0432440519926368,0.106554890136897,0.272644910286822
1992,5,3,59,86,229,157,0.0003300314042129,0.0018291156844391,0.018574505993621,0.0752118957626339,0.189325185492629
1992,5,6,224,220,380,228,0.0003227802441377,0.003440623344413,0.0284653524258118,0.0851666362925096,0.209237080085351
1992,6,10,182,135,164,74,0.0010528028869978,0.0055405950174956,0.043566768798552,0.115728489950007,0.28416511776373
1992,6,5,74,105,246,163,0.0005500523403549,0.0022941450957371,0.0226781759224442,0.0807953116052748,0.196560542899991
1992,6,15,256,240,410,237,0.0008069506103443,0.0039321409650434,0.0310531117372492,0.0918903181050762,0.217496438509772
1992,7,5,179,127,180,61,0.0005264014434989,0.0054492665281962,0.0409850343512304,0.127019074335374,0.234244218697129
1992,7,2,60,103,240,155,0.0002200209361419,0.0018601176451923,0.0222462106667786,0.0788246942490486,0.186913399690175
1992,7,7,239,230,420,216,0.000376576951494,0.0036710222290835,0.0297592320815305,0.0941315453759317,0.198224602186122
1992,8,4,176,123,157,61,0.0004211211547991,0.0053579380388968,0.0396941671275696,0.110788859281409,0.234244218697129
1992,8,1,64,85,230,178,0.0001100104680709,0.0019841254882051,0.0183585233657882,0.0755403319886716,0.214648936418395
1992,8,5,240,208,387,239,0.0002689835367814,0.0036863821547282,0.0269126968389493,0.0867354953821085,0.219331851492977
1992,9,5,192,105,151,54,0.0005264014434989,0.0058450233151601,0.033885264621096,0.106554890136897,0.207363734584344
1992,9,7,63,91,208,158,0.0007700732764969,0.0019531235274519,0.019654419132785,0.0683147350158421,0.190531078393856
1992,9,12,255,196,359,212,0.0006455604882755,0.0039167810393987,0.0253600412520869,0.080460059023713,0.194553776219712
1992,10,7,149,123,144,62,0.0007369620208984,0.0045359816352024,0.0396941671275696,0.101615259468299,0.238084287856098
1992,10,6,52,101,196,141,0.0006600628084259,0.0016121019591666,0.021814245411113,0.0643735003033897,0.170030899072998
1992,10,13,201,224,340,203,0.0006993571956317,0.0030873450545849,0.0289829042880993,0.0762017272090875,0.18629441779529
1992,11,13,162,101,119,38,0.0013686437530971,0.0049317384221664,0.0325943973974352,0.0839737213661637,0.145922628040835
1992,11,8,60,75,167,151,0.0008800837445679,0.0018601176451923,0.0161986970874602,0.0548488497482963,0.182089828085267
1992,11,21,222,176,286,189,0.0011297308544821,0.0034099034931236,0.0227722819406494,0.0640990999464678,0.173446526912856
1992,12,5,181,113,134,50,0.0005264014434989,0.0055101521877291,0.0364669990684176,0.0945586442274448,0.192003457948466
1992,12,8,59,82,156,125,0.0008800837445679,0.0018291156844391,0.0177105754822898,0.0512360512618816,0.150736612653367
1992,12,13,240,195,290,175,0.0006993571956317,0.0036863821547282,0.025230653286515,0.06499559085481,0.160598636030423
1992,13,8,162,124,144,63,0.0008422423095982,0.0049317384221664,0.0400168839334848,0.101615259468299,0.241924357015068
1992,13,4,70,82,174,152,0.0004400418722839,0.0021701372527243,0.0177105754822898,0.0571479033305602,0.183295720986494
1992,13,12,232,206,318,215,0.0006455604882755,0.0035635027495706,0.0266539209078056,0.0712710272132054,0.197306895694519
1992,14,5,169,134,138,43,0.0005264014434989,0.0051448382305316,0.0432440519926368,0.0973812903237865,0.165122973835681
1992,14,5,51,84,180,141,0.0005500523403549,0.0015810999984134,0.0181425407379554,0.0591185206867865,0.170030899072998
1992,14,10,220,218,318,184,0.0005379670735629,0.0033791836418342,0.028206576494668,0.0712710272132054,0.168857994454844
1992,15,9,150,139,141,54,0.000947522598298,0.0045664244649689,0.0448576360222128,0.0994982748960427,0.207363734584344
1992,15,6,53,90,173,138,0.0006600628084259,0.0016431039199198,0.0194384365049522,0.0568194671045225,0.166413220369317
1992,15,15,203,229,314,192,0.0008069506103443,0.0031180649058743,0.0296298441159586,0.0703745363048632,0.176199646387664
1992,16,3,167,104,129,56,0.0003158408660993,0.0050839525709987,0.0335625478151808,0.0910303366070178,0.215043872902282
1992,16,4,68,84,176,99,0.0004400418722839,0.0021081333312179,0.0181425407379554,0.0578047757826356,0.119383397221467
1992,16,7,235,188,305,155,0.000376576951494,0.0036095825265047,0.0243249375275119,0.0683574317610932,0.142244506198374
1992,17,7,184,104,148,47,0.0007369620208984,0.0056014806770285,0.0335625478151808,0.104437905564641,0.180483250471558
1992,17,5,60,79,152,140,0.0005500523403549,0.0018601176451923,0.0170626275987914,0.0499223063577308,0.168825006171771
1992,17,12,244,183,300,187,0.0006455604882755,0.003747821857307,0.0236779976996525,0.0672368181256655,0.171611113929652
1992,18,7,160,114,126,53,0.0007369620208984,0.0048708527626334,0.0367897158743328,0.0889133520347615,0.203523665425374
1992,18,4,71,79,163,150,0.0004400418722839,0.0022011392134775,0.0170626275987914,0.0535351048441455,0.18088393518404
1992,18,11,231,193,289,203,0.0005917637809192,0.0035481428239259,0.0249718773553712,0.0647714681277244,0.18629441779529
1992,19,6,162,106,161,48,0.0006316817321986,0.0049317384221664,0.0342079814270112,0.113611505377751,0.184323319630528
1992,19,6,69,83,185,154,0.0006600628084259,0.0021391352919711,0.0179265581101226,0.060760701816975,0.185707506788948
1992,19,12,231,189,346,202,0.0006455604882755,0.0035481428239259,0.0244543254930837,0.0775464635716008,0.185376711303688
1992,20,6,178,99,138,58,0.0006316817321986,0.0054188236984297,0.0319489637856048,0.0973812903237865,0.222724011220221
1992,20,7,61,96,137,123,0.0007700732764969,0.0018911196059455,0.020734332271949,0.0449957629671652,0.148324826850913
1992,20,13,239,195,275,181,0.0006993571956317,0.0036710222290835,0.025230653286515,0.0616337499485267,0.166104874980037
1992,21,1,145,139,119,57,0.0001052802886997,0.0044142103161366,0.0448576360222128,0.0839737213661637,0.218883942061252
1992,21,5,55,66,185,140,0.0005500523403549,0.0017051078414262,0.0142548534369649,0.060760701816975,0.168825006171771
1992,21,6,200,205,304,197,0.0003227802441377,0.0030719851289402,0.0265245329422337,0.0681333090340077,0.180788178845676
1992,22,2,175,102,134,57,0.0002105605773995,0.0053274952091303,0.0329171142033504,0.0945586442274448,0.218883942061252
1992,22,4,61,85,169,153,0.0004400418722839,0.0018911196059455,0.0183585233657882,0.0555057222003717,0.184501613887721
1992,22,6,236,187,303,210,0.0003227802441377,0.0036249424521494,0.02419554956194,0.0679091863069221,0.192718363236507
1992,23,4,179,122,137,55,0.0004211211547991,0.0054492665281962,0.0393714503216544,0.096675628799701,0.211203803743313
1992,23,6,62,91,188,154,0.0006600628084259,0.0019221215666987,0.019654419132785,0.0617460104950881,0.185707506788948
1992,23,10,241,213,325,209,0.0005379670735629,0.0037017420803729,0.0275596366668087,0.0728398863028043,0.191800656744905
1992,24,5,154,120,140,43,0.0005264014434989,0.0046881957840347,0.038726016709824,0.0987926133719573,0.165122973835681
1992,24,4,63,78,194,137,0.0004400418722839,0.0019531235274519,0.0168466449709586,0.0637166278513143,0.16520732746809
1992,24,9,217,198,334,180,0.0004841703662066,0.0033331038649001,0.0256188171832306,0.0748569908465742,0.165187168488435
1992,25,8,175,107,130,53,0.0008422423095982,0.0053274952091303,0.0345306982329264,0.0917359981311032,0.203523665425374
1992,25,6,73,71,166,153,0.0006600628084259,0.0022631431349839,0.015334766576129,0.0545204135222586,0.184501613887721
1992,25,14,248,178,296,206,0.000753153902988,0.0038092615598858,0.0230310578717932,0.0663403272173233,0.189047537270097
1992,26,2,148,111,124,44,0.0002105605773995,0.0045055388054359,0.0358215654565872,0.0875020289865907,0.168963042994651
1992,26,7,58,94,166,109,0.0007700732764969,0.0017981137236858,0.0203023670162834,0.0545204135222586,0.131442326233736
1992,26,9,206,205,290,153,0.0004841703662066,0.0031641446828084,0.0265245329422337,0.06499559085481,0.140409093215169
1992,27,8,145,126,140,55,0.0008422423095982,0.0044142103161366,0.0406623175453152,0.0987926133719573,0.211203803743313
1992,27,7,64,99,175,120,0.0007700732764969,0.0019841254882051,0.0213822801554474,0.0574763395565979,0.144707148147232
1992,27,15,209,225,315,175,0.0008069506103443,0.0032102244597425,0.0291122922536711,0.0705986590319487,0.160598636030423
1992,28,8,141,141,133,57,0.0008422423095982,0.0042924389970707,0.0455030696340432,0.0938529827033594,0.218883942061252
1992,28,4,57,81,173,125,0.0004400418722839,0.0017671117629326,0.017494592854457,0.0568194671045225,0.150736612653367
1992,28,12,198,222,306,182,0.0006455604882755,0.0030412652776508,0.0287241283569555,0.0685815544881788,0.167022581471639
1992,29,5,141,114,111,53,0.0005264014434989,0.0042924389970707,0.0367897158743328,0.0783284291734804,0.203523665425374
1992,29,5,68,82,170,144,0.0005500523403549,0.0021081333312179,0.0177105754822898,0.0558341584264094,0.173648577776679
1992,29,10,209,196,281,197,0.0005379670735629,0.0032102244597425,0.0253600412520869,0.06297848631104,0.180788178845676
1992,30,6,170,114,115,32,0.0006316817321986,0.005175281060298,0.0367897158743328,0.081151075269822,0.122882213087019
1992,30,2,67,69,189,110,0.0002200209361419,0.0020771313704647,0.0149028013204634,0.0620744467211258,0.132648219134963
1992,30,8,237,183,304,142,0.0004303736588503,0.0036403023777941,0.0236779976996525,0.0681333090340077,0.130314321807543
1992,31,8,128,114,97,40,0.0008422423095982,0.0038966822101068,0.0367897158743328,0.0684491678362847,0.153602766358773
1992,31,2,50,67,179,135,0.0002200209361419,0.0015500980376602,0.0144708360647977,0.0587900844607488,0.162795541665636
1992,31,10,178,181,276,175,0.0005379670735629,0.0027340667647567,0.0234192217685088,0.0618578726756122,0.160598636030423
1992,32,7,140,104,143,54,0.0007369620208984,0.0042619961673043,0.0335625478151808,0.100909597944213,0.207363734584344
1992,32,4,74,68,178,133,0.0004400418722839,0.0022941450957371,0.0146868186926305,0.058461648234711,0.160383755863183
1992,32,11,214,172,321,187,0.0005917637809192,0.003287024087966,0.0222547300783619,0.0719433953944621,0.171611113929652
1992,33,4,144,113,142,41,0.0004211211547991,0.0043837674863701,0.0364669990684176,0.100203936420128,0.157442835517743
1992,33,3,48,83,165,143,0.0003300314042129,0.0014880941161538,0.0179265581101226,0.0541919772962209,0.172442684875452
1992,33,7,192,196,307,184,0.000376576951494,0.0029491057237825,0.0253600412520869,0.0688056772152643,0.168857994454844
1992,34,2,157,112,119,49,0.0002105605773995,0.0047795242733341,0.0361442822625024,0.0839737213661637,0.188163388789497
1992,34,3,66,89,190,124,0.0003300314042129,0.0020461294097115,0.0192224538771194,0.0624028829471635,0.14953071975214
1992,34,5,223,201,309,173,0.0002689835367814,0.0034252634187683,0.0260069810799462,0.0692539226694354,0.158763223047218
1992,35,7,164,106,144,53,0.0007369620208984,0.0049926240816993,0.0342079814270112,0.101615259468299,0.203523665425374
1992,35,6,62,77,173,129,0.0006600628084259,0.0019221215666987,0.0166306623431258,0.0568194671045225,0.155560184258275
1992,35,13,226,183,317,182,0.0006993571956317,0.0034713431957024,0.0236779976996525,0.0710469044861198,0.167022581471639
1992,36,6,165,112,136,65,0.0006316817321986,0.0050230669114657,0.0361442822625024,0.0959699672756156,0.249604495333006
1992,36,2,67,94,174,148,0.0002200209361419,0.0020771313704647,0.0203023670162834,0.0571479033305602,0.178472149381587
1992,36,8,232,206,310,213,0.0004303736588503,0.0035635027495706,0.0266539209078056,0.069478045396521,0.195471482711314
1992,37,6,159,129,131,51,0.0006316817321986,0.004840409932867,0.0416304679630608,0.0924416596551886,0.195843527107436
1992,37,6,60,80,192,128,0.0006600628084259,0.0018601176451923,0.0172786102266242,0.0630597553992389,0.154354291357048
1992,37,12,219,209,323,179,0.0006455604882755,0.0033638237161895,0.0270420848045212,0.0723916408486332,0.164269461996832
1992,38,5,144,126,119,55,0.0005264014434989,0.0043837674863701,0.0406623175453152,0.0839737213661637,0.211203803743313
1992,38,7,56,82,169,129,0.0007700732764969,0.0017361098021794,0.0177105754822898,0.0555057222003717,0.155560184258275
1992,38,12,200,208,288,184,0.0006455604882755,0.0030719851289402,0.0269126968389493,0.0645473454006389,0.168857994454844
1992,39,5,152,121,137,56,0.0005264014434989,0.0046273101245018,0.0390487335157392,0.096675628799701,0.215043872902282
1992,39,0,65,74,147,120,0.0,0.0020151274489583,0.0159827144596274,0.0482801252275423,0.144707148147232
1992,39,5,217,195,284,176,0.0002689835367814,0.0033331038649001,0.025230653286515,0.0636508544922967,0.161516342522025
1992,40,4,148,125,130,44,0.0004211211547991,0.0045055388054359,0.0403396007394,0.0917359981311032,0.168963042994651
1992,40,7,60,80,139,124,0.0007700732764969,0.0018601176451923,0.0172786102266242,0.0456526354192407,0.14953071975214
1992,40,11,208,205,269,168,0.0005917637809192,0.0031948645340978,0.0265245329422337,0.0602890135860134,0.154174690589206
1992,41,4,123,136,128,55,0.0004211211547991,0.0037444680612745,0.0438894856044672,0.0903246750829324,0.211203803743313
1992,41,3,66,92,178,144,0.0003300314042129,0.0020461294097115,0.0198704017606178,0.058461648234711,0.173648577776679
1992,41,7,189,228,306,199,0.000376576951494,0.0029030259468484,0.0295004561503867,0.0685815544881788,0.18262359182888
1992,42,7,160,121,145,55,0.0007369620208984,0.0048708527626334,0.0390487335157392,0.102320920992384,0.211203803743313
1992,42,1,58,87,165,144,0.0001100104680709,0.0017981137236858,0.0187904886214538,0.0541919772962209,0.173648577776679
1992,42,8,218,208,310,199,0.0004303736588503,0.0033484637905448,0.0269126968389493,0.069478045396521,0.18262359182888
1992,43,2,149,138,137,45,0.0002105605773995,0.0045359816352024,0.0445349192162976,0.096675628799701,0.17280311215362
1992,43,5,69,76,198,134,0.0005500523403549,0.0021391352919711,0.016414679715293,0.0650303727554651,0.161589648764409
1992,43,7,218,214,335,179,0.000376576951494,0.0033484637905448,0.0276890246323805,0.0750811135736598,0.164269461996832
1992,44,5,152,109,141,59,0.0005264014434989,0.0046273101245018,0.0351761318447568,0.0994982748960427,0.22656408037919
1992,44,2,61,91,173,165,0.0002200209361419,0.0018911196059455,0.019654419132785,0.0568194671045225,0.198972328702445
1992,44,7,213,200,314,224,0.000376576951494,0.0032716641623213,0.0258775931143743,0.0703745363048632,0.205566254118941
1992,45,8,132,118,114,56,0.0008422423095982,0.0040184535291726,0.0380805830979936,0.0804454137457366,0.215043872902282
1992,45,5,58,82,191,157,0.0005500523403549,0.0017981137236858,0.0177105754822898,0.0627313191732012,0.189325185492629
1992,45,13,190,200,305,213,0.0006993571956317,0.0029183858724931,0.0258775931143743,0.0683574317610932,0.195471482711314
1992,46,4,164,117,138,62,0.0004211211547991,0.0049926240816993,0.0377578662920784,0.0973812903237865,0.238084287856098
1992,46,5,53,86,213,147,0.0005500523403549,0.0016431039199198,0.018574505993621,0.0699569161460306,0.17726625648036
1992,46,9,217,203,351,209,0.0004841703662066,0.0033331038649001,0.02626575701109,0.0786670772070286,0.191800656744905
1992,47,7,160,101,142,57,0.0007369620208984,0.0048708527626334,0.0325943973974352,0.100203936420128,0.218883942061252
1992,47,8,62,80,184,136,0.0008800837445679,0.0019221215666987,0.0172786102266242,0.0604322655909373,0.164001434566863
1992,47,15,222,181,326,193,0.0008069506103443,0.0034099034931236,0.0234192217685088,0.0730640090298898,0.177117352879266
1992,48,7,142,123,130,49,0.0007369620208984,0.0043228818268372,0.0396941671275696,0.0917359981311032,0.188163388789497
1992,48,5,47,85,191,113,0.0005500523403549,0.0014570921554006,0.0183585233657882,0.0627313191732012,0.136265897838644
1992,48,12,189,208,321,162,0.0006455604882755,0.0029030259468484,0.0269126968389493,0.0719433953944621,0.148668451639591
1992,49,1,150,123,154,68,0.0001052802886997,0.0045664244649689,0.0396941671275696,0.108671874709153,0.261124702809914
1992,49,3,61,86,180,142,0.0003300314042129,0.0018911196059455,0.018574505993621,0.0591185206867865,0.171236791974225
1992,49,4,211,209,334,210,0.0002151868294251,0.0032409443110319,0.0270420848045212,0.0748569908465742,0.192718363236507
1992,50,3,161,111,125,59,0.0003158408660993,0.0049012955923999,0.0358215654565872,0.0882076905106761,0.22656408037919
1992,50,2,73,75,189,137,0.0002200209361419,0.0022631431349839,0.0161986970874602,0.0620744467211258,0.16520732746809
1992,50,5,234,186,314,196,0.0002689835367814,0.00359422260086,0.0240661615963681,0.0703745363048632,0.179870472354073
1992,51,6,161,102,157,59,0.0006316817321986,0.0049012955923999,0.0329171142033504,0.110788859281409,0.22656408037919
1992,51,7,66,89,170,149,0.0007700732764969,0.0020461294097115,0.0192224538771194,0.0558341584264094,0.179678042282814
1992,51,13,227,191,327,208,0.0006993571956317,0.0034867031213471,0.0247131014242275,0.0732881317569754,0.190882950253302
1992,52,7,152,119,153,58,0.0007369620208984,0.0046273101245018,0.0384032999039088,0.107966213185068,0.222724011220221
1992,52,3,64,95,190,166,0.0003300314042129,0.0019841254882051,0.0205183496441162,0.0624028829471635,0.200178221603671
1992,52,10,216,214,343,224,0.0005379670735629,0.0033177439392554,0.0276890246323805,0.0768740953903442,0.205566254118941
1992,53,5,161,118,135,55,0.0005264014434989,0.0049012955923999,0.0380805830979936,0.0952643057515302,0.211203803743313
1992,53,3,75,97,207,171,0.0003300314042129,0.0023251470564903,0.0209503148997818,0.0679862987898044,0.206207686109806
1992,53,8,236,215,342,226,0.0004303736588503,0.0036249424521494,0.0278184125979524,0.0766499726632586,0.207401667102146
1993,1,2,139,117,158,56,0.0002098487920418,0.0042161709637481,0.0365599385048236,0.111383965230701,0.204297170888933
1993,1,3,68,79,181,177,0.0003288066921215,0.0021024306030425,0.0168987389035376,0.0592369898610976,0.204095646909139
1993,1,5,207,196,339,233,0.0002680307809545,0.0031694110086585,0.0248884803676079,0.0757704476424709,0.204144045553987
1993,2,2,157,111,127,52,0.0002098487920418,0.0047621499374709,0.0346850698635506,0.0895301492677157,0.189704515825437
1993,2,4,72,85,219,156,0.0004384089228287,0.0022261029914568,0.0181821874278569,0.0716734849700573,0.179880909140258
1993,2,6,229,196,346,208,0.0003216369371454,0.0035062566231053,0.0248884803676079,0.0773350291572122,0.182240178005276
1993,3,11,173,149,149,54,0.0011541683562299,0.00524746458078,0.0465592379249463,0.105039308983383,0.197000843357185
1993,3,4,60,79,176,168,0.0004384089228287,0.001855085826214,0.0168987389035376,0.0576006089257081,0.193717902151047
1993,3,15,233,228,325,222,0.0008040923428636,0.0035675012802775,0.028951905733748,0.0726412846129884,0.194506343832554
1993,4,5,140,128,135,71,0.0005246219801045,0.0042465031289549,0.0399971976804908,0.0951698437097765,0.259019627377039
1993,4,6,60,92,204,156,0.0006576133842431,0.001855085826214,0.0196795440395628,0.066764342163889,0.179880909140258
1993,4,11,200,220,339,227,0.0005896677181,0.0030622328586072,0.027936049392213,0.0757704476424709,0.198887117342296
1993,5,3,140,109,136,68,0.0003147731880627,0.0042465031289549,0.0340601136497929,0.0958748055150341,0.248075136079418
1993,5,3,53,99,210,161,0.0003288066921215,0.001638659146489,0.0211769006512687,0.0687279992863563,0.185646322894753
1993,5,6,193,208,346,229,0.0003216369371454,0.002955054708556,0.0264122648799105,0.0773350291572122,0.200639426746193
1993,6,6,137,106,124,64,0.0006295463761254,0.0041555066333345,0.0331226793291564,0.0874152638519428,0.233482481015923
1993,6,1,67,82,183,161,0.0001096022307071,0.0020715125059389,0.0175404631656973,0.0598915422352534,0.185646322894753
1993,6,7,204,188,307,225,0.0003752430933363,0.0031234775157794,0.0238726240260729,0.0686180750036536,0.197134807938399
1993,7,8,180,127,158,62,0.0008393951681672,0.0054597897372278,0.0396847195736119,0.111383965230701,0.226186153484175
1993,7,5,78,84,214,173,0.0005480111535359,0.0024116115740782,0.0179682793404704,0.0700371040346679,0.199483315905542
1993,7,13,258,211,372,235,0.0006968800304818,0.0039502803876034,0.0267932110079861,0.0831463319262513,0.205896354957884
1993,8,6,167,129,155,75,0.0006295463761254,0.0050654715895391,0.0403096757873696,0.109269079814929,0.273612282440535
1993,8,8,63,67,231,181,0.0008768178456574,0.0019478401175247,0.014331841854899,0.0756007992149919,0.208707977912735
1993,8,14,230,196,386,256,0.0007504861866727,0.0035215677873983,0.0248884803676079,0.0862754949557339,0.224295603698801
1993,9,8,147,119,133,71,0.0008393951681672,0.0044588282854027,0.0371848947185813,0.0937599200992613,0.259019627377039
1993,9,2,61,99,195,179,0.0002192044614143,0.0018860039233175,0.0211769006512687,0.063818856480188,0.206401812410937
1993,9,10,208,218,328,250,0.0005360615619091,0.0031847221729515,0.0276820853068292,0.0733118195478775,0.21903867548711
1993,10,5,151,143,173,70,0.0005246219801045,0.0045801569462299,0.0446843692836733,0.121958392309565,0.255371463611166
1993,10,2,64,89,221,200,0.0002192044614143,0.0019787582146282,0.0190378197774032,0.0723280373442131,0.230616550179818
1993,10,7,215,232,394,270,0.0003752430933363,0.0032919003230028,0.0294598339045155,0.0880635881154382,0.236561769526079
1993,11,6,171,141,162,89,0.0006295463761254,0.0051868002503664,0.0440594130699156,0.114203812451732,0.324686575162768
1993,11,4,64,95,243,220,0.0004384089228287,0.0019787582146282,0.0203212683017225,0.0795281134599266,0.2536782051978
1993,11,10,235,236,405,309,0.0005360615619091,0.0035981236088635,0.029967762075283,0.0905222162100317,0.270731802902068
1993,12,4,146,135,164,80,0.0004196975840836,0.0044284961201958,0.0421845444286426,0.115613736062247,0.291853101269904
1993,12,4,76,89,230,218,0.0004384089228287,0.002349775379871,0.0190378197774032,0.0752735230279141,0.251372039696002
1993,12,8,222,224,394,298,0.0004288492495272,0.0033990784730541,0.0284439775629805,0.0880635881154382,0.261094101180635
1993,13,5,161,130,146,67,0.0005246219801045,0.0048834785982982,0.0406221538942484,0.10292442356761,0.244426972313544
1993,13,4,54,103,202,181,0.0004384089228287,0.0016695772435926,0.0220325330008149,0.0661097897897332,0.208707977912735
1993,13,9,215,233,348,248,0.0004824554057181,0.0032919003230028,0.0295868159472074,0.0777820524471383,0.217286366083213
1993,14,4,130,111,151,71,0.0004196975840836,0.0039431814768867,0.0346850698635506,0.106449232593898,0.259019627377039
1993,14,3,74,88,187,209,0.0003288066921215,0.0022879391856639,0.0188239116900166,0.0612006469835649,0.24099429493791
1993,14,7,204,199,338,280,0.0003752430933363,0.0031234775157794,0.0252694264956836,0.0755469359975079,0.245323316545563
1993,15,5,162,110,146,73,0.0005246219801045,0.004913810763505,0.0343725917566718,0.10292442356761,0.266315954908787
1993,15,3,53,97,187,181,0.0003288066921215,0.001638659146489,0.0207490844764956,0.0612006469835649,0.208707977912735
1993,15,8,215,207,333,254,0.0004288492495272,0.0032919003230028,0.0262852828372186,0.0744293777726927,0.222543294294904
1993,16,12,146,101,159,65,0.0012590927522508,0.0044284961201958,0.0315602887947622,0.112088927035959,0.237130644781797
1993,16,4,55,85,187,164,0.0004384089228287,0.0017004953406961,0.0181821874278569,0.0612006469835649,0.189105571147451
1993,16,16,201,186,346,229,0.0008576984990545,0.0030775440229003,0.0236186599406892,0.0773350291572122,0.200639426746193
1993,17,6,174,140,151,45,0.0006295463761254,0.0052777967459868,0.0437469349630368,0.106449232593898,0.164167369464321
1993,17,4,55,87,200,143,0.0004384089228287,0.0017004953406961,0.01861000360263,0.0654552374155774,0.16489083337857
1993,17,10,229,227,351,188,0.0005360615619091,0.0035062566231053,0.0288249236910561,0.0784525873820274,0.164717083966307
1993,18,7,152,99,155,73,0.0007344707721463,0.0046104891114368,0.0309353325810046,0.109269079814929,0.266315954908787
1993,18,1,53,73,182,157,0.0001096022307071,0.001638659146489,0.0156152903792183,0.0595642660481755,0.181033991891157
1993,18,8,205,172,337,230,0.0004288492495272,0.0031387886800724,0.0218409113430029,0.0753234243525449,0.201515581448141
1993,19,3,152,124,110,59,0.0003147731880627,0.0046104891114368,0.0387472852529754,0.0775457985783364,0.215241662186554
1993,19,5,57,88,143,157,0.0005480111535359,0.0017623315349033,0.0188239116900166,0.0468004947521379,0.181033991891157
1993,19,8,209,212,253,216,0.0004288492495272,0.0032000333372446,0.026920193050678,0.0565484461756494,0.189249415620863
1993,20,2,148,104,107,46,0.0002098487920418,0.0044891604506095,0.0324977231153988,0.0754309131625636,0.167815533230195
1993,20,3,68,87,172,147,0.0003288066921215,0.0021024306030425,0.01861000360263,0.0562915041773966,0.169503164382166
1993,20,5,216,191,279,193,0.0002680307809545,0.0033072114872958,0.0242535701541486,0.0623597489446885,0.169097857476049
1993,21,7,134,105,115,48,0.0007344707721463,0.004064510137714,0.0328102012222776,0.0810706076046244,0.175111860761942
1993,21,0,58,69,165,155,0.0,0.0017932496320068,0.0147596580296721,0.0540005708678514,0.178727826389359
1993,21,7,192,174,280,203,0.0003752430933363,0.002939743544263,0.0220948754283866,0.0625832605896515,0.177859404495534
1993,22,5,135,105,130,53,0.0005246219801045,0.0040948423029208,0.0328102012222776,0.0916450346834885,0.193352679591311
1993,22,3,49,83,170,146,0.0003288066921215,0.0015149867580747,0.0177543712530838,0.0556369518032408,0.168350081631267
1993,22,8,184,188,300,199,0.0004288492495272,0.0028172542299187,0.0238726240260729,0.0670534934889123,0.17435478568774
1993,23,5,157,105,137,47,0.0005246219801045,0.0047621499374709,0.0328102012222776,0.0965797673202917,0.171463696996068
1993,23,2,65,80,170,139,0.0002192044614143,0.0020096763117318,0.0171126469909242,0.0556369518032408,0.160278502374973
1993,23,7,222,185,307,186,0.0003752430933363,0.0033990784730541,0.0234916778979973,0.0686180750036536,0.16296477456241
1993,24,5,151,100,131,41,0.0005246219801045,0.0045801569462299,0.0312478106878834,0.0923499964887461,0.149574714400826
1993,24,7,46,88,177,149,0.0007672156149503,0.001422232466764,0.0188239116900166,0.057927885112786,0.171809329883964
1993,24,12,197,188,308,190,0.0006432738742909,0.0030162993657281,0.0238726240260729,0.0688415866486167,0.166469393370204
1993,25,2,177,129,109,40,0.0002098487920418,0.0053687932416073,0.0403096757873696,0.0768408367730788,0.145926550634952
1993,25,1,81,84,165,157,0.0001096022307071,0.0025043658653889,0.0179682793404704,0.0540005708678514,0.181033991891157
1993,25,3,258,213,274,197,0.0001608184685727,0.0039502803876034,0.0270471750933698,0.0612421907198733,0.172602476283843
1993,26,3,155,129,117,59,0.0003147731880627,0.0047014856070572,0.0403096757873696,0.0824805312151396,0.215241662186554
1993,26,4,52,80,174,146,0.0004384089228287,0.0016077410493854,0.0171126469909242,0.0569460565515524,0.168350081631267
1993,26,7,207,209,291,205,0.0003752430933363,0.0031694110086585,0.0265392469226023,0.065041888684245,0.17961171389943
1993,27,10,154,138,127,61,0.001049243960209,0.0046711534418504,0.0431219787492791,0.0895301492677157,0.222537989718301
1993,27,3,78,88,161,132,0.0003288066921215,0.0024116115740782,0.0188239116900166,0.0526914661195398,0.15220692311868
1993,27,13,232,226,288,193,0.0006968800304818,0.0035521901159844,0.0286979416483643,0.0643713537493558,0.169097857476049
1993,28,3,152,124,112,56,0.0003147731880627,0.0046104891114368,0.0387472852529754,0.0789557221888516,0.204297170888933
1993,28,2,53,88,155,119,0.0002192044614143,0.001638659146489,0.0188239116900166,0.0507278089970725,0.137216847356992
1993,28,5,205,212,267,175,0.0002680307809545,0.0031387886800724,0.026920193050678,0.059677609205132,0.153327072840977
1993,29,3,148,98,132,41,0.0003147731880627,0.0044891604506095,0.0306228544741257,0.0930549582940037,0.149574714400826
1993,29,5,59,66,154,129,0.0005480111535359,0.0018241677291104,0.0141179337675125,0.0504005328099946,0.148747674865983
1993,29,8,207,164,286,170,0.0004288492495272,0.0031694110086585,0.0208250550014679,0.0639243304594298,0.148946299331235
1993,30,5,155,83,101,42,0.0005246219801045,0.0047014856070572,0.0259356828709432,0.071201142331018,0.153222878166699
1993,30,3,57,71,163,119,0.0003288066921215,0.0017623315349033,0.0151874742044452,0.0533460184936956,0.137216847356992
1993,30,8,212,154,264,161,0.0004288492495272,0.0032459668301237,0.0195552345745491,0.0590070742702429,0.141060907013699
1993,31,2,149,110,124,58,0.0002098487920418,0.0045194926158163,0.0343725917566718,0.0874152638519428,0.21159349842068
1993,31,3,57,70,196,129,0.0003288066921215,0.0017623315349033,0.0149735661170587,0.0641461326672659,0.148747674865983
1993,31,5,206,180,320,187,0.0002680307809545,0.0031540998443655,0.0228567676845379,0.0715237263881732,0.163840929264358
1993,32,2,159,110,93,48,0.0002098487920418,0.0048228142678845,0.0343725917566718,0.0655614478889571,0.175111860761942
1993,32,2,68,82,176,124,0.0002192044614143,0.0021024306030425,0.0175404631656973,0.0576006089257081,0.142982261111487
1993,32,4,227,192,269,172,0.0002144246247636,0.0034756342945192,0.0243805521968404,0.0601246324950581,0.150698608735132
1993,33,6,155,98,105,44,0.0006295463761254,0.0047014856070572,0.0306228544741257,0.0740209895520484,0.160519205698447
1993,33,3,44,64,174,139,0.0003288066921215,0.0013603962725569,0.0136901175927393,0.0569460565515524,0.160278502374973
1993,33,9,199,162,279,183,0.0004824554057181,0.0030469216943142,0.0205710909160841,0.0623597489446885,0.160336310456565
1993,34,2,136,106,113,43,0.0002098487920418,0.0041251744681276,0.0331226793291564,0.0796606839941092,0.156871041932573
1993,34,3,52,66,179,129,0.0003288066921215,0.0016077410493854,0.0141179337675125,0.0585824374869418,0.148747674865983
1993,34,5,188,172,292,172,0.0002680307809545,0.0028784988870908,0.0218409113430029,0.065265400329208,0.150698608735132
1993,35,5,168,118,122,60,0.0005246219801045,0.0050958037547459,0.0368724166117024,0.0860053402414276,0.218889825952428
1993,35,6,46,90,155,132,0.0006576133842431,0.001422232466764,0.0192517278647897,0.0507278089970725,0.15220692311868
1993,35,11,214,208,277,192,0.0005896677181,0.0032765891587098,0.0264122648799105,0.0619127256547624,0.168221702774101
1993,36,4,141,106,148,49,0.0004196975840836,0.0042768352941617,0.0331226793291564,0.104334347178125,0.178760024527816
1993,36,3,60,83,188,138,0.0003288066921215,0.001855085826214,0.0177543712530838,0.0615279231706428,0.159125419624074
1993,36,7,201,189,336,187,0.0003752430933363,0.0030775440229003,0.0239996060687648,0.0750999127075818,0.163840929264358
1993,37,3,142,116,151,57,0.0003147731880627,0.0043071674593686,0.0362474603979448,0.106449232593898,0.207945334654806
1993,37,2,41,82,193,161,0.0002192044614143,0.0012676419812462,0.0175404631656973,0.0631643041060322,0.185646322894753
1993,37,5,183,198,344,218,0.0002680307809545,0.0028019430656256,0.0251424444529917,0.0768880058672862,0.19100172502476
1993,38,6,143,134,113,58,0.0006295463761254,0.0043374996245754,0.0418720663217638,0.0796606839941092,0.21159349842068
1993,38,5,67,88,180,154,0.0005480111535359,0.0020715125059389,0.0188239116900166,0.0589097136740197,0.17757474363846
1993,38,11,210,222,293,212,0.0005896677181,0.0032153445015376,0.0281900134775967,0.0654889119741711,0.185744796813069
1993,39,9,165,101,121,53,0.0009443195641881,0.0050048072591254,0.0315602887947622,0.08530037843617,0.193352679591311
1993,39,4,67,79,179,145,0.0004384089228287,0.0020715125059389,0.0168987389035376,0.0585824374869418,0.167196998880368
1993,39,13,232,180,300,198,0.0006968800304818,0.0035521901159844,0.0228567676845379,0.0670534934889123,0.173478630985791
1993,40,4,147,112,124,43,0.0004196975840836,0.0044588282854027,0.0349975479704294,0.0874152638519428,0.156871041932573
1993,40,3,57,89,170,157,0.0003288066921215,0.0017623315349033,0.0190378197774032,0.0556369518032408,0.181033991891157
1993,40,7,204,201,294,200,0.0003752430933363,0.0031234775157794,0.0255233905810673,0.0657124236191341,0.175230940389688
1993,41,10,148,127,128,41,0.001049243960209,0.0044891604506095,0.0396847195736119,0.0902351110729733,0.149574714400826
1993,41,4,81,66,186,163,0.0004384089228287,0.0025043658653889,0.0141179337675125,0.060873370796487,0.187952488396552
1993,41,14,229,193,314,204,0.0007504861866727,0.0035062566231053,0.0245075342395323,0.0701826565183949,0.178735559197482
1993,42,8,158,129,125,41,0.0008393951681672,0.0047924821026777,0.0403096757873696,0.0881202256572005,0.149574714400826
1993,42,3,67,66,155,149,0.0003288066921215,0.0020715125059389,0.0141179337675125,0.0507278089970725,0.171809329883964
1993,42,11,225,195,280,190,0.0005896677181,0.0034450119659332,0.0247614983249161,0.0625832605896515,0.166469393370204
1993,43,4,145,128,137,55,0.0004196975840836,0.004398163954989,0.0399971976804908,0.0965797673202917,0.200649007123059
1993,43,3,62,83,169,148,0.0003288066921215,0.0019169220204211,0.0177543712530838,0.0553096756161629,0.170656247133065
1993,43,7,207,211,306,203,0.0003752430933363,0.0031694110086585,0.0267932110079861,0.0683945633586906,0.177859404495534
1993,44,4,135,109,131,63,0.0004196975840836,0.0040948423029208,0.0340601136497929,0.0923499964887461,0.229834317250049
1993,44,4,66,93,174,141,0.0004384089228287,0.0020405944088354,0.0198934521269494,0.0569460565515524,0.162584667876772
1993,44,8,201,202,305,204,0.0004288492495272,0.0030775440229003,0.0256503726237592,0.0681710517137275,0.178735559197482
1993,45,1,146,136,139,70,0.0001049243960209,0.0044284961201958,0.0424970225355214,0.0979896909308069,0.255371463611166
1993,45,1,68,83,185,136,0.0001096022307071,0.0021024306030425,0.0177543712530838,0.0605460946094091,0.156819254122276
1993,45,2,214,219,324,206,0.0001072123123818,0.0032765891587098,0.0278090673495211,0.0724177729680253,0.180487868601379
1993,46,5,171,142,132,55,0.0005246219801045,0.0051868002503664,0.0443718911767945,0.0930549582940037,0.200649007123059
1993,46,4,65,80,193,141,0.0004384089228287,0.0020096763117318,0.0171126469909242,0.0631643041060322,0.162584667876772
1993,46,9,236,222,325,196,0.0004824554057181,0.0036134347731566,0.0281900134775967,0.0726412846129884,0.171726321581894
1993,47,7,142,116,116,63,0.0007344707721463,0.0043071674593686,0.0362474603979448,0.081775569409882,0.229834317250049
1993,47,8,59,77,203,150,0.0008768178456574,0.0018241677291104,0.0164709227287645,0.0664370659768111,0.172962412634863
1993,47,15,201,193,319,213,0.0008040923428636,0.0030775440229003,0.0245075342395323,0.0713002147432101,0.186620951515018
1993,48,7,151,135,145,72,0.0007344707721463,0.0045801569462299,0.0421845444286426,0.102219461762353,0.262667791142913
1993,48,4,63,104,209,206,0.0004384089228287,0.0019478401175247,0.0222464410882014,0.0684007230992784,0.237535046685212
1993,48,11,214,239,354,278,0.0005896677181,0.0032765891587098,0.0303487082033587,0.0791231223169166,0.243571007141667
1993,49,3,157,142,187,75,0.0003147731880627,0.0047621499374709,0.0443718911767945,0.131827857583172,0.273612282440535
1993,49,4,56,114,226,221,0.0004384089228287,0.0017314134377997,0.024385521962067,0.0739644182796025,0.254831287948699
1993,49,7,213,256,413,296,0.0003752430933363,0.0032612779944167,0.0325074029291206,0.092310309369736,0.259341791776739
1993,50,8,168,143,171,79,0.0008393951681672,0.0050958037547459,0.0446843692836733,0.12054846869905,0.28820493750403
1993,50,5,73,106,262,237,0.0005480111535359,0.0022570210885603,0.0226742572629745,0.0857463610144064,0.273280611963084
1993,50,13,241,249,433,316,0.0006968800304818,0.0036899905946217,0.0316185286302774,0.0967805422689968,0.276864885815707
1993,51,6,145,163,215,79,0.0006295463761254,0.004398163954989,0.05093393142125,0.151566788130385,0.28820493750403
1993,51,4,78,112,271,247,0.0004384089228287,0.0024116115740782,0.0239577057872939,0.0886918466981074,0.284811439472075
1993,51,10,223,275,486,326,0.0005360615619091,0.0034143896373471,0.0349200617402662,0.108626659452038,0.285626432835192
1993,52,6,175,135,185,104,0.0006295463761254,0.0053081289111937,0.0421845444286426,0.130417933972657,0.379409031650875
1993,52,6,59,102,229,262,0.0006576133842431,0.0018241677291104,0.0218186249134283,0.0749462468408362,0.302107680735561
1993,52,12,234,237,414,366,0.0006432738742909,0.0035828124445705,0.0300947441179749,0.092533821014699,0.320672620913129
1994,1,1,148,128,186,108,0.0001048158392859,0.0044775903832159,0.0383351966411797,0.133242211686062,0.371293312768221
1994,1,4,52,109,200,237,0.0004378156740398,0.001604889339357,0.0227644711127784,0.0664103197940785,0.260869213047959
1994,1,5,200,237,386,345,0.0002677117025232,0.0030555585959028,0.0291615816094373,0.0875773135068996,0.287649486230289
1994,2,11,155,126,155,74,0.0011529742321459,0.0046893683067464,0.0377362091936612,0.111035176405052,0.254404677267115
1994,2,7,55,88,228,202,0.0007661774295696,0.0016974791089353,0.018378655577289,0.0757077645652494,0.222344223779273
1994,2,18,210,214,383,276,0.0009637621290838,0.0032083365256979,0.0263315547021924,0.0868966608112501,0.230119588984231
1994,3,5,154,118,163,57,0.0005240791964299,0.0046591143176706,0.0353402594035875,0.116766024219506,0.195960359516561
1994,3,3,54,86,186,176,0.0003283617555298,0.0016666158524092,0.0179609588596233,0.061761597408493,0.193725660322535
1994,3,8,208,204,349,233,0.0004283387240372,0.0031777809397389,0.0251011082207815,0.0791825969272227,0.19426762403379
1994,4,2,146,126,130,56,0.0002096316785719,0.0044170824050644,0.0377362091936612,0.0931262769848821,0.192522458472411
1994,4,3,55,90,173,149,0.0003283617555298,0.0016974791089353,0.0187963522949546,0.0574449266218779,0.164006382886691
1994,4,5,201,216,303,205,0.0002677117025232,0.0030708363888823,0.0265776439984745,0.0687459222605973,0.170922158484665
1994,5,3,151,136,145,82,0.0003144475178579,0.0045683523504433,0.0407311464312534,0.103871616636984,0.281907885620316
1994,5,8,66,88,186,172,0.0008756313480796,0.0020369749307224,0.018378655577289,0.061761597408493,0.189322804406114
1994,5,11,217,224,331,254,0.0005889657455512,0.0033152810765545,0.0275620011836032,0.0750986807533258,0.211776723195633
1994,6,2,145,115,133,64,0.0002096316785719,0.0043868284159886,0.0344417782323099,0.0952753449153024,0.220025666825613
1994,6,5,54,82,192,158,0.0005472695925497,0.0016666158524092,0.017125565424292,0.0637539070023153,0.173912808698639
1994,6,7,199,197,325,222,0.0003747963835326,0.0030402808029233,0.0242397956837939,0.0737373753620268,0.185096191139491
1994,7,7,143,134,138,59,0.0007337108750019,0.004326320437837,0.040132158983735,0.0988571247993363,0.202836161604862
1994,7,3,48,86,185,168,0.0003283617555298,0.0014814363132526,0.0179609588596233,0.0614295458095226,0.184919948489692
1994,7,10,191,220,323,227,0.0005354234050465,0.0029180584590871,0.0270698225910389,0.0732836068982605,0.189265024273263
1994,8,8,148,112,111,53,0.0008385267142879,0.0044775903832159,0.0335432970610322,0.0795155134255531,0.18220875533996
1994,8,4,45,79,213,160,0.0004378156740398,0.0013888465436743,0.0164990203477935,0.0707269905806936,0.17611423665685
1994,8,12,193,191,324,213,0.0006425080860559,0.0029486140450462,0.0235015277949474,0.0735104911301437,0.1775922914987
1994,9,3,152,125,106,39,0.0003144475178579,0.0045986063395191,0.037436715469902,0.0759337335415192,0.134078140721858
1994,9,2,76,74,184,166,0.0002189078370199,0.0023456074959833,0.0154547785536294,0.0610974942105522,0.182718520531482
1994,9,5,228,199,290,205,0.0002677117025232,0.0034833367993292,0.0244858849800761,0.0657964272461163,0.170922158484665
1994,10,7,149,126,135,49,0.0007337108750019,0.0045078443722917,0.0377362091936612,0.096708056868916,0.16845715116336
1994,10,5,63,75,165,136,0.0005472695925497,0.0019443851611441,0.0156636269124622,0.0547885138301147,0.149697101158322
1994,10,12,212,201,300,185,0.0006425080860559,0.0032388921116569,0.0247319742763583,0.0680652695649479,0.154246825949575
1994,11,6,106,110,117,51,0.0006288950357159,0.003206922842033,0.0329443096135138,0.0838136492863938,0.17533295325166
1994,11,7,52,95,195,154,0.0007661774295696,0.001604889339357,0.0198405940891188,0.0647500617992265,0.169509952782218
1994,11,13,158,205,312,205,0.0006960504265605,0.0024138912907632,0.0252241528689226,0.0707878803475458,0.170922158484665
1994,12,3,142,115,112,56,0.0003144475178579,0.0042960664487612,0.0344417782323099,0.0802318694023599,0.192522458472411
1994,12,2,60,90,176,176,0.0002189078370199,0.0018517953915658,0.0187963522949546,0.058441081418789,0.193725660322535
1994,12,5,202,205,288,232,0.0002677117025232,0.0030861141818618,0.0252241528689226,0.0653426587823499,0.193433857407035
1994,13,5,142,109,105,53,0.0005240791964299,0.0042960664487612,0.0326448158897546,0.0752173775647124,0.18220875533996
1994,13,3,57,84,181,135,0.0003283617555298,0.0017592056219875,0.0175432621419577,0.060101339413641,0.148596387179217
1994,13,8,199,193,286,188,0.0004283387240372,0.0030402808029233,0.0237476170912296,0.0648888903185836,0.156748125829839
1994,14,2,132,124,108,39,0.0002096316785719,0.0039935265580034,0.0371372217461428,0.0773664454951328,0.134078140721858
1994,14,3,60,63,154,163,0.0003283617555298,0.0018517953915658,0.0131574466064682,0.0511359462414404,0.179416378594166
1994,14,5,192,187,262,202,0.0002677117025232,0.0029333362520667,0.023009349202383,0.0594436687533878,0.168420858604401
1994,15,4,141,116,118,47,0.0004192633571439,0.0042658124596854,0.0347412719560691,0.0845300052632006,0.161581349075059
1994,15,4,48,77,175,148,0.0004378156740398,0.0014814363132526,0.0160813236301279,0.0581090298198187,0.162905668907586
1994,15,8,189,193,293,195,0.0004283387240372,0.0028875028731281,0.0237476170912296,0.0664770799417657,0.16258449221712
1994,16,8,147,117,115,46,0.0008385267142879,0.0044473363941402,0.0350407656798283,0.0823809373327803,0.158143448030909
1994,16,6,63,92,173,147,0.0006567235110597,0.0019443851611441,0.0192140490126203,0.0574449266218779,0.161804954928481
1994,16,14,210,209,288,193,0.0007495927670652,0.0032083365256979,0.0257163314614869,0.0653426587823499,0.160916958963611
1994,17,6,170,124,149,65,0.0006288950357159,0.0051431781428832,0.0371372217461428,0.106737040544211,0.223463567869763
1994,17,3,63,66,178,148,0.0003283617555298,0.0019443851611441,0.0137839916829667,0.0591051846167298,0.162905668907586
1994,17,9,233,190,327,213,0.0004818810645419,0.0035597257642267,0.0233784831468063,0.0741911438257932,0.1775922914987
1994,18,3,155,89,107,55,0.0003144475178579,0.0046893683067464,0.0266549414145702,0.076650089518326,0.189084557428261
1994,18,4,56,72,143,148,0.0004378156740398,0.0017283423654614,0.0150370818359637,0.0474833786527661,0.162905668907586
1994,18,7,211,161,250,203,0.0003747963835326,0.0032236143186774,0.0198101883507148,0.0567210579707899,0.169254625231156
1994,19,6,169,124,120,53,0.0006288950357159,0.0051129241538074,0.0371372217461428,0.0859627172168142,0.18220875533996
1994,19,2,69,85,160,149,0.0002189078370199,0.0021295647003007,0.0177521105007905,0.0531282558352628,0.164006382886691
1994,19,8,238,209,280,202,0.0004283387240372,0.0036361147291243,0.0257163314614869,0.0635275849272847,0.168420858604401
1994,20,3,145,111,117,43,0.0003144475178579,0.0043868284159886,0.033243803337273,0.0838136492863938,0.147829744898458
1994,20,7,55,78,168,146,0.0007661774295696,0.0016974791089353,0.0162901719889607,0.0557846686270259,0.160704240949376
1994,20,10,200,189,285,189,0.0005354234050465,0.0030555585959028,0.0232554384986652,0.0646620060867005,0.157581892456593
1994,21,2,149,101,121,51,0.0002096316785719,0.0045078443722917,0.0302488660996808,0.086679073193621,0.17533295325166
1994,21,2,64,62,165,134,0.0002189078370199,0.0019752484176702,0.0129485982476354,0.0547885138301147,0.147495673200112
1994,21,4,213,163,286,185,0.0002141693620186,0.0032541699046365,0.020056277646997,0.0648888903185836,0.154246825949575
1994,22,4,160,90,114,51,0.0004192633571439,0.0048406382521253,0.0269544351383295,0.0816645813559735,0.17533295325166
1994,22,3,57,94,169,155,0.0003283617555298,0.0017592056219875,0.0196317457302859,0.0561167202259963,0.170610666761323
1994,22,7,217,184,283,206,0.0003747963835326,0.0033152810765545,0.0226402152579598,0.0642082376229342,0.171755925111419
1994,23,6,142,101,128,57,0.0006288950357159,0.0042960664487612,0.0302488660996808,0.0916935650312685,0.195960359516561
1994,23,4,59,82,188,126,0.0004378156740398,0.0018209321350397,0.017125565424292,0.0624257006064338,0.138689961367269
1994,23,10,201,183,316,183,0.0005354234050465,0.0030708363888823,0.0225171706098187,0.0716954172750784,0.152579292696067
1994,24,5,149,114,131,42,0.0005240791964299,0.0045078443722917,0.0341422845085506,0.0938426329616888,0.144391843854308
1994,24,2,68,94,174,148,0.0002189078370199,0.0020987014437746,0.0196317457302859,0.0577769782208483,0.162905668907586
1994,24,7,217,208,305,190,0.0003747963835326,0.0033152810765545,0.0255932868133459,0.0691996907243637,0.158415659083348
1994,25,5,171,124,120,56,0.0005240791964299,0.005173432131959,0.0371372217461428,0.0859627172168142,0.192522458472411
1994,25,4,63,78,176,148,0.0004378156740398,0.0019443851611441,0.0162901719889607,0.058441081418789,0.162905668907586
1994,25,9,234,202,296,204,0.0004818810645419,0.0035750035572063,0.0248550189244993,0.0671577326374152,0.17008839185791
1994,26,3,137,109,128,50,0.0003144475178579,0.0041447965033823,0.0326448158897546,0.0916935650312685,0.17189505220751
1994,26,3,62,71,162,147,0.0003283617555298,0.001913521904618,0.0148282334771309,0.0537923590332036,0.161804954928481
1994,26,6,199,180,290,197,0.0003212540430279,0.0030402808029233,0.0221480366653954,0.0657964272461163,0.164252025470629
1994,27,2,175,132,140,43,0.0002096316785719,0.0052944480882621,0.0395331715362165,0.10028983675295,0.147829744898458
1994,27,6,52,77,174,161,0.0006567235110597,0.001604889339357,0.0160813236301279,0.0577769782208483,0.177214950635955
1994,27,8,227,209,314,204,0.0004283387240372,0.0034680590063497,0.0257163314614869,0.0712416488113121,0.17008839185791
1994,28,10,153,152,154,63,0.0010481583928599,0.0046288603285949,0.0455230460114009,0.110318820428245,0.216587765781462
1994,28,1,69,79,181,192,0.0001094539185099,0.0021295647003007,0.0164990203477935,0.060101339413641,0.21133708398822
1994,28,11,222,231,335,255,0.0005889657455512,0.0033916700414521,0.0284233137205908,0.0760062176808584,0.212610489822388
1994,29,5,157,151,110,56,0.0005240791964299,0.004749876284898,0.0452235522876416,0.0787991574487464,0.192522458472411
1994,29,3,68,58,126,161,0.0003283617555298,0.0020987014437746,0.0121132048123041,0.0418385014702694,0.177214950635955
1994,29,8,225,209,236,217,0.0004283387240372,0.0034375034203906,0.0257163314614869,0.0535446787244256,0.180927358005718
1994,30,4,159,117,127,63,0.0004192633571439,0.0048103842630496,0.0350407656798283,0.0909772090544617,0.216587765781462
1994,30,8,65,85,173,151,0.0008756313480796,0.0020061116741963,0.0177521105007905,0.0574449266218779,0.166207810844902
1994,30,12,224,202,300,214,0.0006425080860559,0.0034222256274111,0.0248550189244993,0.0680652695649479,0.178426058125455
1994,31,7,151,125,137,43,0.0007337108750019,0.0045683523504433,0.037436715469902,0.0981407688225295,0.147829744898458
1994,31,6,60,88,179,137,0.0006567235110597,0.0018517953915658,0.018378655577289,0.0594372362157002,0.150797815137428
1994,31,13,211,213,316,180,0.0006960504265605,0.0032236143186774,0.0262085100540513,0.0716954172750784,0.150077992815803
1994,32,5,153,110,119,42,0.0005240791964299,0.0046288603285949,0.0329443096135138,0.0852463612400074,0.144391843854308
1994,32,2,66,67,173,139,0.0002189078370199,0.0020369749307224,0.0139928400417996,0.0574449266218779,0.152999243095638
1994,32,7,219,177,292,181,0.0003747963835326,0.0033458366625135,0.0217789027209722,0.0662501957098826,0.150911759442558
1994,33,6,143,97,119,38,0.0006288950357159,0.004326320437837,0.029050891204644,0.0852463612400074,0.130640239677707
1994,33,2,67,74,146,126,0.0002189078370199,0.0020678381872485,0.0154547785536294,0.0484795334496773,0.138689961367269
1994,33,8,210,171,265,164,0.0004283387240372,0.0032083365256979,0.0210406348321257,0.0601243214490373,0.136737726787732
1994,34,5,128,97,103,49,0.0005240791964299,0.0038725106017003,0.029050891204644,0.0737846656110989,0.16845715116336
1994,34,4,41,76,150,141,0.0004378156740398,0.0012653935175699,0.015872475271295,0.0498077398455588,0.155200671053849
1994,34,9,169,173,253,190,0.0004818810645419,0.0025819470135378,0.0212867241284079,0.0574017106664394,0.158415659083348
1994,35,4,137,108,106,51,0.0004192633571439,0.0041447965033823,0.0323453221659953,0.0759337335415192,0.17533295325166
1994,35,2,37,81,153,137,0.0002189078370199,0.0011419404914656,0.0169167170654592,0.05080389464247,0.150797815137428
1994,35,6,174,189,259,188,0.0003212540430279,0.0026583359784354,0.0232554384986652,0.0587630160577383,0.156748125829839
1994,36,6,141,111,132,63,0.0006288950357159,0.0042658124596854,0.033243803337273,0.0945589889384956,0.216587765781462
1994,36,2,49,66,190,138,0.0002189078370199,0.0015122995697787,0.0137839916829667,0.0630898038043745,0.151898529116533
1994,36,8,190,177,322,201,0.0004283387240372,0.0029027806661076,0.0217789027209722,0.0730567226663774,0.167587091977647
1994,37,6,149,115,99,53,0.0006288950357159,0.0045078443722917,0.0344417782323099,0.0709192417038717,0.18220875533996
1994,37,4,62,88,182,132,0.0004378156740398,0.001913521904618,0.018378655577289,0.0604333910126114,0.145294245241901
1994,37,10,211,203,281,185,0.0005354234050465,0.0032236143186774,0.0249780635726404,0.0637544691591678,0.154246825949575
1994,38,7,146,135,107,61,0.0007337108750019,0.0044170824050644,0.0404316527074942,0.076650089518326,0.209711963693162
1994,38,6,69,66,177,136,0.0006567235110597,0.0021295647003007,0.0137839916829667,0.0587731330177594,0.149697101158322
1994,38,13,215,201,284,197,0.0006960504265605,0.0032847254905955,0.0247319742763583,0.0644351218548173,0.164252025470629
1994,39,5,139,113,91,67,0.0005240791964299,0.0042053044815339,0.0338427907847914,0.0651883938894174,0.230339369958063
1994,39,3,64,88,170,158,0.0003283617555298,0.0019752484176702,0.018378655577289,0.0564487718249667,0.173912808698639
1994,39,8,203,201,261,225,0.0004283387240372,0.0031013919748413,0.0247319742763583,0.0592167845215046,0.187597491019754
1994,40,4,138,119,123,56,0.0004192633571439,0.0041750504924581,0.0356397531273467,0.0881117851472346,0.192522458472411
1994,40,6,60,83,177,165,0.0006567235110597,0.0018517953915658,0.0173344137831248,0.0587731330177594,0.181617806552376
1994,40,10,198,202,300,221,0.0005354234050465,0.0030250030099437,0.0248550189244993,0.0680652695649479,0.184262424512736
1994,41,3,151,114,138,64,0.0003144475178579,0.0045683523504433,0.0341422845085506,0.0988571247993363,0.220025666825613
1994,41,5,63,87,188,165,0.0005472695925497,0.0019443851611441,0.0181698072184561,0.0624257006064338,0.181617806552376
1994,41,8,214,201,326,229,0.0004283387240372,0.003269447697616,0.0247319742763583,0.07396425959391,0.190932557526772
1994,42,3,148,90,113,61,0.0003144475178579,0.0044775903832159,0.0269544351383295,0.0809482253791667,0.209711963693162
1994,42,4,62,63,150,134,0.0004378156740398,0.001913521904618,0.0131574466064682,0.0498077398455588,0.147495673200112
1994,42,7,210,153,263,195,0.0003747963835326,0.0032083365256979,0.0188258311655861,0.059670552985271,0.16258449221712
1994,43,3,145,108,128,78,0.0003144475178579,0.0043868284159886,0.0323453221659953,0.0916935650312685,0.268156281443715
1994,43,3,51,85,146,139,0.0003283617555298,0.0015740260828309,0.0177521105007905,0.0484795334496773,0.152999243095638
1994,43,6,196,193,274,217,0.0003212540430279,0.0029944474239847,0.0237476170912296,0.0621662795359857,0.180927358005718
1994,44,6,127,88,121,64,0.0006288950357159,0.0038422566126245,0.026355447690811,0.086679073193621,0.220025666825613
1994,44,4,71,80,137,132,0.0004378156740398,0.0021912912133529,0.0167078687066263,0.0454910690589437,0.145294245241901
1994,44,10,198,168,258,196,0.0005354234050465,0.0030250030099437,0.0206715008877024,0.0585361318258552,0.163418258843875
1994,45,2,135,107,135,51,0.0002096316785719,0.0040842885252307,0.0320458284422361,0.096708056868916,0.17533295325166
1994,45,5,59,82,148,140,0.0005472695925497,0.0018209321350397,0.017125565424292,0.0491436366476181,0.154099957074744
1994,45,7,194,189,283,191,0.0003747963835326,0.0029638918380257,0.0232554384986652,0.0642082376229342,0.159249425710102
1994,46,1,145,136,130,71,0.0001048158392859,0.0043868284159886,0.0407311464312534,0.0931262769848821,0.244090974134664
1994,46,3,38,81,169,166,0.0003283617555298,0.0011728037479916,0.0169167170654592,0.0561167202259963,0.182718520531482
1994,46,4,183,217,299,237,0.0002141693620186,0.002795836115251,0.0267006886466156,0.0678383853330647,0.197602690540807
1994,47,7,134,128,114,54,0.0007337108750019,0.004054034536155,0.0383351966411797,0.0816645813559735,0.185646656384111
1994,47,5,64,68,157,158,0.0005472695925497,0.0019752484176702,0.0142016884006324,0.0521321010383516,0.173912808698639
1994,47,12,198,196,271,212,0.0006425080860559,0.0030250030099437,0.0241167510356528,0.0614856268403362,0.176758524871946
1994,48,6,138,104,122,58,0.0006288950357159,0.0041750504924581,0.0311473472709585,0.0873954291704278,0.199398260560711
1994,48,7,53,74,161,171,0.0007661774295696,0.0016357525958831,0.0154547785536294,0.0534603074342332,0.188222090427008
1994,48,13,191,178,283,229,0.0006960504265605,0.0029180584590871,0.0219019473691133,0.0642082376229342,0.190932557526772
1994,49,10,158,125,109,55,0.0010481583928599,0.0047801302739738,0.037436715469902,0.0780828014719396,0.189084557428261
1994,49,2,47,85,178,160,0.0002189078370199,0.0014505730567265,0.0177521105007905,0.0591051846167298,0.17611423665685
1994,49,12,205,210,287,215,0.0006425080860559,0.0031319475608003,0.025839376109628,0.0651157745504668,0.179259824752209
1994,50,5,143,140,120,58,0.0005240791964299,0.004326320437837,0.0419291213262903,0.0859627172168142,0.199398260560711
1994,50,3,62,74,195,124,0.0003283617555298,0.001913521904618,0.0154547785536294,0.0647500617992265,0.136488533409059
1994,50,8,205,214,315,182,0.0004283387240372,0.0031319475608003,0.0263315547021924,0.0714685330431953,0.151745526069312
1994,51,1,161,109,154,54,0.0001048158392859,0.0048708922412011,0.0326448158897546,0.110318820428245,0.185646656384111
1994,51,6,54,90,178,152,0.0006567235110597,0.0016666158524092,0.0187963522949546,0.0591051846167298,0.167308524824007
1994,51,7,215,199,332,206,0.0003747963835326,0.0032847254905955,0.0244858849800761,0.075325564985209,0.171755925111419
1994,52,9,150,144,148,68,0.0009433425535739,0.0045380983613675,0.0431270962213271,0.106020684567404,0.233777271002213
1994,52,2,56,83,190,162,0.0002189078370199,0.0017283423654614,0.0173344137831248,0.0630898038043745,0.17831566461506
1994,52,11,206,227,338,230,0.0005889657455512,0.0031472253537799,0.0279311351280265,0.0766868703765079,0.191766324153526
1995,1,1,148,118,120,55,0.000104726743798,0.0044683665121169,0.0343163280120712,0.0848852436481132,0.178884232356483
1995,1,5,61,81,183,165,0.0005467321456345,0.001880047963708,0.0167416350297291,0.060335266091064,0.172706676625819
1995,1,6,209,199,303,220,0.0003209602206182,0.0031875448826048,0.0240430112514792,0.0681400313700797,0.174210716974727
1995,2,5,142,133,110,76,0.0005236337189904,0.0042872165183824,0.0386785730983514,0.0778114733441037,0.247185484710776
1995,2,4,63,92,204,175,0.0004373857165076,0.0019416888805509,0.0190151904041368,0.0672589851506943,0.183173747936474
1995,2,9,205,225,314,251,0.0004814403309273,0.0031265392389186,0.0271843092039338,0.0706137618818647,0.198758590730256
1995,3,4,143,125,157,79,0.0004189069751923,0.0043174081840048,0.0363520423856686,0.111058193772948,0.256942806475675
1995,3,2,52,84,188,166,0.0002186928582538,0.001602663837915,0.0173616955863857,0.0619837706290712,0.173753383756884
1995,3,6,195,209,345,245,0.0003209602206182,0.002974025129703,0.0252512027716541,0.077585184233259,0.194007389358218
1995,4,5,143,146,144,67,0.0005236337189904,0.0043174081840048,0.042459185506461,0.101862292377736,0.217913519416079
1995,4,3,63,78,174,181,0.0003280392873807,0.0019416888805509,0.0161215744730725,0.057367957922651,0.189453990722868
1995,4,8,206,224,318,248,0.0004279469608243,0.0031417906498401,0.0270634900519163,0.0715133002497866,0.196382990044237
1995,5,4,158,105,139,81,0.0004189069751923,0.004770283168341,0.0305357156039617,0.0983254072257311,0.263447687652274
1995,5,1,59,76,176,167,0.0001093464291269,0.0018184070468652,0.0157082007686347,0.0580273597378539,0.17480009088795
1995,5,5,217,181,315,248,0.0002674668505152,0.0033095561699772,0.0218682665151645,0.0708386464738452,0.196382990044237
1995,6,1,148,145,143,56,0.000104726743798,0.0044683665121169,0.0421683691673756,0.101154915347335,0.182136672944782
1995,6,4,66,90,170,184,0.0004373857165076,0.0020341502558153,0.018601816699699,0.0560491542922453,0.192594112116064
1995,6,5,214,235,313,240,0.0002674668505152,0.0032638019372126,0.0283925007241087,0.0703888772898843,0.19004805488152
1995,7,3,136,129,121,61,0.0003141802313942,0.0041060665246479,0.03751530774201,0.0855926206785141,0.198398875886281
1995,7,7,59,88,187,175,0.0007654250038883,0.0018184070468652,0.0181884429952613,0.0616540697214698,0.183173747936474
1995,7,10,195,217,308,236,0.0005349337010304,0.002974025129703,0.0262177559877939,0.069264454329982,0.186880587300161
1995,8,5,144,115,152,54,0.0005236337189904,0.0043475998496272,0.0334438789948151,0.107521308620943,0.175631791768183
1995,8,8,62,84,183,153,0.0008747714330152,0.0019108684221295,0.0173616955863857,0.060335266091064,0.160146191053032
1995,8,13,206,199,335,207,0.0006954138113395,0.0031417906498401,0.0240430112514792,0.0753363383134544,0.163916447335311
1995,9,5,168,150,144,63,0.0005236337189904,0.0050721998245651,0.0436224508628024,0.101862292377736,0.20490375706288
1995,9,4,54,87,228,165,0.0004373857165076,0.0016643047547579,0.0179817561430424,0.0751718069331289,0.172706676625819
1995,9,9,222,237,372,228,0.0004814403309273,0.003385813224585,0.0286341390281436,0.0836570682167315,0.180545652137444
1995,10,4,148,120,126,78,0.0004189069751923,0.0044683665121169,0.0348979606902419,0.0891295058305188,0.253690365887375
1995,10,9,65,79,182,184,0.0009841178621421,0.0020033297973938,0.0163282613252914,0.0600055651834626,0.192594112116064
1995,10,13,213,199,308,262,0.0006954138113395,0.003248550526291,0.0240430112514792,0.069264454329982,0.207469126578993
1995,11,3,139,135,131,73,0.0003141802313942,0.0041966415215152,0.0392602057765221,0.0926663909825235,0.237428162945877
1995,11,5,57,82,168,183,0.0005467321456345,0.0017567661300223,0.016948321881948,0.0553897524770424,0.191547404984999
1995,11,8,196,217,299,256,0.0004279469608243,0.0029892765406246,0.0262177559877939,0.0672404930021578,0.202717925206955
1995,12,4,161,131,136,72,0.0004189069751923,0.0048608581652082,0.0380969404201807,0.0962032761345282,0.234175722357577
1995,12,1,64,78,198,158,0.0001093464291269,0.0019725093389724,0.0161215744730725,0.0652807797050857,0.16537972670836
1995,12,5,225,209,334,230,0.0002674668505152,0.0034315674573496,0.0252512027716541,0.0751114537214739,0.182129385928123
1995,13,2,141,140,113,69,0.0002094534875961,0.00425702485276,0.0407142874719489,0.0799336044353066,0.224418400592678
1995,13,2,64,69,178,153,0.0002186928582538,0.0019725093389724,0.0142613928031026,0.0586867615530568,0.160146191053032
1995,13,4,205,209,291,222,0.0002139734804121,0.0031265392389186,0.0252512027716541,0.0654414162663141,0.175794450765406
1995,14,3,151,148,118,56,0.0003141802313942,0.0045589415089841,0.0430408181846317,0.0834704895873113,0.182136672944782
1995,14,6,63,73,143,142,0.0006560785747614,0.0019416888805509,0.0150881402119781,0.0471472297870063,0.148632412611311
1995,14,9,214,221,261,198,0.0004814403309273,0.0032638019372126,0.0267010325958639,0.0586948785069003,0.156789645277254
1995,15,7,144,121,121,51,0.0007330872065866,0.0043475998496272,0.0351887770293272,0.0855926206785141,0.165874470003284
1995,15,1,58,82,193,181,0.0001093464291269,0.0017875865884437,0.016948321881948,0.0636322751670785,0.189453990722868
1995,15,8,202,203,314,232,0.0004279469608243,0.0030807850061539,0.0245262878595492,0.0706137618818647,0.183713119718803
1995,16,4,143,136,138,62,0.0004189069751923,0.0043174081840048,0.0395510221156075,0.0976180301953301,0.20165131647458
1995,16,4,56,71,199,157,0.0004373857165076,0.0017259456716008,0.0146747665075403,0.0656104806126871,0.164333019577294
1995,16,8,199,207,337,219,0.0004279469608243,0.0030350307733892,0.0250095644676191,0.0757861074974153,0.173418850079387
1995,17,8,148,128,126,62,0.0008378139503847,0.0044683665121169,0.0372244914029247,0.0891295058305188,0.20165131647458
1995,17,4,63,85,196,150,0.0004373857165076,0.0019416888805509,0.0175683824386046,0.0646213778898828,0.157006069659835
1995,17,12,211,213,322,212,0.0006419204412365,0.0032180477044479,0.025734479379724,0.0724128386177084,0.167875781812009
1995,18,4,165,128,136,61,0.0004189069751923,0.0049816248276979,0.0372244914029247,0.0962032761345282,0.198398875886281
1995,18,2,71,94,184,155,0.0002186928582538,0.0021882525479225,0.0194285641085745,0.0606649669986655,0.162239605315163
1995,18,6,236,222,320,216,0.0003209602206182,0.0035993329774867,0.0268218517478814,0.0719630694337475,0.171043249393368
1995,19,5,128,127,122,68,0.0005236337189904,0.0038645331996686,0.0369336750638393,0.086299997708915,0.221165960004379
1995,19,5,64,77,166,176,0.0005467321456345,0.0019725093389724,0.0159148876208536,0.0547303506618395,0.18422045506754
1995,19,10,192,204,288,244,0.0005349337010304,0.0029282708969384,0.0246471070115667,0.0647667624903727,0.193215522462879
1995,20,4,170,127,125,56,0.0004189069751923,0.0051325831558099,0.0369336750638393,0.0884221288001179,0.182136672944782
1995,20,3,61,78,179,146,0.0003280392873807,0.001880047963708,0.0161215744730725,0.0590164624606583,0.152819241135573
1995,20,7,231,205,304,202,0.0003744535907213,0.003523075922879,0.0247679261635841,0.0683649159620601,0.159957112858613
1995,21,6,183,106,107,65,0.0006283604627885,0.0055250748089013,0.030826531943047,0.0756893422529009,0.21140863823948
1995,21,2,55,64,177,162,0.0002186928582538,0.0016951252131794,0.0132279585420082,0.0583570606454554,0.169566555232622
1995,21,8,238,170,284,227,0.0004279469608243,0.0036298357993299,0.0205392558429722,0.0638672241224509,0.179753785242104
1995,22,4,146,145,137,54,0.0004189069751923,0.0044079831808721,0.0421683691673756,0.0969106531649292,0.175631791768183
1995,22,3,65,77,208,172,0.0003280392873807,0.0020033297973938,0.0159148876208536,0.0685777887811001,0.180033626543278
1995,22,7,211,222,345,226,0.0003744535907213,0.0032180477044479,0.0268218517478814,0.077585184233259,0.178961918346765
1995,23,4,167,110,122,50,0.0004189069751923,0.0050420081589427,0.0319897972993884,0.086299997708915,0.162622029414984
1995,23,4,68,77,183,131,0.0004373857165076,0.0020957911726582,0.0159148876208536,0.060335266091064,0.137118634169589
1995,23,8,235,187,305,181,0.0004279469608243,0.0035840815665652,0.0225931814272694,0.0685898005540406,0.14332790805648
1995,24,6,142,127,125,50,0.0006283604627885,0.0042872165183824,0.0369336750638393,0.0884221288001179,0.162622029414984
1995,24,2,54,77,165,147,0.0002186928582538,0.0016643047547579,0.0159148876208536,0.0544006497542381,0.153865948266638
1995,24,8,196,204,290,197,0.0004279469608243,0.0029892765406246,0.0246471070115667,0.0652165316743337,0.155997778381914
1995,25,3,172,122,126,53,0.0003141802313942,0.0051929664870548,0.0354795933684126,0.0891295058305188,0.172379351179883
1995,25,1,58,94,155,150,0.0001093464291269,0.0017875865884437,0.0194285641085745,0.0511036406782236,0.157006069659835
1995,25,4,230,216,281,203,0.0002139734804121,0.0035078245119574,0.0260969368357765,0.0631925703465095,0.160748979753952
1995,26,4,147,120,123,57,0.0004189069751923,0.0044381748464945,0.0348979606902419,0.087007374739316,0.185389113533082
1995,26,2,48,70,156,152,0.0002186928582538,0.0014793820042293,0.0144680796553215,0.0514333415858251,0.159099483921966
1995,26,6,195,190,279,209,0.0003209602206182,0.002974025129703,0.0229556388833219,0.0627428011625486,0.16550018112599
1995,27,7,140,126,125,55,0.0007330872065866,0.0042268331871376,0.036642858724754,0.0884221288001179,0.178884232356483
1995,27,4,59,74,157,139,0.0004373857165076,0.0018184070468652,0.015294827064197,0.0517630424934265,0.145492291218114
1995,27,11,199,200,282,194,0.0005884270711334,0.0030350307733892,0.0241638304034967,0.06341745493849,0.153622177695895
1995,28,2,161,125,127,63,0.0002094534875961,0.0048608581652082,0.0363520423856686,0.0898368828609198,0.20490375706288
1995,28,3,50,78,148,165,0.0003280392873807,0.0015410229210722,0.0161215744730725,0.0487957343250135,0.172706676625819
1995,28,5,211,203,275,228,0.0002674668505152,0.0032180477044479,0.0245262878595492,0.0618432627946267,0.180545652137444
1995,29,3,152,107,109,65,0.0003141802313942,0.0045891331746065,0.0311173482821324,0.0771040963137028,0.21140863823948
1995,29,8,63,59,167,162,0.0008747714330152,0.0019416888805509,0.0121945242809138,0.0550600515694409,0.169566555232622
1995,29,11,215,166,276,227,0.0005884270711334,0.0032790533481341,0.0200559792349023,0.0620681473866072,0.179753785242104
1995,30,6,156,123,117,64,0.0006283604627885,0.0047098998370962,0.0357704097074979,0.0827631125569103,0.20815619765118
1995,30,6,56,67,143,151,0.0006560785747614,0.0017259456716008,0.0138480190986648,0.0471472297870063,0.158052776790901
1995,30,12,212,190,260,215,0.0006419204412365,0.0032332991153694,0.0229556388833219,0.0584699939149198,0.170251382498028
1995,31,7,143,122,118,49,0.0007330872065866,0.0043174081840048,0.0354795933684126,0.0834704895873113,0.159369588826685
1995,31,4,65,85,167,156,0.0004373857165076,0.0020033297973938,0.0175683824386046,0.0550600515694409,0.163286312446228
1995,31,11,208,207,285,205,0.0005884270711334,0.0031722934716832,0.0250095644676191,0.0640921087144314,0.162332713544632
1995,32,6,128,108,115,53,0.0006283604627885,0.0038645331996686,0.0314081646212177,0.0813483584961084,0.172379351179883
1995,32,3,55,67,144,147,0.0003280392873807,0.0016951252131794,0.0138480190986648,0.0474769306946078,0.153865948266638
1995,32,9,183,175,259,200,0.0004814403309273,0.0027910081986444,0.0211433516030596,0.0582451093229394,0.158373379067933
1995,33,4,145,108,115,56,0.0004189069751923,0.0043777915152496,0.0314081646212177,0.0813483584961084,0.182136672944782
1995,33,3,56,70,166,152,0.0003280392873807,0.0017259456716008,0.0144680796553215,0.0547303506618395,0.159099483921966
1995,33,7,201,178,281,208,0.0003744535907213,0.0030655335952323,0.0215058090591121,0.0631925703465095,0.164708314230651
1995,34,5,130,118,108,60,0.0005236337189904,0.0039249165309135,0.0343163280120712,0.0763967192833018,0.195146435297981
1995,34,3,50,88,153,149,0.0003280392873807,0.0015410229210722,0.0181884429952613,0.0504442388630207,0.15595936252877
1995,34,8,180,206,261,209,0.0004279469608243,0.0027452539658797,0.0248887453156016,0.0586948785069003,0.16550018112599
1995,35,3,153,109,105,39,0.0003141802313942,0.0046193248402289,0.0316989809603031,0.074274588192099,0.126845182943688
1995,35,2,51,79,158,173,0.0002186928582538,0.0015718433794936,0.0163282613252914,0.052092743401028,0.181080333674343
1995,35,5,204,188,263,212,0.0002674668505152,0.003111287827997,0.0227140005792869,0.0591446476908612,0.167875781812009
1995,36,7,138,99,121,61,0.0007330872065866,0.0041664498558928,0.0287908175694496,0.0855926206785141,0.198398875886281
1995,36,3,54,61,173,161,0.0003280392873807,0.0016643047547579,0.0126078979853516,0.0570382570150496,0.168519848101556
1995,36,10,192,160,294,222,0.0005349337010304,0.0029282708969384,0.0193310643227974,0.0661160700422555,0.175794450765406
1995,37,10,144,118,120,55,0.0010472674379809,0.0043475998496272,0.0343163280120712,0.0848852436481132,0.178884232356483
1995,37,6,70,84,144,170,0.0006560785747614,0.002157432089501,0.0173616955863857,0.0474769306946078,0.177940212281146
1995,37,16,214,202,264,225,0.0008558939216487,0.0032638019372126,0.0244054687075317,0.0593695322828417,0.178170051451425
1995,38,2,159,123,144,62,0.0002094534875961,0.0048004748339634,0.0357704097074979,0.101862292377736,0.20165131647458
1995,38,5,58,94,191,149,0.0005467321456345,0.0017875865884437,0.0194285641085745,0.0629728733518756,0.15595936252877
1995,38,7,217,217,335,211,0.0003744535907213,0.0033095561699772,0.0262177559877939,0.0753363383134544,0.16708391491667
1995,39,5,155,122,118,50,0.0005236337189904,0.0046797081714738,0.0354795933684126,0.0834704895873113,0.162622029414984
1995,39,3,61,79,162,179,0.0003280392873807,0.001880047963708,0.0163282613252914,0.0534115470314337,0.187360576460737
1995,39,8,216,201,280,229,0.0004279469608243,0.0032943047590557,0.0242846495555142,0.062967685754529,0.181337519032784
1995,40,3,126,113,120,50,0.0003141802313942,0.0038041498684238,0.0328622463166444,0.0848852436481132,0.162622029414984
1995,40,3,65,79,160,140,0.0003280392873807,0.0020033297973938,0.0163282613252914,0.0527521452162308,0.146538998349179
1995,40,6,191,192,280,190,0.0003209602206182,0.0029130194860168,0.0231972771873569,0.062967685754529,0.150454710114537
1995,41,4,160,107,101,69,0.0004189069751923,0.0048306664995858,0.0311173482821324,0.0714450800704952,0.224418400592678
1995,41,6,49,77,184,139,0.0006560785747614,0.0015102024626507,0.0159148876208536,0.0606649669986655,0.145492291218114
1995,41,10,209,184,285,208,0.0005349337010304,0.0031875448826048,0.022230723971217,0.0640921087144314,0.164708314230651
1995,42,5,141,115,130,58,0.0005236337189904,0.00425702485276,0.0334438789948151,0.0919590139521226,0.188641554121382
1995,42,2,58,78,159,156,0.0002186928582538,0.0017875865884437,0.0161215744730725,0.0524224443086294,0.163286312446228
1995,42,7,199,193,289,214,0.0003744535907213,0.0030350307733892,0.0233180963393743,0.0649916470823532,0.169459515602689
1995,43,7,142,136,126,69,0.0007330872065866,0.0042872165183824,0.0395510221156075,0.0891295058305188,0.224418400592678
1995,43,1,65,78,162,147,0.0001093464291269,0.0020033297973938,0.0161215744730725,0.0534115470314337,0.153865948266638
1995,43,8,207,214,288,216,0.0004279469608243,0.0031570420607617,0.0258552985317415,0.0647667624903727,0.171043249393368
1995,44,2,162,123,135,60,0.0002094534875961,0.0048910498308306,0.0357704097074979,0.0954958991041273,0.195146435297981
1995,44,3,54,70,167,140,0.0003280392873807,0.0016643047547579,0.0144680796553215,0.0550600515694409,0.146538998349179
1995,44,5,216,193,302,200,0.0002674668505152,0.0032943047590557,0.0233180963393743,0.0679151467780992,0.158373379067933
1995,45,3,153,118,131,62,0.0003141802313942,0.0046193248402289,0.0343163280120712,0.0926663909825235,0.20165131647458
1995,45,3,64,64,184,177,0.0003280392873807,0.0019725093389724,0.0132279585420082,0.0606649669986655,0.185267162198605
1995,45,6,217,182,315,239,0.0003209602206182,0.0033095561699772,0.021989085667182,0.0708386464738452,0.18925618798618
1995,46,8,130,99,118,74,0.0008378139503847,0.0039249165309135,0.0287908175694496,0.0834704895873113,0.240680603534177
1995,46,5,49,65,176,164,0.0005467321456345,0.0015102024626507,0.0134346453942271,0.0580273597378539,0.171659969494753
1995,46,13,179,164,294,238,0.0006954138113395,0.0027300025549582,0.0198143409308673,0.0661160700422555,0.188464321090841
1995,47,3,132,113,134,67,0.0003141802313942,0.0039852998621583,0.0328622463166444,0.0947885220737264,0.217913519416079
1995,47,0,60,91,161,158,0.0,0.0018492275052866,0.0188085035519179,0.0530818461238323,0.16537972670836
1995,47,3,192,204,295,225,0.0001604801103091,0.0029282708969384,0.0246471070115667,0.066340954634236,0.178170051451425
1995,48,8,121,113,101,70,0.0008378139503847,0.0036531915403118,0.0328622463166444,0.0714450800704952,0.227670841180978
1995,48,3,61,77,174,174,0.0003280392873807,0.001880047963708,0.0159148876208536,0.057367957922651,0.182127040805409
1995,48,11,182,190,275,244,0.0005884270711334,0.0027757567877228,0.0229556388833219,0.0618432627946267,0.193215522462879
1995,49,2,149,113,140,56,0.0002094534875961,0.0044985581777393,0.0328622463166444,0.099032784256132,0.182136672944782
1995,49,2,58,87,175,159,0.0002186928582538,0.0017875865884437,0.0179817561430424,0.0576976588302525,0.166426433839425
1995,49,4,207,200,315,215,0.0002139734804121,0.0031570420607617,0.0241638304034967,0.0708386464738452,0.170251382498028
1995,50,1,137,135,142,65,0.000104726743798,0.0041362581902704,0.0392602057765221,0.100447538316934,0.21140863823948
1995,50,1,46,84,175,177,0.0001093464291269,0.0014177410873864,0.0173616955863857,0.0576976588302525,0.185267162198605
1995,50,2,183,219,317,242,0.000106986740206,0.0027910081986444,0.0264593942918289,0.0712884156578061,0.191631788672199
1995,51,9,138,150,159,77,0.0009425406941828,0.0041664498558928,0.0436224508628024,0.11247294783375,0.250437925299076
1995,51,3,59,89,212,208,0.0003280392873807,0.0018184070468652,0.0183951298474801,0.0698965924115059,0.217715083261638
1995,51,12,197,239,371,285,0.0006419204412365,0.0030045279515461,0.0288757773321786,0.083432183624751,0.225682065171805
1995,52,4,151,152,158,91,0.0004189069751923,0.0045589415089841,0.0442040835409731,0.111765570803349,0.295972093535271
1995,52,3,70,100,259,220,0.0003280392873807,0.002157432089501,0.0206686852218878,0.0853925350687737,0.230275568834425
1995,52,7,221,252,417,311,0.0003744535907213,0.0033705618136634,0.0304464263084059,0.0937768748558522,0.246270604450636
1996,1,4,180,147,181,97,0.0004197038020247,0.0054234450884014,0.04177548466692,0.12503492108384,0.300825163609232
1996,1,4,65,81,256,291,0.0004381872582786,0.0019997520716677,0.016750336184741,0.0829271159019214,0.292170756473771
1996,1,8,245,228,437,388,0.0004287464150362,0.003729453819111,0.0272905705993643,0.0963692023050085,0.294287336746225
1996,2,6,176,134,179,86,0.0006295557030371,0.0053029240864369,0.0380810540501176,0.123653319745897,0.266710969797875
1996,2,1,55,87,244,261,0.0001095468145696,0.0016920979067957,0.0179911018280552,0.0790399073440188,0.262050059930083
1996,2,7,231,221,423,347,0.0003751531131566,0.0035163421723046,0.0264527022037697,0.0932818594394018,0.263189963533351
1996,3,4,149,135,161,78,0.0004197038020247,0.0044894073231767,0.0383652410206408,0.11121890770441,0.24190064702598
1996,3,2,48,100,239,232,0.0002190936291393,0.0014767399913853,0.0206794273885692,0.0774202371115594,0.232933386604518
1996,3,6,197,235,400,310,0.0003215598112771,0.0029987853157749,0.0281284389949588,0.0882097961601909,0.235126480390025
1996,4,3,153,129,157,86,0.0003147778515185,0.0046099283251412,0.0366601191975012,0.108455705028524,0.266710969797875
1996,4,5,55,75,210,204,0.0005477340728482,0.0016920979067957,0.0155095705414269,0.0680261497632949,0.204820736497077
1996,4,8,208,204,367,290,0.0004287464150362,0.0031662301811228,0.0244178789573259,0.0809324879769751,0.219957030042282
1996,5,2,153,139,157,80,0.0002098519010123,0.0046099283251412,0.0395019889027339,0.108455705028524,0.248103227718954
1996,5,2,59,91,207,206,0.0002190936291393,0.0018151595727445,0.018818278923598,0.0670543476238192,0.206828782933322
1996,5,4,212,230,364,286,0.0002143732075181,0.0032271192230674,0.0275299615695341,0.0802709145057737,0.216923139972733
1996,6,4,131,156,141,66,0.0004197038020247,0.0039470628143365,0.0443331674016294,0.0974028943249803,0.204685162868137
1996,6,4,53,94,202,217,0.0004381872582786,0.0016305670738213,0.019438661745255,0.0654346773913598,0.217873038332675
1996,6,8,184,250,343,283,0.0004287464150362,0.0028008959294547,0.0299238712712327,0.0756399002073637,0.214647722420571
1996,7,5,155,135,136,73,0.0005246297525309,0.0046701888261234,0.0383652410206408,0.0939488909801229,0.226394195293545
1996,7,6,51,84,172,194,0.0006572808874179,0.0015690362408469,0.0173707190063981,0.0557166559966034,0.194780504315847
1996,7,11,206,219,308,267,0.0005895263206748,0.0031357856601504,0.0262133112335999,0.067921543043347,0.202512162142377
1996,8,3,141,131,131,79,0.0003147778515185,0.0042483653192477,0.0372284931385478,0.0904948876352654,0.245001937372467
1996,8,5,53,71,181,199,0.0005477340728482,0.0016305670738213,0.0146823934458841,0.0586320624150304,0.199800620406462
1996,8,8,194,202,312,278,0.0004287464150362,0.0029531185343164,0.0241784879871561,0.0688036410049489,0.210855359833635
1996,9,4,146,123,137,77,0.0004197038020247,0.0043990165717033,0.0349549973743616,0.0946396916490944,0.238799356679493
1996,9,3,46,105,198,211,0.0003286404437089,0.0014152091584109,0.0217133987579976,0.0641389412053923,0.211848899023937
1996,9,7,192,228,335,288,0.0003751531131566,0.0029226740133441,0.0272905705993643,0.0738757042841598,0.218440085007507
1996,10,4,146,124,148,83,0.0004197038020247,0.0043990165717033,0.0352391843448849,0.102238499007781,0.257407098758415
1996,10,4,53,86,185,181,0.0004381872582786,0.0016305670738213,0.0177843075541695,0.0599277986009979,0.181728202480249
1996,10,8,199,210,333,264,0.0004287464150362,0.0030292298367473,0.0251360518678355,0.0734346553033589,0.200236744590215
1996,11,7,140,124,107,71,0.0007344816535433,0.0042182350687566,0.0352391843448849,0.0739156715799496,0.220191614600572
1996,11,2,41,64,183,184,0.0002190936291393,0.001261382075975,0.0132348335286843,0.0592799305080141,0.184740272134618
1996,11,9,181,188,290,255,0.0004823397169157,0.0027552291479962,0.022502751195967,0.0639521022161384,0.19341049193373
1996,12,4,151,118,143,70,0.0004197038020247,0.0045496678241589,0.0335340625217453,0.0987844956629233,0.217090324254085
1996,12,3,62,73,161,168,0.0003286404437089,0.0019074558222061,0.0150959819936555,0.0521533814851928,0.168675900644651
1996,12,7,213,191,304,238,0.0003751531131566,0.0032423414835536,0.0228618376512218,0.0670394450817451,0.180516459138148
1996,13,4,134,113,137,58,0.0004197038020247,0.0040374535658099,0.032113127669129,0.0946396916490944,0.179874840096242
1996,13,5,64,77,183,181,0.0005477340728482,0.0019689866551805,0.0159231590891983,0.0592799305080141,0.181728202480249
1996,13,9,198,190,320,239,0.0004823397169157,0.0030140075762611,0.0227421421661369,0.0705678369281527,0.181274931655536
1996,14,3,144,115,113,58,0.0003147778515185,0.0043387560707211,0.0326815016101755,0.0780604755937786,0.179874840096242
1996,14,1,53,82,170,168,0.0001095468145696,0.0016305670738213,0.0169571304586267,0.0550687879036197,0.168675900644651
1996,14,4,197,197,283,226,0.0002143732075181,0.0029987853157749,0.0235800105617314,0.062408430783335,0.171414788929502
1996,15,3,139,119,118,58,0.0003147778515185,0.0041881048182655,0.0338182494922686,0.081514478938636,0.179874840096242
1996,15,3,60,69,156,167,0.0003286404437089,0.0018459249892317,0.0142688048981127,0.0505337112527334,0.167671877426528
1996,15,6,199,188,274,225,0.0003215598112771,0.0030292298367473,0.022502751195967,0.0604237103697307,0.170656316412115
1996,16,2,160,111,126,61,0.0002098519010123,0.004820840078579,0.0315447537280825,0.087040884290408,0.189178711135702
1996,16,2,59,81,184,160,0.0002190936291393,0.0018151595727445,0.016750336184741,0.059603864554506,0.160643714899668
1996,16,4,219,192,310,221,0.0002143732075181,0.0033336750464706,0.0229815331363067,0.0683625920241479,0.167622426342566
1996,17,4,144,106,136,66,0.0004197038020247,0.0043387560707211,0.0301238188754661,0.0939488909801229,0.204685162868137
1996,17,3,55,86,158,160,0.0003286404437089,0.0016920979067957,0.0177843075541695,0.0511815793457171,0.160643714899668
1996,17,7,199,192,294,226,0.0003751531131566,0.0030292298367473,0.0229815331363067,0.0648342001777403,0.171414788929502
1996,18,7,141,119,115,71,0.0007344816535433,0.0042483653192477,0.0338182494922686,0.0794420769317216,0.220191614600572
1996,18,6,61,81,166,157,0.0006572808874179,0.0018766904057189,0.016750336184741,0.0537730517176522,0.157631645245299
1996,18,13,202,200,281,228,0.0006967129244338,0.0030748966182058,0.0239390970169862,0.0619673818025341,0.172931733964277
1996,19,6,139,111,116,56,0.0006295557030371,0.0041881048182655,0.0315447537280825,0.080132877600693,0.173672259403268
1996,19,6,63,85,164,168,0.0006572808874179,0.0019382212386933,0.0175775132802838,0.0531251836246684,0.168675900644651
1996,19,12,202,196,280,224,0.0006431196225543,0.0030748966182058,0.0234603150766465,0.0617468573121336,0.169897843894728
1996,20,8,130,136,119,63,0.0008394076040495,0.0039169325638454,0.0386494279911641,0.0822052796076075,0.195381291828676
1996,20,0,70,88,144,165,0.0,0.0021535791541036,0.0181978961019409,0.0466465026948308,0.165663830990283
1996,20,8,200,224,263,228,0.0004287464150362,0.0030444520972334,0.0268117886590245,0.0579979409753255,0.172931733964277
1996,21,5,149,127,125,60,0.0005246297525309,0.0044894073231767,0.0360917452564547,0.0863500836214365,0.186077420789215
1996,21,2,51,70,158,138,0.0002190936291393,0.0015690362408469,0.0144755991719984,0.0511815793457171,0.138555204100964
1996,21,7,200,197,283,198,0.0003751531131566,0.0030444520972334,0.0235800105617314,0.062408430783335,0.150177558442661
1996,22,4,128,130,122,65,0.0004197038020247,0.0038566720628632,0.0369443061680245,0.084277681614522,0.20158387252165
1996,22,1,42,74,168,162,0.0001095468145696,0.0012921474924622,0.0153027762675412,0.0544209198106359,0.162651761335914
1996,22,5,170,204,290,227,0.0002679665093976,0.0025877842826484,0.0244178789573259,0.0639521022161384,0.172173261446889
1996,23,9,156,108,119,55,0.0009443335545557,0.0047003190766145,0.0306921928165127,0.0822052796076075,0.170570969056781
1996,23,6,64,80,164,171,0.0006572808874179,0.0019689866551805,0.0165435419108553,0.0531251836246684,0.17168797029902
1996,23,15,220,188,283,226,0.0008038995281929,0.0033488973069568,0.022502751195967,0.062408430783335,0.171414788929502
1996,24,6,137,125,137,61,0.0006295557030371,0.0041278443172833,0.0355233713154082,0.0946396916490944,0.189178711135702
1996,24,2,40,68,153,143,0.0002190936291393,0.0012306166594878,0.014062010624227,0.0495619091132577,0.143575320191578
1996,24,8,177,193,290,204,0.0004287464150362,0.0026943401060516,0.0231012286213917,0.0639521022161384,0.154728393546984
1996,25,6,162,112,125,60,0.0006295557030371,0.0048811005795612,0.0318289406986057,0.0863500836214365,0.186077420789215
1996,25,3,57,77,172,151,0.0003286404437089,0.0017536287397701,0.0159231590891983,0.0557166559966034,0.151607505936562
1996,25,9,219,189,297,211,0.0004823397169157,0.0033336750464706,0.0226224466810519,0.0654957736489417,0.160037701168695
1996,26,3,136,123,118,63,0.0003147778515185,0.0040977140667921,0.0349549973743616,0.081514478938636,0.195381291828676
1996,26,5,55,72,136,152,0.0005477340728482,0.0016920979067957,0.0148891877197698,0.0440550303228957,0.152611529154685
1996,26,8,191,195,254,215,0.0004287464150362,0.0029074517528579,0.0233406195915615,0.0560132205617212,0.163071591238243
1996,27,4,146,115,118,52,0.0004197038020247,0.0043990165717033,0.0326815016101755,0.081514478938636,0.16126709801732
1996,27,3,58,54,152,137,0.0003286404437089,0.0017843941562573,0.0111668907898274,0.0492379750667658,0.137551180882841
1996,27,7,204,169,270,189,0.0003751531131566,0.0031053411391781,0.0202285369793533,0.0595416124081288,0.143351305786177
1996,28,2,140,125,106,50,0.0002098519010123,0.0042182350687566,0.0355233713154082,0.0732248709109781,0.155064517324346
1996,28,5,58,73,161,147,0.0005477340728482,0.0017843941562573,0.0150959819936555,0.0521533814851928,0.14759141306407
1996,28,7,198,198,267,197,0.0003751531131566,0.0030140075762611,0.0236997060468163,0.0588800389369274,0.149419085925274
1996,29,3,137,101,111,47,0.0003147778515185,0.0041278443172833,0.0287028840228498,0.0766788742558356,0.145760646284885
1996,29,3,62,76,160,133,0.0003286404437089,0.0019074558222061,0.0157163648153126,0.0518294474387009,0.133535088010349
1996,29,6,199,177,271,180,0.0003215598112771,0.0030292298367473,0.0211861008600328,0.0597621368985293,0.136525053129692
1996,30,2,163,120,119,63,0.0002098519010123,0.0049112308300524,0.0341024364627918,0.0822052796076075,0.195381291828676
1996,30,3,65,77,159,159,0.0003286404437089,0.0019997520716677,0.0159231590891983,0.051505513392209,0.159639691681545
1996,30,5,228,197,278,222,0.0002679665093976,0.0034706753908461,0.0235800105617314,0.0613058083313326,0.168380898859953
1996,31,3,139,108,121,51,0.0003147778515185,0.0041881048182655,0.0306921928165127,0.0835868809455505,0.158165807670833
1996,31,2,57,87,132,144,0.0002190936291393,0.0017536287397701,0.0179911018280552,0.0427592941369282,0.144579343409701
1996,31,5,196,195,253,195,0.0002679665093976,0.0029835630552888,0.0233406195915615,0.0557926960713207,0.1479021408905
1996,32,4,159,104,119,48,0.0004197038020247,0.0047907098280879,0.0295554449344196,0.0822052796076075,0.148861936631372
1996,32,5,56,80,150,138,0.0005477340728482,0.0017228633232829,0.0165435419108553,0.0485901069737821,0.138555204100964
1996,32,9,215,184,269,186,0.0004823397169157,0.0032727860045259,0.0220239692556273,0.0593210879177284,0.141075888234015
1996,33,7,144,123,110,56,0.0007344816535433,0.0043387560707211,0.0349549973743616,0.0759880735868641,0.173672259403268
1996,33,4,57,79,142,164,0.0004381872582786,0.0017536287397701,0.0163367476369697,0.045998634601847,0.16465980777216
1996,33,11,201,202,252,220,0.0005895263206748,0.0030596743577196,0.0241784879871561,0.0555721715809202,0.166863953825179
1996,34,11,151,116,107,60,0.0011541854555681,0.0045496678241589,0.0329656885806988,0.0739156715799496,0.186077420789215
1996,34,3,56,64,158,166,0.0003286404437089,0.0017228633232829,0.0132348335286843,0.0511815793457171,0.166667854208405
1996,34,14,207,180,265,226,0.0007503062263133,0.0031510079206366,0.0215451873152876,0.0584389899561264,0.171414788929502
1996,35,3,143,120,121,57,0.0003147778515185,0.00430862582023,0.0341024364627918,0.0835868809455505,0.176773549749755
1996,35,3,51,78,130,140,0.0003286404437089,0.0015690362408469,0.016129953363084,0.0421114260439445,0.140563250537209
1996,35,6,194,198,251,197,0.0003215598112771,0.0029531185343164,0.0236997060468163,0.0553516470905198,0.149419085925274
1996,36,5,114,104,126,55,0.0005246297525309,0.0034348485559875,0.0295554449344196,0.087040884290408,0.170570969056781
1996,36,1,59,68,149,155,0.0001095468145696,0.0018151595727445,0.014062010624227,0.0482661729272902,0.155623598809053
1996,36,6,173,172,275,210,0.0003215598112771,0.0026334510641069,0.0205876234346081,0.0606442348601312,0.159279228651307
1996,37,3,160,151,99,53,0.0003147778515185,0.004820840078579,0.0429122325490131,0.0683892662281777,0.164368388363807
1996,37,0,53,59,149,152,0.0,0.0016305670738213,0.0122008621592558,0.0482661729272902,0.152611529154685
1996,37,3,213,210,248,205,0.0001607799056385,0.0032423414835536,0.0251360518678355,0.0546900736193183,0.155486866064371
1996,38,1,142,116,85,58,0.0001049259505061,0.0042784955697389,0.0329656885806988,0.0587180568625768,0.179874840096242
1996,38,2,60,73,176,140,0.0002190936291393,0.0018459249892317,0.0150959819936555,0.057012392182571,0.140563250537209
1996,38,3,202,189,261,198,0.0001607799056385,0.0030748966182058,0.0226224466810519,0.0575568919945245,0.150177558442661
1996,39,5,146,132,100,65,0.0005246297525309,0.0043990165717033,0.037512680109071,0.0690800668971492,0.20158387252165
1996,39,4,53,105,166,178,0.0004381872582786,0.0016305670738213,0.0217133987579976,0.0537730517176522,0.178716132825881
1996,39,9,199,237,266,243,0.0004823397169157,0.0030292298367473,0.0283678299651286,0.0586595144465269,0.184308821725084
1996,40,1,144,117,119,69,0.0001049259505061,0.0043387560707211,0.033249875551222,0.0822052796076075,0.213989033907598
1996,40,2,55,70,153,154,0.0002190936291393,0.0016920979067957,0.0144755991719984,0.0495619091132577,0.15461957559093
1996,40,3,199,187,272,223,0.0001607799056385,0.0030292298367473,0.0223830557108821,0.0599826613889298,0.169139371377341
1996,41,4,108,113,111,71,0.0004197038020247,0.0032540670530408,0.032113127669129,0.0766788742558356,0.220191614600572
1996,41,4,49,81,176,156,0.0004381872582786,0.0015075054078725,0.016750336184741,0.057012392182571,0.156627622027176
1996,41,8,157,194,287,227,0.0004287464150362,0.0023898948963282,0.0232209241064766,0.0632905287449369,0.172173261446889
1996,42,6,143,128,116,57,0.0006295557030371,0.00430862582023,0.036375932226978,0.080132877600693,0.176773549749755
1996,42,4,56,69,163,153,0.0004381872582786,0.0017228633232829,0.0142688048981127,0.0528012495781765,0.153615552372807
1996,42,10,199,197,279,210,0.0005359330187952,0.0030292298367473,0.0235800105617314,0.0615263328217331,0.159279228651307
1996,43,1,161,108,114,56,0.0001049259505061,0.0048509703290701,0.0306921928165127,0.0787512762627501,0.173672259403268
1996,43,3,52,75,147,165,0.0003286404437089,0.0015998016573341,0.0155095705414269,0.0476183048343064,0.165663830990283
1996,43,4,213,183,261,221,0.0002143732075181,0.0032423414835536,0.0219042737705424,0.0575568919945245,0.167622426342566
1996,44,5,115,115,116,41,0.0005246297525309,0.0034649788064786,0.0326815016101755,0.080132877600693,0.127152904205964
1996,44,2,56,95,133,149,0.0002190936291393,0.0017228633232829,0.0196454560191407,0.0430832281834201,0.149599459500316
1996,44,7,171,210,249,190,0.0003751531131566,0.0026030065431346,0.0251360518678355,0.0549105981097188,0.144109778303564
1996,45,3,128,117,135,69,0.0003147778515185,0.0038566720628632,0.033249875551222,0.0932580903111514,0.213989033907598
1996,45,3,61,71,149,154,0.0003286404437089,0.0018766904057189,0.0146823934458841,0.0482661729272902,0.15461957559093
1996,45,6,189,188,284,223,0.0003215598112771,0.0028770072318856,0.022502751195967,0.0626289552737355,0.169139371377341
1996,46,7,149,121,123,67,0.0007344816535433,0.0044894073231767,0.0343866234333151,0.0849684822834935,0.207786453214624
1996,46,1,43,66,171,162,0.0001095468145696,0.0013229129089494,0.0136484220764557,0.0553927219501116,0.162651761335914
1996,46,8,192,187,294,229,0.0004287464150362,0.0029226740133441,0.0223830557108821,0.0648342001777403,0.173690206481664
1996,47,7,136,108,129,73,0.0007344816535433,0.0040977140667921,0.0306921928165127,0.0891132862973224,0.226394195293545
1996,47,6,52,74,160,152,0.0006572808874179,0.0015998016573341,0.0153027762675412,0.0518294474387009,0.152611529154685
1996,47,13,188,182,289,225,0.0006967129244338,0.0028617849713994,0.0217845782854574,0.0637315777257379,0.170656316412115
1996,48,3,134,115,125,79,0.0003147778515185,0.0040374535658099,0.0326815016101755,0.0863500836214365,0.245001937372467
1996,48,3,58,80,172,133,0.0003286404437089,0.0017843941562573,0.0165435419108553,0.0557166559966034,0.133535088010349
1996,48,6,192,195,297,212,0.0003215598112771,0.0029226740133441,0.0233406195915615,0.0654957736489417,0.160796173686082
1996,49,8,126,106,147,71,0.0008394076040495,0.003796411561881,0.0301238188754661,0.101547698338809,0.220191614600572
1996,49,3,48,64,178,159,0.0003286404437089,0.0014767399913853,0.0132348335286843,0.0576602602755547,0.159639691681545
1996,49,11,174,170,325,230,0.0005895263206748,0.0026486733245931,0.0203482324644383,0.0716704593801551,0.174448678999051
1996,50,6,160,123,133,88,0.0006295557030371,0.004820840078579,0.0349549973743616,0.0918764889732084,0.272913550490849
1996,50,8,63,52,160,171,0.0008763745165572,0.0019382212386933,0.010753302242056,0.0518294474387009,0.17168797029902
1996,50,14,223,175,293,259,0.0007503062263133,0.0033945640884153,0.0209467098898629,0.0646136756873398,0.196444382003279
1996,51,5,169,154,138,84,0.0005246297525309,0.0050920123329991,0.0437647934605829,0.0953304923180659,0.260508389104901
1996,51,3,61,79,170,178,0.0003286404437089,0.0018766904057189,0.0163367476369697,0.0550687879036197,0.178716132825881
1996,51,8,230,233,308,262,0.0004287464150362,0.0035011199118184,0.0278890480247889,0.067921543043347,0.198719799555441
1996,52,2,163,150,138,71,0.0002098519010123,0.0049112308300524,0.0426280455784898,0.0953304923180659,0.220191614600572
1996,52,7,77,67,181,189,0.0007668277019875,0.002368937069514,0.0138552163503414,0.0586320624150304,0.189760388225233
1996,52,9,240,217,319,260,0.0004823397169157,0.0036533425166801,0.02597392026343,0.0703473124377522,0.197202854520666
1997,1,4,145,138,137,83,0.0004219999794894,0.0043549207368572,0.0384773098596462,0.0924850747907628,0.246568546241311
1997,1,4,73,90,221,209,0.0004402203710373,0.0022391847666117,0.0186812863767513,0.0704292056861954,0.201191404682404
1997,1,8,218,228,358,292,0.0004309176591229,0.003308202134031,0.0271293418518479,0.0775022140838341,0.212296911345429
1997,2,2,143,108,130,96,0.0002109999897447,0.0042948528646247,0.0301126772814622,0.0877595600204318,0.285187716134529
1997,2,4,67,91,201,199,0.0004402203710373,0.0020551421830545,0.0188888562253819,0.064055521913689,0.191565021683246
1997,2,6,210,199,331,295,0.0003231882443422,0.0031868002208555,0.0236786799496391,0.0716570750328186,0.214478043996238
1997,3,3,154,121,144,73,0.0003164999846171,0.0046252261619035,0.0337373513986753,0.0972105895610937,0.216861492477298
1997,3,4,47,73,188,219,0.0004402203710373,0.0014416669045308,0.0151525989500316,0.0599126274615599,0.210817787681562
1997,3,7,201,194,332,292,0.0003770529517326,0.0030502230685331,0.0230837382423618,0.0718735616643377,0.212296911345429
1997,4,4,133,128,133,54,0.0004219999794894,0.0039945135034621,0.0356890990002516,0.0897847806362879,0.160418090325672
1997,4,1,59,101,171,190,0.0001100550927593,0.001809752071645,0.0209645547116876,0.0544949962549295,0.182901276984004
1997,4,5,192,229,304,244,0.0002693235369518,0.0029136459162108,0.0272483301933033,0.0658119359818032,0.177398788932481
1997,5,3,137,127,135,71,0.0003164999846171,0.0041146492479271,0.0354102779143121,0.0911349277135254,0.210920081724495
1997,5,2,60,102,175,202,0.0002201101855186,0.0018404258355712,0.0211721245603182,0.0557697330094308,0.194452936582993
1997,5,5,197,229,310,273,0.0002693235369518,0.0029895221119454,0.0272483301933033,0.0671108557709178,0.198483071223637
1997,6,4,137,142,111,66,0.0004219999794894,0.0041146492479271,0.0395925942034041,0.0749331627866764,0.196066554842488
1997,6,5,58,76,189,188,0.0005502754637967,0.0017790783077188,0.0157753084959234,0.0602313116501852,0.180976000384172
1997,6,9,195,218,300,254,0.0004847823665133,0.0029591716336515,0.0259394584372931,0.0649459894557269,0.184669231101845
1997,7,2,136,118,143,70,0.0002109999897447,0.0040846153118109,0.0329008881408569,0.096535516022475,0.207949376348094
1997,7,5,53,71,218,210,0.0005502754637967,0.0016257094880879,0.0147374592527705,0.0694731531203195,0.20215404298232
1997,7,7,189,189,361,280,0.0003770529517326,0.00286812019877,0.0224887965350844,0.0781516739783913,0.203572380742192
1997,8,8,132,132,130,73,0.0008439999589789,0.0039644795673459,0.0368043833440094,0.0877595600204318,0.216861492477298
1997,8,0,56,85,173,186,0.0,0.0017177307798665,0.0176434371335985,0.0551323646321801,0.17905072378434
1997,8,8,188,217,303,259,0.0004309176591229,0.002852944959623,0.0258204700958377,0.0655954493502841,0.188304452186527
1997,9,7,134,125,149,78,0.0007384999641065,0.0040245474395784,0.0348526357424332,0.100585957254187,0.231715019359304
1997,9,4,55,75,180,206,0.0004402203710373,0.0016870570159403,0.0155677386472928,0.0573631539525573,0.198303489782657
1997,9,11,189,200,329,284,0.0005925117812941,0.00286812019877,0.0237976682910946,0.0712241017697804,0.206480557609937
1997,10,8,155,110,143,90,0.0008439999589789,0.0046552600980198,0.0306703194533412,0.096535516022475,0.267363483876121
1997,10,5,66,80,184,168,0.0005502754637967,0.0020244684191283,0.0166055878904456,0.0586378907070586,0.161723234385856
1997,10,13,221,190,327,258,0.0007002411960748,0.0033537278514718,0.0226077848765399,0.0707911285067423,0.187577407969591
1997,11,2,156,149,140,72,0.0002109999897447,0.004685294034136,0.0415443418049803,0.0945102954066189,0.213890787100896
1997,11,3,59,81,157,196,0.000330165278278,0.001809752071645,0.0168131577390762,0.050033417614175,0.188677106783499
1997,11,5,215,230,297,268,0.0002693235369518,0.0032626764165902,0.0273673185347588,0.0642965295611696,0.194847850138955
1997,12,4,141,128,135,70,0.0004219999794894,0.0042347849923922,0.0356890990002516,0.0911349277135254,0.207949376348094
1997,12,3,54,90,190,211,0.000330165278278,0.0016563832520141,0.0186812863767513,0.0605499958388105,0.203116681282236
1997,12,7,195,218,325,281,0.0003770529517326,0.0029591716336515,0.0259394584372931,0.0703581552437041,0.204299424959128
1997,13,3,131,112,104,65,0.0003164999846171,0.0039344456312296,0.0312279616252201,0.0702076480163455,0.193095849466087
1997,13,2,54,72,165,176,0.0002201101855186,0.0016563832520141,0.0149450291014011,0.0525828911231776,0.169424340785182
1997,13,5,185,184,269,241,0.0002693235369518,0.0028074192421822,0.021893854827807,0.0582349038786351,0.175217656281672
1997,14,7,150,117,139,76,0.0007384999641065,0.0045050904174385,0.0326220670549174,0.0938352218680002,0.225773608606502
1997,14,7,61,75,183,187,0.0007703856493153,0.0018710995994974,0.0155677386472928,0.0583192065184333,0.180013362084256
1997,14,14,211,192,322,263,0.0007541059034652,0.0032019754600024,0.0228457615594508,0.0697086953491468,0.191212629054273
1997,15,5,129,124,131,75,0.0005274999743618,0.0038743777589971,0.0345738146564937,0.0884346335590505,0.2228029032301
1997,15,1,64,87,184,170,0.0001100550927593,0.001963120891276,0.0180585768308596,0.0586378907070586,0.163648510985688
1997,15,6,193,211,315,245,0.0003231882443422,0.0029288211553577,0.0251065400471048,0.0681932889285132,0.178125833149418
1997,16,5,159,110,136,64,0.0005274999743618,0.0047753958424848,0.0306703194533412,0.0918100012521441,0.190125144089686
1997,16,2,57,74,163,176,0.0002201101855186,0.0017484045437927,0.0153601687986622,0.0519455227459269,0.169424340785182
1997,16,7,216,184,299,240,0.0003770529517326,0.0032778516557371,0.021893854827807,0.0647295028242078,0.174490612064736
1997,17,7,115,131,135,69,0.0007384999641065,0.0034539026533695,0.0365255622580699,0.0911349277135254,0.204978670971692
1997,17,0,68,78,168,153,0.0,0.0020858159469807,0.0161904481931845,0.0535389436890535,0.147283659887119
1997,17,7,183,209,303,222,0.0003770529517326,0.0027770687638884,0.0248685633641939,0.0655954493502841,0.161403816159881
1997,18,4,153,133,92,82,0.0004219999794894,0.0045951922257872,0.0370832044299489,0.062106765552921,0.24359784086491
1997,18,5,59,72,171,166,0.0005502754637967,0.001809752071645,0.0149450291014011,0.0544949962549295,0.159797957786024
1997,18,9,212,205,263,248,0.0004847823665133,0.0032171506991494,0.024392609998372,0.0569359840895205,0.180306965800227
1997,19,5,144,124,130,60,0.0005274999743618,0.0043248868007409,0.0345738146564937,0.0877595600204318,0.17824232258408
1997,19,5,50,72,173,174,0.0005502754637967,0.0015336881963093,0.0149450291014011,0.0551323646321801,0.167499064185351
1997,19,10,194,196,303,234,0.0005386470739037,0.0029439963945046,0.0233217149252727,0.0655954493502841,0.170128346763117
1997,20,11,182,109,108,62,0.001160499943596,0.0054661763731587,0.0303914983674017,0.0729079421708203,0.184183733336883
1997,20,3,58,70,145,156,0.000330165278278,0.0017790783077188,0.0145298894041399,0.0462092073506712,0.150171574786866
1997,20,14,240,179,253,218,0.0007541059034652,0.0036420573952635,0.0212989131205297,0.0547711177743297,0.158495639292135
1997,21,5,147,120,109,65,0.0005274999743618,0.0044149886090897,0.0334585303127358,0.073583015709439,0.193095849466087
1997,21,4,59,79,148,151,0.0004402203710373,0.001809752071645,0.0163980180418151,0.0471652599165472,0.145358383287287
1997,21,9,206,199,257,216,0.0004847823665133,0.0031260992642678,0.0236786799496391,0.055637064300406,0.157041550858262
1997,22,2,157,116,119,55,0.0002109999897447,0.0047153279702523,0.032343245968978,0.080333751095626,0.163388795702074
1997,22,4,72,78,131,162,0.0004402203710373,0.0022085110026855,0.0161904481931845,0.0417476287099167,0.155947404586361
1997,22,6,229,194,250,217,0.0003231882443422,0.0034751297646472,0.0230837382423618,0.0541216578797724,0.157768595075199
1997,23,5,150,130,126,63,0.0005274999743618,0.0045050904174385,0.0362467411721305,0.085059265865957,0.187154438713284
1997,23,3,73,69,160,179,0.000330165278278,0.0022391847666117,0.0143223195555094,0.050989470180051,0.17231225568493
1997,23,8,223,199,286,242,0.0004309176591229,0.0033840783297656,0.0236786799496391,0.0619151766144596,0.175944700498609
1997,24,4,161,135,141,77,0.0004219999794894,0.0048354637147173,0.0376408466018278,0.0951853689452376,0.228744313982903
1997,24,2,71,73,174,169,0.0002201101855186,0.0021778372387593,0.0151525989500316,0.0554510488208054,0.162685872685772
1997,24,6,232,208,315,246,0.0003231882443422,0.003520655482088,0.0247495750227384,0.0681932889285132,0.178852877366354
1997,25,9,156,108,108,52,0.0009494999538513,0.004685294034136,0.0301126772814622,0.0729079421708203,0.15447667957287
1997,25,6,64,72,158,161,0.000660330556556,0.001963120891276,0.0149450291014011,0.0503521018028003,0.154984766286445
1997,25,15,220,180,266,213,0.0008079706108556,0.0033385526123248,0.0214179014619852,0.0575854439840778,0.154860418207453
1997,26,2,131,128,130,68,0.0002109999897447,0.0039344456312296,0.0356890990002516,0.0877595600204318,0.202007965595291
1997,26,4,58,69,154,153,0.0004402203710373,0.0017790783077188,0.0143223195555094,0.0490773650482991,0.147283659887119
1997,26,6,189,197,284,221,0.0003231882443422,0.00286812019877,0.0234407032667282,0.0614822033514214,0.160676771942944
1997,27,8,142,106,118,64,0.0008439999589789,0.0042648189285084,0.0295550351095833,0.0796586775570073,0.190125144089686
1997,27,4,57,76,162,190,0.0004402203710373,0.0017484045437927,0.0157753084959234,0.0516268385573016,0.182901276984004
1997,27,12,199,182,280,254,0.0006463764886844,0.0030198725902393,0.0216558781448961,0.0606162568253451,0.184669231101845
1997,28,6,147,105,105,58,0.0006329999692342,0.0044149886090897,0.0292762140236439,0.0708827215549642,0.172300911831278
1997,28,3,42,67,141,130,0.000330165278278,0.0012882980848998,0.0139071798582482,0.0449344705961699,0.125142978989055
1997,28,9,189,172,246,188,0.0004847823665133,0.00286812019877,0.0204659947303414,0.053255711353696,0.136684312784043
1997,29,4,126,123,97,54,0.0004219999794894,0.0037842759506483,0.0342949935705542,0.0654821332460145,0.160418090325672
1997,29,2,68,56,137,131,0.0002201101855186,0.0020858159469807,0.0116239115233119,0.0436597338416687,0.126105617288971
1997,29,6,194,179,234,185,0.0003231882443422,0.0029439963945046,0.0212989131205297,0.0506578717754669,0.134503180133234
1997,30,9,156,111,126,64,0.0009494999538513,0.004685294034136,0.0309491405392806,0.085059265865957,0.190125144089686
1997,30,6,58,74,164,150,0.000660330556556,0.0017790783077188,0.0153601687986622,0.0522642069345522,0.144395744987371
1997,30,15,214,185,290,214,0.0008079706108556,0.0032475011774432,0.0220128431692625,0.062781123140536,0.155587462424389
1997,31,6,124,109,109,56,0.0006329999692342,0.0037242080784158,0.0303914983674017,0.073583015709439,0.166359501078475
1997,31,3,46,71,151,155,0.000330165278278,0.0014109931406046,0.0147374592527705,0.0481213124824231,0.14920893648695
1997,31,9,170,180,260,211,0.0004847823665133,0.0025797906549783,0.0214179014619852,0.0562865241949633,0.15340632977358
1997,32,1,133,122,127,66,0.0001054999948723,0.0039945135034621,0.0340161724846148,0.0857343394045757,0.196066554842488
1997,32,3,54,56,191,167,0.000330165278278,0.0016563832520141,0.0116239115233119,0.0608686800274359,0.16076059608594
1997,32,4,187,178,318,233,0.0002154588295614,0.0028377697204761,0.0211799247790742,0.0688427488230705,0.169401302546181
1997,33,5,136,102,97,65,0.0005274999743618,0.0040846153118109,0.0284397507658255,0.0654821332460145,0.193095849466087
1997,33,1,63,61,153,155,0.0001100550927593,0.0019324471273498,0.0126617607664648,0.0487586808596737,0.14920893648695
1997,33,6,199,163,250,220,0.0003231882443422,0.0030198725902393,0.0193950996572421,0.0541216578797724,0.159949727726008
1997,34,4,136,97,111,62,0.0004219999794894,0.0040846153118109,0.0270456453361281,0.0749331627866764,0.184183733336883
1997,34,7,56,69,150,148,0.0007703856493153,0.0017177307798665,0.0143223195555094,0.0478026282937978,0.14247046838754
1997,34,11,192,166,261,210,0.0005925117812941,0.0029136459162108,0.0197520646816085,0.0565030108264824,0.152679285556644
1997,35,4,127,118,110,62,0.0004219999794894,0.0038143098867646,0.0329008881408569,0.0742580892480577,0.184183733336883
1997,35,4,62,73,169,164,0.0004402203710373,0.0019017733634236,0.0151525989500316,0.0538576278776788,0.157872681186193
1997,35,8,189,191,279,226,0.0004309176591229,0.00286812019877,0.0227267732179954,0.060399770193826,0.164311993027626
1997,36,5,122,103,119,75,0.0005274999743618,0.0036641402061833,0.0287185718517649,0.080333751095626,0.2228029032301
1997,36,2,52,83,165,149,0.0002201101855186,0.0015950357241617,0.0172282974363373,0.0525828911231776,0.143433106687456
1997,36,7,174,186,284,224,0.0003770529517326,0.002640491611566,0.022131831510718,0.0614822033514214,0.162857904593753
1997,37,7,167,127,110,58,0.0007384999641065,0.0050156673314148,0.0354102779143121,0.0742580892480577,0.172300911831278
1997,37,7,62,83,162,156,0.0007703856493153,0.0019017733634236,0.0172282974363373,0.0516268385573016,0.150171574786866
1997,37,14,229,210,272,214,0.0007541059034652,0.0034751297646472,0.0249875517056494,0.0588843637731924,0.155587462424389
1997,38,3,135,109,108,62,0.0003164999846171,0.0040545813756946,0.0303914983674017,0.0729079421708203,0.184183733336883
1997,38,3,56,68,159,159,0.000330165278278,0.0017177307798665,0.0141147497068788,0.0506707859914257,0.153059489686614
1997,38,6,191,177,267,221,0.0003231882443422,0.0028984706770638,0.0210609364376187,0.0578019306155969,0.160676771942944
1997,39,1,124,122,136,61,0.0001054999948723,0.0037242080784158,0.0340161724846148,0.0918100012521441,0.181213027960482
1997,39,1,55,67,157,165,0.0001100550927593,0.0016870570159403,0.0139071798582482,0.050033417614175,0.158835319486108
1997,39,2,179,189,293,226,0.0001077294147807,0.0027163678073006,0.0224887965350844,0.0634305830350932,0.164311993027626
1997,40,5,134,132,110,67,0.0005274999743618,0.0040245474395784,0.0368043833440094,0.0742580892480577,0.19903726021889
1997,40,7,48,78,162,176,0.0007703856493153,0.001472340668457,0.0161904481931845,0.0516268385573016,0.169424340785182
1997,40,12,182,210,272,243,0.0006463764886844,0.0027618935247414,0.0249875517056494,0.0588843637731924,0.176671744715545
1997,41,2,166,108,148,59,0.0002109999897447,0.0049856333952986,0.0301126772814622,0.0999108837155685,0.175271617207679
1997,41,1,60,70,158,153,0.0001100550927593,0.0018404258355712,0.0145298894041399,0.0503521018028003,0.147283659887119
1997,41,3,226,178,306,212,0.0001615941221711,0.0034296040472064,0.0211799247790742,0.0662449092448414,0.154133373990517
1997,42,2,138,136,127,82,0.0002109999897447,0.0041446831840434,0.0379196676877673,0.0857343394045757,0.24359784086491
1997,42,8,54,77,164,189,0.0008804407420747,0.0016563832520141,0.0159828783445539,0.0522642069345522,0.181938638684088
1997,42,10,192,213,291,271,0.0005386470739037,0.0029136459162108,0.0253445167300158,0.0629976097720551,0.197028982789764
1997,43,1,157,114,131,80,0.0001054999948723,0.0047153279702523,0.031785603797099,0.0884346335590505,0.237656430112107
1997,43,4,59,86,165,176,0.0004402203710373,0.001809752071645,0.0178510069822291,0.0525828911231776,0.169424340785182
1997,43,5,216,200,296,256,0.0002693235369518,0.0032778516557371,0.0237976682910946,0.0640800429296505,0.186123319535718
1997,44,3,157,106,128,71,0.0003164999846171,0.0047153279702523,0.0295550351095833,0.0864094129431944,0.210920081724495
1997,44,2,59,76,155,198,0.0002201101855186,0.001809752071645,0.0157753084959234,0.0493960492369244,0.19060238338333
1997,44,5,216,182,283,269,0.0002693235369518,0.0032778516557371,0.0216558781448961,0.0612657167199023,0.195574894355891
1997,45,2,152,118,104,80,0.0002109999897447,0.004565158289671,0.0329008881408569,0.0702076480163455,0.237656430112107
1997,45,1,69,76,157,181,0.0001100550927593,0.0021164897109069,0.0157753084959234,0.050033417614175,0.174237532284761
1997,45,3,221,194,261,261,0.0001615941221711,0.0033537278514718,0.0230837382423618,0.0565030108264824,0.1897585406204
1997,46,3,142,119,127,58,0.0003164999846171,0.0042648189285084,0.0331797092267964,0.0857343394045757,0.172300911831278
1997,46,4,80,92,162,163,0.0004402203710373,0.002453901114095,0.0190964260740125,0.0516268385573016,0.156910042886277
1997,46,7,222,211,289,221,0.0003770529517326,0.0033689030906187,0.0251065400471048,0.0625646365090169,0.160676771942944
1997,47,3,135,111,126,56,0.0003164999846171,0.0040545813756946,0.0309491405392806,0.085059265865957,0.166359501078475
1997,47,0,59,75,159,170,0.0,0.001809752071645,0.0155677386472928,0.0506707859914257,0.163648510985688
1997,47,3,194,186,285,226,0.0001615941221711,0.0029439963945046,0.022131831510718,0.0616986899829405,0.164311993027626
1997,48,7,141,113,114,58,0.0007384999641065,0.0042347849923922,0.0315067827111596,0.0769583834025325,0.172300911831278
1997,48,4,45,71,158,181,0.0004402203710373,0.0013803193766784,0.0147374592527705,0.0503521018028003,0.174237532284761
1997,48,11,186,184,272,239,0.0005925117812941,0.0028225944813292,0.021893854827807,0.0588843637731924,0.173763567847799
1997,49,3,152,123,136,69,0.0003164999846171,0.004565158289671,0.0342949935705542,0.0918100012521441,0.204978670971692
1997,49,2,50,75,167,178,0.0002201101855186,0.0015336881963093,0.0155677386472928,0.0532202595004282,0.171349617385014
1997,49,5,202,198,303,247,0.0002693235369518,0.0030653983076801,0.0235596916081837,0.0655954493502841,0.179579921583291
1997,50,4,140,114,122,74,0.0004219999794894,0.0042047510562759,0.031785603797099,0.0823589717114822,0.219832197853699
1997,50,5,61,73,170,192,0.0005502754637967,0.0018710995994974,0.0151525989500316,0.0541763120663042,0.184826553583835
1997,50,9,201,187,292,266,0.0004847823665133,0.0030502230685331,0.0222508198521735,0.0632140964035741,0.193393761705082
1997,51,7,129,140,140,81,0.0007384999641065,0.0038743777589971,0.0390349520315251,0.0945102954066189,0.240627135488509
1997,51,1,72,82,191,204,0.0001100550927593,0.0022085110026855,0.0170207275877068,0.0608686800274359,0.196378213182825
1997,51,8,201,222,331,285,0.0004309176591229,0.0030502230685331,0.026415411803115,0.0716570750328186,0.207207601826874
1997,52,3,152,121,128,69,0.0003164999846171,0.004565158289671,0.0337373513986753,0.0864094129431944,0.204978670971692
1997,52,8,65,80,199,210,0.0008804407420747,0.0019937946552022,0.0166055878904456,0.0634181535364384,0.20215404298232
1997,52,11,217,201,327,279,0.0005925117812941,0.003293026894884,0.0239166566325501,0.0707911285067423,0.202845336525255
1998,1,4,145,129,127,69,0.0004263644997537,0.0043354656475659,0.0355872079012684,0.0833334601827944,0.198935780799668
1998,1,3,65,92,177,171,0.0003332095059281,0.0019852495123294,0.0192685986665385,0.0554346113893078,0.158883802657068
1998,1,7,210,221,304,240,0.0003807454067652,0.0031728497169228,0.0263110719092327,0.0644484428675478,0.168645460290488
1998,2,5,135,114,128,84,0.0005329556246921,0.0040364680166993,0.0314491604708883,0.0839896291606117,0.242182689669161
1998,2,6,66,57,172,188,0.0006664190118562,0.0020157918125191,0.0119381535216597,0.0538686619150335,0.174679268418297
1998,2,11,201,171,300,272,0.0005983142106311,0.0030368704433404,0.0203583407080489,0.0636004370403433,0.191131521662554
1998,3,0,156,108,147,77,0.0,0.0046643630415192,0.0297939414987363,0.0964568397391399,0.222000798863398
1998,3,6,47,75,151,192,0.0006664190118562,0.0014354881089151,0.0157080967390259,0.0472916741230818,0.17839584859741
1998,3,6,203,183,298,269,0.0003263532057987,0.003067088059692,0.021786996196333,0.063176434126741,0.189023453408922
1998,4,5,109,119,116,71,0.0005329556246921,0.0032590741764461,0.0328285096143483,0.0761156014268043,0.204702035315601
1998,4,2,51,84,171,174,0.0002221396706187,0.0015576573096739,0.017593068347709,0.0535554720201787,0.161671237791403
1998,4,7,160,203,287,245,0.0003807454067652,0.0024174093081316,0.0241680886768065,0.0608444181019284,0.172158907379874
1998,5,4,132,126,119,82,0.0004263644997537,0.0039467687274393,0.0347595984151924,0.0780841083602561,0.236416435153229
1998,5,2,67,83,174,167,0.0002221396706187,0.0020463341127088,0.0173836270578553,0.0544950417047432,0.155167222477956
1998,5,6,199,209,293,249,0.0003263532057987,0.0030066528269887,0.0248824164209486,0.0621164268427353,0.174969665051382
1998,6,6,156,139,120,68,0.0006395467496305,0.0046643630415192,0.0383459061881884,0.0787402773380734,0.196052653541702
1998,6,6,64,94,191,192,0.0006664190118562,0.0019547072121398,0.0196874812462458,0.0598192699172756,0.17839584859741
1998,6,12,220,233,311,260,0.0006527064115975,0.003323937798681,0.0277397273975169,0.0659324530651559,0.182699248648029
1998,7,7,149,138,149,81,0.0007461378745689,0.0044550646999125,0.0380700363594964,0.0977691776947745,0.233533307895263
1998,7,5,63,78,190,225,0.0005553491765468,0.0019241649119501,0.016336420608587,0.0595060800224208,0.20905763507509
1998,7,12,212,216,339,306,0.0006527064115975,0.0032030673332744,0.0257157987891143,0.0718684938555879,0.215022961870373
1998,8,6,124,147,131,89,0.0006395467496305,0.003707570622746,0.0405528648177244,0.0859581360940635,0.256598325958992
1998,8,3,69,113,200,213,0.0003332095059281,0.0021074187130882,0.0236668657534657,0.0626379789709692,0.197907894537752
1998,8,9,193,260,331,302,0.0004895298086981,0.0029159999779338,0.0309542022461561,0.0701724822011787,0.212212204198865
1998,9,4,177,141,143,108,0.0004263644997537,0.0052922580663391,0.0388976458455724,0.0938321638278708,0.31137774386035
1998,9,4,68,90,225,240,0.0004442793412374,0.0020768764128985,0.0188497160868311,0.0704677263423404,0.222994810746763
1998,9,8,245,231,368,348,0.0004351376077317,0.0037016580030766,0.0275016181494695,0.0780165361028211,0.244535917421208
1998,10,4,161,141,154,87,0.0004263644997537,0.0048138618569525,0.0388976458455724,0.101050022583861,0.25083207144306
1998,10,1,57,94,227,224,0.0001110698353093,0.001740911110812,0.0196874812462458,0.0710941061320501,0.208128490030312
1998,10,5,218,235,381,311,0.0002719610048323,0.0032937201823294,0.0279778366455642,0.0807725550412359,0.218536408959758
1998,11,4,153,141,169,97,0.0004263644997537,0.0045746637522592,0.0388976458455724,0.11089255725112,0.279663344022722
1998,11,1,52,84,190,260,0.0001110698353093,0.0015881996098635,0.017593068347709,0.0595060800224208,0.241577711642326
1998,11,5,205,225,359,357,0.0002719610048323,0.0030973056760437,0.0267872904053274,0.0761085229916108,0.250860122182102
1998,12,4,143,154,157,79,0.0004263644997537,0.0042756661213926,0.0424839536185685,0.103018529517313,0.22776705337933
1998,12,4,65,80,207,217,0.0004442793412374,0.0019852495123294,0.0167553031882943,0.0648303082349531,0.201624474716865
1998,12,8,208,234,364,296,0.0004351376077317,0.0031426321005711,0.0278587820215405,0.0771685302756165,0.207996067691602
1998,13,6,146,127,141,84,0.0006395467496305,0.0043653654106526,0.0350354682438844,0.0925198258722363,0.242182689669161
1998,13,6,64,81,172,213,0.0006664190118562,0.0019547072121398,0.016964744478148,0.0538686619150335,0.197907894537752
1998,13,12,210,208,313,297,0.0006527064115975,0.0031728497169228,0.0247633617969249,0.0663564559787581,0.208698757109479
1998,14,2,176,123,145,62,0.0002131822498768,0.0052623583032524,0.0339319889291164,0.0951445017835054,0.178753889993905
1998,14,5,69,80,171,186,0.0005553491765468,0.0021074187130882,0.0167553031882943,0.0535554720201787,0.172820978328741
1998,14,7,245,203,316,248,0.0003807454067652,0.0037016580030766,0.0241680886768065,0.0669924603491616,0.174266975633505
1998,15,1,159,143,136,76,0.0001065911249384,0.0047540623307792,0.0394493855029564,0.0892389809831499,0.219117671605432
1998,15,3,67,73,174,203,0.0003332095059281,0.0020463341127088,0.0152892141593186,0.0544950417047432,0.18861644408997
1998,15,4,226,216,310,279,0.0002175688038658,0.0034145906477359,0.0257157987891143,0.0657204516083547,0.196050347587693
1998,16,5,131,126,138,93,0.0005329556246921,0.0039168689643526,0.0347595984151924,0.0905513189387844,0.268130834990857
1998,16,6,56,70,174,210,0.0006664190118562,0.0017103688106223,0.0146608902897575,0.0544950417047432,0.195120459403417
1998,16,11,187,196,312,303,0.0005983142106311,0.0028253471288788,0.0233347063086408,0.066144454521957,0.212914893616742
1998,17,3,135,131,116,60,0.0003197733748152,0.0040364680166993,0.0361389475586524,0.0761156014268043,0.172987635477972
1998,17,3,59,77,156,174,0.0003332095059281,0.0018019957111913,0.0161269793187333,0.048857623597356,0.161671237791403
1998,17,6,194,208,272,234,0.0003263532057987,0.0029311087861096,0.0247633617969249,0.0576643962499112,0.164429323783226
1998,18,8,154,140,117,79,0.0008527289995074,0.0046045635153459,0.0386217760168804,0.0767717704046216,0.22776705337933
1998,18,2,59,71,169,162,0.0002221396706187,0.0018019957111913,0.0148703315796112,0.052929092230469,0.150521497254065
1998,18,10,213,211,286,241,0.0005439220096646,0.0032181761414502,0.025120525668996,0.0606324166451272,0.169348149708365
1998,19,6,132,88,129,59,0.0006395467496305,0.0039467687274393,0.0242765449248963,0.0846457981384289,0.170104508220006
1998,19,2,64,77,160,172,0.0002221396706187,0.0019547072121398,0.0161269793187333,0.0501103831767754,0.159812947701847
1998,19,8,196,165,289,231,0.0004351376077317,0.0029613264024613,0.0196440129639068,0.0612684210155307,0.162321255529595
1998,20,6,130,127,120,64,0.0006395467496305,0.003886969201266,0.0350354682438844,0.0787402773380734,0.184520144509837
1998,20,3,49,66,133,157,0.0003332095059281,0.0014965727092945,0.0138231251303428,0.0416542560156945,0.145875772030174
1998,20,9,179,193,253,221,0.0004895298086981,0.0027044766634723,0.0229775424365698,0.0536363685706895,0.155294361350825
1998,21,2,155,100,110,65,0.0002131822498768,0.0046344632784325,0.0275869828692003,0.0721785875599006,0.187403271767803
1998,21,3,44,65,155,156,0.0003332095059281,0.0013438612083461,0.0136136838404891,0.0485444337025011,0.144946626985396
1998,21,5,199,165,265,221,0.0002719610048323,0.0030066528269887,0.0196440129639068,0.0561803860523032,0.155294361350825
1998,22,3,164,141,119,53,0.0003197733748152,0.0049035611462125,0.0388976458455724,0.0780841083602561,0.152805744672209
1998,22,3,57,64,149,142,0.0003332095059281,0.001740911110812,0.0134042425506354,0.0466652943333721,0.131938596358501
1998,22,6,221,205,268,195,0.0003263532057987,0.0033390466068568,0.0244061979248539,0.0568163904227066,0.137024436486022
1998,23,5,133,105,133,55,0.0005329556246921,0.003976668490526,0.0289663320126603,0.0872704740496981,0.158571999188141
1998,23,2,51,67,162,157,0.0002221396706187,0.0015576573096739,0.0140325664201965,0.0507367629664851,0.145875772030174
1998,23,7,184,172,295,212,0.0003807454067652,0.0027800207043514,0.0204773953320725,0.0625404297563375,0.148970156589931
1998,24,5,131,118,120,63,0.0005329556246921,0.0039168689643526,0.0325526397856563,0.0787402773380734,0.181637017251871
1998,24,1,61,58,159,151,0.0001110698353093,0.0018630803115707,0.0121475948115134,0.0497971932819205,0.140300901761505
1998,24,6,192,176,279,214,0.0003263532057987,0.002900891169758,0.0209536138281672,0.0591484064475192,0.150375535425685
1998,25,8,153,111,108,51,0.0008527289995074,0.0045746637522592,0.0306215509848123,0.0708662496042661,0.147039490156277
1998,25,3,46,85,166,154,0.0003332095059281,0.0014049458087254,0.0178025096375627,0.0519895225459044,0.143088336895839
1998,25,11,199,196,274,205,0.0005983142106311,0.0030066528269887,0.0233347063086408,0.0580883991635135,0.144051330664792
1998,26,3,150,115,134,53,0.0003197733748152,0.0044849644629992,0.0317250302995803,0.0879266430275153,0.152805744672209
1998,26,1,62,65,152,142,0.0001110698353093,0.0018936226117604,0.0136136838404891,0.0476048640179366,0.131938596358501
1998,26,4,212,180,286,195,0.0002175688038658,0.0032030673332744,0.0214298323242619,0.0606324166451272,0.137024436486022
1998,27,2,152,113,130,59,0.0002131822498768,0.0045447639891725,0.0311732906421963,0.0853019671162462,0.170104508220006
1998,27,3,59,69,135,166,0.0003332095059281,0.0018019957111913,0.0144514489999038,0.0422806358054042,0.154238077433177
1998,27,5,211,182,265,225,0.0002719610048323,0.0031879585250986,0.0216679415723093,0.0561803860523032,0.158105119022333
1998,28,5,163,106,125,71,0.0005329556246921,0.0048736613831258,0.0292422018413523,0.0820211222271598,0.204702035315601
1998,28,4,59,62,151,165,0.0004442793412374,0.0018019957111913,0.0129853599709281,0.0472916741230818,0.153308932388399
1998,28,9,222,168,276,236,0.0004895298086981,0.0033541554150327,0.0200011768359778,0.0585124020771158,0.16583470261898
1998,29,5,139,106,114,77,0.0005329556246921,0.0041560670690459,0.0292422018413523,0.0748032634711698,0.222000798863398
1998,29,0,63,69,145,157,0.0,0.0019241649119501,0.0144514489999038,0.0454125347539527,0.145875772030174
1998,29,5,202,175,259,234,0.0002719610048323,0.0030519792515162,0.0208345592041436,0.0549083773114964,0.164429323783226
1998,30,3,152,101,134,64,0.0003197733748152,0.0045447639891725,0.0278628526978923,0.0879266430275153,0.184520144509837
1998,30,1,66,63,139,168,0.0001110698353093,0.0020157918125191,0.0131948012607818,0.0435333953848236,0.156096367522734
1998,30,4,218,164,273,232,0.0002175688038658,0.0032937201823294,0.0195249583398831,0.0578763977067124,0.163023944947472
1998,31,2,127,102,132,62,0.0002131822498768,0.003797269912006,0.0281387225265843,0.0866143050718808,0.178753889993905
1998,31,1,54,88,148,120,0.0001110698353093,0.0016492842102429,0.0184308335071237,0.0463521044385172,0.111497405373381
1998,31,3,181,190,280,182,0.0001631766028993,0.0027346942798239,0.0226203785644987,0.0593604079043204,0.12788947405362
1998,32,4,149,107,106,48,0.0004263644997537,0.0044550646999125,0.0295180716700443,0.0695539116486315,0.138390108382378
1998,32,2,56,57,141,145,0.0002221396706187,0.0017103688106223,0.0119381535216597,0.0441597751745333,0.134726031492836
1998,32,6,205,164,247,193,0.0003263532057987,0.0030973056760437,0.0195249583398831,0.0523643598298826,0.135619057650268
1998,33,4,145,117,117,54,0.0004263644997537,0.0043354656475659,0.0322767699569643,0.0767717704046216,0.155688871930175
1998,33,1,60,71,132,140,0.0001110698353093,0.001832538011381,0.0148703315796112,0.0413410661208397,0.130080306268945
1998,33,5,205,188,249,194,0.0002719610048323,0.0030973056760437,0.0223822693164514,0.0527883627434849,0.136321747068145
1998,34,3,155,107,152,67,0.0003197733748152,0.0046344632784325,0.0295180716700443,0.0997376846282263,0.193169526283736
1998,34,5,66,69,157,174,0.0005553491765468,0.0020157918125191,0.0144514489999038,0.0491708134922108,0.161671237791403
1998,34,8,221,176,309,241,0.0004351376077317,0.0033390466068568,0.0209536138281672,0.0655084501515536,0.169348149708365
1998,35,4,133,106,129,64,0.0004263644997537,0.003976668490526,0.0292422018413523,0.0846457981384289,0.184520144509837
1998,35,2,74,65,163,164,0.0002221396706187,0.0022601302140366,0.0136136838404891,0.0510499528613399,0.152379787343621
1998,35,6,207,171,292,228,0.0003263532057987,0.0031275232923953,0.0203583407080489,0.0619044253859341,0.160213187275964
1998,36,2,131,109,153,71,0.0002131822498768,0.0039168689643526,0.0300698113274283,0.100393853606044,0.204702035315601
1998,36,4,38,74,143,170,0.0004442793412374,0.001160607407208,0.0154986554491722,0.044786154964243,0.15795465761229
1998,36,6,169,183,296,241,0.0003263532057987,0.002553388581714,0.021786996196333,0.0627524312131387,0.169348149708365
1998,37,4,155,120,129,71,0.0004263644997537,0.0046344632784325,0.0331043794430404,0.0846457981384289,0.204702035315601
1998,37,2,62,91,171,167,0.0002221396706187,0.0018936226117604,0.0190591573766848,0.0535554720201787,0.155167222477956
1998,37,6,217,211,300,238,0.0003263532057987,0.0032786113741535,0.025120525668996,0.0636004370403433,0.167240081454734
1998,38,5,135,101,134,60,0.0005329556246921,0.0040364680166993,0.0278628526978923,0.0879266430275153,0.172987635477972
1998,38,1,56,83,146,153,0.0001110698353093,0.0017103688106223,0.0173836270578553,0.0457257246488075,0.142159191851061
1998,38,6,191,184,280,213,0.0003263532057987,0.0028857823615821,0.0219060508203567,0.0593604079043204,0.149672846007808
1998,39,4,144,126,99,74,0.0004263644997537,0.0043055658844792,0.0347595984151924,0.0649607288039106,0.213351417089499
1998,39,5,44,64,159,177,0.0005553491765468,0.0013438612083461,0.0134042425506354,0.0497971932819205,0.164458672925737
1998,39,9,188,190,258,251,0.0004895298086981,0.0028404559370547,0.0226203785644987,0.0546963758546952,0.176375043887136
1998,40,1,156,135,119,69,0.0001065911249384,0.0046643630415192,0.0372424268734204,0.0780841083602561,0.198935780799668
1998,40,3,41,70,145,166,0.0003332095059281,0.001252234307777,0.0146608902897575,0.0454125347539527,0.154238077433177
1998,40,4,197,205,264,235,0.0002175688038658,0.0029764352106371,0.0244061979248539,0.0559683845955021,0.165132013201103
1998,41,3,153,123,120,66,0.0003197733748152,0.0045746637522592,0.0339319889291164,0.0787402773380734,0.19028639902577
1998,41,6,68,53,159,155,0.0006664190118562,0.0020768764128985,0.011100388362245,0.0497971932819205,0.144017481940618
1998,41,9,221,176,279,221,0.0004895298086981,0.0033390466068568,0.0209536138281672,0.0591484064475192,0.155294361350825
1998,42,3,159,108,131,60,0.0003197733748152,0.0047540623307792,0.0297939414987363,0.0859581360940635,0.172987635477972
1998,42,1,61,65,183,152,0.0001110698353093,0.0018630803115707,0.0136136838404891,0.0573137507584368,0.141230046806283
1998,42,4,220,173,314,212,0.0002175688038658,0.003323937798681,0.0205964499560962,0.0665684574355593,0.148970156589931
1998,43,2,137,111,109,54,0.0002131822498768,0.0040962675428726,0.0306215509848123,0.0715224185820834,0.155688871930175
1998,43,3,43,70,183,164,0.0003332095059281,0.0013133189081564,0.0146608902897575,0.0573137507584368,0.152379787343621
1998,43,5,180,181,292,218,0.0002719610048323,0.0027195854716481,0.0215488869482856,0.0619044253859341,0.153186293097194
1998,44,3,142,109,141,61,0.0003197733748152,0.0042457663583059,0.0300698113274283,0.0925198258722363,0.175870762735939
1998,44,7,66,66,160,180,0.0007774888471656,0.0020157918125191,0.0138231251303428,0.0501103831767754,0.167246108060072
1998,44,10,208,175,301,241,0.0005439220096646,0.0031426321005711,0.0208345592041436,0.0638124384971444,0.169348149708365
1998,45,5,123,121,130,73,0.0005329556246921,0.0036776708596593,0.0333802492717324,0.0853019671162462,0.210468289831533
1998,45,1,56,82,129,164,0.0001110698353093,0.0017103688106223,0.0171741857680017,0.0404014964362751,0.152379787343621
1998,45,6,179,203,259,237,0.0003263532057987,0.0027044766634723,0.0241680886768065,0.0549083773114964,0.166537392036857
1998,46,3,141,116,116,74,0.0003197733748152,0.0042158665952193,0.0320009001282723,0.0761156014268043,0.213351417089499
1998,46,6,60,65,143,168,0.0006664190118562,0.001832538011381,0.0136136838404891,0.044786154964243,0.156096367522734
1998,46,9,201,181,259,242,0.0004895298086981,0.0030368704433404,0.0215488869482856,0.0549083773114964,0.170050839126242
1998,47,3,137,132,136,82,0.0003197733748152,0.0040962675428726,0.0364148173873444,0.0892389809831499,0.236416435153229
1998,47,3,59,70,159,187,0.0003332095059281,0.0018019957111913,0.0146608902897575,0.0497971932819205,0.173750123373519
1998,47,6,196,202,295,269,0.0003263532057987,0.0029613264024613,0.0240490340527829,0.0625404297563375,0.189023453408922
1998,48,3,149,127,121,75,0.0003197733748152,0.0044550646999125,0.0350354682438844,0.0793964463158907,0.216234544347466
1998,48,4,63,63,172,201,0.0004442793412374,0.0019241649119501,0.0131948012607818,0.0538686619150335,0.186758154000414
1998,48,7,212,190,293,276,0.0003807454067652,0.0032030673332744,0.0226203785644987,0.0621164268427353,0.193942279334062
1998,49,7,139,131,127,71,0.0007461378745689,0.0041560670690459,0.0361389475586524,0.0833334601827944,0.204702035315601
1998,49,3,65,66,150,171,0.0003332095059281,0.0019852495123294,0.0138231251303428,0.0469784842282269,0.158883802657068
1998,49,10,204,197,277,242,0.0005439220096646,0.0030821968678678,0.0234537609326645,0.0587244035339169,0.170050839126242
1998,50,4,154,96,129,63,0.0004263644997537,0.0046045635153459,0.0264835035544323,0.0846457981384289,0.181637017251871
1998,50,1,46,82,158,157,0.0001110698353093,0.0014049458087254,0.0171741857680017,0.0494840033870657,0.145875772030174
1998,50,5,200,178,287,220,0.0002719610048323,0.0030217616351645,0.0211917230762146,0.0608444181019284,0.154591671932948
1998,51,2,142,145,124,78,0.0002131822498768,0.0042457663583059,0.0400011251603404,0.0813649532493425,0.224883926121364
1998,51,2,54,64,157,185,0.0002221396706187,0.0016492842102429,0.0134042425506354,0.0491708134922108,0.171891833283963
1998,51,4,196,209,281,263,0.0002175688038658,0.0029613264024613,0.0248824164209486,0.0595724093611215,0.18480731690166
1998,52,2,132,136,144,77,0.0002131822498768,0.0039467687274393,0.0375182967021124,0.0944883328056881,0.222000798863398
1998,52,1,63,85,169,181,0.0001110698353093,0.0019241649119501,0.0178025096375627,0.052929092230469,0.16817525310485
1998,52,3,195,221,313,258,0.0001631766028993,0.0029462175942854,0.0263110719092327,0.0663564559787581,0.181293869812275
1998,53,7,143,118,122,91,0.0007461378745689,0.0042756661213926,0.0325526397856563,0.080052615293708,0.262364580474925
1998,53,5,59,71,183,180,0.0005553491765468,0.0018019957111913,0.0148703315796112,0.0573137507584368,0.167246108060072
1998,53,12,202,189,305,271,0.0006527064115975,0.0030519792515162,0.022501323940475,0.064660444324349,0.190428832244676
1999,1,9,151,124,129,74,0.0009686257323843,0.0044965544051322,0.0340330341346117,0.0813181625124701,0.208912723298446
1999,1,5,59,82,177,195,0.000560625396917,0.0017948102111721,0.0173634238966966,0.0542775406189081,0.175560171513983
1999,1,14,210,206,306,269,0.0007688030375823,0.0031600889895235,0.0246232120090853,0.0631269007788168,0.183624617173353
1999,2,2,133,152,112,89,0.000215250162752,0.0039605412972356,0.0417179128101692,0.0706018155147027,0.251259896940023
1999,2,4,60,61,195,230,0.0004485003175336,0.0018252307232259,0.012916693386567,0.0597972905123564,0.207070971529314
1999,2,6,193,213,307,319,0.0003294870161067,0.0029042722618002,0.0254599230967727,0.0633331978401855,0.217755586908177
1999,3,5,146,121,120,79,0.0005381254068801,0.0043476618751609,0.0332096542765163,0.0756448023371815,0.223028447845638
1999,3,1,62,62,194,201,0.0001121250793834,0.0018860717473334,0.0131284424584779,0.0594906377404982,0.180962022945183
1999,3,6,208,183,314,280,0.0003294870161067,0.003129992903909,0.0218740184352554,0.0647772772697662,0.191133430515015
1999,4,1,121,126,149,92,0.000107625081376,0.0036031992253046,0.0345819540400087,0.093925629568667,0.259729331668338
1999,4,3,53,74,169,218,0.0003363752381502,0.0016122871388495,0.0156694313214092,0.0518243184440422,0.196267268666915
1999,4,4,174,200,318,310,0.0002196580107378,0.0026183594484623,0.0239060310767819,0.065602465515241,0.211612012355909
1999,5,1,155,136,154,96,0.000107625081376,0.0046156684291092,0.0373265535669935,0.0970774963327163,0.271021911306092
1999,5,4,49,83,214,238,0.0004485003175336,0.0014906050906345,0.0175751729686076,0.0656236931776629,0.214273440104246
1999,5,5,204,219,368,334,0.0002745725134222,0.00306980073268,0.0261771040290761,0.0759173185836751,0.227994877828624
1999,6,9,149,135,150,98,0.0009686257323843,0.0044369973931437,0.037052093614295,0.0945560029214769,0.276668201124969
1999,6,6,69,88,198,247,0.0006727504763004,0.0020990153317098,0.0186339183281622,0.0607172488279311,0.222376217251046
1999,6,15,218,223,348,345,0.0008237175402668,0.0032804733319816,0.0266552246506118,0.0717913773563014,0.235503691170286
1999,7,6,148,167,181,102,0.0006457504882562,0.0044072188871494,0.0458348121006464,0.114097576858582,0.287960780762723
1999,7,2,64,95,230,291,0.0002242501587668,0.0019469127714409,0.0201161618315388,0.0705301375273947,0.261989794413175
1999,7,8,212,262,411,393,0.0004393160214756,0.003190185075138,0.0313169007105842,0.0847880922225284,0.268269422115717
1999,8,5,153,157,160,103,0.0005381254068801,0.0045561114171207,0.0430902125736616,0.100859736449575,0.290783925672161
1999,8,5,43,101,193,226,0.000560625396917,0.0013080820183119,0.0213866562630044,0.0591839849686399,0.203469737241847
1999,8,10,196,258,353,329,0.0005491450268445,0.002949416390222,0.0308387800890486,0.0728228626631448,0.224581780855142
1999,9,4,148,130,162,84,0.0004305003255041,0.0044072188871494,0.0356797938508026,0.102120483155195,0.237144172392831
1999,9,3,66,84,211,253,0.0003363752381502,0.0020077537955485,0.0177869220405185,0.0647037348620882,0.227778068682245
1999,9,7,214,214,373,337,0.0003844015187911,0.0032202811607525,0.0255794532521566,0.0769488038905185,0.230042736012714
1999,10,8,151,143,178,83,0.0008610006510082,0.0044965544051322,0.0392477732358828,0.112206456800153,0.234321027483392
1999,10,4,65,72,167,236,0.0004485003175336,0.0019773332834947,0.0152459331775873,0.0512110129003257,0.212472822960513
1999,10,12,216,215,345,319,0.0006589740322134,0.0032503772463671,0.0256989834075405,0.0711724861721954,0.217755586908177
1999,11,3,150,118,137,83,0.0003228752441281,0.0044667758991379,0.0323862744184208,0.0863611493349489,0.234321027483392
1999,11,1,73,68,177,207,0.0001121250793834,0.0022206973799248,0.0143989368899436,0.0542775406189081,0.186363874376382
1999,11,4,223,186,314,290,0.0002196580107378,0.0033557135460178,0.0222326089014071,0.0647772772697662,0.197959624461979
1999,12,4,144,119,138,68,0.0004305003255041,0.0042881048631724,0.0326607343711193,0.0869915226877587,0.191973853841815
1999,12,5,63,85,159,193,0.000560625396917,0.0019164922593872,0.0179986711124294,0.0487577907254598,0.17375955437025
1999,12,9,207,204,297,261,0.00049423052416,0.0031149448611018,0.0243841516983175,0.0612702272264986,0.178163662015781
1999,13,5,130,134,115,65,0.0005381254068801,0.0038712057792529,0.0367776336615965,0.0724929355731323,0.1835044191135
1999,13,3,69,72,186,179,0.0003363752381502,0.0020990153317098,0.0152459331775873,0.0570374155656323,0.161155234364118
1999,13,8,199,206,301,244,0.0004393160214756,0.0029945605186437,0.0246232120090853,0.0620954154719734,0.166559132305941
1999,14,0,150,88,132,64,0.0,0.0044667758991379,0.0241524758374664,0.0832092825708997,0.180681274204061
1999,14,4,65,73,173,166,0.0004485003175336,0.0019773332834947,0.0154576822494982,0.0530509295314752,0.149451222929853
1999,14,4,215,161,305,230,0.0002196580107378,0.0032353292035598,0.0192443550168094,0.0629206037174481,0.157002460780191
1999,15,4,124,101,126,82,0.0004305003255041,0.0036925347432874,0.0277204552225466,0.0794270424540406,0.231497882573954
1999,15,1,62,80,139,216,0.0001121250793834,0.0018860717473334,0.0169399257528748,0.0426247352882951,0.194466651523182
1999,15,5,186,181,265,298,0.0002745725134222,0.0027989359621494,0.0216349581244876,0.0546687212627008,0.203420579619551
1999,16,0,145,95,134,70,0.0,0.0043178833691667,0.0260736955063557,0.0844700292765194,0.197620143660692
1999,16,2,50,60,166,176,0.0002242501587668,0.0015210256026882,0.0127049443146561,0.0509043601284675,0.158454308648518
1999,16,2,195,155,300,246,0.0001098290053689,0.0029343683474147,0.0185271740845059,0.0618891184106047,0.167924371095334
1999,17,3,145,122,110,53,0.0003228752441281,0.0043178833691667,0.0334841142292147,0.069341068809083,0.149626680200238
1999,17,0,52,72,138,171,0.0,0.0015818666267958,0.0152459331775873,0.0423180825164368,0.153952765789186
1999,17,3,197,194,248,224,0.0001647435080533,0.0029644644330292,0.0231888501444784,0.0511616712194332,0.152906744412012
1999,18,5,171,114,113,51,0.0005381254068801,0.0050921245250173,0.0312884346076269,0.0712321888675126,0.143980390381361
1999,18,3,62,72,166,170,0.0003363752381502,0.0018860717473334,0.0152459331775873,0.0509043601284675,0.153052457217319
1999,18,8,233,186,279,221,0.0004393160214756,0.0035061939740904,0.0222326089014071,0.0575568801218624,0.150858886227922
1999,19,7,141,100,113,68,0.0007533755696322,0.0041987693451897,0.0274459952698481,0.0712321888675126,0.191973853841815
1999,19,2,69,71,168,170,0.0002242501587668,0.0020990153317098,0.0150341841056764,0.051517665672184,0.153052457217319
1999,19,9,210,171,281,238,0.00049423052416,0.0031600889895235,0.0204396565706485,0.0579694742445997,0.162463415937762
1999,20,5,173,106,106,68,0.0005381254068801,0.0051516815370058,0.029092754986039,0.0668195753978437,0.191973853841815
1999,20,3,59,66,164,175,0.0003363752381502,0.0017948102111721,0.0139754387461217,0.050291054584751,0.157554000076652
1999,20,8,232,172,270,243,0.0004393160214756,0.0034911459312831,0.0205591867260324,0.0557002065695442,0.165876512911245
1999,21,1,162,129,116,63,0.000107625081376,0.004824117971069,0.0354053338981041,0.0731233089259421,0.177858129294623
1999,21,0,48,53,143,148,0.0,0.0014601845785807,0.0112227008112795,0.043851346375728,0.133245668636254
1999,21,1,210,182,259,211,5.49145026844535e-05,0.0031600889895235,0.0217544882798715,0.0534309388944887,0.144032692280957
1999,22,3,112,109,112,54,0.0003228752441281,0.0033351926713563,0.0299161348441345,0.0706018155147027,0.152449825109677
1999,22,3,50,83,157,161,0.0003363752381502,0.0015210256026882,0.0175751729686076,0.0481444851817434,0.14494968007052
1999,22,6,162,192,269,215,0.0003294870161067,0.0024377829347753,0.0229497898337106,0.0554939095081755,0.146763169859743
1999,23,1,150,125,125,45,0.000107625081376,0.0044667758991379,0.0343074940873102,0.0787966691012307,0.127041520924731
1999,23,4,66,74,143,161,0.0004485003175336,0.0020077537955485,0.0156694313214092,0.043851346375728,0.14494968007052
1999,23,5,216,199,268,206,0.0002745725134222,0.0032503772463671,0.0237865009213979,0.0552876124468068,0.140619595307475
1999,24,8,142,116,125,61,0.0008610006510082,0.0042285478511839,0.0318373545130239,0.0787966691012307,0.172211839475746
1999,24,1,56,65,163,150,0.0001121250793834,0.0017035486750108,0.0137636896742108,0.0499844018128928,0.135046285779987
1999,24,9,198,181,288,211,0.00049423052416,0.0029795124758365,0.0216349581244876,0.0594135536741805,0.144032692280957
1999,25,4,157,122,120,75,0.0004305003255041,0.0046752254410977,0.0334841142292147,0.0756448023371815,0.211735868207885
1999,25,1,55,83,158,177,0.0001121250793834,0.0016731281629571,0.0175751729686076,0.0484511379536016,0.159354617220385
1999,25,5,212,205,278,252,0.0002745725134222,0.003190185075138,0.0245036818537014,0.0573505830604937,0.172020087463513
1999,26,6,159,127,121,85,0.0006457504882562,0.0047347824530862,0.0348564139927071,0.0762751756899914,0.239967317302269
1999,26,2,60,67,151,159,0.0002242501587668,0.0018252307232259,0.0141871878180326,0.0463045685505939,0.143149062926787
1999,26,8,219,194,272,244,0.0004393160214756,0.0032955213747888,0.0231888501444784,0.0561128006922816,0.166559132305941
1999,27,3,145,106,109,58,0.0003228752441281,0.0043178833691667,0.029092754986039,0.0687106954562732,0.163742404747431
1999,27,6,53,64,147,168,0.0006727504763004,0.0016122871388495,0.0135519406022998,0.045077957463161,0.151251840073586
1999,27,9,198,170,256,226,0.00049423052416,0.0029795124758365,0.0203201264152646,0.0528120477103827,0.154271983201405
1999,28,5,141,105,138,67,0.0005381254068801,0.0041987693451897,0.0288182950333406,0.0869915226877587,0.189150708932377
1999,28,5,68,58,164,167,0.000560625396917,0.002068594819656,0.0122814461708342,0.050291054584751,0.150351531501719
1999,28,10,209,163,302,234,0.0005491450268445,0.0031450409467163,0.0194834153275772,0.062301712533342,0.159732938358976
1999,29,2,164,90,102,77,0.000215250162752,0.0048836749830575,0.0247013957428633,0.0642980819866043,0.217382158026761
1999,29,2,60,64,142,153,0.0002242501587668,0.0018252307232259,0.0135519406022998,0.0435446936038698,0.137747211495587
1999,29,4,224,154,244,230,0.0002196580107378,0.0033707615888251,0.018407643929122,0.0503364829739585,0.157002460780191
1999,30,7,144,94,116,70,0.0007533755696322,0.0042881048631724,0.0257992355536573,0.0731233089259421,0.197620143660692
1999,30,3,58,68,144,149,0.0003363752381502,0.0017643896991184,0.0143989368899436,0.0441579991475863,0.134145977208121
1999,30,10,202,162,260,219,0.0005491450268445,0.0030397046470655,0.0193638851721933,0.0536372359558574,0.149493647438529
1999,31,2,173,129,111,75,0.000215250162752,0.0051516815370058,0.0354053338981041,0.0699714421618929,0.211735868207885
1999,31,4,61,65,139,175,0.0004485003175336,0.0018556512352796,0.0137636896742108,0.0426247352882951,0.157554000076652
1999,31,6,234,194,250,250,0.0003294870161067,0.0035212420168977,0.0231888501444784,0.0515742653421706,0.17065484867412
1999,32,6,155,108,119,65,0.0006457504882562,0.0046156684291092,0.029641674891436,0.0750144289843717,0.1835044191135
1999,32,0,60,67,168,174,0.0,0.0018252307232259,0.0141871878180326,0.051517665672184,0.156653691504785
1999,32,6,215,175,287,239,0.0003294870161067,0.0032353292035598,0.0209177771921841,0.0592072566128118,0.163146035332459
1999,33,2,132,106,124,54,0.000215250162752,0.0039307627912414,0.029092754986039,0.0781662957484209,0.152449825109677
1999,33,0,55,75,153,154,0.0,0.0016731281629571,0.0158811803933201,0.0469178740943104,0.138647520067454
1999,33,2,187,181,277,208,0.0001098290053689,0.0028139840049567,0.0216349581244876,0.057144285999125,0.141984834096868
1999,34,2,138,106,115,74,0.000215250162752,0.0041094338272069,0.029092754986039,0.0724929355731323,0.208912723298446
1999,34,2,53,67,148,156,0.0002242501587668,0.0016122871388495,0.0141871878180326,0.0453846102350192,0.140448137211187
1999,34,4,191,173,263,230,0.0002196580107378,0.0028741761761857,0.0206787168814163,0.0542561271399634,0.157002460780191
1999,35,4,140,133,118,67,0.0004305003255041,0.0041689908391954,0.036503173708898,0.0743840556315618,0.189150708932377
1999,35,7,51,66,154,156,0.0007848755556838,0.001551446114742,0.0139754387461217,0.0472245268661686,0.140448137211187
1999,35,11,191,199,272,223,0.0006040595295289,0.0028741761761857,0.0237865009213979,0.0561128006922816,0.152224125017315
1999,36,4,152,127,122,69,0.0004305003255041,0.0045263329111265,0.0348564139927071,0.0769055490428012,0.194796998751254
1999,36,2,62,52,143,149,0.0002242501587668,0.0018860717473334,0.0110109517393686,0.043851346375728,0.134145977208121
1999,36,6,214,179,265,218,0.0003294870161067,0.0032202811607525,0.0213958978137198,0.0546687212627008,0.148811028043833
1999,37,4,138,115,112,58,0.0004305003255041,0.0041094338272069,0.0315628945603254,0.0706018155147027,0.163742404747431
1999,37,2,44,62,148,161,0.0002242501587668,0.0013385025303656,0.0131284424584779,0.0453846102350192,0.14494968007052
1999,37,6,182,177,260,219,0.0003294870161067,0.0027387437909204,0.0211568375029519,0.0536372359558574,0.149493647438529
1999,38,5,157,111,115,67,0.0005381254068801,0.0046752254410977,0.0304650547495314,0.0724929355731323,0.189150708932377
1999,38,4,66,58,153,168,0.0004485003175336,0.0020077537955485,0.0122814461708342,0.0469178740943104,0.151251840073586
1999,38,9,223,169,268,235,0.00049423052416,0.0033557135460178,0.0202005962598807,0.0552876124468068,0.160415557753673
1999,39,3,153,97,141,74,0.0003228752441281,0.0045561114171207,0.0266226154117527,0.0888826427461883,0.208912723298446
1999,39,0,60,45,158,161,0.0,0.0018252307232259,0.009528708235992,0.0484511379536016,0.14494968007052
1999,39,3,213,142,299,235,0.0001647435080533,0.0032052331179453,0.0169732820645151,0.061682821349236,0.160415557753673
1999,40,5,126,115,106,63,0.0005381254068801,0.0037520917552759,0.0315628945603254,0.0668195753978437,0.177858129294623
1999,40,2,54,44,133,153,0.0002242501587668,0.0016427076509033,0.0093169591640811,0.0407848186571456,0.137747211495587
1999,40,7,180,159,239,216,0.0003844015187911,0.0027086477053059,0.0190052947060416,0.0493049976671151,0.14744578925444
1999,41,2,122,101,124,70,0.000215250162752,0.0036329777312989,0.0277204552225466,0.0781662957484209,0.197620143660692
1999,41,3,49,58,160,173,0.0003363752381502,0.0014906050906345,0.0122814461708342,0.0490644434973181,0.155753382932919
1999,41,5,171,159,284,243,0.0002745725134222,0.0025732153200406,0.0190052947060416,0.0585883654287058,0.165876512911245
1999,42,3,139,117,134,67,0.0003228752441281,0.0041392123332012,0.0321118144657223,0.0844700292765194,0.189150708932377
1999,42,7,64,58,163,155,0.0007848755556838,0.0019469127714409,0.0122814461708342,0.0499844018128928,0.13954782863932
1999,42,10,203,175,297,222,0.0005491450268445,0.0030547526898727,0.0209177771921841,0.0612702272264986,0.151541505622619
1999,43,0,134,120,128,64,0.0,0.0039903198032299,0.0329351943238178,0.0806877891596603,0.180681274204061
1999,43,4,49,50,147,160,0.0004485003175336,0.0014906050906345,0.0105874535955467,0.045077957463161,0.144049371498653
1999,43,4,183,170,275,224,0.0002196580107378,0.0027537918337276,0.0203201264152646,0.0567316918763876,0.152906744412012
1999,44,3,144,106,95,64,0.0003228752441281,0.0042881048631724,0.029092754986039,0.0598854685169354,0.180681274204061
1999,44,1,50,68,136,180,0.0001121250793834,0.0015210256026882,0.0143989368899436,0.0417047769727204,0.162055542935985
1999,44,4,194,174,231,244,0.0002196580107378,0.0029193203046074,0.0207982470368002,0.0476546211761656,0.166559132305941
1999,45,6,147,119,142,50,0.0006457504882562,0.0043774403811552,0.0326607343711193,0.0895130160989981,0.141157245471923
1999,45,4,55,61,151,177,0.0004485003175336,0.0016731281629571,0.012916693386567,0.0463045685505939,0.159354617220385
1999,45,10,202,180,293,227,0.0005491450268445,0.0030397046470655,0.0215154279691037,0.0604450389810239,0.154954602596101
1999,46,3,155,108,113,74,0.0003228752441281,0.0046156684291092,0.029641674891436,0.0712321888675126,0.208912723298446
1999,46,7,49,56,155,147,0.0007848755556838,0.0014906050906345,0.0118579480270123,0.0475311796380269,0.132345360064388
1999,46,10,204,164,268,221,0.0005491450268445,0.00306980073268,0.0196029454829611,0.0552876124468068,0.150858886227922
1999,47,2,119,115,136,79,0.000215250162752,0.0035436422133161,0.0315628945603254,0.085730775982139,0.223028447845638
1999,47,6,52,60,172,176,0.0006727504763004,0.0015818666267958,0.0127049443146561,0.0527442767596169,0.158454308648518
1999,47,8,171,175,308,255,0.0004393160214756,0.0025732153200406,0.0209177771921841,0.0635394949015541,0.174067945647603
1999,48,0,133,138,125,74,0.0,0.0039605412972356,0.0378754734723904,0.0787966691012307,0.208912723298446
1999,48,6,61,55,142,175,0.0006727504763004,0.0018556512352796,0.0116461989551014,0.0435446936038698,0.157554000076652
1999,48,6,194,193,267,249,0.0003294870161067,0.0029193203046074,0.0230693199890945,0.0550813153854382,0.169972229279424
1999,49,5,168,121,123,71,0.0005381254068801,0.0050027890070345,0.0332096542765163,0.077535922395611,0.200443288570131
1999,49,5,55,78,157,192,0.000560625396917,0.0016731281629571,0.0165164276090529,0.0481444851817434,0.172859245798384
1999,49,10,223,199,280,263,0.0005491450268445,0.0033557135460178,0.0237865009213979,0.057763177183231,0.179528900805174
1999,50,6,143,117,135,90,0.0006457504882562,0.0042583263571782,0.0321118144657223,0.0851004026293292,0.254083041849461
1999,50,3,71,69,183,224,0.0003363752381502,0.0021598563558173,0.0146106859618545,0.0561174572500575,0.201669120098114
1999,50,9,214,186,318,314,0.00049423052416,0.0032202811607525,0.0222326089014071,0.065602465515241,0.214342489934695
1999,51,2,138,122,143,92,0.000215250162752,0.0041094338272069,0.0334841142292147,0.090143389451808,0.259729331668338
1999,51,4,54,68,189,202,0.0004485003175336,0.0016427076509033,0.0143989368899436,0.057957373881207,0.18186233151705
1999,51,6,192,190,332,294,0.0003294870161067,0.0028892242189929,0.0227107295229428,0.0684906243744025,0.200690102040765
1999,52,4,156,127,162,103,0.0004305003255041,0.0046454469351035,0.0348564139927071,0.102120483155195,0.290783925672161
1999,52,4,76,76,217,251,0.0004485003175336,0.0023119589160861,0.016092929465231,0.0665436514932376,0.225977451538512
1999,52,8,232,203,379,354,0.0004393160214756,0.0034911459312831,0.0242646215429336,0.0781865862587306,0.241647265722554
2000,1,2,147,129,165,91,0.0002169079901302,0.0043663126456522,0.0350191604046779,0.0999040902902655,0.252362984361434
2000,1,4,67,91,234,271,0.0004522148210946,0.0020329577272922,0.0193406478577514,0.0705302522029272,0.238160596518984
2000,1,6,214,220,399,362,0.0003321182778321,0.0032120673231158,0.0262253993320339,0.0802928487631023,0.241578236743668
2000,2,5,158,114,159,118,0.0005422699753256,0.0046930435238983,0.0309471650087852,0.0962712142797104,0.327239913787353
2000,2,3,70,89,196,249,0.000339161115821,0.0021239856852307,0.0189155786740646,0.0590766215033065,0.218826525952868
2000,2,8,228,203,355,367,0.0004428243704428,0.0034222025685533,0.0241988912018313,0.0714384995260685,0.244914952720791
2000,3,6,170,131,171,110,0.0006507239703908,0.0050494772092576,0.0355620931241303,0.103536966300821,0.305054156920414
2000,3,1,69,71,201,269,0.0001130537052736,0.0020936430325845,0.015089956020883,0.0605836781743092,0.236402953740246
2000,3,7,239,202,372,379,0.0003874713241374,0.0035873088328256,0.0240796848412312,0.0748594980949225,0.252923071065885
2000,4,4,140,121,144,88,0.0004338159802605,0.0041583929958592,0.0328474295268685,0.0871890242533226,0.244043325536331
2000,4,2,66,70,221,256,0.0002261074105473,0.002002615074646,0.0148774214290395,0.0666119048583201,0.22497827567845
2000,4,6,206,191,365,344,0.0003321182778321,0.0030919900400087,0.0227684148746295,0.0734508516253944,0.229566059226027
2000,5,1,145,123,162,91,0.0001084539950651,0.0043069070314256,0.0333903622463208,0.098087652284988,0.252362984361434
2000,5,2,55,85,195,235,0.0002261074105473,0.0016688458955384,0.0180654403066909,0.058775210169106,0.206523026501702
2000,5,3,200,208,357,326,0.000166059138916,0.0030019320776783,0.0247949230048321,0.0718409699459337,0.217553881708386
2000,6,5,151,123,150,94,0.0005422699753256,0.0044851238741053,0.0333903622463208,0.0908219002638778,0.260682643186536
2000,6,2,54,66,191,241,0.0002261074105473,0.0016385032428922,0.0140272830616659,0.0575695648323038,0.211795954837916
2000,6,7,205,189,341,335,0.0003874713241374,0.0030769803796203,0.0225300021534292,0.0686212065870123,0.223559970467207
2000,7,4,153,129,152,74,0.0004338159802605,0.0045445294883319,0.0350191604046779,0.0920328589340628,0.205218251019188
2000,7,5,58,71,187,217,0.0005652685263683,0.0017598738534768,0.015089956020883,0.0563639194955016,0.190704241493061
2000,7,9,211,200,339,291,0.0004981774167481,0.0031670383419507,0.0238412721200309,0.0682187361671471,0.194196869868529
2000,8,5,142,118,112,81,0.0005422699753256,0.0042177986100858,0.0320330304476899,0.0678136855303621,0.22463078827776
2000,8,4,62,66,172,231,0.0004522148210946,0.0018812444640614,0.0140272830616659,0.0518427494824935,0.203007740944226
2000,8,9,204,184,284,312,0.0004981774167481,0.0030619707192319,0.0219339703504284,0.0571507996208548,0.208211076972443
2000,9,5,142,137,151,89,0.0005422699753256,0.0042177986100858,0.0371908912824874,0.0914273795989703,0.246816545144699
2000,9,4,74,82,206,215,0.0004522148210946,0.0022453562958153,0.0174278365311606,0.062090734845312,0.188946598714323
2000,9,9,216,219,357,304,0.0004981774167481,0.0032420866438926,0.0261061929714338,0.0718409699459337,0.202872331409047
2000,10,5,151,104,144,99,0.0005422699753256,0.0044851238741053,0.0282325014115233,0.0871890242533226,0.274548741228373
2000,10,3,69,72,187,202,0.000339161115821,0.0020936430325845,0.0153024906127264,0.0563639194955016,0.177521920652527
2000,10,8,220,176,331,301,0.0004428243704428,0.0033021252854462,0.0209803194656272,0.0666088544876864,0.200870301822774
2000,11,4,135,114,120,84,0.0004338159802605,0.0040098789602928,0.0309471650087852,0.0726575202111022,0.232950447102862
2000,11,5,65,79,163,199,0.0005652685263683,0.0019722724219999,0.0167902327556303,0.0491300474746886,0.17488545648442
2000,11,9,200,193,283,283,0.0004981774167481,0.0030019320776783,0.0230068275958298,0.0569495644109222,0.188858124305133
2000,12,4,154,108,121,87,0.0004338159802605,0.0045742322954452,0.029318366850428,0.0732629995461947,0.241270105927964
2000,12,2,73,74,137,199,0.0002261074105473,0.0022150136431691,0.0157275597964132,0.0412933527854745,0.17488545648442
2000,12,6,227,182,258,286,0.0003321182778321,0.0034071929081649,0.0216955576292281,0.0519186841626075,0.190860153891406
2000,13,2,126,103,113,74,0.0002169079901302,0.0037425536962733,0.0279610350517971,0.0684191648654546,0.205218251019188
2000,13,1,45,70,163,196,0.0001130537052736,0.0013654193690768,0.0148774214290395,0.0491300474746886,0.172248992316313
2000,13,3,171,173,276,270,0.000166059138916,0.002566651926415,0.0206227003838267,0.0555409179413941,0.180182662764614
2000,14,0,144,103,118,81,0.0,0.0042772042243123,0.0279610350517971,0.0714465615409172,0.22463078827776
2000,14,3,69,70,155,192,0.000339161115821,0.0020936430325845,0.0148774214290395,0.0467187568010842,0.168733706758838
2000,14,3,213,173,273,273,0.000166059138916,0.0031970576627274,0.0206227003838267,0.0549372123115963,0.182184692350888
2000,15,8,149,102,118,75,0.0008676319605211,0.0044257182598788,0.0276895686920709,0.0714465615409172,0.207991470627555
2000,15,3,66,64,177,200,0.000339161115821,0.002002615074646,0.013602213877979,0.0533498061534962,0.175764277873789
2000,15,11,215,166,295,275,0.0006088835093588,0.0032270769835042,0.0197882558596256,0.0593643869301133,0.183519378741737
2000,16,9,120,114,136,75,0.0009760859555862,0.0035643368535936,0.0309471650087852,0.0823451895725825,0.207991470627555
2000,16,4,55,68,164,176,0.0004522148210946,0.0016688458955384,0.0144523522453527,0.0494314588088891,0.154672564528934
2000,16,13,175,182,300,251,0.0007195896019695,0.0026266905679685,0.0216955576292281,0.0603705629797762,0.167503142051549
2000,17,1,140,104,131,55,0.0001084539950651,0.0041583929958592,0.0282325014115233,0.0793177928971199,0.152527078460207
2000,17,1,60,72,174,178,0.0001130537052736,0.0018205591587691,0.0153024906127264,0.0524455721508946,0.156430207307672
2000,17,2,200,176,305,233,0.0001107060926107,0.0030019320776783,0.0209803194656272,0.0613767390294391,0.155490964533908
2000,18,1,142,94,116,65,0.0001084539950651,0.0042177986100858,0.0255178378142614,0.0702356028707321,0.180259274543881
2000,18,2,51,60,167,194,0.0002261074105473,0.0015474752849538,0.0127520755106053,0.0503356928114908,0.170491349537575
2000,18,3,193,154,283,259,0.000166059138916,0.0028968644549596,0.0183577795324238,0.0569495644109222,0.172841887614945
2000,19,4,146,123,124,81,0.0004338159802605,0.0043366098385389,0.0333903622463208,0.0750794375514723,0.22463078827776
2000,19,2,60,59,179,182,0.0002261074105473,0.0018205591587691,0.0125395409187619,0.0539526288218973,0.159945492865148
2000,19,6,206,182,303,263,0.0003321182778321,0.0030919900400087,0.0216955576292281,0.060974268609574,0.175511260396643
2000,20,6,154,117,131,64,0.0006507239703908,0.0045742322954452,0.0317615640879637,0.0793177928971199,0.177486054935514
2000,20,2,54,62,140,171,0.0002261074105473,0.0016385032428922,0.0131771446942922,0.0421975867880761,0.15027845758209
2000,20,8,208,179,271,235,0.0004428243704428,0.0031220093607855,0.0213379385474276,0.0545347418917312,0.156825650924757
2000,21,1,123,115,136,52,0.0001084539950651,0.0036534452749335,0.0312186313685113,0.0823451895725825,0.144207419635105
2000,21,3,51,58,160,172,0.000339161115821,0.0015474752849538,0.0123270063269185,0.048225813472087,0.151157278971459
2000,21,4,174,173,296,224,0.0002214121852214,0.0026116809075802,0.0206227003838267,0.0595656221400458,0.149484875775087
2000,22,1,123,103,113,45,0.0001084539950651,0.0036534452749335,0.0279610350517971,0.0684191648654546,0.124794882376533
2000,22,2,61,69,154,186,0.0002261074105473,0.0018509018114153,0.0146648868371961,0.0464173454668837,0.163460778422624
2000,22,3,184,172,267,231,0.000166059138916,0.0027617775114641,0.0205034940232265,0.0537298010520008,0.154156278143059
2000,23,4,134,113,116,72,0.0004338159802605,0.0039801761531795,0.030675698649059,0.0702356028707321,0.199671811802453
2000,23,3,81,63,159,168,0.000339161115821,0.0024577548643383,0.0133896792861356,0.0479244021378864,0.147641993413983
2000,23,7,215,176,275,240,0.0003874713241374,0.0032270769835042,0.0209803194656272,0.0553396827314615,0.160162366901879
2000,24,2,140,100,113,68,0.0002169079901302,0.0041583929958592,0.0271466359726186,0.0684191648654546,0.188578933368983
2000,24,4,66,56,142,168,0.0004522148210946,0.002002615074646,0.0119019371432316,0.0428004094564772,0.147641993413983
2000,24,6,206,156,255,236,0.0003321182778321,0.0030919900400087,0.0185961922536241,0.0513149785328098,0.157492994120181
2000,25,2,194,129,122,71,0.0002169079901302,0.0057623445799764,0.0350191604046779,0.0738684788812872,0.196898592194085
2000,25,6,62,70,161,170,0.000678322231642,0.0018812444640614,0.0148774214290395,0.0485272248062875,0.149399636192721
2000,25,8,256,199,283,241,0.0004428243704428,0.0038424730594283,0.0237220657594307,0.0569495644109222,0.160829710097304
2000,26,3,158,110,124,84,0.0003253619851954,0.0046930435238983,0.0298612995698804,0.0750794375514723,0.232950447102862
2000,26,1,47,77,162,187,0.0001130537052736,0.0014261046743691,0.0163651635719435,0.0488286361404881,0.164339599811993
2000,26,4,205,187,286,271,0.0002214121852214,0.0030769803796203,0.0222915894322289,0.05755327004072,0.180850005960039
2000,27,2,168,109,140,60,0.0002169079901302,0.0049900715950311,0.0295898332101542,0.0847671069129526,0.166393176502044
2000,27,3,78,52,142,162,0.000339161115821,0.0023667269063999,0.011051798775858,0.0428004094564772,0.142369065077769
2000,27,5,246,161,282,222,0.0002767652315267,0.0036923764555444,0.0191922240566248,0.0567483292009896,0.148150189384238
2000,28,7,137,138,120,75,0.0007591779654559,0.0040692845745194,0.0374623576422136,0.0726575202111022,0.207991470627555
2000,28,1,55,64,138,182,0.0001130537052736,0.0016688458955384,0.013602213877979,0.041594764119675,0.159945492865148
2000,28,8,192,202,258,257,0.0004428243704428,0.0028818547945712,0.0240796848412312,0.0519186841626075,0.171507201224096
2000,29,3,153,111,86,61,0.0003253619851954,0.0045445294883319,0.0301327659296066,0.0520712228179566,0.169166396110411
2000,29,5,57,60,160,166,0.0005652685263683,0.0017295312008307,0.0127520755106053,0.048225813472087,0.145884350635245
2000,29,8,210,171,246,227,0.0004428243704428,0.0031520286815623,0.0203842876626264,0.0495038616434165,0.151486905361361
2000,30,5,120,102,112,67,0.0005422699753256,0.0035643368535936,0.0276895686920709,0.0678136855303621,0.185805713760616
2000,30,4,66,66,130,158,0.0004522148210946,0.002002615074646,0.0140272830616659,0.0391834734460707,0.138853779520293
2000,30,9,186,168,242,225,0.0004981774167481,0.0027917968322409,0.0200266685808259,0.0486989208036861,0.150152218970512
2000,31,3,131,89,135,50,0.0003253619851954,0.0038910677318397,0.0241605060156305,0.08173971023749,0.13866098041837
2000,31,6,54,80,139,170,0.000678322231642,0.0016385032428922,0.0170027673474738,0.0418961754538755,0.149399636192721
2000,31,9,185,169,274,220,0.0004981774167481,0.0027767871718525,0.0201458749414261,0.0551384475215289,0.146815502993389
2000,32,4,147,108,128,62,0.0004338159802605,0.0043663126456522,0.029318366850428,0.0775013548918423,0.171939615718779
2000,32,2,73,57,153,174,0.0002261074105473,0.0022150136431691,0.0121144717350751,0.0461159341326832,0.152914921750197
2000,32,6,220,165,281,236,0.0003321182778321,0.0033021252854462,0.0196690494990255,0.056547093991057,0.157492994120181
2000,33,3,144,98,117,74,0.0003253619851954,0.0042772042243123,0.0266037032531662,0.0708410822058246,0.205218251019188
2000,33,2,59,60,146,149,0.0002261074105473,0.001790216506123,0.0127520755106053,0.0440060547932794,0.130944387015973
2000,33,5,203,158,263,223,0.0002767652315267,0.0030469610588435,0.0188346049748244,0.0529248602122705,0.148817532579663
2000,34,3,150,116,109,48,0.0003253619851954,0.004455421066992,0.0314900977282375,0.0659972475250845,0.133114541201635
2000,34,3,66,53,169,186,0.000339161115821,0.002002615074646,0.0112643333677014,0.0509385154798919,0.163460778422624
2000,34,6,216,169,278,234,0.0003321182778321,0.0032420866438926,0.0201458749414261,0.0559433883612593,0.156158307729332
2000,35,3,147,95,144,63,0.0003253619851954,0.0043663126456522,0.0257893041739876,0.0871890242533226,0.174712835327146
2000,35,3,69,65,153,171,0.000339161115821,0.0020936430325845,0.0138147484698224,0.0461159341326832,0.15027845758209
2000,35,6,216,160,297,234,0.0003321182778321,0.0032420866438926,0.0190730176960247,0.0597668573499784,0.156158307729332
2000,36,5,139,105,119,69,0.0005422699753256,0.0041286901887459,0.0285039677712495,0.0720520408760097,0.191352152977351
2000,36,2,49,56,157,164,0.0002261074105473,0.0014867899796614,0.0119019371432316,0.0473215794694853,0.144126707856507
2000,36,7,188,161,276,233,0.0003874713241374,0.0028218161530176,0.0191922240566248,0.0555409179413941,0.155490964533908
2000,37,6,141,102,114,81,0.0006507239703908,0.0041880958029725,0.0276895686920709,0.0690246442005471,0.22463078827776
2000,37,2,64,75,153,154,0.0002261074105473,0.0019419297693537,0.0159400943882567,0.0461159341326832,0.135338493962818
2000,37,8,205,177,267,235,0.0004428243704428,0.0030769803796203,0.0210995258262273,0.0537298010520008,0.156825650924757
2000,38,5,136,123,132,60,0.0005422699753256,0.0040395817674061,0.0333903622463208,0.0799232722322124,0.166393176502044
2000,38,1,56,66,155,159,0.0001130537052736,0.0016991885481845,0.0140272830616659,0.0467187568010842,0.139732600909662
2000,38,6,192,189,287,219,0.0003321182778321,0.0028818547945712,0.0225300021534292,0.0577545052506526,0.146148159797965
2000,39,5,141,107,133,70,0.0005422699753256,0.0041880958029725,0.0290469004907019,0.0805287515673049,0.194125372585718
2000,39,3,74,59,154,158,0.000339161115821,0.0022453562958153,0.0125395409187619,0.0464173454668837,0.138853779520293
2000,39,8,215,166,287,228,0.0004428243704428,0.0032270769835042,0.0197882558596256,0.0577545052506526,0.152154248556785
2000,40,2,133,111,122,69,0.0002169079901302,0.0039504733460663,0.0301327659296066,0.0738684788812872,0.191352152977351
2000,40,7,53,51,137,170,0.0007913759369157,0.0016081605902461,0.0108392641840145,0.0412933527854745,0.149399636192721
2000,40,9,186,162,259,239,0.0004981774167481,0.0027917968322409,0.019311430417225,0.0521199193725401,0.159495023706455
2000,41,2,137,112,130,60,0.0002169079901302,0.0040692845745194,0.0304042322893328,0.0787123135620274,0.166393176502044
2000,41,2,54,61,137,176,0.0002261074105473,0.0016385032428922,0.0129646101024487,0.0412933527854745,0.154672564528934
2000,41,4,191,173,267,236,0.0002214121852214,0.0028668451341828,0.0206227003838267,0.0537298010520008,0.157492994120181
2000,42,2,129,98,101,74,0.0002169079901302,0.0038316621176131,0.0266037032531662,0.0611534128443443,0.205218251019188
2000,42,0,44,68,153,156,0.0,0.0013350767164307,0.0144523522453527,0.0461159341326832,0.137096136741556
2000,42,2,173,166,254,230,0.0001107060926107,0.0025966712471918,0.0197882558596256,0.0511137433228772,0.153488934947634
2000,43,8,139,94,108,61,0.0008676319605211,0.0041286901887459,0.0255178378142614,0.065391768189992,0.169166396110411
2000,43,1,70,69,154,159,0.0001130537052736,0.0021239856852307,0.0146648868371961,0.0464173454668837,0.139732600909662
2000,43,9,209,163,262,220,0.0004981774167481,0.0031370190211739,0.0194306367778251,0.0527236250023379,0.146815502993389
2000,44,2,117,103,117,57,0.0002169079901302,0.0034752284322538,0.0279610350517971,0.0708410822058246,0.158073517676942
2000,44,2,51,54,158,191,0.0002261074105473,0.0015474752849538,0.0114768679595448,0.0476229908036859,0.167854885369469
2000,44,4,168,157,275,248,0.0002214121852214,0.0025216229452498,0.0187153986142242,0.0553396827314615,0.165501112465275
2000,45,5,147,102,130,64,0.0005422699753256,0.0043663126456522,0.0276895686920709,0.0787123135620274,0.177486054935514
2000,45,6,59,60,172,173,0.000678322231642,0.001790216506123,0.0127520755106053,0.0518427494824935,0.152036100360828
2000,45,11,206,162,302,237,0.0006088835093588,0.0030919900400087,0.019311430417225,0.0607730333996414,0.158160337315606
2000,46,5,142,115,141,64,0.0005422699753256,0.0042177986100858,0.0312186313685113,0.0853725862480451,0.177486054935514
2000,46,5,64,54,127,179,0.0005652685263683,0.0019419297693537,0.0114768679595448,0.038279239443469,0.157309028697041
2000,46,10,206,169,268,243,0.0005535304630535,0.0030919900400087,0.0201458749414261,0.0539310362619334,0.162164396488153
2000,47,4,126,107,117,77,0.0004338159802605,0.0037425536962733,0.0290469004907019,0.0708410822058246,0.21353790984429
2000,47,3,52,68,131,158,0.000339161115821,0.0015778179375999,0.0144523522453527,0.0394848847802712,0.138853779520293
2000,47,7,178,175,248,235,0.0003874713241374,0.0026717195491337,0.020861113105027,0.0499063320632817,0.156825650924757
2000,48,3,134,100,136,73,0.0003253619851954,0.0039801761531795,0.0271466359726186,0.0823451895725825,0.20244503141082
2000,48,3,60,56,179,185,0.000339161115821,0.0018205591587691,0.0119019371432316,0.0539526288218973,0.162581957033255
2000,48,6,194,156,315,258,0.0003321182778321,0.002911874115348,0.0185961922536241,0.063389091128765,0.17217454441952
2000,49,3,124,86,127,76,0.0003253619851954,0.0036831480820467,0.023346106936452,0.0768958755567498,0.210764690235923
2000,49,2,63,75,159,181,0.0002261074105473,0.0019115871167076,0.0159400943882567,0.0479244021378864,0.159066671475779
2000,49,5,187,161,286,257,0.0002767652315267,0.0028068064926292,0.0191922240566248,0.05755327004072,0.171507201224096
2000,50,1,149,127,120,82,0.0001084539950651,0.0044257182598788,0.0344762276852256,0.0726575202111022,0.227404007886127
2000,50,1,56,72,174,178,0.0001130537052736,0.0016991885481845,0.0153024906127264,0.0524455721508946,0.156430207307672
2000,50,2,205,199,294,260,0.0001107060926107,0.0030769803796203,0.0237220657594307,0.0591631517201807,0.173509230810369
2000,51,0,145,127,136,77,0.0,0.0043069070314256,0.0344762276852256,0.0823451895725825,0.21353790984429
2000,51,1,64,72,147,182,0.0001130537052736,0.0019419297693537,0.0153024906127264,0.0443074661274799,0.159945492865148
2000,51,1,209,199,283,259,5.53530463053535e-05,0.0031370190211739,0.0237220657594307,0.0569495644109222,0.172841887614945
2000,52,4,151,121,144,85,0.0004338159802605,0.0044851238741053,0.0328474295268685,0.0871890242533226,0.235723666711229
2000,52,4,66,73,183,206,0.0004522148210946,0.002002615074646,0.0155150252045698,0.0551582741586995,0.181037206210003
2000,52,8,217,194,327,291,0.0004428243704428,0.003257096304281,0.0231260339564299,0.0658039136479561,0.194196869868529
2001,1,4,124,115,138,74,0.0004363303997461,0.0036753895650787,0.0308895604907156,0.0796333708384606,0.202892677891766
2001,1,4,78,66,172,209,0.0004550200809771,0.0023618328505903,0.0140767833695997,0.0507133424960165,0.180618650739114
2001,1,8,202,181,310,283,0.0004454792993754,0.0030256225617312,0.0215181295810742,0.0604930667371356,0.18595678741869
2001,2,6,137,104,120,84,0.0006544955996192,0.0040607126646434,0.0279349068785602,0.0692464094247484,0.230310607336599
2001,2,2,72,55,162,175,0.0002275100404885,0.0021801534005449,0.0117306528079997,0.0477648923508992,0.151235712341364
2001,2,8,209,159,282,259,0.0004454792993754,0.0031304708683258,0.0189026663170762,0.0550291768382976,0.170186600499791
2001,3,4,140,120,107,74,0.0004363303997461,0.0041496333799276,0.0322325848598771,0.0617447150704006,0.202892677891766
2001,3,3,54,70,158,204,0.0003412650607328,0.0016351150504086,0.014929921755636,0.0465855122928523,0.176297630386504
2001,3,7,194,190,265,278,0.0003897943869535,0.002905795925623,0.022588091825437,0.0517118151140031,0.182671331810586
2001,4,4,150,102,147,73,0.0004363303997461,0.0044460357642081,0.0273976971308955,0.0848268515453167,0.200150884947282
2001,4,1,51,51,165,183,0.0001137550202442,0.0015442753253859,0.0108775144219634,0.0486494273944344,0.15814934490554
2001,4,5,201,153,312,256,0.0002784245621096,0.0030106442322177,0.0181893581541677,0.0608833445870526,0.168215327134928
2001,5,0,131,107,140,90,0.0,0.0038828712340751,0.0287407215000571,0.0807874776622064,0.246761365003499
2001,5,2,60,68,134,192,0.0002275100404885,0.0018167945004541,0.0145033525626179,0.039509231944571,0.165927181540239
2001,5,2,191,175,274,282,0.0001113698248438,0.0028608609370825,0.0208048214181656,0.0534680654386296,0.185299696297069
2001,6,1,150,107,152,65,0.0001090825999365,0.0044460357642081,0.0287407215000571,0.0877121186046813,0.178216541391416
2001,6,2,69,53,161,183,0.0002275100404885,0.0020893136755222,0.0113040836149816,0.0474700473363875,0.15814934490554
2001,6,3,219,160,313,248,0.0001670547372657,0.003280254163461,0.0190215510108943,0.0610784835120112,0.162958598161962
2001,7,2,133,118,129,78,0.000218165199873,0.0039421517109312,0.0316953751122125,0.0744398901316045,0.213859849669699
2001,7,1,61,79,161,179,0.0001137550202442,0.001847074408795,0.0168494831242178,0.0474700473363875,0.154692528623452
2001,7,3,194,197,290,257,0.0001670547372657,0.002905795925623,0.0234202846821636,0.0565902882379656,0.168872418256549
2001,8,6,145,118,136,79,0.0006544955996192,0.0042978345720679,0.0316953751122125,0.0784792640147148,0.216601642614182
2001,8,2,55,79,174,198,0.0002275100404885,0.0016653949587495,0.0168494831242178,0.0513030325250399,0.171112405963372
2001,8,8,200,197,310,277,0.0004454792993754,0.0029956659027041,0.0234202846821636,0.0604930667371356,0.182014240688965
2001,9,4,143,119,144,81,0.0004363303997461,0.0042385540952117,0.0319639799860448,0.083095691309698,0.222085228503149
2001,9,1,40,65,173,211,0.0001137550202442,0.001211196333636,0.0138634987730906,0.0510081875105282,0.182347058880159
2001,9,5,183,184,317,292,0.0002784245621096,0.0027410343009743,0.0218747836625285,0.0618590392118452,0.191870607513277
2001,10,5,138,124,123,61,0.0005454129996826,0.0040903529030715,0.0333070043552063,0.0709775696603671,0.167249369613483
2001,10,3,70,70,175,221,0.0003412650607328,0.0021195935838631,0.014929921755636,0.0515978775395516,0.190989099585379
2001,10,8,208,194,298,282,0.0004454792993754,0.0031154925388123,0.0230636306007093,0.0581513996376336,0.185299696297069
2001,11,7,144,123,127,64,0.0007635781995557,0.0042681943336398,0.033038399481374,0.0732857833078587,0.175474748446933
2001,11,4,54,77,168,172,0.0004550200809771,0.0016351150504086,0.0164229139311996,0.0495339624379696,0.148643100129797
2001,11,11,198,200,295,236,0.0006125340366412,0.0029657092436771,0.0237769387636179,0.0575659828627581,0.155073504702512
2001,12,2,143,113,138,56,0.000218165199873,0.0042385540952117,0.0303523507430509,0.0796333708384606,0.153540404891066
2001,12,1,55,69,152,213,0.0001137550202442,0.0016653949587495,0.0147166371591269,0.044816442205782,0.184075467021203
2001,12,3,198,182,290,269,0.0001670547372657,0.0029657092436771,0.0216370142748923,0.0565902882379656,0.176757511715999
2001,13,1,138,96,123,72,0.0001090825999365,0.0040903529030715,0.0257860678879017,0.0709775696603671,0.197409092002799
2001,13,1,51,72,155,199,0.0001137550202442,0.0015442753253859,0.0153564909486542,0.0457009772493172,0.171976610033894
2001,13,2,189,168,278,271,0.0001113698248438,0.0028309042780554,0.019972628561439,0.0542486211384636,0.17807169395924
2001,14,5,163,120,143,88,0.0005454129996826,0.0048313588637728,0.0322325848598771,0.0825186378978251,0.241277779114532
2001,14,4,62,60,176,181,0.0004550200809771,0.0018773543171359,0.0127970757905452,0.0518927225540634,0.156420936764496
2001,14,9,225,180,319,269,0.0005011642117973,0.0033701241405422,0.0213992448872561,0.0622493170617622,0.176757511715999
2001,15,3,132,104,146,54,0.0003272477998096,0.0039125114725031,0.0279349068785602,0.0842497981334438,0.148056819002099
2001,15,4,62,68,175,198,0.0004550200809771,0.0018773543171359,0.0145033525626179,0.0515978775395516,0.171112405963372
2001,15,7,194,172,321,252,0.0003897943869535,0.002905795925623,0.0204481673367114,0.0626395949116792,0.165586962648445
2001,16,4,115,97,138,75,0.0004363303997461,0.0034086274192262,0.026054672761734,0.0796333708384606,0.205634470836249
2001,16,2,72,59,160,204,0.0002275100404885,0.0021801534005449,0.0125837911940361,0.0471752023218758,0.176297630386504
2001,16,6,187,156,298,279,0.0003341094745315,0.0028009476190284,0.0185460122356219,0.0581513996376336,0.183328422932207
2001,17,3,154,111,145,84,0.0003272477998096,0.0045645967179203,0.0298151409953863,0.0836727447215709,0.230310607336599
2001,17,2,61,59,168,167,0.0002275100404885,0.001847074408795,0.0125837911940361,0.0495339624379696,0.144322079777187
2001,17,5,215,170,313,251,0.0002784245621096,0.003220340845407,0.0202103979490752,0.0610784835120112,0.164929871526824
2001,18,5,168,120,114,78,0.0005454129996826,0.0049795600559131,0.0322325848598771,0.0657840889535109,0.213859849669699
2001,18,2,67,46,181,182,0.0002275100404885,0.0020287538588404,0.0098110914394179,0.053366947626622,0.157285140835018
2001,18,7,235,166,295,260,0.0003897943869535,0.0035199074356774,0.0197348591738028,0.0575659828627581,0.170843691621411
2001,19,2,158,121,130,76,0.000218165199873,0.0046831576716326,0.0325011897337094,0.0750169435434774,0.208376263780732
2001,19,2,56,62,169,175,0.0002275100404885,0.0016956748670904,0.0132236449835633,0.0498288074524813,0.151235712341364
2001,19,4,214,183,299,251,0.0002227396496877,0.0032053625158934,0.0217558989687104,0.0583465385625921,0.164929871526824
2001,20,2,135,118,135,84,0.000218165199873,0.0040014321877873,0.0316953751122125,0.0779022106028419,0.230310607336599
2001,20,2,60,75,160,202,0.0002275100404885,0.0018167945004541,0.0159963447381815,0.0471752023218758,0.17456922224546
2001,20,4,195,193,295,286,0.0002227396496877,0.0029207742551365,0.0229447459068913,0.0575659828627581,0.187928060783552
2001,21,6,137,98,118,59,0.0006544955996192,0.0040607126646434,0.0263232776355663,0.0680923026010025,0.161765783724516
2001,21,0,57,66,149,176,0.0,0.0017259547754314,0.0140767833695997,0.0439319071622468,0.152099916411886
2001,21,6,194,164,267,235,0.0003341094745315,0.002905795925623,0.0194970897861667,0.0521020929639201,0.154416413580891
2001,22,0,119,101,126,86,0.0,0.0035271883729384,0.0271290922570632,0.0727087298959858,0.235794193225566
2001,22,3,54,65,165,194,0.0003412650607328,0.0016351150504086,0.0138634987730906,0.0486494273944344,0.167655589681283
2001,22,3,173,166,291,280,0.0001670547372657,0.0025912510058391,0.0197348591738028,0.0567854271629241,0.183985514053828
2001,23,4,150,100,131,75,0.0004363303997461,0.0044460357642081,0.0268604873832309,0.0755939969553503,0.205634470836249
2001,23,4,66,75,160,188,0.0004550200809771,0.0019984739504995,0.0159963447381815,0.0471752023218758,0.162470365258151
2001,23,8,216,175,291,263,0.0004454792993754,0.0032353191749205,0.0208048214181656,0.0567854271629241,0.172814964986274
2001,24,3,138,126,112,81,0.0003272477998096,0.0040903529030715,0.033844214102871,0.0646299821297651,0.222085228503149
2001,24,1,78,57,186,182,0.0001137550202442,0.0023618328505903,0.0121572220010179,0.0548411726991806,0.157285140835018
2001,24,4,216,183,298,263,0.0002227396496877,0.0032353191749205,0.0217558989687104,0.0581513996376336,0.172814964986274
2001,25,5,136,99,140,68,0.0005454129996826,0.0040310724262154,0.0265918825093986,0.0807874776622064,0.186441920224866
2001,25,0,64,68,162,201,0.0,0.0019379141338177,0.0145033525626179,0.0477648923508992,0.173705018174938
2001,25,5,200,167,302,269,0.0002784245621096,0.0029956659027041,0.0198537438676209,0.0589319553374676,0.176757511715999
2001,26,3,159,129,143,71,0.0003272477998096,0.0047127979100606,0.0346500287243679,0.0825186378978251,0.194667299058316
2001,26,3,51,70,186,191,0.0003412650607328,0.0015442753253859,0.014929921755636,0.0548411726991806,0.165062977469717
2001,26,6,210,199,329,262,0.0003341094745315,0.0031454491978393,0.0236580540697998,0.0642007063113472,0.172157873864653
2001,27,4,153,112,140,77,0.0004363303997461,0.0045349564794923,0.0300837458692186,0.0807874776622064,0.211118056725216
2001,27,2,62,77,146,186,0.0002275100404885,0.0018773543171359,0.0164229139311996,0.0430473721187116,0.160741957117107
2001,27,6,215,189,286,263,0.0003341094745315,0.003220340845407,0.0224692071316189,0.0558097325381316,0.172814964986274
2001,28,3,145,109,130,77,0.0003272477998096,0.0042978345720679,0.0292779312477217,0.0750169435434774,0.211118056725216
2001,28,5,63,58,164,177,0.0005687751012214,0.0019076342254768,0.012370506597527,0.0483545823799227,0.152964120482408
2001,28,8,208,167,294,254,0.0004454792993754,0.0031154925388123,0.0198537438676209,0.0573708439377996,0.166901144891686
2001,29,2,138,93,134,60,0.000218165199873,0.0040903529030715,0.0249802532664048,0.077325157190969,0.164507576668999
2001,29,1,55,60,134,165,0.0001137550202442,0.0016653949587495,0.0127970757905452,0.039509231944571,0.142593671636143
2001,29,3,193,153,268,225,0.0001670547372657,0.0028908175961095,0.0181893581541677,0.0522972318888786,0.147845502364683
2001,30,5,147,109,134,54,0.0005454129996826,0.004357115048924,0.0292779312477217,0.077325157190969,0.148056819002099
2001,30,1,64,51,161,175,0.0001137550202442,0.0019379141338177,0.0108775144219634,0.0474700473363875,0.151235712341364
2001,30,6,211,160,295,229,0.0003341094745315,0.0031604275273529,0.0190215510108943,0.0575659828627581,0.150473866851166
2001,31,6,150,105,127,63,0.0006544955996192,0.0044460357642081,0.0282035117523925,0.0732857833078587,0.172732955502449
2001,31,1,62,56,147,155,0.0001137550202442,0.0018773543171359,0.0119439374045088,0.0433422171332234,0.133951630930922
2001,31,7,212,161,274,218,0.0003897943869535,0.0031754058568664,0.0191404357047124,0.0534680654386296,0.143245864513337
2001,32,1,140,109,111,75,0.0001090825999365,0.0041496333799276,0.0292779312477217,0.0640529287178922,0.205634470836249
2001,32,1,49,66,149,186,0.0001137550202442,0.0014837155087041,0.0140767833695997,0.0439319071622468,0.160741957117107
2001,32,2,189,175,260,261,0.0001113698248438,0.0028309042780554,0.0208048214181656,0.0507361204892105,0.171500782743032
2001,33,1,134,98,130,65,0.0001090825999365,0.0039717919493593,0.0263232776355663,0.0750169435434774,0.178216541391416
2001,33,2,54,60,153,179,0.0002275100404885,0.0016351150504086,0.0127970757905452,0.0451112872202937,0.154692528623452
2001,33,3,188,158,283,244,0.0001670547372657,0.0028159259485419,0.0187837816232581,0.0552243157632561,0.160330233675478
2001,34,3,128,86,127,69,0.0003272477998096,0.0037939505187909,0.0231000191495786,0.0732857833078587,0.189183713169349
2001,34,2,74,61,151,187,0.0002275100404885,0.0022407132172267,0.0130103603870543,0.0445215971912703,0.161606161187629
2001,34,5,202,147,278,256,0.0002784245621096,0.0030256225617312,0.0174760499912591,0.0542486211384636,0.168215327134928
2001,35,1,135,95,124,81,0.0001090825999365,0.0040014321877873,0.0255174630140694,0.07155462307224,0.222085228503149
2001,35,4,66,53,159,166,0.0004550200809771,0.0019984739504995,0.0113040836149816,0.0468803573073641,0.143457875706665
2001,35,5,201,148,283,247,0.0002784245621096,0.0030106442322177,0.0175949346850772,0.0552243157632561,0.162301507040341
2001,36,3,133,100,139,84,0.0003272477998096,0.0039421517109312,0.0268604873832309,0.0802104242503335,0.230310607336599
2001,36,1,54,59,152,162,0.0001137550202442,0.0016351150504086,0.0125837911940361,0.044816442205782,0.140001059424577
2001,36,4,187,159,291,246,0.0002227396496877,0.0028009476190284,0.0189026663170762,0.0567854271629241,0.16164441591872
2001,37,6,134,97,130,62,0.0006544955996192,0.0039717919493593,0.026054672761734,0.0750169435434774,0.169991162557966
2001,37,1,58,71,158,193,0.0001137550202442,0.0017562346837723,0.0151432063521451,0.0465855122928523,0.166791385610761
2001,37,7,192,168,288,255,0.0003897943869535,0.002875839266596,0.019972628561439,0.0562000103880486,0.167558236013307
2001,38,2,140,109,141,66,0.000218165199873,0.0041496333799276,0.0292779312477217,0.0813645310740793,0.180958334335899
2001,38,1,65,66,173,166,0.0001137550202442,0.0019681940421586,0.0140767833695997,0.0510081875105282,0.143457875706665
2001,38,3,205,175,314,232,0.0001670547372657,0.0030705575502717,0.0208048214181656,0.0612736224369697,0.152445140216029
2001,39,7,121,99,129,72,0.0007635781995557,0.0035864688497945,0.0265918825093986,0.0744398901316045,0.197409092002799
2001,39,5,62,52,155,206,0.0005687751012214,0.0018773543171359,0.0110907990184725,0.0457009772493172,0.178026038527548
2001,39,12,183,151,284,278,0.0006682189490631,0.0027410343009743,0.0179515887665315,0.0554194546882146,0.182671331810586
2001,40,4,139,97,153,63,0.0004363303997461,0.0041199931414995,0.026054672761734,0.0882891720165541,0.172732955502449
2001,40,1,61,59,166,198,0.0001137550202442,0.001847074408795,0.0125837911940361,0.0489442724089461,0.171112405963372
2001,40,5,200,156,319,261,0.0002784245621096,0.0029956659027041,0.0185460122356219,0.0622493170617622,0.171500782743032
2001,41,3,130,100,116,60,0.0003272477998096,0.003853230995647,0.0268604873832309,0.0669381957772567,0.164507576668999
2001,41,0,56,52,174,194,0.0,0.0016956748670904,0.0110907990184725,0.0513030325250399,0.167655589681283
2001,41,3,186,152,290,254,0.0001670547372657,0.0027859692895148,0.0180704734603496,0.0565902882379656,0.166901144891686
2001,42,8,121,103,124,65,0.0008726607994922,0.0035864688497945,0.0276663020047279,0.07155462307224,0.178216541391416
2001,42,1,53,57,121,194,0.0001137550202442,0.0016048351420677,0.0121572220010179,0.0356762467559186,0.167655589681283
2001,42,9,174,160,245,259,0.0005011642117973,0.0026062293353526,0.0190215510108943,0.047809036614833,0.170186600499791
2001,43,2,144,105,123,71,0.000218165199873,0.0042681943336398,0.0282035117523925,0.0709775696603671,0.194667299058316
2001,43,2,49,60,145,178,0.0002275100404885,0.0014837155087041,0.0127970757905452,0.0427525271041999,0.15382832455293
2001,43,4,193,165,268,249,0.0002227396496877,0.0028908175961095,0.0196159744799848,0.0522972318888786,0.163615689283582
2001,44,3,134,112,137,77,0.0003272477998096,0.0039717919493593,0.0300837458692186,0.0790563174265877,0.211118056725216
2001,44,3,54,58,171,139,0.0003412650607328,0.0016351150504086,0.012370506597527,0.0504184974815047,0.120124365802569
2001,44,6,188,170,308,216,0.0003341094745315,0.0028159259485419,0.0202103979490752,0.0601027888872186,0.141931682270096
2001,45,4,137,107,151,66,0.0004363303997461,0.0040607126646434,0.0287407215000571,0.0871350651928084,0.180958334335899
2001,45,3,50,74,162,174,0.0003412650607328,0.001513995417045,0.0157830601416724,0.0477648923508992,0.150371508270842
2001,45,7,187,181,313,240,0.0003897943869535,0.0028009476190284,0.0215181295810742,0.0610784835120112,0.157701869188995
2001,46,2,127,118,126,72,0.000218165199873,0.0037643102803629,0.0316953751122125,0.0727087298959858,0.197409092002799
2001,46,1,54,73,165,190,0.0001137550202442,0.0016351150504086,0.0155697755451633,0.0486494273944344,0.164198773399195
2001,46,3,181,191,291,262,0.0001670547372657,0.0027110776419472,0.0227069765192551,0.0567854271629241,0.172157873864653
2001,47,6,130,98,145,81,0.0006544955996192,0.003853230995647,0.0263232776355663,0.0836727447215709,0.222085228503149
2001,47,0,61,69,153,196,0.0,0.001847074408795,0.0147166371591269,0.0451112872202937,0.169383997822327
2001,47,6,191,167,298,277,0.0003341094745315,0.0028608609370825,0.0198537438676209,0.0581513996376336,0.182014240688965
2001,48,2,112,104,134,84,0.000218165199873,0.0033197067039421,0.0279349068785602,0.077325157190969,0.230310607336599
2001,48,1,70,51,168,182,0.0001137550202442,0.0021195935838631,0.0108775144219634,0.0495339624379696,0.157285140835018
2001,48,3,182,155,302,266,0.0001670547372657,0.0027260559714608,0.0184271275418039,0.0589319553374676,0.174786238351136
2001,49,5,145,118,110,78,0.0005454129996826,0.0042978345720679,0.0316953751122125,0.0634758753060193,0.213859849669699
2001,49,3,64,62,161,192,0.0003412650607328,0.0019379141338177,0.0132236449835633,0.0474700473363875,0.165927181540239
2001,49,8,209,180,271,270,0.0004454792993754,0.0031304708683258,0.0213992448872561,0.0528826486637541,0.177414602837619
2001,50,5,132,116,125,79,0.0005454129996826,0.0039125114725031,0.0311581653645479,0.0721316764841129,0.216601642614182
2001,50,4,62,67,172,199,0.0004550200809771,0.0018773543171359,0.0142900679661088,0.0507133424960165,0.171976610033894
2001,50,9,194,183,297,278,0.0005011642117973,0.002905795925623,0.0217558989687104,0.0579562607126751,0.182671331810586
2001,51,5,144,114,148,89,0.0005454129996826,0.0042681943336398,0.0306209556168833,0.0854039049571896,0.244019572059016
2001,51,3,56,65,180,202,0.0003412650607328,0.0016956748670904,0.0138634987730906,0.0530721026121102,0.17456922224546
2001,51,8,200,179,328,291,0.0004454792993754,0.0029956659027041,0.021280360193438,0.0640055673863887,0.191213516391657
2001,52,6,126,116,149,76,0.0006544955996192,0.0037346700419348,0.0311581653645479,0.0859809583690625,0.208376263780732
2001,52,2,55,75,191,206,0.0002275100404885,0.0016653949587495,0.0159963447381815,0.0563153977717392,0.178026038527548
2001,52,8,181,191,340,282,0.0004454792993754,0.0027110776419472,0.0227069765192551,0.0663472344858907,0.185299696297069
2002,1,4,152,136,154,87,0.0004386269628852,0.0044956966587212,0.0361871142463438,0.0849976820380723,0.234695331147718
2002,1,5,59,61,201,251,0.0005718115422072,0.0017831799281739,0.0130299955384931,0.0582762692571597,0.213144821010353
2002,1,9,211,197,355,338,0.0005038204673545,0.0031540993382434,0.0233419245036301,0.0674789171633891,0.218304447222261
2002,2,3,148,107,134,65,0.0003289702221639,0.0043773888519128,0.0284707442967558,0.0739590220331279,0.175347086489675
2002,2,1,61,63,184,260,0.0001143623084414,0.0018436267054001,0.0134572085069682,0.053347430563768,0.220787463994788
2002,2,4,209,170,318,325,0.0002239202077131,0.0031242026620516,0.0201427774904422,0.0604459032618528,0.209908122329097
2002,3,4,107,101,139,89,0.0004386269628852,0.0031647338321261,0.0268742539623582,0.076718687034364,0.240090626116632
2002,3,2,59,68,178,215,0.0002287246168828,0.0017831799281739,0.0145252409281562,0.0516078404366886,0.182574249072613
2002,3,6,166,169,317,304,0.0003358803115696,0.0024814241239261,0.0200242905640278,0.0602558218050545,0.196344828270909
2002,4,5,150,111,142,89,0.0005482837036066,0.004436542755317,0.0295350711863541,0.0783744860351057,0.240090626116632
2002,4,3,70,60,169,218,0.0003430869253243,0.0021156372029182,0.0128163890542555,0.0489984552460696,0.185121796734092
2002,4,8,220,171,311,307,0.0004478404154262,0.0032886343811069,0.0202612644168566,0.0591153330642648,0.198282441707793
2002,5,2,117,112,142,74,0.0002193134814426,0.0034605033491472,0.0298011529087537,0.0783744860351057,0.199625913849784
2002,5,2,57,73,182,231,0.0002287246168828,0.0017227331509477,0.0155932733493441,0.0527675671880749,0.196161169933831
2002,5,4,174,185,324,305,0.0002239202077131,0.0026010108286936,0.0219200813866577,0.0615863920026424,0.196990699416537
2002,6,3,129,125,126,96,0.0003289702221639,0.0038154267695726,0.0332602152999483,0.0695435580311501,0.258974158507827
2002,6,4,63,63,178,243,0.0004574492337657,0.0019040734826264,0.0134572085069682,0.0516078404366886,0.206351360579745
2002,6,7,192,188,304,339,0.0003918603634979,0.0028700809144206,0.0222755421659008,0.0577847628666769,0.218950318367889
2002,7,7,128,98,155,75,0.0007675971850492,0.0037858498178705,0.0260760087951595,0.0855496150383196,0.20232356133424
2002,7,4,63,71,156,224,0.0004574492337657,0.0019040734826264,0.015166060380869,0.0452293433040642,0.190216892057048
2002,7,11,191,169,311,299,0.000615780571211,0.0028551325763246,0.0200242905640278,0.0591153330642648,0.193115472542769
2002,8,5,145,110,147,83,0.0005482837036066,0.0042886579968064,0.0292689894639545,0.0811341510363418,0.223904741209892
2002,8,2,55,79,190,236,0.0002287246168828,0.0016622863737214,0.0168749122547697,0.0550870206908474,0.200407082702962
2002,8,7,200,189,337,319,0.0003918603634979,0.0029896676191881,0.0223940290923151,0.0640574509410201,0.206032895455329
2002,9,1,119,118,157,82,0.0001096567407213,0.0035196572525515,0.0313976432431512,0.086653481038814,0.221207093725436
2002,9,2,61,84,155,191,0.0002287246168828,0.0018436267054001,0.0179429446759576,0.0449394116162176,0.162193867780787
2002,9,3,180,202,312,273,0.0001679401557848,0.0026907008572693,0.0239343591357019,0.0593054145210631,0.176322822756441
2002,10,3,158,130,134,90,0.0003289702221639,0.0046731583689339,0.0345906239119462,0.0739590220331279,0.242788273601088
2002,10,2,66,75,186,214,0.0002287246168828,0.0019947436484657,0.0160204863178193,0.0539272939394612,0.181725066518787
2002,10,5,224,205,320,304,0.0002799002596413,0.0033484277334907,0.024289819914945,0.0608260661754493,0.196344828270909
2002,11,2,132,110,153,87,0.0002193134814426,0.003904157624679,0.0292689894639545,0.0844457490378251,0.234695331147718
2002,11,2,56,75,170,211,0.0002287246168828,0.0016925097623345,0.0160204863178193,0.0492883869339161,0.179177518857309
2002,11,4,188,185,323,298,0.0002239202077131,0.0028102875620368,0.0219200813866577,0.0613963105458442,0.192469601397141
2002,12,2,163,115,160,92,0.0002193134814426,0.0048210431274445,0.0305993980759524,0.0883092800395557,0.248183568570001
2002,12,1,67,65,187,225,0.0001143623084414,0.0020249670370788,0.0138844214754434,0.0542172256273077,0.191066074610875
2002,12,3,230,180,347,317,0.0001679401557848,0.0034381177620663,0.0213276467545858,0.0659582655090029,0.204741153164073
2002,13,3,114,124,122,85,0.0003289702221639,0.0033717724940409,0.0329941335775487,0.0673358260301612,0.229300036178805
2002,13,3,72,55,166,237,0.0003430869253243,0.0021760839801444,0.0117483566330675,0.0481286601825299,0.201256265256788
2002,13,6,186,179,288,322,0.0003358803115696,0.0027803908858449,0.0212091598281715,0.0547434595579044,0.207970508892213
2002,14,3,149,126,163,112,0.0003289702221639,0.0044069658036149,0.0335262970223479,0.0899650790402973,0.302136518259132
2002,14,1,68,61,182,216,0.0001143623084414,0.0020551904256919,0.0130299955384931,0.0527675671880749,0.18342343162644
2002,14,4,217,187,345,328,0.0002239202077131,0.0032437893668191,0.0221570552394864,0.0655781025954063,0.211845735765981
2002,15,3,128,120,131,81,0.0003289702221639,0.0037858498178705,0.0319298066879504,0.0723032230323862,0.218509446240979
2002,15,2,69,76,169,214,0.0002287246168828,0.0020854138143051,0.0162340928020569,0.0489984552460696,0.181725066518787
2002,15,5,197,196,300,295,0.0002799002596413,0.0029448226049003,0.0232234375772157,0.0570244370394837,0.190531987960257
2002,16,2,131,134,150,83,0.0002193134814426,0.0038745806729768,0.0356549508015446,0.0827899500370834,0.223904741209892
2002,16,4,61,71,212,207,0.0004574492337657,0.0018436267054001,0.015166060380869,0.0614655178234719,0.175780788642005
2002,16,6,192,205,362,290,0.0003358803115696,0.0028700809144206,0.024289819914945,0.068809487360977,0.187302632232117
2002,17,6,143,98,150,95,0.0006579404443279,0.0042295040934022,0.0260760087951595,0.0827899500370834,0.256276511023371
2002,17,4,55,67,174,191,0.0004574492337657,0.0016622863737214,0.0143116344439186,0.0504481136853024,0.162193867780787
2002,17,10,198,165,324,286,0.0005598005192827,0.0029597709429962,0.0195503428583704,0.0615863920026424,0.184719147649605
2002,18,4,127,113,151,67,0.0004386269628852,0.0037562728661684,0.0300672346311533,0.0833418830373307,0.180742381458588
2002,18,0,73,59,155,206,0.0,0.0022063073687575,0.0126027825700179,0.0449394116162176,0.174931606088179
2002,18,4,200,172,306,273,0.0002239202077131,0.0029896676191881,0.0203797513432709,0.0581649257802734,0.176322822756441
2002,19,6,158,98,132,66,0.0006579404443279,0.0046731583689339,0.0260760087951595,0.0728551560326334,0.178044733974131
2002,19,1,74,58,139,185,0.0001143623084414,0.0022365307573707,0.0123891760857803,0.0403005046106726,0.15709877245783
2002,19,7,232,156,271,251,0.0003918603634979,0.0034680144382582,0.0184839605206411,0.0515120747923336,0.162113657552626
2002,20,2,124,115,141,63,0.0002193134814426,0.003667542011062,0.0305993980759524,0.0778225530348584,0.169951791520762
2002,20,2,47,64,141,189,0.0002287246168828,0.0014204992648165,0.0136708149912058,0.0408803679863657,0.160495502673135
2002,20,4,171,179,282,252,0.0002239202077131,0.0025561658144058,0.0212091598281715,0.0536029708171147,0.162759528698254
2002,21,1,144,103,127,58,0.0001096567407213,0.0042590810451043,0.0274064174071574,0.0700954910313973,0.156463554098479
2002,21,1,69,60,146,168,0.0001143623084414,0.0020854138143051,0.0128163890542555,0.0423300264255986,0.142662669042786
2002,21,2,213,163,273,226,0.0001119601038565,0.0031839960144353,0.0193133690055416,0.0518922377059302,0.145966878911926
2002,22,1,117,124,130,76,0.0001096567407213,0.0034605033491472,0.0329941335775487,0.071751290032139,0.205021208818697
2002,22,4,53,48,177,185,0.0004574492337657,0.0016018395964952,0.0102531112434044,0.0513179087488421,0.15709877245783
2002,22,5,170,172,307,261,0.0002799002596413,0.0025412174763099,0.0203797513432709,0.0583550072370717,0.168572369008905
2002,23,4,136,99,124,73,0.0004386269628852,0.0040224654314874,0.0263420905175591,0.0684396920306556,0.196928266365327
2002,23,0,70,75,162,192,0.0,0.0021156372029182,0.0160204863178193,0.0469689334311436,0.163043050334613
2002,23,4,206,174,286,265,0.0002239202077131,0.0030793576477637,0.0206167251960996,0.0543632966443078,0.171155853591417
2002,24,4,131,95,137,57,0.0004386269628852,0.0038745806729768,0.0252777636279607,0.0756148210338695,0.153765906614022
2002,24,2,53,62,147,188,0.0002287246168828,0.0016018395964952,0.0132436020227306,0.0426199581134451,0.159646320119309
2002,24,6,184,157,284,245,0.0003358803115696,0.002750494209653,0.0186024474470554,0.0539831337307113,0.158238430678858
2002,25,4,135,111,115,63,0.0004386269628852,0.0039928884797853,0.0295350711863541,0.0634722950284306,0.169951791520762
2002,25,4,61,68,146,150,0.0004574492337657,0.0018436267054001,0.0145252409281562,0.0423300264255986,0.127377383073916
2002,25,8,196,179,261,213,0.0004478404154262,0.0029298742668043,0.0212091598281715,0.0496112602243508,0.137570554018762
2002,26,1,158,111,131,70,0.0001096567407213,0.0046731583689339,0.0295350711863541,0.0723032230323862,0.188835323911957
2002,26,1,56,59,139,177,0.0001143623084414,0.0016925097623345,0.0126027825700179,0.0403005046106726,0.150305312027221
2002,26,2,214,170,270,247,0.0001119601038565,0.0031989443525313,0.0201427774904422,0.0513219933355354,0.159530172970114
2002,27,5,149,105,133,59,0.0005482837036066,0.0044069658036149,0.0279385808519566,0.0734070890328807,0.159161201582936
2002,27,2,75,74,155,173,0.0002287246168828,0.0022667541459838,0.0158068798335817,0.0449394116162176,0.146908581811917
2002,27,7,224,179,288,232,0.0003918603634979,0.0033484277334907,0.0212091598281715,0.0547434595579044,0.149842105785694
2002,28,3,160,91,123,68,0.0003289702221639,0.0047323122723381,0.0242134367383624,0.0678877590304084,0.183440028943044
2002,28,2,61,62,151,172,0.0002287246168828,0.0018436267054001,0.0132436020227306,0.0437796848648314,0.146059399258091
2002,28,5,221,153,274,240,0.0002799002596413,0.0033035827192028,0.018128499741398,0.0520823191627285,0.155009074950718
2002,29,2,147,113,145,70,0.0002193134814426,0.0043478119002107,0.0300672346311533,0.0800302850358473,0.188835323911957
2002,29,1,71,62,178,184,0.0001143623084414,0.0021458605915313,0.0132436020227306,0.0516078404366886,0.156249589904004
2002,29,3,218,175,323,254,0.0001679401557848,0.003258737704915,0.020735212122514,0.0613963105458442,0.16405127098951
2002,30,10,150,96,124,68,0.0010965674072132,0.004436542755317,0.0255438453503603,0.0684396920306556,0.183440028943044
2002,30,2,60,55,130,169,0.0002287246168828,0.001813403316787,0.0117483566330675,0.0376911194200535,0.143511851596612
2002,30,12,210,151,254,237,0.0006717606231393,0.0031391510001475,0.0178915258885692,0.0482806900267629,0.153071461513834
2002,31,3,136,87,118,69,0.0003289702221639,0.0040224654314874,0.023149109848764,0.0651280940291723,0.186137676427501
2002,31,4,65,60,149,177,0.0004574492337657,0.0019645202598526,0.0128163890542555,0.0431998214891383,0.150305312027221
2002,31,7,201,147,267,246,0.0003918603634979,0.003004615957284,0.0174175781829118,0.0507517489651405,0.158884301824486
2002,32,4,138,87,114,69,0.0004386269628852,0.0040816193348916,0.023149109848764,0.0629203620281834,0.186137676427501
2002,32,1,51,64,151,171,0.0001143623084414,0.001541392819269,0.0136708149912058,0.0437796848648314,0.145210216704265
2002,32,5,189,151,265,240,0.0002799002596413,0.0028252359001327,0.0178915258885692,0.050371586051544,0.155009074950718
2002,33,2,148,108,125,66,0.0002193134814426,0.0043773888519128,0.0287368260191553,0.0689916250309029,0.178044733974131
2002,33,2,51,63,149,172,0.0002287246168828,0.001541392819269,0.0134572085069682,0.0431998214891383,0.146059399258091
2002,33,4,199,171,274,238,0.0002239202077131,0.0029747192810922,0.0202612644168566,0.0520823191627285,0.153717332659462
2002,34,0,142,106,160,62,0.0,0.0041999271417001,0.0282046625743562,0.0883092800395557,0.167254144036305
2002,34,2,52,55,164,178,0.0002287246168828,0.0015716162078821,0.0117483566330675,0.0475487968068367,0.151154494581047
2002,34,2,194,161,324,240,0.0001119601038565,0.0028999775906125,0.0190763951527129,0.0615863920026424,0.155009074950718
2002,35,4,146,91,127,82,0.0004386269628852,0.0043182349485085,0.0242134367383624,0.0700954910313973,0.221207093725436
2002,35,2,48,52,130,168,0.0002287246168828,0.0014507226534296,0.0111075371803547,0.0376911194200535,0.142662669042786
2002,35,6,194,143,257,250,0.0003358803115696,0.0028999775906125,0.0169436304772543,0.0488509343971577,0.161467786406998
2002,36,0,130,105,114,57,0.0,0.0038450037212747,0.0279385808519566,0.0629203620281834,0.153765906614022
2002,36,1,52,56,141,183,0.0001143623084414,0.0015716162078821,0.0119619631173051,0.0408803679863657,0.155400407350178
2002,36,1,182,161,255,240,5.59800519282792e-05,0.0027205975334612,0.0190763951527129,0.0484707714835612,0.155009074950718
2002,37,1,125,92,131,66,0.0001096567407213,0.0036971189627642,0.024479518460762,0.0723032230323862,0.178044733974131
2002,37,0,63,53,135,176,0.0,0.0019040734826264,0.0113211436645923,0.0391407778592863,0.149456129473395
2002,37,1,188,145,266,242,5.59800519282792e-05,0.0028102875620368,0.017180604330083,0.0505616675083422,0.156300817241974
2002,38,3,119,102,124,64,0.0003289702221639,0.0035196572525515,0.0271403356847578,0.0684396920306556,0.172649439005218
2002,38,1,61,59,156,180,0.0001143623084414,0.0018436267054001,0.0126027825700179,0.0452293433040642,0.1528528596887
2002,38,4,180,161,280,244,0.0002239202077131,0.0026907008572693,0.0190763951527129,0.0532228079035182,0.15759255953323
2002,39,3,147,110,148,65,0.0003289702221639,0.0043478119002107,0.0292689894639545,0.081686084036589,0.175347086489675
2002,39,1,53,72,158,199,0.0001143623084414,0.0016018395964952,0.0153796668651066,0.0458092066797573,0.168987328211396
2002,39,4,200,182,306,264,0.0002239202077131,0.0029896676191881,0.0215646206074146,0.0581649257802734,0.170509982445789
2002,40,1,131,110,127,74,0.0001096567407213,0.0038745806729768,0.0292689894639545,0.0700954910313973,0.199625913849784
2002,40,3,59,56,143,191,0.0003430869253243,0.0017831799281739,0.0119619631173051,0.0414602313620589,0.162193867780787
2002,40,4,190,166,270,265,0.0002239202077131,0.0028401842382287,0.0196688297847847,0.0513219933355354,0.171155853591417
2002,41,8,150,126,134,51,0.0008772539257705,0.004436542755317,0.0335262970223479,0.0739590220331279,0.137580021707283
2002,41,5,62,63,159,180,0.0005718115422072,0.0018738500940132,0.0134572085069682,0.0460991383676039,0.1528528596887
2002,41,13,212,189,293,231,0.0007277406750676,0.0031690476763394,0.0223940290923151,0.0556938668418958,0.149196234640066
2002,42,1,143,116,151,66,0.0001096567407213,0.0042295040934022,0.030865479798352,0.0833418830373307,0.178044733974131
2002,42,2,61,65,158,185,0.0002287246168828,0.0018436267054001,0.0138844214754434,0.0458092066797573,0.15709877245783
2002,42,3,204,181,309,251,0.0001679401557848,0.0030494609715719,0.0214461336810002,0.0587351701506682,0.162113657552626
2002,43,6,129,77,140,65,0.0006579404443279,0.0038154267695726,0.0204882926247682,0.0772706200346112,0.175347086489675
2002,43,3,61,60,187,224,0.0003430869253243,0.0018436267054001,0.0128163890542555,0.0542172256273077,0.190216892057048
2002,43,9,190,137,327,289,0.0005038204673545,0.0028401842382287,0.0162327089187681,0.0621566363730373,0.186656761086489
2002,44,3,121,114,116,60,0.0003289702221639,0.0035788111559557,0.0303333163535529,0.0640242280286779,0.161858849067392
2002,44,2,47,50,157,202,0.0002287246168828,0.0014204992648165,0.0106803242118796,0.0455192749919108,0.171534875872874
2002,44,5,168,164,273,262,0.0002799002596413,0.002511320800118,0.019431855931956,0.0518922377059302,0.169218240154533
2002,45,1,125,113,128,77,0.0001096567407213,0.0036971189627642,0.0300672346311533,0.0706474240316445,0.207718856303153
2002,45,4,51,65,149,189,0.0004574492337657,0.001541392819269,0.0138844214754434,0.0431998214891383,0.160495502673135
2002,45,5,176,178,277,266,0.0002799002596413,0.0026309075048855,0.0210906729017571,0.0526525635331233,0.171801724737045
2002,46,2,127,106,156,73,0.0002193134814426,0.0037562728661684,0.0282046625743562,0.0861015480385668,0.196928266365327
2002,46,3,70,60,155,206,0.0003430869253243,0.0021156372029182,0.0128163890542555,0.0449394116162176,0.174931606088179
2002,46,5,197,166,311,279,0.0002799002596413,0.0029448226049003,0.0196688297847847,0.0591153330642648,0.180198049630209
2002,47,1,127,96,130,67,0.0001096567407213,0.0037562728661684,0.0255438453503603,0.071751290032139,0.180742381458588
2002,47,5,56,70,154,200,0.0005718115422072,0.0016925097623345,0.0149524538966314,0.0446494799283711,0.169836510765222
2002,47,6,183,166,284,267,0.0003358803115696,0.0027355458715571,0.0196688297847847,0.0539831337307113,0.172447595882673
2002,48,0,117,121,141,78,0.0,0.0034605033491472,0.03219588841035,0.0778225530348584,0.21041650378761
2002,48,2,43,55,148,192,0.0002287246168828,0.001299605710364,0.0117483566330675,0.0429098898012917,0.163043050334613
2002,48,2,160,176,289,270,0.0001119601038565,0.0023917340953505,0.0208536990489284,0.0549335410147027,0.174385209319557
2002,49,1,135,115,130,64,0.0001096567407213,0.0039928884797853,0.0305993980759524,0.071751290032139,0.172649439005218
2002,49,4,58,45,163,209,0.0004574492337657,0.0017529565395608,0.0096122917906916,0.0472588651189902,0.177479153749657
2002,49,5,193,160,293,273,0.0002799002596413,0.0028850292525165,0.0189579082262985,0.0556938668418958,0.176322822756441
2002,50,2,157,123,122,70,0.0002193134814426,0.0046435814172318,0.0327280518551491,0.0673358260301612,0.188835323911957
2002,50,1,56,67,170,216,0.0001143623084414,0.0016925097623345,0.0143116344439186,0.0492883869339161,0.18342343162644
2002,50,3,213,190,292,286,0.0001679401557848,0.0031839960144353,0.0225125160187295,0.0555037853850975,0.184719147649605
2002,51,6,133,120,134,76,0.0006579404443279,0.0039337345763811,0.0319298066879504,0.0739590220331279,0.205021208818697
2002,51,6,53,52,163,222,0.0006861738506486,0.0016018395964952,0.0111075371803547,0.0472588651189902,0.188518526949396
2002,51,12,186,172,297,298,0.0006717606231393,0.0027803908858449,0.0203797513432709,0.0564541926690889,0.192469601397141
2002,52,1,155,126,157,84,0.0001096567407213,0.0045844275138276,0.0335262970223479,0.086653481038814,0.226602388694349
2002,52,2,57,56,169,279,0.0002287246168828,0.0017227331509477,0.0119619631173051,0.0489984552460696,0.236921932517485
2002,52,3,212,182,326,363,0.0001679401557848,0.0031690476763394,0.0215646206074146,0.061966554916239,0.23445122586296
2003,1,4,156,107,155,99,0.0004413098352489,0.0046071564904355,0.0280409487402578,0.0815765014224627,0.260717139591832
2003,1,2,51,70,199,264,0.0002301534107793,0.0015391202571682,0.0149016726145131,0.0567001193813433,0.219753232066833
2003,1,6,207,177,354,363,0.0003379561469704,0.0030897285262066,0.0207909797278485,0.0654374076456996,0.229591441387462
2003,2,4,157,112,157,113,0.0004413098352489,0.0046366895448614,0.0293512734477465,0.0826291014408171,0.297586230039162
2003,2,3,69,53,203,240,0.000345230116169,0.0020823391714629,0.01128269497956,0.0578398202734306,0.199775665515303
2003,2,7,226,165,360,353,0.0003942821714654,0.003373326796728,0.0193814217801977,0.066546516249864,0.223266608291389
2003,3,4,172,135,170,98,0.0004413098352489,0.0050796853612494,0.0353787671021944,0.0894710015601204,0.258083633131308
2003,3,2,67,51,221,243,0.0002301534107793,0.0020219815143191,0.0108569329048596,0.0629684742878235,0.202272861334244
2003,3,6,239,186,391,341,0.0003379561469704,0.0035673677186637,0.0218481481885865,0.0722769107047134,0.215676808576101
2003,4,5,127,112,153,89,0.0005516372940611,0.0037506979120853,0.0293512734477465,0.0805239014041084,0.234382074986596
2003,4,3,54,69,192,231,0.000345230116169,0.001629656742884,0.014688791577163,0.0547056428201906,0.192284078058479
2003,4,8,181,181,345,320,0.0004506081959605,0.0027016466823352,0.0212608323770654,0.063773744739453,0.202394659074347
2003,5,7,126,97,152,85,0.0007722922116856,0.0037211648576594,0.0254202993252805,0.0799976013949312,0.223848049144502
2003,5,3,48,65,177,224,0.000345230116169,0.0014485837714525,0.0138372674277622,0.0504317644748632,0.186457287814283
2003,5,10,174,162,329,309,0.0005632602449506,0.0025971631089853,0.019029032293285,0.0608161217950146,0.195437342668666
2003,6,2,147,115,133,84,0.0002206549176244,0.0043413590006027,0.0301374682722397,0.0699979012205648,0.221214542683979
2003,6,2,55,60,163,205,0.0002301534107793,0.0016598355714559,0.0127728622410113,0.0464428113525576,0.170641714294321
2003,6,4,202,175,296,289,0.0002253040979802,0.0030150974023852,0.02055605340324,0.0547160244721104,0.18278767647652
2003,7,4,146,92,133,86,0.0004413098352489,0.0043118259461768,0.0241099746177918,0.0699979012205648,0.226481555605026
2003,7,3,66,78,160,201,0.000345230116169,0.0019918026857471,0.0166047209133146,0.0455880356834921,0.167312119869066
2003,7,7,212,170,293,287,0.0003942821714654,0.003164359650028,0.0199687375917189,0.0541614701700282,0.181522709857305
2003,8,5,162,85,148,83,0.0005516372940611,0.0047843548169907,0.0222755200273076,0.0778924013582225,0.218581036223455
2003,8,4,59,61,163,182,0.0004603068215586,0.0017805508857437,0.0129857432783615,0.0464428113525576,0.151496546349105
2003,8,9,221,146,311,265,0.0005069342204556,0.0032986956729066,0.0171496216964174,0.0574887959825214,0.167608077045943
2003,9,0,144,104,119,75,0.0,0.0042527598373251,0.0272547539157646,0.0626297010920843,0.197512984539267
2003,9,0,53,58,160,205,0.0,0.0015994779143121,0.0123471001663109,0.0455880356834921,0.170641714294321
2003,9,0,197,162,279,280,0.0,0.0029404662785638,0.019029032293285,0.0515735500936446,0.177095326690054
2003,10,2,148,120,133,61,0.0002206549176244,0.0043708920550286,0.0314477929797284,0.0699979012205648,0.160643894091937
2003,10,1,60,61,151,185,0.0001150767053896,0.0018107297143156,0.0129857432783615,0.0430237086762957,0.153993742168046
2003,10,3,208,181,284,246,0.0001689780734852,0.0031046547509709,0.0212608323770654,0.0524978072637816,0.155590894163404
2003,11,5,125,113,136,71,0.0005516372940611,0.0036916318032336,0.0296133383892442,0.0715768012480963,0.186978958697172
2003,11,2,54,62,160,194,0.0002301534107793,0.001629656742884,0.0131986243157116,0.0455880356834921,0.16148532962487
2003,11,7,179,175,296,265,0.0003942821714654,0.0026717942328067,0.02055605340324,0.0547160244721104,0.167608077045943
2003,12,4,155,99,140,68,0.0004413098352489,0.0045776234360097,0.0259444292082759,0.073682001284805,0.179078439315602
2003,12,6,60,65,157,193,0.000690460232338,0.0018107297143156,0.0138372674277622,0.0447332600144267,0.160652931018556
2003,12,10,215,164,297,261,0.0005632602449506,0.0032091383243209,0.0192639586178935,0.0549008759061378,0.165078143807514
2003,13,2,138,87,118,75,0.0002206549176244,0.0040755615107699,0.0227996499103031,0.0621034010829071,0.197512984539267
2003,13,4,60,52,165,193,0.0004603068215586,0.0018107297143156,0.0110698139422098,0.0470126617986013,0.160652931018556
2003,13,6,198,139,283,268,0.0003379561469704,0.0029553925033281,0.0163273795602878,0.0523129558297542,0.169505526974766
2003,14,0,142,104,128,78,0.0,0.0041936937284734,0.0272547539157646,0.0673664011746789,0.205413503920837
2003,14,1,60,61,161,192,0.0001150767053896,0.0018107297143156,0.0129857432783615,0.045872960906514,0.159820532412242
2003,14,1,202,165,289,270,5.63260244950669e-05,0.0030150974023852,0.0193814217801977,0.0534220644339186,0.17077049359398
2003,15,3,133,90,135,85,0.0003309823764367,0.0039278962386405,0.0235858447347963,0.0710505012389191,0.223848049144502
2003,15,3,62,63,164,208,0.000345230116169,0.0018710873714594,0.0134115053530618,0.0467277365755794,0.173138910113262
2003,15,6,195,153,299,293,0.0003379561469704,0.0029106138290352,0.017971863832547,0.0552705787741926,0.185317609714949
2003,16,2,150,115,126,72,0.0002206549176244,0.0044299581638803,0.0301374682722397,0.0663138011563245,0.189612465157696
2003,16,3,60,59,150,216,0.000345230116169,0.0018107297143156,0.0125599812036611,0.0427387834532739,0.179798098963772
2003,16,5,210,174,276,288,0.0002816301224753,0.0031345072004995,0.0204385902409358,0.0510189957915624,0.182155193166912
2003,17,1,137,118,144,60,0.0001103274588122,0.004046028456344,0.0309236630967329,0.0757872013215137,0.158010387631413
2003,17,4,56,54,168,191,0.0004603068215586,0.0016900144000279,0.0114955760169101,0.0478674374676667,0.158988133805928
2003,17,5,193,172,312,251,0.0002816301224753,0.0028807613795066,0.0202036639163273,0.0576736474165488,0.158753310711441
2003,18,4,144,96,119,78,0.0004413098352489,0.0042527598373251,0.0251582343837827,0.0626297010920843,0.205413503920837
2003,18,3,69,60,163,205,0.000345230116169,0.0020823391714629,0.0127728622410113,0.0464428113525576,0.170641714294321
2003,18,7,213,156,282,283,0.0003942821714654,0.0031792858747923,0.0183242533194597,0.0521281043957268,0.178992776618876
2003,19,5,129,106,147,65,0.0005516372940611,0.0038097640209371,0.0277788837987601,0.0773661013490453,0.171177919934031
2003,19,2,55,62,158,191,0.0002301534107793,0.0016598355714559,0.0131986243157116,0.0450181852374485,0.158988133805928
2003,19,7,184,168,305,256,0.0003942821714654,0.0027464253566281,0.0197338112671104,0.056379687378357,0.161915727259478
2003,20,2,138,106,127,68,0.0002206549176244,0.0040755615107699,0.0277788837987601,0.0668401011655017,0.179078439315602
2003,20,6,63,57,142,169,0.000690460232338,0.0019012662000314,0.0121342191289607,0.0404593816690993,0.140675364467026
2003,20,8,201,163,269,237,0.0004506081959605,0.0030001711776209,0.0191464954555893,0.0497250357533706,0.149898544376938
2003,21,6,153,98,127,67,0.0006619647528734,0.0045185573271579,0.0256823642667782,0.0668401011655017,0.176444932855078
2003,21,2,46,65,130,164,0.0002301534107793,0.0013882261143086,0.0138372674277622,0.0370402789928374,0.136513371435457
2003,21,8,199,163,257,231,0.0004506081959605,0.0029703187280923,0.0191464954555893,0.0475068185450418,0.146103644519294
2003,22,2,143,102,126,67,0.0002206549176244,0.0042232267828992,0.0267306240327691,0.0663138011563245,0.176444932855078
2003,22,1,58,65,130,152,0.0001150767053896,0.0017503720571717,0.0138372674277622,0.0370402789928374,0.126524588159692
2003,22,3,201,167,256,219,0.0001689780734852,0.0030001711776209,0.0196163481048062,0.0473219671110144,0.138513844804006
2003,23,3,131,90,131,57,0.0003309823764367,0.0038688301297888,0.0235858447347963,0.0689453012022104,0.150109868249843
2003,23,2,48,57,153,169,0.0002301534107793,0.0014485837714525,0.0121342191289607,0.0435935591223394,0.140675364467026
2003,23,5,179,147,284,226,0.0002816301224753,0.0026717942328067,0.0172670848587216,0.0524978072637816,0.142941227971257
2003,24,2,120,99,133,68,0.0002206549176244,0.0035439665311042,0.0259444292082759,0.0699979012205648,0.179078439315602
2003,24,3,49,62,144,185,0.000345230116169,0.0014787626000244,0.0131986243157116,0.0410292321151429,0.153993742168046
2003,24,5,169,161,277,253,0.0002816301224753,0.0025225319851638,0.0189115691309808,0.0512038472255898,0.160018277330655
2003,25,3,150,107,117,58,0.0003309823764367,0.0044299581638803,0.0280409487402578,0.0615771010737299,0.152743374710366
2003,25,1,70,63,146,162,0.0001150767053896,0.0021125180000349,0.0134115053530618,0.0415990825611866,0.134848574222829
2003,25,4,220,170,263,220,0.0002253040979802,0.0032837694481423,0.0199687375917189,0.0486159271492062,0.139146328113613
2003,26,1,115,103,129,71,0.0001103274588122,0.0033963012589749,0.0269926889742669,0.0678927011838561,0.186978958697172
2003,26,5,67,60,164,188,0.0005753835269483,0.0020219815143191,0.0127728622410113,0.0467277365755794,0.156490937986987
2003,26,6,182,163,293,259,0.0003379561469704,0.0027165729070995,0.0191464954555893,0.0541614701700282,0.163813177188299
2003,27,4,140,91,123,54,0.0004413098352489,0.0041346276196216,0.023847909676294,0.064734901128793,0.142209348868272
2003,27,1,76,44,139,147,0.0001150767053896,0.0022935909714664,0.0093667656434082,0.0396046060000338,0.122362595128123
2003,27,5,216,135,262,201,0.0002816301224753,0.0032240645490852,0.0158575269110709,0.0484310757151788,0.127129145231074
2003,28,4,130,98,126,61,0.0004413098352489,0.0038392970753629,0.0256823642667782,0.0663138011563245,0.160643894091937
2003,28,1,49,62,160,139,0.0001150767053896,0.0014787626000244,0.0131986243157116,0.0455880356834921,0.115703406277613
2003,28,5,179,160,286,200,0.0002816301224753,0.0026717942328067,0.0187941059686766,0.0528675101318364,0.126496661921467
2003,29,3,147,109,127,81,0.0003309823764367,0.0043413590006027,0.0285650786232533,0.0668401011655017,0.213314023302408
2003,29,1,49,54,157,194,0.0001150767053896,0.0014787626000244,0.0114955760169101,0.0447332600144267,0.16148532962487
2003,29,4,196,163,284,275,0.0002253040979802,0.0029255400537995,0.0191464954555893,0.0524978072637816,0.173932910142017
2003,30,6,151,113,125,81,0.0006619647528734,0.0044594912183062,0.0296133383892442,0.0657875011471473,0.213314023302408
2003,30,2,68,60,175,204,0.0002301534107793,0.002052160342891,0.0127728622410113,0.0498619140288195,0.169809315688007
2003,30,8,219,173,300,285,0.0004506081959605,0.003268843223378,0.0203211270786315,0.05545543020822,0.18025774323809
2003,31,5,138,97,138,65,0.0005516372940611,0.0040755615107699,0.0254202993252805,0.0726294012664507,0.171177919934031
2003,31,2,53,62,175,194,0.0002301534107793,0.0015994779143121,0.0131986243157116,0.0498619140288195,0.16148532962487
2003,31,7,191,159,313,259,0.0003942821714654,0.0028509089299781,0.0186766428063723,0.0578584988505762,0.163813177188299
2003,32,3,142,111,138,63,0.0003309823764367,0.0041936937284734,0.0290892085062488,0.0726294012664507,0.165910907012984
2003,32,0,61,64,150,156,0.0,0.0018409085428875,0.013624386390412,0.0427387834532739,0.129854182584947
2003,32,3,203,175,288,219,0.0001689780734852,0.0030300236271495,0.02055605340324,0.0532372129998912,0.138513844804006
2003,33,6,158,89,108,76,0.0006619647528734,0.0046662225992873,0.0233237797932986,0.0568404009911353,0.20014649099979
2003,33,2,51,52,159,166,0.0002301534107793,0.0015391202571682,0.0110698139422098,0.0453031104604703,0.138178168648084
2003,33,8,209,141,267,242,0.0004506081959605,0.0031195809757352,0.0165623058848962,0.0493553328853158,0.153060960924975
2003,34,4,116,105,125,74,0.0004413098352489,0.0034258343134008,0.0275168188572623,0.0657875011471473,0.194879478078743
2003,34,2,46,63,142,192,0.0002301534107793,0.0013882261143086,0.0134115053530618,0.0404593816690993,0.159820532412242
2003,34,6,162,168,267,266,0.0003379561469704,0.0024180484118139,0.0197338112671104,0.0493553328853158,0.168240560355551
2003,35,1,127,110,119,70,0.0001103274588122,0.0037506979120853,0.028827143564751,0.0626297010920843,0.184345452236649
2003,35,2,66,73,137,188,0.0002301534107793,0.0019918026857471,0.0155403157265637,0.0390347555539901,0.156490937986987
2003,35,3,193,183,256,258,0.0001689780734852,0.0028807613795066,0.0214957587016738,0.0473219671110144,0.163180693878692
2003,36,5,127,115,140,54,0.0005516372940611,0.0037506979120853,0.0301374682722397,0.073682001284805,0.142209348868272
2003,36,4,56,66,176,194,0.0004603068215586,0.0016900144000279,0.0140501484651124,0.0501468392518414,0.16148532962487
2003,36,9,183,181,316,248,0.0005069342204556,0.0027314991318638,0.0212608323770654,0.0584130531526584,0.156855860782619
2003,37,5,135,101,150,77,0.0005516372940611,0.0039869623474923,0.0264685590912714,0.0789450013765768,0.202779997460314
2003,37,2,70,68,167,179,0.0002301534107793,0.0021125180000349,0.0144759105398128,0.0475825122446449,0.148999350530163
2003,37,7,205,169,317,256,0.0003942821714654,0.003059876076678,0.0198512744294146,0.0585979045866858,0.161915727259478
2003,38,4,142,92,121,59,0.0004413098352489,0.0041936937284734,0.0241099746177918,0.0636823011104386,0.15537688117089
2003,38,2,47,43,176,191,0.0002301534107793,0.0014184049428805,0.009153884606058,0.0501468392518414,0.158988133805928
2003,38,6,189,135,297,250,0.0003379561469704,0.0028210564804495,0.0158575269110709,0.0549008759061378,0.158120827401834
2003,39,3,120,92,136,72,0.0003309823764367,0.0035439665311042,0.0241099746177918,0.0715768012480963,0.189612465157696
2003,39,1,60,61,142,161,0.0001150767053896,0.0018107297143156,0.0129857432783615,0.0404593816690993,0.134016175616516
2003,39,4,180,153,278,233,0.0002253040979802,0.002686720457571,0.017971863832547,0.0513886986596172,0.147368611138509
2003,40,2,149,81,122,64,0.0002206549176244,0.0044004251094544,0.0212272602613167,0.0642086011196158,0.168544413473507
2003,40,0,45,57,153,182,0.0,0.0013580472857367,0.0121342191289607,0.0435935591223394,0.151496546349105
2003,40,2,194,138,275,246,0.0001126520489901,0.0028956876042709,0.0162099163979835,0.050834144357535,0.155590894163404
2003,41,7,146,109,115,65,0.0007722922116856,0.0043118259461768,0.0285650786232533,0.0605245010553756,0.171177919934031
2003,41,1,62,60,146,198,0.0001150767053896,0.0018710873714594,0.0127728622410113,0.0415990825611866,0.164814924050125
2003,41,8,208,169,261,263,0.0004506081959605,0.0031046547509709,0.0198512744294146,0.0482462242811514,0.166343110426729
2003,42,1,128,89,153,60,0.0001103274588122,0.0037802309665112,0.0233237797932986,0.0805239014041084,0.158010387631413
2003,42,1,56,48,138,202,0.0001150767053896,0.0016900144000279,0.010218289792809,0.039319680777012,0.16814451847538
2003,42,2,184,137,291,262,0.0001126520489901,0.0027464253566281,0.0160924532356793,0.0537917673019734,0.165710627117122
2003,43,2,125,110,155,79,0.0002206549176244,0.0036916318032336,0.028827143564751,0.0815765014224627,0.208047010381361
2003,43,3,54,53,131,184,0.000345230116169,0.001629656742884,0.01128269497956,0.0373252042158592,0.153161343561732
2003,43,5,179,163,286,263,0.0002816301224753,0.0026717942328067,0.0191464954555893,0.0528675101318364,0.166343110426729
2003,44,3,144,117,137,83,0.0003309823764367,0.0042527598373251,0.0306615981552352,0.0721031012572735,0.218581036223455
2003,44,3,47,53,173,196,0.000345230116169,0.0014184049428805,0.01128269497956,0.0492920635827759,0.163150126837497
2003,44,6,191,170,310,279,0.0003379561469704,0.0028509089299781,0.0199687375917189,0.057303944548494,0.176462843380446
2003,45,7,140,99,149,80,0.0007722922116856,0.0041346276196216,0.0259444292082759,0.0784187013673996,0.210680516841884
2003,45,3,74,66,152,189,0.000345230116169,0.0022332333143226,0.0140501484651124,0.0433086338993175,0.157323336593301
2003,45,10,214,165,301,269,0.0005632602449506,0.0031942120995566,0.0193814217801977,0.0556402816422474,0.170138010284373
2003,46,0,124,84,124,71,0.0,0.0036620987488077,0.0220134550858099,0.0652612011379702,0.186978958697172
2003,46,1,44,62,161,190,0.0001150767053896,0.0013278684571647,0.0131986243157116,0.045872960906514,0.158155735199615
2003,46,1,168,146,285,261,5.63260244950669e-05,0.0025076057603996,0.0171496216964174,0.052682658697809,0.165078143807514
2003,47,2,140,93,133,56,0.0002206549176244,0.0041346276196216,0.0243720395592895,0.0699979012205648,0.147476361789319
2003,47,1,54,57,131,198,0.0001150767053896,0.001629656742884,0.0121342191289607,0.0373252042158592,0.164814924050125
2003,47,3,194,150,264,254,0.0001689780734852,0.0028956876042709,0.0176194743456343,0.0488007785832336,0.160650760640263
2003,48,3,146,123,110,71,0.0003309823764367,0.0043118259461768,0.0322339878042216,0.0578930010094897,0.186978958697172
2003,48,1,73,50,167,175,0.0001150767053896,0.0022030544857506,0.0106440518675094,0.0475825122446449,0.145669756104908
2003,48,4,219,173,277,246,0.0002253040979802,0.003268843223378,0.0203211270786315,0.0512038472255898,0.155590894163404
2003,49,4,159,98,140,78,0.0004413098352489,0.0046957556537131,0.0256823642667782,0.073682001284805,0.205413503920837
2003,49,5,62,72,169,217,0.0005753835269483,0.0018710873714594,0.0153274346892135,0.0481523626906886,0.180630497570086
2003,49,9,221,170,309,295,0.0005069342204556,0.0032986956729066,0.0199687375917189,0.0571190931144666,0.186582576334164
2003,50,2,139,106,150,101,0.0002206549176244,0.0041050945651957,0.0277788837987601,0.0789450013765768,0.265984152512879
2003,50,4,73,58,178,226,0.0004603068215586,0.0022030544857506,0.0123471001663109,0.050716689697885,0.18812208502691
2003,50,6,212,164,328,327,0.0003379561469704,0.003164359650028,0.0192639586178935,0.0606312703609872,0.206822042241598
2003,51,7,155,122,188,92,0.0007722922116856,0.0045776234360097,0.0319719228627239,0.0989444017253096,0.242282594368167
2003,51,3,71,84,216,259,0.000345230116169,0.0021426968286068,0.0178820071374158,0.0615438481727144,0.215591239035264
2003,51,10,226,206,404,351,0.0005632602449506,0.003373326796728,0.0241974114346711,0.0746799793470696,0.222001641672174
2003,52,9,151,128,188,97,0.0009929471293101,0.0044594912183062,0.0335443125117103,0.0989444017253096,0.255450126670785
2003,52,2,65,73,207,336,0.0002301534107793,0.0019616238571752,0.0155403157265637,0.058979521165518,0.279685931721424
2003,52,11,216,201,395,433,0.0006195862694457,0.0032240645490852,0.0236100956231499,0.073016316440823,0.273865273059976
2004,1,0,177,127,189,105,0.0,0.0052196545054365,0.0327340304134627,0.0941767836724282,0.274747338580769
2004,1,4,56,76,212,283,0.0004632052794975,0.0016875792621631,0.0161169945575223,0.0585456792181424,0.235251348363176
2004,1,4,233,203,401,388,0.0002267400616634,0.0034727440378395,0.0236176303863414,0.071251291637333,0.244773645789877
2004,2,5,158,105,157,95,0.0005551936696973,0.0046593526093727,0.0270635684520755,0.0782315081300065,0.2485809253826
2004,2,1,60,69,169,256,0.0001158013198743,0.0018081206380319,0.0146325345324873,0.046670848055972,0.212806873431
2004,2,6,218,174,326,351,0.0003401100924951,0.003249176825103,0.0202436831882926,0.0579249902089041,0.221431829052183
2004,3,3,120,112,157,88,0.0003331162018184,0.0035387488172451,0.0288678063488805,0.0782315081300065,0.230264436143882
2004,3,2,70,67,180,223,0.0002316026397487,0.0021094740777038,0.0142084030967631,0.0497085955625737,0.185374737402785
2004,3,5,190,179,337,311,0.0002834250770792,0.0028318513613283,0.020825398222439,0.059879514418407,0.196197432579
2004,4,2,136,111,153,70,0.0002220774678789,0.0040105819928778,0.0286100580779084,0.0762383486872038,0.183164892387179
2004,4,1,78,59,173,231,0.0001158013198743,0.0023505568294414,0.012511877353866,0.0477754835129181,0.192024952197504
2004,4,3,214,170,326,301,0.0001700550462475,0.0031895589017066,0.0197783111609756,0.0579249902089041,0.189888833460704
2004,5,2,134,91,138,83,0.0002220774678789,0.0039516028459237,0.0234550926584654,0.0687640007766936,0.217181229544798
2004,5,0,58,54,175,208,0.0,0.0017478499500975,0.0114515487645553,0.0483278012413911,0.172905584662688
2004,5,2,192,145,313,291,0.0001133700308317,0.0028616603230265,0.0168697359902439,0.0556150979613098,0.183580234342408
2004,6,4,136,109,122,72,0.0004441549357578,0.0040105819928778,0.0280945615359641,0.0607913630054827,0.188398175026813
2004,6,4,53,63,184,182,0.0004632052794975,0.0015971732302615,0.0133601402253145,0.0508132310195198,0.151292386579852
2004,6,8,189,172,306,254,0.0004534801233268,0.0028169468804792,0.0200109971746341,0.0543713098279898,0.160238417604713
2004,7,3,123,110,133,76,0.0003331162018184,0.0036272175376762,0.0283523098069362,0.0662725514731902,0.19886474030608
2004,7,0,54,54,152,190,0.0,0.0016273085742287,0.0114515487645553,0.0419761473639511,0.15794260137457
2004,7,3,177,164,285,266,0.0001700550462475,0.00263809311029,0.01908025312,0.0506399454280297,0.167808736546668
2004,8,4,139,95,137,82,0.0004441549357578,0.0040990507133089,0.024486085742354,0.0682657109159929,0.214564588224981
2004,8,4,64,62,165,194,0.0004632052794975,0.0019286620139006,0.0131480745074524,0.0455662125990259,0.16126770877193
2004,8,8,203,157,302,276,0.0004534801233268,0.0030256096123666,0.0182658520721951,0.0536605737518069,0.174117335664964
2004,9,6,146,82,146,74,0.0006662324036368,0.0043054777276482,0.0211353582197161,0.072750319662299,0.193631457666446
2004,9,4,69,75,175,197,0.0004632052794975,0.0020793387337366,0.0159049288396602,0.0483278012413911,0.163761539319949
2004,9,10,215,157,321,271,0.0005668501541585,0.0032044633825557,0.0182658520721951,0.0570365701136755,0.170963036105816
2004,10,7,145,97,133,66,0.0007772711375763,0.0042759881541712,0.0250015822842983,0.0662725514731902,0.172698327107912
2004,10,4,69,63,135,188,0.0004632052794975,0.0020793387337366,0.0133601402253145,0.0372814466719303,0.156280047675891
2004,10,11,214,160,268,254,0.0006235351695743,0.0031895589017066,0.0186148810926829,0.0476193171042525,0.160238417604713
2004,11,2,136,93,138,72,0.0002220774678789,0.0040105819928778,0.0239705892004097,0.0687640007766936,0.188398175026813
2004,11,1,52,61,142,192,0.0001158013198743,0.0015670378862943,0.0129360087895903,0.0392145587215859,0.15960515507325
2004,11,3,188,154,280,264,0.0001700550462475,0.0028020423996301,0.0179168230517073,0.0497515253328011,0.166547016723009
2004,12,2,147,85,144,77,0.0002220774678789,0.0043349673011253,0.0219086030326325,0.0717537399408977,0.201481381625897
2004,12,3,59,64,169,196,0.0003474039596231,0.0017779852940647,0.0135722059431767,0.046670848055972,0.162930262470609
2004,12,5,206,149,313,273,0.0002834250770792,0.0030703230549138,0.0173351080175609,0.0556150979613098,0.172224755929475
2004,13,6,143,114,137,85,0.0006662324036368,0.0042170090072171,0.0293833028908248,0.0682657109159929,0.222414512184432
2004,13,7,56,62,161,204,0.0008106092391206,0.0016875792621631,0.0131480745074524,0.0444615771420798,0.169580477265328
2004,13,13,199,176,298,289,0.000736905200406,0.0029659916889702,0.0204763692019512,0.052949837675624,0.182318514518749
2004,14,4,151,102,120,57,0.0004441549357578,0.0044529255950334,0.026290323639159,0.0597947832840814,0.14914855522956
2004,14,4,48,53,176,180,0.0004632052794975,0.0014464965104255,0.0112394830466932,0.0486039601056276,0.149629832881172
2004,14,8,199,155,296,237,0.0004534801233268,0.0029659916889702,0.0180331660585365,0.0525944696375326,0.149513799103611
2004,15,5,147,108,150,79,0.0005551936696973,0.0043349673011253,0.0278368132649919,0.0747434791051017,0.206714664265531
2004,15,1,75,62,139,185,0.0001158013198743,0.0022601507975398,0.0131480745074524,0.0383860821288764,0.153786217127871
2004,15,6,222,170,289,264,0.0003401100924951,0.0033087947484994,0.0197783111609756,0.0513506815042125,0.166547016723009
2004,16,7,138,109,132,82,0.0007772711375763,0.0040695611398319,0.0280945615359641,0.0657742616124895,0.214564588224981
2004,16,0,50,44,154,174,0.0,0.0015067671983599,0.0093308915859339,0.0425284650924242,0.144642171785133
2004,16,7,188,153,286,256,0.0003967951079109,0.0028020423996301,0.017800480044878,0.0508176294470754,0.161500137428373
2004,17,4,146,139,119,86,0.0004441549357578,0.0043054777276482,0.0358270096651285,0.0592964934233807,0.225031153504249
2004,17,4,51,52,128,163,0.0004632052794975,0.0015369025423271,0.011027417328831,0.0353483346222747,0.135498126442395
2004,17,8,197,191,247,249,0.0004534801233268,0.002936182727272,0.0222215143043902,0.0438879527042924,0.157084118045566
2004,18,3,142,100,126,53,0.0003331162018184,0.00418751943374,0.0257748270972147,0.0627845224482855,0.138681989950293
2004,18,1,59,54,141,194,0.0001158013198743,0.0017779852940647,0.0114515487645553,0.0389383998573494,0.16126770877193
2004,18,4,201,154,267,247,0.0002267400616634,0.0029958006506684,0.0179168230517073,0.0474416330852068,0.155822398221906
2004,19,2,135,97,134,73,0.0002220774678789,0.0039810924194007,0.0250015822842983,0.0667708413338909,0.19101481634663
2004,19,1,61,47,169,188,0.0001158013198743,0.0018382559819991,0.0099670887395203,0.046670848055972,0.156280047675891
2004,19,3,196,144,303,261,0.0001700550462475,0.0029212782464229,0.0167533929834146,0.0538382577708526,0.164654436987521
2004,20,1,160,111,138,59,0.0001110387339394,0.0047183317563268,0.0286100580779084,0.0687640007766936,0.154381837869194
2004,20,1,64,62,140,194,0.0001158013198743,0.0019286620139006,0.0131480745074524,0.0386622409931129,0.16126770877193
2004,20,2,224,173,278,253,0.0001133700308317,0.0033386037101976,0.0201273401814634,0.0493961572947096,0.159607557692884
2004,21,2,120,102,141,72,0.0002220774678789,0.0035387488172451,0.026290323639159,0.0702588703587956,0.188398175026813
2004,21,1,53,56,137,153,0.0001158013198743,0.0015971732302615,0.0118756802002796,0.0378337644004033,0.127185357948996
2004,21,3,173,158,278,225,0.0001700550462475,0.0025784751868937,0.0183821950790244,0.0493961572947096,0.141943480161656
2004,22,4,135,103,108,66,0.0004441549357578,0.0039810924194007,0.0265480719101312,0.0538153049556733,0.172698327107912
2004,22,2,60,63,136,182,0.0002316026397487,0.0018081206380319,0.0133601402253145,0.0375576055361668,0.151292386579852
2004,22,6,195,166,244,248,0.0003401100924951,0.0029063737655738,0.0193129391336585,0.0433549006471552,0.156453258133736
2004,23,3,138,98,149,86,0.0003331162018184,0.0040695611398319,0.0252593305552704,0.0742451892444011,0.225031153504249
2004,23,0,73,56,154,207,0.0,0.0021998801096054,0.0118756802002796,0.0425284650924242,0.172074307813348
2004,23,3,211,154,303,293,0.0001700550462475,0.0031448454591593,0.0179168230517073,0.0538382577708526,0.184841954166067
2004,24,7,154,108,129,58,0.0007772711375763,0.0045413943154646,0.0278368132649919,0.0642793920303875,0.151765196549377
2004,24,3,60,64,152,170,0.0003474039596231,0.0018081206380319,0.0135722059431767,0.0419761473639511,0.141317064387773
2004,24,10,214,172,281,228,0.0005668501541585,0.0031895589017066,0.0200109971746341,0.0499292093518468,0.143836059897144
2004,25,6,140,99,125,71,0.0006662324036368,0.004128540286786,0.0255170788262426,0.0622862325875848,0.185781533706996
2004,25,1,61,61,158,183,0.0001158013198743,0.0018382559819991,0.0129360087895903,0.0436331005493703,0.152123663429191
2004,25,7,201,160,283,254,0.0003967951079109,0.0029958006506684,0.0186148810926829,0.0502845773899382,0.160238417604713
2004,26,4,176,86,139,61,0.0004441549357578,0.0051901649319595,0.0221663513036047,0.0692622906373943,0.159615120508827
2004,26,2,74,58,155,168,0.0002316026397487,0.0022300154535726,0.0122998116360039,0.0428046239566607,0.139654510689094
2004,26,6,250,144,294,229,0.0003401100924951,0.0037261202122741,0.0167533929834146,0.0522391015994411,0.144466919808974
2004,27,1,162,100,116,51,0.0001110387339394,0.0047773109032809,0.0257748270972147,0.0578016238412787,0.133448707310659
2004,27,1,65,48,134,165,0.0001158013198743,0.0019587973578678,0.0101791544573825,0.0370052878076938,0.137160680141074
2004,27,2,227,148,250,216,0.0001133700308317,0.0033833171527449,0.0172187650107317,0.0444210047614295,0.136265740955189
2004,28,2,142,99,125,64,0.0002220774678789,0.00418751943374,0.0255170788262426,0.0622862325875848,0.167465044468278
2004,28,0,66,60,146,158,0.0,0.001988932701835,0.0127239430717281,0.040319194178532,0.131341742195695
2004,28,2,208,159,271,222,0.0001133700308317,0.003100132016612,0.0184985380858536,0.0481523691613896,0.140050900426167
2004,29,2,152,117,141,51,0.0002220774678789,0.0044824151685105,0.0301565477037412,0.0702588703587956,0.133448707310659
2004,29,4,63,54,129,173,0.0004632052794975,0.0018985266699335,0.0114515487645553,0.0356244934865112,0.143810894935793
2004,29,6,215,171,270,224,0.0003401100924951,0.0032044633825557,0.0198946541678048,0.0479746851423439,0.141312620249826
2004,30,8,142,111,124,59,0.0008883098715157,0.00418751943374,0.0286100580779084,0.0617879427268841,0.154381837869194
2004,30,7,57,50,155,170,0.0008106092391206,0.0017177146061303,0.0106032858931068,0.0428046239566607,0.141317064387773
2004,30,15,199,161,279,229,0.0008502752312377,0.0029659916889702,0.0187312240995122,0.0495738413137554,0.144466919808974
2004,31,7,139,94,119,60,0.0007772711375763,0.0040990507133089,0.0242283374713818,0.0592964934233807,0.156998479189011
2004,31,4,69,55,123,166,0.0004632052794975,0.0020793387337366,0.0116636144824174,0.033967540301092,0.137991956990414
2004,31,11,208,149,242,226,0.0006235351695743,0.003100132016612,0.0173351080175609,0.0429995326090638,0.142574340073485
2004,32,6,165,106,119,69,0.0006662324036368,0.004865779623712,0.0273213167230476,0.0592964934233807,0.180548251067362
2004,32,2,58,55,160,155,0.0002316026397487,0.0017478499500975,0.0116636144824174,0.0441854182778433,0.128847911647676
2004,32,8,223,161,279,224,0.0004534801233268,0.0033236992293485,0.0187312240995122,0.0495738413137554,0.141312620249826
2004,33,2,137,112,138,82,0.0002220774678789,0.0040400715663548,0.0288678063488805,0.0687640007766936,0.214564588224981
2004,33,2,62,52,145,166,0.0002316026397487,0.0018683913259663,0.011027417328831,0.0400430353142955,0.137991956990414
2004,33,4,199,164,283,248,0.0002267400616634,0.0029659916889702,0.01908025312,0.0502845773899382,0.156453258133736
2004,34,3,132,93,123,56,0.0003331162018184,0.0038926236989696,0.0239705892004097,0.0612896528661834,0.146531913909743
2004,34,1,57,57,120,172,0.0001158013198743,0.0017177146061303,0.0120877459181417,0.0331390637083825,0.142979618086453
2004,34,4,189,150,243,228,0.0002267400616634,0.0028169468804792,0.0174514510243902,0.0431772166281095,0.143836059897144
2004,35,3,146,86,126,48,0.0003331162018184,0.0043054777276482,0.0221663513036047,0.0627845224482855,0.125598783351208
2004,35,3,78,60,135,158,0.0003474039596231,0.0023505568294414,0.0127239430717281,0.0372814466719303,0.131341742195695
2004,35,6,224,146,261,206,0.0003401100924951,0.0033386037101976,0.0169860789970731,0.0463755289709324,0.129957141836894
2004,36,3,140,104,118,58,0.0003331162018184,0.004128540286786,0.0268058201811033,0.05879820356268,0.151765196549377
2004,36,4,58,49,125,163,0.0004632052794975,0.0017478499500975,0.0103912201752446,0.0345198580295651,0.135498126442395
2004,36,7,198,153,243,221,0.0003967951079109,0.0029510872081211,0.017800480044878,0.0431772166281095,0.139420040514337
2004,37,4,133,116,144,67,0.0004441549357578,0.0039221132724467,0.0298987994327691,0.0717537399408977,0.175314968427729
2004,37,3,53,52,153,153,0.0003474039596231,0.0015971732302615,0.011027417328831,0.0422523062281877,0.127185357948996
2004,37,7,186,168,297,220,0.0003967951079109,0.0027722334379319,0.019545625147317,0.0527721536565783,0.138789180602508
2004,38,2,165,107,126,67,0.0002220774678789,0.004865779623712,0.0275790649940198,0.0627845224482855,0.175314968427729
2004,38,1,65,63,174,165,0.0001158013198743,0.0019587973578678,0.0133601402253145,0.0480516423771546,0.137160680141074
2004,38,3,230,170,300,232,0.0001700550462475,0.0034280305952922,0.0197783111609756,0.0533052057137154,0.146359499544463
2004,39,1,135,99,119,74,0.0001110387339394,0.0039810924194007,0.0255170788262426,0.0592964934233807,0.193631457666446
2004,39,4,68,62,150,160,0.0004632052794975,0.0020492033897694,0.0131480745074524,0.0414238296354781,0.133004295894375
2004,39,5,203,161,269,234,0.0002834250770792,0.0030256096123666,0.0187312240995122,0.0477970011232982,0.147621219368122
2004,40,3,138,117,134,92,0.0003331162018184,0.0040695611398319,0.0301565477037412,0.0667708413338909,0.24073100142315
2004,40,3,62,60,123,180,0.0003474039596231,0.0018683913259663,0.0127239430717281,0.033967540301092,0.149629832881172
2004,40,6,200,177,257,272,0.0003401100924951,0.0029808961698193,0.0205927122087804,0.0456647928947496,0.171593896017646
2004,41,3,136,110,140,76,0.0003331162018184,0.0040105819928778,0.0283523098069362,0.069760580498095,0.19886474030608
2004,41,1,59,54,142,158,0.0001158013198743,0.0017779852940647,0.0114515487645553,0.0392145587215859,0.131341742195695
2004,41,4,195,164,282,234,0.0002267400616634,0.0029063737655738,0.01908025312,0.0501068933708925,0.147621219368122
2004,42,4,156,85,135,59,0.0004441549357578,0.0046003734624186,0.0219086030326325,0.0672691311945916,0.154381837869194
2004,42,2,65,49,160,208,0.0002316026397487,0.0019587973578678,0.0103912201752446,0.0441854182778433,0.172905584662688
2004,42,6,221,134,295,267,0.0003401100924951,0.0032938902676503,0.0155899629151219,0.0524167856184869,0.168439596458498
2004,43,1,134,112,151,68,0.0001110387339394,0.0039516028459237,0.0288678063488805,0.0752417689658024,0.177931609747545
2004,43,2,69,53,142,159,0.0002316026397487,0.0020793387337366,0.0112394830466932,0.0392145587215859,0.132173019045035
2004,43,3,203,165,293,227,0.0001700550462475,0.0030256096123666,0.0191965961268292,0.0520614175803954,0.143205199985315
2004,44,3,153,105,127,78,0.0003331162018184,0.0045119047419875,0.0270635684520755,0.0632828123089861,0.204098022945714
2004,44,2,65,50,142,165,0.0002316026397487,0.0019587973578678,0.0106032858931068,0.0392145587215859,0.137160680141074
2004,44,5,218,155,269,243,0.0002834250770792,0.003249176825103,0.0180331660585365,0.0477970011232982,0.153298958574588
2004,45,2,145,78,134,54,0.0002220774678789,0.0042759881541712,0.0201043651358275,0.0667708413338909,0.14129863127011
2004,45,3,56,52,137,162,0.0003474039596231,0.0016875792621631,0.011027417328831,0.0378337644004033,0.134666849593055
2004,45,5,201,130,271,216,0.0002834250770792,0.0029958006506684,0.0151245908878048,0.0481523691613896,0.136265740955189
2004,46,2,132,87,119,76,0.0002220774678789,0.0038926236989696,0.0224240995745768,0.0592964934233807,0.19886474030608
2004,46,3,68,56,132,177,0.0003474039596231,0.0020492033897694,0.0118756802002796,0.0364529700792207,0.147136002333152
2004,46,5,200,143,251,253,0.0002834250770792,0.0029808961698193,0.0166370499765853,0.0445986887804753,0.159607557692884
2004,47,0,144,95,128,75,0.0,0.0042464985806941,0.024486085742354,0.0637811021696868,0.196248098986263
2004,47,3,42,60,170,179,0.0003474039596231,0.0012656844466223,0.0127239430717281,0.0469470069202085,0.148798556031832
2004,47,3,186,155,298,254,0.0001700550462475,0.0027722334379319,0.0180331660585365,0.052949837675624,0.160238417604713
2004,48,4,133,109,151,74,0.0004441549357578,0.0039221132724467,0.0280945615359641,0.0752417689658024,0.193631457666446
2004,48,1,58,55,157,191,0.0001158013198743,0.0017478499500975,0.0116636144824174,0.0433569416851338,0.15877387822391
2004,48,5,191,164,308,265,0.0002834250770792,0.0028467558421774,0.01908025312,0.0547266778660812,0.167177876634839
2004,49,5,131,136,140,73,0.0005551936696973,0.0038631341254926,0.035053764852212,0.069760580498095,0.19101481634663
2004,49,3,65,53,139,182,0.0003474039596231,0.0019587973578678,0.0112394830466932,0.0383860821288764,0.151292386579852
2004,49,8,196,189,279,255,0.0004534801233268,0.0029212782464229,0.0219888282907317,0.0495738413137554,0.160869277516543
2004,50,5,140,93,143,83,0.0005551936696973,0.004128540286786,0.0239705892004097,0.071255450080197,0.217181229544798
2004,50,2,58,51,140,187,0.0002316026397487,0.0017478499500975,0.0108153516109689,0.0386622409931129,0.155448770826551
2004,50,7,198,144,283,270,0.0003967951079109,0.0029510872081211,0.0167533929834146,0.0502845773899382,0.170332176193987
2004,51,7,148,95,138,87,0.0007772711375763,0.0043644568746023,0.024486085742354,0.0687640007766936,0.227647794824065
2004,51,4,71,60,155,168,0.0004632052794975,0.002139609421671,0.0127239430717281,0.0428046239566607,0.139654510689094
2004,51,11,219,155,293,255,0.0006235351695743,0.0032640813059521,0.0180331660585365,0.0520614175803954,0.160869277516543
2004,52,1,155,105,137,58,0.0001110387339394,0.0045708838889416,0.0270635684520755,0.0682657109159929,0.151765196549377
2004,52,1,56,66,160,196,0.0001158013198743,0.0016875792621631,0.0139963373789009,0.0441854182778433,0.162930262470609
2004,52,2,211,171,297,254,0.0001133700308317,0.0031448454591593,0.0198946541678048,0.0527721536565783,0.160238417604713
2004,53,7,167,98,132,65,0.0007772711375763,0.0049247587706661,0.0252593305552704,0.0657742616124895,0.170081685788095
2004,53,3,75,54,165,198,0.0003474039596231,0.0022601507975398,0.0114515487645553,0.0455662125990259,0.164592816169289
2004,53,10,242,152,297,263,0.0005668501541585,0.0036068843654813,0.0176841370380487,0.0527721536565783,0.16591615681118
2005,1,2,169,112,145,78,0.0002238156447756,0.0049721952301386,0.0283834229423262,0.0691729263724595,0.193639400053193
2005,1,1,55,59,166,190,0.0001166671472919,0.0016538467155569,0.0124517904026543,0.0448832252159261,0.151638308992302
2005,1,3,224,171,311,268,0.000171356904248,0.0033311118987761,0.0196908430486305,0.0536698968427444,0.161856067570031
2005,2,1,142,99,134,68,0.0001119078223878,0.0041778208442585,0.0250889184936633,0.0639253250614454,0.168813835943809
2005,2,3,65,58,148,208,0.0003500014418757,0.0019545461183854,0.012240743107694,0.0400163694696209,0.166004043528414
2005,2,4,207,157,282,276,0.0002284758723307,0.0030783042993154,0.0180787272434795,0.0486653083911702,0.166687591975106
2005,3,4,158,77,143,70,0.0004476312895512,0.0046485612210764,0.0195136032728493,0.0682188170431842,0.173778948765686
2005,3,2,62,67,151,183,0.0002333342945838,0.0018643362975369,0.0141401687623362,0.0408275120940051,0.14605163445048
2005,3,6,220,144,294,253,0.000342713808496,0.0032716277577266,0.0165817625672678,0.0507361725780285,0.152796959310514
2005,4,5,142,110,156,77,0.0005595391119391,0.0041778208442585,0.0278765761040704,0.0744205276834737,0.191156843642255
2005,4,4,51,69,158,180,0.0004666685891676,0.0015335669544255,0.0145622633522567,0.0427201782175682,0.143657345361128
2005,4,9,193,179,314,257,0.0005140707127441,0.0028701098056419,0.0206120520801454,0.054187612889459,0.155212721513052
2005,5,5,152,89,168,74,0.0005595391119391,0.0044720335797697,0.0225546843023842,0.0801451836591255,0.18370917440944
2005,5,2,68,59,154,184,0.0002333342945838,0.002044755939234,0.0124517904026543,0.0416386547183893,0.146849730813597
2005,5,7,220,148,322,258,0.0003998327765787,0.0032716277577266,0.0170423670830252,0.0555681890140312,0.155816662063686
2005,6,4,140,115,161,78,0.0004476312895512,0.0041189782971563,0.0291436931997099,0.076805801006662,0.193639400053193
2005,6,4,53,60,154,183,0.0004666685891676,0.0015937068349912,0.0126628376976145,0.0416386547183893,0.14605163445048
2005,6,8,193,175,315,261,0.0004569517446614,0.0028701098056419,0.0201514475643879,0.0543601849050305,0.15762848371559
2005,7,4,155,90,150,85,0.0004476312895512,0.004560297400423,0.0228081077215121,0.0715581996956478,0.211017294929762
2005,7,0,76,55,189,176,0.0,0.0022853154614968,0.0116076012228133,0.0511019853362051,0.140464959908658
2005,7,4,231,145,339,261,0.0002284758723307,0.0034352091456129,0.0166969136962072,0.0585019132787472,0.15762848371559
2005,8,6,146,112,150,88,0.0006714469343269,0.004295505938463,0.0283834229423262,0.0715581996956478,0.218464964162577
2005,8,1,69,65,152,191,0.0001166671472919,0.0020748258795168,0.0137180741724157,0.0410978929687998,0.152436405355419
2005,8,7,215,177,302,279,0.0003998327765787,0.0031972725814146,0.0203817498222667,0.0521167487026007,0.16849941362701
2005,9,3,152,92,138,68,0.0003357234671634,0.0044720335797697,0.0233149545597679,0.065833543719996,0.168813835943809
2005,9,2,65,70,178,220,0.0002333342945838,0.0019545461183854,0.0147733106472169,0.048127795713463,0.175581199885823
2005,9,5,217,162,316,288,0.0002855948404134,0.0032270146519394,0.0186544828881763,0.0545327569206021,0.17393487858272
2005,10,4,154,100,155,76,0.0004476312895512,0.0045308761268719,0.0253423419127912,0.0739434730188361,0.188674287231316
2005,10,2,76,59,166,232,0.0002333342945838,0.0022853154614968,0.0124517904026543,0.0448832252159261,0.185158356243232
2005,10,6,230,159,321,308,0.000342713808496,0.0034203381103505,0.0183090295013582,0.0553956169984597,0.186013689595409
2005,11,1,139,101,153,94,0.0001119078223878,0.0040895570236052,0.0255957653319191,0.0729893636895607,0.233360302628207
2005,11,2,77,63,192,253,0.0002333342945838,0.0023153854017797,0.0132959795824952,0.0519131279605893,0.201918379868696
2005,11,3,216,164,345,347,0.000171356904248,0.003212143616677,0.018884785146055,0.0595373453721763,0.209567371070152
2005,12,3,152,138,183,85,0.0003357234671634,0.0044720335797697,0.0349724318396519,0.0873010036286903,0.211017294929762
2005,12,4,63,65,196,222,0.0004666685891676,0.0018944062378197,0.0137180741724157,0.0529946514597682,0.177177392612058
2005,12,7,215,203,379,307,0.0003998327765787,0.0031972725814146,0.02337567917469,0.0654047939016082,0.185409749044774
2005,13,1,151,92,149,97,0.0001119078223878,0.0044426123062186,0.0233149545597679,0.0710811450310101,0.240807971861022
2005,13,3,53,70,142,196,0.0003500014418757,0.0015937068349912,0.0147733106472169,0.0383940842208525,0.156426887171006
2005,13,4,204,162,291,293,0.0002284758723307,0.0030336911935283,0.0186544828881763,0.0502184565313139,0.176954581335892
2005,14,3,142,107,156,83,0.0003357234671634,0.0041778208442585,0.0271163058466866,0.0744205276834737,0.206052182107885
2005,14,3,56,52,163,221,0.0003500014418757,0.0016839166558397,0.0109744593379326,0.0440720825915419,0.17637929624894
2005,14,6,198,159,319,304,0.000342713808496,0.0029444649819539,0.0183090295013582,0.0550504729673167,0.183597927392871
2005,15,5,143,117,155,70,0.0005595391119391,0.0042072421178096,0.0296505400379657,0.0739434730188361,0.173778948765686
2005,15,3,60,48,147,204,0.0003500014418757,0.0018041964169712,0.0101302701580916,0.0397459885948261,0.162811658075945
2005,15,8,203,165,302,274,0.0004569517446614,0.0030188201582659,0.0189999362749943,0.0521167487026007,0.165479710873838
2005,16,2,124,95,145,71,0.0002238156447756,0.0036482379203384,0.0240752248171517,0.0691729263724595,0.176261505176624
2005,16,2,58,53,152,164,0.0002333342945838,0.0017440565364055,0.0111855066328928,0.0410978929687998,0.13088780355125
2005,16,4,182,148,297,235,0.0002284758723307,0.0027065284177556,0.0170423670830252,0.0512538886247431,0.141926029399094
2005,17,5,159,88,139,78,0.0005595391119391,0.0046779824946275,0.0223012608832563,0.0663105983846336,0.193639400053193
2005,17,2,64,63,138,200,0.0002333342945838,0.0019244761781026,0.0132959795824952,0.0373125607216735,0.159619272623475
2005,17,7,223,151,277,278,0.0003998327765787,0.0033162408635137,0.0173878204698433,0.0478024483133126,0.167895473076375
2005,18,3,169,81,153,67,0.0003357234671634,0.0049721952301386,0.0205272969493609,0.0729893636895607,0.166331279532871
2005,18,2,59,60,154,196,0.0002333342945838,0.0017741264766883,0.0126628376976145,0.0416386547183893,0.156426887171006
2005,18,5,228,141,307,263,0.0002855948404134,0.0033905960398257,0.0162363091804497,0.0529796087804583,0.158836364816859
2005,19,2,146,109,136,74,0.0002238156447756,0.004295505938463,0.0276231526849424,0.0648794343907207,0.18370917440944
2005,19,2,78,50,150,201,0.0002333342945838,0.0023454553420625,0.0105523647480121,0.0405571312192104,0.160417368986593
2005,19,4,224,159,286,275,0.0002284758723307,0.0033311118987761,0.0183090295013582,0.0493555964534563,0.166083651424472
2005,20,4,125,93,148,92,0.0004476312895512,0.0036776591938895,0.0235683779788958,0.0706040903663725,0.22839518980633
2005,20,9,71,50,151,230,0.0010500043256271,0.0021349657600825,0.0105523647480121,0.0408275120940051,0.183562163516997
2005,20,13,196,143,299,322,0.0007425465850748,0.0029147229114291,0.0164666114383284,0.0515990326558861,0.194468857304291
2005,21,2,150,114,143,53,0.0002238156447756,0.0044131910326674,0.028890269780582,0.0682188170431842,0.131575489779734
2005,21,1,75,48,169,165,0.0001166671472919,0.002255245521214,0.0101302701580916,0.0456943678403103,0.131685899914367
2005,21,3,225,162,312,218,0.000171356904248,0.0033459829340385,0.0186544828881763,0.053842468858316,0.131659040038309
2005,22,0,140,84,131,54,0.0,0.0041189782971563,0.0212875672067446,0.0624941610675324,0.134058046190672
2005,22,2,61,68,141,173,0.0002333342945838,0.001834266357254,0.0143512160572964,0.0381237033460577,0.138070670819306
2005,22,2,201,152,272,227,0.0001142379361653,0.0029890780877411,0.0175029715987827,0.046939588235455,0.137094504994019
2005,23,6,164,90,148,73,0.0006714469343269,0.0048250888623831,0.0228081077215121,0.0706040903663725,0.181226617998501
2005,23,2,73,49,127,169,0.0002333342945838,0.0021951056406483,0.0103413174530518,0.0343383710989314,0.134878285366837
2005,23,8,237,139,275,242,0.0004569517446614,0.0035244353571873,0.016006006922571,0.0474573042821695,0.146153613253535
2005,24,3,159,100,139,72,0.0003357234671634,0.0046779824946275,0.0253423419127912,0.0663105983846336,0.178744061587563
2005,24,2,61,61,154,188,0.0002333342945838,0.001834266357254,0.0128738849925747,0.0416386547183893,0.150042116266067
2005,24,5,220,161,293,260,0.0002855948404134,0.0032716277577266,0.0185393317592369,0.050563600562457,0.157024543164955
2005,25,6,148,98,120,60,0.0006714469343269,0.0043543484855652,0.0248354950745354,0.0572465597565182,0.148953384656302
2005,25,2,57,61,147,178,0.0002333342945838,0.0017139865961226,0.0128738849925747,0.0397459885948261,0.142061152634893
2005,25,8,205,159,267,238,0.0004569517446614,0.0030485622287907,0.0183090295013582,0.0460767281575973,0.143737851050998
2005,26,3,162,115,125,75,0.0003357234671634,0.0047662463152808,0.0291436931997099,0.0596318330797065,0.186191730820378
2005,26,2,60,46,128,154,0.0002333342945838,0.0018041964169712,0.0097081755681711,0.0346087519737262,0.122906839920076
2005,26,5,222,161,253,229,0.0002855948404134,0.0033013698282513,0.0185393317592369,0.043660719939596,0.138302386095288
2005,27,6,160,91,144,75,0.0006714469343269,0.0047074037681786,0.02306153114064,0.0686958717078219,0.186191730820378
2005,27,1,62,62,153,192,0.0001166671472919,0.0018643362975369,0.013084932287535,0.0413682738435946,0.153234501718536
2005,27,7,222,153,297,267,0.0003998327765787,0.0033013698282513,0.017618122727722,0.0512538886247431,0.161252127019396
2005,28,3,159,88,144,74,0.0003357234671634,0.0046779824946275,0.0223012608832563,0.0686958717078219,0.18370917440944
2005,28,4,64,56,122,190,0.0004666685891676,0.0019244761781026,0.0118186485177735,0.0329864667249578,0.151638308992302
2005,28,7,223,144,266,264,0.0003998327765787,0.0033162408635137,0.0165817625672678,0.0459041561420258,0.159440305367493
2005,29,6,146,99,151,60,0.0006714469343269,0.004295505938463,0.0250889184936633,0.0720352543602854,0.148953384656302
2005,29,3,60,52,118,162,0.0003500014418757,0.0018041964169712,0.0109744593379326,0.0319049432257788,0.129291610825015
2005,29,9,206,151,269,222,0.0005140707127441,0.003063433264053,0.0173878204698433,0.0464218721887404,0.134074802240846
2005,30,1,161,100,126,67,0.0001119078223878,0.0047368250417297,0.0253423419127912,0.0601088877443441,0.166331279532871
2005,30,1,70,49,111,134,0.0001166671472919,0.0021048958197997,0.0103413174530518,0.0300122771022157,0.106944912657729
2005,30,2,231,149,237,201,0.0001142379361653,0.0034352091456129,0.0171575182119646,0.0408995676904516,0.121392050677523
2005,31,2,145,82,130,48,0.0002238156447756,0.0042660846649119,0.0207807203684888,0.0620171064028947,0.119162707725042
2005,31,2,67,49,134,139,0.0002333342945838,0.0020146859989511,0.0103413174530518,0.0362310372224946,0.110935394473315
2005,31,4,212,131,264,187,0.0002284758723307,0.0031526594756274,0.0150847978910561,0.0455590121108827,0.112936882968641
2005,32,4,146,91,136,61,0.0004476312895512,0.004295505938463,0.02306153114064,0.0648794343907207,0.151435941067241
2005,32,4,60,63,136,161,0.0004666685891676,0.0018041964169712,0.0132959795824952,0.0367717989720841,0.128493514461898
2005,32,8,206,154,272,222,0.0004569517446614,0.003063433264053,0.0177332738566614,0.046939588235455,0.134074802240846
2005,33,1,159,88,121,75,0.0001119078223878,0.0046779824946275,0.0223012608832563,0.0577236144211559,0.186191730820378
2005,33,4,48,45,133,164,0.0004666685891676,0.0014433571335769,0.0094971282732108,0.0359606563476998,0.13088780355125
2005,33,5,207,133,254,239,0.0002855948404134,0.0030783042993154,0.0153151001489348,0.0438332919551675,0.144341791601632
2005,34,6,138,101,125,57,0.0006714469343269,0.004060135750054,0.0255957653319191,0.0596318330797065,0.141505715423487
2005,34,4,49,55,147,188,0.0004666685891676,0.0014734270738598,0.0116076012228133,0.0397459885948261,0.150042116266067
2005,34,10,187,156,272,245,0.0005711896808268,0.0027808835940676,0.0179635761145401,0.046939588235455,0.147965434905439
2005,35,4,128,102,132,62,0.0004476312895512,0.0037659230145429,0.0258491887510471,0.0629712157321701,0.153918497478179
2005,35,2,65,49,116,163,0.0002333342945838,0.0019545461183854,0.0103413174530518,0.0313641814761893,0.130089707188133
2005,35,6,193,151,248,225,0.000342713808496,0.0028701098056419,0.0173878204698433,0.0427978598617383,0.13588662389275
2005,36,7,138,95,127,62,0.0007833547567147,0.004060135750054,0.0240752248171517,0.0605859424089818,0.153918497478179
2005,36,2,62,49,145,182,0.0002333342945838,0.0018643362975369,0.0103413174530518,0.0392052268452367,0.145253538087363
2005,36,9,200,144,272,244,0.0005140707127441,0.0029742070524787,0.0165817625672678,0.046939588235455,0.147361494354804
2005,37,2,157,117,132,62,0.0002238156447756,0.0046191399475253,0.0296505400379657,0.0629712157321701,0.153918497478179
2005,37,3,70,60,139,163,0.0003500014418757,0.0021048958197997,0.0126628376976145,0.0375829415964683,0.130089707188133
2005,37,5,227,177,271,225,0.0002855948404134,0.0033757250045633,0.0203817498222667,0.0467670162198834,0.13588662389275
2005,38,3,138,88,149,66,0.0003357234671634,0.004060135750054,0.0223012608832563,0.0710811450310101,0.163848723121933
2005,38,1,54,51,166,190,0.0001166671472919,0.001623776775274,0.0107634120429723,0.0448832252159261,0.151638308992302
2005,38,4,192,139,315,256,0.0002284758723307,0.0028552387703795,0.016006006922571,0.0543601849050305,0.154608780962418
2005,39,2,155,100,136,66,0.0002238156447756,0.004560297400423,0.0253423419127912,0.0648794343907207,0.163848723121933
2005,39,2,65,46,140,185,0.0002333342945838,0.0019545461183854,0.0097081755681711,0.037853322471263,0.147647827176715
2005,39,4,220,146,276,251,0.0002284758723307,0.0032716277577266,0.0168120648251465,0.0476298762977411,0.151589078209245
2005,40,3,145,91,115,53,0.0003357234671634,0.0042660846649119,0.02306153114064,0.05486128643333,0.131575489779734
2005,40,4,59,49,129,173,0.0004666685891676,0.0017741264766883,0.0103413174530518,0.0348791328485209,0.138070670819306
2005,40,7,204,140,244,226,0.0003998327765787,0.0030336911935283,0.0161211580515104,0.0421075717994522,0.136490564443384
2005,41,3,163,105,109,58,0.0003357234671634,0.0047956675888319,0.0266094590084308,0.0519989584455041,0.143988271834426
2005,41,3,59,55,126,159,0.0003500014418757,0.0017741264766883,0.0116076012228133,0.0340679902241367,0.126897321735663
2005,41,6,222,160,235,217,0.000342713808496,0.0033013698282513,0.0184241806302975,0.0405544236593085,0.131055099487674
2005,42,2,146,100,125,73,0.0002238156447756,0.004295505938463,0.0253423419127912,0.0596318330797065,0.181226617998501
2005,42,3,70,48,132,178,0.0003500014418757,0.0021048958197997,0.0101302701580916,0.0356902754729051,0.142061152634893
2005,42,5,216,148,257,251,0.0002855948404134,0.003212143616677,0.0170423670830252,0.0443510080018821,0.151589078209245
2005,43,7,163,108,131,81,0.0007833547567147,0.0047956675888319,0.0273697292658145,0.0624941610675324,0.201087069286008
2005,43,1,67,54,153,171,0.0001166671472919,0.0020146859989511,0.0113965539278531,0.0413682738435946,0.136474478093072
2005,43,8,230,162,284,252,0.0004569517446614,0.0034203381103505,0.0186544828881763,0.0490104524223133,0.15219301875988
2005,44,2,122,88,140,89,0.0002238156447756,0.0035893953732362,0.0223012608832563,0.0667876530492713,0.220947520573515
2005,44,4,87,55,134,161,0.0004666685891676,0.0026160848046082,0.0116076012228133,0.0362310372224946,0.128493514461898
2005,44,6,209,143,274,250,0.000342713808496,0.0031080463698402,0.0164666114383284,0.047284732266598,0.150985137658611
2005,45,0,151,86,121,72,0.0,0.0044426123062186,0.0217944140450005,0.0577236144211559,0.178744061587563
2005,45,4,52,49,123,189,0.0004666685891676,0.0015636368947083,0.0103413174530518,0.0332568475997525,0.150840212629184
2005,45,4,203,135,244,261,0.0002284758723307,0.0030188201582659,0.0155454024068136,0.0421075717994522,0.15762848371559
2005,46,1,140,85,150,70,0.0001119078223878,0.0041189782971563,0.0215409906258726,0.0715581996956478,0.173778948765686
2005,46,3,76,41,135,198,0.0003500014418757,0.0022853154614968,0.0086529390933699,0.0365014180972893,0.158023079897241
2005,46,4,216,126,285,268,0.0002284758723307,0.003212143616677,0.0145090422463593,0.0491830244378848,0.161856067570031
2005,47,2,130,81,126,73,0.0002238156447756,0.0038247655616451,0.0205272969493609,0.0601088877443441,0.181226617998501
2005,47,3,57,61,163,184,0.0003500014418757,0.0017139865961226,0.0128738849925747,0.0440720825915419,0.146849730813597
2005,47,5,187,142,289,257,0.0002855948404134,0.0027808835940676,0.0163514603093891,0.0498733125001709,0.155212721513052
2005,48,3,119,92,131,71,0.0003357234671634,0.0035011315525828,0.0233149545597679,0.0624941610675324,0.176261505176624
2005,48,5,63,54,151,177,0.0005833357364595,0.0018944062378197,0.0113965539278531,0.0408275120940051,0.141263056271776
2005,48,8,182,146,282,248,0.0004569517446614,0.0027065284177556,0.0168120648251465,0.0486653083911702,0.149777256557342
2005,49,3,133,79,125,82,0.0003357234671634,0.0039130293822985,0.0200204501111051,0.0596318330797065,0.203569625696947
2005,49,0,67,61,143,176,0.0,0.0020146859989511,0.0128738849925747,0.0386644650956472,0.140464959908658
2005,49,3,200,140,268,258,0.000171356904248,0.0029742070524787,0.0161211580515104,0.0462493001731688,0.155816662063686
2005,50,10,128,117,147,76,0.0011190782238782,0.0037659230145429,0.0296505400379657,0.0701270357017348,0.188674287231316
2005,50,2,65,72,165,171,0.0002333342945838,0.0019545461183854,0.0151954052371374,0.0446128443411314,0.136474478093072
2005,50,12,193,189,312,247,0.0006854276169921,0.0028701098056419,0.021763563369539,0.053842468858316,0.149173316006708
2005,51,2,132,86,144,71,0.0002238156447756,0.0038836081087473,0.0217944140450005,0.0686958717078219,0.176261505176624
2005,51,5,65,58,157,204,0.0005833357364595,0.0019545461183854,0.012240743107694,0.0424497973427735,0.162811658075945
2005,51,7,197,144,301,275,0.0003998327765787,0.0029295939466915,0.0165817625672678,0.0519441766870292,0.166083651424472
2005,52,25,194,115,134,91,0.0027976955596955,0.0057077270689166,0.0291436931997099,0.0639253250614454,0.225912633395392
2005,52,25,122,54,170,197,0.0029166786822976,0.0036685327145081,0.0113965539278531,0.0459647487151051,0.157224983534123
2005,52,50,316,169,304,288,0.0028559484041341,0.0046992471429164,0.0194605407907518,0.0524618927337438,0.17393487858272
2006,1,3,169,118,167,84,0.000338177067772,0.0049581970820519,0.0293986752428487,0.0765956748233428,0.194802080993109
2006,1,3,53,38,181,199,0.0003524901548218,0.0015890953473641,0.0079648127219921,0.0484191057929885,0.149910150615835
2006,1,6,222,156,348,283,0.0003451853022023,0.0032919477258921,0.0177580040666553,0.0587989449326781,0.160917175281683
2006,2,4,159,98,135,79,0.0004509027570294,0.0046648126393269,0.0244158489305015,0.061918659288331,0.183206719029233
2006,2,1,50,49,150,205,0.0001174967182739,0.001499146554117,0.0102704164046741,0.04012633076767,0.154430054654504
2006,2,5,209,147,285,284,0.0002876544185019,0.0030991760122138,0.0167335038320406,0.0481543083500381,0.161485787208474
2006,3,1,133,100,149,73,0.0001127256892573,0.003902013088242,0.0249141315617362,0.0683398535848987,0.169292284672583
2006,3,3,70,46,168,200,0.0003524901548218,0.0020988051757639,0.0096416154003063,0.0449414904597904,0.150663467955614
2006,3,4,203,146,317,273,0.0002301235348015,0.0030102044520545,0.0166196704726389,0.0535611078840775,0.155231056013779
2006,4,4,142,87,161,75,0.0004509027570294,0.0041660590866945,0.0216752944587105,0.0738437344105281,0.173930429458133
2006,4,0,62,48,162,214,0.0,0.0018589417271051,0.0100608160698849,0.0433364372290836,0.161209910712506
2006,4,4,204,135,323,289,0.0002301235348015,0.0030250330454144,0.0153675035192209,0.0545748827967098,0.164328846842426
2006,5,4,149,103,135,71,0.0004509027570294,0.004371428196602,0.0256615555085883,0.061918659288331,0.164654139887033
2006,5,1,44,53,136,193,0.0001174967182739,0.001319248967623,0.0111088177438312,0.0363812065626875,0.145390246577167
2006,5,5,193,156,271,264,0.0002876544185019,0.0028619185184558,0.0177580040666553,0.0457888335538959,0.150113548672666
2006,6,3,155,136,133,84,0.000338177067772,0.004547458862237,0.0338832189239613,0.0610013458173928,0.194802080993109
2006,6,1,68,48,176,194,0.0001174967182739,0.0020388393135992,0.0100608160698849,0.0470815614340661,0.146143563916945
2006,6,4,223,184,309,278,0.0002301235348015,0.003306776319252,0.0209453381299011,0.0522094080005676,0.158074115647731
2006,7,3,126,97,143,93,0.000338177067772,0.0036966439783345,0.0241667076148841,0.065587913172084,0.215673732528085
2006,7,3,64,57,161,202,0.0003524901548218,0.0019189075892698,0.0119472190829883,0.0430689283572991,0.15217010263517
2006,7,6,190,154,304,295,0.0003451853022023,0.0028174327383762,0.017530337347852,0.051364595573374,0.167740518403168
2006,8,2,131,94,116,72,0.0002254513785147,0.003843336199697,0.023419283668032,0.0532041813144178,0.166973212279808
2006,8,1,74,62,165,170,0.0001174967182739,0.0022187369000933,0.0129952207569346,0.044138963844437,0.128063947762271
2006,8,3,205,156,281,242,0.0001725926511011,0.0030398616387743,0.0177580040666553,0.0474784584082832,0.137604086283277
2006,9,4,142,103,137,77,0.0004509027570294,0.0041660590866945,0.0256615555085883,0.0628359727592693,0.178568574243683
2006,9,3,88,54,136,188,0.0003524901548218,0.002638497935246,0.0113184180786205,0.0363812065626875,0.141623659878277
2006,9,7,230,157,273,265,0.0004027161859027,0.0034105764727711,0.0178718374260569,0.0461267585247733,0.150682160599456
2006,10,3,137,87,144,81,0.000338177067772,0.004019366865332,0.0216752944587105,0.0660465699075531,0.187844863814784
2006,10,2,65,59,150,197,0.0002349934365478,0.0019488905203522,0.0123664197525668,0.04012633076767,0.148403515936279
2006,10,5,202,146,294,278,0.0002876544185019,0.0029953758586947,0.0166196704726389,0.0496749707189867,0.158074115647731
2006,11,5,140,124,170,87,0.0005636284462867,0.0041073821981495,0.0308935231365529,0.0779716450297502,0.201759298171434
2006,11,3,55,67,149,210,0.0003524901548218,0.0016490612095288,0.0140432224308809,0.0398588218958855,0.158196641353394
2006,11,8,195,191,319,297,0.0004602470696031,0.0028915757051755,0.0217421716457126,0.0538990328549549,0.168877742256749
2006,12,3,152,99,148,72,0.000338177067772,0.0044594435294195,0.0246649902461189,0.0678811968494296,0.166973212279808
2006,12,2,66,68,155,200,0.0002349934365478,0.0019788734514345,0.0142528227656702,0.0414638751265923,0.150663467955614
2006,12,5,218,167,303,272,0.0002876544185019,0.0032326333524527,0.0190101710200733,0.0511956330879352,0.154662444086989
2006,13,3,153,121,143,74,0.000338177067772,0.004488781973692,0.0301460991897008,0.065587913172084,0.171611357065358
2006,13,3,70,66,165,219,0.0003524901548218,0.0020988051757639,0.0138336220960917,0.044138963844437,0.164976497411397
2006,13,6,223,187,308,293,0.0003451853022023,0.003306776319252,0.021286838208106,0.0520404455151289,0.166603294549587
2006,14,2,144,102,168,84,0.0002254513785147,0.0042247359752395,0.0254124141929709,0.077054331558812,0.194802080993109
2006,14,7,66,43,169,201,0.0008224770279176,0.0019788734514345,0.0090128143959385,0.0452089993315749,0.151416785295392
2006,14,9,210,145,337,285,0.0005177779533035,0.0031140046055737,0.0165058371132373,0.0569403575928521,0.162054399135264
2006,15,4,158,82,166,87,0.0004509027570294,0.0046354741950544,0.0204295878806237,0.0761370180878737,0.201759298171434
2006,15,2,58,65,157,209,0.0002349934365478,0.0017390100027758,0.0136240217613024,0.0419988928701613,0.157443324013616
2006,15,6,216,147,323,296,0.0003451853022023,0.0032029761657329,0.0167335038320406,0.0545748827967098,0.168309130329958
2006,16,4,134,111,156,79,0.0004509027570294,0.0039313515325145,0.0276546860335272,0.0715504507331825,0.183206719029233
2006,16,4,52,50,157,201,0.0004699868730957,0.0015591124162817,0.0104800167394634,0.0419988928701613,0.151416785295392
2006,16,8,186,161,313,280,0.0004602470696031,0.0027581183649367,0.0183271708636635,0.0528852579423225,0.159211339501312
2006,17,3,142,101,149,88,0.000338177067772,0.0041660590866945,0.0251632728773536,0.0683398535848987,0.204078370564209
2006,17,3,57,53,158,211,0.0003524901548218,0.0017090270716934,0.0111088177438312,0.0422664017419457,0.158949958693172
2006,17,6,199,154,307,299,0.0003451853022023,0.002950890078615,0.017530337347852,0.0518714830296902,0.17001496611033
2006,18,1,163,103,157,71,0.0001127256892573,0.0047821664164169,0.0256615555085883,0.0720091074686516,0.164654139887033
2006,18,3,69,49,157,175,0.0003524901548218,0.0020688222446815,0.0102704164046741,0.0419988928701613,0.131830534461162
2006,18,4,232,152,314,246,0.0002301235348015,0.0034402336594909,0.0173026706290487,0.0530542204277613,0.139878533990438
2006,19,6,147,86,155,79,0.0006763541355441,0.004312751308057,0.0214261531430932,0.0710917939977134,0.183206719029233
2006,19,6,49,69,161,208,0.0007049803096436,0.0014691636230347,0.0144624231004595,0.0430689283572991,0.156690006673838
2006,19,12,196,155,316,287,0.0006903706044047,0.0029064042985354,0.0176441707072536,0.0533921453986387,0.163191622988845
2006,20,4,137,93,137,73,0.0004509027570294,0.004019366865332,0.0231701423524147,0.0628359727592693,0.169292284672583
2006,20,4,53,51,150,195,0.0004699868730957,0.0015890953473641,0.0106896170742527,0.04012633076767,0.146896881256723
2006,20,8,190,144,287,268,0.0004602470696031,0.0028174327383762,0.0163920037538356,0.0484922333209156,0.152387996379827
2006,21,0,139,101,139,80,0.0,0.004078043753877,0.0251632728773536,0.0637532862302075,0.185525791422009
2006,21,1,65,52,134,160,0.0001174967182739,0.0019488905203522,0.0108992174090419,0.0358461888191185,0.120530774364491
2006,21,1,204,153,273,240,5.75308837003937e-05,0.0030250330454144,0.0174165039884504,0.0461267585247733,0.136466862429696
2006,22,2,128,92,129,66,0.0002254513785147,0.0037553208668795,0.0229210010367973,0.0591667188755163,0.153058777923157
2006,22,3,64,55,127,175,0.0003524901548218,0.0019189075892698,0.0115280184134097,0.0339736267166273,0.131830534461162
2006,22,5,192,147,256,241,0.0002876544185019,0.0028470899250959,0.0167335038320406,0.0432543962723149,0.137035474356486
2006,23,1,142,95,136,72,0.0001127256892573,0.0041660590866945,0.0236684249836494,0.0623773160238002,0.166973212279808
2006,23,0,59,50,135,185,0.0,0.0017689929338581,0.0104800167394634,0.036113697690903,0.139363707858943
2006,23,1,201,145,271,257,5.75308837003937e-05,0.0029805472653348,0.0165058371132373,0.0457888335538959,0.146133265185133
2006,24,1,123,113,143,91,0.0001127256892573,0.0036086286455171,0.0281529686647619,0.065587913172084,0.211035587742535
2006,24,0,62,60,131,211,0.0,0.0018589417271051,0.0125760200873561,0.0350436622037651,0.158949958693172
2006,24,1,185,173,274,302,5.75308837003937e-05,0.0027432897715768,0.0196931711764831,0.0462957210102121,0.171720801890701
2006,25,1,152,98,169,66,0.0001127256892573,0.0044594435294195,0.0244158489305015,0.0775129882942811,0.153058777923157
2006,25,4,50,63,162,192,0.0004699868730957,0.001499146554117,0.0132048210917239,0.0433364372290836,0.144636929237389
2006,25,5,202,161,331,258,0.0002876544185019,0.0029953758586947,0.0183271708636635,0.0559265826802197,0.146701877111923
2006,26,1,157,75,114,90,0.0001127256892573,0.0046061357507819,0.0186855986713022,0.0522868678434795,0.20871651534976
2006,26,2,47,65,125,170,0.0002349934365478,0.00140919776087,0.0136240217613024,0.0334386089730583,0.128063947762271
2006,26,3,204,140,239,260,0.0001725926511011,0.0030250330454144,0.0159366703162291,0.0403820340198565,0.147839100965504
2006,27,5,146,74,150,81,0.0005636284462867,0.0042834128637845,0.0184364573556848,0.0687985103203678,0.187844863814784
2006,27,6,64,50,125,181,0.0007049803096436,0.0019189075892698,0.0104800167394634,0.0334386089730583,0.13635043849983
2006,27,11,210,124,275,262,0.0006328397207043,0.0031140046055737,0.0141153365658029,0.0464646834956508,0.148976324819085
2006,28,2,150,96,135,72,0.0002254513785147,0.0044007666408745,0.0239175662992668,0.061918659288331,0.166973212279808
2006,28,6,66,50,139,184,0.0007049803096436,0.0019788734514345,0.0104800167394634,0.0371837331780409,0.138610390519164
2006,28,8,216,146,274,256,0.0004602470696031,0.0032029761657329,0.0166196704726389,0.0462957210102121,0.145564653258342
2006,29,3,134,95,122,77,0.000338177067772,0.0039313515325145,0.0236684249836494,0.0559561217272325,0.178568574243683
2006,29,0,57,56,131,164,0.0,0.0017090270716934,0.011737618748199,0.0350436622037651,0.123544043723603
2006,29,3,191,151,253,241,0.0001725926511011,0.002832261331736,0.0171888372696471,0.0427475088159987,0.137035474356486
2006,30,3,164,93,123,64,0.000338177067772,0.0048115048606894,0.0231701423524147,0.0564147784627016,0.148420633137607
2006,30,2,59,46,127,172,0.0002349934365478,0.0017689929338581,0.0096416154003063,0.0339736267166273,0.129570582441828
2006,30,5,223,139,250,236,0.0002876544185019,0.003306776319252,0.0158228369568275,0.0422406213596825,0.134192414722534
2006,31,1,163,96,133,77,0.0001127256892573,0.0047821664164169,0.0239175662992668,0.0610013458173928,0.178568574243683
2006,31,2,71,61,139,186,0.0002349934365478,0.0021287881068462,0.0127856204221453,0.0371837331780409,0.140117025198721
2006,31,3,234,157,272,263,0.0001725926511011,0.0034698908462106,0.0178718374260569,0.0459577960393346,0.149544936745875
2006,32,1,135,106,156,68,0.0001127256892573,0.003960689976787,0.0264089794554404,0.0715504507331825,0.157696922708707
2006,32,1,54,55,126,182,0.0001174967182739,0.0016190782784464,0.0115280184134097,0.0337061178448428,0.137103755839608
2006,32,2,189,161,282,250,0.0001150617674007,0.0028026041450163,0.0183271708636635,0.0476474208937219,0.1421529816976
2006,33,6,161,93,133,67,0.0006763541355441,0.0047234895278719,0.0231701423524147,0.0610013458173928,0.155377850315932
2006,33,0,61,51,145,164,0.0,0.0018289587960228,0.0106896170742527,0.0387887864087477,0.123544043723603
2006,33,6,222,144,278,231,0.0003451853022023,0.0032919477258921,0.0163920037538356,0.046971570951967,0.131349355088582
2006,34,1,139,82,129,78,0.0001127256892573,0.004078043753877,0.0204295878806237,0.0591667188755163,0.180887646636458
2006,34,0,46,49,124,165,0.0,0.0013792148297877,0.0102704164046741,0.0331711001012739,0.124297361063381
2006,34,1,185,131,253,243,5.75308837003937e-05,0.0027432897715768,0.0149121700816144,0.0427475088159987,0.138172698210067
2006,35,5,127,114,127,48,0.0005636284462867,0.003725982422607,0.0284021099803793,0.0582494054045781,0.111315474853205
2006,35,2,56,42,159,182,0.0002349934365478,0.0016790441406111,0.0088032140611492,0.0425339106137302,0.137103755839608
2006,35,7,183,156,286,230,0.0004027161859027,0.002713632584857,0.0177580040666553,0.0483232708354768,0.130780743161792
2006,36,2,129,96,134,63,0.0002254513785147,0.003784659311152,0.0239175662992668,0.0614600025528619,0.146101560744832
2006,36,1,52,39,119,208,0.0001174967182739,0.0015591124162817,0.0081744130567814,0.0318335557423515,0.156690006673838
2006,36,3,181,135,253,271,0.0001725926511011,0.0026839753981373,0.0153675035192209,0.0427475088159987,0.154093832160198
2006,37,7,155,93,128,78,0.0007890798248014,0.004547458862237,0.0231701423524147,0.0587080621400472,0.180887646636458
2006,37,3,49,59,132,163,0.0003524901548218,0.0014691636230347,0.0123664197525668,0.0353111710755496,0.122790726383825
2006,37,10,204,152,260,241,0.0005753088370039,0.0030250330454144,0.0173026706290487,0.0439302462140698,0.137035474356486
2006,38,5,123,89,134,73,0.0005636284462867,0.0036086286455171,0.0221735770899452,0.0614600025528619,0.169292284672583
2006,38,1,49,54,132,188,0.0001174967182739,0.0014691636230347,0.0113184180786205,0.0353111710755496,0.141623659878277
2006,38,6,172,143,266,261,0.0003451853022023,0.0025505180578984,0.016278170394434,0.0449440211267022,0.148407712892294
2006,39,4,132,103,137,61,0.0004509027570294,0.0038726746439695,0.0256615555085883,0.0628359727592693,0.141463415959282
2006,39,2,56,38,142,178,0.0002349934365478,0.0016790441406111,0.0079648127219921,0.0379862597933943,0.134090486480496
2006,39,6,188,141,279,239,0.0003451853022023,0.0027877755516564,0.0160505036756307,0.0471405334374057,0.135898250502906
2006,40,1,164,107,149,78,0.0001127256892573,0.0048115048606894,0.0266581207710578,0.0683398535848987,0.180887646636458
2006,40,4,67,60,165,181,0.0004699868730957,0.0020088563825169,0.0125760200873561,0.044138963844437,0.13635043849983
2006,40,5,231,167,314,259,0.0002876544185019,0.003425405066131,0.0190101710200733,0.0530542204277613,0.147270489038714
2006,41,1,113,94,136,78,0.0001127256892573,0.0033152442027921,0.023419283668032,0.0623773160238002,0.180887646636458
2006,41,4,74,63,142,183,0.0004699868730957,0.0022187369000933,0.0132048210917239,0.0379862597933943,0.137857073179386
2006,41,5,187,157,278,261,0.0002876544185019,0.0027729469582965,0.0178718374260569,0.046971570951967,0.148407712892294
2006,42,2,138,102,134,93,0.0002254513785147,0.0040487053096045,0.0254124141929709,0.0614600025528619,0.215673732528085
2006,42,3,48,54,152,175,0.0003524901548218,0.0014391806919524,0.0113184180786205,0.0406613485112389,0.131830534461162
2006,42,5,186,156,286,268,0.0002876544185019,0.0027581183649367,0.0177580040666553,0.0483232708354768,0.152387996379827
2006,43,4,125,107,157,80,0.0004509027570294,0.0036673055340621,0.0266581207710578,0.0720091074686516,0.185525791422009
2006,43,1,85,48,151,215,0.0001174967182739,0.002548549141999,0.0100608160698849,0.0403938396394545,0.161963228052285
2006,43,5,210,155,308,295,0.0002876544185019,0.0031140046055737,0.0176441707072536,0.0520404455151289,0.167740518403168
2006,44,4,135,110,189,79,0.0004509027570294,0.003960689976787,0.0274055447179098,0.0866861230036634,0.183206719029233
2006,44,1,48,55,159,198,0.0001174967182739,0.0014391806919524,0.0115280184134097,0.0425339106137302,0.149156833276057
2006,44,5,183,165,348,277,0.0002876544185019,0.002713632584857,0.01878250430127,0.0587989449326781,0.157505503720941
2006,45,3,149,105,161,92,0.000338177067772,0.004371428196602,0.026159838139823,0.0738437344105281,0.21335466013531
2006,45,2,63,52,137,215,0.0002349934365478,0.0018889246581875,0.0108992174090419,0.0366487154344719,0.161963228052285
2006,45,5,212,157,298,307,0.0002876544185019,0.0031436617922934,0.0178718374260569,0.0503508206607416,0.174563861524653
2006,46,3,149,98,150,78,0.000338177067772,0.004371428196602,0.0244158489305015,0.0687985103203678,0.180887646636458
2006,46,1,65,50,161,192,0.0001174967182739,0.0019488905203522,0.0104800167394634,0.0430689283572991,0.144636929237389
2006,46,4,214,148,311,270,0.0002301235348015,0.0031733189790132,0.0168473371914422,0.0525473329714451,0.153525220233408
2006,47,2,140,82,138,77,0.0002254513785147,0.0041073821981495,0.0204295878806237,0.0632946294947384,0.178568574243683
2006,47,1,66,54,148,182,0.0001174967182739,0.0019788734514345,0.0113184180786205,0.0395913130241011,0.137103755839608
2006,47,3,206,136,286,259,0.0001725926511011,0.0030546902321342,0.0154813368786226,0.0483232708354768,0.147270489038714
2006,48,2,144,95,128,78,0.0002254513785147,0.0042247359752395,0.0236684249836494,0.0587080621400472,0.180887646636458
2006,48,2,71,61,158,202,0.0002349934365478,0.0021287881068462,0.0127856204221453,0.0422664017419457,0.15217010263517
2006,48,4,215,156,286,280,0.0002301235348015,0.003188147572373,0.0177580040666553,0.0483232708354768,0.159211339501312
2006,49,3,132,84,149,77,0.000338177067772,0.0038726746439695,0.0209278705118584,0.0683398535848987,0.178568574243683
2006,49,3,62,50,154,190,0.0003524901548218,0.0018589417271051,0.0104800167394634,0.0411963662548079,0.143130294557833
2006,49,6,194,134,303,267,0.0003451853022023,0.0028767471118157,0.0152536701598193,0.0511956330879352,0.151819384453037
2006,50,7,142,108,153,69,0.0007890798248014,0.0041660590866945,0.0269072620866751,0.0701744805267752,0.160015995101482
2006,50,2,57,64,148,187,0.0002349934365478,0.0017090270716934,0.0134144214265131,0.0395913130241011,0.140870342538499
2006,50,9,199,172,301,256,0.0005177779533035,0.002950890078615,0.0195793378170815,0.0508577081170578,0.145564653258342
2006,51,1,142,99,158,97,0.0001127256892573,0.0041660590866945,0.0246649902461189,0.0724677642041208,0.224950022099185
2006,51,0,63,51,124,187,0.0,0.0018889246581875,0.0106896170742527,0.0331711001012739,0.140870342538499
2006,51,1,205,150,282,284,5.75308837003937e-05,0.0030398616387743,0.0170750039102455,0.0476474208937219,0.161485787208474
2006,52,5,156,111,135,83,0.0005636284462867,0.0045767973065095,0.0276546860335272,0.061918659288331,0.192483008600334
2006,52,3,59,43,173,236,0.0003524901548218,0.0017689929338581,0.0090128143959385,0.0462790348187127,0.177782892187624
2006,52,8,215,154,308,319,0.0004602470696031,0.003188147572373,0.017530337347852,0.0520404455151289,0.181387204646138
2007,1,3,160,92,163,93,0.000340413302655,0.0046776745128503,0.0224891294928694,0.0724516787750798,0.202935682865745
2007,1,2,57,56,148,213,0.0002366261773379,0.0017032056830111,0.0116066229727794,0.0393915723821777,0.152927338594075
2007,1,5,217,148,311,306,0.0002896038001169,0.0032066753168336,0.0165999363943274,0.051773585198025,0.16530786458915
2007,2,4,140,107,157,60,0.0004538844035401,0.004092965198744,0.0261558353884459,0.0697847458140339,0.130926247010158
2007,2,5,73,63,176,214,0.0005915654433447,0.0021812985063124,0.0130574508443768,0.0468440320220491,0.153645307319869
2007,2,9,213,170,333,274,0.0005212868402105,0.0031475660944035,0.0190674945069977,0.0554360253084962,0.14802076763865
2007,3,3,153,112,169,95,0.000340413302655,0.0044730262529131,0.0273780706869715,0.0751186117361257,0.207299891099417
2007,3,3,62,58,163,222,0.0003549392660068,0.0018526096902927,0.0120211452218072,0.043383961474966,0.159389057126219
2007,3,6,215,170,332,317,0.0003475245601403,0.0031771207056186,0.0190674945069977,0.0552695507580202,0.171250304165884
2007,4,2,124,99,126,73,0.00022694220177,0.003625197747459,0.0242002589108051,0.0560055921819635,0.159293600529026
2007,4,4,60,55,151,242,0.0004732523546758,0.0017928480873801,0.0113993618482655,0.0401900502007353,0.173748431642094
2007,4,6,184,154,277,315,0.0003475245601403,0.0027190242317852,0.017272906788692,0.0461134504818422,0.170169860606477
2007,5,1,148,119,150,78,0.000113471100885,0.0043268489243865,0.0290892001049072,0.0666733240261471,0.170204121113206
2007,5,2,62,66,153,220,0.0002366261773379,0.0018526096902927,0.0136792342179186,0.0407223687464404,0.157953119674631
2007,5,3,210,185,303,298,0.0001737622800702,0.0031032341775809,0.0207499204929092,0.0504417887942173,0.160986090351525
2007,6,10,148,123,141,92,0.0011347110088502,0.0043268489243865,0.0300669883437276,0.0626729245845783,0.200753578748909
2007,6,0,64,56,168,211,0.0,0.0019123712932054,0.0116066229727794,0.0447147578392287,0.151491401142487
2007,6,10,212,179,309,303,0.0005792076002339,0.003132788788796,0.0200769500985446,0.051440636097073,0.16368719925004
2007,7,1,158,103,160,111,0.000113471100885,0.0046192035814397,0.0251780471496255,0.0711182122945569,0.242213556968793
2007,7,4,57,56,172,248,0.0004732523546758,0.0017032056830111,0.0116066229727794,0.0457793949306389,0.178056243996857
2007,7,5,215,159,332,359,0.0002896038001169,0.0031771207056186,0.0178337154506625,0.0552695507580202,0.193939618913414
2007,8,5,146,118,169,109,0.0005673555044251,0.0042683779929759,0.0288447530452021,0.0751186117361257,0.237849348735121
2007,8,2,58,43,171,247,0.0002366261773379,0.0017330864844674,0.0089122283540984,0.0455132356577864,0.177338275271063
2007,8,7,204,161,340,356,0.0004054453201637,0.0030145703439358,0.0180580389154507,0.056601347161828,0.192318953574305
2007,9,7,144,94,165,108,0.0007942977061952,0.0042099070615653,0.0229780236122796,0.0733406564287618,0.235667244618285
2007,9,4,65,58,177,264,0.0004732523546758,0.0019422520946617,0.0120211452218072,0.0471101912949017,0.189543743609558
2007,9,11,209,152,342,372,0.0006371283602573,0.0030884568719734,0.0170485833239038,0.0569342962627799,0.200962502049554
2007,10,2,160,101,195,111,0.00022694220177,0.0046776745128503,0.0246891530302153,0.0866753212339912,0.242213556968793
2007,10,2,69,62,203,278,0.0002366261773379,0.0020617753004871,0.0128501897198629,0.054030332389068,0.19959530577067
2007,10,4,229,163,398,389,0.0002316830400935,0.003384002984124,0.0182823623802389,0.0662568710894339,0.210146272304507
2007,11,5,158,121,161,88,0.0005673555044251,0.0046192035814397,0.0295780942243174,0.0715627011213979,0.192025162281565
2007,11,2,61,70,188,254,0.0002366261773379,0.0018227288888364,0.0145082787159742,0.0500379432962798,0.18236405635162
2007,11,7,219,191,349,342,0.0004054453201637,0.0032362299280487,0.0214228908872738,0.0580996181161116,0.184755848658461
2007,12,2,144,96,166,105,0.00022694220177,0.0042099070615653,0.0234669177316898,0.0737851452556028,0.229120932267777
2007,12,3,66,46,172,249,0.0003549392660068,0.0019721328961181,0.0095340117276402,0.0457793949306389,0.178774212722651
2007,12,5,210,142,338,354,0.0002896038001169,0.0031032341775809,0.0159269659999627,0.056268398060876,0.191238510014898
2007,13,2,137,95,142,79,0.00022694220177,0.0040052588016281,0.0232224706719847,0.0631174134114192,0.172386225230042
2007,13,3,71,55,170,238,0.0003549392660068,0.0021215369033997,0.0113993618482655,0.0452470763849338,0.170876556738919
2007,13,5,208,150,312,317,0.0002896038001169,0.0030736795663659,0.0168242598591156,0.0519400597485009,0.171250304165884
2007,14,4,153,118,135,100,0.0004538844035401,0.0044730262529131,0.0288447530452021,0.0600059916235324,0.218210411683597
2007,14,0,75,58,151,221,0.0,0.0022410601092251,0.0120211452218072,0.0401900502007353,0.158671088400425
2007,14,4,228,176,286,321,0.0002316830400935,0.0033692256785165,0.0197404649013623,0.0476117214361259,0.173411191284696
2007,15,0,141,111,139,77,0.0,0.0041222006644493,0.0271336236272663,0.0617839469308963,0.16802201699637
2007,15,2,63,40,174,215,0.0002366261773379,0.0018824904917491,0.0082904449805567,0.046311713476344,0.154363276045662
2007,15,2,204,151,313,292,0.0001158415200468,0.0030145703439358,0.0169364215915097,0.0521065342989769,0.157744759673306
2007,16,4,121,104,155,96,0.0004538844035401,0.003537491350343,0.0254224942093306,0.068895768160352,0.209481995216253
2007,16,2,67,65,140,233,0.0002366261773379,0.0020020136975744,0.0134719730934047,0.0372622981993573,0.16728671310995
2007,16,6,188,169,295,329,0.0003475245601403,0.0027781334542153,0.0189553327746035,0.0491099923904096,0.177732965522321
2007,17,4,131,93,160,75,0.0004538844035401,0.0038298460073962,0.0227335765525745,0.0711182122945569,0.163657808762698
2007,17,4,65,62,143,172,0.0004732523546758,0.0019422520946617,0.0128501897198629,0.0380607760179149,0.12349062083653
2007,17,8,196,155,303,247,0.0004633660801871,0.0028963518990755,0.0173850685210861,0.0504417887942173,0.133434779586666
2007,18,5,139,112,146,70,0.0005673555044251,0.0040637297330387,0.0273780706869715,0.0648953687187832,0.152747288178518
2007,18,2,68,50,134,204,0.0002366261773379,0.0020318944990307,0.0103630562256959,0.035665342562242,0.146465620061931
2007,18,7,207,162,280,274,0.0004054453201637,0.0030589022607584,0.0181702006478448,0.0466128741332701,0.14802076763865
2007,19,4,134,102,147,71,0.0004538844035401,0.0039175524045121,0.0249336000899204,0.0653398575456241,0.154929392295354
2007,19,2,58,57,152,191,0.0002366261773379,0.0017330864844674,0.0118138840972933,0.0404562094735879,0.137132026626612
2007,19,6,192,159,299,262,0.0003475245601403,0.0028372426766454,0.0178337154506625,0.0497758905923134,0.141538106282213
2007,20,4,155,101,118,75,0.0004538844035401,0.0045314971843237,0.0246891530302153,0.0524496815672357,0.163657808762698
2007,20,2,64,43,147,193,0.0002366261773379,0.0019123712932054,0.0089122283540984,0.0391254131093251,0.138567964078199
2007,20,6,219,144,265,268,0.0003475245601403,0.0032362299280487,0.016151289464751,0.0441157558761306,0.144779436960432
2007,21,3,120,85,137,78,0.000340413302655,0.0035082558846377,0.0207780000749337,0.0608949692772143,0.170204121113206
2007,21,3,56,63,152,185,0.0003549392660068,0.0016733248815547,0.0130574508443768,0.0404562094735879,0.132824214271849
2007,21,6,176,148,289,263,0.0003475245601403,0.002600805786925,0.0165999363943274,0.0481111450875538,0.142078328061916
2007,22,2,147,88,130,71,0.00022694220177,0.0042976134586812,0.021511341254049,0.0577835474893275,0.154929392295354
2007,22,1,45,53,130,172,0.0001183130886689,0.001344636065535,0.0109848395992376,0.0346007054708318,0.12349062083653
2007,22,3,192,141,260,243,0.0001737622800702,0.0028372426766454,0.0158148042675686,0.0432833831237508,0.131273892467854
2007,23,2,151,99,144,71,0.00022694220177,0.0044145553215025,0.0242002589108051,0.0640063910651012,0.154929392295354
2007,23,2,67,54,142,221,0.0002366261773379,0.0020020136975744,0.0111921007237516,0.0377946167450624,0.158671088400425
2007,23,4,218,153,286,292,0.0002316830400935,0.0032214526224412,0.0171607450562979,0.0476117214361259,0.157744759673306
2007,24,3,149,94,131,74,0.000340413302655,0.0043560843900918,0.0229780236122796,0.0582280363161685,0.161475704645862
2007,24,3,67,55,145,193,0.0003549392660068,0.0020020136975744,0.0113993618482655,0.03859309456362,0.138567964078199
2007,24,6,216,149,276,267,0.0003475245601403,0.0031918980112261,0.0167120981267215,0.0459469759313662,0.144239215180728
2007,25,3,183,88,135,84,0.000340413302655,0.0053500902240725,0.021511341254049,0.0600059916235324,0.183296745814221
2007,25,5,60,50,122,174,0.0005915654433447,0.0017928480873801,0.0103630562256959,0.0324714312880113,0.124926558288117
2007,25,8,243,138,257,258,0.0004633660801871,0.0035908852626294,0.0154783190703863,0.0427839594723229,0.139377219163401
2007,26,1,141,96,140,69,0.000113471100885,0.0041222006644493,0.0234669177316898,0.0622284357577373,0.150565184061682
2007,26,1,54,69,118,178,0.0001183130886689,0.001613563278642,0.0143010175914603,0.0314067941966011,0.127798433191293
2007,26,2,195,165,258,247,0.0001158415200468,0.002881574593468,0.0185066858450271,0.0429504340227989,0.133434779586666
2007,27,3,158,94,132,85,0.000340413302655,0.0046192035814397,0.0229780236122796,0.0586725251430094,0.185478849931057
2007,27,4,62,52,144,176,0.0004732523546758,0.0018526096902927,0.0107775784747237,0.0383269352907675,0.126362495739705
2007,27,7,220,146,276,261,0.0004054453201637,0.0032510072336562,0.0163756129295392,0.0459469759313662,0.14099788450251
2007,28,1,146,106,120,76,0.000113471100885,0.0042683779929759,0.0259113883287408,0.0533386592209177,0.165839912879534
2007,28,3,60,47,129,157,0.0003549392660068,0.0017928480873801,0.0097412728521541,0.0343345461979792,0.112721089949623
2007,28,4,206,153,249,233,0.0002316830400935,0.0030441249551508,0.0171607450562979,0.0414521630685152,0.125871674670823
2007,29,3,171,74,144,59,0.000340413302655,0.0049992646356088,0.0180890824181776,0.0640063910651012,0.128744142893322
2007,29,6,68,40,115,134,0.0007098785320137,0.0020318944990307,0.0082904449805567,0.0306083163780435,0.0962078092563663
2007,29,9,239,114,259,193,0.0005212868402105,0.0035317760401993,0.0127864374929278,0.0431169085732748,0.104262803482699
2007,30,2,167,105,126,64,0.00022694220177,0.0048823227727875,0.0256669412690357,0.0560055921819635,0.139654663477502
2007,30,2,64,58,127,166,0.0002366261773379,0.0019123712932054,0.0120211452218072,0.0338022276522741,0.119182808481767
2007,30,4,231,163,253,230,0.0002316830400935,0.003413557595339,0.0182823623802389,0.042118061270419,0.124251009331714
2007,31,2,142,93,124,59,0.00022694220177,0.0041514361301546,0.0227335765525745,0.0551166145282816,0.128744142893322
2007,31,0,52,51,144,191,0.0,0.0015538016757294,0.0105703173502098,0.0383269352907675,0.137132026626612
2007,31,2,194,144,268,250,0.0001158415200468,0.0028667972878605,0.016151289464751,0.0446151795275585,0.135055444925776
2007,32,3,142,108,155,84,0.000340413302655,0.0041514361301546,0.026400282448151,0.068895768160352,0.183296745814221
2007,32,3,65,76,122,202,0.0003549392660068,0.0019422520946617,0.0157518454630577,0.0324714312880113,0.145029682610343
2007,32,6,207,184,277,286,0.0003475245601403,0.0030589022607584,0.0206377587605151,0.0461134504818422,0.154503428995087
2007,33,1,160,92,163,76,0.000113471100885,0.0046776745128503,0.0224891294928694,0.0724516787750798,0.165839912879534
2007,33,2,55,63,143,172,0.0002366261773379,0.0016434440800984,0.0130574508443768,0.0380607760179149,0.12349062083653
2007,33,3,215,155,306,248,0.0001737622800702,0.0031771207056186,0.0173850685210861,0.0509412124456452,0.13397500136637
2007,34,4,143,75,136,65,0.0004538844035401,0.00418067159586,0.0183335294778827,0.0604504804503734,0.141836767594338
2007,34,1,66,45,145,182,0.0001183130886689,0.0019721328961181,0.0093267506031263,0.03859309456362,0.130670308094468
2007,34,5,209,120,281,247,0.0002896038001169,0.0030884568719734,0.0134594078872925,0.046779348683746,0.133434779586666
2007,35,2,155,89,159,83,0.00022694220177,0.0045314971843237,0.0217557883137541,0.0706737234677159,0.181114641697386
2007,35,3,58,42,130,170,0.0003549392660068,0.0017330864844674,0.0087049672295845,0.0346007054708318,0.122054683384942
2007,35,5,213,131,289,253,0.0002896038001169,0.0031475660944035,0.0146931869436276,0.0481111450875538,0.136676110264885
2007,36,4,133,91,142,73,0.0004538844035401,0.0038883169388068,0.0222446824331643,0.0631174134114192,0.159293600529026
2007,36,2,51,40,119,207,0.0002366261773379,0.001523920874273,0.0082904449805567,0.0316729534694537,0.148619526239312
2007,36,6,184,131,261,280,0.0003475245601403,0.0027190242317852,0.0146931869436276,0.0434498576742268,0.151262098316869
2007,37,3,148,100,157,75,0.000340413302655,0.0043268489243865,0.0244447059705102,0.0697847458140339,0.163657808762698
2007,37,2,74,51,137,211,0.0002366261773379,0.0022111793077687,0.0105703173502098,0.0364638203807996,0.151491401142487
2007,37,5,222,151,294,286,0.0002896038001169,0.0032805618448713,0.0169364215915097,0.0489435178399336,0.154503428995087
2007,38,0,125,100,185,78,0.0,0.0036544332131643,0.0244447059705102,0.0822304329655814,0.170204121113206
2007,38,2,53,55,127,214,0.0002366261773379,0.0015836824771857,0.0113993618482655,0.0338022276522741,0.153645307319869
2007,38,2,178,155,312,292,0.0001158415200468,0.00263036039814,0.0173850685210861,0.0519400597485009,0.157744759673306
2007,39,4,142,88,127,67,0.0004538844035401,0.0041514361301546,0.021511341254049,0.0564500810088045,0.14620097582801
2007,39,2,49,44,138,186,0.0002366261773379,0.0014641592713604,0.0091194894786123,0.0367299796536522,0.133542182997643
2007,39,6,191,132,265,253,0.0003475245601403,0.0028224653710379,0.0148053486760217,0.0441157558761306,0.136676110264885
2007,40,1,121,93,124,70,0.000113471100885,0.003537491350343,0.0227335765525745,0.0551166145282816,0.152747288178518
2007,40,3,61,49,138,175,0.0003549392660068,0.0018227288888364,0.010155795101182,0.0367299796536522,0.125644527013911
2007,40,4,182,142,262,245,0.0002316830400935,0.0026894696205701,0.0159269659999627,0.0436163322247027,0.13235433602726
2007,41,3,151,105,145,86,0.000340413302655,0.0044145553215025,0.0256669412690357,0.0644508798919422,0.187660954047893
2007,41,4,66,51,126,174,0.0004732523546758,0.0019721328961181,0.0105703173502098,0.0335360683794215,0.124926558288117
2007,41,7,217,156,271,260,0.0004054453201637,0.0032066753168336,0.0174972302534802,0.0451146031789864,0.140457662722807
2007,42,3,142,97,162,82,0.000340413302655,0.0041514361301546,0.0237113647913949,0.0720071899482388,0.17893253758055
2007,42,0,53,40,135,194,0.0,0.0015836824771857,0.0082904449805567,0.0359315018350945,0.139285932803993
2007,42,3,195,137,297,276,0.0001737622800702,0.002881574593468,0.0153661573379922,0.0494429414913615,0.149101211198056
2007,43,7,145,86,152,74,0.0007942977061952,0.0042391425272706,0.0210224471346388,0.067562301679829,0.161475704645862
2007,43,2,45,53,123,216,0.0002366261773379,0.001344636065535,0.0109848395992376,0.0327375905608639,0.155081244771456
2007,43,9,190,139,275,290,0.0005212868402105,0.0028076880654304,0.0155904808027804,0.0457805013808903,0.1566643161139
2007,44,1,140,106,137,78,0.000113471100885,0.004092965198744,0.0259113883287408,0.0608949692772143,0.170204121113206
2007,44,2,59,44,122,193,0.0002366261773379,0.0017629672859237,0.0091194894786123,0.0324714312880113,0.138567964078199
2007,44,3,199,150,259,271,0.0001737622800702,0.0029406838158981,0.0168242598591156,0.0431169085732748,0.146400102299541
2007,45,1,139,116,137,96,0.000113471100885,0.0040637297330387,0.0283558589257919,0.0608949692772143,0.209481995216253
2007,45,1,65,56,136,215,0.0001183130886689,0.0019422520946617,0.0116066229727794,0.0361976611079471,0.154363276045662
2007,45,2,204,172,273,311,0.0001158415200468,0.0030145703439358,0.0192918179717859,0.0454475522799383,0.168008973487665
2007,46,0,160,95,146,74,0.0,0.0046776745128503,0.0232224706719847,0.0648953687187832,0.161475704645862
2007,46,1,66,53,143,207,0.0001183130886689,0.0019721328961181,0.0109848395992376,0.0380607760179149,0.148619526239312
2007,46,1,226,148,289,281,5.79207600233998e-05,0.0033396710673014,0.0165999363943274,0.0481111450875538,0.151802320096572
2007,47,1,147,99,165,70,0.000113471100885,0.0042976134586812,0.0242002589108051,0.0733406564287618,0.152747288178518
2007,47,5,49,62,136,180,0.0005915654433447,0.0014641592713604,0.0128501897198629,0.0361976611079471,0.12923437064288
2007,47,6,196,161,301,250,0.0003475245601403,0.0028963518990755,0.0180580389154507,0.0501088396932653,0.135055444925776
2007,48,3,151,91,155,65,0.000340413302655,0.0044145553215025,0.0222446824331643,0.068895768160352,0.141836767594338
2007,48,1,66,38,133,194,0.0001183130886689,0.0019721328961181,0.0078759227315288,0.0353991832893894,0.139285932803993
2007,48,4,217,129,288,259,0.0002316830400935,0.0032066753168336,0.0144688634788394,0.0479446705370778,0.139917440943104
2007,49,3,152,93,140,80,0.000340413302655,0.0044437907872078,0.0227335765525745,0.0622284357577373,0.174568329346878
2007,49,3,61,47,128,197,0.0003549392660068,0.0018227288888364,0.0097412728521541,0.0340683869251266,0.141439838981374
2007,49,6,213,140,268,277,0.0003475245601403,0.0031475660944035,0.0157026425351745,0.0446151795275585,0.14964143297776
2007,50,3,157,109,138,67,0.000340413302655,0.0045899681157344,0.0266447295078561,0.0613394581040553,0.14620097582801
2007,50,0,59,53,125,208,0.0,0.0017629672859237,0.0109848395992376,0.033269909106569,0.149337494965106
2007,50,3,216,162,263,275,0.0001737622800702,0.0031918980112261,0.0181702006478448,0.0437828067751787,0.148560989418353
2007,51,5,140,98,140,71,0.0005673555044251,0.004092965198744,0.0239558118511,0.0622284357577373,0.154929392295354
2007,51,0,70,53,132,189,0.0,0.0020916561019434,0.0109848395992376,0.0351330240165369,0.135696089175024
2007,51,5,210,151,272,260,0.0002896038001169,0.0031032341775809,0.0169364215915097,0.0452810777294624,0.140457662722807
2007,52,3,158,97,153,83,0.000340413302655,0.0046192035814397,0.0237113647913949,0.06800679050667,0.181114641697386
2007,52,3,68,38,158,235,0.0003549392660068,0.0020318944990307,0.0078759227315288,0.0420531651107032,0.168722650561538
2007,52,6,226,135,311,318,0.0003475245601403,0.0033396710673014,0.015141833873204,0.051773585198025,0.171790525945587
2008,1,5,134,104,145,78,0.0005706211218264,0.0038965253925533,0.0251131131808437,0.062951765331287,0.159467874739309
2008,1,2,73,41,154,209,0.0002381662181432,0.002169998173071,0.0084505182060152,0.0410228488494171,0.143373009268152
2008,1,7,207,145,299,287,0.0004079283048377,0.0030427665583901,0.016123586809435,0.0493614680538785,0.147416657905754
2008,2,1,160,114,151,93,0.0001141242243652,0.0046525676328994,0.0275278356020787,0.0655566659656851,0.190134773727637
2008,2,1,56,53,149,244,0.0001190831090716,0.0016646561327668,0.0109238406077758,0.039690938172488,0.16738284335612
2008,2,2,216,167,300,337,0.0001165509442393,0.0031750607565809,0.0185699241184528,0.0495265565757978,0.173099002488638
2008,3,7,139,121,128,73,0.0007988695705569,0.0040419181310814,0.0292181412969431,0.0555712135338258,0.149245575076532
2008,3,1,65,44,144,208,0.0001190831090716,0.0019321901541043,0.0090688488064553,0.0383590274955588,0.142687014008496
2008,3,8,204,165,272,281,0.0004662037769574,0.0029986684923264,0.018347529817633,0.0449040779620567,0.144334776555808
2008,4,5,155,83,135,99,0.0005706211218264,0.0045071748943713,0.0200421960962502,0.0586102642739568,0.202401533322969
2008,4,1,57,61,138,219,0.0001190831090716,0.0016943821351376,0.0125727222089495,0.0367607346832439,0.150232961864714
2008,4,6,212,144,273,318,0.000349652832718,0.0031162633351628,0.0160123896590252,0.045069166483976,0.163339711547142
2008,5,2,160,99,159,84,0.0002282484487305,0.0046525676328994,0.0239057519702262,0.0690298668115492,0.17173463433464
2008,5,2,72,60,152,199,0.0002381662181432,0.0021402721707002,0.0123666120088028,0.0404900845786454,0.13651305667159
2008,5,4,232,159,311,283,0.0002331018884787,0.0034102504422536,0.0176803469151736,0.0513425303169104,0.145362070339123
2008,6,5,148,90,157,83,0.0005706211218264,0.004303625060432,0.0217325017911147,0.0681615666000831,0.169690174402085
2008,6,0,73,54,174,205,0.0,0.002169998173071,0.0111299508079225,0.0463504915571336,0.140629028229527
2008,6,5,221,144,331,288,0.0002913773605983,0.0032485575333536,0.0160123896590252,0.0546443007552969,0.147930304797411
2008,7,3,142,114,137,92,0.0003423726730958,0.0041291537741983,0.0275278356020787,0.0594785644854229,0.188090313795082
2008,7,3,64,53,145,203,0.0003572493272149,0.0019024641517335,0.0109238406077758,0.0386254096309447,0.139257037710215
2008,7,6,206,167,282,295,0.000349652832718,0.0030280672030355,0.0185699241184528,0.0465549631812499,0.151525833039015
2008,8,1,159,99,145,90,0.0001141242243652,0.0046234890851938,0.0239057519702262,0.062951765331287,0.184001393929971
2008,8,4,73,59,138,206,0.0004763324362865,0.002169998173071,0.0121605018086561,0.0367607346832439,0.141315023489183
2008,8,5,232,158,283,296,0.0002913773605983,0.0034102504422536,0.0175691497647637,0.0467200517031693,0.152039479930673
2008,9,2,140,120,155,101,0.0002282484487305,0.004070996678787,0.0289766690548196,0.0672932663886171,0.206490453188079
2008,9,0,74,58,192,216,0.0,0.0021997241754419,0.0119543916085094,0.0511453699940784,0.148174976085746
2008,9,2,214,178,347,317,0.0001165509442393,0.0031456620458719,0.0197930927729616,0.0572857171060061,0.162826064655484
2008,10,2,168,117,173,90,0.0002282484487305,0.0048851960145444,0.0282522523284491,0.0751079682918114,0.184001393929971
2008,10,1,57,78,190,243,0.0001190831090716,0.0016943821351376,0.0160765956114436,0.0506126057233068,0.166696848096464
2008,10,3,225,195,363,333,0.000174826416359,0.0033073549547718,0.0216834443299299,0.0599271334567153,0.171044414922007
2008,11,5,175,113,155,92,0.0005706211218264,0.0050887458484838,0.0272863633599552,0.0672932663886171,0.188090313795082
2008,11,0,84,66,158,206,0.0,0.0024969841991502,0.0136032732096831,0.0420883773909604,0.141315023489183
2008,11,5,259,179,313,298,0.0002913773605983,0.0038071330368262,0.0199042899233715,0.051672707360749,0.153066773713988
2008,12,2,134,87,143,81,0.0002282484487305,0.0038965253925533,0.0210080850647442,0.062083465119821,0.165601254536974
2008,12,3,52,59,166,240,0.0003572493272149,0.0015457521232835,0.0121605018086561,0.044219434474047,0.164638862317495
2008,12,5,186,146,309,321,0.0002913773605983,0.0027340800959447,0.0162347839598449,0.0510123532730717,0.164880652222115
2008,13,2,138,105,164,115,0.0002282484487305,0.0040128395833758,0.0253545854229672,0.0712006173402142,0.235112892243852
2008,13,4,60,67,168,227,0.0004763324362865,0.0017835601422501,0.0138093834098298,0.0447521987448186,0.155720923941964
2008,13,6,198,172,332,342,0.000349652832718,0.0029104723601992,0.0191259098705023,0.0548093892772162,0.175667236946926
2008,14,1,162,119,164,85,0.0001141242243652,0.0047107247283107,0.0287351968126961,0.0712006173402142,0.173779094267195
2008,14,1,66,62,178,247,0.0001190831090716,0.0019619161564752,0.0127788324090962,0.0474160200986769,0.169440829135089
2008,14,2,228,181,342,332,0.0001165509442393,0.0033514530208354,0.0201266842241913,0.0564602744964095,0.170530768030349
2008,15,3,135,88,145,88,0.0003423726730958,0.0039256039402589,0.0212495573068677,0.062951765331287,0.179912474064861
2008,15,4,67,51,147,240,0.0004763324362865,0.001991642158846,0.0105116202074824,0.0391581739017163,0.164638862317495
2008,15,7,202,139,292,328,0.0004079283048377,0.0029692697816174,0.0154564039069757,0.0482058484004432,0.168476180463718
2008,16,5,163,91,157,88,0.0005706211218264,0.0047398032760163,0.0219739740332382,0.0681615666000831,0.179912474064861
2008,16,2,54,61,152,259,0.0002381662181432,0.0016052041280251,0.0125727222089495,0.0404900845786454,0.177672772250964
2008,16,7,217,152,309,347,0.0004079283048377,0.0031897601119355,0.0169019668623043,0.0510123532730717,0.178235471405214
2008,17,2,157,83,145,90,0.0002282484487305,0.0045653319897826,0.0200421960962502,0.062951765331287,0.184001393929971
2008,17,0,66,47,147,203,0.0,0.0019619161564752,0.0096871794068955,0.0391581739017163,0.139257037710215
2008,17,2,223,130,292,293,0.0001165509442393,0.0032779562440627,0.0144556295532866,0.0482058484004432,0.1504985392557
2008,18,1,150,100,138,97,0.0001141242243652,0.0043617821558432,0.0241472242123497,0.0599127145911559,0.198312613457858
2008,18,4,56,35,180,232,0.0004763324362865,0.0016646561327668,0.0072138570051349,0.0479487843694485,0.159150900240245
2008,18,5,206,135,318,329,0.0002913773605983,0.0030280672030355,0.0150116153053361,0.0524981499703457,0.168989827355376
2008,19,3,166,96,125,73,0.0003423726730958,0.0048270389191332,0.0231813352438557,0.0542687632166267,0.149245575076532
2008,19,2,65,53,125,213,0.0002381662181432,0.0019321901541043,0.0109238406077758,0.0332977669232282,0.146116990306777
2008,19,5,231,149,250,286,0.0002913773605983,0.0033955510868991,0.0165683754110746,0.0412721304798315,0.146903011014096
2008,20,4,153,77,153,74,0.0004564968974611,0.0044490177989601,0.0185933626435093,0.0664249661771511,0.151290035009088
2008,20,4,56,57,138,192,0.0004763324362865,0.0016646561327668,0.0117482814083627,0.0367607346832439,0.131711089853996
2008,20,8,209,134,291,266,0.0004662037769574,0.0030721652690992,0.0149004181549262,0.0480407598785239,0.136630073180942
2008,21,3,141,98,125,81,0.0003423726730958,0.0041000752264926,0.0236642797281027,0.0542687632166267,0.165601254536974
2008,21,2,55,51,134,217,0.0002381662181432,0.001634930130396,0.0105116202074824,0.0356952061417006,0.148860971345402
2008,21,5,196,149,259,298,0.0002913773605983,0.0028810736494901,0.0165683754110746,0.0427579271771054,0.153066773713988
2008,22,3,138,95,131,83,0.0003423726730958,0.0040128395833758,0.0229398630017322,0.0568736638510248,0.169690174402085
2008,22,2,53,36,146,184,0.0002381662181432,0.0015754781256543,0.0074199672052816,0.0388917917663305,0.126223127776746
2008,22,5,191,131,277,267,0.0002913773605983,0.0028075768727174,0.0145668267036965,0.0457295205716533,0.1371437200726
2008,23,3,148,101,139,93,0.0003423726730958,0.004303625060432,0.0243886964544732,0.0603468646968889,0.190134773727637
2008,23,3,66,44,129,201,0.0003572493272149,0.0019619161564752,0.0090688488064553,0.0343632954647715,0.137885047190902
2008,23,6,214,145,268,294,0.000349652832718,0.0031456620458719,0.016123586809435,0.0442437238743794,0.151012186147357
2008,24,4,168,94,124,59,0.0004564968974611,0.0048851960145444,0.0226983907596087,0.0538346131108937,0.120623136020759
2008,24,5,61,53,142,190,0.0005954155453581,0.001813286144621,0.0109238406077758,0.0378262632247872,0.130339099334684
2008,24,9,229,147,266,249,0.000524479249077,0.00336615237619,0.0163459811102548,0.0439135468305407,0.127898076022762
2008,25,2,167,83,141,77,0.0002282484487305,0.0048561174668388,0.0200421960962502,0.0612151649083549,0.157423414806753
2008,25,2,62,61,134,201,0.0002381662181432,0.0018430121469918,0.0125727222089495,0.0356952061417006,0.137885047190902
2008,25,4,229,144,275,278,0.0002331018884787,0.00336615237619,0.0160123896590252,0.0453993435278146,0.142793835880835
2008,26,3,145,84,115,53,0.0003423726730958,0.0042163894173151,0.0202836683383737,0.0499272621592966,0.108356376425428
2008,26,0,58,63,127,163,0.0,0.0017241081375085,0.0129849426092429,0.0338305311939998,0.111817227323965
2008,26,3,203,147,242,216,0.000174826416359,0.0029839691369719,0.0163459811102548,0.0399514223044769,0.110947728598058
2008,27,2,148,91,128,65,0.0002282484487305,0.004303625060432,0.0219739740332382,0.0555712135338258,0.13288989561609
2008,27,1,67,48,143,218,0.0001190831090716,0.001991642158846,0.0098932896070422,0.038092645360173,0.149546966605058
2008,27,3,215,139,271,283,0.000174826416359,0.0031603614012264,0.0154564039069757,0.0447389894401373,0.145362070339123
2008,28,1,144,89,110,71,0.0001141242243652,0.0041873108696095,0.0214910295489912,0.0477565116306315,0.145156655211422
2008,28,2,65,55,129,196,0.0002381662181432,0.0019321901541043,0.0113360610080692,0.0343632954647715,0.134455070892621
2008,28,3,209,144,239,267,0.000174826416359,0.0030721652690992,0.0160123896590252,0.0394561567387189,0.1371437200726
2008,29,5,147,79,130,70,0.0005706211218264,0.0042745465127264,0.0190763071277563,0.0564395137452918,0.143112195278867
2008,29,1,59,44,135,210,0.0001190831090716,0.0017538341398793,0.0090688488064553,0.0359615882770864,0.144059004527808
2008,29,6,206,123,265,280,0.000349652832718,0.0030280672030355,0.0136772495004173,0.0437484583086214,0.14382112966415
2008,30,4,140,77,130,87,0.0004564968974611,0.004070996678787,0.0185933626435093,0.0564395137452918,0.177868014132306
2008,30,0,57,53,150,170,0.0,0.0016943821351376,0.0109238406077758,0.0399573203078738,0.116619194141559
2008,30,4,197,130,280,257,0.0002331018884787,0.0028957730048447,0.0144556295532866,0.0462247861374113,0.132007251156023
2008,31,6,133,82,139,89,0.0006847453461917,0.0038674468448477,0.0198007238541268,0.0603468646968889,0.181956933997416
2008,31,2,60,54,134,203,0.0002381662181432,0.0017835601422501,0.0111299508079225,0.0356952061417006,0.139257037710215
2008,31,8,193,136,273,292,0.0004662037769574,0.0028369755834265,0.015122812455746,0.045069166483976,0.149984892364042
2008,32,2,145,88,129,57,0.0002282484487305,0.0042163894173151,0.0212495573068677,0.0560053636395588,0.116534216155649
2008,32,4,65,56,134,189,0.0004763324362865,0.0019321901541043,0.0115421712082159,0.0356952061417006,0.129653104075027
2008,32,6,210,144,263,246,0.000349652832718,0.0030868646244537,0.0160123896590252,0.0434182812647827,0.126357135347789
2008,33,4,167,91,123,62,0.0004564968974611,0.0048561174668388,0.0219739740332382,0.0534004630051607,0.126756515818425
2008,33,1,68,44,130,203,0.0001190831090716,0.0020213681612168,0.0090688488064553,0.0346296776001573,0.139257037710215
2008,33,5,235,135,253,265,0.0002913773605983,0.0034543485083172,0.0150116153053361,0.0417673960455895,0.136116426289285
2008,34,6,138,106,127,77,0.0006847453461917,0.0040128395833758,0.0255960576650907,0.0551370634280927,0.157423414806753
2008,34,5,60,49,122,199,0.0005954155453581,0.0017835601422501,0.0100993998071889,0.0324986205170707,0.13651305667159
2008,34,11,198,155,249,276,0.0006410301933164,0.0029104723601992,0.017235558313534,0.0411070419579122,0.141766542097519
2008,35,2,134,78,137,74,0.0002282484487305,0.0038965253925533,0.0188348348856328,0.0594785644854229,0.151290035009088
2008,35,3,56,57,135,182,0.0003572493272149,0.0016646561327668,0.0117482814083627,0.0359615882770864,0.124851137257434
2008,35,5,190,135,272,256,0.0002913773605983,0.0027928775173629,0.0150116153053361,0.0449040779620567,0.131493604264366
2008,36,2,149,97,132,79,0.0002282484487305,0.0043327036081376,0.0234228074859792,0.0573078139567578,0.161512334671864
2008,36,0,74,45,136,191,0.0,0.0021997241754419,0.009274959006602,0.0362279704124722,0.13102509459434
2008,36,2,223,142,268,270,0.0001165509442393,0.0032779562440627,0.0157899953582054,0.0442437238743794,0.138684660747573
2008,37,1,165,105,136,71,0.0001141242243652,0.0047979603714276,0.0253545854229672,0.0590444143796899,0.145156655211422
2008,37,2,65,42,141,195,0.0002381662181432,0.0019321901541043,0.0086566284061619,0.0375598810894014,0.133769075632965
2008,37,3,230,147,277,266,0.000174826416359,0.0033808517315445,0.0163459811102548,0.0457295205716533,0.136630073180942
2008,38,1,131,79,138,77,0.0001141242243652,0.0038092897494364,0.0190763071277563,0.0599127145911559,0.157423414806753
2008,38,1,49,48,136,187,0.0001190831090716,0.0014565741161709,0.0098932896070422,0.0362279704124722,0.128281113555715
2008,38,2,180,127,274,264,0.0001165509442393,0.0026458839638174,0.0141220381020569,0.0452342550058953,0.135602779397627
2008,39,2,153,95,141,94,0.0002282484487305,0.0044490177989601,0.0229398630017322,0.0612151649083549,0.192179233660192
2008,39,2,77,58,145,218,0.0002381662181432,0.0022889021825544,0.0119543916085094,0.0386254096309447,0.149546966605058
2008,39,4,230,153,286,312,0.0002331018884787,0.0033808517315445,0.0170131640127142,0.0472153172689272,0.160257830197196
2008,40,3,121,88,130,75,0.0003423726730958,0.0035185042723802,0.0212495573068677,0.0564395137452918,0.153334494941643
2008,40,2,72,47,143,199,0.0002381662181432,0.0021402721707002,0.0096871794068955,0.038092645360173,0.13651305667159
2008,40,5,193,135,273,274,0.0002913773605983,0.0028369755834265,0.0150116153053361,0.045069166483976,0.140739248314204
2008,41,3,148,90,141,69,0.0003423726730958,0.004303625060432,0.0217325017911147,0.0612151649083549,0.141067735346311
2008,41,2,62,37,134,204,0.0002381662181432,0.0018430121469918,0.0076260774054283,0.0356952061417006,0.139943032969871
2008,41,5,210,127,275,273,0.0002913773605983,0.0030868646244537,0.0141220381020569,0.0453993435278146,0.140225601422546
2008,42,7,148,105,135,71,0.0007988695705569,0.004303625060432,0.0253545854229672,0.0586102642739568,0.145156655211422
2008,42,8,63,54,144,198,0.0009526648725731,0.0018727381493627,0.0111299508079225,0.0383590274955588,0.135827061411933
2008,42,15,211,159,279,269,0.0008741320817951,0.0031015639798082,0.0176803469151736,0.046059697615492,0.138171013855915
2008,43,0,135,87,124,91,0.0,0.0039256039402589,0.0210080850647442,0.0538346131108937,0.186045853862527
2008,43,2,71,48,130,184,0.0002381662181432,0.0021105461683294,0.0098932896070422,0.0346296776001573,0.126223127776746
2008,43,2,206,135,254,275,0.0001165509442393,0.0030280672030355,0.0150116153053361,0.0419324845675088,0.141252895205861
2008,44,3,122,94,144,93,0.0003423726730958,0.0035475828200858,0.0226983907596087,0.062517615225554,0.190134773727637
2008,44,2,65,39,124,220,0.0002381662181432,0.0019321901541043,0.0080382978057218,0.0330313847878423,0.150918957124371
2008,44,5,187,133,268,313,0.0002913773605983,0.0027487794512992,0.0147892210045163,0.0442437238743794,0.160771477088853
2008,45,5,114,90,136,72,0.0005706211218264,0.0033149544384408,0.0217325017911147,0.0590444143796899,0.147201115143977
2008,45,2,58,51,134,214,0.0002381662181432,0.0017241081375085,0.0105116202074824,0.0356952061417006,0.146802985566433
2008,45,7,172,141,270,286,0.0004079283048377,0.0025282891209811,0.0156787982077955,0.044573900918218,0.146903011014096
2008,46,0,141,99,136,84,0.0,0.0041000752264926,0.0239057519702262,0.0590444143796899,0.17173463433464
2008,46,3,62,59,122,213,0.0003572493272149,0.0018430121469918,0.0121605018086561,0.0324986205170707,0.146116990306777
2008,46,3,203,158,258,297,0.000174826416359,0.0029839691369719,0.0175691497647637,0.0425928386551861,0.15255312682233
2008,47,2,140,95,163,94,0.0002282484487305,0.004070996678787,0.0229398630017322,0.0707664672344812,0.192179233660192
2008,47,2,57,61,128,190,0.0002381662181432,0.0016943821351376,0.0125727222089495,0.0340969133293856,0.130339099334684
2008,47,4,197,156,291,284,0.0002331018884787,0.0028957730048447,0.0173467554639439,0.0480407598785239,0.145875717230781
2008,48,6,140,98,139,100,0.0006847453461917,0.004070996678787,0.0236642797281027,0.0603468646968889,0.204445993255524
2008,48,2,63,66,152,228,0.0002381662181432,0.0018727381493627,0.0136032732096831,0.0404900845786454,0.15640691920162
2008,48,8,203,164,291,328,0.0004662037769574,0.0029839691369719,0.0182363326672231,0.0480407598785239,0.168476180463718
2008,49,6,120,111,133,65,0.0006847453461917,0.0034894257246746,0.0268034188757082,0.0577419640624908,0.13288989561609
2008,49,0,49,52,115,207,0.0,0.0014565741161709,0.0107177304076291,0.0306339455693699,0.14200101874884
2008,49,6,169,163,248,272,0.000349652832718,0.0024841910549175,0.0181251355168132,0.0409419534359928,0.139711954530888
2008,50,2,135,101,146,88,0.0002282484487305,0.0039256039402589,0.0243886964544732,0.06338591543702,0.179912474064861
2008,50,2,41,61,147,207,0.0002381662181432,0.0012187660972043,0.0125727222089495,0.0391581739017163,0.14200101874884
2008,50,4,176,162,293,295,0.0002331018884787,0.0025870865423993,0.0180139383664033,0.0483709369223625,0.151525833039015
2008,51,1,140,90,142,97,0.0001141242243652,0.004070996678787,0.0217325017911147,0.0616493150140879,0.198312613457858
2008,51,0,52,62,161,230,0.0,0.0015457521232835,0.0127788324090962,0.0428875237971179,0.157778909720933
2008,51,1,192,152,303,327,5.82754721196754e-05,0.0028222762280719,0.0169019668623043,0.0500218221415558,0.167962533572061
2008,52,3,129,110,153,102,0.0003423726730958,0.0037511326540252,0.0265619466335847,0.0664249661771511,0.208534913120634
2008,52,1,56,52,146,210,0.0001190831090716,0.0016646561327668,0.0107177304076291,0.0388917917663305,0.144059004527808
2008,52,4,185,162,299,312,0.0002331018884787,0.0027193807405902,0.0180139383664033,0.0493614680538785,0.160257830197196
2009,1,4,169,115,187,120,0.0004577849976078,0.0048998886979005,0.0270416731926256,0.0796354407368325,0.228524373671111
2009,1,3,78,64,168,258,0.0003585287006355,0.002312065657058,0.0129373321447206,0.0449031239266097,0.169117754728193
2009,1,7,247,179,355,378,0.0004092309112055,0.0036202864447974,0.0194573264346217,0.058296221223651,0.184329788442244
2009,2,0,162,108,174,102,0.0,0.004696934728165,0.0253956583026397,0.0740992871027211,0.194245717620444
2009,2,2,67,56,169,251,0.000239019133757,0.001986005115678,0.0113201656266305,0.0451704044261729,0.164529288514638
2009,2,2,229,164,343,353,0.0001169231174872,0.0033564599022616,0.0178268242194299,0.0563256447315839,0.172138664868022
2009,3,1,167,95,169,95,0.0001144462494019,0.0048419018494046,0.0223387735069515,0.0719699972434475,0.180915129156296
2009,3,4,75,57,166,237,0.000478038267514,0.0022231400548635,0.0115223114413918,0.0443685629274834,0.155352356087527
2009,3,5,242,152,335,332,0.0002923077937182,0.003547001294093,0.0165224224472765,0.0550119270702059,0.161898121065675
2009,4,2,157,93,169,94,0.0002288924988039,0.0045519676069253,0.0218684835383841,0.0719699972434475,0.179010759375704
2009,4,1,66,60,171,251,0.0001195095668785,0.0019563632482798,0.0121287488856755,0.0457049654252992,0.164529288514638
2009,4,3,223,153,340,345,0.0001753846762309,0.0032685177214163,0.016631122594956,0.0558330006085672,0.168237505324271
2009,5,3,135,107,176,100,0.0003433387482059,0.0039141122734708,0.025160513318356,0.0749510030464306,0.190436978059259
2009,5,4,65,58,165,213,0.000478038267514,0.0019267213808817,0.011724457256153,0.0441012824279203,0.139620471926764
2009,5,7,200,165,341,313,0.0004092309112055,0.0029314060281761,0.0179355243671094,0.0559972153162394,0.152632867149266
2009,6,4,153,122,168,100,0.0004577849976078,0.0044359939099336,0.0286876880826115,0.0715441392715928,0.190436978059259
2009,6,3,62,61,161,254,0.0003585287006355,0.0018377957786871,0.0123308947004368,0.0430321604296677,0.166495774034733
2009,6,7,215,183,329,354,0.0004092309112055,0.0031512614802893,0.0198921270253395,0.0540266388241724,0.172626309810991
2009,7,4,164,110,168,113,0.0004577849976078,0.0047549215766608,0.0258659482712071,0.0715441392715928,0.215193785206963
2009,7,5,66,80,166,283,0.0005975478343925,0.0019563632482798,0.0161716651809007,0.0443685629274834,0.185505134062321
2009,7,9,230,190,334,396,0.0005261540286928,0.0033711169324025,0.0206530280590956,0.0548477123625336,0.193107397415685
2009,8,5,133,99,158,106,0.0005722312470098,0.0038561254249749,0.0232793534440864,0.0672855595530456,0.201863196742815
2009,8,1,64,54,155,251,0.0001195095668785,0.0018970795134835,0.010915873997108,0.0414284774322887,0.164529288514638
2009,8,6,197,153,313,357,0.0003507693524618,0.0028874349377534,0.016631122594956,0.0513992035014163,0.174089244639897
2009,9,2,133,95,162,105,0.0002288924988039,0.0038561254249749,0.0223387735069515,0.0689889914404645,0.199958826962222
2009,9,5,40,43,172,220,0.0005975478343925,0.0011856746959272,0.0086922700347341,0.0459722459248623,0.14420893814032
2009,9,7,173,138,334,325,0.0004092309112055,0.0025356662143723,0.0150006203797642,0.0548477123625336,0.158484606464893
2009,10,1,156,107,195,109,0.0001144462494019,0.0045229741826774,0.025160513318356,0.0830423045116702,0.207576306084593
2009,10,3,72,49,170,244,0.0003585287006355,0.0021342144526689,0.0099051449233016,0.045437684925736,0.159940822301082
2009,10,4,228,156,365,353,0.0002338462349745,0.0033418028721207,0.0169572230379943,0.0599383683003736,0.172138664868022
2009,11,1,144,113,168,99,0.0001144462494019,0.0041750530917022,0.0265713832240582,0.0715441392715928,0.188532608278667
2009,11,1,77,58,161,223,0.0001195095668785,0.0022824237896598,0.011724457256153,0.0430321604296677,0.146175423660415
2009,11,2,221,171,329,322,0.0001169231174872,0.0032392036611345,0.0185877252531861,0.0540266388241724,0.157021671635986
2009,12,2,158,114,151,106,0.0002288924988039,0.0045809610311732,0.0268065282083419,0.0643045537500626,0.201863196742815
2009,12,2,64,70,154,238,0.000239019133757,0.0018970795134835,0.0141502070332881,0.0411611969327256,0.156007851260892
2009,12,4,222,184,305,344,0.0002338462349745,0.0032538606912754,0.0200008271730189,0.0500854858400382,0.167749860381302
2009,13,4,131,84,155,116,0.0004577849976078,0.0037981385764791,0.0197521786798308,0.0660079856374815,0.220906894548741
2009,13,1,58,52,158,221,0.0001195095668785,0.0017192283090944,0.0105115823675855,0.0422303189309782,0.144864433313685
2009,13,5,189,136,313,337,0.0002923077937182,0.0027701786966264,0.0147832200844053,0.0513992035014163,0.164336345780519
2009,14,4,145,116,134,98,0.0004577849976078,0.0042040465159501,0.0272768181769093,0.0570649682285324,0.186628238498074
2009,14,2,49,55,135,213,0.000239019133757,0.0014524515025108,0.0111180198118693,0.0360828674410257,0.139620471926764
2009,14,6,194,171,269,311,0.0003507693524618,0.0028434638473308,0.0185877252531861,0.044173756363837,0.151657577263328
2009,15,2,131,102,137,101,0.0002288924988039,0.0037981385764791,0.0239847883969375,0.0583425421440965,0.192341347839852
2009,15,1,61,56,132,223,0.0001195095668785,0.0018081539112889,0.0113201656266305,0.0352810259423362,0.146175423660415
2009,15,3,192,158,269,324,0.0001753846762309,0.002814149787049,0.0171746233333532,0.044173756363837,0.157996961521924
2009,16,2,131,107,149,76,0.0002288924988039,0.0037981385764791,0.025160513318356,0.0634528378063531,0.144732103325037
2009,16,2,73,60,149,202,0.000239019133757,0.0021638563200671,0.0121287488856755,0.0398247944349098,0.132410025019748
2009,16,4,204,167,298,278,0.0002338462349745,0.0029900341487396,0.0181529246624683,0.0489359828863324,0.135565294145354
2009,17,2,116,100,153,98,0.0002288924988039,0.0033632372127601,0.02351449842837,0.065156269693772,0.186628238498074
2009,17,2,56,51,157,221,0.000239019133757,0.001659944574298,0.0103094365528242,0.041963038431415,0.144864433313685
2009,17,4,172,151,310,319,0.0002338462349745,0.0025210091842314,0.0164137222995971,0.0509065593783995,0.155558736807079
2009,18,2,161,108,157,97,0.0002288924988039,0.004667941303917,0.0253956583026397,0.0668597015811909,0.184723868717482
2009,18,3,64,44,147,243,0.0003585287006355,0.0018970795134835,0.0088944158494954,0.0392902334357835,0.159285327127717
2009,18,5,225,152,304,340,0.0002923077937182,0.0032978317816981,0.0165224224472765,0.0499212711323659,0.165799280609426
2009,19,3,164,87,137,89,0.0003433387482059,0.0047549215766608,0.0204576136326819,0.0583425421440965,0.169488910472741
2009,19,2,60,57,156,222,0.000239019133757,0.0017785120438908,0.0115223114413918,0.0416957579318519,0.14551992848705
2009,19,5,224,144,293,311,0.0002923077937182,0.0032831747515572,0.0156528212658409,0.0481149093479711,0.151657577263328
2009,20,2,139,106,146,94,0.0002288924988039,0.0040300859704625,0.0249253683340723,0.062175263890789,0.179010759375704
2009,20,5,52,48,140,203,0.0005975478343925,0.0015413771047053,0.0097029991085404,0.0374192699388414,0.133065520193113
2009,20,7,191,154,286,297,0.0004092309112055,0.0027994927569081,0.0167398227426354,0.0469654063942653,0.144830548061763
2009,21,2,117,102,138,72,0.0002288924988039,0.003392230637008,0.0239847883969375,0.0587684001159512,0.137114624202667
2009,21,3,66,50,121,188,0.0003585287006355,0.0019563632482798,0.010107290738063,0.0323409404471415,0.123233092592637
2009,21,5,183,152,259,260,0.0002923077937182,0.0026822365157811,0.0165224224472765,0.0425316092871144,0.126787685171914
2009,22,3,160,102,119,78,0.0003433387482059,0.0046389478796691,0.0239847883969375,0.0506770986507116,0.148540842886222
2009,22,3,53,49,140,207,0.0003585287006355,0.0015710189721035,0.0099051449233016,0.0374192699388414,0.135687500886574
2009,22,6,213,151,259,285,0.0003507693524618,0.0031219474200075,0.0164137222995971,0.0425316092871144,0.138978808746137
2009,23,3,137,92,150,84,0.0003433387482059,0.0039720991219667,0.0216333385541004,0.0638786957782079,0.159967061569778
2009,23,4,49,53,136,203,0.000478038267514,0.0014524515025108,0.0107137281823467,0.0363501479405888,0.133065520193113
2009,23,7,186,145,286,287,0.0004092309112055,0.0027262076062037,0.0157615214135203,0.0469654063942653,0.139954098632074
2009,24,0,147,103,149,85,0.0,0.004262033364446,0.0242199333812212,0.0634528378063531,0.16187143135037
2009,24,1,58,49,135,200,0.0001195095668785,0.0017192283090944,0.0099051449233016,0.0360828674410257,0.131099034673018
2009,24,1,205,152,284,285,5.84615587436479e-05,0.0030046911788805,0.0165224224472765,0.0466369769789208,0.138978808746137
2009,25,1,164,112,124,84,0.0001144462494019,0.0047549215766608,0.0263362382397745,0.0528063885099852,0.159967061569778
2009,25,0,68,50,133,206,0.0,0.0020156469830762,0.010107290738063,0.0355483064418994,0.135032005713209
2009,25,1,232,162,257,290,5.84615587436479e-05,0.0034004309926842,0.017609423924071,0.0422031798717699,0.141417033460981
2009,26,1,167,101,149,71,0.0001144462494019,0.0048419018494046,0.0237496434126537,0.0634528378063531,0.135210254422074
2009,26,3,70,57,134,209,0.0003585287006355,0.0020749307178726,0.0115223114413918,0.0358155869414625,0.136998491233304
2009,26,4,237,158,283,280,0.0002338462349745,0.0034737161433886,0.0171746233333532,0.0464727622712486,0.136540584031292
2009,27,0,130,88,164,97,0.0,0.0037691451522311,0.0206927586169656,0.0698407073841739,0.184723868717482
2009,27,1,66,47,106,216,0.0001195095668785,0.0019563632482798,0.0095008532937791,0.0283317329536942,0.14158695744686
2009,27,1,196,135,270,313,5.84615587436479e-05,0.0028727779076125,0.0146745199367258,0.0443379710715092,0.152632867149266
2009,28,0,145,101,139,68,0.0,0.0042040465159501,0.0237496434126537,0.059194258087806,0.129497145080296
2009,28,1,45,57,142,163,0.0001195095668785,0.0013338840329181,0.0115223114413918,0.0379538309379677,0.10684571325851
2009,28,1,190,158,281,231,5.84615587436479e-05,0.0027848357267672,0.0171746233333532,0.046144332855904,0.112645981825816
2009,29,5,146,89,134,67,0.0005722312470098,0.004233039940198,0.0209279036012493,0.0570649682285324,0.127592775299704
2009,29,3,57,61,133,205,0.0003585287006355,0.0016895864416962,0.0123308947004368,0.0355483064418994,0.134376510539844
2009,29,8,203,150,267,272,0.0004676924699491,0.0029753771185987,0.0163050221519176,0.0438453269484925,0.132639424487541
2009,30,1,143,109,129,78,0.0001144462494019,0.0041460596674542,0.0256308032869234,0.0549356783692588,0.148540842886222
2009,30,3,53,46,129,187,0.0003585287006355,0.0015710189721035,0.0092987074790179,0.0344791844436468,0.122577597419272
2009,30,4,196,155,258,265,0.0002338462349745,0.0028727779076125,0.0168485228903149,0.0423673945794421,0.129225909886759
2009,31,8,145,95,116,70,0.0009155699952157,0.0042040465159501,0.0223387735069515,0.0493995247351474,0.133305884641481
2009,31,3,61,58,132,172,0.0003585287006355,0.0018081539112889,0.011724457256153,0.0352810259423362,0.112745169818796
2009,31,11,206,153,248,242,0.0006430771461801,0.0030193482090213,0.016631122594956,0.0407252475027196,0.118010076198474
2009,32,1,160,88,131,76,0.0001144462494019,0.0046389478796691,0.0206927586169656,0.0557873943129682,0.144732103325037
2009,32,1,52,49,119,184,0.0001195095668785,0.0015413771047053,0.0099051449233016,0.0318063794480152,0.120611111899177
2009,32,2,212,137,250,260,0.0001169231174872,0.0031072903898666,0.0148919202320847,0.0410536769180641,0.126787685171914
2009,33,3,142,91,134,86,0.0003433387482059,0.0041170662432063,0.0213981935698167,0.0570649682285324,0.163775801130963
2009,33,3,63,49,129,211,0.0003585287006355,0.0018674376460853,0.0099051449233016,0.0344791844436468,0.138309481580034
2009,33,6,205,140,263,297,0.0003507693524618,0.0030046911788805,0.0152180206751231,0.0431884681178034,0.144830548061763
2009,34,2,118,91,117,86,0.0002288924988039,0.0034212240612559,0.0213981935698167,0.0498253827070021,0.163775801130963
2009,34,5,61,57,123,188,0.0005975478343925,0.0018081539112889,0.0115223114413918,0.0328755014462678,0.123233092592637
2009,34,7,179,148,240,274,0.0004092309112055,0.0026236083952176,0.0160876218565587,0.0394115298413415,0.133614714373479
2009,35,2,116,98,128,70,0.0002288924988039,0.0033632372127601,0.0230442084598026,0.054509820397404,0.133305884641481
2009,35,1,55,51,131,207,0.0001195095668785,0.0016303027068999,0.0103094365528242,0.0350137454427731,0.135687500886574
2009,35,3,171,149,259,277,0.0001753846762309,0.0025063521540905,0.0161963220042382,0.0425316092871144,0.135077649202385
2009,36,1,153,83,113,79,0.0001144462494019,0.0044359939099336,0.0195170336955471,0.0481219508195833,0.150445212666815
2009,36,2,46,47,124,175,0.000239019133757,0.0013635259003162,0.0095008532937791,0.033142781945831,0.114711655338891
2009,36,3,199,130,237,254,0.0001753846762309,0.0029167489980352,0.0141310191983286,0.0389188857183248,0.123861815514101
2009,37,0,122,93,132,82,0.0,0.0035371977582477,0.0218684835383841,0.0562132522848229,0.156158322008593
2009,37,1,68,47,122,194,0.0001195095668785,0.0020156469830762,0.0095008532937791,0.0326082209467047,0.127166063632828
2009,37,1,190,140,254,276,5.84615587436479e-05,0.0027848357267672,0.0152180206751231,0.0417105357487531,0.134590004259417
2009,38,3,132,105,140,63,0.0003433387482059,0.003827132000727,0.0246902233497886,0.0596201160596607,0.119975296177333
2009,38,2,64,44,128,173,0.000239019133757,0.0018970795134835,0.0088944158494954,0.0342119039440836,0.113400664992161
2009,38,5,196,149,268,236,0.0002923077937182,0.0028727779076125,0.0161963220042382,0.0440095416561647,0.11508420654066
2009,39,0,122,89,133,78,0.0,0.0035371977582477,0.0209279036012493,0.0566391102566776,0.148540842886222
2009,39,2,76,55,126,199,0.000239019133757,0.0022527819222616,0.0111180198118693,0.0336773429449573,0.130443539499653
2009,39,2,198,144,259,277,0.0001169231174872,0.0029020919678943,0.0156528212658409,0.0425316092871144,0.135077649202385
2009,40,4,150,96,140,74,0.0004577849976078,0.0043490136371898,0.0225739184912352,0.0596201160596607,0.140923363763852
2009,40,1,66,62,132,197,0.0001195095668785,0.0019563632482798,0.0125330405151981,0.0352810259423362,0.129132549152923
2009,40,5,216,158,272,271,0.0002923077937182,0.0031659185104301,0.0171746233333532,0.0446664004868537,0.132151779544572
2009,41,4,129,85,118,76,0.0004577849976078,0.0037401517279832,0.0199873236641145,0.0502512406788569,0.144732103325037
2009,41,1,58,50,133,199,0.0001195095668785,0.0017192283090944,0.010107290738063,0.0355483064418994,0.130443539499653
2009,41,5,187,135,251,275,0.0002923077937182,0.0027408646363446,0.0146745199367258,0.0412178916257364,0.134102359316448
2009,42,4,142,92,149,95,0.0004577849976078,0.0041170662432063,0.0216333385541004,0.0634528378063531,0.180915129156296
2009,42,1,58,50,140,240,0.0001195095668785,0.0017192283090944,0.010107290738063,0.0374192699388414,0.157318841607622
2009,42,5,200,142,289,335,0.0002923077937182,0.0029314060281761,0.015435420970482,0.0474580505172821,0.163361055894582
2009,43,1,118,114,149,106,0.0001144462494019,0.0034212240612559,0.0268065282083419,0.0634528378063531,0.201863196742815
2009,43,2,59,51,135,200,0.000239019133757,0.0017488701764926,0.0103094365528242,0.0360828674410257,0.131099034673018
2009,43,3,177,165,284,306,0.0001753846762309,0.0025942943349358,0.0179355243671094,0.0466369769789208,0.149219352548484
2009,44,5,118,106,143,93,0.0005722312470098,0.0034212240612559,0.0249253683340723,0.0608976899752248,0.177106389595111
2009,44,1,68,65,129,215,0.0001195095668785,0.0020156469830762,0.0131394779594818,0.0344791844436468,0.140931462273495
2009,44,6,186,171,272,308,0.0003507693524618,0.0027262076062037,0.0185877252531861,0.0446664004868537,0.150194642434421
2009,45,1,132,120,139,89,0.0001144462494019,0.003827132000727,0.0282173981140441,0.059194258087806,0.169488910472741
2009,45,4,79,48,137,200,0.000478038267514,0.0023417075244562,0.0097029991085404,0.036617428440152,0.131099034673018
2009,45,5,211,168,276,289,0.0002923077937182,0.0030926333597257,0.0182616248101477,0.0453232593175428,0.140929388518012
2009,46,5,168,85,150,89,0.0005722312470098,0.0048708952736525,0.0199873236641145,0.0638786957782079,0.169488910472741
2009,46,2,70,58,120,215,0.000239019133757,0.0020749307178726,0.011724457256153,0.0320736599475784,0.140931462273495
2009,46,7,238,143,270,304,0.0004092309112055,0.0034883731735295,0.0155441211181614,0.0443379710715092,0.148244062662546
2009,47,3,136,110,133,94,0.0003433387482059,0.0039431056977187,0.0258659482712071,0.0566391102566776,0.179010759375704
2009,47,1,52,54,139,228,0.0001195095668785,0.0015413771047053,0.010915873997108,0.0371519894392783,0.149452899527241
2009,47,4,188,164,272,322,0.0002338462349745,0.0027555216664855,0.0178268242194299,0.0446664004868537,0.157021671635986
2009,48,3,148,116,142,117,0.0003433387482059,0.0042910267886939,0.0272768181769093,0.0604718320033701,0.222811264329333
2009,48,2,80,52,122,228,0.000239019133757,0.0023713493918544,0.0105115823675855,0.0326082209467047,0.149452899527241
2009,48,5,228,168,264,345,0.0002923077937182,0.0033418028721207,0.0182616248101477,0.0433526828254757,0.168237505324271
2009,49,0,137,97,121,87,0.0,0.0039720991219667,0.0228090634755189,0.051528814594421,0.165680170911556
2009,49,2,65,49,137,207,0.000239019133757,0.0019267213808817,0.0099051449233016,0.036617428440152,0.135687500886574
2009,49,2,202,146,258,294,0.0001169231174872,0.0029607200884578,0.0158702215611998,0.0423673945794421,0.143367613232857
2009,50,1,121,122,138,103,0.0001144462494019,0.0035082043339997,0.0286876880826115,0.0587684001159512,0.196150087401037
2009,50,5,55,60,131,209,0.0005975478343925,0.0016303027068999,0.0121287488856755,0.0350137454427731,0.136998491233304
2009,50,6,176,182,269,312,0.0003507693524618,0.0025796373047949,0.01978342687766,0.044173756363837,0.152145222206297
2009,51,1,119,90,161,87,0.0001144462494019,0.0034502174855039,0.021163048585533,0.0685631334686098,0.165680170911556
2009,51,3,69,59,130,212,0.0003585287006355,0.0020452888504744,0.0119266030709143,0.0347464649432099,0.138964976753399
2009,51,4,188,149,291,299,0.0002338462349745,0.0027555216664855,0.0161963220042382,0.0477864799326266,0.145805837947701
2009,52,3,146,131,168,116,0.0003433387482059,0.004233039940198,0.0308039929411648,0.0715441392715928,0.220906894548741
2009,52,0,66,61,166,233,0.0,0.0019563632482798,0.0123308947004368,0.0443685629274834,0.152730375394066
2009,52,3,212,192,334,349,0.0001753846762309,0.0031072903898666,0.0208704283544545,0.0548477123625336,0.170188085096146
2009,53,2,146,102,172,90,0.0002288924988039,0.004233039940198,0.0239847883969375,0.0732475711590117,0.171393280253333
2009,53,1,73,65,159,241,0.0001195095668785,0.0021638563200671,0.0131394779594818,0.0424975994305413,0.157974336780987
2009,53,3,219,167,331,331,0.0001753846762309,0.0032098896008528,0.0181529246624683,0.0543550682395169,0.161410476122706
2010,1,4,126,101,180,105,0.0004587961652911,0.0036457249911688,0.0231196091918987,0.0749276433611778,0.186998117159982
2010,1,1,72,50,138,252,0.0001198417654215,0.0021297962399134,0.0099136552105669,0.0367824570427752,0.158869480729622
2010,1,5,198,151,318,357,0.0002930350542212,0.002896130799982,0.0160431198815946,0.051672816717329,0.166223503329923
2010,2,2,134,93,167,111,0.0002293980826455,0.0038771995937827,0.021288353018283,0.0695162024517594,0.197683723854838
2010,2,0,62,53,119,235,0.0,0.0018339912065921,0.010508474523201,0.0317182057107989,0.148152095124846
2010,2,2,196,146,286,346,0.0001172140216885,0.0028668769535176,0.0155118907464424,0.0464730364187298,0.161101770734323
2010,3,2,131,97,162,110,0.0002293980826455,0.0037903966178025,0.0222039811050908,0.06743487902506,0.195902789405696
2010,3,2,60,64,142,232,0.0002396835308431,0.0017748301999279,0.0126894786695257,0.0378486152179281,0.146260791782827
2010,3,4,191,161,304,342,0.000234428043377,0.0027937423373564,0.0171055781518988,0.0493979128366919,0.159239322517742
2010,4,4,148,102,183,108,0.0004587961652911,0.004282280148357,0.0233485162136007,0.0761764374171974,0.19234092050741
2010,4,5,62,56,148,250,0.0005992088271079,0.0018339912065921,0.011103293835835,0.0394478524806574,0.157608611834943
2010,4,9,210,158,331,358,0.0005274630975982,0.0030716538787688,0.0167868406708076,0.0537852274636349,0.166689115384069
2010,5,1,148,127,172,85,0.0001146990413227,0.004282280148357,0.0290711917561499,0.0715975258784588,0.151379428177129
2010,5,3,73,39,150,233,0.0003595252962647,0.0021593767432456,0.0077326510642422,0.0399809315682339,0.146891226230166
2010,5,4,221,166,322,318,0.000234428043377,0.0032325500343234,0.017636807287051,0.0523227892546539,0.148064633218251
2010,6,2,141,109,134,100,0.0002293980826455,0.0040797398710699,0.0249508653655145,0.0557794678355435,0.178093444914269
2010,6,3,58,57,147,253,0.0003595252962647,0.0017156691932636,0.0113015669400463,0.0391813129368692,0.159499915176962
2010,6,5,199,166,281,353,0.0002930350542212,0.0029107577232143,0.017636807287051,0.0456605707470737,0.164361055113342
2010,7,4,138,110,145,106,0.0004587961652911,0.0039929368950897,0.0251797723872164,0.0603583793742821,0.188779051609125
2010,7,2,58,50,142,222,0.0002396835308431,0.0017156691932636,0.0099136552105669,0.0378486152179281,0.139956447309429
2010,7,6,196,160,287,328,0.0003516420650655,0.0028668769535176,0.0169993323248684,0.0466355295530611,0.152720753759705
2010,8,4,136,110,151,99,0.0004587961652911,0.0039350682444362,0.0251797723872164,0.0628559674863214,0.176312510465126
2010,8,3,66,56,165,218,0.0003595252962647,0.0019523132199206,0.011103293835835,0.0439790247250573,0.13743470952007
2010,8,7,202,166,316,317,0.0004102490759097,0.002954638492911,0.017636807287051,0.0513478304486665,0.147599021164106
2010,9,2,146,115,148,106,0.0002293980826455,0.0042244114977035,0.0263243074957263,0.0616071734303017,0.188779051609125
2010,9,3,52,51,160,245,0.0003595252962647,0.0015381861732708,0.0101119283147783,0.0426463270061161,0.154456439598244
2010,9,5,198,166,308,351,0.0002930350542212,0.002896130799982,0.017636807287051,0.0500478853740168,0.163429831005051
2010,10,0,129,121,155,105,0.0,0.003732527967149,0.0276977496259381,0.0645210262276809,0.186998117159982
2010,10,2,61,65,151,271,0.0002396835308431,0.00180441070326,0.012887751773737,0.0402474711120221,0.170847735229078
2010,10,2,190,186,306,376,0.0001172140216885,0.0027791154141242,0.0197617238276595,0.0497228991053543,0.175070132358687
2010,11,1,136,113,162,91,0.0001146990413227,0.0039350682444362,0.0258664934523223,0.06743487902506,0.162065034871985
2010,11,2,66,47,160,224,0.0002396835308431,0.0019523132199206,0.0093188358979329,0.0426463270061161,0.141217316204109
2010,11,3,202,160,322,315,0.0001758210325327,0.002954638492911,0.0169993323248684,0.0523227892546539,0.146667797055815
2010,12,3,146,109,148,93,0.0003440971239683,0.0042244114977035,0.0249508653655145,0.0616071734303017,0.16562690377027
2010,12,1,51,61,139,241,0.0001198417654215,0.0015086056699387,0.0120946593568917,0.0370489965865634,0.151934701808885
2010,12,4,197,170,287,334,0.000234428043377,0.0028815038767498,0.0180617905951727,0.0466355295530611,0.155514426084578
2010,13,1,145,106,148,95,0.0001146990413227,0.0041954771723768,0.0242641443004086,0.0616071734303017,0.169188772668555
2010,13,2,58,62,133,228,0.0002396835308431,0.0017156691932636,0.012292932461103,0.035449759323834,0.143739053993468
2010,13,3,203,168,281,323,0.0001758210325327,0.0029692654161432,0.0178492989411118,0.0456605707470737,0.150392693488978
2010,14,2,152,101,134,87,0.0002293980826455,0.004398017449664,0.0231196091918987,0.0557794678355435,0.154941297075414
2010,14,5,78,54,142,209,0.0005992088271079,0.0023072792599062,0.0107067476274123,0.0378486152179281,0.131760799494012
2010,14,7,230,155,276,296,0.0004102490759097,0.0033641923434135,0.0164681031897163,0.0448481050754176,0.137821168027051
2010,15,2,150,93,149,102,0.0002293980826455,0.0043401487990105,0.021288353018283,0.0620234381156416,0.181655313812554
2010,15,1,61,58,169,220,0.0001198417654215,0.00180441070326,0.0114998400442577,0.0450451829002102,0.138695578414749
2010,15,3,211,151,318,322,0.0001758210325327,0.0030862808020011,0.0160431198815946,0.051672816717329,0.149927081434833
2010,16,2,136,78,148,110,0.0002293980826455,0.0039350682444362,0.0178547476927535,0.0616071734303017,0.195902789405696
2010,16,3,53,58,140,235,0.0003595252962647,0.0015677666766029,0.0114998400442577,0.0373155361303516,0.148152095124846
2010,16,5,189,136,288,345,0.0002930350542212,0.0027644884908919,0.0144494324761382,0.0467980226873923,0.160636158680178
2010,17,1,158,89,162,122,0.0001146990413227,0.0045716234016244,0.0203727249314751,0.06743487902506,0.217274002795408
2010,17,1,72,55,127,230,0.0001198417654215,0.0021297962399134,0.0109050207316236,0.0338505220611047,0.144999922888147
2010,17,2,230,144,289,352,0.0001172140216885,0.0033641923434135,0.0152993990923816,0.0469605158217235,0.163895443059196
2010,18,1,128,92,161,77,0.0001146990413227,0.0037035936418223,0.021059445996581,0.0670186143397201,0.137131952583987
2010,18,2,77,66,149,216,0.0002396835308431,0.0022776987565741,0.0130860248779484,0.0397143920244456,0.13617384062539
2010,18,3,205,158,310,293,0.0001758210325327,0.0029985192626077,0.0167868406708076,0.0503728716426792,0.136424331864615
2010,19,4,155,79,149,102,0.0004587961652911,0.0044848204256442,0.0180836547144554,0.0620234381156416,0.181655313812554
2010,19,1,62,50,137,223,0.0001198417654215,0.0018339912065921,0.0099136552105669,0.0365159174989869,0.140586881756769
2010,19,5,217,129,286,325,0.0002930350542212,0.0031740423413945,0.0137057116869252,0.0464730364187298,0.151323917597269
2010,20,1,134,87,152,92,0.0001146990413227,0.0038771995937827,0.0199149108880712,0.0632722321716613,0.163845969321127
2010,20,1,46,66,150,213,0.0001198417654215,0.001360703153278,0.0130860248779484,0.0399809315682339,0.134282537283371
2010,20,2,180,153,302,305,0.0001172140216885,0.0026328461818018,0.0162556115356554,0.0490729265680294,0.14201167651436
2010,21,2,128,104,162,90,0.0002293980826455,0.0037035936418223,0.0238063302570046,0.06743487902506,0.160284100422842
2010,21,1,50,56,109,193,0.0001198417654215,0.0014790251666065,0.011103293835835,0.0290528102729166,0.121673848336576
2010,21,3,178,160,271,283,0.0001758210325327,0.0026035923353374,0.0169993323248684,0.0440356394037615,0.131768211323161
2010,22,0,130,109,130,80,0.0,0.0037614622924758,0.0249508653655145,0.054114409094184,0.142474755931415
2010,22,5,71,60,127,208,0.0005992088271079,0.0021002157365813,0.0118963862526803,0.0338505220611047,0.131130365046672
2010,22,5,201,169,257,288,0.0002930350542212,0.0029400115696787,0.0179555447681423,0.0417607355231244,0.134096271593888
2010,23,2,126,98,128,76,0.0002293980826455,0.0036457249911688,0.0224328881267928,0.0532818797235042,0.135351018134844
2010,23,1,54,55,150,211,0.0001198417654215,0.0015973471799351,0.0109050207316236,0.0399809315682339,0.133021668388692
2010,23,3,180,153,278,287,0.0001758210325327,0.0026328461818018,0.0162556115356554,0.0451730913440801,0.133630659539742
2010,24,0,147,104,148,74,0.0,0.0042533458230303,0.0238063302570046,0.0616071734303017,0.131789149236559
2010,24,0,60,43,133,175,0.0,0.0017748301999279,0.0085257434810875,0.035449759323834,0.11032602828446
2010,24,0,207,147,281,249,0.0,0.0030277731090721,0.0156181365734729,0.0456605707470737,0.115937401482215
2010,25,2,157,83,149,82,0.0002293980826455,0.0045426890762977,0.0189992828012633,0.0620234381156416,0.1460366248297
2010,25,1,67,66,146,206,0.0001198417654215,0.0019818937232528,0.0130860248779484,0.038914773393081,0.129869496151993
2010,25,3,224,149,295,288,0.0001758210325327,0.0032764308040201,0.0158306282275337,0.0479354746277109,0.134096271593888
2010,26,4,156,107,153,73,0.0004587961652911,0.0045137547509709,0.0244930513221105,0.0636884968570011,0.130008214787416
2010,26,1,45,53,130,228,0.0001198417654215,0.0013311226499459,0.010508474523201,0.0346501406924694,0.143739053993468
2010,26,5,201,160,283,301,0.0002930350542212,0.0029400115696787,0.0169993323248684,0.0459855570157362,0.140149228297779
2010,27,5,160,90,144,78,0.0005734952066139,0.0046294920522779,0.0206016319531771,0.0599421146889422,0.13891288703313
2010,27,1,66,49,149,208,0.0001198417654215,0.0019523132199206,0.0097153821063556,0.0397143920244456,0.131130365046672
2010,27,6,226,139,293,286,0.0003516420650655,0.0033056846504846,0.0147681699572294,0.0476104883590484,0.133165047485597
2010,28,3,154,103,168,122,0.0003440971239683,0.0044558861003174,0.0235774232353027,0.0699324671370993,0.217274002795408
2010,28,3,75,57,180,266,0.0003595252962647,0.0022185377499098,0.0113015669400463,0.0479771178818807,0.167695562992379
2010,28,6,229,160,348,388,0.0003516420650655,0.0033495654201813,0.0169993323248684,0.0565476107472657,0.180657477008432
2010,29,2,125,107,150,92,0.0002293980826455,0.0036167906658421,0.0244930513221105,0.0624397028009815,0.163845969321127
2010,29,3,64,57,141,203,0.0003595252962647,0.0018931522132564,0.0113015669400463,0.0375820756741398,0.127978192809973
2010,29,5,189,164,291,295,0.0002930350542212,0.0027644884908919,0.0174243156329901,0.047285502090386,0.137355555972906
2010,30,1,145,77,126,87,0.0001146990413227,0.0041954771723768,0.0176258406710515,0.0524493503528245,0.154941297075414
2010,30,1,68,55,136,218,0.0001198417654215,0.0020114742265849,0.0109050207316236,0.0362493779551987,0.13743470952007
2010,30,2,213,132,262,305,0.0001172140216885,0.0031155346484655,0.0140244491680164,0.0425732011947805,0.14201167651436
2010,31,3,153,104,134,95,0.0003440971239683,0.0044269517749907,0.0238063302570046,0.0557794678355435,0.169188772668555
2010,31,1,69,46,140,210,0.0001198417654215,0.002041054729917,0.0091205627937215,0.0373155361303516,0.132391233941352
2010,31,4,222,150,274,305,0.000234428043377,0.0032471769575556,0.0159368740545641,0.0445231188067552,0.14201167651436
2010,32,3,136,97,135,95,0.0003440971239683,0.0039350682444362,0.0222039811050908,0.0561957325208833,0.169188772668555
2010,32,2,70,50,130,241,0.0002396835308431,0.0020706352332492,0.0099136552105669,0.0346501406924694,0.151934701808885
2010,32,5,206,147,265,336,0.0002930350542212,0.0030131461858399,0.0156181365734729,0.0430606805977742,0.156445650192869
2010,33,1,130,87,122,72,0.0001146990413227,0.0037614622924758,0.0199149108880712,0.050784291611465,0.128227280338274
2010,33,2,53,48,123,204,0.0002396835308431,0.0015677666766029,0.0095171090021442,0.0327843638859518,0.128608627257313
2010,33,3,183,135,245,276,0.0001758210325327,0.0026767269514985,0.0143431866491077,0.0398108179111497,0.128508926944142
2010,34,3,120,101,130,85,0.0003440971239683,0.0034721190392084,0.0231196091918987,0.054114409094184,0.151379428177129
2010,34,2,62,47,134,207,0.0002396835308431,0.0018339912065921,0.0093188358979329,0.0357162988676223,0.130499930599332
2010,34,5,182,148,264,292,0.0002930350542212,0.0026621000282663,0.0157243824005033,0.0428981874634429,0.13595871981047
2010,35,1,143,129,158,89,0.0001146990413227,0.0041376085217233,0.0295290057995538,0.0657698202837005,0.158503165973699
2010,35,3,74,56,139,206,0.0003595252962647,0.0021889572465777,0.011103293835835,0.0370489965865634,0.129869496151993
2010,35,4,217,185,297,295,0.000234428043377,0.0031740423413945,0.0196554780006291,0.0482604608963733,0.137355555972906
2010,36,6,154,112,148,101,0.0006881942479367,0.0044558861003174,0.0256375864306204,0.0616071734303017,0.179874379363412
2010,36,2,57,37,114,214,0.0002396835308431,0.0016860886899315,0.0073361048558195,0.0303855079918577,0.134912971730711
2010,36,8,211,149,262,315,0.000468856086754,0.0030862808020011,0.0158306282275337,0.0425732011947805,0.146667797055815
2010,37,5,137,95,129,82,0.0005734952066139,0.0039640025697629,0.0217461670616869,0.0536981444088441,0.1460366248297
2010,37,3,65,59,143,202,0.0003595252962647,0.0019227327165885,0.011698113148469,0.0381151547617163,0.127347758362634
2010,37,8,202,154,272,284,0.000468856086754,0.002954638492911,0.0163618573626858,0.0441981325380927,0.132233823377306
2010,38,4,122,109,150,87,0.0004587961652911,0.0035299876898619,0.0249508653655145,0.0624397028009815,0.154941297075414
2010,38,0,56,57,142,244,0.0,0.0016565081865993,0.0113015669400463,0.0378486152179281,0.153826005150904
2010,38,4,178,166,292,331,0.000234428043377,0.0026035923353374,0.017636807287051,0.0474479952247172,0.154117589922142
2010,39,2,147,105,139,74,0.0002293980826455,0.0042533458230303,0.0240352372787066,0.0578607912622429,0.131789149236559
2010,39,2,55,59,127,222,0.0002396835308431,0.0016269276832672,0.011698113148469,0.0338505220611047,0.139956447309429
2010,39,4,202,164,266,296,0.000234428043377,0.002954638492911,0.0174243156329901,0.0432231737321054,0.137821168027051
2010,40,4,136,99,161,85,0.0004587961652911,0.0039350682444362,0.0226617951484948,0.0670186143397201,0.151379428177129
2010,40,2,55,54,147,216,0.0002396835308431,0.0016269276832672,0.0107067476274123,0.0391813129368692,0.13617384062539
2010,40,6,191,153,308,301,0.0003516420650655,0.0027937423373564,0.0162556115356554,0.0500478853740168,0.140149228297779
2010,41,3,143,121,148,85,0.0003440971239683,0.0041376085217233,0.0276977496259381,0.0616071734303017,0.151379428177129
2010,41,1,36,61,139,240,0.0001198417654215,0.0010648981199567,0.0120946593568917,0.0370489965865634,0.151304267361545
2010,41,4,179,182,287,325,0.000234428043377,0.0026182192585696,0.0193367405195378,0.0466355295530611,0.151323917597269
2010,42,1,152,105,171,95,0.0001146990413227,0.004398017449664,0.0240352372787066,0.0711812611931189,0.169188772668555
2010,42,0,59,58,125,221,0.0,0.0017452496965957,0.0114998400442577,0.0333174429735282,0.139326012862089
2010,42,1,211,163,296,316,5.86070108442524e-05,0.0030862808020011,0.0173180698059597,0.0480979677620421,0.14713340910996
2010,43,1,129,89,136,100,0.0001146990413227,0.003732527967149,0.0203727249314751,0.0566119972062232,0.178093444914269
2010,43,3,57,53,139,208,0.0003595252962647,0.0016860886899315,0.010508474523201,0.0370489965865634,0.131130365046672
2010,43,4,186,142,275,308,0.000234428043377,0.0027206077211952,0.0150869074383207,0.0446856119410864,0.143408512676797
2010,44,2,159,114,145,103,0.0002293980826455,0.0046005577269511,0.0260954004740243,0.0603583793742821,0.183436248261697
2010,44,4,51,43,114,192,0.0004793670616863,0.0015086056699387,0.0085257434810875,0.0303855079918577,0.121043413889236
2010,44,6,210,157,259,295,0.0003516420650655,0.0030716538787688,0.0166805948437771,0.0420857217917868,0.137355555972906
2010,45,2,140,90,147,97,0.0002293980826455,0.0040508055457431,0.0206016319531771,0.0611909087449619,0.172750641566841
2010,45,4,65,61,127,223,0.0004793670616863,0.0019227327165885,0.0120946593568917,0.0338505220611047,0.140586881756769
2010,45,6,205,151,274,320,0.0003516420650655,0.0029985192626077,0.0160431198815946,0.0445231188067552,0.148995857326542
2010,46,2,121,97,136,71,0.0002293980826455,0.0035010533645351,0.0222039811050908,0.0566119972062232,0.126446345889131
2010,46,2,67,66,149,231,0.0002396835308431,0.0019818937232528,0.0130860248779484,0.0397143920244456,0.145630357335487
2010,46,4,188,163,285,302,0.000234428043377,0.0027498615676597,0.0173180698059597,0.0463105432843986,0.140614840351924
2010,47,2,125,112,147,121,0.0002293980826455,0.0036167906658421,0.0256375864306204,0.0611909087449619,0.215493068346265
2010,47,3,64,37,143,230,0.0003595252962647,0.0018931522132564,0.0073361048558195,0.0381151547617163,0.144999922888147
2010,47,5,189,149,290,351,0.0002930350542212,0.0027644884908919,0.0158306282275337,0.0471230089560547,0.163429831005051
2010,48,7,135,105,149,138,0.0008028932892595,0.0039061339191094,0.0240352372787066,0.0620234381156416,0.245768953981691
2010,48,2,57,46,168,242,0.0002396835308431,0.0016860886899315,0.0091205627937215,0.0447786433564219,0.152565136256224
2010,48,9,192,151,317,380,0.0005274630975982,0.0028083692605886,0.0160431198815946,0.0515103235829978,0.176932580575269
2010,49,9,135,99,165,95,0.0010322913719051,0.0039061339191094,0.0226617951484948,0.0686836730810796,0.169188772668555
2010,49,2,67,65,152,252,0.0002396835308431,0.0019818937232528,0.012887751773737,0.0405140106558103,0.158869480729622
2010,49,11,202,164,317,347,0.0006446771192867,0.002954638492911,0.0174243156329901,0.0515103235829978,0.161567382788469
2010,50,0,142,86,173,104,0.0,0.0041086741963966,0.0196860038663692,0.0720137905637987,0.18521718271084
2010,50,2,56,63,155,237,0.0002396835308431,0.0016565081865993,0.0124912055653144,0.041313629287175,0.149412964019526
2010,50,2,198,149,328,341,0.0001172140216885,0.002896130799982,0.0158306282275337,0.0532977480606412,0.158773710463596
2010,51,2,151,78,153,117,0.0002293980826455,0.0043690831243372,0.0178547476927535,0.0636884968570011,0.208369330549695
2010,51,0,55,76,170,255,0.0,0.0016269276832672,0.0150687559200618,0.0453117224439984,0.160760784071641
2010,51,2,206,154,323,372,0.0001172140216885,0.0030131461858399,0.0163618573626858,0.0524852823889851,0.173207684142105
2010,52,2,158,103,166,111,0.0002293980826455,0.0045716234016244,0.0235774232353027,0.0690999377664195,0.197683723854838
2010,52,2,67,66,166,277,0.0002396835308431,0.0019818937232528,0.0130860248779484,0.0442455642688455,0.174630341913116
2010,52,4,225,169,332,388,0.000234428043377,0.0032910577272523,0.0179555447681423,0.0539477205979661,0.180657477008432
2011,1,2,146,83,150,109,0.0002292167061136,0.0042420454587111,0.0177451017774395,0.0610874682991017,0.181112157605791
2011,1,1,59,68,137,278,0.0001197488679557,0.0017536547581003,0.0127225870855282,0.036426710508788,0.168954304145745
2011,1,3,205,151,287,387,0.0001756833496855,0.0030119870732507,0.0150665944048446,0.0461676663933238,0.172210300864024
2011,2,1,151,120,166,97,0.0001146083530568,0.004387320988119,0.0256555688348523,0.0676034649176725,0.161173204474878
2011,2,2,63,64,156,276,0.0002394977359115,0.0018725466061071,0.0119741996099089,0.041478590068401,0.167738805554768
2011,2,3,214,184,322,373,0.0001756833496855,0.0031442206520763,0.018359293844314,0.0517978696120218,0.165980470858607
2011,3,6,140,112,163,105,0.0006876501183409,0.0040677148234216,0.0239451975791955,0.0663817155516905,0.174465839895486
2011,3,1,65,52,151,232,0.0001197488679557,0.0019319925301105,0.0097290371830509,0.0401491480790292,0.140997836553284
2011,3,7,205,164,314,337,0.0004099278159329,0.0030119870732507,0.0163637184264538,0.0505109660191766,0.149960907987535
2011,4,4,126,98,141,120,0.0004584334122272,0.0036609433410794,0.0209520478817961,0.0574222202011556,0.199389531309127
2011,4,1,51,60,157,224,0.0001197488679557,0.0015158710620867,0.0112258121342896,0.0417444784662753,0.136135842189377
2011,4,5,177,158,298,344,0.0002928055828092,0.0026005937169042,0.0157650458010957,0.047937158833486,0.153075822990243
2011,5,2,125,95,150,114,0.0002292167061136,0.0036318882351979,0.0203106586609248,0.0610874682991017,0.189420054743671
2011,5,2,66,60,153,239,0.0002394977359115,0.0019617154921122,0.0112258121342896,0.0406809248747779,0.145252081621702
2011,5,4,191,155,303,353,0.0002342444662474,0.0028062903950774,0.0154657094884167,0.0487414735790143,0.157080713708011
2011,6,0,130,105,138,92,0.0,0.0037771637646058,0.0224486227304958,0.0562004708351735,0.152865307336998
2011,6,3,53,50,149,220,0.0003592466038673,0.0015753169860901,0.0093548434452413,0.0396173712832804,0.133704845007424
2011,6,3,183,155,287,312,0.0001756833496855,0.0026887494361213,0.0154657094884167,0.0461676663933238,0.13883621154929
2011,7,2,139,121,151,109,0.0002292167061136,0.00403865971754,0.0258693652418094,0.0614947180877623,0.181112157605791
2011,7,0,60,64,132,227,0.0,0.001783377720102,0.0119741996099089,0.0350972685194162,0.137959090075842
2011,7,2,199,185,283,336,0.0001171222331237,0.0029238313540336,0.018459072615207,0.0455242145969012,0.149515920130005
2011,8,3,147,85,162,108,0.0003438250591704,0.0042711005645927,0.0181726945913537,0.0659744657630298,0.179450578178214
2011,8,0,50,62,134,269,0.0,0.001486148100085,0.0116000058720992,0.0356290453151649,0.16348456048635
2011,8,3,197,147,296,377,0.0001756833496855,0.0028944461142945,0.0146674793212726,0.0476154329352747,0.167760422288726
2011,9,4,144,106,162,103,0.0004584334122272,0.0041839352469479,0.0226624191374529,0.0659744657630298,0.171142681040334
2011,9,3,65,59,172,258,0.0003592466038673,0.0019319925301105,0.0110387152653848,0.0457328044343908,0.156799318235979
2011,9,7,209,165,334,361,0.0004099278159329,0.0030707575527287,0.0164634971973468,0.0537282250012897,0.160640616568249
2011,10,4,124,122,177,131,0.0004584334122272,0.0036028331293163,0.0260831616487665,0.07208321259294,0.217666905012464
2011,10,1,69,61,151,252,0.0001197488679557,0.0020508843781173,0.0114129090031944,0.0401491480790292,0.153152822463049
2011,10,5,193,183,328,383,0.0002928055828092,0.0028356756348165,0.018259515073421,0.0527630473066558,0.170430349433904
2011,11,4,115,102,161,117,0.0004584334122272,0.003341337176382,0.0218072335096245,0.0655672159743691,0.194404793026399
2011,11,6,57,53,150,257,0.0007184932077347,0.0016942088340969,0.0099161340519558,0.0398832596811548,0.156191568940491
2011,11,10,172,155,311,374,0.0005856111656185,0.0025271306175567,0.0154657094884167,0.0500283771718596,0.166425458716136
2011,12,3,132,126,143,111,0.0003438250591704,0.0038352739763689,0.026938347276595,0.0582367197784769,0.184435316460943
2011,12,0,59,46,132,290,0.0,0.0017536547581003,0.008606455969622,0.0350972685194162,0.176247295691605
2011,12,3,191,172,275,401,0.0001756833496855,0.0028062903950774,0.0171619485935978,0.0442373110040559,0.17844013086944
2011,13,4,118,117,146,111,0.0004584334122272,0.0034285024940268,0.025014179613981,0.059458469144459,0.184435316460943
2011,13,4,59,50,159,273,0.0004789954718231,0.0017536547581003,0.0093548434452413,0.0422762552620241,0.165915557668304
2011,13,8,177,167,305,384,0.0004684889324948,0.0026005937169042,0.0166630547391328,0.0490631994772256,0.170875337291434
2011,14,4,129,102,134,109,0.0004584334122272,0.0037481086587242,0.0218072335096245,0.0545714716805308,0.181112157605791
2011,14,6,48,65,132,250,0.0007184932077347,0.0014267021760816,0.0121612964788137,0.0350972685194162,0.151937323872073
2011,14,10,177,167,266,359,0.0005856111656185,0.0026005937169042,0.0166630547391328,0.042789544462105,0.15975064085319
2011,15,3,126,97,147,103,0.0003438250591704,0.0036609433410794,0.020738251474839,0.0598657189331196,0.171142681040334
2011,15,2,54,54,157,258,0.0002394977359115,0.0016050399480918,0.0101032309208606,0.0417444784662753,0.156799318235979
2011,15,5,180,151,304,361,0.0002928055828092,0.0026446715765128,0.0150665944048446,0.04890233652812,0.160640616568249
2011,16,9,107,102,156,87,0.0010314751775113,0.0031088963293294,0.0218072335096245,0.0635309670310657,0.144557410199117
2011,16,2,72,60,158,252,0.0002394977359115,0.0021400532641224,0.0112258121342896,0.0420103668641497,0.153152822463049
2011,16,11,179,162,314,339,0.0006441722821803,0.0026299789566433,0.0161641608846677,0.0505109660191766,0.150850883702594
2011,17,5,139,107,153,80,0.000573041765284,0.00403865971754,0.02287621554441,0.0623092176650837,0.132926354206085
2011,17,5,53,47,131,266,0.0005987443397789,0.0015753169860901,0.0087935528385268,0.0348313801215418,0.161661312599886
2011,17,10,192,154,284,346,0.0005856111656185,0.002820983014947,0.0153659307175237,0.0456850775460068,0.153965798705303
2011,18,3,148,103,152,101,0.0003438250591704,0.0043001556704743,0.0220210299165816,0.061901967876423,0.167819522185182
2011,18,4,60,52,134,210,0.0004789954718231,0.001783377720102,0.0097290371830509,0.0356290453151649,0.127627352052541
2011,18,7,208,155,286,311,0.0004099278159329,0.0030560649328592,0.0154657094884167,0.0460068034442181,0.13839122369176
2011,19,1,141,102,154,106,0.0001146083530568,0.0040967699293032,0.0218072335096245,0.0627164674537444,0.176127419323062
2011,19,0,54,50,141,242,0.0,0.0016050399480918,0.0093548434452413,0.0374902641002855,0.147075329508167
2011,19,1,195,152,295,348,5.8561116561853e-05,0.0028650608745555,0.0151663731757376,0.0474545699861691,0.154855774420362
2011,20,4,127,92,151,95,0.0004584334122272,0.003689998446961,0.0196692694400535,0.0614947180877623,0.157850045619726
2011,20,0,72,62,117,248,0.0,0.0021400532641224,0.0116000058720992,0.0311089425513007,0.150721825281096
2011,20,4,199,154,268,343,0.0002342444662474,0.0029238313540336,0.0153659307175237,0.0431112703603163,0.152630835132713
2011,21,5,126,89,140,97,0.000573041765284,0.0036609433410794,0.0190278802191822,0.0570149704124949,0.161173204474878
2011,21,1,58,52,137,215,0.0001197488679557,0.0017239317960986,0.0097290371830509,0.036426710508788,0.130666098529983
2011,21,6,184,141,277,312,0.0003513666993711,0.0027034420559908,0.0140688066959145,0.0445590369022672,0.13883621154929
2011,22,0,156,100,157,91,0.0,0.0045325965175269,0.0213796406957103,0.0639382168197264,0.151203727909421
2011,22,2,54,46,133,230,0.0002394977359115,0.0016050399480918,0.008606455969622,0.0353631569172906,0.139782337962307
2011,22,2,210,146,290,321,0.0001171222331237,0.0030854501725982,0.0145677005503796,0.0466502552406408,0.142841102267058
2011,23,0,145,108,152,102,0.0,0.0042129903528295,0.0230900119513671,0.061901967876423,0.169481101612758
2011,23,0,82,49,128,227,0.0,0.0024372828841394,0.0091677465763365,0.0340337149279188,0.137959090075842
2011,23,0,227,157,280,329,0.0,0.00333522471038,0.0156652670302027,0.0450416257495842,0.146401005127296
2011,24,0,135,108,131,97,0.0,0.0039224392940137,0.0230900119513671,0.0533497223145488,0.161173204474878
2011,24,0,60,52,135,193,0.0,0.001783377720102,0.0097290371830509,0.0358949337130393,0.11729561402924
2011,24,0,195,160,266,290,0.0,0.0028650608745555,0.0159646033428817,0.042789544462105,0.129046478683635
2011,25,3,136,123,132,91,0.0003438250591704,0.0039514943998953,0.0262969580557236,0.0537569721032095,0.151203727909421
2011,25,2,71,68,126,215,0.0002394977359115,0.0021103303021207,0.0127225870855282,0.03350193813217,0.130666098529983
2011,25,5,207,191,258,306,0.0002928055828092,0.0030413723129897,0.0190577452405651,0.0415026408692597,0.136166284404112
2011,26,5,149,115,140,96,0.000573041765284,0.0043292107763559,0.0245865868000668,0.0570149704124949,0.159511625047302
2011,26,1,62,70,102,206,0.0001197488679557,0.0018428236441054,0.0130967808233379,0.0271206165831853,0.125196354870588
2011,26,6,211,185,242,302,0.0003513666993711,0.0031001427924678,0.018459072615207,0.0389288336835692,0.134386332973993
2011,27,4,150,96,167,93,0.0004584334122272,0.0043582658822374,0.0205244550678819,0.0680107147063332,0.154526886764574
2011,27,3,47,57,128,213,0.0003592466038673,0.0013969792140799,0.0106645215275751,0.0340337149279188,0.129450599939006
2011,27,7,197,153,295,306,0.0004099278159329,0.0028944461142945,0.0152661519466306,0.0474545699861691,0.136166284404112
2011,28,0,107,89,146,90,0.0,0.0031088963293294,0.0190278802191822,0.059458469144459,0.149542148481845
2011,28,3,62,60,117,205,0.0003592466038673,0.0018428236441054,0.0112258121342896,0.0311089425513007,0.1245886055751
2011,28,3,169,149,263,295,0.0001756833496855,0.0024830527579481,0.0148670368630586,0.042306955614788,0.131271417971284
2011,29,2,143,101,136,101,0.0002292167061136,0.0041548801410664,0.0215934371026674,0.0553859712578522,0.167819522185182
2011,29,0,55,45,123,211,0.0,0.0016347629100935,0.0084193591007171,0.0327042729385469,0.12823510134803
2011,29,2,198,146,259,312,0.0001171222331237,0.0029091387341641,0.0145677005503796,0.0416635038183654,0.13883621154929
2011,30,1,123,98,145,92,0.0001146083530568,0.0035737780234347,0.0209520478817961,0.0590512193557983,0.152865307336998
2011,30,2,59,56,118,215,0.0002394977359115,0.0017536547581003,0.0104774246586703,0.0313748309491751,0.130666098529983
2011,30,3,182,154,263,307,0.0001756833496855,0.0026740568162518,0.0153659307175237,0.042306955614788,0.136611272261641
2011,31,1,153,87,137,91,0.0001146083530568,0.0044454311998822,0.0186002874052679,0.0557932210465129,0.151203727909421
2011,31,1,55,60,119,188,0.0001197488679557,0.0016347629100935,0.0112258121342896,0.0316407193470495,0.114256867551799
2011,31,2,208,147,256,279,0.0001171222331237,0.0030560649328592,0.0146674793212726,0.0411809149710484,0.124151612250808
2011,32,5,151,93,135,76,0.000573041765284,0.004387320988119,0.0198830658470106,0.0549787214691915,0.126280036495781
2011,32,3,54,60,107,196,0.0003592466038673,0.0016050399480918,0.0112258121342896,0.0284500585725571,0.119118861915705
2011,32,8,205,153,242,272,0.0004684889324948,0.0030119870732507,0.0152661519466306,0.0389288336835692,0.121036697248099
2011,33,1,150,90,140,78,0.0001146083530568,0.0043582658822374,0.0192416766261393,0.0570149704124949,0.129603195350933
2011,33,3,73,60,125,197,0.0003592466038673,0.0021697762261241,0.0112258121342896,0.0332360497342957,0.119726611211193
2011,33,4,223,150,265,275,0.0002342444662474,0.003276454230902,0.0149668156339516,0.0426286815129993,0.122371660820689
2011,34,0,116,96,152,106,0.0,0.0033703922822636,0.0205244550678819,0.061901967876423,0.176127419323062
2011,34,3,61,44,130,219,0.0003592466038673,0.0018131006821037,0.0082322622318123,0.0345654917236675,0.133097095711936
2011,34,3,177,140,282,325,0.0001756833496855,0.0026005937169042,0.0139690279250215,0.0453633516477955,0.144621053697177
2011,35,1,126,110,110,80,0.0001146083530568,0.0036609433410794,0.0235176047652813,0.0447974767526746,0.132926354206085
2011,35,0,52,55,125,230,0.0,0.0015455940240884,0.0102903277897655,0.0332360497342957,0.139782337962307
2011,35,1,178,165,235,310,5.8561116561853e-05,0.0026152863367737,0.0164634971973468,0.0378027930398296,0.137946235834231
2011,36,1,121,86,154,72,0.0001146083530568,0.0035156678116715,0.0183864909983108,0.0627164674537444,0.119633718785476
2011,36,0,52,54,131,210,0.0,0.0015455940240884,0.0101032309208606,0.0348313801215418,0.127627352052541
2011,36,1,173,140,285,282,5.8561116561853e-05,0.0025418232374262,0.0139690279250215,0.0458459404951125,0.125486575823397
2011,37,1,139,100,135,104,0.0001146083530568,0.00403865971754,0.0213796406957103,0.0549787214691915,0.17280426046791
2011,37,2,50,49,124,226,0.0002394977359115,0.001486148100085,0.0091677465763365,0.0329701613364213,0.137351340780354
2011,37,3,189,149,259,330,0.0001756833496855,0.0027769051553384,0.0148670368630586,0.0416635038183654,0.146845992984826
2011,38,1,131,126,138,107,0.0001146083530568,0.0038062188704874,0.026938347276595,0.0562004708351735,0.177788998750638
2011,38,0,55,68,160,207,0.0,0.0016347629100935,0.0127225870855282,0.0425421436598984,0.125804104166076
2011,38,1,186,194,298,314,5.8561116561853e-05,0.0027328272957299,0.0193570815532441,0.047937158833486,0.13972618726435
2011,39,3,147,108,108,93,0.0003438250591704,0.0042711005645927,0.0230900119513671,0.0439829771753532,0.154526886764574
2011,39,2,61,50,121,251,0.0002394977359115,0.0018131006821037,0.0093548434452413,0.0321724961427982,0.152545073167561
2011,39,5,208,158,229,344,0.0002928055828092,0.0030560649328592,0.0157650458010957,0.0368376153451957,0.153075822990243
2011,40,2,147,102,164,129,0.0002292167061136,0.0042711005645927,0.0218072335096245,0.0667889653403512,0.214343746157312
2011,40,3,59,55,125,218,0.0003592466038673,0.0017536547581003,0.0102903277897655,0.0332360497342957,0.132489346416448
2011,40,5,206,157,289,347,0.0002928055828092,0.0030266796931202,0.0156652670302027,0.0464893922915351,0.154410786562832
2011,41,0,115,109,156,108,0.0,0.003341337176382,0.0233038083583242,0.0635309670310657,0.179450578178214
2011,41,0,65,63,125,203,0.0,0.0019319925301105,0.0117871027410041,0.0332360497342957,0.123373106984123
2011,41,0,180,172,281,311,0.0,0.0026446715765128,0.0171619485935978,0.0452024886986899,0.13839122369176
2011,42,2,102,95,155,100,0.0002292167061136,0.0029636207999214,0.0203106586609248,0.0631237172424051,0.166157942757606
2011,42,1,60,69,139,237,0.0001197488679557,0.001783377720102,0.012909683954433,0.0369584873045368,0.144036583030725
2011,42,3,162,164,294,337,0.0001756833496855,0.0023802044188615,0.0163637184264538,0.0472937070370634,0.149960907987535
2011,43,1,135,90,139,96,0.0001146083530568,0.0039224392940137,0.0192416766261393,0.0566077206238342,0.159511625047302
2011,43,2,48,51,114,234,0.0002394977359115,0.0014267021760816,0.0095419403141461,0.0303112773576776,0.14221333514426
2011,43,3,183,141,253,330,0.0001756833496855,0.0026887494361213,0.0140688066959145,0.0406983261237314,0.146845992984826
2011,44,4,153,83,148,112,0.0004584334122272,0.0044454311998822,0.0177451017774395,0.0602729687217803,0.186096895888519
2011,44,4,57,61,133,216,0.0004789954718231,0.0016942088340969,0.0114129090031944,0.0353631569172906,0.131273847825471
2011,44,8,210,144,281,328,0.0004684889324948,0.0030854501725982,0.0143681430085935,0.0452024886986899,0.145956017269767
2011,45,3,95,90,145,97,0.0003438250591704,0.0027602350587504,0.0192416766261393,0.0590512193557983,0.161173204474878
2011,45,4,56,45,137,225,0.0004789954718231,0.0016644858720952,0.0084193591007171,0.036426710508788,0.136743591484866
2011,45,7,151,135,282,322,0.0004099278159329,0.0022185856002968,0.0134701340705565,0.0453633516477955,0.143286090124588
2011,46,3,139,111,124,113,0.0003438250591704,0.00403865971754,0.0237314011722384,0.050498973793924,0.187758475316095
2011,46,6,57,67,131,223,0.0007184932077347,0.0016942088340969,0.0125354902166234,0.0348313801215418,0.135528092893889
2011,46,9,196,178,255,336,0.0005270500490566,0.002879753494425,0.0177606212189559,0.0410200520219428,0.149515920130005
2011,47,4,126,90,153,102,0.0004584334122272,0.0036609433410794,0.0192416766261393,0.0623092176650837,0.169481101612758
2011,47,1,62,47,130,230,0.0001197488679557,0.0018428236441054,0.0087935528385268,0.0345654917236675,0.139782337962307
2011,47,5,188,137,283,332,0.0002928055828092,0.0027622125354689,0.0136696916123425,0.0455242145969012,0.147735968699886
2011,48,2,138,126,150,97,0.0002292167061136,0.0040096046116584,0.026938347276595,0.0610874682991017,0.161173204474878
2011,48,3,56,55,148,241,0.0003592466038673,0.0016644858720952,0.0102903277897655,0.0393514828854061,0.146467580212678
2011,48,5,194,181,298,338,0.0002928055828092,0.002850368254686,0.0180599575316349,0.047937158833486,0.150405895845064
2011,49,2,126,84,161,114,0.0002292167061136,0.0036609433410794,0.0179588981843966,0.0655672159743691,0.189420054743671
2011,49,1,43,65,124,209,0.0001197488679557,0.0012780873660731,0.0121612964788137,0.0329701613364213,0.127019602757053
2011,49,3,169,149,285,323,0.0001756833496855,0.0024830527579481,0.0148670368630586,0.0458459404951125,0.143731077982118
2011,50,5,114,117,123,108,0.000573041765284,0.0033122820705004,0.025014179613981,0.0500917240052634,0.179450578178214
2011,50,0,66,50,137,229,0.0,0.0019617154921122,0.0093548434452413,0.036426710508788,0.139174588666819
2011,50,5,180,167,260,337,0.0002928055828092,0.0026446715765128,0.0166630547391328,0.041824366767471,0.149960907987535
2011,51,2,119,103,144,114,0.0002292167061136,0.0034575575999084,0.0220210299165816,0.0586439695671376,0.189420054743671
2011,51,7,68,63,134,224,0.0008382420756905,0.0020211614161156,0.0117871027410041,0.0356290453151649,0.136135842189377
2011,51,9,187,166,278,338,0.0005270500490566,0.0027475199155994,0.0165632759682398,0.0447198998513729,0.150405895845064
2011,52,1,144,117,164,114,0.0001146083530568,0.0041839352469479,0.025014179613981,0.0667889653403512,0.189420054743671
2011,52,2,58,67,142,245,0.0002394977359115,0.0017239317960986,0.0125354902166234,0.0377561524981599,0.148898577394631
2011,52,3,202,184,306,359,0.0001756833496855,0.0029679092136421,0.018359293844314,0.0492240624263313,0.15975064085319
2012,1,0,141,122,157,115,0.0,0.0041122626437591,0.0245393488555976,0.0626149979092393,0.17967879988097
2012,1,4,59,54,146,268,0.0004780869184031,0.0017613952824104,0.0095835352650564,0.0386497636009189,0.158078375864366
2012,1,4,200,176,303,383,0.0002337946932589,0.0029505546522405,0.0165939566327555,0.0482107917482212,0.163998126196868
2012,2,1,129,102,168,127,0.0001143857365632,0.0037622828442902,0.0205165047809094,0.0670020359793134,0.198427892042462
2012,2,3,65,53,130,256,0.0003585651888023,0.0019405202263843,0.0094060623897775,0.0344141730693113,0.151000239631633
2012,2,4,194,155,298,383,0.0002337946932589,0.0028620380126733,0.0146139958981654,0.0474152341286136,0.163998126196868
2012,3,2,122,95,166,125,0.0002287714731264,0.0035581279612667,0.0191085093547686,0.0662043926938453,0.19530304334888
2012,3,3,69,62,133,254,0.0003585651888023,0.0020599368557003,0.011003318267287,0.0352083462939877,0.149820550259511
2012,3,5,191,157,299,379,0.0002922433665736,0.0028177796928897,0.014802563587174,0.0475743456525351,0.162285352032932
2012,4,4,147,106,157,105,0.0004575429462528,0.0042872525434935,0.0213210735958471,0.0626149979092393,0.164054556413059
2012,4,4,55,50,158,258,0.0004780869184031,0.0016419786530944,0.0088736437639411,0.0418264564996245,0.152179929003756
2012,4,8,202,156,315,363,0.0004675893865178,0.0029800601987629,0.0147082797426697,0.0501201300352795,0.155434255377188
2012,5,1,127,120,159,125,0.0001143857365632,0.0037039528777121,0.0241370644481287,0.0634126411947073,0.19530304334888
2012,5,0,54,91,144,264,0.0,0.0016121244957654,0.0161500316503728,0.0381203147844679,0.155718997120122
2012,5,1,181,211,303,389,5.84486733147284e-05,0.0026702519602777,0.0198938911904058,0.0482107917482212,0.166567287442772
2012,6,2,112,119,151,111,0.0002287714731264,0.003266478128376,0.0239359222443943,0.0602220680528352,0.173429102493805
2012,6,3,78,47,152,279,0.0003585651888023,0.0023286242716612,0.0083412251381046,0.0402381100502717,0.164566667411038
2012,6,5,190,166,303,390,0.0002922433665736,0.0028030269196285,0.0156511181877126,0.0482107917482212,0.166995480983756
2012,7,2,132,116,183,137,0.0002287714731264,0.0038497777941574,0.0233324956331911,0.0729843606203235,0.214052135510372
2012,7,3,65,81,156,314,0.0003585651888023,0.0019405202263843,0.0143753028975846,0.0412970076831736,0.185211231423175
2012,7,5,197,197,339,451,0.0002922433665736,0.0029062963324569,0.0185739173673457,0.053938806609396,0.193115286983779
2012,8,1,113,138,174,141,0.0001143857365632,0.0032956431116651,0.0277576241153481,0.0693949658357174,0.220301832897537
2012,8,3,47,74,151,315,0.0003585651888023,0.0014031453944625,0.0131329927706329,0.0399733856420462,0.185801076109236
2012,8,4,160,212,325,456,0.0002337946932589,0.0023604437217924,0.0199881750349101,0.0517112452744947,0.195256254688699
2012,9,4,139,123,169,120,0.0004575429462528,0.0040539326771809,0.024740491059332,0.0674008576220474,0.187490921614925
2012,9,4,58,68,156,328,0.0004780869184031,0.0017315411250814,0.0120681555189599,0.0412970076831736,0.19346905702803
2012,9,8,197,191,325,448,0.0004675893865178,0.0029062963324569,0.0180082143003199,0.0517112452744947,0.191830706360827
2012,10,4,109,127,176,132,0.0004575429462528,0.0031789831785088,0.0255450598742696,0.0701926091211854,0.206240013776417
2012,10,2,46,70,166,308,0.0002390434592015,0.0013732912371335,0.0124231012695176,0.0439442517654283,0.181672163306809
2012,10,6,155,197,342,440,0.0003506920398883,0.0022866798554864,0.0185739173673457,0.0544161411811606,0.188405158032955
2012,11,2,153,126,147,128,0.0002287714731264,0.004462242443228,0.0253439176705352,0.0586267814818992,0.199990316389253
2012,11,1,65,60,170,289,0.0001195217296007,0.0019405202263843,0.0106483725167293,0.0450031493983302,0.170465114271649
2012,11,3,218,186,317,417,0.0001753460199441,0.0032161045709422,0.0175367950777985,0.0504383530831225,0.178556706590324
2012,12,2,144,112,165,126,0.0002287714731264,0.0041997575936263,0.0225279268182535,0.0658055710511113,0.196865467695671
2012,12,1,64,46,162,260,0.0001195217296007,0.0019106660690553,0.0081637522628258,0.0428853541325264,0.153359618375878
2012,12,3,208,158,327,386,0.0001753460199441,0.0030685768383302,0.0148968474316783,0.0520294683223377,0.16528270681982
2012,13,1,131,103,142,113,0.0001143857365632,0.0038206128108684,0.0207176469846438,0.0566326732682291,0.176553951187388
2012,13,2,59,59,136,260,0.0002390434592015,0.0017613952824104,0.0104708996414505,0.0360025195186642,0.153359618375878
2012,13,3,190,162,278,373,0.0001753460199441,0.0028030269196285,0.0152739828096954,0.0442330036501832,0.159716190787028
2012,14,4,117,106,144,107,0.0004575429462528,0.0034123030448214,0.0213210735958471,0.0574303165536972,0.167179405106641
2012,14,3,45,47,151,235,0.0003585651888023,0.0013434370798045,0.0083412251381046,0.0399733856420462,0.138613501224351
2012,14,7,162,153,295,342,0.000409140713203,0.0023899492683148,0.0144254282091568,0.046937899556849,0.146442191016524
2012,15,3,122,97,167,107,0.0003431572096896,0.0035581279612667,0.0195107937622374,0.0666032143365793,0.167179405106641
2012,15,6,56,71,155,247,0.0007171303776047,0.0016718328104234,0.0126005741447964,0.0410322832749481,0.145691637457084
2012,15,9,178,168,322,354,0.0005260380598325,0.0026259936404941,0.0158396858767212,0.0512339107027301,0.151580513508332
2012,16,3,106,104,131,95,0.0003431572096896,0.0030914882286416,0.0209187891883782,0.0522456351981551,0.148430312945149
2012,16,2,45,54,134,284,0.0002390434592015,0.0013434370798045,0.0095835352650564,0.0354730707022132,0.167515890841343
2012,16,5,151,158,265,379,0.0002922433665736,0.0022276687624416,0.0148968474316783,0.0421645538392034,0.162285352032932
2012,17,2,111,96,143,108,0.0002287714731264,0.0032373131450869,0.019309651558503,0.0570314949109632,0.168741829453432
2012,17,2,60,68,147,215,0.0002390434592015,0.0017912494397394,0.0120681555189599,0.0389144880091443,0.12681660750313
2012,17,4,171,164,290,323,0.0002337946932589,0.0025227242276657,0.015462550498704,0.0461423419372414,0.138306513737829
2012,18,1,113,131,153,97,0.0001143857365632,0.0032956431116651,0.0263496286892072,0.0610197113383032,0.151555161638731
2012,18,5,50,60,141,224,0.0005976086480039,0.0014927078664495,0.0106483725167293,0.0373261415597915,0.132125209677679
2012,18,6,163,191,294,321,0.0003506920398883,0.002404702041576,0.0180082143003199,0.0467787880329275,0.137450126655861
2012,19,3,131,102,139,102,0.0003431572096896,0.0038206128108684,0.0205165047809094,0.0554362083400271,0.159367283372686
2012,19,1,60,54,105,236,0.0001195217296007,0.0017912494397394,0.0095835352650564,0.0277960628636745,0.139203345910412
2012,19,4,191,156,244,338,0.0002337946932589,0.0028177796928897,0.0147082797426697,0.0388232118368514,0.144729416852588
2012,20,2,116,98,127,101,0.0002287714731264,0.0033831380615323,0.0197119359659718,0.050650348627219,0.157804859025895
2012,20,2,51,65,138,247,0.0002390434592015,0.0015225620237785,0.0115357368931235,0.0365319683351151,0.145691637457084
2012,20,4,167,163,265,348,0.0002337946932589,0.0024637131346208,0.0153682666541997,0.0421645538392034,0.149011352262428
2012,21,3,137,104,130,109,0.0003431572096896,0.0039956027106028,0.0209187891883782,0.051846813555421,0.170304253800223
2012,21,1,56,54,131,235,0.0001195217296007,0.0016718328104234,0.0095835352650564,0.0346788974775368,0.138613501224351
2012,21,4,193,158,261,344,0.0002337946932589,0.0028472852394121,0.0148968474316783,0.0415281077435173,0.147298578098492
2012,22,4,124,99,164,105,0.0004575429462528,0.0036164579278449,0.0199130781697062,0.0654067494083773,0.164054556413059
2012,22,1,49,53,119,213,0.0001195217296007,0.0014628537091205,0.0094060623897775,0.0315022045788311,0.125636918131007
2012,22,5,173,152,283,318,0.0002922433665736,0.0025522297741881,0.0143311443646525,0.0450285612697908,0.136165546032909
2012,23,5,126,98,131,96,0.000571928682816,0.003674787894423,0.0197119359659718,0.0522456351981551,0.14999273729194
2012,23,1,54,64,129,203,0.0001195217296007,0.0016121244957654,0.0113582640178446,0.0341494486610859,0.119738471270397
2012,23,6,180,162,260,299,0.0003506920398883,0.0026554991870165,0.0152739828096954,0.0413689962195957,0.128029868754213
2012,24,1,131,105,151,101,0.0001143857365632,0.0038206128108684,0.0211199313921127,0.0602220680528352,0.157804859025895
2012,24,1,71,56,142,213,0.0001195217296007,0.0021196451703583,0.009938481015614,0.037590865968017,0.125636918131007
2012,24,2,202,161,293,314,0.0001168973466294,0.0029800601987629,0.0151796989651911,0.046619676509006,0.134452771868973
2012,25,1,133,120,152,91,0.0001143857365632,0.0038789427774465,0.0241370644481287,0.0606208896955692,0.142180615557985
2012,25,5,73,62,131,210,0.0005976086480039,0.0021793534850162,0.011003318267287,0.0346788974775368,0.123867384072824
2012,25,6,206,182,283,301,0.0003506920398883,0.0030390712918078,0.0171596596997813,0.0450285612697908,0.128886255836181
2012,26,4,123,89,137,93,0.0004575429462528,0.0035872929445558,0.0179016561323622,0.0546385650545591,0.145305464251567
2012,26,0,64,57,125,217,0.0,0.0019106660690553,0.0101159538908929,0.033090551028184,0.127996296875252
2012,26,4,187,146,262,310,0.0002337946932589,0.0027587685998449,0.0137654412976267,0.0416872192674388,0.132739997705037
2012,27,0,132,98,137,94,0.0,0.0038497777941574,0.0197119359659718,0.0546385650545591,0.146867888598358
2012,27,2,67,62,139,203,0.0002390434592015,0.0020002285410423,0.011003318267287,0.0367966927433406,0.119738471270397
2012,27,2,199,160,276,297,0.0001168973466294,0.0029358018789793,0.0150854151206868,0.0439147806023401,0.127173481672245
2012,28,3,140,106,119,104,0.0003431572096896,0.00408309766047,0.0213210735958471,0.047459775485347,0.162492132066268
2012,28,1,49,73,136,222,0.0001195217296007,0.0014628537091205,0.012955519895354,0.0360025195186642,0.130945520305557
2012,28,4,189,179,255,326,0.0002337946932589,0.0027882741463673,0.0168768081662684,0.0405734385999881,0.139591094360781
2012,29,2,121,109,131,109,0.0002287714731264,0.0035289629779777,0.0219245002070503,0.0522456351981551,0.170304253800223
2012,29,1,49,69,130,197,0.0001195217296007,0.0014628537091205,0.0122456283942387,0.0344141730693113,0.11619940315403
2012,29,3,170,178,261,306,0.0001753460199441,0.0025079714544045,0.0167825243217641,0.0415281077435173,0.131027223541101
2012,30,1,133,111,154,81,0.0001143857365632,0.0038789427774465,0.0223267846145191,0.0614185329810372,0.126556372090074
2012,30,2,52,51,106,218,0.0002390434592015,0.0015524161811074,0.0090511166392199,0.0280607872719,0.128586141561313
2012,30,3,185,162,260,299,0.0001753460199441,0.0027292630533225,0.0152739828096954,0.0413689962195957,0.128029868754213
2012,31,3,115,100,123,83,0.0003431572096896,0.0033539730782432,0.0201142203734406,0.049055062056283,0.129681220783656
2012,31,3,52,52,135,210,0.0003585651888023,0.0015524161811074,0.0092285895144987,0.0357377951104387,0.123867384072824
2012,31,6,167,152,258,293,0.0003506920398883,0.0024637131346208,0.0143311443646525,0.0410507731717527,0.125460707508309
2012,32,2,132,98,132,96,0.0002287714731264,0.0038497777941574,0.0197119359659718,0.0526444568408891,0.14999273729194
2012,32,1,64,47,127,210,0.0001195217296007,0.0019106660690553,0.0083412251381046,0.0336199998446349,0.123867384072824
2012,32,3,196,145,259,306,0.0001753460199441,0.0028915435591957,0.0136711574531224,0.0412098846956742,0.131027223541101
2012,33,0,130,107,137,95,0.0,0.0037914478275793,0.0215222157995815,0.0546385650545591,0.148430312945149
2012,33,5,51,59,136,222,0.0005976086480039,0.0015225620237785,0.0104708996414505,0.0360025195186642,0.130945520305557
2012,33,5,181,166,273,317,0.0002922433665736,0.0026702519602777,0.0156511181877126,0.0434374460305755,0.135737352491925
2012,34,4,109,91,138,88,0.0004575429462528,0.0031789831785088,0.018303940539831,0.0550373866972931,0.137493342517612
2012,34,4,45,59,115,217,0.0004780869184031,0.0013434370798045,0.0104708996414505,0.0304433069459292,0.127996296875252
2012,34,8,154,150,253,305,0.0004675893865178,0.0022719270822252,0.0141425766756439,0.0402552155521451,0.130599030000117
2012,35,2,100,93,135,101,0.0002287714731264,0.0029164983289071,0.0187062249472998,0.0538409217690911,0.157804859025895
2012,35,3,44,64,105,200,0.0003585651888023,0.0013135829224755,0.0113582640178446,0.0277960628636745,0.117968937212214
2012,35,5,144,157,240,301,0.0002922433665736,0.0021243993496132,0.014802563587174,0.0381867657411653,0.128886255836181
2012,36,0,130,110,126,105,0.0,0.0037914478275793,0.0221256424107847,0.050251526984485,0.164054556413059
2012,36,4,56,70,127,201,0.0004780869184031,0.0016718328104234,0.0124231012695176,0.0336199998446349,0.118558781898275
2012,36,4,186,180,253,306,0.0002337946932589,0.0027440158265837,0.0169710920107727,0.0402552155521451,0.131027223541101
2012,37,0,120,118,140,113,0.0,0.0034997979946886,0.0237347800406599,0.0558350299827611,0.176553951187388
2012,37,3,73,58,130,197,0.0003585651888023,0.0021793534850162,0.0102934267661717,0.0344141730693113,0.11619940315403
2012,37,3,193,176,270,310,0.0001753460199441,0.0028472852394121,0.0165939566327555,0.042960111458811,0.132739997705037
2012,38,5,133,115,142,85,0.000571928682816,0.0038789427774465,0.0231313534294567,0.0566326732682291,0.132806069477238
2012,38,0,58,52,138,240,0.0,0.0017315411250814,0.0092285895144987,0.0365319683351151,0.141562724654656
2012,38,5,191,167,280,325,0.0002922433665736,0.0028177796928897,0.0157454020322169,0.0445512266980262,0.139162900819797
2012,39,2,118,99,149,103,0.0002287714731264,0.0034414680281104,0.0199130781697062,0.0594244247673672,0.160929707719477
2012,39,1,55,48,138,214,0.0001195217296007,0.0016419786530944,0.0085186980133834,0.0365319683351151,0.126226762817069
2012,39,3,173,147,287,317,0.0001753460199441,0.0025522297741881,0.013859725142131,0.0456650073654768,0.135737352491925
2012,40,2,133,100,141,114,0.0002287714731264,0.0038789427774465,0.0201142203734406,0.0562338516254951,0.178116375534179
2012,40,0,47,66,133,224,0.0,0.0014031453944625,0.0117132097684023,0.0352083462939877,0.132125209677679
2012,40,2,180,166,274,338,0.0001168973466294,0.0026554991870165,0.0156511181877126,0.0435965575544971,0.144729416852588
2012,41,7,121,111,125,97,0.0008007001559424,0.0035289629779777,0.0223267846145191,0.049852705341751,0.151555161638731
2012,41,3,53,57,122,248,0.0003585651888023,0.0015822703384364,0.0101159538908929,0.0322963778035075,0.146281482143145
2012,41,10,174,168,247,345,0.0005844867331472,0.0025669825474493,0.0158396858767212,0.039300546408616,0.147726771639476
2012,42,1,108,113,149,93,0.0001143857365632,0.0031498181952197,0.0227290690219879,0.0594244247673672,0.145305464251567
2012,42,3,73,67,125,237,0.0003585651888023,0.0021793534850162,0.0118906826436811,0.033090551028184,0.139793190596473
2012,42,4,181,180,274,330,0.0002337946932589,0.0026702519602777,0.0169710920107727,0.0435965575544971,0.141303868524716
2012,43,2,116,104,128,96,0.0002287714731264,0.0033831380615323,0.0209187891883782,0.051049170269953,0.14999273729194
2012,43,1,61,60,128,210,0.0001195217296007,0.0018211035970684,0.0106483725167293,0.0338847242528604,0.123867384072824
2012,43,3,177,164,256,306,0.0001753460199441,0.0026112408672329,0.015462550498704,0.0407325501239097,0.131027223541101
2012,44,2,112,105,142,113,0.0002287714731264,0.003266478128376,0.0211199313921127,0.0566326732682291,0.176553951187388
2012,44,0,54,65,144,245,0.0,0.0016121244957654,0.0115357368931235,0.0381203147844679,0.144511948084962
2012,44,2,166,170,286,358,0.0001168973466294,0.0024489603613596,0.0160282535657298,0.0455058958415553,0.153293287672268
2012,45,3,149,97,121,138,0.0003431572096896,0.0043455825100717,0.0195107937622374,0.048257418770815,0.215614559857164
2012,45,2,64,57,136,251,0.0002390434592015,0.0019106660690553,0.0101159538908929,0.0360025195186642,0.148051016201328
2012,45,5,213,154,257,389,0.0002922433665736,0.0031423407046362,0.0145197120536611,0.0408916616478312,0.166567287442772
2012,46,3,105,104,156,101,0.0003431572096896,0.0030623232453525,0.0209187891883782,0.0622161762665053,0.157804859025895
2012,46,2,42,68,155,223,0.0002390434592015,0.0012538746078175,0.0120681555189599,0.0410322832749481,0.131535364991618
2012,46,5,147,172,311,324,0.0002922433665736,0.0021686576693968,0.0162168212547384,0.0494836839395934,0.138734707278813
2012,47,1,119,95,139,96,0.0001143857365632,0.0034706330113995,0.0191085093547686,0.0554362083400271,0.14999273729194
2012,47,2,69,57,119,197,0.0002390434592015,0.0020599368557003,0.0101159538908929,0.0315022045788311,0.11619940315403
2012,47,3,188,152,258,293,0.0001753460199441,0.0027735213731061,0.0143311443646525,0.0410507731717527,0.125460707508309
2012,48,4,113,106,153,130,0.0004575429462528,0.0032956431116651,0.0213210735958471,0.0610197113383032,0.203115165082835
2012,48,1,51,63,137,234,0.0001195217296007,0.0015225620237785,0.0111807911425658,0.0362672439268896,0.13802365653829
2012,48,5,164,169,290,364,0.0002922433665736,0.0024194548148372,0.0159339697212255,0.0461423419372414,0.155862448918172
2012,49,2,121,111,156,111,0.0002287714731264,0.0035289629779777,0.0223267846145191,0.0622161762665053,0.173429102493805
2012,49,2,60,72,127,244,0.0002390434592015,0.0017912494397394,0.0127780470200752,0.0336199998446349,0.143922103398901
2012,49,4,181,183,283,355,0.0002337946932589,0.0026702519602777,0.0172539435442856,0.0450285612697908,0.152008707049316
2012,50,3,138,103,150,114,0.0003431572096896,0.0040247676938919,0.0207176469846438,0.0598232464101012,0.178116375534179
2012,50,2,68,70,167,272,0.0002390434592015,0.0020300826983713,0.0124231012695176,0.0442089761736538,0.16043775460861
2012,50,5,206,173,317,386,0.0002922433665736,0.0030390712918078,0.0163111050992426,0.0504383530831225,0.16528270681982
2012,51,1,128,103,149,124,0.0001143857365632,0.0037331178610012,0.0207176469846438,0.0594244247673672,0.193740619002089
2012,51,1,58,68,134,254,0.0001195217296007,0.0017315411250814,0.0120681555189599,0.0354730707022132,0.149820550259511
2012,51,2,186,171,283,378,0.0001168973466294,0.0027440158265837,0.0161225374102341,0.0450285612697908,0.161857158491948
2012,52,2,108,124,179,127,0.0002287714731264,0.0031498181952197,0.0249416332630664,0.0713890740493874,0.198427892042462
2012,52,4,77,62,152,262,0.0004780869184031,0.0022987701143322,0.011003318267287,0.0402381100502717,0.154539307748
2012,52,6,185,186,331,389,0.0003506920398883,0.0027292630533225,0.0175367950777985,0.0526659144180238,0.166567287442772
2013,1,2,129,137,143,153,0.0002277872866994,0.0037790270448241,0.026146499995614,0.0554420692315774,0.224515620026892
2013,1,3,64,62,170,263,0.0003572799181062,0.001920364644183,0.0105093009915794,0.0446153547465455,0.150300950468282
2013,1,5,193,199,313,416,0.0002910886330486,0.0028608369820508,0.017864768598871,0.0489857278910646,0.171102607141908
2013,2,1,140,114,172,144,0.0001138936433497,0.0041012696610494,0.0217569416021898,0.0666855657890302,0.21130881884884
2013,2,2,49,62,154,268,0.0002381866120708,0.0014702791807026,0.0105093009915794,0.040416262535106,0.15315838298669
2013,2,3,189,176,326,412,0.0001746531798291,0.0028015450238735,0.0157999963487502,0.051020278889735,0.169457389765544
2013,3,1,128,120,153,131,0.0001138936433497,0.0037497322615309,0.0229020437917787,0.0593191370100094,0.192232328258319
2013,3,1,56,61,143,293,0.0001190933060354,0.0016803190636601,0.0103397961368766,0.0375293866397413,0.167445545578732
2013,3,2,184,181,296,424,0.0001164354532194,0.002727430076152,0.0162488598813851,0.0463251612004956,0.174393041894637
2013,4,2,119,109,157,121,0.0002277872866994,0.003486079211892,0.0208026897775323,0.0608699641213822,0.17755810472715
2013,4,1,41,57,143,254,0.0001190933060354,0.0012302336001797,0.0096617767180649,0.0375293866397413,0.145157571935147
2013,4,3,160,166,300,375,0.0001746531798291,0.0023716783270887,0.0149022692834803,0.0469511768923942,0.154239129034172
2013,5,1,137,116,138,105,0.0001138936433497,0.0040133853111698,0.0221386423320528,0.0535035353423614,0.154079347077279
2013,5,1,64,62,147,292,0.0001190933060354,0.001920364644183,0.0105093009915794,0.0385791596926011,0.166874059075051
2013,5,2,201,178,285,397,0.0001164354532194,0.0029794208984052,0.0159795417618042,0.0446036180477745,0.163287824604177
2013,6,0,120,123,160,111,0.0,0.0035153739951852,0.0234745948865732,0.0620330844549118,0.162883881195981
2013,6,4,55,50,155,284,0.0004763732241416,0.0016503133660947,0.0084752427351447,0.0406787057983209,0.162302167045597
2013,6,4,175,173,315,395,0.0002328709064389,0.0025940231702533,0.0155306782291692,0.0492987357370139,0.162465215915995
2013,7,1,119,113,154,144,0.0001138936433497,0.003486079211892,0.0215660912372583,0.0597068437878526,0.21130881884884
2013,7,3,54,57,134,272,0.0003572799181062,0.0016203076685294,0.0096617767180649,0.0351673972708065,0.155444329001417
2013,7,4,173,170,288,416,0.0002328709064389,0.0025643771911647,0.0152613601095883,0.0450731298166984,0.171102607141908
2013,8,2,128,123,131,125,0.0002277872866994,0.0037497322615309,0.0234745948865732,0.0507895878974591,0.183427794139618
2013,8,2,70,67,153,258,0.0002381866120708,0.0021003988295751,0.0113568252650939,0.040153819271891,0.147443517949874
2013,8,4,198,190,284,383,0.0002328709064389,0.0029349519297723,0.017056814240128,0.0444471141247998,0.157529563786901
2013,9,0,137,124,179,123,0.0,0.0040133853111698,0.0236654452515047,0.0693995132339326,0.180492949433384
2013,9,3,59,63,157,284,0.0003572799181062,0.0017703361563562,0.0106788058462823,0.0412035923247509,0.162302167045597
2013,9,3,196,187,336,407,0.0001746531798291,0.0029053059506837,0.0167874961205471,0.0525853181194815,0.167400868045088
2013,10,3,122,107,168,116,0.0003416809300492,0.0035739635617716,0.0204209890476693,0.0651347386776574,0.170220992961565
2013,10,1,59,63,142,286,0.0001190933060354,0.0017703361563562,0.0106788058462823,0.0372669433765263,0.163445140052961
2013,10,4,181,170,310,402,0.0002328709064389,0.0026829611075191,0.0152613601095883,0.0485162161221407,0.165344346324633
2013,11,3,122,123,147,133,0.0003416809300492,0.0035739635617716,0.0234745948865732,0.0569928963429502,0.195167172964553
2013,11,2,49,60,159,283,0.0002381866120708,0.0014702791807026,0.0101702912821737,0.0417284788511808,0.161730680541916
2013,11,5,171,183,306,416,0.0002910886330486,0.0025347312120761,0.0164284052944391,0.0478902004302421,0.171102607141908
2013,12,3,134,122,155,121,0.0003416809300492,0.0039255009612902,0.0232837445216417,0.0600945505656958,0.17755810472715
2013,12,1,65,71,141,277,0.0001190933060354,0.0019503703417483,0.0120348446839055,0.0370045001133113,0.158301761519825
2013,12,4,199,193,296,398,0.0002328709064389,0.0029497749193166,0.017326132359709,0.0463251612004956,0.163699128948268
2013,13,1,117,114,160,105,0.0001138936433497,0.0034274896453056,0.0217569416021898,0.0620330844549118,0.154079347077279
2013,13,0,53,67,164,285,0.0,0.001590301970964,0.0113568252650939,0.0430406951672557,0.162873653549279
2013,13,1,170,181,324,390,5.82177266097272e-05,0.0025199082225317,0.0162488598813851,0.0507072710437857,0.160408694195539
2013,14,2,105,116,152,118,0.0002277872866994,0.0030759522457871,0.0221386423320528,0.0589314302321662,0.173155837667799
2013,14,4,65,64,147,303,0.0004763732241416,0.0019503703417483,0.0108483107009852,0.0385791596926011,0.173160410615549
2013,14,6,170,180,299,421,0.0003493063596583,0.0025199082225317,0.0161590871748581,0.0467946729694195,0.173159128862364
2013,15,1,124,109,162,120,0.0001138936433497,0.0036325531283581,0.0208026897775323,0.0628084980105982,0.176090682374033
2013,15,1,60,54,155,294,0.0001190933060354,0.0018003418539215,0.0091532621539562,0.0406787057983209,0.168017032082414
2013,15,2,184,163,317,414,0.0001164354532194,0.002727430076152,0.0146329511638993,0.0496117435829632,0.170279998453726
2013,16,3,115,111,151,112,0.0003416809300492,0.0033689000787192,0.0211843905073953,0.058543723454323,0.164351303549097
2013,16,0,66,63,149,256,0.0,0.0019803760393137,0.0106788058462823,0.0391040462190311,0.14630054494251
2013,16,3,181,174,300,368,0.0001746531798291,0.0026829611075191,0.0156204509356962,0.0469511768923942,0.151359998625534
2013,17,0,117,114,148,104,0.0,0.0034274896453056,0.0217569416021898,0.0573806031207934,0.152611924724162
2013,17,2,56,49,136,238,0.0002381866120708,0.0016803190636601,0.0083057378804418,0.0356922837972364,0.13601378787624
2013,17,2,173,163,284,342,0.0001164354532194,0.0025643771911647,0.0146329511638993,0.0444471141247998,0.140666085679165
2013,18,4,130,112,160,108,0.0004555745733989,0.0038083218281173,0.0213752408723268,0.0620330844549118,0.15848161413663
2013,18,3,50,55,154,261,0.0003572799181062,0.0015002848782679,0.0093227670086591,0.040416262535106,0.149157977460919
2013,18,7,180,167,314,369,0.000407524086268,0.0026681381179748,0.0149920419900073,0.0491422318140392,0.151771302969626
2013,19,3,149,110,145,121,0.0003416809300492,0.0043649227106883,0.0209935401424638,0.0562174827872638,0.17755810472715
2013,19,2,38,63,150,246,0.0002381866120708,0.0011402165074836,0.0106788058462823,0.0393664894822461,0.140585679905693
2013,19,5,187,173,295,367,0.0002910886330486,0.0027718990447849,0.0155306782291692,0.0461686572775209,0.150948694281443
2013,20,1,118,111,158,101,0.0001138936433497,0.0034567844285988,0.0211843905073953,0.0612576708992254,0.148209657664811
2013,20,3,73,59,126,235,0.0003572799181062,0.0021904159222712,0.0100007864274708,0.0330678511650867,0.134299328365195
2013,20,4,191,170,284,336,0.0002328709064389,0.0028311910029621,0.0152613601095883,0.0444471141247998,0.138198259614618
2013,21,4,112,108,143,109,0.0004555745733989,0.0032810157288395,0.0206118394126008,0.0554420692315774,0.159949036489747
2013,21,2,44,46,132,223,0.0002381866120708,0.0013202506928758,0.0077972233163331,0.0346425107443765,0.127441490321015
2013,21,6,156,154,275,332,0.0003493063596583,0.0023123863689115,0.0138249968051564,0.043038578818028,0.136553042238254
2013,22,0,119,113,130,110,0.0,0.003486079211892,0.0215660912372583,0.0504018811196159,0.161416458842864
2013,22,0,57,78,118,222,0.0,0.0017103247612255,0.0132213786668258,0.0309683050593669,0.126870003817333
2013,22,0,176,191,248,332,0.0,0.0026088461597976,0.017146586946655,0.0388129728977125,0.136553042238254
2013,23,0,119,111,151,92,0.0,0.003486079211892,0.0211843905073953,0.058543723454323,0.135002856486759
2013,23,2,49,61,106,209,0.0002381866120708,0.0014702791807026,0.0103397961368766,0.0278189859007872,0.119440679269471
2013,23,2,168,172,257,301,0.0001164354532194,0.0024902622434431,0.0154409055226422,0.0402215082044843,0.123802607571429
2013,24,1,128,111,136,90,0.0001138936433497,0.0037497322615309,0.0211843905073953,0.0527281217866751,0.132068011780525
2013,24,0,64,51,120,229,0.0,0.001920364644183,0.0086447475898476,0.0314931915857969,0.130870409343105
2013,24,1,192,162,256,319,5.82177266097272e-05,0.0028460139925065,0.0145431784573723,0.0400650042815097,0.131206085765069
2013,25,3,113,121,139,95,0.0003416809300492,0.0033103105121327,0.0230928941567102,0.0538912421202047,0.139405123546109
2013,25,2,46,55,119,219,0.0002381866120708,0.0013802620880065,0.0093227670086591,0.0312307483225819,0.125155544306288
2013,25,5,159,176,258,314,0.0002910886330486,0.0023568553375444,0.0157999963487502,0.040378012127459,0.129149564044614
2013,26,2,105,100,138,104,0.0002277872866994,0.0030759522457871,0.0190850364931489,0.0535035353423614,0.152611924724162
2013,26,2,59,68,112,241,0.0002381866120708,0.0017703361563562,0.0115263301197968,0.0293936454800771,0.137728247387285
2013,26,4,164,168,250,345,0.0002328709064389,0.0024309702852659,0.0150818146965343,0.0391259807436618,0.141899998711439
2013,27,5,123,107,139,97,0.0005694682167487,0.0036032583450648,0.0204209890476693,0.0538912421202047,0.142339968252343
2013,27,2,55,48,104,192,0.0002381866120708,0.0016503133660947,0.0081362330257389,0.0272940993743573,0.109725408706883
2013,27,7,178,155,243,289,0.000407524086268,0.0026384921388862,0.0139147695116834,0.0380304532828393,0.118866955442335
2013,28,1,110,89,129,108,0.0001138936433497,0.0032224261622531,0.0169856824789025,0.0500141743417727,0.15848161413663
2013,28,0,48,58,138,208,0.0,0.0014402734831372,0.0098312815727678,0.0362171703236664,0.118869192765789
2013,28,1,158,147,267,316,5.82177266097272e-05,0.0023420323480001,0.0131965878594675,0.0417865474342308,0.129972172732796
2013,29,4,122,98,138,106,0.0004555745733989,0.0035739635617716,0.0187033357632859,0.0535035353423614,0.155546769430396
2013,29,0,56,62,106,207,0.0,0.0016803190636601,0.0105093009915794,0.0278189859007872,0.118297706262108
2013,29,4,178,160,244,313,0.0002328709064389,0.0026384921388862,0.0143636330443184,0.0381869572058139,0.128738259700522
2013,30,1,110,111,130,91,0.0001138936433497,0.0032224261622531,0.0211843905073953,0.0504018811196159,0.133535434133642
2013,30,1,59,53,135,200,0.0001190933060354,0.0017703361563562,0.0089837572992534,0.0354298405340215,0.114297300736336
2013,30,2,169,164,265,291,0.0001164354532194,0.0025050852329874,0.0147227238704263,0.0414735395882815,0.119689564130518
2013,31,2,120,98,114,118,0.0002277872866994,0.0035153739951852,0.0187033357632859,0.0441985726741247,0.173155837667799
2013,31,0,59,65,129,207,0.0,0.0017703361563562,0.0110178155556881,0.0338551809547316,0.118297706262108
2013,31,2,179,163,243,325,0.0001164354532194,0.0026533151284305,0.0146329511638993,0.0380304532828393,0.133673911829616
2013,32,3,110,100,155,126,0.0003416809300492,0.0032224261622531,0.0190850364931489,0.0600945505656958,0.184895216492735
2013,32,1,62,56,125,210,0.0001190933060354,0.0018603532490523,0.009492271863362,0.0328054079018717,0.120012165773153
2013,32,4,172,156,280,336,0.0002328709064389,0.0025495542016204,0.0140045422182104,0.0438210984329012,0.138198259614618
2013,33,1,104,100,122,94,0.0001138936433497,0.0030466574624938,0.0190850364931489,0.0473002268968703,0.137937701192993
2013,33,1,47,61,118,241,0.0001190933060354,0.0014102677855719,0.0103397961368766,0.0309683050593669,0.137728247387285
2013,33,2,151,161,240,335,0.0001164354532194,0.00223827142119,0.0144534057508453,0.0375609415139153,0.137786955270527
2013,34,3,123,98,144,112,0.0003416809300492,0.0036032583450648,0.0187033357632859,0.0558297760094206,0.164351303549097
2013,34,0,51,61,119,173,0.0,0.0015302905758333,0.0103397961368766,0.0312307483225819,0.0988671651369307
2013,34,3,174,159,263,285,0.0001746531798291,0.002579200180709,0.0142738603377914,0.0411605317423322,0.117221738065971
2013,35,1,140,117,134,97,0.0001138936433497,0.0041012696610494,0.0223294926969842,0.0519527082309887,0.142339968252343
2013,35,0,53,53,127,233,0.0,0.001590301970964,0.0089837572992534,0.0333302944283017,0.133156355357832
2013,35,1,193,170,261,330,5.82177266097272e-05,0.0028608369820508,0.0152613601095883,0.0408475238963829,0.135730433550072
2013,36,5,118,111,132,101,0.0005694682167487,0.0034567844285988,0.0211843905073953,0.0511772946753023,0.148209657664811
2013,36,1,48,52,136,224,0.0001190933060354,0.0014402734831372,0.0088142524445505,0.0356922837972364,0.128012976824696
2013,36,6,166,163,268,325,0.0003493063596583,0.0024606162643545,0.0146329511638993,0.0419430513572055,0.133673911829616
2013,37,1,108,100,130,111,0.0001138936433497,0.0031638365956667,0.0190850364931489,0.0504018811196159,0.162883881195981
2013,37,1,57,60,130,200,0.0001190933060354,0.0017103247612255,0.0101702912821737,0.0341176242179466,0.114297300736336
2013,37,2,165,160,260,311,0.0001164354532194,0.0024457932748102,0.0143636330443184,0.0406910199734083,0.12791565101234
2013,38,4,127,97,140,94,0.0004555745733989,0.0037204374782377,0.0185124853983545,0.0542789488980479,0.137937701192993
2013,38,3,61,52,118,223,0.0003572799181062,0.0018303475514869,0.0088142524445505,0.0309683050593669,0.127441490321015
2013,38,7,188,149,258,317,0.000407524086268,0.0027867220343292,0.0133761332725215,0.040378012127459,0.130383477076887
2013,39,2,143,123,138,90,0.0002277872866994,0.0041891540109291,0.0234745948865732,0.0535035353423614,0.132068011780525
2013,39,3,57,66,119,220,0.0003572799181062,0.0017103247612255,0.011187320410391,0.0312307483225819,0.12572703080997
2013,39,5,200,189,257,310,0.0002910886330486,0.0029645979088609,0.0169670415336011,0.0402215082044843,0.127504346668249
2013,40,5,112,105,147,109,0.0005694682167487,0.0032810157288395,0.0200392883178064,0.0569928963429502,0.159949036489747
2013,40,0,43,65,151,204,0.0,0.0012902449953104,0.0110178155556881,0.039628932745461,0.116583246751063
2013,40,5,155,170,298,313,0.0002910886330486,0.0022975633793672,0.0152613601095883,0.0466381690464449,0.128738259700522
2013,41,2,114,111,140,124,0.0002277872866994,0.0033396052954259,0.0211843905073953,0.0542789488980479,0.181960371786501
2013,41,3,45,53,130,216,0.0003572799181062,0.0013502563904411,0.0089837572992534,0.0341176242179466,0.123441084795243
2013,41,5,159,164,270,340,0.0002910886330486,0.0023568553375444,0.0147227238704263,0.0422560592031548,0.139843476990983
2013,42,2,127,112,133,107,0.0002277872866994,0.0037204374782377,0.0213752408723268,0.0515650014531455,0.157014191783513
2013,42,0,54,56,133,270,0.0,0.0016203076685294,0.009492271863362,0.0349049540075915,0.154301355994054
2013,42,2,181,168,266,377,0.0001164354532194,0.0026829611075191,0.0150818146965343,0.0416300435112562,0.155061737722355
2013,43,3,120,112,147,122,0.0003416809300492,0.0035153739951852,0.0213752408723268,0.0569928963429502,0.179025527080267
2013,43,0,55,61,147,241,0.0,0.0016503133660947,0.0103397961368766,0.0385791596926011,0.137728247387285
2013,43,3,175,173,294,363,0.0001746531798291,0.0025940231702533,0.0155306782291692,0.0460121533545463,0.149303476905079
2013,44,2,110,129,159,115,0.0002277872866994,0.0032224261622531,0.0246196970761621,0.0616453776770686,0.168753570608448
2013,44,1,51,72,114,229,0.0001190933060354,0.0015302905758333,0.0122043495386084,0.029918532006507,0.130870409343105
2013,44,3,161,201,273,344,0.0001746531798291,0.002386501316633,0.0180443140119249,0.0427255709720787,0.141488694367347
2013,45,1,121,99,138,109,0.0001138936433497,0.0035446687784784,0.0188941861282174,0.0535035353423614,0.159949036489747
2013,45,1,60,67,124,249,0.0001190933060354,0.0018003418539215,0.0113568252650939,0.0325429646386567,0.142300139416738
2013,45,2,181,166,262,358,0.0001164354532194,0.0026829611075191,0.0149022692834803,0.0410040278193576,0.147246955184623
2013,46,1,120,94,109,114,0.0001138936433497,0.0035153739951852,0.01793993430356,0.0422600387849087,0.167286148255331
2013,46,3,62,60,101,220,0.0003572799181062,0.0018603532490523,0.0101702912821737,0.0265067695847124,0.12572703080997
2013,46,4,182,154,210,334,0.0002328709064389,0.0026977840970634,0.0138249968051564,0.0328658238246759,0.137375650926436
2013,47,1,93,114,157,90,0.0001138936433497,0.0027244148462685,0.0217569416021898,0.0608699641213822,0.132068011780525
2013,47,1,47,77,124,229,0.0001190933060354,0.0014102677855719,0.0130518738121229,0.0325429646386567,0.130870409343105
2013,47,2,140,191,281,319,0.0001164354532194,0.0020752185362026,0.017146586946655,0.0439776023558759,0.131206085765069
2013,48,3,105,104,139,106,0.0003416809300492,0.0030759522457871,0.0198484379528749,0.0538912421202047,0.155546769430396
2013,48,4,49,73,154,238,0.0004763732241416,0.0014702791807026,0.0123738543933113,0.040416262535106,0.13601378787624
2013,48,7,154,177,293,344,0.000407524086268,0.0022827403898229,0.0158897690552772,0.0458556494315717,0.141488694367347
2013,49,3,135,102,138,115,0.0003416809300492,0.0039547957445834,0.0194667372230119,0.0535035353423614,0.168753570608448
2013,49,3,53,67,133,244,0.0003572799181062,0.001590301970964,0.0113568252650939,0.0349049540075915,0.13944270689833
2013,49,6,188,169,271,359,0.0003493063596583,0.0027867220343292,0.0151715874030613,0.0424125631261294,0.147658259528714
2013,50,0,118,125,160,125,0.0,0.0034567844285988,0.0238562956164362,0.0620330844549118,0.183427794139618
2013,50,1,63,54,148,256,0.0001190933060354,0.0018903589466176,0.0091532621539562,0.0388416029558161,0.14630054494251
2013,50,1,181,179,308,381,5.82177266097272e-05,0.0026829611075191,0.0160693144683312,0.0482032082761914,0.156706955098719
2013,51,0,128,94,150,143,0.0,0.0037497322615309,0.01793993430356,0.0581560166764798,0.209841396495723
2013,51,1,51,70,152,247,0.0001190933060354,0.0015302905758333,0.0118653398292026,0.039891376008676,0.141157166409375
2013,51,1,179,164,302,390,5.82177266097272e-05,0.0026533151284305,0.0147227238704263,0.0472641847383435,0.160408694195539
2013,52,1,118,137,157,120,0.0001138936433497,0.0034567844285988,0.026146499995614,0.0608699641213822,0.176090682374033
2013,52,3,63,80,128,257,0.0003572799181062,0.0018903589466176,0.0135603883762315,0.0335927376915166,0.146872031446192
2013,52,4,181,217,285,377,0.0002328709064389,0.0026829611075191,0.0194806773163568,0.0446036180477745,0.155061737722355
2014,1,1,113,128,137,122,0.0001135605892026,0.0033256128548407,0.0233069934121953,0.0515901282502064,0.167670095390805
2014,1,1,67,66,152,278,0.0001187896570998,0.0020208357442651,0.0107452307911342,0.0395088877137873,0.153252382494895
2014,1,2,180,194,289,400,0.0001161162827766,0.0026812327449335,0.0166750131492543,0.044442514212591,0.157379909195639
2014,2,2,124,117,135,100,0.0002271211784052,0.0036493450796482,0.0213040486658347,0.0508369876918092,0.137434504418692
2014,2,3,53,55,157,259,0.0003563689712996,0.0015985715588963,0.0089543589926118,0.0408085221780566,0.1427782987992
2014,2,5,177,172,292,359,0.0002902907069415,0.002636545532518,0.0147840322766585,0.0449038551905763,0.141248468503086
2014,3,2,127,129,166,116,0.0002271211784052,0.0037376356864139,0.023489079298228,0.0625106663469654,0.159424025125683
2014,3,0,48,64,136,254,0.0,0.0014477629212646,0.0104196177368574,0.0353500574281255,0.140021960984544
2014,3,2,175,193,302,370,0.0001161162827766,0.0026067540575743,0.0165890594732272,0.0464416584505276,0.145576416005966
2014,4,2,118,109,142,120,0.0002271211784052,0.0034727638661169,0.0198473615775725,0.0534729796461993,0.164921405302431
2014,4,0,57,58,155,239,0.0,0.0017192184690017,0.009442778574027,0.0402886683923489,0.131752947540575
2014,4,2,175,167,297,359,0.0001161162827766,0.0026067540575743,0.014354263896523,0.045672756820552,0.141248468503086
2014,5,1,137,112,169,122,0.0001135605892026,0.0040319377089662,0.0203936192356709,0.0636403771845612,0.167670095390805
2014,5,0,64,71,146,259,0.0,0.0019303505616861,0.0115592634268262,0.0379493263566641,0.1427782987992
2014,5,1,201,183,315,381,5.80581413883175e-05,0.0029940432318425,0.0157295227129564,0.0484408026884642,0.149904363508846
2014,6,2,150,126,152,116,0.0002271211784052,0.0044145303382842,0.0229428216401297,0.0572386824381852,0.159424025125683
2014,6,1,55,73,166,269,0.0001187896570998,0.001658895013949,0.011884876481103,0.0431478642137414,0.148290974428513
2014,6,3,205,199,318,385,0.0001741744241649,0.0030536261817299,0.0171047815293897,0.0489021436664496,0.151478162600803
2014,7,5,105,101,149,128,0.0005678029460132,0.0030901712367989,0.0183906744893103,0.0561089716005895,0.175916165655926
2014,7,2,50,65,117,276,0.0002375793141997,0.0015080863763173,0.0105824242639958,0.0304114464639021,0.152149847369032
2014,7,7,155,166,266,404,0.0004064069897182,0.0023088393081372,0.014268310220496,0.0409055667147031,0.158953708287596
2014,8,1,106,112,137,119,0.0001135605892026,0.0031196014390541,0.0203936192356709,0.0515901282502064,0.163547060258244
2014,8,3,51,77,114,228,0.0003563689712996,0.0015382481038436,0.0125361025896566,0.0296316657853405,0.125689004348331
2014,8,4,157,189,251,347,0.0002322325655532,0.0023386307830809,0.0162452447691189,0.0385988618247762,0.136527071227217
2014,9,2,118,108,159,104,0.0002271211784052,0.0034727638661169,0.0196652756915398,0.0598746743925753,0.14293188459544
2014,9,1,68,70,134,257,0.0001187896570998,0.0020509974717915,0.0113964568996878,0.0348302036424177,0.141675763673338
2014,9,3,186,178,293,361,0.0001741744241649,0.0027706071697647,0.015299754332821,0.0450576355165715,0.142035368049064
2014,10,5,101,113,164,91,0.0005678029460132,0.002972450427778,0.0205757051217036,0.0617575257885683,0.12506539902101
2014,10,0,49,66,132,274,0.0,0.0014779246487909,0.0107452307911342,0.03431034985671,0.151047312243169
2014,10,5,150,179,296,365,0.0002902907069415,0.002234360620778,0.0153857080088481,0.0455189764945568,0.143609167141021
2014,11,8,109,90,156,115,0.0009084847136211,0.0032078920458198,0.0163877297429498,0.0587449635549796,0.158049680081496
2014,11,4,59,52,148,243,0.0004751586283994,0.0017795419240544,0.0084659394111966,0.0384691801423718,0.1339580177923
2014,11,12,168,142,304,358,0.0006966976966598,0.0025024838952713,0.0122054219958459,0.0467492191025178,0.140855018730097
2014,12,2,124,102,142,122,0.0002271211784052,0.0036493450796482,0.0185727603753431,0.0534729796461993,0.167670095390805
2014,12,2,49,45,148,238,0.0002375793141997,0.0014779246487909,0.0073262937212278,0.0384691801423718,0.131201679977644
2014,12,4,173,147,290,360,0.0002322325655532,0.0025769625826306,0.0126351903759814,0.0445962945385861,0.141641918276075
2014,13,3,120,120,158,127,0.0003406817676079,0.0035316242706273,0.0218503063239331,0.0594981041133767,0.174541820611739
2014,13,2,56,66,144,243,0.0002375793141997,0.0016890567414753,0.0107452307911342,0.0374294725709564,0.1339580177923
2014,13,5,176,186,302,370,0.0002902907069415,0.0026216497950461,0.0159873837410376,0.0464416584505276,0.145576416005966
2014,14,2,125,124,139,143,0.0002271211784052,0.0036787752819035,0.0225786498680642,0.0523432688086036,0.19653134131873
2014,14,2,50,66,144,262,0.0002375793141997,0.0015080863763173,0.0107452307911342,0.0374294725709564,0.144432101487994
2014,14,4,175,190,283,405,0.0002322325655532,0.0026067540575743,0.016331198445146,0.0435198322566202,0.159347158060585
2014,15,1,128,127,153,123,0.0001135605892026,0.0037670658886692,0.0231249075261625,0.0576152527173838,0.169044440434992
2014,15,3,54,69,133,268,0.0003563689712996,0.0016287332864226,0.0112336503725494,0.0345702767495639,0.147739706865582
2014,15,4,182,196,286,391,0.0002322325655532,0.0027110242198773,0.0168469205013085,0.0439811732346056,0.153838861238737
2014,16,2,135,108,140,153,0.0002271211784052,0.0039730773044558,0.0196652756915398,0.0527198390878022,0.210274791760599
2014,16,1,50,61,146,274,0.0001187896570998,0.0015080863763173,0.0099311981554422,0.0379493263566641,0.151047312243169
2014,16,3,185,169,286,427,0.0001741744241649,0.0027557114322928,0.0145261712485772,0.0439811732346056,0.168003053066345
2014,17,1,104,96,144,131,0.0001135605892026,0.0030607410345437,0.0174802450591464,0.0542261202045965,0.180039200788487
2014,17,1,53,69,153,278,0.0001187896570998,0.0015985715588963,0.0112336503725494,0.0397688146066412,0.153252382494895
2014,17,2,157,165,297,409,0.0001161162827766,0.0023386307830809,0.0141823565444689,0.045672756820552,0.160920957152541
2014,18,2,116,123,156,128,0.0002271211784052,0.0034139034616064,0.0223965639820314,0.0587449635549796,0.175916165655926
2014,18,2,54,80,141,251,0.0002375793141997,0.0016287332864226,0.0130245221710718,0.0366496918923948,0.13836815829575
2014,18,4,170,203,297,379,0.0002322325655532,0.002532275370215,0.0174485962334981,0.045672756820552,0.149117463962868
2014,19,1,109,116,153,147,0.0001135605892026,0.0032078920458198,0.021121962779802,0.0576152527173838,0.202028721495478
2014,19,0,52,57,122,249,0.0,0.0015684098313699,0.0092799720468886,0.0317110809281714,0.137265623169888
2014,19,1,161,173,275,396,5.80581413883175e-05,0.0023982137329683,0.0148699859526855,0.0422895896486592,0.155806110103683
2014,20,1,113,108,139,122,0.0001135605892026,0.0033256128548407,0.0196652756915398,0.0523432688086036,0.167670095390805
2014,20,0,42,68,135,273,0.0,0.0012667925561065,0.011070843845411,0.0350901305352716,0.150496044680238
2014,20,1,155,176,274,395,5.80581413883175e-05,0.0023088393081372,0.0151278469807668,0.0421358093226641,0.155412660330694
2014,21,2,124,109,145,132,0.0002271211784052,0.0036493450796482,0.0198473615775725,0.0546026904837951,0.181413545832674
2014,21,4,44,56,140,278,0.0004751586283994,0.0013271160111592,0.0091171655197502,0.0363897649995409,0.153252382494895
2014,21,6,168,165,285,410,0.0003483488483299,0.0025024838952713,0.0141823565444689,0.0438273929086105,0.16131440692553
2014,22,5,112,110,152,115,0.0005678029460132,0.0032961826525855,0.0200294474636053,0.0572386824381852,0.158049680081496
2014,22,1,50,57,124,239,0.0001187896570998,0.0015080863763173,0.0092799720468886,0.0322309347138791,0.131752947540575
2014,22,6,162,167,276,354,0.0003483488483299,0.0024131094704402,0.014354263896523,0.0424433699746543,0.139281219638141
2014,23,1,110,117,150,107,0.0001135605892026,0.0032373222480751,0.0213040486658347,0.056485541879788,0.147054919728001
2014,23,2,45,48,108,238,0.0002375793141997,0.0013572777386855,0.007814713302643,0.0280721044282173,0.131201679977644
2014,23,3,155,165,258,345,0.0001741744241649,0.0023088393081372,0.0141823565444689,0.0396753241067421,0.135740171681239
2014,24,4,112,94,146,97,0.0004542423568105,0.0032961826525855,0.0171160732870809,0.0549792607629937,0.133311469286132
2014,24,3,51,56,121,226,0.0003563689712996,0.0015382481038436,0.0091171655197502,0.0314511540353175,0.124586469222468
2014,24,7,163,150,267,323,0.0004064069897182,0.002428005207912,0.0128930514040626,0.0410593470406982,0.127084276675479
2014,25,1,127,103,137,105,0.0001135605892026,0.0037376356864139,0.0187548462613759,0.0515901282502064,0.144306229639627
2014,25,4,52,63,134,226,0.0004751586283994,0.0015684098313699,0.0102568112097191,0.0348302036424177,0.124586469222468
2014,25,5,179,166,271,331,0.0002902907069415,0.0026663370074617,0.014268310220496,0.0416744683446787,0.130231874859392
2014,26,0,109,126,143,118,0.0,0.0032078920458198,0.0229428216401297,0.0538495499253979,0.162172715214057
2014,26,1,51,66,124,253,0.0001187896570998,0.0015382481038436,0.0107452307911342,0.0322309347138791,0.139470693421613
2014,26,1,160,192,267,371,5.80581413883175e-05,0.0023833179954965,0.0165031057972001,0.0410593470406982,0.145969865778955
2014,27,3,104,115,156,88,0.0003406817676079,0.0030607410345437,0.0209398768937692,0.0587449635549796,0.120942363888449
2014,27,3,47,73,137,246,0.0003563689712996,0.0014176011937382,0.011884876481103,0.0356099843209793,0.135611820481094
2014,27,6,151,188,293,334,0.0003483488483299,0.0022492563582498,0.0161592910930918,0.0450576355165715,0.131412224178359
2014,28,2,117,129,120,121,0.0002271211784052,0.0034433336638617,0.023489079298228,0.0451884335038304,0.166295750346618
2014,28,3,56,54,125,228,0.0003563689712996,0.0016890567414753,0.0087915524654734,0.032490861606733,0.125689004348331
2014,28,5,173,183,245,349,0.0002902907069415,0.0025769625826306,0.0157295227129564,0.0376761798688055,0.137313970773195
2014,29,3,112,120,157,108,0.0003406817676079,0.0032961826525855,0.0218503063239331,0.0591215338341781,0.148429264772188
2014,29,2,47,63,133,239,0.0002375793141997,0.0014176011937382,0.0102568112097191,0.0345702767495639,0.131752947540575
2014,29,5,159,183,290,347,0.0002902907069415,0.0023684222580246,0.0157295227129564,0.0445962945385861,0.136527071227217
2014,30,0,125,101,162,113,0.0,0.0036787752819035,0.0183906744893103,0.0610043852301711,0.155300989993122
2014,30,0,61,76,124,224,0.0,0.0018398653791071,0.0123732960625182,0.0322309347138791,0.123483934096606
2014,30,0,186,177,286,337,0.0,0.0027706071697647,0.0152138006567939,0.0439811732346056,0.132592573497326
2014,31,2,114,129,157,118,0.0002271211784052,0.003355043057096,0.023489079298228,0.0591215338341781,0.162172715214057
2014,31,2,52,62,144,274,0.0002375793141997,0.0015684098313699,0.0100940046825807,0.0374294725709564,0.151047312243169
2014,31,4,166,191,301,392,0.0002322325655532,0.0024726924203276,0.0164171521211731,0.0462878781245325,0.154232311011727
2014,32,7,119,109,143,116,0.0007949241244185,0.0035021940683721,0.0198473615775725,0.0538495499253979,0.159424025125683
2014,32,1,47,73,123,267,0.0001187896570998,0.0014176011937382,0.011884876481103,0.0319710078210252,0.14718843930265
2014,32,8,166,182,266,383,0.0004644651311065,0.0024726924203276,0.0156435690369293,0.0409055667147031,0.150691263054825
2014,33,4,97,111,139,122,0.0004542423568105,0.0028547296187571,0.0202115333496381,0.0523432688086036,0.167670095390805
2014,33,1,54,71,131,220,0.0001187896570998,0.0016287332864226,0.0115592634268262,0.0340504229638562,0.121278863844881
2014,33,5,151,182,270,342,0.0002902907069415,0.0022492563582498,0.0156435690369293,0.0415206880186836,0.134559822362272
2014,34,3,115,110,134,119,0.0003406817676079,0.0033844732593512,0.0200294474636053,0.0504604174126106,0.163547060258244
2014,34,2,49,61,129,235,0.0002375793141997,0.0014779246487909,0.0099311981554422,0.0335305691781484,0.12954787728885
2014,34,5,164,171,263,354,0.0002902907069415,0.0024429009453839,0.0146980786006314,0.0404442257367177,0.139281219638141
2014,35,3,103,85,140,90,0.0003406817676079,0.0030313108322885,0.0154773003127859,0.0527198390878022,0.123691053976823
2014,35,1,41,78,113,225,0.0001187896570998,0.0012366308285801,0.012698909116795,0.0293717388924866,0.124035201659537
2014,35,4,144,163,253,315,0.0002322325655532,0.0021449861959468,0.0140104491924147,0.0389064224767665,0.123936678491566
2014,36,3,119,130,132,116,0.0003406817676079,0.0035021940683721,0.0236711651842608,0.0497072768542135,0.159424025125683
2014,36,1,34,56,151,229,0.0001187896570998,0.0010254987358957,0.0091171655197502,0.0392489608209334,0.126240271911262
2014,36,4,153,186,283,345,0.0002322325655532,0.0022790478331935,0.0159873837410376,0.0435198322566202,0.135740171681239
2014,37,1,120,118,154,104,0.0001135605892026,0.0035316242706273,0.0214861345518675,0.0579918229965824,0.14293188459544
2014,37,1,63,53,131,241,0.0001187896570998,0.0019001888341598,0.008628745938335,0.0340504229638562,0.132855482666437
2014,37,2,183,171,285,345,0.0001161162827766,0.0027259199573491,0.0146980786006314,0.0438273929086105,0.135740171681239
2014,38,0,113,115,147,127,0.0,0.0033256128548407,0.0209398768937692,0.0553558310421923,0.174541820611739
2014,38,1,58,58,135,258,0.0001187896570998,0.001749380196528,0.009442778574027,0.0350901305352716,0.142227031236269
2014,38,1,171,173,282,385,5.80581413883175e-05,0.0025471711076869,0.0148699859526855,0.0433660519306251,0.151478162600803
2014,39,2,137,103,172,100,0.0002271211784052,0.0040319377089662,0.0187548462613759,0.0647700880221569,0.137434504418692
2014,39,5,54,65,107,251,0.0005939482854993,0.0016287332864226,0.0105824242639958,0.0278121775353634,0.13836815829575
2014,39,7,191,168,279,351,0.0004064069897182,0.0028450858571239,0.0144402175725501,0.0429047109526397,0.138100870319174
2014,40,0,108,98,146,118,0.0,0.0031784618435646,0.017844416831212,0.0549792607629937,0.162172715214057
2014,40,3,43,67,129,268,0.0003563689712996,0.0012969542836328,0.0109080373182726,0.0335305691781484,0.147739706865582
2014,40,3,151,165,275,386,0.0001741744241649,0.0022492563582498,0.0141823565444689,0.0422895896486592,0.151871612373792
2014,41,1,101,103,139,114,0.0001135605892026,0.002972450427778,0.0187548462613759,0.0523432688086036,0.156675335037309
2014,41,2,47,67,124,278,0.0002375793141997,0.0014176011937382,0.0109080373182726,0.0322309347138791,0.153252382494895
2014,41,3,148,170,263,392,0.0001741744241649,0.0022045691458342,0.0146121249246043,0.0404442257367177,0.154232311011727
2014,42,1,137,93,145,106,0.0001135605892026,0.0040319377089662,0.0169339874010481,0.0546026904837951,0.145680574683814
2014,42,1,42,76,150,238,0.0001187896570998,0.0012667925561065,0.0123732960625182,0.0389890339280796,0.131201679977644
2014,42,2,179,169,295,344,0.0001161162827766,0.0026663370074617,0.0145261712485772,0.0453651961685617,0.13534672190825
2014,43,1,107,110,143,128,0.0001135605892026,0.0031490316413094,0.0200294474636053,0.0538495499253979,0.175916165655926
2014,43,4,43,56,119,260,0.0004751586283994,0.0012969542836328,0.0091171655197502,0.0309313002496098,0.143329566362132
2014,43,5,150,166,262,388,0.0002902907069415,0.002234360620778,0.014268310220496,0.0402904454107226,0.15265851191977
2014,44,4,105,100,158,130,0.0004542423568105,0.0030901712367989,0.0182085886032775,0.0594981041133767,0.1786648557443
2014,44,1,56,72,149,295,0.0001187896570998,0.0016890567414753,0.0117220699539646,0.0387291070352257,0.162623931064726
2014,44,5,161,172,307,425,0.0002902907069415,0.0023982137329683,0.0147840322766585,0.0472105600805032,0.167216153520367
2014,45,2,116,116,138,127,0.0002271211784052,0.0034139034616064,0.021121962779802,0.051966698529405,0.174541820611739
2014,45,2,67,55,169,257,0.0002375793141997,0.0020208357442651,0.0089543589926118,0.043927644892303,0.141675763673338
2014,45,4,183,171,307,384,0.0002322325655532,0.0027259199573491,0.0146980786006314,0.0472105600805032,0.151084712827814
2014,46,2,81,112,141,122,0.0002271211784052,0.0023838463826734,0.0203936192356709,0.0530964093670008,0.167670095390805
2014,46,4,52,62,112,243,0.0004751586283994,0.0015684098313699,0.0100940046825807,0.0291118119996327,0.1339580177923
2014,46,6,133,174,253,365,0.0003483488483299,0.0019811330837564,0.0149559396287126,0.0389064224767665,0.143609167141021
2014,47,4,87,95,127,87,0.0004542423568105,0.0025604275962048,0.0172981591731137,0.0478244254582205,0.119568018844262
2014,47,0,46,52,125,223,0.0,0.0013874394662119,0.0084659394111966,0.032490861606733,0.122932666533674
2014,47,4,133,147,252,310,0.0002322325655532,0.0019811330837564,0.0126351903759814,0.0387526421507714,0.12196942962662
2014,48,2,95,103,144,98,0.0002271211784052,0.0027958692142466,0.0187548462613759,0.0542261202045965,0.134685814330318
2014,48,4,42,60,111,232,0.0004751586283994,0.0012667925561065,0.0097683916283038,0.0288518851067789,0.127894074600056
2014,48,6,137,163,255,330,0.0003483488483299,0.0020407160336439,0.0140104491924147,0.0392139831287567,0.129838425086402
2014,49,1,114,113,155,131,0.0001135605892026,0.003355043057096,0.0205757051217036,0.058368393275781,0.180039200788487
2014,49,1,54,65,140,280,0.0001187896570998,0.0016287332864226,0.0105824242639958,0.0363897649995409,0.154354917620757
2014,49,2,168,178,295,411,0.0001161162827766,0.0025024838952713,0.015299754332821,0.0453651961685617,0.161707856698519
2014,50,1,96,128,145,140,0.0001135605892026,0.0028252994165019,0.0233069934121953,0.0546026904837951,0.192408306186169
2014,50,1,51,68,140,293,0.0001187896570998,0.0015382481038436,0.011070843845411,0.0363897649995409,0.161521395938864
2014,50,2,147,196,285,433,0.0001161162827766,0.0021896734083624,0.0168469205013085,0.0438273929086105,0.17036375170428
2014,51,2,107,104,141,151,0.0002271211784052,0.0031490316413094,0.0189369321474086,0.0530964093670008,0.207526101672225
2014,51,1,64,79,144,299,0.0001187896570998,0.0019303505616861,0.0128617156439334,0.0374294725709564,0.164829001316451
2014,51,3,171,183,285,450,0.0001741744241649,0.0025471711076869,0.0157295227129564,0.0438273929086105,0.177052397845094
2014,52,1,98,112,183,149,0.0001135605892026,0.0028841598210123,0.0203936192356709,0.0689123610933414,0.204777411583852
2014,52,4,62,68,152,267,0.0004751586283994,0.0018700271066334,0.011070843845411,0.0395088877137873,0.14718843930265
2014,52,5,160,180,335,416,0.0002902907069415,0.0023833179954965,0.0154716616848751,0.0515164092083667,0.163675105563465
1,1,1,94,122,163,136,0.0001135212319462,0.0027776250899671,0.0213504378485,0.0597820379747818,0.176834327663783
1,1,2,51,62,152,301,0.000237472784933,0.0015459035176118,0.0097599233142885,0.0391442422539816,0.161162215743819
1,1,3,145,184,315,437,0.0001741053915934,0.0021696103803448,0.0152486051496362,0.0476576221507707,0.165733397109773
1,2,3,122,138,144,142,0.0003405636958386,0.0036050027763402,0.0241504952712541,0.0528135795605434,0.184635842119538
1,2,0,50,79,158,323,0.0,0.0015155916839332,0.0124360313198192,0.0406894097113756,0.172941513904497
1,2,3,172,217,302,465,0.0001741053915934,0.0025736067959952,0.0179834093340818,0.0456907996493103,0.176352470608797
1,3,3,115,130,160,126,0.0003405636958386,0.0033981583547469,0.0227504665598771,0.0586817550672705,0.163831803570858
1,3,3,51,80,174,309,0.0003562091773996,0.0015459035176118,0.0125934494377916,0.0448098562644263,0.165445596893157
1,3,6,166,210,334,435,0.0003482107831869,0.0024838298147395,0.0174032993555631,0.0505322088836743,0.164974891859842
1,4,2,103,120,128,149,0.0002270424638924,0.0030435679177299,0.0210004306706557,0.0469454040538164,0.193737608984586
1,4,2,45,55,136,300,0.000237472784933,0.0013640325155399,0.0086579964884817,0.0350237957009309,0.160626793100152
1,4,4,148,175,264,449,0.0002321405221246,0.0022144988709726,0.0145027494629692,0.039941626183503,0.170284428609354
1,5,2,102,113,166,147,0.0002270424638924,0.0030140187146451,0.0197754055482008,0.0608823208822931,0.191137104166001
1,5,2,49,77,128,276,0.000237472784933,0.0014852798502545,0.0121211950838744,0.0329635724244056,0.14777664965214
1,5,4,151,190,294,423,0.0002321405221246,0.0022593873616004,0.0157458422740809,0.0444804473407193,0.16042386036026
1,6,4,98,108,157,143,0.0004540849277848,0.0028958219023061,0.0189003876035902,0.0575814721597591,0.185936094528831
1,6,1,48,73,134,296,0.0001187363924665,0.0014549680165758,0.0114915226119849,0.0345087398817996,0.158485102525483
1,6,5,146,181,291,439,0.0002901756526557,0.0021845732105541,0.0149999865874139,0.0440265652249977,0.166491902359703
1,7,5,116,136,139,143,0.000567606159731,0.0034277075578317,0.0238004880934098,0.0509797747146912,0.185936094528831
1,7,3,55,61,121,314,0.0003562091773996,0.0016671508523265,0.0096025051963161,0.0311608770574459,0.168122710111492
1,7,8,171,197,260,457,0.0004642810442492,0.0025586439657859,0.0163259522525996,0.0393364500292075,0.173318449609076
1,8,2,110,125,140,135,0.0002270424638924,0.0032504123393232,0.0218754486152664,0.0513465356838617,0.175534075254491
1,8,3,62,71,139,288,0.0003562091773996,0.0018793336880772,0.0111766863760401,0.0357963794296279,0.154201721376146
1,8,5,172,196,279,423,0.0002901756526557,0.0025736067959952,0.0162430793985255,0.0422110367621112,0.16042386036026
1,9,3,133,130,171,141,0.0003405636958386,0.0039300440102726,0.0227504665598771,0.0627161257281453,0.183335589710246
1,9,0,41,64,145,298,0.0,0.0012427851808252,0.0100747595502333,0.0373415468870219,0.159555947812818
1,9,3,174,194,316,439,0.0001741053915934,0.0026035324564137,0.0160773336903773,0.0478089161893445,0.166491902359703
1,10,0,126,120,168,139,0.0,0.0037231995886793,0.0210004306706557,0.061615842820634,0.180735084891661
1,10,2,49,73,158,299,0.000237472784933,0.0014852798502545,0.0114915226119849,0.0406894097113756,0.160091370456485
1,10,2,175,193,326,438,0.0001160702610623,0.002618495286623,0.0159944608363032,0.0493218565750833,0.166112649734738
1,11,3,117,118,139,124,0.0003405636958386,0.0034572567609165,0.0206504234928115,0.0509797747146912,0.161231298752273
1,11,1,51,65,143,286,0.0001187363924665,0.0015459035176118,0.0102321776682057,0.0368264910678906,0.153130876088812
1,11,4,168,183,282,410,0.0002321405221246,0.0025137554751581,0.0151657322955621,0.0426649188778328,0.155493576235713
1,12,2,115,114,172,125,0.0002270424638924,0.0033981583547469,0.019950409137123,0.0630828866973157,0.162531551161565
1,12,1,41,53,127,265,0.0001187363924665,0.0012427851808252,0.0083431602525369,0.0327060445148399,0.141887000571801
1,12,3,156,167,299,390,0.0001741053915934,0.0023342015126468,0.0138397666303763,0.0452369175335887,0.14790852373641
1,13,0,101,108,141,140,0.0,0.0029844695115604,0.0189003876035902,0.0517132966530321,0.182035337300953
1,13,0,47,80,141,254,0.0,0.0014246561828972,0.0125934494377916,0.0363114352487593,0.135997351491462
1,13,0,148,188,282,394,0.0,0.0022144988709726,0.0155800965659327,0.0426649188778328,0.149425534236271
1,14,1,113,124,140,148,0.0001135212319462,0.0033390599485774,0.0217004450263443,0.0513465356838617,0.192437356575293
1,14,1,43,57,148,295,0.0001187363924665,0.0013034088481825,0.0089728327244265,0.0381141306157189,0.157949679881816
1,14,2,156,181,288,443,0.0001160702610623,0.0023342015126468,0.0149999865874139,0.043572683109276,0.168008912859564
1,15,1,112,122,139,160,0.0001135212319462,0.0033095107454927,0.0213504378485,0.0509797747146912,0.208040385486804
1,15,1,56,79,130,275,0.0001187363924665,0.0016974626860052,0.0124360313198192,0.0334786282435369,0.147241227008473
1,15,2,168,201,269,435,0.0001160702610623,0.0025137554751581,0.0166574436688961,0.0406980963763724,0.164974891859842
1,16,3,123,114,160,124,0.0003405636958386,0.003634551979425,0.019950409137123,0.0586817550672705,0.161231298752273
1,16,3,45,63,130,275,0.0003562091773996,0.0013640325155399,0.0099173414322609,0.0334786282435369,0.147241227008473
1,16,6,168,177,290,399,0.0003482107831869,0.0025137554751581,0.0146684951711174,0.0438752711864238,0.151321797361097
1,17,6,121,120,141,137,0.0006811273916772,0.0035754535732555,0.0210004306706557,0.0517132966530321,0.178134580073076
1,17,1,52,67,143,287,0.0001187363924665,0.0015762153512905,0.0105470139041505,0.0368264910678906,0.153666298732479
1,17,7,173,187,284,424,0.000406245913718,0.0025885696262045,0.0154972237118585,0.0429675069549805,0.160803112985226
1,18,1,122,123,147,113,0.0001135212319462,0.0036050027763402,0.0215254414374221,0.0539138624680547,0.146928522250055
1,18,6,42,61,128,278,0.0007124183547992,0.0012730970145039,0.0096025051963161,0.0329635724244056,0.148847494939474
1,18,7,164,184,275,391,0.000406245913718,0.002453904154321,0.0152486051496362,0.0416058606078157,0.148287776361375
1,19,1,120,100,144,120,0.0001135212319462,0.0035459043701707,0.0175003588922131,0.0528135795605434,0.156030289115103
1,19,2,52,64,146,260,0.000237472784933,0.0015762153512905,0.0100747595502333,0.0375990747965876,0.139209887353465
1,19,3,172,164,290,380,0.0001741053915934,0.0025736067959952,0.013591148068154,0.0438752711864238,0.144115997486759
1,20,1,100,103,113,111,0.0001135212319462,0.0029549203084756,0.0180253696589795,0.0414439895162598,0.14432801743147
1,20,0,47,61,149,241,0.0,0.0014246561828972,0.0096025051963161,0.0383716585252846,0.129036857123789
1,20,1,147,164,262,352,5.80351305311551e-05,0.0021995360407633,0.013591148068154,0.0396390381063553,0.133496923987734
1,21,2,109,101,144,121,0.0002270424638924,0.0032208631362384,0.0176753624811353,0.0528135795605434,0.157330541524395
1,21,3,37,68,128,226,0.0003562091773996,0.0011215378461105,0.0107044320221229,0.0329635724244056,0.121005517468781
1,21,5,146,169,272,347,0.0002901756526557,0.0021845732105541,0.0140055123385246,0.041151978492094,0.131600660862909
1,22,3,97,86,161,126,0.0003405636958386,0.0028662726992213,0.0150503086473033,0.0590485160364409,0.163831803570858
1,22,4,50,61,117,242,0.0004749455698661,0.0015155916839332,0.0096025051963161,0.0301307654191832,0.129572279767456
1,22,7,147,147,278,368,0.000406245913718,0.0021995360407633,0.0121823095488941,0.0420597427235373,0.139564965987177
1,23,6,77,104,137,112,0.0006811273916772,0.0022752886375262,0.0182003732479016,0.0502462527763503,0.145628269840762
1,23,2,42,58,126,243,0.000237472784933,0.0012730970145039,0.0091302508423989,0.0324485166052742,0.130107702411123
1,23,8,119,162,263,355,0.0004642810442492,0.0017805767949036,0.0134254023600058,0.0397903321449292,0.13463468186263
1,24,0,111,102,133,98,0.0,0.0032799615424079,0.0178503660700574,0.0487792088996686,0.127424736110667
1,24,0,55,70,119,239,0.0,0.0016671508523265,0.0110192682580677,0.0306458212383146,0.127966011836454
1,24,0,166,172,252,337,0.0,0.0024838298147395,0.0142541309007469,0.0381260977206165,0.127808134613257
1,25,0,121,125,139,124,0.0,0.0035754535732555,0.0218754486152664,0.0509797747146912,0.161231298752273
1,25,2,59,74,137,206,0.000237472784933,0.0017883981870412,0.0116489407299572,0.0352813236104966,0.110297064595438
1,25,2,180,199,276,330,0.0001160702610623,0.0026933094376694,0.0164916979607479,0.0417571546463895,0.125153366238501
1,26,1,106,99,151,112,0.0001135212319462,0.0031322155269841,0.017325355303291,0.0553809063447365,0.145628269840762
1,26,0,47,69,104,235,0.0,0.0014246561828972,0.0108618501400953,0.0267829025948295,0.125824321261786
1,26,1,153,168,255,347,5.80351305311551e-05,0.002289313022019,0.0139226394844505,0.0385799798363382,0.131600660862909
1,27,2,120,127,152,105,0.0002270424638924,0.0035459043701707,0.0222254557931107,0.0557476673139069,0.136526502975715
1,27,1,52,70,127,260,0.0001187363924665,0.0015762153512905,0.0110192682580677,0.0327060445148399,0.139209887353465
1,27,3,172,197,279,365,0.0001741053915934,0.0025736067959952,0.0163259522525996,0.0422110367621112,0.138427208112281
1,28,0,96,105,140,112,0.0,0.0028367234961366,0.0183753768368238,0.0513465356838617,0.145628269840762
1,28,0,48,49,128,207,0.0,0.0014549680165758,0.0077134877806473,0.0329635724244056,0.110832487239105
1,28,0,144,154,268,319,0.0,0.0021546475501355,0.0127624195274129,0.0405468023377985,0.120981587363884
1,29,2,105,88,136,102,0.0002270424638924,0.0031026663238994,0.0154003158251475,0.0498794918071799,0.132625745747837
1,29,2,57,62,113,235,0.000237472784933,0.0017277745196838,0.0097599233142885,0.0291006537809205,0.125824321261786
1,29,4,162,150,249,337,0.0002321405221246,0.0024239784939025,0.0124309281111165,0.0376722156048949,0.127808134613257
1,30,2,92,101,153,114,0.0002270424638924,0.0027185266837975,0.0176753624811353,0.0561144282830774,0.148228774659348
1,30,2,47,54,116,221,0.000237472784933,0.0014246561828972,0.0085005783705093,0.0298732375096175,0.118328404250445
1,30,4,139,155,269,335,0.0002321405221246,0.0020798333990891,0.012845292381487,0.0406980963763724,0.127049629363327
1,31,1,105,97,142,106,0.0001135212319462,0.0031026663238994,0.0169753481254467,0.0520800576222025,0.137826755385007
1,31,1,46,62,113,210,0.0001187363924665,0.0013943443492185,0.0097599233142885,0.0291006537809205,0.112438755170106
1,31,2,151,159,255,316,0.0001160702610623,0.0022593873616004,0.0131767837977835,0.0385799798363382,0.119843829488989
1,32,0,113,106,122,102,0.0,0.0033390599485774,0.0185503804257459,0.0447448382387937,0.132625745747837
1,32,1,49,52,106,223,0.0001187363924665,0.0014852798502545,0.0081857421345645,0.0272979584139609,0.11939924953778
1,32,1,162,158,228,325,5.80351305311551e-05,0.0024239784939025,0.0130939109437094,0.0344950407948435,0.123257103113675
1,33,2,118,106,137,113,0.0002270424638924,0.0034868059640012,0.0185503804257459,0.0502462527763503,0.146928522250055
1,33,1,61,56,137,225,0.0001187363924665,0.0018490218543985,0.0088154146064541,0.0352813236104966,0.120470094825114
1,33,3,179,162,274,338,0.0001741053915934,0.0026783466074601,0.0134254023600058,0.0414545665692418,0.128187387238222
1,34,1,104,101,134,128,0.0001135212319462,0.0030731171208146,0.0176753624811353,0.049145969868839,0.166432308389443
1,34,4,38,54,130,252,0.0004749455698661,0.0011518496797892,0.0085005783705093,0.0334786282435369,0.134926506204128
1,34,5,142,155,264,380,0.0002901756526557,0.002124721889717,0.012845292381487,0.039941626183503,0.144115997486759
1,35,1,124,100,122,122,0.0001135212319462,0.0036641011825098,0.0175003588922131,0.0447448382387937,0.158630793933688
1,35,1,55,64,116,252,0.0001187363924665,0.0016671508523265,0.0100747595502333,0.0298732375096175,0.134926506204128
1,35,2,179,164,238,374,0.0001160702610623,0.0026783466074601,0.013591148068154,0.0360079811805823,0.141840481736968
1,36,0,106,112,149,99,0.0,0.0031322155269841,0.0196004019592787,0.0546473844063956,0.12872498851996
1,36,0,49,53,112,237,0.0,0.0014852798502545,0.0083431602525369,0.0288431258713549,0.12689516654912
1,36,0,155,165,261,336,0.0,0.0023192386824375,0.0136740209222281,0.0394877440677814,0.127428881988292
1,37,1,109,115,148,119,0.0001135212319462,0.0032208631362384,0.0201254127260451,0.0542806234372252,0.15473003670581
1,37,1,40,59,137,237,0.0001187363924665,0.0012124733471465,0.0092876689603713,0.0352813236104966,0.12689516654912
1,37,2,149,174,285,356,0.0001160702610623,0.0022294617011819,0.0144198766088951,0.0431188009935544,0.135013934487595
1,38,0,81,124,140,127,0.0,0.0023934854498652,0.0217004450263443,0.0513465356838617,0.16513205598015
1,38,3,58,71,122,251,0.0003562091773996,0.0017580863533625,0.0111766863760401,0.0314184049670116,0.134391083560461
1,38,3,139,195,262,378,0.0001741053915934,0.0020798333990891,0.0161602065444514,0.0396390381063553,0.143357492236828
1,39,1,93,104,123,128,0.0001135212319462,0.0027480758868823,0.0182003732479016,0.0451115992079642,0.166432308389443
1,39,1,46,66,130,246,0.0001187363924665,0.0013943443492185,0.0103895957861781,0.0334786282435369,0.131713970342125
1,39,2,139,170,253,374,0.0001160702610623,0.0020798333990891,0.0140883851925987,0.0382773917591904,0.141840481736968
1,40,2,102,128,172,114,0.0002270424638924,0.0030140187146451,0.0224004593820328,0.0630828866973157,0.148228774659348
1,40,1,39,56,126,217,0.0001187363924665,0.0011821615134679,0.0088154146064541,0.0324485166052742,0.116186713675777
1,40,3,141,184,298,331,0.0001741053915934,0.0021097590595077,0.0152486051496362,0.0450856234950148,0.125532618863466
1,41,1,123,121,125,127,0.0001135212319462,0.003634551979425,0.0211754342595779,0.045845121146305,0.16513205598015
1,41,0,47,63,135,240,0.0,0.0014246561828972,0.0099173414322609,0.0347662677913652,0.128501434480122
1,41,1,170,184,260,367,5.80351305311551e-05,0.0025436811355766,0.0152486051496362,0.0393364500292075,0.139185713362212
1,42,0,102,149,152,137,0.0,0.0030140187146451,0.0260755347493976,0.0557476673139069,0.178134580073076
1,42,0,48,62,118,257,0.0,0.0014549680165758,0.0097599233142885,0.0303882933287489,0.137603619422464
1,42,0,150,211,270,394,0.0,0.0022444245313912,0.0174861722096372,0.0408493904149463,0.149425534236271
1,43,2,120,110,165,123,0.0002270424638924,0.0035459043701707,0.0192503947814344,0.0605155599131227,0.15993104634298
1,43,1,55,71,144,254,0.0001187363924665,0.0016671508523265,0.0111766863760401,0.0370840189774563,0.135997351491462
1,43,3,175,181,309,377,0.0001741053915934,0.002618495286623,0.0149999865874139,0.0467498579193274,0.142978239611863
1,44,3,109,108,143,121,0.0003405636958386,0.0032208631362384,0.0189003876035902,0.052446818591373,0.157330541524395
1,44,1,53,55,125,249,0.0001187363924665,0.0016065271849692,0.0086579964884817,0.0321909886957086,0.133320238273126
1,44,4,162,163,268,370,0.0002321405221246,0.0024239784939025,0.0135082752140799,0.0405468023377985,0.140323471237107
1,45,1,102,120,133,113,0.0001135212319462,0.0030140187146451,0.0210004306706557,0.0487792088996686,0.146928522250055
1,45,1,46,57,140,254,0.0001187363924665,0.0013943443492185,0.0089728327244265,0.0360539073391936,0.135997351491462
1,45,2,148,177,273,367,0.0001160702610623,0.0022144988709726,0.0146684951711174,0.0413032725306679,0.139185713362212
1,46,1,114,124,132,134,0.0001135212319462,0.0033686091516622,0.0217004450263443,0.0484124479304981,0.174233822845198
1,46,1,43,51,132,273,0.0001187363924665,0.0013034088481825,0.0080283240165921,0.0339936840626682,0.146170381721138
1,46,2,157,175,264,407,0.0001160702610623,0.0023491643428561,0.0145027494629692,0.039941626183503,0.154355818360818
1,47,0,87,127,151,146,0.0,0.0025707806683738,0.0222254557931107,0.0553809063447365,0.189836851756708
1,47,1,51,64,132,295,0.0001187363924665,0.0015459035176118,0.0100747595502333,0.0339936840626682,0.157949679881816
1,47,1,138,191,283,441,5.80351305311551e-05,0.0020648705688799,0.015828715128155,0.0428162129164067,0.167250407609633
1,48,1,111,132,153,134,0.0001135212319462,0.0032799615424079,0.0231004737377213,0.0561144282830774,0.174233822845198
1,48,1,59,58,139,281,0.0001187363924665,0.0017883981870412,0.0091302508423989,0.0357963794296279,0.150453762870476
1,48,2,170,190,292,415,0.0001160702610623,0.0025436811355766,0.0157458422740809,0.0441778592635715,0.157389839360539
1,49,2,109,131,167,150,0.0002270424638924,0.0032208631362384,0.0229254701487992,0.0612490818514635,0.195037861393878
1,49,0,48,60,150,265,0.0,0.0014549680165758,0.0094450870783437,0.0386291864348503,0.141887000571801
1,49,2,157,191,317,415,0.0001160702610623,0.0023491643428561,0.015828715128155,0.0479602102279184,0.157389839360539
1,50,0,112,123,169,143,0.0,0.0033095107454927,0.0215254414374221,0.0619826037898044,0.185936094528831
1,50,2,45,61,148,257,0.000237472784933,0.0013640325155399,0.0096025051963161,0.0381141306157189,0.137603619422464
1,50,2,157,184,317,400,0.0001160702610623,0.0023491643428561,0.0152486051496362,0.0479602102279184,0.151701049986062
1,51,2,95,103,160,128,0.0002270424638924,0.0028071742930518,0.0180253696589795,0.0586817550672705,0.166432308389443
1,51,1,53,66,153,258,0.0001187363924665,0.0016065271849692,0.0103895957861781,0.0394017701635473,0.138139042066131
1,51,3,148,169,313,386,0.0001741053915934,0.0022144988709726,0.0140055123385246,0.0473550340736229,0.14639151323655
1,52,2,102,137,162,139,0.0002270424638924,0.0030140187146451,0.023975491682332,0.0594152770056113,0.180735084891661
1,52,4,51,81,127,301,0.0004749455698661,0.0015459035176118,0.012750867555764,0.0327060445148399,0.161162215743819
1,52,6,153,218,289,440,0.0003482107831869,0.002289313022019,0.0180662821881559,0.0437239771478499,0.166871154984668
1,53,6,108,106,151,151,0.0006811273916772,0.0031913139331536,0.0185503804257459,0.0553809063447365,0.196338113803171
1,53,4,65,66,142,304,0.0004749455698661,0.0019702691891131,0.0103895957861781,0.0365689631583249,0.162768483674821
1,53,10,173,172,293,455,0.0005803513053115,0.0025885696262045,0.0142541309007469,0.0443291533021454,0.172559944359145
2,1,1,108,148,185,140,0.0001136651836683,0.003199124517134,0.0251116834323918,0.0661087061275975,0.17266574748682
2,1,1,56,87,138,320,0.0001188650384251,0.0017052037715152,0.0133109790922753,0.0351673894408462,0.167440913783491
2,1,2,164,235,323,460,0.0001162069713149,0.0024624666776772,0.0189064372486409,0.0480475220511326,0.168997295924581
2,2,2,130,143,189,142,0.0002273303673367,0.0038507980298835,0.0242633157488651,0.0675380835573833,0.175132401022346
2,2,0,67,75,134,310,0.0,0.0020401545123486,0.0114749819760994,0.0341480448193724,0.162208385227757
2,2,2,197,218,323,452,0.0001162069713149,0.0029579630213562,0.0175387375327818,0.0480475220511326,0.166058212517197
2,3,1,134,145,177,174,0.0001136651836683,0.0039692841231107,0.0246026628222758,0.0632499512680257,0.214598857590762
2,3,0,50,76,144,348,0.0,0.0015225033674243,0.0116279817357807,0.0366964063730569,0.182091993739546
2,3,1,184,221,321,522,5.81034856574886e-05,0.0027627674920281,0.0177800963061687,0.047750014174655,0.191775192331807
2,4,2,116,131,174,146,0.0002273303673367,0.0034360967035884,0.0222272333084009,0.0621779181956863,0.180065708093398
2,4,1,49,87,155,325,0.0001188650384251,0.0014920533000758,0.0133109790922753,0.0394996040821098,0.170057178061358
2,4,3,165,218,329,471,0.0001743104569724,0.0024774817183947,0.0175387375327818,0.0489400456805654,0.173038535609734
2,5,4,121,142,192,163,0.0004546607346734,0.0035842043201223,0.0240936422121597,0.0686101166297228,0.201032263145369
2,5,2,46,64,140,309,0.0002377300768503,0.0014007030980303,0.0097919846196048,0.0356770617515831,0.161685132372183
2,5,6,167,206,332,472,0.0003486209139449,0.0025075117998298,0.0165733024392342,0.0493863074952818,0.173405921035657
2,6,2,144,126,146,130,0.0002273303673367,0.0042654993561787,0.0213788656248741,0.052172276187185,0.16033247980919
2,6,1,68,73,178,299,0.0001188650384251,0.0020706045796971,0.0111689824567367,0.0453608356555842,0.156452603816449
2,6,3,212,199,324,429,0.0001743104569724,0.0031831886321193,0.0160101319679981,0.0481962759893714,0.157608347720968
2,7,0,112,111,151,142,0.0,0.0033176106103612,0.0188337625742939,0.0539589979744174,0.175132401022346
2,7,1,39,75,119,297,0.0001188650384251,0.0011875526265909,0.0114749819760994,0.0303255024888456,0.155406098105302
2,7,1,151,186,270,439,5.81034856574886e-05,0.0022672711483491,0.0149642439499881,0.0401635633244762,0.161282201980198
2,8,4,116,124,149,143,0.0004546607346734,0.0034360967035884,0.0210395185514634,0.0532443092595244,0.176365727790109
2,8,3,52,62,126,267,0.0003565951152755,0.0015834035021213,0.0094859851002421,0.0321093555764248,0.1397085124381
2,8,7,168,186,275,410,0.0004067243996024,0.0025225268405474,0.0149642439499881,0.0409073330156702,0.150628024628431
2,9,2,111,104,155,151,0.0002273303673367,0.0032879890870544,0.0176460478173564,0.0553883754042033,0.186232341932213
2,9,0,52,60,141,299,0.0,0.0015834035021213,0.0091799855808795,0.0359318979069515,0.156452603816449
2,9,2,163,164,296,450,0.0001162069713149,0.0024474516369597,0.0131942796118175,0.044031165718685,0.165323441665351
2,10,2,105,104,162,130,0.0002273303673367,0.0031102599472136,0.0176460478173564,0.0578897859063286,0.16033247980919
2,10,3,55,62,131,269,0.0003565951152755,0.0016747537041667,0.0094859851002421,0.033383536353267,0.140755018149247
2,10,5,160,166,293,399,0.0002905174282874,0.002402406514807,0.0133551854607421,0.0435849039039686,0.146586784943278
2,11,2,110,128,149,112,0.0002273303673367,0.0032583675637476,0.0217182126982848,0.0532443092595244,0.138132597989456
2,11,0,50,74,147,269,0.0,0.0015225033674243,0.0113219822164181,0.0374609148391622,0.140755018149247
2,11,2,160,202,296,381,0.0001162069713149,0.002402406514807,0.016251490741385,0.044031165718685,0.139973847276664
2,12,3,103,131,148,132,0.0003409955510051,0.0030510169006,0.0222272333084009,0.052886964902078,0.162799133344716
2,12,2,61,56,154,305,0.0002377300768503,0.0018574541082576,0.0085679865421542,0.0392447679267414,0.15959212094989
2,12,5,164,187,302,437,0.0002905174282874,0.0024624666776772,0.0150446968744504,0.0449236893481178,0.160547431128352
2,13,0,113,112,145,141,0.0,0.003347232133668,0.0190034361109992,0.0518149318297386,0.173899074254583
2,13,3,58,70,148,307,0.0003565951152755,0.0017661039062122,0.0107099831776928,0.0377157509945307,0.160638626661037
2,13,3,171,182,293,448,0.0001743104569724,0.0025675719627,0.0146424322521389,0.0435849039039686,0.164588670813505
2,14,2,111,130,140,143,0.0002273303673367,0.0032879890870544,0.0220575597716955,0.0500282100425062,0.176365727790109
2,14,1,53,57,130,213,0.0001188650384251,0.0016138535694698,0.0087209863018355,0.0331287001978986,0.111452858237136
2,14,3,164,187,270,356,0.0001743104569724,0.0024624666776772,0.0150446968744504,0.0401635633244762,0.130789211628589
2,15,2,118,121,161,120,0.0002273303673367,0.0034953397502019,0.0205304979413474,0.0575324415488821,0.14799921213156
2,15,1,55,53,122,257,0.0001188650384251,0.0016747537041667,0.0081089872631102,0.031090010954951,0.134475983882366
2,15,3,173,174,283,377,0.0001743104569724,0.0025976020441351,0.0139988088564405,0.0420973645215806,0.138504305572972
2,16,2,108,131,152,152,0.0002273303673367,0.003199124517134,0.0222272333084009,0.0543163423318639,0.187465668699976
2,16,2,42,64,121,286,0.0002377300768503,0.0012789028286364,0.0097919846196048,0.0308351747995825,0.149650316693995
2,16,4,150,195,273,438,0.0002324139426299,0.0022522561076316,0.0156883202701488,0.0406098251391926,0.160914816554275
2,17,2,91,115,132,139,0.0002273303673367,0.0026955586209184,0.0195124567211153,0.0471694551829344,0.171432420719057
2,17,3,41,59,141,245,0.0003565951152755,0.0012484527612879,0.0090269858211981,0.0359318979069515,0.128196949615485
2,17,5,132,174,273,384,0.0002905174282874,0.0019819853747158,0.0139988088564405,0.0406098251391926,0.141076003554433
2,18,3,97,111,137,124,0.0003409955510051,0.0028732877607592,0.0188337625742939,0.0489561769701668,0.152932519202612
2,18,1,56,69,117,261,0.0001188650384251,0.0017052037715152,0.0105569834180114,0.0298158301781087,0.13656899530466
2,18,4,153,180,254,385,0.0002324139426299,0.0022973012297842,0.0144815264032143,0.0377835003126554,0.141443388980356
2,19,3,98,112,129,144,0.0003409955510051,0.002902909284066,0.0190034361109992,0.046097422110595,0.177599054557872
2,19,3,46,64,123,225,0.0003565951152755,0.0014007030980303,0.0097919846196048,0.0313448471103194,0.117731892504017
2,19,6,144,176,252,369,0.0003486209139449,0.0021621658633263,0.0141597147053651,0.0374859924361778,0.135565222165588
2,20,3,110,107,137,134,0.0003409955510051,0.0032583675637476,0.0181550684274725,0.0489561769701668,0.165265786880242
2,20,1,51,63,105,252,0.0001188650384251,0.0015529534347728,0.0096389848599234,0.0267577963136873,0.131859719604499
2,20,4,161,170,242,386,0.0002324139426299,0.0024174215555246,0.0136769971585913,0.0359984530537898,0.141810774406279
2,21,4,98,119,143,162,0.0004546607346734,0.002902909284066,0.0201911508679367,0.0511002431148456,0.199798936377606
2,21,1,47,62,128,259,0.0001188650384251,0.0014311531653788,0.0094859851002421,0.0326190278871617,0.135522489593513
2,21,5,145,181,271,421,0.0002905174282874,0.0021771809040439,0.0145619793276766,0.040312317262715,0.154669264313584
2,22,0,119,109,138,134,0.0,0.0035249612735087,0.0184944155008832,0.0493135213276132,0.165265786880242
2,22,0,55,61,112,252,0.0,0.0016747537041667,0.0093329853405608,0.0285416494012665,0.131859719604499
2,22,0,174,170,250,386,0.0,0.0026126170848526,0.0136769971585913,0.0371884845597002,0.141810774406279
2,23,4,101,96,124,106,0.0004546607346734,0.0029917738539864,0.0162886595237136,0.0443107003233626,0.130732637382878
2,23,3,46,82,118,233,0.0003565951152755,0.0014007030980303,0.0125459802938687,0.0300706663334772,0.121917915348604
2,23,7,147,178,242,339,0.0004067243996024,0.0022072109854789,0.0143206205542897,0.0359984530537898,0.124543659387897
2,24,1,94,112,127,138,0.0001136651836683,0.0027844231908388,0.0190034361109992,0.045382733395702,0.170199093951294
2,24,0,33,63,107,272,0.0,0.0010048522225,0.0096389848599234,0.0272674686244242,0.142324776715967
2,24,1,127,175,234,410,5.81034856574886e-05,0.0019069101711281,0.0140792617809028,0.0348084215478794,0.150628024628431
2,25,3,85,135,142,117,0.0003409955510051,0.0025178294810777,0.0229059274552223,0.0507428987573991,0.144299231828271
2,25,2,49,57,130,219,0.0002377300768503,0.0014920533000758,0.0087209863018355,0.0331287001978986,0.114592375370577
2,25,5,134,192,272,336,0.0002905174282874,0.0020120154561509,0.0154469614967619,0.0404610712009538,0.123441503110128
2,26,3,119,113,145,133,0.0003409955510051,0.0035249612735087,0.0191731096477046,0.0518149318297386,0.164032460112479
2,26,2,55,47,129,249,0.0002377300768503,0.0016747537041667,0.0071909887050222,0.0328738640425301,0.130289961037779
2,26,5,174,160,274,382,0.0002905174282874,0.0026126170848526,0.0128724679139683,0.0407585790774314,0.140341232702587
2,27,3,93,113,120,106,0.0003409955510051,0.002754801667532,0.0191731096477046,0.0428813228935767,0.130732637382878
2,27,0,40,72,114,213,0.0,0.0012180026939394,0.0110159826970554,0.0290513217120034,0.111452858237136
2,27,3,133,185,234,319,0.0001743104569724,0.0019970004154333,0.0148837910255258,0.0348084215478794,0.117195950869437
2,28,1,113,119,128,107,0.0001136651836683,0.003347232133668,0.0201911508679367,0.0457400777531485,0.131965964150641
2,28,3,55,55,133,226,0.0003565951152755,0.0016747537041667,0.0084149867824728,0.0338932086640039,0.11825514535959
2,28,4,168,174,261,333,0.0002324139426299,0.0025225268405474,0.0139988088564405,0.038824777880327,0.122339346832359
2,29,0,99,110,150,116,0.0,0.0029325308073728,0.0186640890375885,0.0536016536169709,0.143065905060508
2,29,1,42,67,132,232,0.0001188650384251,0.0012789028286364,0.0102509838986488,0.0336383725086355,0.121394662493031
2,29,1,141,177,282,348,5.81034856574886e-05,0.0021171207411737,0.0142401676298274,0.0419486105833418,0.127850128221205
2,30,0,103,101,144,127,0.0,0.0030510169006,0.0171370272072404,0.0514575874722921,0.156632499505901
2,30,0,43,74,106,254,0.0,0.0013093528959849,0.0113219822164181,0.0270126324690558,0.132906225315646
2,30,0,146,175,250,381,0.0,0.0021921959447614,0.0140792617809028,0.0371884845597002,0.139973847276664
2,31,1,117,110,138,113,0.0001136651836683,0.0034657182268952,0.0186640890375885,0.0493135213276132,0.139365924757219
2,31,1,42,45,103,232,0.0001188650384251,0.0012789028286364,0.0068849891856596,0.0262481240029504,0.121394662493031
2,31,2,159,155,241,345,0.0001162069713149,0.0023873914740895,0.0124702032916568,0.035849699115551,0.126747971943436
2,32,0,107,140,126,113,0.0,0.0031695029938272,0.023754295138749,0.0450253890382556,0.139365924757219
2,32,2,43,64,115,209,0.0002377300768503,0.0013093528959849,0.0097919846196048,0.0293061578673718,0.109359846814842
2,32,2,150,204,241,322,0.0001162069713149,0.0022522561076316,0.0164123965903096,0.035849699115551,0.118298107147206
2,33,0,90,115,134,117,0.0,0.0026659370976116,0.0195124567211153,0.0478841438978274,0.144299231828271
2,33,2,40,69,134,245,0.0002377300768503,0.0012180026939394,0.0105569834180114,0.0341480448193724,0.128196949615485
2,33,2,130,184,268,362,0.0001162069713149,0.0019519552932807,0.0148033381010635,0.0398660554479986,0.132993524184127
2,34,1,104,120,131,132,0.0001136651836683,0.0030806384239068,0.020360824404642,0.0468121108254879,0.162799133344716
2,34,1,47,69,153,248,0.0001188650384251,0.0014311531653788,0.0105569834180114,0.0389899317713729,0.129766708182205
2,34,2,151,189,284,380,0.0001162069713149,0.0022672711483491,0.015205602723375,0.0422461184598194,0.139606461850741
2,35,1,116,134,132,117,0.0001136651836683,0.0034360967035884,0.0227362539185169,0.0471694551829344,0.144299231828271
2,35,4,51,60,115,261,0.0004754601537006,0.0015529534347728,0.0091799855808795,0.0293061578673718,0.13656899530466
2,35,5,167,194,247,378,0.0002905174282874,0.0025075117998298,0.0156078673456865,0.0367422227449838,0.138871690998895
2,36,4,127,123,148,122,0.0004546607346734,0.0037619334599631,0.0208698450147581,0.052886964902078,0.150465865667086
2,36,2,34,60,125,246,0.0002377300768503,0.0010353022898485,0.0091799855808795,0.0318545194210563,0.128720202471059
2,36,6,161,183,273,368,0.0003486209139449,0.0024174215555246,0.0147228851766012,0.0406098251391926,0.135197836739665
2,37,5,97,111,153,111,0.0005683259183418,0.0028732877607592,0.0188337625742939,0.0546736866893103,0.136899271221693
2,37,3,40,57,110,235,0.0003565951152755,0.0012180026939394,0.0087209863018355,0.0280319770905296,0.122964421059751
2,37,8,137,168,263,346,0.0004648278852599,0.0020570605783035,0.0135160913096667,0.0391222857568046,0.127115357369359
2,38,1,108,132,145,130,0.0001136651836683,0.003199124517134,0.0223969068451062,0.0518149318297386,0.16033247980919
2,38,2,47,75,139,233,0.0002377300768503,0.0014311531653788,0.0114749819760994,0.0354222255962146,0.121917915348604
2,38,3,155,207,284,363,0.0001743104569724,0.0023273313112193,0.0166537553636965,0.0422461184598194,0.13336090961005
2,39,4,100,99,130,116,0.0004546607346734,0.0029621523306796,0.0167976801338297,0.0464547664680415,0.143065905060508
2,39,5,51,78,142,258,0.0005943251921258,0.0015529534347728,0.0119339812551434,0.03618673406232,0.13499923673794
2,39,9,151,177,272,374,0.0005229313709173,0.0022672711483491,0.0142401676298274,0.0404610712009538,0.137402149295203
2,40,1,96,115,148,118,0.0001136651836683,0.0028436662374524,0.0195124567211153,0.052886964902078,0.145532558596034
2,40,2,42,68,124,272,0.0002377300768503,0.0012789028286364,0.0104039836583301,0.0315996832656879,0.142324776715967
2,40,3,138,183,272,390,0.0001743104569724,0.002072075619021,0.0147228851766012,0.0404610712009538,0.143280316109971
2,41,1,100,127,151,162,0.0001136651836683,0.0029621523306796,0.0215485391615795,0.0539589979744174,0.199798936377606
2,41,1,51,84,115,282,0.0001188650384251,0.0015529534347728,0.0128519798132313,0.0293061578673718,0.147557305271701
2,41,2,151,211,266,444,0.0001162069713149,0.0022672711483491,0.0169755670615457,0.039568547571521,0.163119129109813
2,42,2,110,126,151,135,0.0002273303673367,0.0032583675637476,0.0213788656248741,0.0539589979744174,0.166499113648005
2,42,3,55,73,105,234,0.0003565951152755,0.0016747537041667,0.0111689824567367,0.0267577963136873,0.122441168204178
2,42,5,165,199,256,369,0.0002905174282874,0.0024774817183947,0.0160101319679981,0.038081008189133,0.135565222165588
2,43,1,93,114,157,140,0.0001136651836683,0.002754801667532,0.0193427831844099,0.0561030641190962,0.17266574748682
2,43,1,54,56,123,286,0.0001188650384251,0.0016443036368182,0.0085679865421542,0.0313448471103194,0.149650316693995
2,43,2,147,170,280,426,0.0001162069713149,0.0022072109854789,0.0136769971585913,0.0416511027068642,0.156506191443199
2,44,1,110,117,162,150,0.0001136651836683,0.0032583675637476,0.019851803794526,0.0578897859063286,0.18499901516445
2,44,2,43,70,123,262,0.0002377300768503,0.0013093528959849,0.0107099831776928,0.0313448471103194,0.137092248160233
2,44,3,153,187,285,412,0.0001743104569724,0.0022973012297842,0.0150446968744504,0.0423948723980582,0.151362795480277
2,45,0,93,103,189,140,0.0,0.002754801667532,0.0174763742806511,0.0675380835573833,0.17266574748682
2,45,0,52,55,133,306,0.0,0.0015834035021213,0.0084149867824728,0.0338932086640039,0.160115373805463
2,45,0,145,158,322,446,0.0,0.0021771809040439,0.0127115620650437,0.0478987681128938,0.163853899961659
2,46,1,99,111,169,135,0.0001136651836683,0.0029325308073728,0.0188337625742939,0.0603911964084539,0.166499113648005
2,46,2,42,61,133,253,0.0002377300768503,0.0012789028286364,0.0093329853405608,0.0338932086640039,0.132382972460072
2,46,3,141,172,302,388,0.0001743104569724,0.0021171207411737,0.0138379030075159,0.0449236893481178,0.142545545258125
2,47,1,105,121,159,163,0.0001136651836683,0.0031102599472136,0.0205304979413474,0.0568177528339892,0.201032263145369
2,47,0,56,70,148,276,0.0,0.0017052037715152,0.0107099831776928,0.0377157509945307,0.144417788138261
2,47,1,161,191,307,439,5.81034856574886e-05,0.0024174215555246,0.0153665085722996,0.0456674590393118,0.161282201980198
2,48,3,113,113,151,135,0.0003409955510051,0.003347232133668,0.0191731096477046,0.0539589979744174,0.166499113648005
2,48,1,50,66,139,273,0.0001188650384251,0.0015225033674243,0.0100979841389675,0.0354222255962146,0.142848029571541
2,48,4,163,179,290,408,0.0002324139426299,0.0024474516369597,0.014401073478752,0.0431386420892522,0.149893253776585
2,49,4,86,116,151,150,0.0004546607346734,0.0025474510043845,0.0196821302578206,0.0539589979744174,0.18499901516445
2,49,3,51,79,136,258,0.0003565951152755,0.0015529534347728,0.0120869810148247,0.0346577171301093,0.13499923673794
2,49,7,137,195,287,408,0.0004067243996024,0.0020570605783035,0.0156883202701488,0.0426923802745358,0.149893253776585
2,50,1,101,112,160,135,0.0001136651836683,0.0029917738539864,0.0190034361109992,0.0571750971914356,0.166499113648005
2,50,1,48,76,141,294,0.0001188650384251,0.0014616032327273,0.0116279817357807,0.0359318979069515,0.153836339538582
2,50,2,149,188,301,429,0.0001162069713149,0.002237241066914,0.0151251497989127,0.044774935409879,0.157608347720968
2,51,2,125,121,188,168,0.0002273303673367,0.0037026904133495,0.0205304979413474,0.0671807391999369,0.207198896984184
2,51,0,41,76,145,302,0.0,0.0012484527612879,0.0116279817357807,0.0369512425284253,0.15802236238317
2,51,2,166,197,333,470,0.0001162069713149,0.0024924967591123,0.0158492261190734,0.0495350614335206,0.172671150183811
2,52,2,103,133,197,183,0.0002273303673367,0.0030510169006,0.0225665803818116,0.0703968384169551,0.225698798500629
2,52,1,56,67,188,391,0.0001188650384251,0.0017052037715152,0.0102509838986488,0.0479091972092687,0.204591866529203
2,52,3,159,200,385,574,0.0001743104569724,0.0023873914740895,0.0160905848924604,0.0572702662219383,0.210879234479803
3,1,6,113,130,193,184,0.0006839954760281,0.0033555176626337,0.021444864559225,0.0671715258925918,0.218018337099646
3,1,3,59,88,183,314,0.0003575223942737,0.0018053674841448,0.0131124285973799,0.0460098660591006,0.161720769405577
3,1,9,172,218,376,498,0.0005243816917653,0.0025920711149001,0.0170669206247831,0.0548853103731523,0.178777593743455
3,2,2,114,116,206,217,0.0002279984920093,0.0033852125092057,0.0191354176066931,0.0716960328179996,0.257119451905561
3,2,1,57,69,165,388,0.0001191741314245,0.0017441685863772,0.0102813360593093,0.0414843054631235,0.199833307418357
3,2,3,171,185,371,605,0.0001747938972551,0.0025770009339995,0.0144833959430499,0.0541554525224454,0.217189647017651
3,3,1,111,120,173,169,0.0001139992460046,0.0032961279694898,0.0197952595931308,0.0602107460073491,0.200245103096958
3,3,1,33,83,177,340,0.0001191741314245,0.0010097818131657,0.0123674042452561,0.0445013458604416,0.175111661139797
3,3,2,144,203,350,509,0.0001165292648367,0.0021701060496838,0.0158925912239953,0.0510900495494768,0.182726496416503
3,4,1,89,134,164,172,0.0001139992460046,0.0026428413449062,0.0221047065456627,0.0570783950589899,0.203799749897495
3,4,3,40,66,160,316,0.0003575223942737,0.0012239779553524,0.0098343214480349,0.0402272052975743,0.162750838000517
3,4,4,129,200,324,488,0.0002330585296734,0.0019440533361751,0.0156577253438377,0.0472947887258014,0.175187682222502
3,5,2,96,114,175,148,0.0002279984920093,0.0028507052709101,0.0188054966134742,0.0609068239958734,0.175362575493194
3,5,2,56,79,144,300,0.0002383482628491,0.0017135691374934,0.011771384763557,0.0362044847678169,0.154510289240998
3,5,4,152,193,319,448,0.0002330585296734,0.0022906674968884,0.0151097049568034,0.0465649308750946,0.16082803613869
3,6,3,102,118,154,168,0.000341997738014,0.003028874350342,0.0194653385999119,0.0535980051163686,0.199060220830112
3,6,1,51,60,143,306,0.0001191741314245,0.0015605718930743,0.0089402922254863,0.035953064734707,0.157600495025817
3,6,4,153,178,297,474,0.0002330585296734,0.002305737677789,0.0139353755560156,0.0433535563319846,0.170161806093168
3,7,1,118,139,149,158,0.0001139992460046,0.0035039918954937,0.0229295090287098,0.0518578101450579,0.187211398161653
3,7,3,50,85,158,261,0.0003575223942737,0.0015299724441905,0.0126654139861056,0.0397243652313546,0.134423951639668
3,7,4,168,224,307,419,0.0002330585296734,0.0025317903912978,0.0175366523850982,0.0448132720333983,0.150417292727927
3,8,3,100,139,183,155,0.000341997738014,0.002969484657198,0.0229295090287098,0.0636911359499705,0.183656751361115
3,8,0,56,73,137,278,0.0,0.0017135691374934,0.0108773555410084,0.034444544536048,0.143179534696658
3,8,3,156,212,320,433,0.0001747938972551,0.0023509482204908,0.016597188864468,0.046710902445236,0.155443168857261
3,9,0,97,122,144,151,0.0,0.0028804001174821,0.0201251805863496,0.0501176151737473,0.178917222293731
3,9,3,51,68,136,311,0.0003575223942737,0.0015605718930743,0.0101323311888845,0.0341931245029381,0.160175666513167
3,9,3,148,190,280,462,0.0001747938972551,0.0022303867732861,0.0148748390766458,0.0408720396395815,0.165853912268024
3,10,2,111,136,182,116,0.0002279984920093,0.0032961279694898,0.0224346275388815,0.0633430969557083,0.137446342954125
3,10,0,53,50,119,279,0.0,0.0016217707908419,0.0074502435212386,0.0299189839400709,0.143694568994128
3,10,2,164,186,301,395,0.0001165292648367,0.0024715096676954,0.0145616845697691,0.0439374426125501,0.14180150507764
3,11,0,92,99,164,132,0.0,0.0027319258846222,0.0163310891643329,0.0570783950589899,0.156404459223659
3,11,2,47,80,137,268,0.0002383482628491,0.0014381740975391,0.0119203896339818,0.034444544536048,0.138029191721958
3,11,2,139,179,301,400,0.0001165292648367,0.0020947551451809,0.0140136641827347,0.0439374426125501,0.143596460838116
3,12,2,110,115,180,143,0.0002279984920093,0.0032664331229178,0.0189704571100837,0.0626470189671841,0.169438164158964
3,12,0,52,47,136,280,0.0,0.0015911713419581,0.0070032289099642,0.0341931245029381,0.144209603291598
3,12,2,162,162,316,423,0.0001165292648367,0.0024413693058943,0.0126827575285085,0.0461270161646705,0.151853257336308
3,13,1,106,119,135,137,0.0001139992460046,0.0031476537366299,0.0196302990965213,0.0469852642253881,0.162328870557889
3,13,1,45,58,137,246,0.0001191741314245,0.0013769751997714,0.0086422824846367,0.034444544536048,0.126698437177618
3,13,2,151,177,272,383,0.0001165292648367,0.0022755973159879,0.0138570869292964,0.0397042670784506,0.137493611252496
3,14,2,103,119,172,152,0.0002279984920093,0.0030585691969139,0.0196302990965213,0.059862707013087,0.180102104560577
3,14,3,49,59,133,267,0.0003575223942737,0.0014993729953067,0.0087912873550615,0.0334388644036086,0.137514157424488
3,14,5,152,178,305,419,0.0002913231620918,0.0022906674968884,0.0139353755560156,0.0445213288931155,0.150417292727927
3,15,4,94,114,155,116,0.0004559969840187,0.0027913155777661,0.0188054966134742,0.0539460441106307,0.137446342954125
3,15,4,53,77,118,263,0.0004766965256983,0.0016217707908419,0.0114733750227074,0.029667563906961,0.135454020234608
3,15,8,147,191,273,379,0.0004661170593469,0.0022153165923855,0.014953127703365,0.0398502386485919,0.136057646644115
3,16,2,90,104,128,149,0.0002279984920093,0.0026725361914782,0.01715589164738,0.0445489912655531,0.17654745776004
3,16,0,48,73,165,296,0.0,0.0014687735464229,0.0108773555410084,0.0414843054631235,0.152450152051118
3,16,2,138,177,293,445,0.0001165292648367,0.0020796849642803,0.0138570869292964,0.0427696700514192,0.159751062682404
3,17,2,104,120,141,135,0.0002279984920093,0.0030882640434859,0.0197952595931308,0.0490734981909609,0.159959106024197
3,17,2,62,58,119,263,0.0002383482628491,0.0018971658307962,0.0086422824846367,0.0299189839400709,0.135454020234608
3,17,4,166,178,260,398,0.0002330585296734,0.0025016500294966,0.0139353755560156,0.0379526082367542,0.142878478533926
3,18,2,107,118,154,156,0.0002279984920093,0.0031773485832019,0.0194653385999119,0.0535980051163686,0.184841633627961
3,18,5,67,68,120,282,0.0005958706571228,0.0020501630752153,0.0101323311888845,0.0301704039731807,0.145239671886538
3,18,7,174,186,274,438,0.0004078524269285,0.0026222114767013,0.0145616845697691,0.0399962102187333,0.157238124617737
3,19,0,99,106,150,138,0.0,0.002939789810626,0.0174858126405988,0.0522058491393201,0.163513752824735
3,19,2,55,61,138,300,0.0002383482628491,0.0016829696886096,0.009089297095911,0.0346959645691578,0.154510289240998
3,19,2,154,167,288,438,0.0001165292648367,0.0023208078586896,0.0130742006621045,0.0420398122007124,0.157238124617737
3,20,1,95,117,160,133,0.0001139992460046,0.0028210104243381,0.0193003781033025,0.0556862390819414,0.157589341490505
3,20,3,50,70,133,237,0.0003575223942737,0.0015299724441905,0.010430340929734,0.0334388644036086,0.122063128500388
3,20,4,145,187,293,370,0.0002330585296734,0.0021851762305844,0.0146399731964883,0.0427696700514192,0.132826726275258
3,21,2,125,128,169,125,0.0002279984920093,0.0037118558214975,0.0211149435660061,0.0588185900303006,0.148110283355738
3,21,3,41,66,96,240,0.0003575223942737,0.0012545774042362,0.0098343214480349,0.0241363231785446,0.123608231392798
3,21,5,166,194,265,365,0.0002913231620918,0.0025016500294966,0.0151879935835226,0.038682466087461,0.131031770514781
3,22,2,95,126,150,128,0.0002279984920093,0.0028210104243381,0.0207850225727873,0.0522058491393201,0.151664930156276
3,22,3,44,68,125,239,0.0003575223942737,0.0013463757508876,0.0101323311888845,0.0314275041387299,0.123093197095328
3,22,5,139,194,275,367,0.0002913231620918,0.0020947551451809,0.0151879935835226,0.0401421817888747,0.131749752818972
3,23,0,117,119,152,140,0.0,0.0034742970489217,0.0196302990965213,0.0529019271278443,0.165883517358426
3,23,4,53,64,109,256,0.0004766965256983,0.0016217707908419,0.0095363117071854,0.0274047836089725,0.131848780152318
3,23,4,170,183,261,396,0.0002330585296734,0.0025619307530989,0.0143268186896115,0.0380985798068956,0.142160496229735
3,24,2,92,120,148,141,0.0002279984920093,0.0027319258846222,0.0197952595931308,0.0515097711507958,0.167068399625272
3,24,0,43,60,136,279,0.0,0.0013157763020038,0.0089402922254863,0.0341931245029381,0.143694568994128
3,24,2,135,180,284,420,0.0001165292648367,0.0020344744215785,0.0140919528094539,0.0414559259201469,0.150776283880022
3,25,1,123,135,144,121,0.0001139992460046,0.0036524661283536,0.0222696670422721,0.0501176151737473,0.143370754288354
3,25,2,49,71,134,213,0.0002383482628491,0.0014993729953067,0.0105793458001588,0.0336902844367185,0.109702305361108
3,25,3,172,206,278,334,0.0001747938972551,0.0025920711149001,0.0161274571041528,0.0405800964992987,0.119903044799827
3,26,2,90,117,132,133,0.0002279984920093,0.0026725361914782,0.0193003781033025,0.0459411472426017,0.157589341490505
3,26,2,54,79,131,253,0.0002383482628491,0.0016523702397257,0.011771384763557,0.0329360243373889,0.130303677259908
3,26,4,144,196,263,386,0.0002330585296734,0.0021701060496838,0.015344570836961,0.0383905229471783,0.138570584708782
3,27,0,100,131,164,108,0.0,0.002969484657198,0.0216098250558344,0.0570783950589899,0.127967284819358
3,27,2,44,61,113,206,0.0002383482628491,0.0013463757508876,0.009089297095911,0.0284104637414118,0.106097065278818
3,27,2,144,192,277,314,0.0001165292648367,0.0021701060496838,0.0150314163300842,0.0404341249291574,0.112723221757921
3,28,2,98,118,127,120,0.0002279984920093,0.002910094964054,0.0194653385999119,0.044200952271291,0.142185872021508
3,28,1,56,71,100,228,0.0001191741314245,0.0017135691374934,0.0105793458001588,0.0251420033109839,0.117427819823158
3,28,3,154,189,227,348,0.0001747938972551,0.0023208078586896,0.0147965504499266,0.0331355464220893,0.124928920929161
3,29,2,99,115,135,112,0.0002279984920093,0.002939789810626,0.0189704571100837,0.0469852642253881,0.132706813886741
3,29,1,43,75,117,226,0.0001191741314245,0.0013157763020038,0.0111753652818579,0.0294161438738512,0.116397751228218
3,29,3,142,190,252,338,0.0001747938972551,0.0021399656878826,0.0148748390766458,0.0367848356756233,0.121339009408208
3,30,1,104,118,137,124,0.0001139992460046,0.0030882640434859,0.0194653385999119,0.0476813422139123,0.146925401088892
3,30,0,52,74,119,215,0.0,0.0015911713419581,0.0110263604114331,0.0299189839400709,0.110732373956048
3,30,1,156,192,256,339,5.82646324183695e-05,0.0023509482204908,0.0150314163300842,0.0373687219561888,0.121698000560303
3,31,1,112,108,129,118,0.0001139992460046,0.0033258228160618,0.0178157336338177,0.0448970302598153,0.139816107487817
3,31,1,44,69,118,223,0.0001191741314245,0.0013463757508876,0.0102813360593093,0.029667563906961,0.114852648335808
3,31,2,156,177,247,341,0.0001165292648367,0.0023509482204908,0.0138570869292964,0.0360549778249165,0.122415982864494
3,32,0,129,143,125,95,0.0,0.0038306352077854,0.0235893510151475,0.0435048742827667,0.112563815350361
3,32,1,50,48,105,258,0.0001191741314245,0.0015299724441905,0.007152233780389,0.0263991034765331,0.132878848747258
3,32,1,179,191,230,353,5.82646324183695e-05,0.0026975623812042,0.014953127703365,0.0335734611325133,0.126723876689638
3,33,1,96,101,140,132,0.0001139992460046,0.0028507052709101,0.0166610101575517,0.0487254591966987,0.156404459223659
3,33,1,43,82,114,233,0.0001191741314245,0.0013157763020038,0.0122183993748313,0.0286618837745217,0.120002991310508
3,33,2,139,183,254,365,0.0001165292648367,0.0020947551451809,0.0143268186896115,0.037076778815906,0.131031770514781
3,34,2,109,112,138,105,0.0002279984920093,0.0032367382763458,0.0184755756202554,0.0480293812081745,0.12441263801882
3,34,1,49,58,112,220,0.0001191741314245,0.0014993729953067,0.0086422824846367,0.028159043708302,0.113307545443398
3,34,3,158,170,250,325,0.0001747938972551,0.0023810885822919,0.013309066542262,0.0364928925353406,0.116672124430969
3,35,2,98,112,132,140,0.0002279984920093,0.002910094964054,0.0184755756202554,0.0459411472426017,0.165883517358426
3,35,1,39,61,125,244,0.0001191741314245,0.0011933785064686,0.009089297095911,0.0314275041387299,0.125668368582678
3,35,3,137,173,257,384,0.0001747938972551,0.0020646147833797,0.0135439324224196,0.0375146935263301,0.137852602404592
3,36,1,103,136,144,128,0.0001139992460046,0.0030585691969139,0.0224346275388815,0.0501176151737473,0.151664930156276
3,36,1,53,78,137,220,0.0001191741314245,0.0016217707908419,0.0116223798931322,0.034444544536048,0.113307545443398
3,36,2,156,214,281,348,0.0001165292648367,0.0023509482204908,0.0167537661179063,0.0410180112097228,0.124928920929161
3,37,2,100,128,162,143,0.0002279984920093,0.002969484657198,0.0211149435660061,0.0563823170704657,0.169438164158964
3,37,1,60,77,126,241,0.0001191741314245,0.0018359669330286,0.0114733750227074,0.0316789241718397,0.124123265690268
3,37,3,160,205,288,384,0.0001747938972551,0.0024112289440931,0.0160491684774336,0.0420398122007124,0.137852602404592
3,38,2,103,126,133,130,0.0002279984920093,0.0030585691969139,0.0207850225727873,0.0462891862368638,0.154034694689967
3,38,1,45,52,125,223,0.0001191741314245,0.0013769751997714,0.0077482532620881,0.0314275041387299,0.114852648335808
3,38,3,148,178,258,353,0.0001747938972551,0.0022303867732861,0.0139353755560156,0.0376606650964715,0.126723876689638
3,39,0,92,124,147,134,0.0,0.0027319258846222,0.0204551015795685,0.0511617321565337,0.158774223757351
3,39,0,33,87,138,219,0.0,0.0010097818131657,0.0129634237269552,0.0346959645691578,0.112792511145928
3,39,0,125,211,285,353,0.0,0.0018837726125727,0.0165189002377488,0.0416018974902883,0.126723876689638
3,40,0,114,113,160,153,0.0,0.0033852125092057,0.0186405361168648,0.0556862390819414,0.181286986827423
3,40,0,46,68,125,251,0.0,0.0014075746486553,0.0101323311888845,0.0314275041387299,0.129273608664968
3,40,0,160,181,285,404,0.0,0.0024112289440931,0.0141702414361731,0.0416018974902883,0.145032425446497
3,41,4,104,105,136,128,0.0004559969840187,0.0030882640434859,0.0173208521439894,0.0473333032196502,0.151664930156276
3,41,1,43,75,131,237,0.0001191741314245,0.0013157763020038,0.0111753652818579,0.0329360243373889,0.122063128500388
3,41,5,147,180,267,365,0.0002913231620918,0.0022153165923855,0.0140919528094539,0.0389744092277438,0.131031770514781
3,42,3,100,124,157,145,0.000341997738014,0.002969484657198,0.0204551015795685,0.054642122099155,0.171807928692656
3,42,3,50,59,124,259,0.0003575223942737,0.0015299724441905,0.0087912873550615,0.0311760841056201,0.133393883044728
3,42,6,150,183,281,404,0.0003495877945102,0.0022605271350873,0.0143268186896115,0.0410180112097228,0.145032425446497
3,43,4,113,117,162,151,0.0004559969840187,0.0033555176626337,0.0193003781033025,0.0563823170704657,0.178917222293731
3,43,0,50,53,127,247,0.0,0.0015299724441905,0.0078972581325129,0.0319303442049496,0.127213471475088
3,43,4,163,170,289,398,0.0002330585296734,0.0024564394867948,0.013309066542262,0.0421857837708537,0.142878478533926
3,44,8,106,125,145,123,0.0009119939680375,0.0031476537366299,0.0206200620761779,0.0504656541680094,0.145740518822046
3,44,3,43,84,127,270,0.0003575223942737,0.0013157763020038,0.0125164091156808,0.0319303442049496,0.139059260316898
3,44,11,149,209,272,393,0.000640910956602,0.0022454569541867,0.0163623229843104,0.0397042670784506,0.141083522773449
3,45,2,84,130,139,121,0.0002279984920093,0.0024943671120463,0.021444864559225,0.0483774202024366,0.143370754288354
3,45,2,50,69,123,257,0.0002383482628491,0.0015299724441905,0.0102813360593093,0.0309246640725102,0.132363814449788
3,45,4,134,199,262,378,0.0002330585296734,0.002019404240678,0.0155794367171185,0.0382445513770369,0.13569865549202
3,46,1,94,118,141,128,0.0001139992460046,0.0027913155777661,0.0194653385999119,0.0490734981909609,0.151664930156276
3,46,2,47,68,128,239,0.0002383482628491,0.0014381740975391,0.0101323311888845,0.0321817642380594,0.123093197095328
3,46,3,141,186,269,367,0.0001747938972551,0.002124895506982,0.0145616845697691,0.0392663523680265,0.131749752818972
3,47,2,101,118,136,130,0.0002279984920093,0.00299917950377,0.0194653385999119,0.0473333032196502,0.154034694689967
3,47,1,44,71,135,260,0.0001191741314245,0.0013463757508876,0.0105793458001588,0.0339417044698283,0.133908917342198
3,47,3,145,189,271,390,0.0001747938972551,0.0021851762305844,0.0147965504499266,0.0395582955083092,0.140006549317163
3,48,1,95,123,135,115,0.0001139992460046,0.0028210104243381,0.020290141082959,0.0469852642253881,0.136261460687279
3,48,1,56,68,138,256,0.0001191741314245,0.0017135691374934,0.0101323311888845,0.0346959645691578,0.131848780152318
3,48,2,151,191,273,371,0.0001165292648367,0.0022755973159879,0.014953127703365,0.0398502386485919,0.133185717427353
3,49,1,92,119,135,144,0.0001139992460046,0.0027319258846222,0.0196302990965213,0.0469852642253881,0.17062304642581
3,49,3,61,62,133,264,0.0003575223942737,0.0018665663819124,0.0092383019663358,0.0334388644036086,0.135969054532078
3,49,4,153,181,268,408,0.0002330585296734,0.002305737677789,0.0141702414361731,0.0391203807978851,0.146468390054879
3,50,5,109,105,139,150,0.0005699962300234,0.0032367382763458,0.0173208521439894,0.0483774202024366,0.177732340026886
3,50,2,52,69,131,294,0.0002383482628491,0.0015911713419581,0.0102813360593093,0.0329360243373889,0.151420083456178
3,50,7,161,174,270,444,0.0004078524269285,0.0024262991249937,0.0136222210491388,0.0394123239381678,0.159392071530309
3,51,0,108,131,172,158,0.0,0.0032070434297738,0.0216098250558344,0.059862707013087,0.187211398161653
3,51,2,46,77,135,283,0.0002383482628491,0.0014075746486553,0.0114733750227074,0.0339417044698283,0.145754706184008
3,51,2,154,208,307,441,0.0001165292648367,0.0023208078586896,0.0162840343575912,0.0448132720333983,0.158315098074023
3,52,2,96,125,162,146,0.0002279984920093,0.0028507052709101,0.0206200620761779,0.0563823170704657,0.172992810959502
3,52,2,48,84,132,306,0.0002383482628491,0.0014687735464229,0.0125164091156808,0.0331874443704988,0.157600495025817
3,52,4,144,209,294,452,0.0002330585296734,0.0021701060496838,0.0163623229843104,0.0429156416215605,0.162264000747071
4,1,1,98,122,171,145,0.0001147257258526,0.0029196276790301,0.0194874326051505,0.0585534703647994,0.166549950263885
4,1,3,48,73,139,272,0.0003600262240791,0.0014761830725014,0.0105341188136286,0.034739454706084,0.138950100767048
4,1,4,146,195,310,417,0.000234615565829,0.0022093690129757,0.0147835820284469,0.0447871912345354,0.147446369435353
4,2,0,103,119,171,163,0.0,0.003068588274899,0.0190082334427288,0.0585534703647994,0.187225116503539
4,2,0,42,73,136,284,0.0,0.0012916601884388,0.0105341188136286,0.0339896823023555,0.145080252271476
4,2,0,145,192,307,447,0.0,0.0021942363485033,0.0145561423049323,0.0443537668032334,0.158054021912717
4,3,3,100,125,168,127,0.0003441771775579,0.0029792119173777,0.0199666317675722,0.0575262164987503,0.14587478402423
4,3,3,57,58,140,302,0.0003600262240791,0.0017529673985955,0.008369573851924,0.0349893788406601,0.154275479528119
4,3,6,157,183,308,429,0.0003519233487436,0.0023758283221725,0.0138738231343886,0.0444982416136674,0.151689430426299
4,4,1,99,118,166,182,0.0001147257258526,0.0029494197982039,0.0188485003885882,0.0568413805880509,0.209048903089842
4,4,3,46,83,112,321,0.0003600262240791,0.0014146754444805,0.0119771487880982,0.0279915030725281,0.163981552743464
4,4,4,145,201,278,503,0.000234615565829,0.0021942363485033,0.015238461475476,0.0401639973006478,0.177854973203796
4,5,0,110,135,160,163,0.0,0.0032771331091155,0.021563962308978,0.0547868728559526,0.187225116503539
4,5,3,54,72,152,337,0.0003600262240791,0.0016607059565641,0.0103898158161816,0.0379884684555738,0.172155088082702
4,5,3,164,207,312,500,0.0001759616743718,0.0024817569734795,0.0156933409225052,0.0450761408554033,0.176794207956059
4,6,0,99,120,164,149,0.0,0.0029494197982039,0.0191679664968693,0.0561565446773515,0.171144431650475
4,6,1,67,71,150,289,0.0001200087413597,0.0020605055386999,0.0102455128187346,0.0374886201864215,0.147634482064988
4,6,1,166,191,314,438,5.8653891457274e-05,0.0025120223024244,0.0144803290637608,0.0453650904762713,0.154871726169508
4,7,2,107,134,149,155,0.0002294514517052,0.0031877567515941,0.0214042292548374,0.0510202753471059,0.17803615373036
4,7,1,64,79,144,308,0.0001200087413597,0.0019682440966686,0.0113999367983103,0.0359890753789647,0.157340555280333
4,7,3,171,213,293,463,0.0001759616743718,0.0025876856247866,0.0161482203695343,0.0423311194571576,0.163711436567311
4,8,3,103,140,190,154,0.0003441771775579,0.003068588274899,0.0223626275796809,0.0650594115164438,0.176887533383712
4,8,2,45,69,142,325,0.0002400174827194,0.0013839216304701,0.0099569068238406,0.0354892271098124,0.166024936578274
4,8,5,148,209,332,479,0.0002932694572863,0.0022396343419206,0.0158449674048482,0.047965637064083,0.169368851221905
4,9,3,122,147,175,209,0.0003441771775579,0.0036346385392008,0.0234807589586649,0.0599231421861982,0.240061652449324
4,9,0,51,75,159,306,0.0,0.0015684445145328,0.0108227248085225,0.0397379373976068,0.156318863362929
4,9,3,173,222,334,515,0.0001759616743718,0.0026179509537315,0.016830539540078,0.048254586684951,0.182098034194741
4,10,2,109,127,186,166,0.0002294514517052,0.0032473409899417,0.0202860978758534,0.063689739695045,0.190670977543482
4,10,0,53,73,161,346,0.0,0.0016299521425537,0.0105341188136286,0.0402377856667591,0.176752701711024
4,10,2,162,200,347,512,0.0001173077829145,0.0024514916445347,0.0151626482343045,0.0501327592205928,0.181037268947005
4,11,0,112,140,177,176,0.0,0.003336717347463,0.0223626275796809,0.0606079780968976,0.202157181009957
4,11,1,69,78,164,334,0.0001200087413597,0.0021220131667208,0.0112556338008634,0.0409875580704875,0.170622550206595
4,11,1,181,218,341,510,5.8653891457274e-05,0.002739012269511,0.0165272865753919,0.0492659103579889,0.18033009211518
4,12,2,114,135,198,158,0.0002294514517052,0.0033963015858106,0.021563962308978,0.0677987551592414,0.181482014770302
4,12,1,47,78,135,348,0.0001200087413597,0.001445429258491,0.0112556338008634,0.0337397581677794,0.177774393628429
4,12,3,161,213,333,506,0.0001759616743718,0.0024363589800622,0.0161482203695343,0.048110111874517,0.178915738451532
4,13,0,87,130,155,171,0.0,0.0025919143681186,0.0207652970382751,0.0530747830792041,0.196414079276719
4,13,1,59,63,144,344,0.0001200087413597,0.0018144750266164,0.0090910888391588,0.0359890753789647,0.175731009793619
4,13,1,146,193,299,515,5.8653891457274e-05,0.0022093690129757,0.0146319555461038,0.0431979683197615,0.182098034194741
4,14,0,123,130,198,180,0.0,0.0036644306583746,0.0207652970382751,0.0677987551592414,0.206751662396547
4,14,1,51,75,157,328,0.0001200087413597,0.0015684445145328,0.0108227248085225,0.0392380891284545,0.167557474454381
4,14,1,174,205,355,508,5.8653891457274e-05,0.0026330836182039,0.0155417144401621,0.0512885577040647,0.179622915283356
4,15,2,111,102,155,155,0.0002294514517052,0.0033069252282892,0.0162927715223389,0.0530747830792041,0.17803615373036
4,15,0,53,69,146,303,0.0,0.0016299521425537,0.0099569068238406,0.036488923648117,0.154786325486821
4,15,2,164,171,301,458,0.0001173077829145,0.0024817569734795,0.0129640642403303,0.0434869179406295,0.16194349448775
4,16,4,99,120,164,145,0.0004589029034105,0.0029494197982039,0.0191679664968693,0.0561565446773515,0.166549950263885
4,16,3,49,72,131,323,0.0003600262240791,0.0015069368865119,0.0103898158161816,0.0327400616294748,0.165003244660869
4,16,7,148,192,295,468,0.0004105772402009,0.0022396343419206,0.0145561423049323,0.0426200690780256,0.165479378646871
4,17,3,111,149,137,158,0.0003441771775579,0.0033069252282892,0.0238002250669461,0.0469112598829095,0.181482014770302
4,17,2,38,62,120,247,0.0002400174827194,0.001168644932397,0.0089467858417119,0.0299908961491372,0.126178951799488
4,17,5,149,211,257,405,0.0002932694572863,0.002254767006393,0.0159965938871912,0.0371300262815342,0.143203308444408
4,18,2,113,115,180,121,0.0002294514517052,0.0033665094666368,0.0183693012261664,0.0616352319629467,0.138983061944345
4,18,1,38,59,133,261,0.0001200087413597,0.001168644932397,0.008513876849371,0.0332399098986271,0.133330795221321
4,18,3,151,174,313,382,0.0001759616743718,0.0022850323353379,0.0131915039638449,0.0452206156658373,0.135070774878429
4,19,1,98,123,157,119,0.0001147257258526,0.0029196276790301,0.0196471656592911,0.0537596189899035,0.13668582125105
4,19,0,41,57,120,264,0.0,0.0012609063744283,0.008225270854477,0.0299908961491372,0.134863333097429
4,19,1,139,180,277,383,5.8653891457274e-05,0.0021034403616686,0.0136463834108741,0.0400195224902139,0.135424363294341
4,20,2,110,98,147,128,0.0002294514517052,0.0032771331091155,0.0156538393057766,0.0503354394364065,0.147023404370878
4,20,2,38,73,120,255,0.0002400174827194,0.001168644932397,0.0105341188136286,0.0299908961491372,0.130265719469107
4,20,4,148,171,267,383,0.000234615565829,0.0022396343419206,0.0129640642403303,0.038574774385874,0.135424363294341
4,21,2,98,97,137,115,0.0002294514517052,0.0029196276790301,0.015494106251636,0.0469112598829095,0.13209133986446
4,21,0,29,63,134,234,0.0,0.0008918606063029,0.0090910888391588,0.0334898340332032,0.119537954336357
4,21,2,127,160,271,349,0.0001173077829145,0.0019218483879994,0.0121301185874436,0.0391526736276099,0.123402357153329
4,22,1,83,106,148,99,0.0001147257258526,0.0024727458914235,0.0169317037389012,0.0506778573917562,0.113713414318101
4,22,2,47,79,120,241,0.0002400174827194,0.001445429258491,0.0113999367983103,0.0299908961491372,0.123113876047274
4,22,3,130,185,268,340,0.0001759616743718,0.0019672463814167,0.0140254496167317,0.038719249196308,0.12022006141012
4,23,4,98,120,149,117,0.0004589029034105,0.0029196276790301,0.0191679664968693,0.0510202753471059,0.134388580557755
4,23,4,41,83,108,220,0.0004800349654388,0.0012609063744283,0.0119771487880982,0.0269918065342235,0.112386110914524
4,23,8,139,203,257,337,0.0004692311316581,0.0021034403616686,0.0153900879578191,0.0371300262815342,0.119159296162384
4,24,2,93,108,142,127,0.0002294514517052,0.0027706670831613,0.0172511698471824,0.048623349659658,0.14587478402423
4,24,3,46,68,119,213,0.0003600262240791,0.0014146754444805,0.0098126038263937,0.0297409720145611,0.108810189203607
4,24,5,139,176,261,340,0.0002932694572863,0.0021034403616686,0.013343130446188,0.0377079255232701,0.12022006141012
4,25,1,94,127,122,130,0.0001147257258526,0.002800459202335,0.0202860978758534,0.0417749905526639,0.149320645064173
4,25,1,40,69,121,249,0.0001200087413597,0.0012301525604179,0.0099569068238406,0.0302408202837134,0.127200643716893
4,25,2,134,196,243,379,0.0001173077829145,0.0020277770393065,0.0148593952696184,0.0351073789354584,0.134010009630693
4,26,2,109,111,120,127,0.0002294514517052,0.0032473409899417,0.0177303690096041,0.0410901546419645,0.14587478402423
4,26,2,49,62,128,236,0.0002400174827194,0.0015069368865119,0.0089467858417119,0.0319902892257464,0.120559646253762
4,26,4,158,173,248,363,0.000234615565829,0.0023909609866449,0.0131156907226734,0.0358297529876283,0.128352594976099
4,27,4,107,121,134,149,0.0004589029034105,0.0031877567515941,0.0193276995510099,0.0458840060168603,0.171144431650475
4,27,0,48,66,108,224,0.0,0.0014761830725014,0.0095239978314997,0.0269918065342235,0.114429494749333
4,27,4,155,187,242,373,0.000234615565829,0.0023455629932276,0.0141770760990747,0.0349629041250244,0.13188847913522
4,28,2,83,124,143,143,0.0002294514517052,0.0024727458914235,0.0198068987134316,0.0489657676150077,0.16425270957059
4,28,0,50,76,116,249,0.0,0.0015376907005223,0.0109670278059694,0.0289911996108327,0.127200643716893
4,28,2,133,200,259,392,0.0001173077829145,0.002012644374834,0.0151626482343045,0.0374189759024021,0.13860665903755
4,29,2,108,136,122,131,0.0002294514517052,0.0032175488707679,0.0217236953631186,0.0417749905526639,0.15046926541082
4,29,0,67,96,124,274,0.0,0.0020605055386999,0.0138530877549088,0.0309905926874418,0.139971792684452
4,29,2,175,232,246,405,0.0001173077829145,0.0026482162826764,0.0175886719517932,0.0355408033667603,0.143203308444408
4,30,1,106,136,161,131,0.0001147257258526,0.0031579646324204,0.0217236953631186,0.0551292908113024,0.15046926541082
4,30,1,54,62,122,273,0.0001200087413597,0.0016607059565641,0.0089467858417119,0.0304907444182895,0.13946094672575
4,30,2,160,198,283,404,0.0001173077829145,0.0024212263155898,0.0150110217519615,0.0408863713528178,0.142849720028496
4,31,1,123,145,149,126,0.0001147257258526,0.0036644306583746,0.0231612928503838,0.0510202753471059,0.144726163677583
4,31,2,46,79,120,272,0.0002400174827194,0.0014146754444805,0.0113999367983103,0.0299908961491372,0.138950100767048
4,31,3,169,224,269,398,0.0001759616743718,0.0025574202958417,0.016982166022421,0.038863724006742,0.140728189533023
4,32,1,109,102,140,119,0.0001147257258526,0.0032473409899417,0.0162927715223389,0.0479385137489586,0.13668582125105
4,32,1,47,69,101,230,0.0001200087413597,0.001445429258491,0.0099569068238406,0.0252423375921905,0.117494570501548
4,32,2,156,171,241,349,0.0001173077829145,0.0023606956577001,0.0129640642403303,0.0348184293145904,0.123402357153329
4,33,3,98,121,142,129,0.0003441771775579,0.0029196276790301,0.0193276995510099,0.048623349659658,0.148172024717525
4,33,2,60,65,113,251,0.0002400174827194,0.0018452288406268,0.0093796948340528,0.0282414272071042,0.128222335634298
4,33,5,158,186,255,380,0.0002932694572863,0.0023909609866449,0.0141012628579032,0.0368410766606662,0.134363598046605
4,34,4,99,124,125,128,0.0004589029034105,0.0029494197982039,0.0198068987134316,0.042802244418713,0.147023404370878
4,34,1,59,68,116,219,0.0001200087413597,0.0018144750266164,0.0098126038263937,0.0289911996108327,0.111875264955821
4,34,5,158,192,241,347,0.0002932694572863,0.0023909609866449,0.0145561423049323,0.0348184293145904,0.122695180321505
4,35,0,86,80,155,117,0.0,0.0025621222489448,0.0127786443312462,0.0530747830792041,0.134388580557755
4,35,4,54,60,123,268,0.0004800349654388,0.0016607059565641,0.0086581798468179,0.0307406685528657,0.136906716932238
4,35,4,140,140,278,385,0.000234615565829,0.0021185730261411,0.0106138537640132,0.0401639973006478,0.136131540126166
4,36,1,109,108,147,120,0.0001147257258526,0.0032473409899417,0.0172511698471824,0.0503354394364065,0.137834441597698
4,36,0,40,51,136,229,0.0,0.0012301525604179,0.0073594528697952,0.0339896823023555,0.116983724542845
4,36,1,149,159,283,349,5.8653891457274e-05,0.002254767006393,0.0120543053462721,0.0408863713528178,0.123402357153329
4,37,1,86,121,139,113,0.0001147257258526,0.0025621222489448,0.0193276995510099,0.0475960957936089,0.129794099171165
4,37,4,54,64,106,219,0.0004800349654388,0.0016607059565641,0.0092353918366058,0.0264919582650712,0.111875264955821
4,37,5,140,185,245,332,0.0002932694572863,0.0021185730261411,0.0140254496167317,0.0353963285563263,0.117391354082823
4,38,1,83,135,161,133,0.0001147257258526,0.0024727458914235,0.021563962308978,0.0551292908113024,0.152766506104115
4,38,1,58,77,105,243,0.0001200087413597,0.0017837212126059,0.0111113308034164,0.0262420341304951,0.124135567964679
4,38,2,141,212,266,376,0.0001173077829145,0.0021337056906135,0.0160724071283628,0.03843029957544,0.132949244382957
4,39,3,81,126,144,152,0.0003441771775579,0.0024131616530759,0.0201263648217128,0.0493081855703574,0.174590292690417
4,39,1,58,77,146,224,0.0001200087413597,0.0017837212126059,0.0111113308034164,0.036488923648117,0.114429494749333
4,39,4,139,203,290,376,0.000234615565829,0.0021034403616686,0.0153900879578191,0.0418976950258557,0.132949244382957
4,40,1,98,148,158,135,0.0001147257258526,0.0029196276790301,0.0236404920128055,0.0541020369452532,0.15506374679741
4,40,2,58,77,113,269,0.0002400174827194,0.0017837212126059,0.0111113308034164,0.0282414272071042,0.13741756289094
4,40,3,156,225,271,404,0.0001759616743718,0.0023606956577001,0.0170579792635926,0.0391526736276099,0.142849720028496
4,41,2,118,115,148,144,0.0002294514517052,0.0035154700625057,0.0183693012261664,0.0506778573917562,0.165401329917237
4,41,4,37,60,120,256,0.0004800349654388,0.0011378911183865,0.0086581798468179,0.0299908961491372,0.130776565427809
4,41,6,155,175,268,400,0.0003519233487436,0.0023455629932276,0.0132673172050164,0.038719249196308,0.141435366364847
4,42,1,89,118,144,132,0.0001147257258526,0.0026514986064661,0.0188485003885882,0.0493081855703574,0.151617885757468
4,42,1,50,66,122,259,0.0001200087413597,0.0015376907005223,0.0095239978314997,0.0304907444182895,0.132309103303917
4,42,2,139,184,266,391,0.0001173077829145,0.0021034403616686,0.0139496363755601,0.03843029957544,0.138253070621638
4,43,1,101,116,134,131,0.0001147257258526,0.0030090040365515,0.018529034280307,0.0458840060168603,0.15046926541082
4,43,1,38,74,133,270,0.0001200087413597,0.001168644932397,0.0106784218110755,0.0332399098986271,0.137928408849643
4,43,2,139,190,267,401,0.0001173077829145,0.0021034403616686,0.0144045158225893,0.038574774385874,0.141788954780759
4,44,6,97,127,154,133,0.0006883543551158,0.0028898355598564,0.0202860978758534,0.0527323651238544,0.152766506104115
4,44,3,40,67,132,262,0.0003600262240791,0.0012301525604179,0.0096683008289467,0.032989985764051,0.133841641180024
4,44,9,137,194,286,395,0.0005278850231154,0.0020731750327238,0.0147077687872754,0.0413197957841197,0.139667424285287
4,45,3,96,129,142,130,0.0003441771775579,0.0028600434406826,0.0206055639841345,0.048623349659658,0.149320645064173
4,45,1,50,71,130,279,0.0001200087413597,0.0015376907005223,0.0102455128187346,0.0324901374948987,0.142526022477964
4,45,4,146,200,272,409,0.000234615565829,0.0022093690129757,0.0151626482343045,0.0392971484380439,0.144617662108056
4,46,0,98,110,141,122,0.0,0.0029196276790301,0.0175706359554636,0.0482809317043083,0.140131682290993
4,46,1,51,70,124,266,0.0001200087413597,0.0015684445145328,0.0101012098212877,0.0309905926874418,0.135885025014833
4,46,1,149,180,265,388,5.8653891457274e-05,0.002254767006393,0.0136463834108741,0.038285824765006,0.137192305373902
4,47,1,94,123,154,132,0.0001147257258526,0.002800459202335,0.0196471656592911,0.0527323651238544,0.151617885757468
4,47,3,37,65,135,251,0.0003600262240791,0.0011378911183865,0.0093796948340528,0.0337397581677794,0.128222335634298
4,47,4,131,188,289,383,0.000234615565829,0.0019823790458891,0.0142528893402462,0.0417532202154217,0.135424363294341
4,48,3,81,141,155,162,0.0003441771775579,0.0024131616530759,0.0225223606338215,0.0530747830792041,0.186076496156892
4,48,2,50,54,117,273,0.0002400174827194,0.0015376907005223,0.0077923618621361,0.0292411237454088,0.13946094672575
4,48,5,131,195,272,435,0.0002932694572863,0.0019823790458891,0.0147835820284469,0.0392971484380439,0.153810960921772
4,49,0,98,120,153,153,0.0,0.0029196276790301,0.0191679664968693,0.0523899471685047,0.175738913037065
4,49,1,41,70,144,283,0.0001200087413597,0.0012609063744283,0.0101012098212877,0.0359890753789647,0.144569406312774
4,49,1,139,190,297,436,5.8653891457274e-05,0.0021034403616686,0.0144045158225893,0.0429090186988936,0.154164549337684
4,50,2,104,143,150,131,0.0002294514517052,0.0030983803940728,0.0228418267421026,0.0513626933024556,0.15046926541082
4,50,1,43,63,127,301,0.0001200087413597,0.0013224140024492,0.0090910888391588,0.0317403650911702,0.153764633569417
4,50,3,147,206,277,432,0.0001759616743718,0.0022245016774481,0.0156175276813336,0.0400195224902139,0.152750195674035
4,51,1,96,114,135,165,0.0001147257258526,0.0028600434406826,0.0182095681720259,0.0462264239722101,0.189522357196834
4,51,1,55,69,132,269,0.0001200087413597,0.0016914597705746,0.0099569068238406,0.032989985764051,0.13741756289094
4,51,2,151,183,267,434,0.0001173077829145,0.0022850323353379,0.0138738231343886,0.038574774385874,0.153457372505859
4,52,2,110,133,178,152,0.0002294514517052,0.0032771331091155,0.0212444962006968,0.0609503960522473,0.174590292690417
4,52,1,47,91,140,339,0.0001200087413597,0.001445429258491,0.0131315727676739,0.0349893788406601,0.173176780000107
4,52,3,157,224,318,491,0.0001759616743718,0.0023758283221725,0.016982166022421,0.0459429897180072,0.17361191221285
5,1,2,130,141,187,161,0.0002320660336614,0.0038806206650702,0.0220793888333997,0.062013489872043,0.178963500474617
5,1,0,53,74,151,314,0.0,0.0016363546365639,0.0104532834641239,0.0369639223567711,0.15892091453494
5,1,2,183,215,338,475,0.0001186617365807,0.0027774041325369,0.0159671309010121,0.0476020318673467,0.16519151741449
5,2,1,112,127,184,142,0.0001160330168307,0.003343303957599,0.0198871090910763,0.0610186210505663,0.157843584269538
5,2,1,49,65,138,306,0.0001214123241558,0.001512856173427,0.0091819381779466,0.0337815979154597,0.154871974037235
5,2,2,161,192,322,448,0.0001186617365807,0.0024435085537619,0.0142590192232294,0.0453486812464072,0.155801683793035
5,3,0,104,175,163,154,0.0,0.0031044965320562,0.0274034967790421,0.05405453930023,0.171182478714851
5,3,0,53,80,150,292,0.0,0.0016363546365639,0.0113008469882421,0.0367191281689779,0.14778632816625
5,3,0,157,255,313,446,0.0,0.002382800266712,0.0189377599058515,0.0440811715221288,0.155106140561816
5,4,1,101,134,188,141,0.0001160330168307,0.0030149437474776,0.020983248962238,0.0623451128125352,0.156732009732429
5,4,2,39,78,141,309,0.0002428246483117,0.0012041100155848,0.011018325813536,0.0345159804788392,0.156390326723874
5,4,3,140,212,329,450,0.000177992604871,0.0021247900467495,0.0157443337256491,0.0463345221430683,0.156497227024254
5,5,1,100,145,156,162,0.0001160330168307,0.0029850928192848,0.0227057544740635,0.0517331787167845,0.180075075011727
5,5,0,47,73,134,323,0.0,0.0014511069418586,0.0103120228767709,0.0328024211642869,0.163475972594859
5,5,1,147,218,290,485,5.93308682903553e-05,0.002231029549087,0.016189928076375,0.0408419800045283,0.168669233570585
5,6,2,99,130,162,171,0.0002320660336614,0.0029552418910919,0.0203568833215742,0.0537229163597378,0.190079245845712
5,6,2,42,74,166,322,0.0002428246483117,0.0012967338629375,0.0104532834641239,0.0406358351736689,0.162969855032646
5,6,4,141,204,328,493,0.0002373234731614,0.002139967118512,0.0151502079246812,0.0461936877292595,0.171451406495461
5,7,3,104,127,152,174,0.0003480990504921,0.0031044965320562,0.0198871090910763,0.0504066869548157,0.19341396945704
5,7,1,51,74,124,279,0.0001214123241558,0.0015746054049955,0.0104532834641239,0.0303544792863551,0.141206799857479
5,7,4,155,201,276,453,0.0002373234731614,0.002352446123187,0.0149274107493183,0.0388702982112062,0.157540541871082
5,8,1,94,127,151,147,0.0001160330168307,0.0028059872501277,0.0198871090910763,0.0500750640143235,0.163401456955085
5,8,2,41,78,147,270,0.0002428246483117,0.0012658592471532,0.011018325813536,0.0359847456055983,0.13665174179756
5,8,3,135,205,298,417,0.000177992604871,0.002048904687937,0.0152244736498022,0.041968655314998,0.145020763709142
5,9,0,86,123,131,174,0.0,0.0025671798245849,0.0192607434504125,0.0434426052044793,0.19341396945704
5,9,1,47,70,152,286,0.0001214123241558,0.0014511069418586,0.0098882411147117,0.0372087165445643,0.144749622792971
5,9,1,133,193,283,460,5.93308682903553e-05,0.002018550544412,0.0143332849483504,0.0398561391078672,0.159974943180349
5,10,3,103,136,151,146,0.0003480990504921,0.0030746456038633,0.0212964317825699,0.0500750640143235,0.162289882417976
5,10,1,53,75,134,283,0.0001214123241558,0.0016363546365639,0.0105945440514769,0.0328024211642869,0.143231270106332
5,10,4,156,211,285,429,0.0002373234731614,0.0023676231949495,0.0156700680005281,0.0401378079354847,0.149194023096456
5,11,2,98,147,159,142,0.0002320660336614,0.0029253909628991,0.0230189372943954,0.0527280475382611,0.157843584269538
5,11,1,50,72,161,322,0.0001214123241558,0.0015437307892113,0.0101707622894178,0.0394118642347029,0.162969855032646
5,11,3,148,219,320,464,0.000177992604871,0.0022462066208495,0.016264193801496,0.0450670124187898,0.161366029642786
5,12,1,82,133,155,151,0.0001160330168307,0.0024477761118135,0.020826657552072,0.0514015557762923,0.167847755103523
5,12,1,39,75,132,278,0.0001214123241558,0.0012041100155848,0.0105945440514769,0.0323128327887005,0.140700682295266
5,12,2,121,208,287,429,0.0001186617365807,0.0018364256832621,0.0154472708251652,0.0404194767631021,0.149194023096456
5,13,1,98,126,152,150,0.0001160330168307,0.0029253909628991,0.0197305176809103,0.0504066869548157,0.166736180566414
5,13,2,54,79,152,258,0.0002428246483117,0.0016672292523482,0.011159586400889,0.0372087165445643,0.130578331051002
5,13,3,152,205,304,408,0.000177992604871,0.0023069149078995,0.0152244736498022,0.0428136617978503,0.141890819168657
5,14,0,86,107,149,136,0.0,0.0025671798245849,0.0167552808877572,0.049411818133339,0.151174137046882
5,14,0,48,82,148,277,0.0,0.0014819815576428,0.0115833681629481,0.0362295397933915,0.140194564733053
5,14,0,134,189,297,413,0.0,0.0020337276161745,0.0140362220478664,0.0418278209011893,0.143629677246704
5,15,3,95,120,158,157,0.0003480990504921,0.0028358381783206,0.0187909692199146,0.0523964245977689,0.17451720232618
5,15,5,45,73,133,269,0.0006070616207793,0.0013893577102901,0.0103120228767709,0.0325576269764937,0.136145624235347
5,15,8,140,193,291,426,0.0004746469463228,0.0021247900467495,0.0143332849483504,0.040982814418337,0.148150708249627
5,16,1,89,122,155,154,0.0001160330168307,0.0026567326091635,0.0191041520402465,0.0514015557762923,0.171182478714851
5,16,1,42,64,137,259,0.0001214123241558,0.0012967338629375,0.0090406775905936,0.0335368037276665,0.131084448613215
5,16,2,131,186,292,413,0.0001186617365807,0.001988196400887,0.0138134248725035,0.0411236488321457,0.143629677246704
5,17,3,78,123,152,143,0.0003480990504921,0.0023283723990421,0.0192607434504125,0.0504066869548157,0.158955158806648
5,17,3,54,69,110,266,0.0003642369724676,0.0016672292523482,0.0097469805273587,0.0269273606572504,0.134627271548707
5,17,6,132,192,262,409,0.0003559852097421,0.0020033734726495,0.0142590192232294,0.0368986164178841,0.142238590784266
5,18,0,97,129,178,154,0.0,0.0028955400347062,0.0202002919114082,0.0590288834076131,0.171182478714851
5,18,1,50,67,137,277,0.0001214123241558,0.0015437307892113,0.0094644593526527,0.0335368037276665,0.140194564733053
5,18,1,147,196,315,431,5.93308682903553e-05,0.002231029549087,0.0145560821237133,0.0443628403497462,0.149889566327674
5,19,4,99,126,153,139,0.0004641320673228,0.0029552418910919,0.0197305176809103,0.0507383098953079,0.15450886065821
5,19,1,36,75,106,233,0.0001214123241558,0.0011114861682321,0.0105945440514769,0.0259481839060777,0.117925391995672
5,19,5,135,201,259,372,0.0002966543414517,0.002048904687937,0.0149274107493183,0.036476113176458,0.129371041006717
5,20,2,96,118,138,136,0.0002320660336614,0.0028656891065134,0.0184777863995827,0.0457639657879248,0.151174137046882
5,20,2,39,84,125,253,0.0002428246483117,0.0012041100155848,0.0118658893376542,0.0305992734741482,0.128047743239936
5,20,4,135,202,263,389,0.0002373234731614,0.002048904687937,0.0150016764744393,0.0370394508316929,0.135283158472077
5,21,4,78,113,135,114,0.0004641320673228,0.0023283723990421,0.0176948293487529,0.0447690969664481,0.126719497230474
5,21,1,41,63,115,263,0.0001214123241558,0.0012658592471532,0.0088994170032406,0.0281513315962164,0.133108918862068
5,21,5,119,176,250,377,0.0002966543414517,0.0018060715397371,0.0130707676212936,0.0352086034521795,0.131109899084764
5,22,2,106,129,129,132,0.0002320660336614,0.0031641983884419,0.0202002919114082,0.0427793593234949,0.146727838898444
5,22,1,35,57,111,217,0.0001214123241558,0.0010806115524479,0.0080518534791224,0.0271721548450436,0.109827511000261
5,22,3,141,186,240,349,0.000177992604871,0.002139967118512,0.0138134248725035,0.0338002593140923,0.121372293847699
5,23,2,106,127,135,146,0.0002320660336614,0.0031641983884419,0.0198871090910763,0.0447690969664481,0.162289882417976
5,23,3,49,74,161,250,0.0003642369724676,0.001512856173427,0.0104532834641239,0.0394118642347029,0.126529390553297
5,23,5,155,201,296,396,0.0002966543414517,0.002352446123187,0.0149274107493183,0.0416869864873806,0.137717559781344
5,24,5,105,117,145,129,0.0005801650841535,0.003134347460249,0.0183211949894167,0.0480853263713702,0.143393115287116
5,24,1,41,66,109,216,0.0001214123241558,0.0012658592471532,0.0093231987652996,0.0266825664694573,0.109321393438048
5,24,6,146,183,254,345,0.0003559852097421,0.0022158524773245,0.0135906276971405,0.0357719411074144,0.119981207385261
5,25,3,94,107,150,119,0.0003480990504921,0.0028059872501277,0.0167552808877572,0.0497434410738313,0.132277369916022
5,25,3,47,76,104,259,0.0003642369724676,0.0014511069418586,0.0107358046388299,0.0254585955304913,0.131084448613215
5,25,6,141,183,254,378,0.0003559852097421,0.002139967118512,0.0135906276971405,0.0357719411074144,0.131457670700373
5,26,2,86,107,132,130,0.0002320660336614,0.0025671798245849,0.0167552808877572,0.0437742281449715,0.144504689824225
5,26,1,53,55,111,218,0.0001214123241558,0.0016363546365639,0.0077693323044164,0.0271721548450436,0.110333628562475
5,26,3,139,162,243,348,0.000177992604871,0.002109612974987,0.0120310474695998,0.0342227625555185,0.12102452223209
5,27,5,95,119,131,134,0.0005801650841535,0.0028358381783206,0.0186343778097487,0.0434426052044793,0.148950987972663
5,27,0,47,73,117,228,0.0,0.0014511069418586,0.0103120228767709,0.0286409199718028,0.115394804184606
5,27,5,142,192,248,362,0.0002966543414517,0.0021551441902745,0.0142590192232294,0.0349269346245621,0.125893324850622
5,28,4,94,132,142,160,0.0004641320673228,0.0028059872501277,0.0206700661419061,0.0470904575498936,0.177851925937508
5,28,2,50,59,134,206,0.0002428246483117,0.0015437307892113,0.0083343746538285,0.0328024211642869,0.104260217815916
5,28,6,144,191,276,366,0.0003559852097421,0.0021854983337995,0.0141847534981084,0.0388702982112062,0.12728441131306
5,29,1,97,105,153,139,0.0001160330168307,0.0028955400347062,0.0164420980674253,0.0507383098953079,0.15450886065821
5,29,2,36,69,118,242,0.0002428246483117,0.0011114861682321,0.0097469805273587,0.0288857141595959,0.122480450055591
5,29,3,133,174,271,381,0.000177992604871,0.002018550544412,0.0129222361710516,0.0381661261421626,0.132500985547202
5,30,1,105,123,164,130,0.0001160330168307,0.003134347460249,0.0192607434504125,0.0543861622407222,0.144504689824225
5,30,1,34,70,133,261,0.0001214123241558,0.0010497369366636,0.0098882411147117,0.0325576269764937,0.132096683737642
5,30,2,139,193,297,391,0.0001186617365807,0.002109612974987,0.0143332849483504,0.0418278209011893,0.135978701703296
5,31,0,93,110,143,121,0.0,0.0027761363219349,0.0172250551182551,0.0474220804903858,0.13450051899024
5,31,2,46,62,124,221,0.0002428246483117,0.0014202323260744,0.0087581564158875,0.0303544792863551,0.111851981249114
5,31,2,139,172,267,342,0.0001186617365807,0.002109612974987,0.0127737047208097,0.0376027884869277,0.118937892538433
5,32,2,96,119,137,121,0.0002320660336614,0.0028656891065134,0.0186343778097487,0.0454323428474325,0.13450051899024
5,32,1,37,71,114,260,0.0001214123241558,0.0011423607840163,0.0100295017020648,0.0279065374084232,0.131590566175428
5,32,3,133,190,251,381,0.000177992604871,0.002018550544412,0.0141104877729874,0.0353494378659882,0.132500985547202
5,33,3,97,101,119,132,0.0003480990504921,0.0028955400347062,0.0158157324267615,0.0394631299185728,0.146727838898444
5,33,2,40,66,130,233,0.0002428246483117,0.001234984631369,0.0093231987652996,0.0318232444131142,0.117925391995672
5,33,5,137,167,249,365,0.0002966543414517,0.002079258831462,0.0124023760952047,0.0350677690383708,0.126936639697451
5,34,1,85,123,170,142,0.0001160330168307,0.0025373288963921,0.0192607434504125,0.0563758998836754,0.157843584269538
5,34,2,42,65,115,247,0.0002428246483117,0.0012967338629375,0.0091819381779466,0.0281513315962164,0.125011037866657
5,34,3,127,188,285,389,0.000177992604871,0.0019274881138371,0.0139619563227455,0.0401378079354847,0.135283158472077
5,35,2,95,122,124,131,0.0002320660336614,0.0028358381783206,0.0191041520402465,0.0411212446210338,0.145616264361335
5,35,0,38,58,130,266,0.0,0.0011732353998006,0.0081931140664754,0.0318232444131142,0.134627271548707
5,35,2,133,180,254,397,0.0001186617365807,0.002018550544412,0.0133678305217776,0.0357719411074144,0.138065331396953
5,36,0,88,116,157,138,0.0,0.0026268816809706,0.0181646035792508,0.0520648016572767,0.153397286121101
5,36,3,54,65,120,245,0.0003642369724676,0.0016672292523482,0.0091819381779466,0.0293753025351823,0.123998802742231
5,36,3,142,181,277,383,0.000177992604871,0.0021551441902745,0.0134420962468985,0.0390111326250149,0.133196528778421
5,37,0,93,125,139,120,0.0,0.0027761363219349,0.0195739262707444,0.046095588728417,0.133388944453131
5,37,0,64,73,142,234,0.0,0.0019759754101904,0.0103120228767709,0.0347607746666324,0.118431509557886
5,37,0,157,198,281,354,0.0,0.002382800266712,0.0147046135739553,0.0395744702802498,0.123111151925747
5,38,3,82,118,145,169,0.0003480990504921,0.0024477761118135,0.0184777863995827,0.0480853263713702,0.187856096771493
5,38,2,48,75,136,229,0.0002428246483117,0.0014819815576428,0.0105945440514769,0.0332920095398733,0.11590092174682
5,38,5,130,193,281,398,0.0002966543414517,0.0019730193291245,0.0143332849483504,0.0395744702802498,0.138413103012562
5,39,1,92,131,149,140,0.0001160330168307,0.002746285393742,0.0205134747317401,0.049411818133339,0.15562043519532
5,39,1,47,88,119,279,0.0001214123241558,0.0014511069418586,0.0124309316870663,0.0291305083473891,0.141206799857479
5,39,2,139,219,268,419,0.0001186617365807,0.002109612974987,0.016264193801496,0.0377436229007364,0.145716306940361
5,40,1,105,148,160,134,0.0001160330168307,0.003134347460249,0.0231755287045614,0.0530596704787533,0.148950987972663
5,40,0,51,79,112,260,0.0,0.0015746054049955,0.011159586400889,0.0274169490328368,0.131590566175428
5,40,1,156,227,272,394,5.93308682903553e-05,0.0023676231949495,0.0168583196024639,0.0383069605559713,0.137022016550125
5,41,2,93,144,162,166,0.0002320660336614,0.0027761363219349,0.0225491630638975,0.0537229163597378,0.184521373160165
5,41,1,51,66,123,282,0.0001214123241558,0.0015746054049955,0.0093231987652996,0.0301096850985619,0.142725152544118
5,41,3,144,210,285,448,0.000177992604871,0.0021854983337995,0.0155958022754072,0.0401378079354847,0.155801683793035
5,42,0,97,124,175,128,0.0,0.0028955400347062,0.0194173348605784,0.0580340145861365,0.142281540750006
5,42,1,57,82,126,262,0.0001214123241558,0.0017598530997008,0.0115833681629481,0.0308440676619414,0.132602801299855
5,42,1,154,206,301,390,5.93308682903553e-05,0.0023372690514245,0.0152987393749232,0.0423911585564241,0.135630930087687
5,43,3,87,147,173,156,0.0003480990504921,0.0025970307527778,0.0230189372943954,0.057370768705152,0.17340562778907
5,43,2,57,81,112,263,0.0002428246483117,0.0017598530997008,0.0114421075755951,0.0274169490328368,0.133108918862068
5,43,5,144,228,285,419,0.0002966543414517,0.0021854983337995,0.0169325853275849,0.0401378079354847,0.145716306940361
5,44,2,100,141,167,165,0.0002320660336614,0.0029850928192848,0.0220793888333997,0.0553810310621988,0.183409798623055
5,44,3,37,71,135,280,0.0003642369724676,0.0011423607840163,0.0100295017020648,0.0330472153520801,0.141712917419692
5,44,5,137,212,302,445,0.0002966543414517,0.002079258831462,0.0157443337256491,0.0425319929702329,0.154758368946207
5,45,2,71,133,149,139,0.0002320660336614,0.0021194159016922,0.020826657552072,0.049411818133339,0.15450886065821
5,45,3,51,63,124,262,0.0003642369724676,0.0015746054049955,0.0088994170032406,0.0303544792863551,0.132602801299855
5,45,5,122,196,273,401,0.0002966543414517,0.0018516027550246,0.0145560821237133,0.03844779496978,0.139456417859391
5,46,0,90,99,147,144,0.0,0.0026865835373563,0.0155025496064296,0.0487485722523546,0.160066733343757
5,46,1,42,82,135,274,0.0001214123241558,0.0012967338629375,0.0115833681629481,0.0330472153520801,0.138676212046413
5,46,1,132,181,282,418,5.93308682903553e-05,0.0020033734726495,0.0134420962468985,0.0397153046940585,0.145368535324752
5,47,1,90,125,127,144,0.0001160330168307,0.0026865835373563,0.0195739262707444,0.0421161134425105,0.160066733343757
5,47,0,42,65,126,250,0.0,0.0012967338629375,0.0091819381779466,0.0308440676619414,0.126529390553297
5,47,1,132,190,253,394,5.93308682903553e-05,0.0020033734726495,0.0141104877729874,0.0356311066936057,0.137022016550125
5,48,2,80,141,173,131,0.0002320660336614,0.0023880742554278,0.0220793888333997,0.057370768705152,0.145616264361335
5,48,1,52,69,113,262,0.0001214123241558,0.0016054800207797,0.0097469805273587,0.02766174322063,0.132602801299855
5,48,3,132,210,286,393,0.000177992604871,0.0020033734726495,0.0155958022754072,0.0402786423492934,0.136674244934515
5,49,1,104,136,148,127,0.0001160330168307,0.0031044965320562,0.0212964317825699,0.0490801951928468,0.141169966212897
5,49,0,55,79,138,309,0.0,0.0016981038681324,0.011159586400889,0.0337815979154597,0.156390326723874
5,49,1,159,215,286,436,5.93308682903553e-05,0.002413154410237,0.0159671309010121,0.0402786423492934,0.151628424405722
5,50,3,112,134,138,148,0.0003480990504921,0.003343303957599,0.020983248962238,0.0457639657879248,0.164513031492195
5,50,0,38,70,129,281,0.0,0.0011732353998006,0.0098882411147117,0.031578450225321,0.142219034981905
5,50,3,150,204,267,429,0.000177992604871,0.0022765607643745,0.0151502079246812,0.0376027884869277,0.149194023096456
5,51,3,94,127,178,147,0.0003480990504921,0.0028059872501277,0.0198871090910763,0.0590288834076131,0.163401456955085
5,51,4,46,80,139,287,0.0004856492966234,0.0014202323260744,0.0113008469882421,0.0340263921032528,0.145255740355184
5,51,7,140,207,317,434,0.0004153160780324,0.0021247900467495,0.0153730051000442,0.0446445091773636,0.150932881174503
5,52,0,101,110,160,157,0.0,0.0030149437474776,0.0172250551182551,0.0530596704787533,0.17451720232618
5,52,2,40,87,122,310,0.0002428246483117,0.001234984631369,0.0122896710997132,0.0298648909107687,0.156896444286088
5,52,2,141,197,282,467,0.0001186617365807,0.002139967118512,0.0146303478488343,0.0397153046940585,0.162409344489615
6,1,1,87,123,149,151,0.000117463707563,0.0025997190907732,0.0189579570207394,0.0478110472501751,0.160803867638086
6,1,0,49,82,119,286,0.0,0.0015172070191151,0.011387401223543,0.0285157523832982,0.142354809039145
6,1,1,136,205,268,437,6.00526749904746e-05,0.0020680843776489,0.0149755480460875,0.0367648743193007,0.14823123061477
6,2,2,107,121,154,147,0.000234927415126,0.0031973556633648,0.0186496975569875,0.0494154448089058,0.15654416253509
6,2,0,33,70,147,288,0.0,0.0010217924822612,0.0097209522640001,0.0352253411793684,0.143350297214244
6,2,2,140,191,301,435,0.0001201053499809,0.0021289103887562,0.0139528276917205,0.0412918924257818,0.147552826813329
6,3,3,97,125,156,164,0.000352391122689,0.002898537377069,0.0192662164844913,0.050057203832398,0.174647909222821
6,3,0,44,73,119,280,0.0,0.0013623899763482,0.0101375645038859,0.0285157523832982,0.139368344513848
6,3,3,141,198,275,444,0.0001801580249714,0.0021441168915331,0.014464187868904,0.0377251508873422,0.150605643919812
6,4,3,89,145,158,139,0.000352391122689,0.0026594827480324,0.0223488111220099,0.0506989628558903,0.148024752329099
6,4,1,44,81,119,261,0.0001228685417658,0.0013623899763482,0.0112485304769145,0.0285157523832982,0.129911206850409
6,4,4,133,226,277,400,0.0002402106999618,0.0020224648693184,0.0165096285776379,0.0379995156210683,0.135680760288119
6,5,2,104,130,150,152,0.000234927415126,0.003107710177476,0.0200368651438709,0.0481319267619212,0.161868793913834
6,5,2,32,67,133,302,0.0002457370835316,0.0009908290737078,0.0093043400241144,0.0318705467813333,0.150318714439936
6,5,4,136,197,283,454,0.0002402106999618,0.0020680843776489,0.0143911364150206,0.0388226098222467,0.153997662927015
6,6,0,102,152,176,160,0.0,0.0030479465202169,0.0234277192451414,0.0564747940673209,0.170388204119826
6,6,0,53,77,131,264,0.0,0.0016410606533286,0.0106930474904002,0.0313912904387569,0.131404439113057
6,6,0,155,229,307,424,0.0,0.0023570079304087,0.016728782939288,0.0421149866269602,0.143821605905406
6,7,2,88,116,176,149,0.000234927415126,0.0026296009194028,0.0178790488976079,0.0564747940673209,0.158674015086588
6,7,2,56,81,145,283,0.0002457370835316,0.0017339508789887,0.0112485304769145,0.034746084836792,0.140861576776497
6,7,4,144,197,321,432,0.0002402106999618,0.0021897363998635,0.0143911364150206,0.044035539763043,0.146535221111168
6,8,3,96,129,148,174,0.000352391122689,0.0028686555484394,0.019882735411995,0.0474901677384289,0.18529717198031
6,8,1,44,70,127,299,0.0001228685417658,0.0013623899763482,0.0097209522640001,0.030432777753604,0.148825482177288
6,8,4,140,199,275,473,0.0002402106999618,0.0021289103887562,0.0145372393227873,0.0377251508873422,0.160442499040701
6,9,0,97,132,150,164,0.0,0.002898537377069,0.0203451246076228,0.0481319267619212,0.174647909222821
6,9,1,45,71,128,262,0.0001228685417658,0.0013933533849016,0.0098598230106287,0.0306724059248922,0.130408950937958
6,9,1,142,203,278,426,6.00526749904746e-05,0.0021593233943099,0.0148294451383208,0.0381366979879313,0.144500009706847
6,10,1,96,126,173,142,0.000117463707563,0.0028686555484394,0.0194203462163672,0.0555121555320825,0.151219531156345
6,10,1,41,77,150,299,0.0001228685417658,0.0012694997506881,0.0106930474904002,0.0359442256932331,0.148825482177288
6,10,2,137,203,323,441,0.0001201053499809,0.0020832908804257,0.0148294451383208,0.0443099044967691,0.149588038217651
6,11,1,117,141,172,139,0.000117463707563,0.0034961739496605,0.0217322921945061,0.0551912760203363,0.148024752329099
6,11,1,49,70,116,299,0.0001228685417658,0.0015172070191151,0.0097209522640001,0.0277968678694336,0.148825482177288
6,11,2,166,211,288,438,0.0001201053499809,0.0025242794609538,0.0154138567693876,0.039508521656562,0.14857043251549
6,12,6,109,132,164,179,0.0007047822453781,0.0032571193206239,0.0203451246076228,0.0526242399263672,0.190621803359055
6,12,1,40,76,144,271,0.0001228685417658,0.0012385363421348,0.0105541767437716,0.0345064566655037,0.134888647725903
6,12,7,149,208,308,450,0.0004203687249333,0.0022657689137477,0.0151947024077375,0.0422521689938232,0.152640855324134
6,13,1,100,122,172,141,0.000117463707563,0.0029881828629577,0.0188038272888635,0.0551912760203363,0.150154604880596
6,13,2,42,88,147,293,0.0002457370835316,0.0013004631592415,0.0122206257033145,0.0352253411793684,0.145839017651991
6,13,3,142,210,319,434,0.0001801580249714,0.0021593233943099,0.0153408053155042,0.0437611750293169,0.147213624912609
6,14,5,93,114,207,167,0.0005873185378151,0.0027790100625507,0.017570789433856,0.0664220589314513,0.177842688050068
6,14,1,45,77,121,280,0.0001228685417658,0.0013933533849016,0.0106930474904002,0.0289950087258747,0.139368344513848
6,14,6,138,191,328,447,0.0003603160499428,0.0020984973832026,0.0139528276917205,0.0449958163310845,0.151623249621973
6,15,2,114,141,176,163,0.000234927415126,0.0034065284637718,0.0217322921945061,0.0564747940673209,0.173582982947072
6,15,2,47,93,145,298,0.0002457370835316,0.0014552802020083,0.0129149794364573,0.034746084836792,0.148327738089738
6,15,4,161,234,321,461,0.0002402106999618,0.0024482469470697,0.0170940402087047,0.044035539763043,0.156372076232057
6,16,1,97,102,194,135,0.000117463707563,0.002898537377069,0.0157212326513449,0.0622506252787514,0.143765047226103
6,16,0,52,68,159,286,0.0,0.0016100972447752,0.009443210770743,0.0381008792348271,0.142354809039145
6,16,1,149,170,353,421,6.00526749904746e-05,0.0022657689137477,0.0124187471601701,0.048425375502661,0.142804000203245
6,17,0,97,121,169,149,0.0,0.002898537377069,0.0186496975569875,0.0542286374850979,0.158674015086588
6,17,0,39,95,134,338,0.0,0.0012075729335814,0.0131927209297145,0.0321101749526215,0.168237501591717
6,17,0,136,216,303,487,0.0,0.0020680843776489,0.0157791140388044,0.0415662571595079,0.165191325650785
6,18,1,101,128,151,156,0.000117463707563,0.0030180646915873,0.019728605680119,0.0484528062736673,0.16612849901683
6,18,1,47,68,164,314,0.0001228685417658,0.0014552802020083,0.009443210770743,0.0392990200912681,0.15629164349053
6,18,2,148,196,315,470,0.0001201053499809,0.0022505624109709,0.0143180849611373,0.0432124455618646,0.15942489333854
6,19,3,94,137,162,137,0.000352391122689,0.0028088918911803,0.0211157732670024,0.0519824809028749,0.145894899777601
6,19,2,44,77,136,282,0.0002457370835316,0.0013623899763482,0.0106930474904002,0.032589431295198,0.140363832688947
6,19,5,138,214,298,419,0.0003002633749523,0.0020984973832026,0.0156330111310377,0.0408803453251926,0.142125596401804
6,20,1,107,135,156,139,0.000117463707563,0.0031973556633648,0.0208075138032506,0.050057203832398,0.148024752329099
6,20,0,45,89,136,296,0.0,0.0013933533849016,0.012359496449943,0.032589431295198,0.14733224991464
6,20,1,152,224,292,435,6.00526749904746e-05,0.0023113884220782,0.0163635256698712,0.0400572511240142,0.147552826813329
6,21,0,94,130,131,125,0.0,0.0028088918911803,0.0200368651438709,0.0420352160387445,0.133115784468614
6,21,1,50,73,95,258,0.0001228685417658,0.0015481704276685,0.0101375645038859,0.0227646762723809,0.12841797458776
6,21,1,144,203,226,383,6.00526749904746e-05,0.0021897363998635,0.0148294451383208,0.0310032149110521,0.129914327975874
6,22,0,102,118,129,147,0.0,0.0030479465202169,0.0181873083613597,0.0413934570152522,0.15654416253509
6,22,1,41,81,135,236,0.0001228685417658,0.0012694997506881,0.0112485304769145,0.0323498031239098,0.117467604661672
6,22,1,143,199,264,383,6.00526749904746e-05,0.0021745298970867,0.0145372393227873,0.0362161448518485,0.129914327975874
6,23,1,91,130,150,134,0.000117463707563,0.0027192464052915,0.0200368651438709,0.0481319267619212,0.142700120950354
6,23,1,39,78,123,237,0.0001228685417658,0.0012075729335814,0.0108319182370287,0.0294742650684511,0.117965348749222
6,23,2,130,208,273,371,0.0001201053499809,0.0019768453609879,0.0151947024077375,0.037450786153616,0.12584390516723
6,24,4,104,119,157,146,0.0004698548302521,0.003107710177476,0.0183414380932357,0.0503780833441442,0.155479236259341
6,24,2,39,88,120,224,0.0002457370835316,0.0012075729335814,0.0122206257033145,0.0287553805545865,0.111494675611079
6,24,6,143,207,277,370,0.0003603160499428,0.0021745298970867,0.0151216509538542,0.0379995156210683,0.12550470326651
6,25,2,101,128,154,138,0.000234927415126,0.0030180646915873,0.019728605680119,0.0494154448089058,0.14695982605335
6,25,2,53,84,141,265,0.0002457370835316,0.0016410606533286,0.0116651427168002,0.0337875721516391,0.131902183200606
6,25,4,154,212,295,403,0.0002402106999618,0.0023418014276318,0.0154869082232709,0.0404687982246034,0.13669836599028
6,26,1,101,139,132,124,0.000117463707563,0.0030180646915873,0.0214240327307543,0.0423560955504907,0.132050858192865
6,26,2,46,80,131,265,0.0002457370835316,0.001424316793455,0.0111096597302859,0.0313912904387569,0.131902183200606
6,26,3,147,219,263,389,0.0001801580249714,0.002235355908194,0.0159982684004544,0.0360789624849854,0.131949539380196
6,27,1,70,120,123,164,0.000117463707563,0.0020917280040704,0.0184955678251116,0.0394681799447754,0.174647909222821
6,27,1,44,72,155,246,0.0001228685417658,0.0013623899763482,0.0099986937572572,0.0371423665496742,0.122445045537167
6,27,2,114,192,278,410,0.0001201053499809,0.0017335413165586,0.0140258791456039,0.0381366979879313,0.139072779295322
6,28,0,110,102,149,125,0.0,0.0032870011492535,0.0157212326513449,0.0478110472501751,0.133115784468614
6,28,0,59,73,111,215,0.0,0.0018268411046488,0.0101375645038859,0.0265987270129925,0.107014978823133
6,28,0,169,175,260,340,0.0,0.0025698989692843,0.0127840044295869,0.0356674153843962,0.115328646244901
6,29,2,104,125,165,150,0.000234927415126,0.003107710177476,0.0192662164844913,0.0529451194381133,0.159738941362337
6,29,4,53,65,123,230,0.0004914741670632,0.0016410606533286,0.0090265985308572,0.0294742650684511,0.114481140136375
6,29,6,157,190,288,380,0.0003603160499428,0.0023874209359623,0.0138797762378372,0.039508521656562,0.128896722273713
6,30,1,102,127,130,128,0.000117463707563,0.0030479465202169,0.0195744759482431,0.0417143365269984,0.136310563295861
6,30,2,45,77,122,230,0.0002457370835316,0.0013933533849016,0.0106930474904002,0.0292346368971629,0.114481140136375
6,30,3,147,204,252,358,0.0001801580249714,0.002235355908194,0.0149024965922041,0.0345699564494917,0.121434280457866
6,31,4,110,126,149,123,0.0004698548302521,0.0032870011492535,0.0194203462163672,0.0478110472501751,0.130985931917116
6,31,1,50,68,117,234,0.0001228685417658,0.0015481704276685,0.009443210770743,0.0280364960407218,0.116472116486573
6,31,5,160,194,266,357,0.0003002633749523,0.0024330404442928,0.0141719820533706,0.0364905095855746,0.121095078557146
6,32,2,95,143,124,122,0.000234927415126,0.0028387737198098,0.022040551658258,0.0397890594565215,0.129921005641367
6,32,1,43,61,124,239,0.0001228685417658,0.0013314265677949,0.0084711155443429,0.0297138932397393,0.11896083692432
6,32,3,138,204,248,361,0.0001801580249714,0.0020984973832026,0.0149024965922041,0.0340212269820395,0.122451886160027
6,33,0,102,114,139,136,0.0,0.0030479465202169,0.017570789433856,0.0446022521327136,0.144829973501852
6,33,2,56,64,120,244,0.0002457370835316,0.0017339508789887,0.0088877277842287,0.0287553805545865,0.121449557362068
6,33,2,158,178,259,380,0.0001201053499809,0.0024026274387392,0.0130031587912369,0.0355302330175332,0.128896722273713
6,34,4,115,116,154,149,0.0004698548302521,0.0034364102924014,0.0178790488976079,0.0494154448089058,0.158674015086588
6,34,0,54,65,126,233,0.0,0.0016720240618819,0.0090265985308572,0.0301931495823158,0.115974372399024
6,34,4,169,181,280,382,0.0002402106999618,0.0025698989692843,0.013222313152887,0.0384110627216575,0.129575126075154
6,35,1,111,112,142,132,0.000117463707563,0.0033168829778831,0.0172625299701042,0.0455648906679521,0.140570268398856
6,35,0,45,64,125,257,0.0,0.0013933533849016,0.0088877277842287,0.0299535214110276,0.127920230500211
6,35,1,156,176,267,389,6.00526749904746e-05,0.0023722144331855,0.0128570558834702,0.0366276919524377,0.131949539380196
6,36,0,87,115,129,148,0.0,0.0025997190907732,0.017724919165732,0.0413934570152522,0.157609088810839
6,36,2,40,82,120,256,0.0002457370835316,0.0012385363421348,0.011387401223543,0.0287553805545865,0.127422486412661
6,36,2,127,197,249,404,0.0001201053499809,0.0019312258526574,0.0143911364150206,0.0341584093489025,0.137037567891
6,37,2,111,146,164,139,0.000234927415126,0.0033168829778831,0.0225029408538858,0.0526242399263672,0.148024752329099
6,37,0,59,84,137,282,0.0,0.0018268411046488,0.0116651427168002,0.0328290594664862,0.140363832688947
6,37,2,170,230,301,421,0.0001201053499809,0.0025851054720611,0.0168018343931713,0.0412918924257818,0.142804000203245
6,38,3,98,125,171,140,0.000352391122689,0.0029284192056986,0.0192662164844913,0.0548703965085902,0.149089678604848
6,38,3,46,70,138,252,0.0003686056252974,0.001424316793455,0.0097209522640001,0.0330686876377744,0.125431510062463
6,38,6,144,195,309,392,0.0003603160499428,0.0021897363998635,0.0142450335072539,0.0423893513606863,0.132967145082356
6,39,3,97,151,165,137,0.000352391122689,0.002898537377069,0.0232735895132654,0.0529451194381133,0.145894899777601
6,39,1,38,98,151,248,0.0001228685417658,0.001176609525028,0.0136093331696002,0.0361838538645213,0.123440533712266
6,39,4,135,249,316,385,0.0002402106999618,0.0020528778748721,0.018189812016955,0.0433496279287277,0.130592731777314
6,40,0,93,111,144,132,0.0,0.0027790100625507,0.0171084002382282,0.0462066496914444,0.140570268398856
6,40,1,34,69,128,265,0.0001228685417658,0.0010527558908145,0.0095820815173715,0.0306724059248922,0.131902183200606
6,40,1,127,180,272,397,6.00526749904746e-05,0.0019312258526574,0.0131492616990036,0.037313603786753,0.134663154585958
6,41,0,97,99,158,128,0.0,0.002898537377069,0.0152588434557171,0.0506989628558903,0.136310563295861
6,41,0,48,70,119,265,0.0,0.0014862436105617,0.0097209522640001,0.0285157523832982,0.131902183200606
6,41,0,145,169,277,393,0.0,0.0022049429026404,0.0123456957062867,0.0379995156210683,0.133306346983077
6,42,3,103,110,179,165,0.000352391122689,0.0030778283488465,0.0169542705063523,0.0574374326025593,0.17571283549857
6,42,0,42,64,121,287,0.0,0.0013004631592415,0.0088877277842287,0.0289950087258747,0.142852553126694
6,42,3,145,174,300,452,0.0001801580249714,0.0022049429026404,0.0127109529757035,0.0411547100589187,0.153319259125574
6,43,3,101,126,146,135,0.000352391122689,0.0030180646915873,0.0194203462163672,0.0468484087149366,0.143765047226103
6,43,1,54,76,147,281,0.0001228685417658,0.0016720240618819,0.0105541767437716,0.0352253411793684,0.139866088601398
6,43,4,155,202,293,416,0.0002402106999618,0.0023570079304087,0.0147563936844374,0.0401944334908773,0.141107990699644
6,44,1,120,124,185,169,0.000117463707563,0.0035858194355493,0.0191120867526153,0.0593627096730361,0.179972540601566
6,44,2,47,69,135,280,0.0002457370835316,0.0014552802020083,0.0095820815173715,0.0323498031239098,0.139368344513848
6,44,3,167,193,320,449,0.0001801580249714,0.0025394859637306,0.0140989305994872,0.04389835739618,0.152301653423413
6,45,3,104,121,165,148,0.000352391122689,0.003107710177476,0.0186496975569875,0.0529451194381133,0.157609088810839
6,45,0,39,71,125,267,0.0,0.0012075729335814,0.0098598230106287,0.0299535214110276,0.132897671375705
6,45,3,143,192,290,415,0.0001801580249714,0.0021745298970867,0.0140258791456039,0.0397828863902881,0.140768788798923
6,46,1,101,125,161,137,0.000117463707563,0.0030180646915873,0.0192662164844913,0.0516616013911288,0.145894899777601
6,46,1,41,70,123,265,0.0001228685417658,0.0012694997506881,0.0097209522640001,0.0294742650684511,0.131902183200606
6,46,2,142,195,284,402,0.0001201053499809,0.0021593233943099,0.0142450335072539,0.0389597921891097,0.136359164089559
6,47,1,99,137,182,169,0.000117463707563,0.0029583010343281,0.0211157732670024,0.0584000711377977,0.179972540601566
6,47,0,43,80,144,264,0.0,0.0013314265677949,0.0111096597302859,0.0345064566655037,0.131404439113057
6,47,1,142,217,326,433,6.00526749904746e-05,0.0021593233943099,0.0158521654926877,0.0447214515973583,0.146874423011889
6,48,1,82,123,172,136,0.000117463707563,0.0024503099476253,0.0189579570207394,0.0551912760203363,0.144829973501852
6,48,2,41,91,142,318,0.0002457370835316,0.0012694997506881,0.0126372379432002,0.0340272003229273,0.158282619840728
6,48,3,123,214,314,454,0.0001801580249714,0.0018703998415501,0.0156330111310377,0.0430752631950016,0.153997662927015
6,49,1,94,136,179,174,0.000117463707563,0.0028088918911803,0.0209616435351265,0.0574374326025593,0.18529717198031
6,49,1,39,61,142,292,0.0001228685417658,0.0012075729335814,0.0084711155443429,0.0340272003229273,0.145341273564442
6,49,2,133,197,321,466,0.0001201053499809,0.0020224648693184,0.0143911364150206,0.044035539763043,0.158068085735658
6,50,0,113,133,157,163,0.0,0.0033766466351422,0.0204992543394987,0.0503780833441442,0.173582982947072
6,50,0,47,78,122,293,0.0,0.0014552802020083,0.0108319182370287,0.0292346368971629,0.145839017651991
6,50,0,160,211,279,456,0.0,0.0024330404442928,0.0154138567693876,0.0382738803547944,0.154676066728456
6,51,1,96,125,170,162,0.000117463707563,0.0028686555484394,0.0192662164844913,0.054549516996844,0.172518056671324
6,51,1,47,80,152,314,0.0001228685417658,0.0014552802020083,0.0111096597302859,0.0364234820358095,0.15629164349053
6,51,2,143,205,322,476,0.0001201053499809,0.0021745298970867,0.0149755480460875,0.0441727221299061,0.161460104742861
6,52,1,110,162,172,151,0.000117463707563,0.0032870011492535,0.0249690165639007,0.0551912760203363,0.160803867638086
6,52,0,36,71,138,288,0.0,0.0011146827079213,0.0098598230106287,0.0330686876377744,0.143350297214244
6,52,1,146,233,310,439,6.00526749904746e-05,0.0022201494054172,0.0170209887548214,0.0425265337275493,0.14890963441621
6,53,1,108,116,177,174,0.000117463707563,0.0032272374919943,0.0178790488976079,0.056795673579067,0.18529717198031
6,53,3,41,67,165,325,0.0003686056252974,0.0012694997506881,0.0093043400241144,0.0395386482625564,0.161766828453574
6,53,4,149,183,342,499,0.0002402106999618,0.0022657689137477,0.0133684160606537,0.0469163694671673,0.169261748459428
7,1,4,95,116,166,180,0.0004751892180343,0.0028383154807288,0.0180288468499477,0.0492707457672948,0.184328823464806
7,1,0,31,61,140,311,0.0,0.0009616121367863,0.0085518688215567,0.0315059977225832,0.152505834692995
7,1,4,126,177,306,491,0.0002429479119964,0.0019175721897154,0.0130462885282716,0.0391668090975011,0.162810176962976
7,2,1,111,152,166,150,0.0001187973045085,0.0033163475616936,0.0236240062171729,0.0492707457672948,0.153607352887338
7,2,1,45,83,138,283,0.0001242740043687,0.0013958885856576,0.011636149380151,0.031055912040832,0.138775405846037
7,2,2,156,235,304,433,0.0001214739559982,0.0023741369967905,0.0173213435262363,0.0389108168811776,0.143578017566128
7,3,2,116,124,189,179,0.0002375946090171,0.0034657325869951,0.01927221559822,0.0560974153615586,0.183304774445557
7,3,2,52,78,150,312,0.0002485480087375,0.0016130268100932,0.010935176525925,0.0337564261313391,0.152996207151815
7,3,4,168,202,339,491,0.0002429479119964,0.0025567629196206,0.014888984648084,0.0433906806668395,0.162810176962976
7,4,1,85,157,158,183,0.0001187973045085,0.0025395454301257,0.024401111684843,0.046896251995377,0.187400970522553
7,4,2,30,78,170,295,0.0002485480087375,0.0009305923904384,0.010935176525925,0.038257282948851,0.144659875351876
7,4,3,115,235,328,478,0.0001822109339973,0.0017501650937879,0.0173213435262363,0.04198272347706,0.158499520546441
7,5,0,90,152,156,140,0.0,0.0026889304554273,0.0236240062171729,0.0463026285523976,0.143366862694849
7,5,2,45,75,154,289,0.0002485480087375,0.0013958885856576,0.0105145928133895,0.0346565974948415,0.141717640598957
7,5,2,135,227,310,429,0.0001214739559982,0.0020545416318379,0.0167316807678964,0.0396787935301482,0.142251661745655
7,6,3,91,99,165,140,0.0003563919135257,0.0027188074604876,0.0153866882598692,0.0489739340458051,0.143366862694849
7,6,2,42,70,144,300,0.0002485480087375,0.0013028293466138,0.0098136199591635,0.0324061690860856,0.147111737645976
7,6,5,133,169,309,440,0.0003036848899955,0.0020241039780329,0.0124566257699317,0.0395507974219864,0.145899140251954
7,7,1,107,140,201,151,0.0001187973045085,0.0031968395414524,0.0217589530947645,0.0596591560194353,0.154631401906587
7,7,1,49,84,132,294,0.0001242740043687,0.0015199675710494,0.0117763439509962,0.0297056549955784,0.144169502893057
7,7,2,156,224,333,445,0.0001214739559982,0.0023741369967905,0.0165105572335189,0.0426227040178688,0.147557085027544
7,8,2,94,141,166,175,0.0002375946090171,0.0028084384756685,0.0219143741882985,0.0492707457672948,0.179208578368561
7,8,4,42,66,133,310,0.000497096017475,0.0013028293466138,0.0092528416757827,0.029930697836454,0.152015462234175
7,8,6,136,207,299,485,0.0003644218679946,0.0020697604587404,0.0152575238720465,0.0382708363403687,0.160820643232268
7,9,1,88,131,177,158,0.0001187973045085,0.0026291764453067,0.0203601632529582,0.0525356747036819,0.16179974504133
7,9,1,44,83,134,274,0.0001242740043687,0.0013648688393097,0.011636149380151,0.0301557406773296,0.134362053716658
7,9,2,132,214,311,432,0.0001214739559982,0.0020088851511304,0.0157734787855939,0.0398067896383099,0.143246428611009
7,10,0,102,123,149,139,0.0,0.0030474545161509,0.0191167945046859,0.0442249465019695,0.1423428136756
7,10,1,38,76,143,279,0.0001242740043687,0.001178750361222,0.0106547873842347,0.03218112624521,0.136813916010758
7,10,1,140,199,292,418,6.07369779991075e-05,0.0021306357663505,0.0146678611137065,0.0373748635832363,0.138604183239356
7,11,3,93,139,156,139,0.0003563919135257,0.0027785614706082,0.0216035320012305,0.0463026285523976,0.1423428136756
7,11,2,43,77,148,290,0.0002485480087375,0.0013338490929617,0.0107949819550798,0.0333063404495879,0.142208013057777
7,11,5,136,216,304,429,0.0003036848899955,0.0020697604587404,0.0159208944751789,0.0389108168811776,0.142251661745655
7,12,1,97,131,144,154,0.0001187973045085,0.0028980694908494,0.0203601632529582,0.0427408878945208,0.157703548964334
7,12,2,39,87,118,248,0.0002485480087375,0.0012097701075699,0.0121969276635318,0.0265550552233201,0.12161236978734
7,12,3,136,218,262,402,0.0001822109339973,0.0020697604587404,0.0160683101647639,0.0335349803383833,0.133298759957467
7,13,1,97,135,148,159,0.0001187973045085,0.0028980694908494,0.0209818476270943,0.0439281347804797,0.162823794060579
7,13,2,57,77,121,256,0.0002485480087375,0.001768125541833,0.0107949819550798,0.0272301837459469,0.1255353494579
7,13,3,154,212,269,415,0.0001822109339973,0.0023436993429855,0.0156260630960089,0.0344309530955157,0.137609416374002
7,14,2,84,135,171,153,0.0002375946090171,0.0025096684250654,0.0209818476270943,0.0507548043747435,0.156679499945085
7,14,2,41,87,132,249,0.0002485480087375,0.0012718096002658,0.0121969276635318,0.0297056549955784,0.12210274224616
7,14,4,125,222,303,402,0.0002429479119964,0.0019023533628129,0.0163631415439339,0.0387828207730158,0.133298759957467
7,15,1,90,120,145,164,0.0001187973045085,0.0026889304554273,0.0186505312240839,0.0430376996160106,0.167944039156823
7,15,3,35,58,149,268,0.0003728220131063,0.0010856911221781,0.0081312851090211,0.0335313832904635,0.131419818963739
7,15,4,125,178,294,432,0.0002429479119964,0.0019023533628129,0.0131199963730641,0.0376308557995599,0.143246428611009
7,16,0,108,130,157,162,0.0,0.0032267165465127,0.0202047421594242,0.0465994402738873,0.165895941118325
7,16,0,44,72,135,247,0.0,0.0013648688393097,0.0100940091008539,0.0303807835182052,0.12112199732852
7,16,0,152,202,292,409,0.0,0.0023132616891805,0.014888984648084,0.0373748635832363,0.135619882643294
7,17,1,82,119,169,144,0.0001187973045085,0.0024499144149448,0.0184951101305498,0.050161180931764,0.147463058771845
7,17,1,48,68,126,251,0.0001242740043687,0.0014889478247015,0.0095332308174731,0.0283553979503249,0.1230834871638
7,17,2,130,187,295,395,0.0001214739559982,0.0019784474973254,0.0137833669761966,0.0377588519077217,0.130977637271641
7,18,0,95,135,165,155,0.0,0.0028383154807288,0.0209818476270943,0.0489739340458051,0.158727597983583
7,18,1,44,85,137,251,0.0001242740043687,0.0013648688393097,0.0119165385218414,0.0308308691999564,0.1230834871638
7,18,1,139,220,302,406,6.07369779991075e-05,0.0021154169394479,0.0162157258543489,0.038654824664854,0.134625115777939
7,19,2,115,122,175,145,0.0002375946090171,0.0034358555819348,0.0189613734111519,0.0519420512607024,0.148487107791094
7,19,1,49,89,122,296,0.0001242740043687,0.0015199675710494,0.0124773168052222,0.0274552265868225,0.145150247810696
7,19,3,164,211,297,441,0.0001822109339973,0.0024958876120105,0.0155523552512164,0.0380148441240452,0.146230729207072
7,20,0,96,143,160,149,0.0,0.0028681924857891,0.0222252163753666,0.0474898754383565,0.152583303868089
7,20,1,47,68,98,247,0.0001242740043687,0.0014579280783535,0.0095332308174731,0.0220541984058082,0.12112199732852
7,20,1,143,211,258,396,6.07369779991075e-05,0.002176292247058,0.0155523552512164,0.0330229959057362,0.131309226226759
7,21,1,84,125,158,134,0.0001187973045085,0.0025096684250654,0.019427636691754,0.046896251995377,0.137222568579356
7,21,3,42,56,126,267,0.0003728220131063,0.0013028293466138,0.0078508959673308,0.0283553979503249,0.130929446504919
7,21,4,126,181,284,401,0.0002429479119964,0.0019175721897154,0.0133411199074416,0.0363508947179422,0.132967171002349
7,22,1,92,111,148,135,0.0001187973045085,0.0027486844655479,0.0172517413822776,0.0439281347804797,0.138246617598605
7,22,4,40,78,151,253,0.000497096017475,0.0012407898539179,0.010935176525925,0.0339814689722147,0.12406423208144
7,22,5,132,189,299,388,0.0003036848899955,0.0020088851511304,0.0139307826657816,0.0382708363403687,0.128656514585814
7,23,2,90,130,141,137,0.0002375946090171,0.0026889304554273,0.0202047421594242,0.0418504527300516,0.140294715637102
7,23,5,40,70,117,249,0.0006213700218438,0.0012407898539179,0.0098136199591635,0.0263300123824445,0.12210274224616
7,23,7,130,200,258,386,0.0004251588459937,0.0019784474973254,0.014741568958499,0.0330229959057362,0.127993336675578
7,24,1,79,110,156,149,0.0001187973045085,0.0023602833997639,0.0170963202887435,0.0463026285523976,0.152583303868089
7,24,2,56,68,136,252,0.0002485480087375,0.001737105795485,0.0095332308174731,0.0306058263590808,0.12357385962262
7,24,3,135,178,292,401,0.0001822109339973,0.0020545416318379,0.0131199963730641,0.0373748635832363,0.132967171002349
7,25,2,120,157,169,151,0.0002375946090171,0.0035852406072364,0.024401111684843,0.050161180931764,0.154631401906587
7,25,0,32,67,130,252,0.0,0.0009926318831343,0.0093930362466279,0.0292555693138273,0.12357385962262
7,25,2,152,224,299,403,0.0001214739559982,0.0023132616891805,0.0165105572335189,0.0382708363403687,0.133630348912585
7,26,3,107,139,135,117,0.0003563919135257,0.0031968395414524,0.0216035320012305,0.0400695824011133,0.119813735252124
7,26,2,39,73,140,254,0.0002485480087375,0.0012097701075699,0.0102342036716991,0.0315059977225832,0.12455460454026
7,26,5,146,212,275,371,0.0003036848899955,0.0022219487277655,0.0156260630960089,0.0351989297444863,0.123019502348807
7,27,3,107,128,174,153,0.0003563919135257,0.0031968395414524,0.0198938999723561,0.0516452395392127,0.156679499945085
7,27,1,39,86,140,261,0.0001242740043687,0.0012097701075699,0.0120567330926866,0.0315059977225832,0.127987211751999
7,27,4,146,214,314,414,0.0002429479119964,0.0022219487277655,0.0157734787855939,0.0401907779627952,0.137277827418884
7,28,3,99,157,159,164,0.0003563919135257,0.00295782350097,0.024401111684843,0.0471930637168667,0.167944039156823
7,28,1,56,84,162,263,0.0001242740043687,0.001737105795485,0.0117763439509962,0.0364569402218463,0.128967956669639
7,28,4,155,241,321,427,0.0002429479119964,0.002358918169888,0.0177635905949913,0.0410867507199276,0.141588483835419
7,29,1,101,119,142,139,0.0001187973045085,0.0030175775110906,0.0184951101305498,0.0421472644515414,0.1423428136756
7,29,1,45,59,144,264,0.0001242740043687,0.0013958885856576,0.0082714796798663,0.0324061690860856,0.129458329128459
7,29,2,146,178,286,403,0.0001214739559982,0.0022219487277655,0.0131199963730641,0.0366068869342657,0.133630348912585
7,30,2,97,126,138,170,0.0002375946090171,0.0028980694908494,0.019583057785288,0.0409600175655825,0.174088333272317
7,30,1,45,62,136,251,0.0001242740043687,0.0013958885856576,0.0086920633924019,0.0306058263590808,0.1230834871638
7,30,3,142,188,274,421,0.0001822109339973,0.0021610734201555,0.0138570748209891,0.0350709336363245,0.139598950104711
7,31,2,104,122,167,156,0.0002375946090171,0.0031072085262715,0.0189613734111519,0.0495675574887846,0.159751647002832
7,31,1,49,82,141,239,0.0001242740043687,0.0015199675710494,0.0114959548093058,0.0317310405634588,0.117199017657961
7,31,3,153,204,308,395,0.0001822109339973,0.002328480516083,0.015036400337669,0.0394228013138246,0.130977637271641
7,32,3,82,151,160,166,0.0003563919135257,0.0024499144149448,0.0234685851236388,0.0474898754383565,0.169992137195321
7,32,1,60,61,136,280,0.0001242740043687,0.0018611847808768,0.0085518688215567,0.0306058263590808,0.137304288469578
7,32,4,142,212,296,446,0.0002429479119964,0.0021610734201555,0.0156260630960089,0.0378868480158834,0.147888673982663
7,33,0,85,126,165,147,0.0,0.0025395454301257,0.019583057785288,0.0489739340458051,0.150535205829592
7,33,1,59,73,140,285,0.0001242740043687,0.0018301650345289,0.0102342036716991,0.0315059977225832,0.139756150763677
7,33,1,144,199,305,432,6.07369779991075e-05,0.0021915110739605,0.0146678611137065,0.0390388129893393,0.143246428611009
7,34,1,111,122,144,165,0.0001187973045085,0.0033163475616936,0.0189613734111519,0.0427408878945208,0.168968088176072
7,34,0,50,70,131,272,0.0,0.0015509873173973,0.0098136199591635,0.0294806121547028,0.133381308799018
7,34,1,161,192,275,437,6.07369779991075e-05,0.002450231131303,0.014151906200159,0.0351989297444863,0.1449043733866
7,35,3,99,133,146,136,0.0003563919135257,0.00295782350097,0.0206710054400263,0.0433345113375003,0.139270666617853
7,35,1,52,80,120,309,0.0001242740043687,0.0016130268100932,0.0112155656676154,0.0270051409050713,0.151525089775355
7,35,4,151,213,266,445,0.0002429479119964,0.002298042862278,0.0156997709408014,0.0340469647710304,0.147557085027544
7,36,1,85,125,177,158,0.0001187973045085,0.0025395454301257,0.019427636691754,0.0525356747036819,0.16179974504133
7,36,2,51,62,166,321,0.0002485480087375,0.0015820070637453,0.0086920633924019,0.0373571115853486,0.157409559281194
7,36,3,136,187,343,479,0.0001822109339973,0.0020697604587404,0.0137833669761966,0.0439026650994865,0.158831109501559
7,37,1,79,101,178,172,0.0001187973045085,0.0023602833997639,0.0156975304469372,0.0528324864251716,0.176136431310815
7,37,0,34,78,144,277,0.0,0.0010546713758302,0.010935176525925,0.0324061690860856,0.135833171093118
7,37,1,113,179,322,449,6.07369779991075e-05,0.0017197274399829,0.0131937042178566,0.0412147468280894,0.148883440848017
7,38,0,81,143,169,170,0.0,0.0024200374098845,0.0222252163753666,0.050161180931764,0.174088333272317
7,38,2,43,61,147,305,0.0002485480087375,0.0013338490929617,0.0085518688215567,0.0330812976087124,0.149563599940076
7,38,2,124,204,316,475,0.0001214739559982,0.0018871345359104,0.015036400337669,0.0404467701791188,0.157504753681087
7,39,2,93,132,183,180,0.0002375946090171,0.0027785614706082,0.0205155843464922,0.0543165450326202,0.184328823464806
7,39,0,48,71,155,270,0.0,0.0014889478247015,0.0099538145300086,0.0348816403357171,0.132400563881378
7,39,2,141,203,338,450,0.0001214739559982,0.002145854593253,0.0149626924928765,0.0432626845586777,0.149215029803135
7,40,1,106,125,178,164,0.0001187973045085,0.0031669625363921,0.019427636691754,0.0528324864251716,0.167944039156823
7,40,2,40,66,154,302,0.0002485480087375,0.0012407898539179,0.0092528416757827,0.0346565974948415,0.148092482563616
7,40,3,146,191,332,466,0.0001822109339973,0.0022219487277655,0.0140781983553665,0.0424947079097071,0.154520453085024
7,41,2,94,144,179,186,0.0002375946090171,0.0028084384756685,0.0223806374689006,0.0531292981466613,0.1904731175803
7,41,0,58,88,153,283,0.0,0.0017991452881809,0.012337122234377,0.0344315546539659,0.138775405846037
7,41,2,152,232,332,469,0.0001214739559982,0.0023132616891805,0.0171002199918588,0.0424947079097071,0.155515219950378
7,42,2,108,148,191,162,0.0002375946090171,0.0032267165465127,0.0230023218430368,0.056691038804538,0.165895941118325
7,42,4,62,56,165,302,0.000497096017475,0.0019232242735727,0.0078508959673308,0.037132068744473,0.148092482563616
7,42,6,170,204,356,464,0.0003644218679946,0.0025872005734256,0.015036400337669,0.0455666145055895,0.153857275174788
7,43,4,80,132,178,179,0.0004751892180343,0.0023901604048242,0.0205155843464922,0.0528324864251716,0.183304774445557
7,43,0,53,67,147,289,0.0,0.0016440465564412,0.0093930362466279,0.0330812976087124,0.141717640598957
7,43,4,133,199,325,468,0.0002429479119964,0.0020241039780329,0.0146678611137065,0.0415987351525747,0.15518363099526
7,44,2,94,98,183,172,0.0002375946090171,0.0028084384756685,0.0152312671663351,0.0543165450326202,0.176136431310815
7,44,1,43,58,157,280,0.0001242740043687,0.0013338490929617,0.0081312851090211,0.0353317260174683,0.137304288469578
7,44,3,137,156,340,452,0.0001822109339973,0.0020849792856429,0.0114984237876292,0.0435186767750012,0.149878207713371
7,45,3,82,129,170,170,0.0003563919135257,0.0024499144149448,0.0200493210658901,0.0504579926532538,0.174088333272317
7,45,1,46,81,139,340,0.0001242740043687,0.0014269083320056,0.0113557602384606,0.0312809548817076,0.166726635998773
7,45,4,128,210,309,510,0.0002429479119964,0.0019480098435204,0.0154786474064239,0.0395507974219864,0.16911036711022
7,46,1,88,143,170,183,0.0001187973045085,0.0026291764453067,0.0222252163753666,0.0504579926532538,0.187400970522553
7,46,0,53,77,166,312,0.0,0.0016440465564412,0.0107949819550798,0.0373571115853486,0.152996207151815
7,46,1,141,220,336,495,6.07369779991075e-05,0.002145854593253,0.0162157258543489,0.0430066923423542,0.164136532783448
7,47,0,105,126,204,189,0.0,0.0031370855313318,0.019583057785288,0.0605495911839045,0.193545264638046
7,47,3,48,70,168,316,0.0003728220131063,0.0014889478247015,0.0098136199591635,0.0378071972670998,0.154957696987095
7,47,3,153,196,372,505,0.0001822109339973,0.002328480516083,0.014446737579329,0.0476145522361778,0.167452422334629
7,48,1,118,154,198,176,0.0001187973045085,0.0035254865971158,0.0239348484042409,0.0587687208549661,0.18023262738781
7,48,3,57,74,158,292,0.0003728220131063,0.001768125541833,0.0103743982425443,0.0355567688583439,0.143188757975417
7,48,4,175,228,356,468,0.0002429479119964,0.0026632947079381,0.0168053886126889,0.0455666145055895,0.15518363099526
7,49,3,125,158,208,190,0.0003563919135257,0.0037346256325379,0.0245565327783771,0.0617368380698634,0.194569313657295
7,49,1,46,91,177,301,0.0001242740043687,0.0014269083320056,0.0127577059469125,0.0398325828349802,0.147602110104796
7,49,4,171,249,385,491,0.0002429479119964,0.0026024194003281,0.0183532533533313,0.0492785016422808,0.162810176962976
7,50,3,85,146,171,200,0.0003563919135257,0.0025395454301257,0.0226914796559687,0.0507548043747435,0.204809803849785
7,50,2,54,85,149,330,0.0002485480087375,0.0016750663027891,0.0119165385218414,0.0335313832904635,0.161822911410574
7,50,5,139,231,320,530,0.0003036848899955,0.0021154169394479,0.0170265121470663,0.0409587546117659,0.175742146212581
7,51,1,82,141,194,191,0.0001187973045085,0.0024499144149448,0.0219143741882985,0.0575814739690072,0.195593362676544
7,51,3,58,79,169,318,0.0003728220131063,0.0017991452881809,0.0110753710967702,0.0380322401079754,0.155938441904735
7,51,4,140,220,363,509,0.0002429479119964,0.0021306357663505,0.0162157258543489,0.0464625872627219,0.168778778155101
7,52,0,110,174,198,223,0.0,0.0032864705566333,0.0270432702749216,0.0587687208549661,0.22836293129251
7,52,0,41,89,175,326,0.0,0.0012718096002658,0.0124773168052222,0.039382497153229,0.159861421575294
7,52,0,151,263,373,549,0.0,0.002298042862278,0.0193851631804262,0.0477425483443396,0.182042336359825
8,1,1,80,143,185,213,0.0001202500815055,0.0023824551983873,0.0224546579680735,0.051439698133856,0.213452291063349
8,1,0,60,73,174,349,0.0,0.0018601652703492,0.0103504757655227,0.0371013563680404,0.170279408564668
8,1,1,140,216,359,562,6.14699340123239e-05,0.0021265606113313,0.0160939348887115,0.0433245256177175,0.184416261034953
8,2,3,108,164,216,189,0.0003607502445166,0.0032163145178229,0.0257521951521961,0.0600593232265562,0.189401328690014
8,2,3,50,75,175,300,0.0003772582184813,0.001550137725291,0.0106340504440302,0.0373145825540636,0.146371984439543
8,2,6,158,239,391,489,0.0003688196040739,0.0023999755470739,0.017807640918528,0.0471863217730572,0.160461835669203
8,3,2,120,144,212,229,0.0002405001630111,0.003573682797581,0.0226116835482698,0.0589471135371756,0.229486265978906
8,3,1,48,91,177,379,0.0001257527394937,0.0014881322162793,0.0129026478720899,0.0377410349261101,0.184916607008622
8,3,3,168,235,389,608,0.0001844098020369,0.0025518727335976,0.0175096050872556,0.0469449595133485,0.199510830443507
8,4,1,82,143,198,191,0.0001202500815055,0.002442016578347,0.0224546579680735,0.0550543796243432,0.191405575554459
8,4,3,47,73,168,339,0.0003772582184813,0.0014571294617735,0.0103504757655227,0.0358219992519011,0.165400342416683
8,4,4,129,216,366,530,0.0002458797360492,0.0019594737061553,0.0160939348887115,0.0441692935266981,0.17391569101161
8,5,1,104,139,222,194,0.0001202500815055,0.0030971917579035,0.0218265556472882,0.0617276377606273,0.194411945851126
8,5,3,42,82,176,351,0.0003772582184813,0.0013021156892444,0.0116265618188063,0.0375278087400868,0.171255221794265
8,5,4,146,221,398,545,0.0002458797360492,0.0022176989232455,0.0164664796778021,0.0480310896820378,0.178837833210052
8,6,4,102,159,198,204,0.0004810003260222,0.0030376303779438,0.0249670672512145,0.0550543796243432,0.204433180173349
8,6,2,54,85,209,337,0.0002515054789875,0.0016741487433143,0.0120519238365675,0.0445642728788531,0.164424529187086
8,6,6,156,244,407,541,0.0003688196040739,0.0023695961097692,0.0181801857076186,0.0491172198507271,0.177525261957134
8,7,4,106,163,205,175,0.0004810003260222,0.0031567531378632,0.0255951695719998,0.0570007465807594,0.175371600638902
8,7,1,40,71,169,331,0.0001257527394937,0.0012401101802328,0.0100669010870152,0.0360352254379243,0.161497089498295
8,7,5,146,234,374,506,0.0003073496700616,0.0022176989232455,0.0174350961294375,0.045134742565533,0.166040263494103
8,8,2,81,139,176,173,0.0002405001630111,0.0024122358883671,0.0218265556472882,0.0489372263327495,0.173367353774458
8,8,0,54,70,146,326,0.0,0.0016741487433143,0.0099251137477614,0.0311310231593902,0.159057556424303
8,8,2,135,209,322,499,0.0001229398680246,0.0020506120180695,0.0155723721839848,0.038859323813106,0.163743263801497
8,9,2,83,136,214,181,0.0002405001630111,0.0024717972683268,0.0213554789066992,0.0595032183818659,0.181384341232236
8,9,2,43,79,169,336,0.0002515054789875,0.0013331184437502,0.0112011998010451,0.0360352254379243,0.163936622572288
8,9,4,126,215,383,517,0.0002458797360492,0.0019139045501982,0.0160194259308934,0.0462208727342223,0.169649834439627
8,10,1,112,122,206,170,0.0001202500815055,0.0033354372777422,0.0191571207839508,0.0572787990031046,0.170360983477791
8,10,1,58,84,160,349,0.0001257527394937,0.0017981597613375,0.0119101364973138,0.0341161897637153,0.170279408564668
8,10,2,170,206,366,519,0.0001229398680246,0.0025822521709024,0.0153488453105304,0.0441692935266981,0.170306120066086
8,11,3,91,127,199,189,0.0003607502445166,0.0027100427881656,0.0199422486849324,0.0553324320466884,0.189401328690014
8,11,2,56,64,177,335,0.0002515054789875,0.0017361542523259,0.009074389712239,0.0377410349261101,0.163448715957489
8,11,5,147,191,376,524,0.0003073496700616,0.0022328886418979,0.0142312109432588,0.0453761048252418,0.171946834132233
8,12,0,91,149,163,184,0.0,0.0027100427881656,0.0233968114492514,0.0453225448422623,0.184390711528903
8,12,3,46,91,159,347,0.0003772582184813,0.0014261267072677,0.0129026478720899,0.0339029635776921,0.169303595335071
8,12,3,137,240,322,531,0.0001844098020369,0.0020809914553742,0.0178821498763461,0.038859323813106,0.17424383382484
8,13,1,104,153,207,188,0.0001202500815055,0.0030971917579035,0.0240249137700366,0.0575568514254497,0.188399205257792
8,13,1,42,88,155,336,0.0001257527394937,0.0013021156892444,0.0124772858543287,0.0330500588335992,0.163936622572288
8,13,2,146,241,362,524,0.0001229398680246,0.0022176989232455,0.0179566588341642,0.0436865690072806,0.171946834132233
8,14,1,106,145,223,171,0.0001202500815055,0.0031567531378632,0.0227687091284661,0.0620056901829724,0.171363106910013
8,14,0,60,80,173,350,0.0,0.0018601652703492,0.0113429871402988,0.0368881301820172,0.170767315179466
8,14,1,166,225,396,521,6.14699340123239e-05,0.0025214932962929,0.0167645155090745,0.0477897274223291,0.170962405692545
8,15,4,101,133,202,193,0.0004810003260222,0.003007849687964,0.0208844021661103,0.0561665893137239,0.193409822418904
8,15,2,41,96,165,340,0.0002515054789875,0.0012711129347386,0.0136115845683586,0.0351823206938314,0.165888249031482
8,15,6,142,229,367,533,0.0003688196040739,0.0021569400486361,0.0170625513403469,0.0442899746565525,0.174900119451298
8,16,2,98,131,193,189,0.0002405001630111,0.0029185076180244,0.0205703510057176,0.0536641175126174,0.189401328690014
8,16,0,43,86,173,326,0.0,0.0013331184437502,0.0121937111758213,0.0368881301820172,0.159057556424303
8,16,2,141,217,366,515,0.0001229398680246,0.0021417503299837,0.0161684438465296,0.0441692935266981,0.168993548813168
8,17,1,111,137,190,185,0.0001202500815055,0.0033056565877624,0.0215125044868956,0.0528299602455819,0.185392834961125
8,17,1,54,87,150,314,0.0001257527394937,0.0016741487433143,0.012335498515075,0.0319839279034831,0.153202677046721
8,17,2,165,224,340,499,0.0001229398680246,0.0025063035776405,0.0166900065512564,0.0410315841504846,0.163743263801497
8,18,3,109,144,198,176,0.0003607502445166,0.0032460952078027,0.0226116835482698,0.0550543796243432,0.176373724071124
8,18,1,49,91,145,294,0.0001257527394937,0.0015191349707852,0.0129026478720899,0.030917796973367,0.143444544750752
8,18,4,158,235,343,470,0.0002458797360492,0.0023999755470739,0.0175096050872556,0.0413936275400477,0.154227122217843
8,19,2,116,114,192,139,0.0002405001630111,0.0034545600376616,0.0179009161423802,0.0533860650902722,0.139295157078899
8,19,0,59,84,146,308,0.0,0.0018291625158434,0.0119101364973138,0.0311310231593902,0.15027523735793
8,19,2,175,198,338,447,0.0001229398680246,0.0026582007641642,0.0147527736479856,0.0407902218907758,0.146679837513566
8,20,4,89,119,191,181,0.0004810003260222,0.0026504814082059,0.0186860440433618,0.0531080126679271,0.181384341232236
8,20,1,40,71,141,275,0.0001257527394937,0.0012401101802328,0.0100669010870152,0.0300648922292741,0.134174319069581
8,20,5,129,190,332,456,0.0003073496700616,0.0019594737061553,0.0141567019854407,0.0400661351116496,0.149633122832631
8,21,1,78,115,167,154,0.0001202500815055,0.0023228938184276,0.0180579417225766,0.046434754531643,0.154327008562234
8,21,1,46,81,161,277,0.0001257527394937,0.0014261267072677,0.0114847744795526,0.0343294159497385,0.135150132299178
8,21,2,124,196,328,431,0.0001229398680246,0.0018835251128935,0.0146037557323493,0.0395834105922322,0.141429552501894
8,22,2,96,118,165,134,0.0002405001630111,0.0028589462380648,0.0185290184631655,0.0458786496869527,0.134284539917788
8,22,0,42,74,160,279,0.0,0.0013021156892444,0.0104922631047764,0.0341161897637153,0.136125945528775
8,22,2,138,192,325,413,0.0001229398680246,0.0020961811740266,0.0143057199010769,0.0392213672026691,0.135522981863764
8,23,2,86,107,182,139,0.0002405001630111,0.0025611393382663,0.016801737081006,0.0506055408668205,0.139295157078899
8,23,2,41,79,132,251,0.0002515054789875,0.0012711129347386,0.0112011998010451,0.0281458565550651,0.122464560314417
8,23,4,127,186,314,390,0.0002458797360492,0.0019290942688506,0.0138586661541682,0.037893874774271,0.127975697159487
8,24,0,105,128,187,138,0.0,0.0031269724478833,0.0200992742651287,0.0519958029785464,0.138293033646677
8,24,1,46,55,123,258,0.0001257527394937,0.0014261267072677,0.0077983036589554,0.0262268208808561,0.125879906618007
8,24,1,151,183,310,396,6.14699340123239e-05,0.0022936475165074,0.0136351392807139,0.0374111502548536,0.129944554038863
8,25,2,77,117,181,166,0.0002405001630111,0.0022931131284478,0.0183719928829692,0.0503274884444754,0.166352489748901
8,25,0,45,80,129,269,0.0,0.0013951239527619,0.0113429871402988,0.0275061779969955,0.13124687938079
8,25,2,122,197,310,435,0.0001229398680246,0.0018531456755887,0.0146782646901674,0.0374111502548536,0.142742123754812
8,26,3,107,130,176,148,0.0003607502445166,0.003186533827843,0.0204133254255213,0.0489372263327495,0.1483142679689
8,26,0,50,83,161,285,0.0,0.001550137725291,0.0117683491580601,0.0343294159497385,0.139053385217565
8,26,3,157,213,337,433,0.0001844098020369,0.0023847858284216,0.0158704080152572,0.0406695407609215,0.142085838128353
8,27,2,98,126,165,160,0.0002405001630111,0.0029185076180244,0.0197852231047361,0.0458786496869527,0.160339749155568
8,27,2,42,85,143,267,0.0002515054789875,0.0013021156892444,0.0120519238365675,0.0304913446013206,0.130271066151193
8,27,4,140,211,308,427,0.0002458797360492,0.0021265606113313,0.015721390099621,0.0371697879951448,0.140116981248976
8,28,0,87,130,162,142,0.0,0.0025909200282462,0.0204133254255213,0.0450444924199172,0.142301527375566
8,28,1,47,57,121,255,0.0001257527394937,0.0014571294617735,0.0080818783374629,0.0258003685088097,0.124416186773611
8,28,1,134,187,283,397,6.14699340123239e-05,0.0020354222994171,0.0139331751119864,0.0341527597487857,0.130272696852093
8,29,1,99,137,170,135,0.0001202500815055,0.0029482883080043,0.0215125044868956,0.0472689117986785,0.13528666335001
8,29,0,58,73,149,288,0.0,0.0017981597613375,0.0103504757655227,0.0317707017174599,0.140517105061961
8,29,1,157,210,319,423,6.14699340123239e-05,0.0023847858284216,0.0156468811418029,0.0384972804235429,0.138804409996059
8,30,5,83,127,164,171,0.0006012504075278,0.0024717972683268,0.0199422486849324,0.0456005972646075,0.171363106910013
8,30,0,35,82,142,288,0.0,0.0010850964077037,0.0116265618188063,0.0302781184152973,0.140517105061961
8,30,5,118,209,306,459,0.0003073496700616,0.0017923868009793,0.0155723721839848,0.0369284257354361,0.150617551272319
8,31,0,80,144,180,167,0.0,0.0023824551983873,0.0226116835482698,0.0500494360221302,0.167354613181124
8,31,1,44,82,150,266,0.0001257527394937,0.0013641211982561,0.0116265618188063,0.0319839279034831,0.129783159536394
8,31,1,124,226,330,433,6.14699340123239e-05,0.0018835251128935,0.0168390244668926,0.0398247728519409,0.142085838128353
8,32,3,114,125,181,172,0.0003607502445166,0.0033949986577019,0.0196281975245397,0.0503274884444754,0.172365230342235
8,32,1,60,94,156,277,0.0001257527394937,0.0018601652703492,0.0133280098898511,0.0332632850196224,0.135150132299178
8,32,4,174,219,337,449,0.0002458797360492,0.0026430110455118,0.0163174617621658,0.0406695407609215,0.147336123140024
8,33,1,88,127,181,184,0.0001202500815055,0.002620700718226,0.0199422486849324,0.0503274884444754,0.184390711528903
8,33,1,45,73,160,330,0.0001257527394937,0.0013951239527619,0.0103504757655227,0.0341161897637153,0.161009182883497
8,33,2,133,200,341,514,0.0001229398680246,0.0020202325807648,0.0149017915636218,0.0411522652803389,0.168665405999939
8,34,1,92,115,186,142,0.0001202500815055,0.0027398234781454,0.0180579417225766,0.0517177505562012,0.142301527375566
8,34,2,57,69,157,276,0.0002515054789875,0.0017671570068317,0.0097833264085077,0.0334765112056456,0.134662225684379
8,34,3,149,184,343,418,0.0001844098020369,0.0022632680792026,0.013709648238532,0.0413936275400477,0.137163695929911
8,35,1,86,116,161,145,0.0001202500815055,0.0025611393382663,0.0182149673027729,0.044766439997572,0.145307897672233
8,35,1,42,87,132,289,0.0001257527394937,0.0013021156892444,0.012335498515075,0.0281458565550651,0.141005011676759
8,35,2,128,203,293,434,0.0001229398680246,0.0019442839875029,0.0151253184370761,0.0353595710473293,0.142413980941583
8,36,2,107,136,195,170,0.0002405001630111,0.003186533827843,0.0213554789066992,0.0542202223573077,0.170360983477791
8,36,2,44,76,164,297,0.0002515054789875,0.0013641211982561,0.0107758377832839,0.0349690945078082,0.144908264595147
8,36,4,151,212,359,467,0.0002458797360492,0.0022936475165074,0.0157958990574391,0.0433245256177175,0.153242693778155
8,37,4,79,131,201,201,0.0004810003260222,0.0023526745084075,0.0205703510057176,0.0558885368913787,0.201426809876682
8,37,4,52,88,157,315,0.0005030109579751,0.0016121432343026,0.0124772858543287,0.0334765112056456,0.15369058366152
8,37,8,131,219,358,516,0.0004917594720985,0.00198985314346,0.0163174617621658,0.0432038444878632,0.169321691626398
8,38,0,93,135,196,162,0.0,0.0027696041681252,0.0211984533265029,0.0544982747796529,0.162343996020012
8,38,1,48,80,158,273,0.0001257527394937,0.0014881322162793,0.0113429871402988,0.0336897373916689,0.133198505839984
8,38,1,141,215,354,435,6.14699340123239e-05,0.0021417503299837,0.0160194259308934,0.0427211199684457,0.142742123754812
8,39,2,91,123,188,191,0.0002405001630111,0.0027100427881656,0.0193141463641471,0.0522738554008916,0.191405575554459
8,39,4,39,74,155,306,0.0005030109579751,0.001209107425727,0.0104922631047764,0.0330500588335992,0.149299424128333
8,39,6,130,197,343,497,0.0003688196040739,0.0019746634248077,0.0146782646901674,0.0413936275400477,0.163086978175038
8,40,0,90,117,202,187,0.0,0.0026802620981857,0.0183719928829692,0.0561665893137239,0.18739708182557
8,40,2,48,86,170,309,0.0002515054789875,0.0014881322162793,0.0121937111758213,0.0362484516239475,0.150763143972729
8,40,2,138,203,372,496,0.0001229398680246,0.0020961811740266,0.0151253184370761,0.0448933803058243,0.162758835361809
8,41,2,93,134,193,202,0.0002405001630111,0.0027696041681252,0.0210414277463066,0.0536641175126174,0.202428933308904
8,41,2,53,80,156,317,0.0002515054789875,0.0016431459888084,0.0113429871402988,0.0332632850196224,0.154666396891117
8,41,4,146,214,349,519,0.0002458797360492,0.0022176989232455,0.0159449169730753,0.0421177143191739,0.170306120066086
8,42,4,105,126,201,191,0.0004810003260222,0.0031269724478833,0.0197852231047361,0.0558885368913787,0.191405575554459
8,42,0,49,84,146,339,0.0,0.0015191349707852,0.0119101364973138,0.0311310231593902,0.165400342416683
8,42,4,154,210,347,530,0.0002458797360492,0.0023392166724645,0.0156468811418029,0.0418763520594651,0.17391569101161
8,43,6,85,126,200,212,0.0007215004890333,0.0025313586482865,0.0197852231047361,0.0556104844690336,0.212450167631127
8,43,2,50,82,145,343,0.0002515054789875,0.001550137725291,0.0116265618188063,0.030917796973367,0.167351968875877
8,43,8,135,208,345,555,0.0004917594720985,0.0020506120180695,0.0154978632261666,0.0416349897997564,0.182119261342346
8,44,2,107,138,220,196,0.0002405001630111,0.003186533827843,0.0216695300670919,0.0611715329159369,0.19641619271557
8,44,5,42,73,166,310,0.0006287636974689,0.0013021156892444,0.0103504757655227,0.0353955468798546,0.151251050587527
8,44,7,149,211,386,506,0.0004302895380862,0.0022632680792026,0.015721390099621,0.0465829161237854,0.166040263494103
8,45,0,90,130,201,205,0.0,0.0026802620981857,0.0204133254255213,0.0558885368913787,0.205435303605571
8,45,2,42,102,142,322,0.0002515054789875,0.0013021156892444,0.014462308603881,0.0302781184152973,0.157105929965109
8,45,2,132,232,343,527,0.0001229398680246,0.0020050428621124,0.0172860782138013,0.0413936275400477,0.172931262571922
8,46,1,92,149,206,178,0.0001202500815055,0.0027398234781454,0.0233968114492514,0.0572787990031046,0.178377970935569
8,46,1,50,84,159,319,0.0001257527394937,0.001550137725291,0.0119101364973138,0.0339029635776921,0.155642210120714
8,46,2,142,233,365,497,0.0001229398680246,0.0021569400486361,0.0173605871716194,0.0440486123968437,0.163086978175038
8,47,1,95,139,215,186,0.0001202500815055,0.0028291655480849,0.0218265556472882,0.0597812708042111,0.186394958393347
8,47,2,48,81,169,342,0.0002515054789875,0.0014881322162793,0.0114847744795526,0.0360352254379243,0.166864062261079
8,47,3,143,220,384,528,0.0001844098020369,0.0021721297672884,0.0163919707199839,0.0463415538640767,0.173259405385151
8,48,2,81,155,191,175,0.0002405001630111,0.0024122358883671,0.0243389649304293,0.0531080126679271,0.175371600638902
8,48,0,38,85,132,345,0.0,0.0011781046712211,0.0120519238365675,0.0281458565550651,0.168327782105474
8,48,2,119,240,323,520,0.0001229398680246,0.0018075765196316,0.0178821498763461,0.0389800049429603,0.170634262879316
8,49,0,101,142,240,227,0.0,0.003007849687964,0.0222976323878771,0.0667325813628403,0.227482019114462
8,49,1,54,70,180,346,0.0001257527394937,0.0016741487433143,0.0099251137477614,0.0383807134841797,0.168815688720272
8,49,1,155,212,420,573,6.14699340123239e-05,0.0023544063911168,0.0157958990574391,0.0506860745388339,0.188025831980477
8,50,2,106,150,239,225,0.0002405001630111,0.0031567531378632,0.0235538370294477,0.0664545289404951,0.225477772250017
8,50,2,53,95,197,336,0.0002515054789875,0.0016431459888084,0.0134697972291049,0.0420055586465745,0.163936622572288
8,50,4,159,245,436,561,0.0002458797360492,0.0024151652657263,0.0182546946654367,0.0526169726165037,0.184088118221723
8,51,1,94,167,242,233,0.0001202500815055,0.0027993848581051,0.0262232718927851,0.0672886862075306,0.233494759707795
8,51,1,47,100,197,363,0.0001257527394937,0.0014571294617735,0.0141787339253736,0.0420055586465745,0.177110101171847
8,51,2,141,267,439,596,0.0001229398680246,0.0021417503299837,0.0198938917374351,0.0529790160060668,0.195573116684754
8,52,0,112,160,243,225,0.0,0.0033354372777422,0.0251240928314109,0.0675667386298758,0.225477772250017
8,52,2,45,114,194,370,0.0002515054789875,0.0013951239527619,0.0161637566749259,0.0413658800885048,0.180525447475436
8,52,2,157,274,437,595,0.0001229398680246,0.0023847858284216,0.0204154544421618,0.0527376537463581,0.195244973871525
9,1,1,89,140,245,216,0.0001216941890338,0.0026312617496842,0.0222829122340194,0.0644634715979554,0.209982167123081
9,1,1,45,91,190,349,0.0001272600634794,0.0013871607449584,0.0130886969956668,0.0386517663826383,0.168264144325534
9,1,2,134,231,435,565,0.0001244149080819,0.0020222007046392,0.0174531871504058,0.0499065577806508,0.182094847613988
9,2,1,101,129,209,203,0.0001216941890338,0.0029860386148102,0.0205321119870607,0.054991288016215,0.197344351509192
9,2,3,56,82,186,362,0.0003817801904384,0.001726244482615,0.0117942104796118,0.0378380449851091,0.174531863168606
9,2,4,157,211,395,565,0.0002488298161639,0.0023692948554355,0.0159420886958252,0.0453174490192116,0.182094847613988
9,3,1,106,136,176,179,0.0001216941890338,0.0031338623086127,0.0216462575987617,0.0463084530662864,0.174012999606627
9,3,3,39,68,181,353,0.0003817801904384,0.001202205978964,0.0097805647879707,0.0368208932381975,0.170192673200325
9,3,4,145,204,357,532,0.0002488298161639,0.0021882022550201,0.015413204236722,0.0409577956958444,0.171459219346269
9,4,1,99,135,195,167,0.0001216941890338,0.0029269091372892,0.0214870939399472,0.0513076610677605,0.162347323655345
9,4,2,56,73,154,313,0.0002545201269589,0.001726244482615,0.0104997239635568,0.0313282738048752,0.150907384452413
9,4,3,155,208,349,480,0.0001866223621229,0.0023391127553663,0.0157154239276381,0.0400399739435566,0.154700047530468
9,5,0,90,133,206,173,0.0,0.0026608264884447,0.0211687666223184,0.0542019393844033,0.168180161630986
9,5,1,53,71,158,310,0.0001272600634794,0.0016337670996177,0.0102120602933224,0.0321419952024045,0.14946098779632
9,5,1,143,204,364,483,6.2207454040984e-05,0.0021580201549508,0.015413204236722,0.0417608897290963,0.155666922827533
9,6,3,96,114,192,162,0.0003650825671014,0.0028382149210077,0.0181446571048443,0.0505183124359488,0.157486625342311
9,6,1,50,72,156,307,0.0001272600634794,0.0015412897166205,0.0103558921284396,0.0317351345036399,0.148014591140226
9,6,4,146,186,348,469,0.0002488298161639,0.0022032933050547,0.0140532156275995,0.0399252462245206,0.151154838107895
9,7,1,91,127,152,211,0.0001216941890338,0.0026903912272052,0.0202137846694318,0.0399936640117928,0.205121468810047
9,7,1,37,79,152,298,0.0001272600634794,0.0011405543902991,0.0113627149742602,0.0309214131061106,0.143675401171946
9,7,2,128,206,304,509,0.0001244149080819,0.0019316544044315,0.01556431408218,0.0348772265869376,0.164046508735434
9,8,2,88,140,204,168,0.0002433883780676,0.0026016970109237,0.0222829122340194,0.0536757069631955,0.163319463317952
9,8,0,47,77,148,279,0.0,0.0014488123336233,0.0110750513040257,0.0301076917085814,0.134514889016688
9,8,2,135,217,352,447,0.0001244149080819,0.0020372917546739,0.0163954182321994,0.0403841571006645,0.144064419262748
9,9,4,83,112,190,166,0.0004867767561353,0.0024538733171212,0.0178263297872155,0.049992080014741,0.161375183992738
9,9,2,35,87,149,276,0.0002545201269589,0.0010789028016343,0.0125133696551979,0.0303111220579637,0.133068492360594
9,9,6,118,199,339,442,0.0003732447242459,0.0017807439040853,0.0150354296230768,0.0388926967531968,0.142452960434306
9,10,4,91,122,181,148,0.0004867767561353,0.0026903912272052,0.0194179663753597,0.0476240341193059,0.143876670065815
9,10,0,47,73,156,263,0.0,0.0014488123336233,0.0104997239635568,0.0317351345036399,0.126800773517523
9,10,4,138,195,337,411,0.0002488298161639,0.0020825649047777,0.0147332099321607,0.0386632413151249,0.132461915697963
9,11,1,88,142,174,163,0.0001216941890338,0.0026016970109237,0.0226012395516482,0.0457822206450786,0.158458765004918
9,11,2,48,76,143,269,0.0002545201269589,0.0014796381279557,0.0109312194689085,0.0290905399616699,0.12969356682971
9,11,3,136,218,317,432,0.0001866223621229,0.0020523828047085,0.0164709731549284,0.0363686869344053,0.139230042777421
9,12,1,89,123,161,168,0.0001216941890338,0.0026312617496842,0.0195771300341741,0.0423617099072279,0.163319463317952
9,12,1,51,68,145,265,0.0001272600634794,0.0015721155109529,0.0097805647879707,0.0294974006604345,0.127765037954919
9,12,2,140,191,306,433,0.0001244149080819,0.002112747004847,0.0144309902412446,0.0351066820250095,0.13955233454311
9,13,3,83,139,178,164,0.0003650825671014,0.0024538733171212,0.0221237485752049,0.0468346854874942,0.159430904667525
9,13,1,46,85,150,301,0.0001272600634794,0.0014179865392908,0.0122257059849635,0.030514552407346,0.145121797828039
9,13,4,129,224,328,465,0.0002488298161639,0.0019467454544661,0.0169243026913026,0.0376306918438011,0.149865671045141
9,14,1,101,129,209,184,0.0001216941890338,0.0029860386148102,0.0205321119870607,0.054991288016215,0.178873697919662
9,14,3,42,75,144,306,0.0003817801904384,0.0012946833619612,0.0107873876337913,0.0292939703110522,0.147532458921529
9,14,4,143,204,353,490,0.0002488298161639,0.0021580201549508,0.015413204236722,0.0404988848197005,0.157922965187353
9,15,3,87,119,195,162,0.0003650825671014,0.0025721322721632,0.0189404753989165,0.0513076610677605,0.157486625342311
9,15,0,51,75,154,313,0.0,0.0015721155109529,0.0107873876337913,0.0313282738048752,0.150907384452413
9,15,3,138,194,349,475,0.0001866223621229,0.0020825649047777,0.0146576550094317,0.0400399739435566,0.153088588702026
9,16,1,92,130,203,189,0.0001216941890338,0.0027199559659657,0.0206912756458751,0.0534125907525917,0.183734396232696
9,16,1,44,84,166,316,0.0001272600634794,0.001356334950626,0.0120818741498462,0.0337694379974629,0.152353781108507
9,16,2,136,214,369,505,0.0001244149080819,0.0020523828047085,0.0161687534640123,0.0423345283242762,0.16275734167268
9,17,1,72,117,198,189,0.0001216941890338,0.0021286611907558,0.0186221480812876,0.0520970096995721,0.183734396232696
9,17,0,46,81,147,285,0.0,0.0014179865392908,0.0116503786444946,0.0299042613591991,0.137407682328875
9,17,1,118,198,345,474,6.2207454040984e-05,0.0017807439040853,0.0149598747003478,0.0395810630674127,0.152766296936337
9,18,2,102,136,178,169,0.0002433883780676,0.0030156033535707,0.0216462575987617,0.0468346854874942,0.164291602980559
9,18,1,46,75,162,268,0.0001272600634794,0.0014179865392908,0.0107873876337913,0.0329557165999337,0.129211434611012
9,18,3,148,211,340,437,0.0001866223621229,0.0022334754051239,0.0159420886958252,0.0390074244722328,0.140841501605864
9,19,1,99,122,200,173,0.0001216941890338,0.0029269091372892,0.0194179663753597,0.0526232421207799,0.168180161630986
9,19,0,48,72,153,273,0.0,0.0014796381279557,0.0103558921284396,0.0311248434554929,0.131622095704501
9,19,1,147,194,353,446,6.2207454040984e-05,0.0022183843550893,0.0146576550094317,0.0404988848197005,0.14374212749706
9,20,2,105,122,179,174,0.0002433883780676,0.0031042975698522,0.0194179663753597,0.0470978016980981,0.169152301293593
9,20,3,42,62,159,257,0.0003817801904384,0.0012946833619612,0.0089175737772674,0.0323454255517868,0.123907980205336
9,20,5,147,184,338,431,0.0003110372702049,0.0022183843550893,0.0139021057821414,0.0387779690341608,0.138907751011733
9,21,1,84,133,195,171,0.0001216941890338,0.0024834380558817,0.0211687666223184,0.0513076610677605,0.166235882305773
9,21,2,41,61,143,289,0.0002545201269589,0.0012638575676288,0.0087737419421502,0.0290905399616699,0.139336211203666
9,21,3,125,194,338,460,0.0001866223621229,0.0018863812543276,0.0146576550094317,0.0387779690341608,0.148254212216699
9,22,0,84,128,177,172,0.0,0.0024834380558817,0.0203729483282463,0.0465715692768903,0.167208021968379
9,22,1,40,101,138,251,0.0001272600634794,0.0012330317732964,0.0145270153468389,0.0280733882147583,0.121015186893149
9,22,1,124,229,315,423,6.2207454040984e-05,0.001871290204293,0.0173020773049477,0.0361392314963333,0.136329416886225
9,23,2,83,112,204,156,0.0002433883780676,0.0024538733171212,0.0178263297872155,0.0536757069631955,0.15165378736667
9,23,1,42,83,154,270,0.0001272600634794,0.0012946833619612,0.011938042314729,0.0313282738048752,0.130175699048408
9,23,3,125,195,358,426,0.0001866223621229,0.0018863812543276,0.0147332099321607,0.0410725234148804,0.13729629218329
9,24,1,99,152,223,153,0.0001216941890338,0.0029269091372892,0.0241928761397924,0.0586749149646696,0.148737368378849
9,24,0,39,66,149,273,0.0,0.001202205978964,0.0094929011177363,0.0303111220579637,0.131622095704501
9,24,1,138,218,372,426,6.2207454040984e-05,0.0020825649047777,0.0164709731549284,0.0426787114813841,0.13729629218329
9,25,1,100,125,151,133,0.0001216941890338,0.0029564738760497,0.019895457351803,0.0397305478011889,0.129294575126712
9,25,1,45,71,163,259,0.0001272600634794,0.0013871607449584,0.0102120602933224,0.033159146949316,0.124872244642732
9,25,2,145,196,314,392,0.0001244149080819,0.0021882022550201,0.0148087648548898,0.0360245037772973,0.126338372149882
9,26,1,95,127,191,156,0.0001216941890338,0.0028086501822472,0.0202137846694318,0.0502551962253448,0.15165378736667
9,26,2,41,81,147,252,0.0002545201269589,0.0012638575676288,0.0116503786444946,0.0299042613591991,0.121497319111847
9,26,3,136,208,338,408,0.0001866223621229,0.0020523828047085,0.0157154239276381,0.0387779690341608,0.131495040400898
9,27,1,78,98,174,153,0.0001216941890338,0.0023060496233187,0.0155980385638135,0.0457822206450786,0.148737368378849
9,27,1,57,62,130,232,0.0001272600634794,0.0017570702769474,0.0089175737772674,0.0264459454196999,0.111854674737891
9,27,2,135,160,304,385,0.0001244149080819,0.0020372917546739,0.0120887876366447,0.0348772265869376,0.124082329790063
9,28,1,95,112,175,163,0.0001216941890338,0.0028086501822472,0.0178263297872155,0.0460453368556825,0.158458765004918
9,28,1,51,57,128,257,0.0001272600634794,0.0015721155109529,0.0081984146016813,0.0260390847209353,0.123907980205336
9,28,2,146,169,303,420,0.0001244149080819,0.0022032933050547,0.012768781941206,0.0347624988679016,0.13536254158916
9,29,1,100,106,164,151,0.0001216941890338,0.0029564738760497,0.0168713478343289,0.0431510585390396,0.146793089053635
9,29,4,51,68,146,257,0.0005090402539179,0.0015721155109529,0.0097805647879707,0.0297008310098168,0.123907980205336
9,29,5,151,174,310,408,0.0003110372702049,0.0022787485552278,0.0131465565548511,0.0355655929011534,0.131495040400898
9,30,0,86,104,156,131,0.0,0.0025425675334027,0.0165530205167001,0.0410461288542084,0.127350295801498
9,30,1,42,49,144,239,0.0001272600634794,0.0012946833619612,0.0070477599207436,0.0292939703110522,0.115229600268776
9,30,1,128,153,300,370,6.2207454040984e-05,0.0019316544044315,0.0115599031775415,0.0344183157107936,0.119247953304736
9,31,2,107,125,173,132,0.0002433883780676,0.0031634270473732,0.019895457351803,0.0455191044344747,0.128322435464105
9,31,1,34,70,134,249,0.0001272600634794,0.0010480770073019,0.0100682284582052,0.0272596668172291,0.120050922455754
9,31,3,141,195,307,381,0.0001866223621229,0.0021278380548816,0.0147332099321607,0.0352214097440455,0.122793162727309
9,32,3,99,118,175,127,0.0003650825671014,0.0029269091372892,0.018781311740102,0.0460453368556825,0.123461737151071
9,32,2,48,69,157,265,0.0002545201269589,0.0014796381279557,0.0099243966230879,0.0319385648530222,0.127765037954919
9,32,5,147,187,332,392,0.0003110372702049,0.0022183843550893,0.0141287705503285,0.038089602719945,0.126338372149882
9,33,1,68,122,164,145,0.0001216941890338,0.0020104022357138,0.0194179663753597,0.0431510585390396,0.140960251077994
9,33,0,33,66,137,276,0.0,0.0010172512129695,0.0094929011177363,0.027869957865376,0.133068492360594
9,33,1,101,188,301,421,6.2207454040984e-05,0.0015241960534967,0.0142043254730575,0.0345330434298296,0.135684833354848
9,34,0,100,104,158,155,0.0,0.0029564738760497,0.0165530205167001,0.0415723612754162,0.150681647704063
9,34,1,55,77,129,270,0.0001272600634794,0.0016954186882825,0.0110750513040257,0.0262425150703176,0.130175699048408
9,34,1,155,181,287,425,6.2207454040984e-05,0.0023391127553663,0.0136754410139543,0.0329268553633259,0.136974000417602
9,35,1,75,110,175,158,0.0001216941890338,0.0022173554070373,0.0175080024695866,0.0460453368556825,0.153598066691883
9,35,1,36,68,141,241,0.0001272600634794,0.0011097285959667,0.0097805647879707,0.0286836792629053,0.116193864706171
9,35,2,111,178,316,399,0.0001244149080819,0.0016751065538429,0.0134487762457672,0.0362539592153693,0.128594414509702
9,36,1,109,114,207,152,0.0001216941890338,0.0032225565248942,0.0181446571048443,0.0544650555950073,0.147765228716242
9,36,1,44,48,158,283,0.0001272600634794,0.001356334950626,0.0069039280856264,0.0321419952024045,0.136443417891479
9,36,2,153,162,365,435,0.0001244149080819,0.002308930655297,0.0122398974821028,0.0418756174481323,0.140196918074487
9,37,2,87,112,204,143,0.0002433883780676,0.0025721322721632,0.0178263297872155,0.0536757069631955,0.139015971752781
9,37,2,32,85,144,295,0.0002545201269589,0.0009864254186371,0.0122257059849635,0.0292939703110522,0.142229004515853
9,37,4,119,197,348,438,0.0002488298161639,0.0017958349541199,0.0148843197776188,0.0399252462245206,0.141163793371552
9,38,1,90,114,220,176,0.0001216941890338,0.0026608264884447,0.0181446571048443,0.0578855663328579,0.171096580618807
9,38,4,37,70,156,255,0.0005090402539179,0.0011405543902991,0.0100682284582052,0.0317351345036399,0.12294371576794
9,38,5,127,184,376,431,0.0003110372702049,0.0019165633543969,0.0139021057821414,0.043137622357528,0.138907751011733
9,39,1,93,120,182,177,0.0001216941890338,0.0027495207047262,0.0190996390577309,0.0478871503299098,0.172068720281414
9,39,0,53,57,143,293,0.0,0.0016337670996177,0.0081984146016813,0.0290905399616699,0.141264740078457
9,39,1,146,177,325,470,6.2207454040984e-05,0.0022032933050547,0.0133732213230382,0.0372865086866931,0.151477129873583
9,40,3,81,142,205,173,0.0003650825671014,0.0023947438396002,0.0226012395516482,0.0539388231737995,0.168180161630986
9,40,4,50,75,165,261,0.0005090402539179,0.0015412897166205,0.0107873876337913,0.0335660076480806,0.125836509080127
9,40,7,131,217,370,434,0.0004354521782868,0.0019769275545354,0.0163954182321994,0.0424492560433122,0.139874626308798
9,41,2,99,122,203,183,0.0002433883780676,0.0029269091372892,0.0194179663753597,0.0534125907525917,0.177901558257055
9,41,1,62,71,166,299,0.0001272600634794,0.0019111992486094,0.0102120602933224,0.0337694379974629,0.144157533390644
9,41,3,161,193,369,482,0.0001866223621229,0.002429659055574,0.0145821000867027,0.0423345283242762,0.155344631061845
9,42,1,107,98,193,199,0.0001216941890338,0.0031634270473732,0.0155980385638135,0.0507814286465527,0.193455792858765
9,42,2,59,78,171,312,0.0002545201269589,0.0018187218656122,0.0112188831391429,0.0347865897443745,0.150425252233715
9,42,3,166,176,364,511,0.0001866223621229,0.0025051143057471,0.0132976664003092,0.0417608897290963,0.164691092266811
9,43,3,93,133,213,196,0.0003650825671014,0.0027495207047262,0.0211687666223184,0.0560437528586306,0.190539373870944
9,43,2,51,70,171,334,0.0002545201269589,0.0015721155109529,0.0100682284582052,0.0347865897443745,0.161032161045067
9,43,5,144,203,384,530,0.0003110372702049,0.0021731112049854,0.015337649313993,0.0440554441098159,0.170814635814892
9,44,3,112,149,245,245,0.0003650825671014,0.0033112507411756,0.0237153851633492,0.0644634715979554,0.23817421733868
9,44,3,54,79,195,329,0.0003817801904384,0.0016645928939501,0.0113627149742602,0.0396689181295498,0.158621499951578
9,44,6,166,228,440,574,0.0003732447242459,0.0025051143057471,0.0172265223822187,0.0504801963758307,0.184995473505185
9,45,1,128,128,229,263,0.0001216941890338,0.0037842865613436,0.0203729483282463,0.060253612228293,0.255672731265603
9,45,2,43,91,202,353,0.0002545201269589,0.0013255091562936,0.0130886969956668,0.041092930575226,0.170192673200325
9,45,3,171,219,431,616,0.0001866223621229,0.0025805695559202,0.0165465280776574,0.0494476469045069,0.198531727664101
9,46,2,102,138,236,196,0.0002433883780676,0.0030156033535707,0.0219645849163905,0.0620954257025203,0.190539373870944
9,46,0,36,68,211,366,0.0,0.0011097285959667,0.0097805647879707,0.0429238037196667,0.176460392043397
9,46,2,138,206,447,562,0.0001244149080819,0.0020825649047777,0.01556431408218,0.0512832904090825,0.181127972316923
9,47,2,97,148,260,230,0.0002433883780676,0.0028677796597682,0.0235562215045347,0.0684102147570139,0.223592122399577
9,47,2,39,104,212,389,0.0002545201269589,0.001202205978964,0.0149585108521906,0.043127234069049,0.187549433073446
9,47,4,136,252,472,619,0.0002488298161639,0.0020523828047085,0.0190398405277154,0.054151483384982,0.199498602961166
9,48,2,105,141,241,228,0.0002433883780676,0.0031042975698522,0.0224420758928338,0.0634110067555398,0.221647843074363
9,48,2,46,95,187,383,0.0002545201269589,0.0014179865392908,0.0136640243361356,0.0380414753344914,0.18465663976126
9,48,4,151,236,428,611,0.0002488298161639,0.0022787485552278,0.0178309617640509,0.0491034637473989,0.196920268835658
9,49,2,103,127,222,233,0.0002433883780676,0.0030451680923312,0.0202137846694318,0.0584117987540657,0.226508541387398
9,49,1,63,79,209,358,0.0001272600634794,0.0019420250429418,0.0113627149742602,0.0425169430209021,0.172603334293814
9,49,3,166,206,431,591,0.0001866223621229,0.0025051143057471,0.01556431408218,0.0494476469045069,0.190474433521889
9,50,3,108,147,239,213,0.0003650825671014,0.0031929917861337,0.0233970578457203,0.062884774334332,0.207065748135261
9,50,1,50,91,182,342,0.0001272600634794,0.0015412897166205,0.0130886969956668,0.0370243235875798,0.16488921879465
9,50,4,158,238,421,555,0.0002488298161639,0.0023843859054702,0.017982071609509,0.0483003697141471,0.178871929957104
9,51,2,105,169,209,232,0.0002433883780676,0.0031042975698522,0.0268986583396377,0.054991288016215,0.225536401724791
9,51,1,42,95,206,353,0.0001272600634794,0.0012946833619612,0.0136640243361356,0.0419066519727552,0.170192673200325
9,51,3,147,264,415,585,0.0001866223621229,0.0022183843550893,0.0199464996004638,0.0476120033999312,0.188540682927758
9,52,2,86,132,231,202,0.0002433883780676,0.0025425675334027,0.021009602963504,0.0607798446495008,0.196372211846585
9,52,2,46,96,165,339,0.0002545201269589,0.0014179865392908,0.0138078561712528,0.0335660076480806,0.163442822138556
9,52,4,132,228,396,541,0.0002488298161639,0.00199201860457,0.0172265223822187,0.0454321767382476,0.174359845237465
10,1,1,117,174,232,195,0.0001237283076395,0.0034480206996336,0.0280633818547101,0.0582636797743366,0.182895826114857
10,1,2,45,78,178,325,0.0002588273368416,0.0013834272980882,0.0113792303454397,0.034799853188067,0.153848426188482
10,1,3,162,252,410,520,0.0001897607156465,0.0024375409514115,0.0193031793727125,0.0450704889597843,0.163591487577199
10,2,1,102,117,248,203,0.0001237283076395,0.0030059667637831,0.0188702050402361,0.0622818645863598,0.190399244622133
10,2,2,39,84,188,368,0.0002588273368416,0.0011989703250098,0.0122545557566274,0.0367549011199809,0.174203756422651
10,2,3,141,201,436,571,0.0001897607156465,0.002121563420673,0.0153965835472826,0.0479286175279658,0.179636037320347
10,3,1,90,125,203,201,0.0001237283076395,0.0026523236151027,0.0201604754703377,0.0509807198025445,0.188523389995314
10,3,2,48,68,172,335,0.0002588273368416,0.0014756557846275,0.0099203546601269,0.0336268244289187,0.158582223917359
10,3,3,138,193,375,536,0.0001897607156465,0.0020764237734246,0.0147837842021171,0.0412230081949247,0.168625071810343
10,4,3,93,133,186,172,0.0003711849229186,0.0027407344022728,0.0214507459004394,0.0467113984397698,0.161323497906438
10,4,0,50,72,167,309,0.0,0.0015371414423203,0.010503904934252,0.0326493004629618,0.14627434982228
10,4,3,143,205,353,481,0.0001897607156465,0.0021516565188386,0.0157029832198653,0.0388045917141558,0.151322126008909
10,5,3,111,128,210,181,0.0003711849229186,0.0032711991252934,0.0206443268816259,0.0527386756578046,0.169764843727124
10,5,1,44,72,164,283,0.0001294136684208,0.0013526844692418,0.010503904934252,0.0320627860833876,0.133966475727202
10,5,4,155,200,374,464,0.0002530142875287,0.002332215107832,0.0153199836291369,0.0411130801730716,0.145973942761193
10,6,2,103,117,206,171,0.0002474566152791,0.0030354370261731,0.0188702050402361,0.0517341294547988,0.160385570593029
10,6,2,56,70,149,295,0.0002588273368416,0.0017215984153987,0.0102121297971895,0.0291302141855168,0.139647033001853
10,6,4,159,187,355,466,0.0002530142875287,0.0023924013041632,0.014324184693243,0.039024447757862,0.146603140790336
10,7,2,72,130,171,180,0.0002474566152791,0.0021218588920822,0.0209668944891513,0.0429443501784981,0.168826916413714
10,7,3,46,68,169,294,0.0003882410052624,0.0014141701269347,0.0099203546601269,0.0330403100493445,0.139173653228966
10,7,5,118,198,340,474,0.0003162678594109,0.0017754927917689,0.0151667837928455,0.0373755274300651,0.149119932906908
10,8,2,77,138,199,195,0.0002474566152791,0.0022692102040323,0.0222571649192529,0.0499761735995387,0.182895826114857
10,8,1,36,55,155,275,0.0001294136684208,0.0011067418384706,0.0080238162692203,0.0303032429446651,0.1301794375441
10,8,3,113,193,354,470,0.0001897607156465,0.0017002600463549,0.0147837842021171,0.0389145197360089,0.147861536848622
10,9,2,76,118,188,165,0.0002474566152791,0.0022397399416423,0.0190314888439988,0.0472136715412727,0.154758006712571
10,9,2,58,67,161,282,0.0002588273368416,0.0017830840730915,0.0097744670915956,0.0314762717038134,0.133493095954314
10,9,4,134,185,349,447,0.0002530142875287,0.0020162375770935,0.0141709848569516,0.0383648796267433,0.140625759513477
10,10,1,96,117,176,175,0.0001237283076395,0.0028291451894429,0.0188702050402361,0.0442000329322553,0.164137279846667
10,10,4,51,67,166,283,0.0005176546736833,0.0015678842711667,0.0097744670915956,0.0324537956697704,0.133966475727202
10,10,5,147,184,342,458,0.0003162678594109,0.0022118427151697,0.0140943849388059,0.0375953834737713,0.144086348673763
10,11,0,74,144,175,169,0.0,0.0021807994168622,0.0232248677418291,0.0439488963815039,0.15850971596621
10,11,2,51,62,155,280,0.0002588273368416,0.0015678842711667,0.0090450292489392,0.0303032429446651,0.132546336408539
10,11,2,125,206,330,449,0.0001265071437643,0.0018808186353484,0.015779583138011,0.0362762472115337,0.14125495754262
10,12,1,76,110,185,182,0.0001237283076395,0.0022397399416423,0.0177412184138972,0.0464602618890184,0.170702771040533
10,12,2,45,73,137,243,0.0002588273368416,0.0013834272980882,0.0106497925027833,0.0267841566672201,0.115031284811696
10,12,3,121,183,322,425,0.0001897607156465,0.0018206324390172,0.0140177850206602,0.0353968230367087,0.133704581192903
10,13,3,91,111,174,139,0.0003711849229186,0.0026817938774928,0.0179025022176599,0.0436977598307524,0.130371896563924
10,13,1,41,70,152,287,0.0001294136684208,0.0012604559827026,0.0102121297971895,0.0297167285650909,0.135859994818752
10,13,4,132,181,326,426,0.0002530142875287,0.0019861444789279,0.0138645851843689,0.0358365351241212,0.134019180207474
10,14,1,98,123,177,161,0.0001237283076395,0.002888085714223,0.0198379078628123,0.0444511694830068,0.151006297458933
10,14,0,43,67,142,267,0.0,0.0013219416403954,0.0097744670915956,0.0277616806331771,0.126392399360999
10,14,1,141,190,319,428,6.3253571882194e-05,0.002121563420673,0.01455398444768,0.0350670389711493,0.134648378236617
10,15,1,92,124,194,134,0.0001237283076395,0.0027112641398828,0.019999191666575,0.0487204908457814,0.125682259996876
10,15,1,46,84,154,297,0.0001294136684208,0.0014141701269347,0.0122545557566274,0.0301077381514737,0.140593792547629
10,15,2,138,208,348,431,0.0001265071437643,0.0020764237734246,0.0159327829743023,0.0382549516048901,0.135592175280332
10,16,2,98,111,186,164,0.0002474566152791,0.002888085714223,0.0179025022176599,0.0467113984397698,0.153820079399162
10,16,2,50,70,126,270,0.0002588273368416,0.0015371414423203,0.0102121297971895,0.0246336039421149,0.127812538679662
10,16,4,148,181,312,434,0.0002530142875287,0.0022268892642525,0.0138645851843689,0.0342975428181773,0.136535972324047
10,17,2,95,135,170,145,0.0002474566152791,0.0027996749270529,0.0217733135079648,0.0426932136277466,0.135999460444381
10,17,2,35,55,172,262,0.0002588273368416,0.0010759990096242,0.0080238162692203,0.0336268244289187,0.124025500496561
10,17,4,130,190,342,407,0.0002530142875287,0.0019560513807623,0.01455398444768,0.0375953834737713,0.128041798930615
10,18,2,77,119,201,151,0.0002474566152791,0.0022692102040323,0.0191927726477615,0.0504784467010416,0.141627024324838
10,18,2,47,74,151,280,0.0002588273368416,0.0014449129557811,0.0107956800713146,0.0295212237718996,0.132546336408539
10,18,4,124,193,352,431,0.0002530142875287,0.0018657720862656,0.0147837842021171,0.0386946636923026,0.135592175280332
10,19,3,78,129,168,142,0.0003711849229186,0.0022986804664224,0.0208056106853886,0.0421909405262437,0.133185678504152
10,19,1,40,67,140,236,0.0001294136684208,0.0012297131538562,0.0097744670915956,0.0273706710467943,0.111717626401483
10,19,4,118,196,308,378,0.0002530142875287,0.0017754927917689,0.0150135839565541,0.0338578307307648,0.118918427508041
10,20,1,78,98,196,161,0.0001237283076395,0.0022986804664224,0.0158058127687448,0.0492227639472843,0.151006297458933
10,20,1,42,55,142,244,0.0001294136684208,0.001291198811549,0.0080238162692203,0.0277616806331771,0.115504664584584
10,20,2,120,153,338,405,0.0001265071437643,0.0018055858899344,0.0117197874762897,0.0371556713863588,0.127412600901472
10,21,4,78,116,191,152,0.0004949132305582,0.0022986804664224,0.0187089212364734,0.0479670811935271,0.142564951638248
10,21,1,34,75,145,252,0.0001294136684208,0.0010452561807778,0.0109415676398459,0.0283481950127512,0.119291702767685
10,21,5,112,191,336,404,0.0003162678594109,0.0016852134972721,0.0146305843658257,0.0369358153426525,0.127098001886901
10,22,1,98,118,177,144,0.0001237283076395,0.002888085714223,0.0190314888439988,0.0444511694830068,0.135061533130971
10,22,1,35,65,137,245,0.0001294136684208,0.0010759990096242,0.009482691954533,0.0267841566672201,0.115978044357471
10,22,2,133,183,314,389,0.0001265071437643,0.0020011910280107,0.0140177850206602,0.0345173988618836,0.122379016668328
10,23,0,83,104,175,115,0.0,0.0024460317783725,0.016773515591321,0.0439488963815039,0.107861641042095
10,23,1,38,56,162,259,0.0001294136684208,0.0011682274961634,0.0081697038377515,0.0316717764970048,0.122605361177898
10,23,1,121,160,337,374,6.3253571882194e-05,0.0018206324390172,0.0122559869033095,0.0370457433645057,0.117660031449754
10,24,3,86,114,170,125,0.0003711849229186,0.0025344425655426,0.018386353628948,0.0426932136277466,0.11724091417619
10,24,3,33,51,161,275,0.0003882410052624,0.0010145133519314,0.0074402659950951,0.0314762717038134,0.1301794375441
10,24,6,119,165,331,400,0.0003795214312931,0.0017905393408517,0.0126389864940379,0.0363861752333869,0.125839605828614
10,25,1,73,132,173,145,0.0001237283076395,0.0021513291544722,0.0212894620966767,0.043446623280001,0.135999460444381
10,25,1,45,52,131,248,0.0001294136684208,0.0013834272980882,0.0075861535636264,0.0256111279080718,0.117398183676134
10,25,2,118,184,304,393,0.0001265071437643,0.0017754927917689,0.0140943849388059,0.0334181186433523,0.123637412726614
10,26,1,76,112,190,128,0.0001237283076395,0.0022397399416423,0.0180637860214226,0.0477159446427756,0.120054696116419
10,26,1,42,65,161,283,0.0001294136684208,0.001291198811549,0.009482691954533,0.0314762717038134,0.133966475727202
10,26,2,118,177,351,411,0.0001265071437643,0.0017754927917689,0.0135581855117861,0.0385847356704495,0.129300194988901
10,27,2,92,117,164,141,0.0002474566152791,0.0027112641398828,0.0188702050402361,0.0411863943232379,0.132247751190743
10,27,0,40,64,134,253,0.0,0.0012297131538562,0.0093368043860018,0.026197642287646,0.119765082540572
10,27,2,132,181,298,394,0.0001265071437643,0.0019861444789279,0.0138645851843689,0.0327585505122335,0.123952011741185
10,28,1,100,111,169,158,0.0001237283076395,0.002947026239003,0.0179025022176599,0.0424420770769952,0.148192515518705
10,28,1,37,55,131,231,0.0001294136684208,0.001137484667317,0.0080238162692203,0.0256111279080718,0.109350727537044
10,28,2,137,166,300,389,0.0001265071437643,0.0020613772243418,0.0127155864121836,0.0329784065559398,0.122379016668328
10,29,2,91,120,159,153,0.0002474566152791,0.0026817938774928,0.0193540564515242,0.0399307115694807,0.143502878951657
10,29,0,42,74,164,258,0.0,0.001291198811549,0.0107956800713146,0.0320627860833876,0.122131981405011
10,29,2,133,194,323,411,0.0001265071437643,0.0020011910280107,0.0148603841202628,0.0355067510585618,0.129300194988901
10,30,1,85,116,196,155,0.0001237283076395,0.0025049723031526,0.0187089212364734,0.0492227639472843,0.145378733578476
10,30,0,43,57,138,293,0.0,0.0013219416403954,0.0083155914062828,0.0269796614604115,0.138700273456078
10,30,1,128,173,334,448,6.3253571882194e-05,0.0019259582825967,0.0132517858392034,0.0367159592989463,0.140940358528048
10,31,2,86,117,178,125,0.0002474566152791,0.0025344425655426,0.0188702050402361,0.0447023060337582,0.11724091417619
10,31,2,39,67,173,239,0.0002588273368416,0.0011989703250098,0.0097744670915956,0.0338223292221101,0.113137765720146
10,31,4,125,184,351,364,0.0002530142875287,0.0018808186353484,0.0140943849388059,0.0385847356704495,0.114514041304039
10,32,1,77,126,164,159,0.0001237283076395,0.0022692102040323,0.0203217592741005,0.0411863943232379,0.149130442832114
10,32,2,44,58,138,244,0.0002588273368416,0.0013526844692418,0.0084614789748141,0.0269796614604115,0.115504664584584
10,32,3,121,184,302,403,0.0001897607156465,0.0018206324390172,0.0140943849388059,0.033198262599646,0.126783402872329
10,33,0,86,134,200,166,0.0,0.0025344425655426,0.0216120297042021,0.0502273101502901,0.155695934025981
10,33,3,55,65,139,257,0.0003882410052624,0.0016908555865523,0.009482691954533,0.0271751662536029,0.121658601632123
10,33,3,141,199,339,423,0.0001897607156465,0.002121563420673,0.0152433837109912,0.0372655994082119,0.13307538316376
10,34,1,88,128,171,144,0.0001237283076395,0.0025933830903227,0.0206443268816259,0.0429443501784981,0.135061533130971
10,34,0,43,82,134,253,0.0,0.0013219416403954,0.0119627806195648,0.026197642287646,0.119765082540572
10,34,1,131,210,305,397,6.3253571882194e-05,0.0019710979298451,0.0160859828105937,0.0335280466652054,0.1248958087849
10,35,1,97,121,215,154,0.0001237283076395,0.002858615451833,0.0195153402552869,0.0539943584115619,0.144440806265067
10,35,2,49,80,127,269,0.0002588273368416,0.0015063986134739,0.0116710054825023,0.0248291087353062,0.127339158906775
10,35,3,146,201,342,423,0.0001897607156465,0.0021967961660869,0.0153965835472826,0.0375953834737713,0.13307538316376
10,36,0,81,121,205,174,0.0,0.0023870912535925,0.0195153402552869,0.0514829929040474,0.163199352533257
10,36,1,39,67,167,229,0.0001294136684208,0.0011989703250098,0.0097744670915956,0.0326493004629618,0.108403967991269
10,36,1,120,188,372,403,6.3253571882194e-05,0.0018055858899344,0.0144007846113887,0.0408932241293653,0.126783402872329
10,37,3,104,119,174,151,0.0003711849229186,0.0030649072885632,0.0191927726477615,0.0436977598307524,0.141627024324838
10,37,2,31,64,191,260,0.0002588273368416,0.0009530276942386,0.0093368043860018,0.0373414154995551,0.123078740950786
10,37,5,135,183,365,411,0.0003162678594109,0.0020312841261763,0.0140177850206602,0.0401237279763934,0.129300194988901
10,38,1,84,113,171,183,0.0001237283076395,0.0024755020407626,0.0182250698251853,0.0429443501784981,0.171640698353943
10,38,2,45,79,145,271,0.0002588273368416,0.0013834272980882,0.011525117913971,0.0283481950127512,0.12828591845255
10,38,3,129,192,316,454,0.0001897607156465,0.0019410048316795,0.0147071842839714,0.0347372549055899,0.142827952615477
10,39,3,108,130,198,174,0.0003711849229186,0.0031827883381233,0.0209668944891513,0.0497250370487872,0.163199352533257
10,39,1,55,69,170,293,0.0001294136684208,0.0016908555865523,0.0100662422286582,0.0332358148425359,0.138700273456078
10,39,4,163,199,368,467,0.0002530142875287,0.0024525875004943,0.0152433837109912,0.0404535120419528,0.146917739804907
10,40,1,86,123,185,159,0.0001237283076395,0.0025344425655426,0.0198379078628123,0.0464602618890184,0.149130442832114
10,40,1,39,74,152,272,0.0001294136684208,0.0011989703250098,0.0107956800713146,0.0297167285650909,0.128759298225438
10,40,2,125,197,337,431,0.0001265071437643,0.0018808186353484,0.0150901838746998,0.0370457433645057,0.135592175280332
10,41,3,97,127,186,193,0.0003711849229186,0.002858615451833,0.0204830430778632,0.0467113984397698,0.181019971488038
10,41,3,47,78,143,277,0.0003882410052624,0.0014449129557811,0.0113792303454397,0.0279571854263685,0.131126197089876
10,41,6,144,205,329,470,0.0003795214312931,0.0021667030679213,0.0157029832198653,0.0361663191896806,0.147861536848622
10,42,2,74,125,199,177,0.0002474566152791,0.0021807994168622,0.0201604754703377,0.0499761735995387,0.166013134473486
10,42,0,40,66,168,294,0.0,0.0012297131538562,0.0096285795230643,0.0328448052561531,0.139173653228966
10,42,2,114,191,367,471,0.0001265071437643,0.0017153065954377,0.0146305843658257,0.0403435840200996,0.148176135863193
10,43,0,83,111,184,169,0.0,0.0024460317783725,0.0179025022176599,0.0462091253382669,0.15850971596621
10,43,1,35,63,144,315,0.0001294136684208,0.0010759990096242,0.0091909168174705,0.0281526902195598,0.149114628459606
10,43,1,118,174,328,484,6.3253571882194e-05,0.0017754927917689,0.0133283857573491,0.0360563911678275,0.152265923052623
10,44,0,84,113,192,153,0.0,0.0024755020407626,0.0182250698251853,0.0482182177442785,0.143502878951657
10,44,1,41,74,166,268,0.0001294136684208,0.0012604559827026,0.0107956800713146,0.0324537956697704,0.126865779133887
10,44,1,125,187,358,421,6.3253571882194e-05,0.0018808186353484,0.014324184693243,0.0393542318234214,0.132446185134617
10,45,1,88,118,198,170,0.0001237283076395,0.0025933830903227,0.0190314888439988,0.0497250370487872,0.159447643279619
10,45,0,54,68,167,265,0.0,0.0016601127577059,0.0099203546601269,0.0326493004629618,0.125445639815224
10,45,1,142,186,365,435,6.3253571882194e-05,0.0021366099697558,0.0142475847750973,0.0401237279763934,0.136850571338618
10,46,1,88,110,194,169,0.0001237283076395,0.0025933830903227,0.0177412184138972,0.0487204908457814,0.15850971596621
10,46,1,51,67,175,280,0.0001294136684208,0.0015678842711667,0.0097744670915956,0.0342133388084929,0.132546336408539
10,46,2,139,177,369,449,0.0001265071437643,0.0020914703225074,0.0135581855117861,0.0405634400638059,0.14125495754262
10,47,2,87,132,213,187,0.0002474566152791,0.0025639128279326,0.0212894620966767,0.053492085310059,0.175392407607581
10,47,3,50,78,167,314,0.0003882410052624,0.0015371414423203,0.0113792303454397,0.0326493004629618,0.148641248686718
10,47,5,137,210,380,501,0.0003162678594109,0.0020613772243418,0.0160859828105937,0.0417726483041904,0.15761410630034
10,48,0,85,111,177,197,0.0,0.0025049723031526,0.0179025022176599,0.0444511694830068,0.184771680741676
10,48,2,44,78,172,311,0.0002588273368416,0.0013526844692418,0.0113792303454397,0.0336268244289187,0.147221109368055
10,48,2,129,189,349,508,0.0001265071437643,0.0019410048316795,0.0144773845295343,0.0383648796267433,0.15981629940234
10,49,4,66,109,193,171,0.0004949132305582,0.001945037317742,0.0175799346101345,0.04846935429503,0.160385570593029
10,49,3,52,65,152,283,0.0003882410052624,0.0015986271000131,0.009482691954533,0.0297167285650909,0.133966475727202
10,49,7,118,174,345,454,0.0004427750031753,0.0017754927917689,0.0133283857573491,0.0379251675393307,0.142827952615477
10,50,1,90,132,194,200,0.0001237283076395,0.0026523236151027,0.0212894620966767,0.0487204908457814,0.187585462681905
10,50,2,32,73,151,301,0.0002588273368416,0.000983770523085,0.0106497925027833,0.0295212237718996,0.142487311639179
10,50,3,122,205,345,501,0.0001897607156465,0.0018356789881,0.0157029832198653,0.0379251675393307,0.15761410630034
10,51,1,72,109,202,189,0.0001237283076395,0.0021218588920822,0.0175799346101345,0.050729583251793,0.1772682622344
10,51,2,34,70,172,323,0.0002588273368416,0.0010452561807778,0.0102121297971895,0.0336268244289187,0.152901666642707
10,51,3,106,179,374,512,0.0001897607156465,0.0015949342027754,0.0137113853480775,0.0411130801730716,0.161074695460626
10,52,2,70,97,196,199,0.0002474566152791,0.0020629183673021,0.0156445289649821,0.0492227639472843,0.186647535368495
10,52,2,41,60,176,278,0.0002588273368416,0.0012604559827026,0.0087532541118767,0.0344088436016843,0.131599576862763
10,52,4,111,157,372,477,0.0002530142875287,0.0016701669481894,0.0120261871488724,0.0408932241293653,0.150063729950623
2025,1,0,83,123,218,175,0.0,0.0024541326520717,0.0200128541692348,0.0524189346679764,0.160339183851705
2025,1,1,32,80,153,315,0.0001328028896014,0.0009876654332404,0.0117858806385463,0.0288013751327326,0.147845424496657
2025,1,1,115,203,371,490,6.49090327499695e-05,0.0017366318339651,0.0156952700853352,0.0391720075769831,0.152077570105914
2025,2,3,71,107,180,170,0.0003808933905148,0.002099318292736,0.0174095560659197,0.0432816891753934,0.155758064313085
2025,2,1,37,62,139,291,0.0001328028896014,0.0011419881571842,0.0091340574948733,0.0261659551859466,0.136581011201674
2025,2,4,108,169,319,461,0.0002596361309998,0.001630923809289,0.013066505637545,0.0336815914206405,0.143077060854748
