Year,Week,0-14,15-64,65-74,75-84,85+,0-14.1,15-64.1,65-74.1,75-84.1,85+.1
2000,1,10.0,674.0,507.0,487.0,271.0,0.0005920964099835,0.0102872462498839,0.0706941070492836,0.155984544077671,0.412451899026554
2000,1,11.0,317.0,380.0,647.0,657.0,0.0006829074453187,0.0046455843047365,0.0353339738688991,0.10753750581207,0.385014545106622
2000,1,21.0,991.0,887.0,1134.0,928.0,0.0006364264793268,0.0074090765201654,0.0494804676942639,0.124088896650329,0.392642131424483
2000,2,11.0,630.0,449.0,412.0,220.0,0.0006513060509818,0.0096156752780814,0.0626068127517325,0.131962283696099,0.334831799947756
2000,2,15.0,279.0,351.0,569.0,522.0,0.0009312374254346,0.0040887003817713,0.0326374337578515,0.0945731697172607,0.305901967344987
2000,2,26.0,909.0,800.0,981.0,742.0,0.0007879565934522,0.0067960146890317,0.0446272538392459,0.107346743927666,0.313944462841558
2000,3,12.0,580.0,446.0,379.0,201.0,0.0007105156919802,0.0088525264464876,0.062188504425997,0.121392489128208,0.305914508134086
2000,3,5.0,279.0,326.0,491.0,470.0,0.0003104124751448,0.0040887003817713,0.030312830213845,0.0816088336224516,0.275428974429395
2000,3,17.0,859.0,772.0,870.0,671.0,0.0005152023880264,0.0064221964993159,0.0430652999548723,0.0952004762661257,0.283903954941625
2000,4,16.0,552.0,448.0,355.0,186.0,0.0009473542559736,0.0084251631007951,0.062467376643154,0.113705365806105,0.283085067228557
2000,4,8.0,254.0,278.0,454.0,421.0,0.0004966599602318,0.0037223293798204,0.0258495914093525,0.075459084449273,0.246714038797394
2000,4,24.0,806.0,726.0,809.0,607.0,0.000727344547802,0.0060259492182173,0.0404992328591157,0.088525500344018,0.256825187257178
2000,5,13.0,549.0,385.0,308.0,190.0,0.0007697253329785,0.0083793741708995,0.0536829018027105,0.0986514159669867,0.289172918136698
2000,5,11.0,241.0,300.0,428.0,385.0,0.0006829074453187,0.003531816458806,0.0278952425280782,0.0711376390843367,0.225617351394291
2000,5,24.0,790.0,685.0,736.0,575.0,0.000727344547802,0.0059063273975083,0.0382120860998543,0.0805374144044465,0.243285803414954
2000,6,13.0093795093795,538.388167388167,355.256132756133,322.232323232323,158.113997113997,0.0007702806903616,0.0082174060177237,0.049535532700151,0.103209983627274,0.240643610230063
2000,6,8.0,251.0,267.0,425.0,357.0,0.0004966599602318,0.0036783648595863,0.0248267658499896,0.0706390107729978,0.209208816747434
2000,6,21.0093795093795,789.388167388167,622.256132756133,747.232323232323,515.113997113997,0.0006367107349521,0.005901753114321,0.0347119779869193,0.0817665207507594,0.217947691544639
2000,7,14.0,490.0,356.0,284.0,175.0,0.0008289349739769,0.0074788585496188,0.0496392546539349,0.0909642926448839,0.266343477231169
2000,7,7.0,234.0,266.0,420.0,348.0,0.0004345774652028,0.0034292325782598,0.0247337817082294,0.0698079635874332,0.203934644896658
2000,7,21.0,724.0,622.0,704.0,523.0,0.0006364264793268,0.0054128873870835,0.0346976898600137,0.0770357876912098,0.221284304671341
2000,8,16.0,511.0,341.0,281.0,153.0,0.0009473542559736,0.0077993810588882,0.0475477130252578,0.090003402229621,0.232860297236394
2000,8,12.0,249.0,276.0,407.0,350.0,0.0007449899403477,0.0036490551794303,0.025663623125832,0.067647240904965,0.20510668308572
2000,8,28.0,760.0,617.0,688.0,503.0,0.0008485686391024,0.0056820364836788,0.0344187695235184,0.0752849743345913,0.212822189769951
2000,9,7.0,561.0,403.0,289.0,155.0,0.0004144674869884,0.008562529890482,0.0561927517571229,0.092565776670322,0.235904222690464
2000,9,12.0,229.0,271.0,369.0,343.0,0.0007449899403477,0.0033559583778696,0.0251987024170307,0.0613312822946734,0.201004549424005
2000,9,19.0,790.0,674.0,658.0,498.0,0.0005758144336766,0.0059063273975083,0.0375984613595647,0.0720021992909318,0.210706661044604
2000,10,19.0,562.0,375.0,339.0,152.0,0.0011249831789686,0.0085777928671138,0.0522885407169258,0.108580616924703,0.231338334509358
2000,10,12.0,231.0,291.0,422.0,322.0,0.0007449899403477,0.0033852680580257,0.0270583852522359,0.070140382461659,0.188698148438862
2000,10,31.0,793.0,666.0,761.0,474.0,0.0009394867075776,0.0059287564888912,0.0371521888211722,0.0832730602741628,0.200552123162936
2000,11,11.0,534.0,331.0,307.0,148.0,0.0006513060509818,0.0081504295214213,0.0461533519394731,0.0983311191618991,0.225250483601217
2000,11,14.0,256.0,277.0,386.0,323.0,0.0008691549304056,0.0037516390599765,0.0257566072675922,0.0641568427255933,0.189284167533393
2000,11,25.0,790.0,608.0,693.0,471.0,0.0007576505706271,0.0059063273975083,0.0339167129178269,0.0758321035085346,0.199282805927728
2000,12,16.0,535.0,359.0,278.0,134.0,0.0009473542559736,0.0081656924980532,0.0500575629796703,0.0890425118143582,0.203943005422724
2000,12,20.0,239.0,325.0,364.0,318.0,0.0012416499005795,0.0035025067786499,0.0302198460720848,0.0605002351091087,0.186354072060739
2000,12,36.0,774.0,684.0,642.0,452.0,0.001091016821703,0.0057867055767992,0.0381563020325552,0.0702513859343134,0.191243796771407
2000,13,9.00695517774343,521.402627511592,346.267387944359,270.208655332303,148.114374034003,0.0005332985825624,0.0079581561195077,0.0482821771025923,0.0865469690099583,0.225424556617911
2000,13,12.0,240.0,262.0,396.0,320.0,0.0007449899403477,0.003517161618728,0.0243618451411883,0.0658189370967227,0.187526110249801
2000,13,21.0069551777434,761.402627511592,608.267387944359,666.208655332303,468.114374034003,0.0006366372631022,0.0056925230372234,0.03393162890491,0.0729004382531614,0.198061881003393
2000,14,15.0,531.0,363.0,295.0,152.0,0.0008881446149752,0.0081046405915257,0.0506153074139841,0.0944875575008477,0.231338334509358
2000,14,14.0,260.0,262.0,367.0,332.0,0.0008691549304056,0.0038102584202886,0.0243618451411883,0.0609988634204476,0.194558339384168
2000,14,29.0,791.0,625.0,662.0,484.0,0.0008788746619274,0.0059138037613026,0.0348650420619109,0.0724399026300864,0.204783180613631
2000,15,16.0,531.0,386.0,278.0,155.0,0.0009473542559736,0.0081046405915257,0.0538223379112889,0.0890425118143582,0.235904222690464
2000,15,8.0,203.0,242.0,382.0,344.0,0.0004966599602318,0.0029749325358407,0.0225021623059831,0.0634920049771416,0.201590568518536
2000,15,24.0,734.0,628.0,660.0,499.0,0.000727344547802,0.0054876510250267,0.035032394263808,0.0722210509605091,0.211129766789673
2000,16,16.0118782479584,519.385300668151,364.270230141054,305.226429101707,143.106161841128,0.0009480575627709,0.0079273657070374,0.0507924233618518,0.0977630500695796,0.217802244331272
2000,16,12.0,242.0,262.0,371.0,304.0,0.0007449899403477,0.003546471298884,0.0243618451411883,0.0616637011688993,0.178149804737311
2000,16,28.0118782479584,761.385300668151,626.270230141054,676.226429101707,447.106161841128,0.0008489286215561,0.0056923934954384,0.0349359006655847,0.0739966415106023,0.189173185730948
2000,17,14.0,552.0,316.0,297.0,130.0,0.0008289349739769,0.0084251631007951,0.0440618103107961,0.0951281511110229,0.197855154514583
2000,17,11.0,238.0,244.0,367.0,287.0,0.0006829074453187,0.0034878519385719,0.0226881305895036,0.0609988634204476,0.16818748013029
2000,17,25.0,790.0,560.0,664.0,417.0,0.0007576505706271,0.0059063273975083,0.0312390776874721,0.0726587542996637,0.176435095693975
2000,18,13.0101483216237,520.405932864949,332.259172521468,262.204527712724,154.120218579235,0.0007703262114586,0.0079429435924069,0.0463289260558955,0.0839832725058938,0.234565228160122
2000,18,7.0,241.0,267.0,366.0,298.0,0.0004345774652028,0.003531816458806,0.0248267658499896,0.0608326539833346,0.174633690170127
2000,18,20.0101483216237,761.405932864949,599.259172521468,628.204527712724,452.120218579235,0.0006064280117684,0.0056925477492476,0.033429114009515,0.0687418048629746,0.191294661942946
2000,19,14.0,512.0,335.0,292.0,150.0,0.0008289349739769,0.0078146440355201,0.046711096373787,0.0935266670855848,0.228294409055288
2000,19,19.0,246.0,237.0,379.0,310.0,0.0011795674055505,0.0036050906591962,0.0220372415971818,0.0629933766658028,0.181665919304494
2000,19,33.0,758.0,572.0,671.0,460.0,0.0010000987532278,0.0056670837560902,0.0319084864950608,0.0734247351431843,0.194628642731963
2000,20,13.0,521.0,346.0,275.0,119.0,0.0007697253329785,0.007952010825207,0.0482448935681502,0.0880816213990953,0.181113564517195
2000,20,8.0,231.0,282.0,341.0,284.0,0.0004966599602318,0.0033852680580257,0.0262215279763935,0.0566774180555112,0.166429422846698
2000,20,21.0,752.0,628.0,616.0,403.0,0.0006364264793268,0.0056222255733243,0.035032394263808,0.0674063142298085,0.170511615263003
2000,21,18.0,536.0,361.0,286.0,117.0,0.0010657735379703,0.0081809554746851,0.0503364351968272,0.0916048862550591,0.178069639063125
2000,21,13.0,235.0,242.0,356.0,279.0,0.0008070724353766,0.0034438874183378,0.0225021623059831,0.0591705596122053,0.163499327374045
2000,21,31.0,771.0,603.0,642.0,396.0,0.0009394867075776,0.0057642764854163,0.0336377925813316,0.0702513859343134,0.167549875047516
2000,22,16.0,511.0,339.0,282.0,122.0,0.0009473542559736,0.0077993810588882,0.0472688408081009,0.0903236990347086,0.185679452698301
2000,22,7.0,201.0,285.0,335.0,295.0,0.0004345774652028,0.0029456228556847,0.0265004804016743,0.0556801614328336,0.172875632886535
2000,22,23.0,712.0,624.0,617.0,417.0,0.0006970385249769,0.0053231710215517,0.0348092579946118,0.0675157400645972,0.176435095693975
2000,23,11.0,591.0,370.0,305.0,144.0,0.0006513060509818,0.0090204191894382,0.0515913601740334,0.0976905255517239,0.219162632693076
2000,23,17.0,235.0,245.0,386.0,309.0,0.0010554024154925,0.0034438874183378,0.0227811147312639,0.0641568427255933,0.181079900209964
2000,23,28.0,826.0,615.0,691.0,453.0,0.0008485686391024,0.0061754764941036,0.0343072013889203,0.0756132518389573,0.191666902516477
2000,24,12.0,532.0,359.0,327.0,147.0,0.0007105156919802,0.0081199035681576,0.0500575629796703,0.104737055263651,0.223728520874182
2000,24,11.0,259.0,272.0,464.0,352.0,0.0006829074453187,0.0037956035802106,0.0252916865587909,0.0771211788204024,0.206278721274781
2000,24,23.0,791.0,631.0,791.0,499.0,0.0006970385249769,0.0059138037613026,0.0351997464657052,0.0865558353178223,0.211129766789673
2000,25,14.0105421686747,581.4375,324.243975903614,282.21234939759,127.09563253012,0.0008295591719994,0.0088744669753959,0.0452113182300108,0.0903917138683191,0.193434815479813
2000,25,10.0,260.0,271.0,346.0,292.0,0.0006208249502897,0.0038102584202886,0.0251987024170307,0.0575084652410759,0.171117575602943
2000,25,24.0105421686747,841.4375,595.243975903614,628.21234939759,419.09563253012,0.0007276640390065,0.0062908928601783,0.0332051300111657,0.0687426607573705,0.177321769857024
2000,26,16.0,511.0,295.0,258.0,117.0,0.0009473542559736,0.0077993810588882,0.0411336520306483,0.0826365757126058,0.178069639063125
2000,26,6.0,208.0,217.0,367.0,256.0,0.0003724949701738,0.0030482067362309,0.0201775587619766,0.0609988634204476,0.150020888199841
2000,26,22.0,719.0,512.0,625.0,373.0,0.0006667325021518,0.0053755055681119,0.0285614424571174,0.0683911467429064,0.157818442910918
2000,27,12.0,553.0,353.0,277.0,144.0,0.0007105156919802,0.008440426077427,0.0492209463281995,0.0887222150092705,0.219162632693076
2000,27,14.0,246.0,263.0,381.0,325.0,0.0008691549304056,0.0036050906591962,0.0244548292829486,0.0633257955400287,0.190456205722454
2000,27,26.0,799.0,616.0,658.0,469.0,0.0007879565934522,0.0059736146716571,0.0343629854562193,0.0720021992909318,0.198436594437589
2000,28,12.0,512.0,306.0,247.0,101.0,0.0007105156919802,0.0078146440355201,0.0426674492250114,0.079113310856642,0.153718235430561
2000,28,15.0,198.0,237.0,328.0,251.0,0.0009312374254346,0.0029016583354506,0.0220372415971818,0.054516695373043,0.147090792727187
2000,28,27.0,710.0,543.0,575.0,352.0,0.0008182626162773,0.0053082182939631,0.0302907485433882,0.0629198550034739,0.148933222264459
2000,29,14.0,527.0,308.0,276.0,121.0,0.0008289349739769,0.0080435886849982,0.0429463214421684,0.0884019182041829,0.184157489971266
2000,29,8.0,234.0,248.0,366.0,245.0,0.0004966599602318,0.0034292325782598,0.0230600671565447,0.0608326539833346,0.143574678160004
2000,29,22.0,761.0,556.0,642.0,366.0,0.0006667325021518,0.0056895128474731,0.0310159414182759,0.0702513859343134,0.154856702695432
2000,30,9.0,462.0,357.0,295.0,127.0,0.0005328867689851,0.0070514952039263,0.0497786907625133,0.0944875575008477,0.193289266333477
2000,30,12.0,197.0,292.0,387.0,293.0,0.0007449899403477,0.0028870034953725,0.0271513693939961,0.0643230521627063,0.171703594697474
2000,30,21.0,659.0,649.0,682.0,420.0,0.0006364264793268,0.0049269237404531,0.0362038596770882,0.0746284193258594,0.177704412929184
2000,31,16.0,535.0,307.0,269.0,114.0,0.0009473542559736,0.0081656924980532,0.0428068853335899,0.0861598405685696,0.173503750882019
2000,31,9.0,206.0,263.0,377.0,297.0,0.0005587424552607,0.0030188970560748,0.0244548292829486,0.0626609577915769,0.174047671075596
2000,31,25.0,741.0,570.0,646.0,411.0,0.0007576505706271,0.0055399855715869,0.0317969183604627,0.070689089273468,0.173896461223559
2000,32,13.0,493.0,329.0,274.0,119.0,0.0007697253329785,0.0075246474795144,0.0458744797223162,0.0877613245940077,0.181113564517195
2000,32,13.0,222.0,253.0,352.0,283.0,0.0008070724353766,0.0032533744973234,0.023524987865346,0.0585057218637535,0.165843403752167
2000,32,26.0,715.0,582.0,626.0,402.0,0.0007879565934522,0.0053456001129347,0.0324663271680514,0.068500572577695,0.170088509517933
2000,33,17.0,520.0,341.0,298.0,137.0,0.0010065638969719,0.0079367478485751,0.0475477130252578,0.0954484479161105,0.20850889360383
2000,33,7.0,220.0,281.0,418.0,313.0,0.0004345774652028,0.0032240648171673,0.0261285438346333,0.0694755447132073,0.183423976588086
2000,33,24.0,740.0,622.0,716.0,450.0,0.000727344547802,0.0055325092077925,0.0346976898600137,0.0783488977086736,0.190397585281268
2000,34,10.0,548.0,373.0,270.0,126.0,0.0005920964099835,0.0083641111942676,0.0520096684997688,0.0864801373736572,0.191767303606442
2000,34,10.0,223.0,257.0,378.0,311.0,0.0006208249502897,0.0032680293374014,0.023896924432387,0.0628271672286898,0.182251938399025
2000,34,20.0,771.0,630.0,648.0,437.0,0.0006061204565017,0.0057642764854163,0.0351439623984061,0.0709079409430453,0.184897210595365
2000,35,19.0,447.0,305.0,249.0,119.0,0.0011249831789686,0.0068225505544482,0.042528013116433,0.0797539044668172,0.181113564517195
2000,35,7.0,224.0,234.0,306.0,249.0,0.0004345774652028,0.0032826841774794,0.021758289171901,0.0508600877565585,0.145918754538126
2000,35,26.0,671.0,539.0,555.0,368.0,0.0007879565934522,0.0050166401059849,0.0300676122741919,0.0607313383077009,0.155702914185571
2000,36,7.0,501.0,313.0,248.0,104.0,0.0004144674869884,0.0076467512925694,0.0436435019850607,0.0794336076617296,0.158284123611666
2000,36,11.0,237.0,243.0,326.0,279.0,0.0006829074453187,0.0034731970984939,0.0225951464477434,0.0541842764988172,0.163499327374045
2000,36,18.0,738.0,556.0,574.0,383.0,0.0005455084108515,0.0055175564802039,0.0310159414182759,0.0628104291686852,0.162049500361613
2000,37,13.0,518.0,341.0,305.0,157.0,0.0007697253329785,0.0079062218953113,0.0475477130252578,0.0976905255517239,0.238948148144535
2000,37,10.0,238.0,263.0,362.0,272.0,0.0006208249502897,0.0034878519385719,0.0244548292829486,0.0601678162348829,0.159397193712331
2000,37,23.0,756.0,604.0,667.0,429.0,0.0006970385249769,0.0056521310285016,0.0336935766486307,0.0729870318040297,0.181512364634809
2000,38,15.0,485.0,358.0,261.0,123.0,0.0008881446149752,0.0074025436664594,0.0499181268710918,0.0835974661278686,0.187201415425336
2000,38,14.0,238.0,279.0,344.0,302.0,0.0008691549304056,0.0034878519385719,0.0259425755511128,0.05717604636685,0.176977766548249
2000,38,29.0,723.0,637.0,605.0,425.0,0.0008788746619274,0.0054054110232892,0.0355344508694996,0.0662026300471334,0.179819941654531
2000,39,16.0,460.0,349.0,284.0,150.0,0.0009473542559736,0.0070209692506626,0.0486632018938856,0.0909642926448839,0.228294409055288
2000,39,11.0,238.0,277.0,368.0,282.0,0.0006829074453187,0.0034878519385719,0.0257566072675922,0.0611650728575605,0.165257384657637
2000,39,27.0,698.0,626.0,652.0,432.0,0.0008182626162773,0.0052185019284313,0.0349208261292099,0.0713456442821999,0.182781681870018
2000,40,10.0,517.0,331.0,285.0,163.0,0.0005920964099835,0.0078909589186795,0.0461533519394731,0.0912845894499715,0.248079924506746
2000,40,7.0,218.0,291.0,404.0,340.0,0.0004345774652028,0.0031947551370112,0.0270583852522359,0.0671486125936262,0.199246492140413
2000,40,17.0,735.0,622.0,689.0,503.0,0.0005152023880264,0.005495127388821,0.0346976898600137,0.07539440016938,0.212822189769951
2000,41,15.0,539.0,307.0,281.0,136.0,0.0008881446149752,0.0082267444045807,0.0428068853335899,0.090003402229621,0.206986930876794
2000,41,5.0,251.0,281.0,406.0,300.0,0.0003104124751448,0.0036783648595863,0.0261285438346333,0.0674810314678521,0.175805728359188
2000,41,20.0,790.0,588.0,687.0,436.0,0.0006061204565017,0.0059063273975083,0.0328010315718457,0.0751755484998027,0.184474104850296
2000,42,9.0,513.0,340.0,281.0,116.0,0.0005328867689851,0.007829907012152,0.0474082769166794,0.090003402229621,0.176547676336089
2000,42,12.0,225.0,230.0,377.0,287.0,0.0007449899403477,0.0032973390175575,0.02138635260486,0.0626609577915769,0.16818748013029
2000,42,21.0,738.0,570.0,658.0,403.0,0.0006364264793268,0.0055175564802039,0.0317969183604627,0.0720021992909318,0.170511615263003
2000,43,14.0,515.0,348.0,327.0,149.0,0.0008289349739769,0.0078604329654157,0.0485237657853071,0.104737055263651,0.226772446328253
2000,43,12.0,288.0,258.0,387.0,319.0,0.0007449899403477,0.0042205939424736,0.0239899085741473,0.0643230521627063,0.18694009115527
2000,43,26.0,803.0,606.0,714.0,468.0,0.0007879565934522,0.0060035201268343,0.0338051447832288,0.0781300460390962,0.198013488692519
2000,44,19.0149724192277,478.376674546887,332.261623325453,307.241922773838,133.104806934594,0.001125869690536,0.0073014520048433,0.0463292677864661,0.0984086062534373,0.202580554943676
2000,44,10.0,239.0,255.0,406.0,328.0,0.0006208249502897,0.0035025067786499,0.0237109561488665,0.0674810314678521,0.192214263006046
2000,44,29.0149724192277,717.376674546887,587.261623325453,713.241922773838,461.104806934594,0.0008793284164063,0.0053633689964679,0.0327598419177408,0.0780470928057892,0.195096092893183
2000,45,11.0,502.0,321.0,290.0,153.0,0.0006513060509818,0.0076620142692013,0.0447589908536885,0.0928860734754096,0.232860297236394
2000,45,9.0,224.0,262.0,393.0,297.0,0.0005587424552607,0.0032826841774794,0.0243618451411883,0.0653203087853839,0.174047671075596
2000,45,20.0,726.0,583.0,683.0,450.0,0.0006061204565017,0.0054278401146721,0.0325221112353505,0.0747378451606481,0.190397585281268
2000,46,18.0,506.0,330.0,282.0,118.0,0.0010657735379703,0.0077230661757288,0.0460139158308947,0.0903236990347086,0.17959160179016
2000,46,9.0,219.0,239.0,402.0,290.0,0.0005587424552607,0.0032094099770893,0.0222232098807023,0.0668161937194003,0.169945537413882
2000,46,27.0,725.0,569.0,684.0,408.0,0.0008182626162773,0.0054203637508778,0.0317411342931637,0.0748472709954367,0.17262714398835
2000,47,17.0,513.0,317.0,302.0,130.0,0.0010065638969719,0.007829907012152,0.0442012464193746,0.096729635136461,0.197855154514583
2000,47,11.0,214.0,246.0,377.0,315.0,0.0006829074453187,0.0031361357766991,0.0228740988730242,0.0626609577915769,0.184596014777148
2000,47,28.0,727.0,563.0,679.0,445.0,0.0008485686391024,0.0054353164784665,0.0314064298893693,0.0743001418214935,0.188282056555921
2000,48,11.0,511.0,308.0,313.0,155.0,0.0006513060509818,0.0077993810588882,0.0429463214421684,0.100252899992425,0.235904222690464
2000,48,9.0,228.0,266.0,401.0,321.0,0.0005587424552607,0.0033413035377916,0.0247337817082294,0.0666499842822874,0.188112129344331
2000,48,20.0,739.0,574.0,714.0,476.0,0.0006061204565017,0.0055250328439982,0.0320200546296589,0.0781300460390962,0.201398334653075
2000,49,15.0,569.0,366.0,326.0,152.0,0.0008881446149752,0.008684633703537,0.0510336157397195,0.104416758458564,0.231338334509358
2000,49,11.0,231.0,266.0,414.0,333.0,0.0006829074453187,0.0033852680580257,0.0247337817082294,0.0688107069647556,0.195144358478699
2000,49,26.0,800.0,632.0,740.0,485.0,0.0007879565934522,0.0059810910354514,0.0352555305330043,0.0809751177436012,0.2052062863587
2000,50,15.0,515.0,354.0,321.0,152.0,0.0008881446149752,0.0078604329654157,0.0493603824367779,0.102815274433126,0.231338334509358
2000,50,13.0,245.0,266.0,431.0,320.0,0.0008070724353766,0.0035904358191181,0.0247337817082294,0.0716362673956755,0.187526110249801
2000,50,28.0,760.0,620.0,752.0,472.0,0.0008485686391024,0.0056820364836788,0.0345861217254156,0.082288227761065,0.199705911672797
2000,51,18.0,596.0,370.0,332.0,156.0,0.0010657735379703,0.0090967340725976,0.0515913601740334,0.10633853928909,0.237426185417499
2000,51,11.0,268.0,291.0,422.0,322.0,0.0006829074453187,0.0039274971409129,0.0270583852522359,0.070140382461659,0.188698148438862
2000,51,29.0,864.0,661.0,754.0,478.0,0.0008788746619274,0.0064595783182875,0.0368732684846769,0.0825070794306423,0.202244546143214
2000,52,11.0,552.0,362.0,364.0,156.0,0.0006513060509818,0.0084251631007951,0.0504758713054057,0.116588037051893,0.237426185417499
2000,52,12.0,215.0,283.0,506.0,364.0,0.0007449899403477,0.0031507906167771,0.0263145121181538,0.0841019751791457,0.213310950409148
2000,52,23.0,767.0,645.0,870.0,520.0,0.0006970385249769,0.005734371030239,0.035980723407892,0.0952004762661257,0.220014987436132
2001,1,20.0,562.0,366.0,330.0,152.0,0.0012099942597015,0.0085677514923091,0.0516104669454647,0.101293358582297,0.244728044257878
2001,1,9.0,245.0,298.0,419.0,352.0,0.0005711649606966,0.0035890063225819,0.0279469043684502,0.0660287784012314,0.216263387160318
2001,1,29.0,807.0,664.0,749.0,504.0,0.0008982145402076,0.006028739538263,0.0373986280605888,0.0779917325119064,0.224125261118158
2001,2,12.0,474.0,337.0,313.0,132.0,0.0007259965558209,0.0072261818636201,0.0475211130071628,0.0960752158674511,0.212526985802894
2001,2,6.0,233.0,267.0,402.0,361.0,0.0003807766404644,0.0034132182578024,0.0250396760616651,0.063349806485191,0.221792848763849
2001,2,18.0,707.0,604.0,715.0,493.0,0.0005575124732323,0.0052816838333977,0.0340192339587284,0.0744513868438092,0.219233638355659
2001,3,11.0,529.0,344.0,317.0,163.0,0.0006654968428358,0.0080646628815507,0.048508198440546,0.0973030141532972,0.262438626408119
2001,3,9.0,250.0,281.0,417.0,328.0,0.0005711649606966,0.0036622513495734,0.0263526178776326,0.0657136052346384,0.201518156217569
2001,3,20.0,779.0,625.0,734.0,491.0,0.0006194583035914,0.0058195639409007,0.0352020218943795,0.0764298153053929,0.218344252398841
2001,4,16.0,526.0,349.0,292.0,119.0,0.0009679954077612,0.0080189275533,0.0492132594643912,0.0896292748667595,0.191596297807154
2001,4,12.0,251.0,264.0,446.0,389.0,0.0007615532809288,0.0036769003549717,0.0247583313868149,0.0702836161502367,0.238995618197056
2001,4,28.0,777.0,613.0,738.0,508.0,0.000867241625028,0.0058046228268034,0.0345261430740074,0.0768463265604632,0.225904033031794
2001,5,9.0,490.0,341.0,341.0,159.0,0.0005444974168656,0.0074701036142908,0.0480851618262389,0.104669803868373,0.255998414717122
2001,5,5.0,231.0,281.0,434.0,338.0,0.0003173138670536,0.0033839202470058,0.0263526178776326,0.0683925771506788,0.207662002443715
2001,5,14.0,721.0,622.0,775.0,497.0,0.000433620812514,0.0053862716320789,0.0350330521892865,0.0806990556698631,0.221012410269295
2001,6,17.0,503.0,369.0,318.0,159.0,0.0010284951207463,0.0076682900367108,0.0520335035597717,0.0976099637247587,0.255998414717122
2001,6,9.0,237.0,258.0,433.0,343.0,0.0005711649606966,0.0034718142793956,0.0241956420371146,0.0682349905673823,0.210733925556787
2001,6,26.0,740.0,627.0,751.0,502.0,0.0008052957946689,0.0055282122160033,0.0353146683644415,0.0781999881394415,0.22323587516134
2001,7,14.0,555.0,345.0,315.0,155.0,0.000846995981791,0.0084610357263907,0.048649210645315,0.0966891150103742,0.249558203026125
2001,7,11.0,229.0,281.0,417.0,325.0,0.0006980905075181,0.0033546222362092,0.0263526178776326,0.0657136052346384,0.199675002349726
2001,7,25.0,784.0,626.0,732.0,480.0,0.0007743228794893,0.005856916726144,0.0352583451294105,0.0762215596778578,0.213452629636341
2001,8,16.0,490.0,323.0,280.0,131.0,0.0009679954077612,0.0074701036142908,0.0455469421403964,0.0859458800092215,0.210916932880145
2001,8,10.0,238.0,278.0,397.0,308.0,0.0006346277341073,0.0034864632847939,0.0260712732027824,0.0625618735687085,0.189230463765279
2001,8,26.0,728.0,601.0,677.0,439.0,0.0008052957946689,0.0054385655314194,0.0338502642536353,0.0704945299206417,0.19522021752157
2001,9,19.0,489.0,341.0,364.0,140.0,0.0011494945467164,0.0074548585048739,0.0480851618262389,0.111729644011988,0.225407409184888
2001,9,8.0,255.0,231.0,405.0,322.0,0.0005077021872859,0.0037354963765649,0.0216635399634631,0.0638225662350805,0.197831848481882
2001,9,27.0,744.0,572.0,769.0,462.0,0.0008362687098484,0.0055580944441979,0.0322168904377361,0.0800742887872577,0.205448156024978
2001,10,8.0,506.0,308.0,305.0,139.0,0.0004839977038806,0.0077140253649616,0.043431759068861,0.0936196192957591,0.223797356262138
2001,10,9.0,250.0,247.0,430.0,353.0,0.0005711649606966,0.0036622513495734,0.0231640448959973,0.0677622308174928,0.216877771782933
2001,10,17.0,756.0,555.0,735.0,492.0,0.0005265395580527,0.0056477411287817,0.031259395442209,0.0765339431191605,0.21878894537725
2001,11,10.0,497.0,344.0,284.0,145.0,0.0006049971298507,0.0075768193802093,0.048508198440546,0.0871736782950675,0.233457673798634
2001,11,6.0,215.0,290.0,396.0,306.0,0.0003807766404644,0.0031495361606331,0.0271966519021831,0.062404286985412,0.188001694520049
2001,11,16.0,712.0,634.0,680.0,451.0,0.0004955666428731,0.005319036618641,0.0357089310096586,0.0708069133619444,0.200556533262479
2001,12,10.0,522.0,358.0,297.0,136.0,0.0006049971298507,0.0079579471156323,0.0504823693073124,0.0911640227240671,0.218967197493891
2001,12,6.0,220.0,286.0,391.0,313.0,0.0003807766404644,0.0032227811876246,0.0268215256690495,0.0616163540689295,0.192302386878351
2001,12,16.0,742.0,644.0,688.0,449.0,0.0004955666428731,0.0055431533301006,0.0362721633599687,0.0716399358720849,0.199667147305661
2001,13,14.0,519.0,318.0,330.0,137.0,0.000846995981791,0.0079122117873815,0.0448418811165513,0.101293358582297,0.22057725041664
2001,13,8.0,259.0,257.0,377.0,248.0,0.0005077021872859,0.003794092398158,0.0241018604788312,0.0594101419027786,0.152367386408406
2001,13,22.0,778.0,575.0,707.0,385.0,0.0006814041339506,0.0058120933838521,0.0323858601428292,0.0736183643336687,0.171206796687482
2001,14,10.0,516.0,325.0,353.0,144.0,0.0006049971298507,0.0078664764591308,0.0458289665499345,0.108353198725911,0.231847620875884
2001,14,14.0,209.0,232.0,371.0,295.0,0.0008884788277503,0.0030616421282433,0.0217573215217465,0.0584646224029996,0.18124346367129
2001,14,24.0,725.0,557.0,724.0,439.0,0.0007433499643097,0.0054161538602735,0.031372041912271,0.0753885371677173,0.19522021752157
2001,15,7.0,519.0,324.0,300.0,141.0,0.0004234979908955,0.0079122117873815,0.0456879543451654,0.0920848714384516,0.227017462107637
2001,15,7.0,203.0,269.0,396.0,278.0,0.0004442394138751,0.0029737480958536,0.0252272391782319,0.062404286985412,0.170798925086842
2001,15,14.0,722.0,593.0,696.0,419.0,0.000433620812514,0.0053937421891275,0.0333996783733873,0.0724729583822254,0.186326357953389
2001,16,14.0,514.0,371.0,287.0,158.0,0.000846995981791,0.0078359862402969,0.0523155279693098,0.088094527009452,0.254388361794373
2001,16,10.0,242.0,274.0,410.0,323.0,0.0006346277341073,0.003545059306387,0.0256961469696488,0.0646104991515629,0.198446233104497
2001,16,24.0,756.0,645.0,697.0,481.0,0.0007433499643097,0.0056477411287817,0.0363284865949997,0.072577086195993,0.21389732261475
2001,17,9.0,510.0,343.0,308.0,118.0,0.0005444974168656,0.0077750058026293,0.048367186235777,0.0945404680101436,0.189986244884405
2001,17,8.0,219.0,264.0,416.0,288.0,0.0005077021872859,0.0032081321822263,0.0247583313868149,0.0655560186513419,0.176942771312988
2001,17,17.0,729.0,607.0,724.0,406.0,0.0005265395580527,0.0054460360884681,0.0341882036638214,0.0753885371677173,0.180545349234072
2001,18,12.0,539.0,352.0,288.0,114.0,0.0007259965558209,0.0082171139757199,0.0496362960786982,0.0884014765809135,0.183546033193408
2001,18,10.0,254.0,276.0,425.0,295.0,0.0006346277341073,0.0037208473711666,0.0258837100862156,0.0669742979010104,0.18124346367129
2001,18,22.0,793.0,628.0,713.0,409.0,0.0006814041339506,0.0059241517395819,0.0353709915994725,0.074243131216274,0.181879428169299
2001,19,16.0,485.0,357.0,305.0,125.0,0.0009679954077612,0.0073938780672062,0.0503413571025434,0.0936196192957591,0.20125661534365
2001,19,12.0,233.0,244.0,404.0,257.0,0.0007615532809288,0.0034132182578024,0.0228827002211471,0.063664979651784,0.157896848011937
2001,19,28.0,718.0,601.0,709.0,382.0,0.000867241625028,0.0053638599609329,0.0338502642536353,0.0738266199612038,0.169872717752255
2001,20,17.0,510.0,351.0,300.0,141.0,0.0010284951207463,0.0077750058026293,0.0494952838739292,0.0920848714384516,0.227017462107637
2001,20,11.0,219.0,232.0,363.0,293.0,0.0006980905075181,0.0032081321822263,0.0217573215217465,0.0572039297366277,0.18001469442606
2001,20,28.0,729.0,583.0,663.0,434.0,0.000867241625028,0.0054460360884681,0.0328364460230772,0.0690367405278958,0.192996752629525
2001,21,8.00657894736842,448.368421052632,324.266447368421,298.245065789474,138.113486842105,0.0004843957283081,0.0068354256380391,0.0457255266760414,0.0915461951345874,0.222370023161214
2001,21,11.0,236.0,241.0,386.0,293.0,0.0006980905075181,0.0034571652739973,0.022601355546297,0.060828421152447,0.18001469442606
2001,21,19.0065789473684,684.368421052632,565.266447368421,684.245065789474,431.113486842105,0.0005886891575907,0.0051126133317703,0.0318376349702741,0.0712489427819018,0.191713140496124
2001,22,8.0,477.0,342.0,303.0,127.0,0.0004839977038806,0.0072719171918709,0.048226174031008,0.0930057201528361,0.204476721189148
2001,22,9.0,192.0,248.0,422.0,323.0,0.0005711649606966,0.0028126090364723,0.0232578264542807,0.0665015381511209,0.198446233104497
2001,22,17.0,669.0,590.0,725.0,450.0,0.0005265395580527,0.0049978026655489,0.0332307086682943,0.0754926649814848,0.20011184028407
2001,23,15.0113808801214,540.40971168437,334.253414264036,311.235963581184,118.089529590288,0.000908184234757,0.0082386051845945,0.0471338108969474,0.095533745644653,0.190130392262921
2001,23,6.0,222.0,239.0,394.0,294.0,0.0003807766404644,0.0032520791984212,0.0224137924297302,0.062089113818819,0.180629079048675
2001,23,21.0113808801214,762.40971168437,573.253414264036,705.235963581184,412.089529590288,0.0006507837178057,0.0056956252455852,0.0322874867839206,0.073434679077971,0.183253320284687
2001,24,18.0146341463415,480.390243902439,302.245528455285,298.242276422764,132.107317073171,0.0010898801953848,0.0073236018311136,0.04262030834906,0.0915453389396713,0.212699771970213
2001,24,14.0,263.0,261.0,377.0,307.0,0.0008884788277503,0.0038526884197512,0.0244769867119648,0.0594101419027786,0.188616079142664
2001,24,32.0146341463415,743.390243902439,563.245528455285,675.242276422764,439.107317073171,0.0009915865479197,0.0055535392264853,0.0317238102793509,0.0703115020073364,0.195267940670473
2001,25,12.0,444.0,346.0,302.0,120.0,0.0007259965558209,0.0067688285811125,0.0487902228500841,0.0926987705813746,0.193206350729904
2001,25,5.0,186.0,211.0,388.0,310.0,0.0003173138670536,0.0027247150040826,0.0197879087977953,0.06114359431904,0.190459233010508
2001,25,17.0,630.0,557.0,690.0,430.0,0.0005265395580527,0.0047064509406514,0.031372041912271,0.07184819149962,0.191217980715889
2001,26,13.0097014925373,521.388805970149,364.271641791045,302.225373134328,140.10447761194,0.00078708320632,0.0079486293957723,0.0513667473437892,0.0927679487683756,0.225575623669354
2001,26,15.0,228.0,279.0,418.0,323.0,0.000951941601161,0.0033399732308109,0.0261650547610658,0.0658711918179349,0.198446233104497
2001,26,28.0097014925373,749.388805970149,643.271641791045,720.225373134328,463.10447761194,0.0008675421085335,0.005598351826622,0.0362311398693789,0.0749954935244065,0.205939309463818
2001,27,13.0,537.0,330.0,288.0,132.0,0.000786496268806,0.0081866237568861,0.0465340275737796,0.0884014765809135,0.212526985802894
2001,27,4.0,216.0,227.0,382.0,303.0,0.0002538510936429,0.0031641851660314,0.0212884137303295,0.0601980748192611,0.186158540652206
2001,27,17.0,753.0,557.0,670.0,435.0,0.0005265395580527,0.0056253294576358,0.031372041912271,0.0697656352242687,0.193441445607934
2001,28,14.0106060606061,471.356818181818,356.269696969697,336.254545454545,143.108333333333,0.0008476376454136,0.0071858862675931,0.0502383754620909,0.103213188629256,0.2304119903531
2001,28,10.0082576383154,247.203963666391,239.197357555739,407.336085879438,308.254335260116,0.0006351517867366,0.0036212921982285,0.0224323009288464,0.0641907020271083,0.189386723438082
2001,28,24.0188636989215,718.560781848209,595.467054525436,743.590631333983,451.362668593449,0.0007439342280564,0.0053680493137218,0.0335386308652577,0.0774284667788513,0.200717809439475
2001,29,11.0,505.0,326.0,303.0,132.0,0.0006654968428358,0.0076987802555447,0.0459699787547035,0.0930057201528361,0.212526985802894
2001,29,9.0,232.0,238.0,415.0,303.0,0.0005711649606966,0.0033985692524041,0.0223200108714468,0.0653984320680454,0.186158540652206
2001,29,20.0,737.0,564.0,718.0,435.0,0.0006194583035914,0.0055058005448573,0.0317663045574881,0.0747637702851119,0.193441445607934
2001,30,7.0,492.0,298.0,266.0,116.0,0.0004234979908955,0.0075005938331247,0.0420216370211707,0.0816485860087604,0.186766139038907
2001,30,11.0,208.0,265.0,366.0,261.0,0.0006980905075181,0.003046993122845,0.0248521129450983,0.0576766894865171,0.160354386502395
2001,30,18.0,700.0,563.0,632.0,377.0,0.0005575124732323,0.0052293899340571,0.0317099813224571,0.0658087783011013,0.16764925286021
2001,31,17.0,519.0,356.0,296.0,118.0,0.0010284951207463,0.0079122117873815,0.0502003448977744,0.0908570731526056,0.189986244884405
2001,31,7.0,225.0,241.0,401.0,315.0,0.0004442394138751,0.003296026214616,0.022601355546297,0.0631922199018945,0.19353115612358
2001,31,24.0,744.0,597.0,697.0,433.0,0.0007433499643097,0.0055580944441979,0.0336249713135113,0.072577086195993,0.192552059651116
2001,32,17.0,485.0,299.0,306.0,134.0,0.0010284951207463,0.0073938780672062,0.0421626492259397,0.0939265688672206,0.215747091648392
2001,32,8.0,215.0,239.0,368.0,290.0,0.0005077021872859,0.0031495361606331,0.0224137924297302,0.0579918626531101,0.178171540558217
2001,32,25.0,700.0,538.0,674.0,424.0,0.0007743228794893,0.0052293899340571,0.0303019004466819,0.070182146479339,0.188549822845435
2001,33,14.0114942528736,468.384236453202,339.278325123153,268.220032840723,129.105911330049,0.0008476913807909,0.0071405689338896,0.0478423846559592,0.0823300241378506,0.207867349881144
2001,33,5.0,235.0,217.0,365.0,314.0,0.0003173138670536,0.003442516268599,0.0203505981474956,0.0575191029032207,0.192916771500966
2001,33,19.0114942528736,703.384236453202,556.278325123153,633.220032840723,443.105911330049,0.0005888413989312,0.0052546720655469,0.0313313948485664,0.0659358176535304,0.197046087460013
2001,34,8.0,504.0,306.0,309.0,139.0,0.0004839977038806,0.0076835351461277,0.0431497346593229,0.0948474175816051,0.223797356262138
2001,34,6.0,215.0,232.0,377.0,280.0,0.0003807766404644,0.0031495361606331,0.0217573215217465,0.0594101419027786,0.172027694332071
2001,34,14.0,719.0,538.0,686.0,419.0,0.000433620812514,0.0053713305179816,0.0303019004466819,0.0714316802445498,0.186326357953389
2001,35,16.0,493.0,309.0,290.0,112.0,0.0009679954077612,0.0075158389425416,0.04357277127363,0.0890153757238365,0.18032592734791
2001,35,11.0,192.0,242.0,353.0,250.0,0.0006980905075181,0.0028126090364723,0.0226951371045804,0.0556280639036627,0.153596155653635
2001,35,27.0,685.0,551.0,643.0,362.0,0.0008362687098484,0.0051173315783273,0.031034102502085,0.0669541842525445,0.160978858184074
2001,36,9.0,450.0,330.0,265.0,102.0,0.0005444974168656,0.006860299237614,0.0465340275737796,0.0813416364372989,0.164225398120418
2001,36,8.0,224.0,229.0,359.0,263.0,0.0005077021872859,0.0032813772092177,0.0214759768468963,0.0565735834034417,0.161583155747624
2001,36,17.0,674.0,559.0,624.0,365.0,0.0005265395580527,0.0050351554507922,0.031484688382333,0.0649757557909607,0.162312937119301
2001,37,12.0,491.0,318.0,298.0,123.0,0.0007259965558209,0.0074853487237078,0.0448418811165513,0.0914709722955286,0.198036509498151
2001,37,8.0,215.0,240.0,404.0,307.0,0.0005077021872859,0.0031495361606331,0.0225075739880136,0.063664979651784,0.188616079142664
2001,37,20.0,706.0,558.0,702.0,430.0,0.0006194583035914,0.0052742132763491,0.031428365147302,0.0730977252648308,0.191217980715889
2001,38,12.0,506.0,353.0,367.0,117.0,0.0007259965558209,0.0077140253649616,0.0497773082834673,0.112650492726372,0.188376191961656
2001,38,8.0,248.0,264.0,431.0,304.0,0.0005077021872859,0.0036329533387768,0.0247583313868149,0.0679198174007893,0.18677292527482
2001,38,20.0,754.0,617.0,798.0,421.0,0.0006194583035914,0.0056328000146844,0.0347514360141315,0.0830939953865171,0.187215743910208
2001,39,8.0,518.0,343.0,334.0,122.0,0.0004839977038806,0.0078969666779646,0.048367186235777,0.102521156868143,0.196426456575402
2001,39,10.0,245.0,208.0,413.0,298.0,0.0006346277341073,0.0035890063225819,0.0195065641229451,0.0650832589014524,0.183086617539133
2001,39,18.0,763.0,551.0,747.0,420.0,0.0005575124732323,0.0057000350281223,0.031034102502085,0.0777834768843713,0.186771050931799
2001,40,11.0,472.0,343.0,342.0,147.0,0.0006654968428358,0.0071956916447863,0.048367186235777,0.104976753439835,0.236677779644132
2001,40,11.0,218.0,245.0,400.0,264.0,0.0006980905075181,0.003193483176828,0.0229764817794305,0.063034633318598,0.162197540370239
2001,40,22.0,690.0,588.0,742.0,411.0,0.0006814041339506,0.0051546843635706,0.0331180621982322,0.0772628378155334,0.182768814126117
2001,41,16.0,505.0,310.0,294.0,134.0,0.0009679954077612,0.0076987802555447,0.043713783478399,0.0902431740096826,0.215747091648392
2001,41,12.0,231.0,257.0,406.0,313.0,0.0007615532809288,0.0033839202470058,0.0241018604788312,0.0639801528183769,0.192302386878351
2001,41,28.0,736.0,567.0,700.0,447.0,0.000867241625028,0.0054983299878087,0.0319352742625811,0.0728894696372957,0.198777761348843
2001,42,13.0,466.0,334.0,327.0,111.0,0.000786496268806,0.0071042209882848,0.0470980763928557,0.100372509867912,0.178715874425161
2001,42,13.0,235.0,243.0,398.0,305.0,0.0008250160543395,0.003442516268599,0.0227889186628637,0.062719460152005,0.187387309897435
2001,42,26.0,701.0,577.0,725.0,416.0,0.0008052957946689,0.0052368604911058,0.0324985066128912,0.0754926649814848,0.184992279018162
2001,43,17.0,508.0,311.0,317.0,140.0,0.0010284951207463,0.0077445155837954,0.0438547956831681,0.0973030141532972,0.225407409184888
2001,43,10.0,250.0,244.0,428.0,307.0,0.0006346277341073,0.0036622513495734,0.0228827002211471,0.0674470576508998,0.188616079142664
2001,43,27.0,758.0,555.0,745.0,447.0,0.0008362687098484,0.005662682242879,0.031259395442209,0.0775752212568361,0.198777761348843
2001,44,7.0,525.0,343.0,334.0,142.0,0.0004234979908955,0.0080036824438831,0.048367186235777,0.102521156868143,0.228627515030386
2001,44,9.0,238.0,290.0,411.0,320.0,0.0005711649606966,0.0034864632847939,0.0271966519021831,0.0647680857348594,0.196603079236653
2001,44,16.0,763.0,633.0,745.0,462.0,0.0004955666428731,0.0057000350281223,0.0356526077746276,0.0775752212568361,0.205448156024978
2001,45,8.0,488.0,326.0,316.0,133.0,0.0004839977038806,0.007439613395457,0.0459699787547035,0.0969960645818357,0.214137038725643
2001,45,14.0,235.0,259.0,417.0,305.0,0.0008884788277503,0.003442516268599,0.024289423595398,0.0657136052346384,0.187387309897435
2001,45,22.0,723.0,585.0,733.0,438.0,0.0006814041339506,0.0054012127461762,0.0329490924931392,0.0763256874916253,0.194775524543161
2001,46,9.0,578.0,340.0,349.0,155.0,0.0005444974168656,0.0088116732429798,0.0479441496214699,0.107125400440065,0.249558203026125
2001,46,13.0,221.0,260.0,416.0,307.0,0.0008250160543395,0.0032374301930229,0.0243832051536814,0.0655560186513419,0.188616079142664
2001,46,22.0,799.0,600.0,765.0,462.0,0.0006814041339506,0.0059689750818738,0.0337939410186043,0.0796577775321874,0.205448156024978
2001,47,13.0,570.0,356.0,372.0,156.0,0.000786496268806,0.0086897123676445,0.0502003448977744,0.11418524058368,0.251168255948875
2001,47,8.0,231.0,265.0,460.0,327.0,0.0005077021872859,0.0033839202470058,0.0248521129450983,0.0724898283163877,0.200903771594955
2001,47,21.0,801.0,621.0,832.0,483.0,0.000650431218771,0.0059839161959711,0.0349767289542555,0.0866343410546143,0.214786708571568
2001,48,5.0,496.0,344.0,335.0,157.0,0.0003024985649253,0.0075615742707924,0.048508198440546,0.102828106439604,0.252778308871624
2001,48,8.0,224.0,276.0,472.0,343.0,0.0005077021872859,0.0032813772092177,0.0258837100862156,0.0743808673159456,0.210733925556787
2001,48,13.0,720.0,620.0,807.0,500.0,0.0004026478973344,0.0053788010750302,0.0349204057192245,0.0840311457104252,0.222346489204522
2001,49,16.0,551.0,359.0,348.0,142.0,0.0009679954077612,0.008400055288723,0.0506233815120814,0.106818450868604,0.228627515030386
2001,49,8.0,260.0,259.0,477.0,344.0,0.0005077021872859,0.0038087414035563,0.024289423595398,0.0751688002324281,0.211348310179402
2001,49,24.0,811.0,618.0,825.0,486.0,0.0007433499643097,0.0060586217664576,0.0348077592491625,0.0859054463582413,0.216120787506795
2001,50,10.0,545.0,348.0,354.0,157.0,0.0006049971298507,0.0083085846322215,0.0490722472596221,0.108660148297373,0.252778308871624
2001,50,10.0,259.0,305.0,438.0,347.0,0.0006346277341073,0.003794092398158,0.0286033752764339,0.0690229234838648,0.213191464047246
2001,50,20.0,804.0,653.0,792.0,504.0,0.0006194583035914,0.0060063278671171,0.0367790724752477,0.0824692285039117,0.224125261118158
2001,51,10.0,569.0,390.0,394.0,159.0,0.0006049971298507,0.0086744672582275,0.0549947598599214,0.120938131155833,0.255998414717122
2001,51,9.0,300.0,311.0,526.0,401.0,0.0005711649606966,0.0043947016194881,0.0291660646261343,0.0828905428139563,0.246368233668431
2001,51,19.0,869.0,701.0,920.0,560.0,0.0005884853884118,0.0064919140752795,0.0394825877567361,0.09579758866616,0.249028067909065
2001,52,10.0,547.0,396.0,344.0,156.0,0.0006049971298507,0.0083390748510553,0.0558408330885355,0.105590652582758,0.251168255948875
2001,52,8.0,253.0,287.0,562.0,405.0,0.0005077021872859,0.0037061983657683,0.0269153072273329,0.0885636598126302,0.248825772158889
2001,52,18.0,800.0,683.0,906.0,561.0,0.0005575124732323,0.0059764456389225,0.0384687695261779,0.0943397992734141,0.249472760887474
2002,1,14.0,501.0,338.0,388.0,160.0,0.0008633247892871,0.0076385752616512,0.0482601030644438,0.115051851170942,0.277104445061712
2002,1,11.0,262.0,266.0,481.0,398.0,0.0007121557706643,0.0038421058604943,0.0251037215616875,0.0723650197836635,0.261260323960192
2002,1,25.0,763.0,604.0,869.0,558.0,0.0007895791811791,0.0057033971444553,0.0343186627994407,0.0867330358480969,0.265615073295348
2002,2,8.0,550.0,351.0,352.0,168.0,0.0004933284510212,0.0083856614648866,0.0501162608746147,0.104376937144772,0.290959667314798
2002,2,8.0,238.0,291.0,508.0,362.0,0.000517931469574,0.0034901572320521,0.0274630938889138,0.0764270895012496,0.237628736868316
2002,2,16.0,788.0,642.0,860.0,530.0,0.0005053306759546,0.0058902712317572,0.036477783968942,0.085834765051051,0.252286718362965
2002,3,9.0,542.0,362.0,363.0,173.0,0.0005549945073988,0.0082636882072155,0.0516868559447593,0.107638716430546,0.299619181222976
2002,3,7.0,253.0,282.0,474.0,346.0,0.0004531900358772,0.0037101251248285,0.0266137198511123,0.0713118905976226,0.227125809271926
2002,3,16.0,795.0,644.0,837.0,519.0,0.0005053306759546,0.0059425959762018,0.0365914219252315,0.0835391841252671,0.247050578925243
2002,4,16.0,513.0,361.0,333.0,162.0,0.0009866569020424,0.0078215351481578,0.0515440745747461,0.098742954742071,0.280568250624984
2002,4,14.0,273.0,253.0,479.0,352.0,0.0009063800717545,0.0040034156485303,0.0238768479515299,0.0720641257305089,0.231064407120572
2002,4,30.0,786.0,614.0,812.0,514.0,0.0009474950174149,0.0058753213047731,0.0348868525808884,0.0810439874668063,0.244670515544461
2002,5,9.0,520.0,327.0,323.0,153.0,0.0005549945073988,0.00792826174862,0.0466895079942991,0.0957777008459127,0.264981125590262
2002,5,9.0,253.0,284.0,405.0,337.0,0.0005826729032708,0.0037101251248285,0.0268024696372904,0.0609310457637915,0.221217912498957
2002,5,18.0,773.0,611.0,728.0,490.0,0.0005684970104489,0.0057781467793761,0.0347163956464541,0.0726601266943781,0.233246211316704
2002,6,12.0,470.0,345.0,325.0,128.0,0.0007399926765318,0.0071659288881758,0.0492595726545358,0.0963707516251444,0.22168355604937
2002,6,8.00677966101695,202.171186440678,266.225423728814,422.357627118644,282.238983050847,0.0005183703945482,0.0029647446574306,0.025124995901994,0.0635424491522283,0.185270975241356
2002,6,20.0067796610169,672.171186440678,611.225423728814,747.357627118644,410.238983050847,0.000631877468111,0.0050244550790706,0.0347292039923749,0.0745921701544649,0.19527895618577
2002,7,7.0,510.0,331.0,335.0,168.0,0.0004316623946435,0.0077757951765312,0.0472606334743517,0.0993360055213026,0.290959667314798
2002,7,7.0,235.0,258.0,455.0,294.0,0.0004531900358772,0.0034461636534968,0.0243487224169751,0.0684533970926546,0.19299129458366
2002,7,14.0,745.0,589.0,790.0,462.0,0.0004421643414602,0.0055688478015979,0.0334663781272692,0.0788482144073608,0.219917856384321
2002,8,5.0,480.0,342.0,337.0,153.0,0.0003083302818882,0.0073183954602646,0.0488312285444964,0.0999290563005343,0.264981125590262
2002,8,3.0,228.0,267.0,431.0,306.0,0.0001942243010902,0.0033435119702011,0.0251980964547766,0.0648426684548003,0.200868490280952
2002,8,8.0,708.0,609.0,768.0,459.0,0.0002526653379773,0.005292274152391,0.0346027576901646,0.0766524413479153,0.218489818355851
2002,9,16.0,478.0,345.0,323.0,141.0,0.0009866569020424,0.0072879021458469,0.0492595726545358,0.0957777008459127,0.244198292210634
2002,9,1.0,224.0,252.0,465.0,331.0,6.47414336967566e-05,0.0032848538654608,0.0237824730584408,0.0699578673584273,0.217279314650311
2002,9,17.0,702.0,597.0,788.0,472.0,0.0005369138432017,0.0052474243714386,0.0339209299524274,0.078648598674684,0.224677983145886
2002,10,11.0,487.0,347.0,357.0,121.0,0.0006783266201541,0.0074251220607268,0.0495451353945621,0.105859564092851,0.20956023657792
2002,10,6.0,238.0,265.0,431.0,294.0,0.0003884486021805,0.0034901572320521,0.0250093466685985,0.0648426684548003,0.19299129458366
2002,10,17.0,725.0,612.0,788.0,415.0,0.0005369138432017,0.0054193485317563,0.0347732146245989,0.078648598674684,0.197545260604963
2002,11,9.0,485.0,311.0,351.0,136.0,0.0005549945073988,0.0073946287463091,0.0444050060740888,0.104080411755156,0.235538778302456
2002,11,10.0,224.0,248.0,436.0,336.0,0.0006474143369675,0.0032848538654608,0.0234049734860846,0.0655949035876866,0.220561479524183
2002,11,19.0,709.0,559.0,787.0,472.0,0.0006000801776961,0.0052997491158831,0.0317618087829261,0.0785487908083455,0.224677983145886
2002,12,14.0,521.0,335.0,321.0,141.0,0.0008633247892871,0.0079435084058289,0.0478317589544043,0.095184650066681,0.244198292210634
2002,12,4.0,222.0,247.0,424.0,303.0,0.000258965734787,0.0032555248130906,0.0233105985929956,0.0637895392687595,0.198899191356629
2002,12,18.0,743.0,582.0,745.0,444.0,0.0005684970104489,0.0055538978746137,0.0330686452802558,0.0743568604221314,0.211349628213503
2002,13,10.0,483.0,362.0,306.0,128.0,0.0006166605637765,0.0073641354318913,0.0516868559447593,0.0907367692224436,0.22168355604937
2002,13,4.0,223.0,245.0,484.0,305.0,0.000258965734787,0.0032701893392757,0.0231218488068175,0.0728163608633952,0.200212057306178
2002,13,14.0,706.0,607.0,790.0,433.0,0.0004421643414602,0.0052773242254069,0.034489119733875,0.0788482144073608,0.206113488775781
2002,14,9.0063025210084,522.365546218487,391.27380952381,370.259103641457,136.095238095238,0.0005553831590147,0.0079643284209251,0.0558666105740727,0.10979122496609,0.235703721424516
2002,14,11.0,231.0,287.0,438.0,329.0,0.0007121557706643,0.0033875055487564,0.0270855943165576,0.0658957976408411,0.215966448700762
2002,14,20.0063025210084,753.365546218487,678.27380952381,808.259103641457,465.095238095238,0.0006318623985183,0.0056313799541724,0.0385388247595029,0.0806706165830669,0.221391228953377
2002,15,8.0,512.0,397.0,345.0,125.0,0.0004933284510212,0.007806288490949,0.0566842038952194,0.102301259417461,0.216487847704463
2002,15,9.0,281.0,285.0,449.0,324.0,0.0005826729032708,0.0041207318580111,0.0268968445303795,0.0675507149331911,0.21268428382689
2002,15,17.0,793.0,682.0,794.0,449.0,0.0005369138432017,0.0059276460492176,0.0387505430947328,0.0792474458727146,0.213729691594286
2002,16,12.008658008658,523.377344877345,379.273448773449,327.235930735931,145.104617604618,0.0007405265817818,0.0079797549682411,0.0541531826254842,0.0970337618577702,0.251307090857622
2002,16,11.0,211.0,263.0,421.0,309.0,0.0007121557706643,0.0030942150250546,0.0248205968824204,0.0633381981890277,0.202837789205275
2002,16,23.008658008658,734.377344877345,642.273448773449,748.235930735931,454.104617604618,0.0007266862940202,0.0054894438423671,0.0364933210488243,0.0746798317645036,0.216159554281016
2002,17,12.0,529.0,330.0,334.0,124.0,0.0007399926765318,0.0080654816635,0.0471178521043386,0.0990394801316868,0.214755944922827
2002,17,12.0,235.0,226.0,468.0,314.0,0.000776897204361,0.0034461636534968,0.0213287258381255,0.070409208438159,0.206119954079147
2002,17,24.0,764.0,556.0,802.0,438.0,0.0007579960139319,0.0057108721079474,0.0315913518484918,0.080045908803422,0.208493552156564
2002,18,10.0,497.0,354.0,315.0,125.0,0.0006166605637765,0.0075775886328157,0.0505446049846541,0.0934054977289861,0.216487847704463
2002,18,8.0,225.0,278.0,441.0,317.0,0.000517931469574,0.0032995183916459,0.0262362202787561,0.0663471387205729,0.20808925300347
2002,18,18.0,722.0,632.0,756.0,442.0,0.0005684970104489,0.0053969236412801,0.0359095941874943,0.0754547469518542,0.21039760286119
2002,19,11.0,467.0,338.0,298.0,126.0,0.0006783266201541,0.0071201889165491,0.0482601030644438,0.088364566105517,0.218219750486098
2002,19,7.0,205.0,264.0,444.0,299.0,0.0004531900358772,0.003006227867944,0.0249149717755094,0.0667984798003047,0.196273459457532
2002,19,18.0,672.0,602.0,742.0,425.0,0.0005684970104489,0.0050231754666762,0.0342050248431512,0.0740574368231161,0.202305387366529
2002,20,11.0178137651822,498.806477732794,296.479352226721,308.498785425101,122.197570850202,0.0006794251248022,0.0076051313795631,0.0423317280915416,0.0914777225441881,0.211634312864591
2002,20,8.0,217.0,254.0,411.0,276.0,0.000517931469574,0.0031822021821651,0.0239712228446189,0.0618337279232551,0.181175501037721
2002,20,19.0178137651822,715.806477732794,550.479352226721,719.498785425101,398.197570850202,0.0006006427928211,0.0053506272884454,0.0312776742833169,0.0718116386063722,0.189547091339437
2002,21,11.0,505.0,332.0,335.0,129.0,0.0006783266201541,0.0076995618904868,0.0474034148443649,0.0993360055213026,0.223415458831006
2002,21,7.00593220338983,229.19406779661,239.202542372881,404.342372881356,301.255084745763,0.0004535740952297,0.0033610224086713,0.0225747143630698,0.0608321077191949,0.197753771445561
2002,21,18.0059322033898,734.19406779661,571.202542372881,739.342372881356,430.255084745763,0.0005686843682207,0.0054880738528797,0.0324551447713215,0.0737921847308811,0.204806874319789
2002,22,10.0,503.0,310.0,314.0,115.0,0.0006166605637765,0.007669068576069,0.0442622247040756,0.0931089723393702,0.199168819888106
2002,22,8.0,209.0,236.0,360.0,272.0,0.000517931469574,0.0030648859726844,0.022272474769016,0.0541609295678146,0.178549769138624
2002,22,18.0,712.0,546.0,674.0,387.0,0.0005684970104489,0.0053221740063593,0.0310231620670441,0.0672705019121028,0.18421690567258
2002,23,10.0080840743735,477.385610347615,312.252223120453,325.262732417138,113.09135004042,0.0006171590767626,0.0072785347574243,0.0445838002067892,0.096448658457501,0.195863223713941
2002,23,11.0,218.0,238.0,411.0,281.0,0.0007121557706643,0.0031968667083502,0.0224612245551941,0.0618337279232551,0.184457665911593
2002,23,21.0080840743735,695.385610347615,550.252223120453,736.262732417138,394.09135004042,0.0006635018328634,0.0051979820502646,0.0312647690395918,0.073484812387058,0.187592478182883
2002,24,13.0,514.0,340.0,329.0,128.0,0.0008016587329094,0.0078367818053667,0.0485456658044701,0.0975568531836077,0.22168355604937
2002,24,7.0,238.0,229.0,447.0,273.0,0.0004531900358772,0.0034901572320521,0.0216118505173926,0.0672498208800365,0.179206202113398
2002,24,20.0,752.0,569.0,776.0,401.0,0.0006316633449432,0.0056211725460424,0.0323299985643738,0.0774509042786228,0.190881083138772
2002,25,17.0115410726409,592.401900882553,374.253903598099,354.24032586558,136.092328581127,0.0010490346508562,0.009032148712648,0.0534364850885049,0.105041250644929,0.235698682428934
2002,25,6.0,235.0,298.0,499.0,353.0,0.0003884486021805,0.0034461636534968,0.0281237181405372,0.0750730662620542,0.231720840095347
2002,25,23.0115410726409,827.401900882553,672.253903598099,853.24032586558,489.092328581127,0.0007267773503122,0.0061847990023728,0.0381967798562763,0.0851600963985515,0.232814148215535
2002,26,12.0,505.0,348.0,324.0,140.0,0.0007399926765318,0.0076995618904868,0.0496879167645752,0.0960742262355285,0.242466389428998
2002,26,12.0,244.0,239.0,448.0,306.0,0.000776897204361,0.0035781443891626,0.0225555994482832,0.0674002679066138,0.200868490280952
2002,26,24.0,749.0,587.0,772.0,446.0,0.0007579960139319,0.0055987476555662,0.0333527401709797,0.0770516728132691,0.212301653565816
2002,27,13.0,494.0,341.0,355.0,132.0,0.0008016587329094,0.007531848661189,0.0486884471744832,0.105266513313619,0.228611167175913
2002,27,8.0,213.0,217.0,392.0,283.0,0.000517931469574,0.0031235440774247,0.020479351800324,0.0589752344182871,0.185770531861142
2002,27,21.0,707.0,558.0,747.0,415.0,0.0006632465121904,0.0052847991888989,0.0317049898047813,0.0745564761548083,0.197545260604963
2002,28,15.0,533.0,321.0,380.0,134.0,0.0009249908456648,0.0081264682923355,0.0458328197742203,0.112679648054015,0.232074972739184
2002,28,8.0,223.0,239.0,469.0,288.0,0.000517931469574,0.0032701893392757,0.0225555994482832,0.0705596554647363,0.189052696735014
2002,28,23.0,756.0,560.0,849.0,422.0,0.0007264128466847,0.0056510724000108,0.0318186277610709,0.0847368785213283,0.200877349338059
2002,29,16.0257441673371,509.818986323411,291.468222043443,309.497184231698,118.189863234111,0.0009882444433168,0.0077730353230541,0.041616232058659,0.0917737731393061,0.2046933528963
2002,29,10.0,210.0,224.0,430.0,297.0,0.0006474143369675,0.0030795504988695,0.0211399760519474,0.064692221428223,0.194960593507983
2002,29,26.0257441673371,719.818986323411,515.468222043443,739.497184231698,415.189863234111,0.0008219754307689,0.0053806206436719,0.0292883776426095,0.0738076361214437,0.197635637911136
2002,30,11.0,513.0,307.0,251.0,108.0,0.0006783266201541,0.0078215351481578,0.0438338805940362,0.074427872793573,0.187045500416656
2002,30,10.0,252.0,234.0,330.0,244.0,0.0006474143369675,0.0036954605986434,0.0220837249828379,0.0496475187704968,0.160169645844942
2002,30,21.0,765.0,541.0,581.0,352.0,0.0006632465121904,0.0057183470714395,0.0307390671763203,0.0579883703426287,0.167556462007102
2002,31,15.0244299674267,489.796416938111,298.485342019544,300.488599348534,126.205211726384,0.0009264973454134,0.0074677580711953,0.0426181460623933,0.0891024989969388,0.218575157245848
2002,31,8.0,212.0,218.0,384.0,269.0,0.000517931469574,0.0031088795512396,0.0205737266934131,0.057771658205669,0.176580470214301
2002,31,23.0244299674267,701.796416938111,516.485342019544,684.488599348534,395.205211726384,0.0007271844224318,0.0052459025954833,0.0293461693603022,0.0683173466339586,0.188122690464887
2002,32,10.0,509.0,281.0,246.0,106.0,0.0006166605637765,0.0077605485193223,0.0401215649736944,0.0729452458454939,0.183581694853384
2002,32,13.0,211.0,221.0,348.0,230.0,0.0008416386380578,0.0030942150250546,0.0208568513726802,0.0523555652488875,0.150979584198101
2002,32,23.0,720.0,502.0,594.0,336.0,0.0007264128466847,0.005381973714296,0.0285231270286743,0.0592858726050283,0.159940259188597
2002,33,12.0,483.0,276.0,275.0,99.0,0.0007399926765318,0.0073641354318913,0.0394076581236286,0.0815444821443529,0.171458375381935
2002,33,7.0,206.0,218.0,360.0,267.0,0.0004531900358772,0.0030208923941291,0.0205737266934131,0.0541609295678146,0.175267604264752
2002,33,19.0,689.0,494.0,635.0,366.0,0.0006000801776961,0.0051502498460415,0.0280685752035161,0.063377995124904,0.174220639473293
2002,34,10.0082712985939,491.406120760959,316.261373035567,286.236559139785,106.087675765095,0.0006171706221419,0.0074923006735901,0.0451562321242572,0.084876407221219,0.183733540754835
2002,34,8.0,233.0,249.0,405.0,261.0,0.000517931469574,0.0034168346011266,0.0234993483791737,0.0609310457637915,0.171329006416106
2002,34,18.0082712985939,724.406120760959,565.261373035567,691.236559139785,367.087675765095,0.0005687582442557,0.0054149093061258,0.0321175736005902,0.0689908461028609,0.174738386925027
2002,35,11.0,483.0,322.0,306.0,116.0,0.0006783266201541,0.0073641354318913,0.0459756011442334,0.0907367692224436,0.200900722669741
2002,35,12.0,197.0,263.0,394.0,273.0,0.000776897204361,0.0028889116584633,0.0248205968824204,0.0592761284714416,0.179206202113398
2002,35,23.0,680.0,585.0,700.0,389.0,0.0007264128466847,0.0050829751746128,0.0332391022146901,0.069865506436902,0.185168931024893
2002,36,9.0,483.0,292.0,287.0,119.0,0.0005549945073988,0.0073641354318913,0.041692160043839,0.0851027868197429,0.206096431014649
2002,36,12.0,196.0,238.0,356.0,264.0,0.000776897204361,0.0028742471322782,0.0224612245551941,0.0535591414615056,0.173298305340429
2002,36,21.0,679.0,530.0,643.0,383.0,0.0006632465121904,0.0050755002111208,0.0301140584167278,0.0641764580556114,0.182312854967954
2002,37,16.0,481.0,288.0,318.0,103.0,0.0009866569020424,0.0073336421174735,0.0411210345637864,0.0942950738978336,0.178385986508477
2002,37,8.0,201.0,211.0,352.0,236.0,0.000517931469574,0.0029475697632036,0.0199131024417897,0.0529573533551965,0.154918182046747
2002,37,24.0,682.0,499.0,670.0,339.0,0.0007579960139319,0.005097925101597,0.0283526700942399,0.0668712704467491,0.161368297217066
2002,38,9.0,478.0,326.0,321.0,145.0,0.0005549945073988,0.0072879021458469,0.046546726624286,0.095184650066681,0.251125903337177
2002,38,8.0,224.0,235.0,417.0,278.0,0.000517931469574,0.0032848538654608,0.022178099875927,0.0627364100827186,0.18248836698727
2002,38,17.0,702.0,561.0,738.0,423.0,0.0005369138432017,0.0052474243714386,0.0318754467392157,0.0736582053577624,0.201353362014216
2002,39,5.0,528.0,337.0,327.0,136.0,0.0003083302818882,0.0080502350062911,0.0481173216944306,0.096963802404376,0.235538778302456
2002,39,6.0,217.0,281.0,410.0,283.0,0.0003884486021805,0.0031822021821651,0.0265193449580233,0.0616832808966778,0.185770531861142
2002,39,11.0,745.0,618.0,737.0,419.0,0.0003474148397188,0.0055688478015979,0.0351141284934675,0.073558397491424,0.19944931130959
2002,40,24.0,519.0,409.0,322.0,149.0,0.0014799853530636,0.0079130150914112,0.0583975803353772,0.0954811754562969,0.25805351446372
2002,40,11.0,249.0,248.0,450.0,317.0,0.0007121557706643,0.0036514670200881,0.0234049734860846,0.0677011619597683,0.20808925300347
2002,40,35.0,768.0,657.0,772.0,466.0,0.0011054108536507,0.0057407719619157,0.0373300686411135,0.0770516728132691,0.221821907088947
2002,41,7.0,554.0,373.0,325.0,132.0,0.0004316623946435,0.0084466480937221,0.0532574510149039,0.0963707516251444,0.228611167175913
2002,41,10.0,259.0,278.0,466.0,304.0,0.0006474143369675,0.003798112281939,0.0262362202787561,0.0701083143850045,0.199555624331403
2002,41,17.0,813.0,651.0,791.0,436.0,0.0005369138432017,0.0060771453190592,0.0369891547722449,0.0789480222736993,0.207541526804251
2002,42,14.0,501.0,333.0,335.0,138.0,0.0008633247892871,0.0076385752616512,0.047546196214378,0.0993360055213026,0.239002583865727
2002,42,12.0,232.0,231.0,417.0,327.0,0.000776897204361,0.0034021700749415,0.0218006003035708,0.0627364100827186,0.214653582751213
2002,42,26.0,733.0,564.0,752.0,465.0,0.0008211623484262,0.005479148239693,0.03204590367365,0.0750555154865004,0.22134589441279
2002,43,10.0,509.0,341.0,331.0,121.0,0.0006166605637765,0.0077605485193223,0.0486884471744832,0.0981499039628393,0.20956023657792
2002,43,12.0,217.0,250.0,464.0,300.0,0.000776897204361,0.0031822021821651,0.0235937232722627,0.06980742033185,0.196929892432306
2002,43,22.0,726.0,591.0,795.0,421.0,0.0006948296794376,0.0054268234952484,0.0335800160835587,0.079347253739053,0.200401336661903
2002,44,7.0,495.0,332.0,312.0,140.0,0.0004316623946435,0.0075470953183979,0.0474034148443649,0.0925159215601386,0.242466389428998
2002,44,10.0,212.0,223.0,441.0,289.0,0.0006474143369675,0.0031088795512396,0.0210456011588583,0.0663471387205729,0.189709129709788
2002,44,17.0,707.0,555.0,753.0,429.0,0.0005369138432017,0.0052847991888989,0.031534532870347,0.0751553233528389,0.204209438071155
2002,45,5.0,511.0,349.0,319.0,156.0,0.0003083302818882,0.0077910418337401,0.0498306981345884,0.0945915992874494,0.27017683393517
2002,45,11.0,243.0,258.0,417.0,284.0,0.0007121557706643,0.0035634798629775,0.0243487224169751,0.0627364100827186,0.186426964835916
2002,45,16.0,754.0,607.0,736.0,440.0,0.0005053306759546,0.0056361224730266,0.034489119733875,0.0734585896250855,0.209445577508877
2002,46,13.0,547.0,350.0,329.0,117.0,0.0008016587329094,0.0083399214932599,0.0499734795046015,0.0975568531836077,0.202632625451377
2002,46,13.0,225.0,266.0,467.0,316.0,0.0008416386380578,0.0032995183916459,0.0251037215616875,0.0702587614115818,0.207432820028696
2002,46,26.0,772.0,616.0,796.0,433.0,0.0008211623484262,0.005770671815884,0.035000490537178,0.0794470616053914,0.206113488775781
2002,47,7.0,543.0,293.0,374.0,112.0,0.0004316623946435,0.0082789348644244,0.0418349414138521,0.11090049571632,0.193973111543199
2002,47,11.0,210.0,229.0,442.0,296.0,0.0007121557706643,0.0030795504988695,0.0216118505173926,0.0664975857471502,0.194304160533208
2002,47,18.0,753.0,522.0,816.0,408.0,0.0005684970104489,0.0056286475095345,0.0296595065915696,0.08144321893216,0.194213171871868
2002,48,7.0,490.0,338.0,320.0,138.0,0.0004316623946435,0.0074708620323535,0.0482601030644438,0.0948881246770652,0.239002583865727
2002,48,14.0,215.0,244.0,418.0,300.0,0.0009063800717545,0.0031528731297949,0.0230274739137284,0.0628868571092959,0.196929892432306
2002,48,21.0,705.0,582.0,738.0,438.0,0.0006632465121904,0.0052698492619148,0.0330686452802558,0.0736582053577624,0.208493552156564
2002,49,13.0,557.0,319.0,320.0,147.0,0.0008016587329094,0.0084923880653488,0.045547257034194,0.0948881246770652,0.254589708900448
2002,49,13.0,243.0,263.0,457.0,284.0,0.0008416386380578,0.0035634798629775,0.0248205968824204,0.0687542911458092,0.186426964835916
2002,49,26.0,800.0,582.0,777.0,431.0,0.0008211623484262,0.0059799707936622,0.0330686452802558,0.0775507121449612,0.205161463423468
2002,50,13.0,536.0,353.0,330.0,150.0,0.0008016587329094,0.0081722082639622,0.050401823614641,0.0978533785732235,0.259785417245355
2002,50,10.0,270.0,262.0,469.0,302.0,0.0006474143369675,0.003959422069975,0.0247262219893313,0.0705596554647363,0.198242758381855
2002,50,23.0,806.0,615.0,799.0,452.0,0.0007264128466847,0.0060248205746146,0.0349436715590332,0.0797464852044067,0.215157729622755
2002,51,11.0,588.0,389.0,383.0,161.0,0.0006783266201541,0.0089650344388242,0.0555419529351143,0.113569224222862,0.278836347843348
2002,51,10.0,269.0,274.0,519.0,317.0,0.0006474143369675,0.0039447575437899,0.0258587207063999,0.0780820067935994,0.20808925300347
2002,51,21.0,857.0,663.0,902.0,478.0,0.0006632465121904,0.0064060437127106,0.0376709825099821,0.0900266954372651,0.227534059202825
2002,52,13.0089717046239,542.374051069703,365.251897860594,380.262249827467,149.102829537612,0.0008022119825526,0.0082693912356539,0.0521511663764377,0.112757411786281,0.258231605225944
2002,52,5.0,236.0,301.0,547.0,389.0,0.0003237071684837,0.0034608281796819,0.0284068428198043,0.0822945235377628,0.255352427187223
2002,52,18.0089717046239,778.374051069703,666.251897860594,927.262249827467,538.102829537612,0.0005687803652965,0.0058183176149267,0.0378557520234523,0.092548066691453,0.256143767935604
2003,1,11.0,586.0,390.0,355.0,148.0,0.0006893807589496,0.0089425916017351,0.0562741948861389,0.101991614642825,0.275956138177434
2003,1,11.0,260.0,294.0,535.0,362.0,0.0007242290426294,0.0038195686102548,0.027876580608928,0.0773993470689013,0.253710200565704
2003,1,22.0,846.0,684.0,890.0,510.0,0.0007063753611548,0.0063323534974635,0.0391375109894983,0.0856355396642815,0.259787640583407
2003,2,14.0,500.0,359.0,434.0,133.0,0.0008773936932085,0.007630197612402,0.0518011178567279,0.12468834015489,0.247987610659451
2003,2,7.0,256.0,269.0,498.0,373.0,0.0004608730271278,0.0037608060162509,0.0255061230741552,0.0720464950286222,0.261419626549745
2003,2,21.0,756.0,628.0,932.0,506.0,0.0006742673901932,0.0056586988700737,0.0359332703236914,0.0896767673787757,0.257750090461185
2003,3,9.0,514.0,350.0,370.0,140.0,0.0005640388027769,0.0078438431455492,0.0505024825901247,0.106301119486888,0.261039590167843
2003,3,4.0,234.0,279.0,537.0,339.0,0.0002633560155016,0.0034376117492293,0.0264543060880643,0.0776886904224299,0.237590491689982
2003,3,13.0,748.0,629.0,907.0,479.0,0.0004174036225006,0.0055988184587502,0.0359904889070094,0.0872712746915768,0.243996627136181
2003,4,12.0091254752852,498.378707224335,315.239543726236,357.271482889734,133.101140684411,0.0007526236394975,0.0076054560438702,0.0454867987678659,0.102644212410592,0.248176194393793
2003,4,6.0,222.0,275.0,534.0,368.0,0.0003950340232524,0.0032613239672175,0.0260750328825007,0.077254675392137,0.257915342011544
2003,4,18.0091254752852,720.378707224335,590.239543726236,891.271482889734,501.101140684411,0.0005782364778039,0.0053920716621634,0.0337726705102661,0.0857578813760077,0.255254672611877
2003,5,10.0,471.0,339.0,342.0,151.0,0.0006267097808632,0.0071876461508826,0.0489152617087208,0.0982567104446366,0.281549843681031
2003,5,11.0,250.0,274.0,519.0,321.0,0.0007242290426294,0.003672662125245,0.0259802145811098,0.0750846002406725,0.224975067352461
2003,5,21.0,721.0,613.0,861.0,472.0,0.0006742673901932,0.0053967220705333,0.0350749915739217,0.0828451681471308,0.240430914422291
2003,6,10.0,515.0,358.0,351.0,151.0,0.0006267097808632,0.007859103540774,0.0516568250493275,0.100842413351074,0.281549843681031
2003,6,12.0,220.0,273.0,525.0,304.0,0.0007900680465048,0.0032319426702156,0.0258853962797189,0.0759526303012583,0.21306049992258
2003,6,22.0,735.0,631.0,876.0,455.0,0.0007063753611548,0.0055015127903495,0.0361049260736454,0.0842884637594501,0.231771326402844
2003,7,10.0071225071225,520.37037037037,346.246438746439,392.279202279202,136.096866096866,0.000627156155351,0.0079410575151295,0.0499608706990991,0.112701941496493,0.253761929636099
2003,7,8.0,259.0,246.0,511.0,320.0,0.0005267120310032,0.0038048779617538,0.0233253021421642,0.0739272268265581,0.224274210444821
2003,7,18.0071225071225,779.37037037037,592.246438746439,903.279202279202,456.096866096866,0.0005781721665603,0.0058336272938939,0.03388750220019,0.0869132606232597,0.232330056315277
2003,8,18.0,509.0,376.0,353.0,154.0,0.0011280776055539,0.0077675411694252,0.054254095582534,0.101417013996949,0.287143549184628
2003,8,8.0,243.0,272.0,515.0,351.0,0.0005267120310032,0.0035698275857381,0.0257905779783279,0.0745059135336153,0.246000774581663
2003,8,26.0,752.0,648.0,868.0,505.0,0.0008348072450012,0.005628758664412,0.037077641990051,0.0835187060995465,0.257240702930629
2003,9,11.0,519.0,365.0,397.0,149.0,0.0006893807589496,0.0079201451216732,0.05266687470113,0.114058228206201,0.277820706678633
2003,9,15.0,223.0,294.0,524.0,330.0,0.000987585058131,0.0032760146157185,0.027876580608928,0.075807958624494,0.231282779521222
2003,9,26.0,742.0,659.0,921.0,479.0,0.0008348072450012,0.0055539081502576,0.0377070464065488,0.0886183505964082,0.243996627136181
2003,10,10.0,534.0,401.0,466.0,162.0,0.0006267097808632,0.0081490510500453,0.0578614157675429,0.133881950488891,0.302060097194219
2003,10,9.0,251.0,296.0,608.0,354.0,0.0005925510348786,0.003687352773746,0.0280662172117098,0.0879603794726953,0.248103345304583
2003,10,19.0,785.0,697.0,1074.0,516.0,0.0006100514482701,0.0058757653611216,0.039881352572632,0.103339965842066,0.262843965766742
2003,11,13.0,527.0,432.0,460.0,160.0,0.0008147227151222,0.0080422282834717,0.0623344927969539,0.132158148551266,0.298330960191821
2003,11,7.0,259.0,322.0,605.0,421.0,0.0004608730271278,0.0038048779617538,0.0305314930478735,0.0875263644424024,0.295060758116468
2003,11,20.0,786.0,754.0,1065.0,581.0,0.0006421594192317,0.005883250412537,0.0431428118217569,0.102473988474674,0.295954155252862
2003,12,11.0,574.0,457.0,445.0,184.0,0.0006893807589496,0.0087594668590375,0.0659418129819628,0.127848643707203,0.343080604220594
2003,12,12.0,268.0,316.0,612.0,400.0,0.0007900680465048,0.0039370937982626,0.0299625832395281,0.0885390661797525,0.280342763056026
2003,12,23.0,842.0,773.0,1057.0,584.0,0.0007384833321164,0.0063024132918017,0.0442299649047985,0.10170423081477,0.297482317844529
2003,13,11.0,600.0,475.0,484.0,179.0,0.0006893807589496,0.0091562371348824,0.0685390835151692,0.139053356301766,0.3337577617146
2003,13,14.0,275.0,316.0,635.0,451.0,0.0009217460542556,0.0040399283377695,0.0299625832395281,0.0918665147453315,0.31608646534567
2003,13,25.0,875.0,791.0,1119.0,630.0,0.0008026992740396,0.0065494199885113,0.0452598994045222,0.107669852679024,0.320914144250092
2003,14,13.0,560.0,432.0,440.0,148.0,0.0008147227151222,0.0085458213258902,0.0623344927969539,0.126412142092515,0.275956138177434
2003,14,8.0,226.0,296.0,565.0,409.0,0.0005267120310032,0.0033200865612215,0.0280662172117098,0.0817394973718304,0.286650475224787
2003,14,21.0,786.0,728.0,1005.0,557.0,0.0006742673901932,0.005883250412537,0.0416551286554894,0.0967008060253965,0.283728854519525
2003,15,9.00637845499646,484.343019135365,391.277108433735,381.270021261517,146.103472714387,0.0005644385467902,0.0073912658963804,0.0564584724473972,0.109539000234834,0.272419933139016
2003,15,9.0,285.0,269.0,525.0,338.0,0.0005925510348786,0.0041868348227793,0.0255061230741552,0.0759526303012583,0.236889634782342
2003,15,18.0063784549965,769.343019135365,660.277108433735,906.270021261517,484.103472714387,0.0005781482765563,0.0057585720543392,0.0377801207418706,0.0872010363508875,0.246596272499421
2003,16,4.0,503.0,374.0,390.0,173.0,0.0002506839123453,0.0076759787980764,0.0539655099677332,0.112047125945638,0.322570350707407
2003,16,9.0,218.0,254.0,501.0,325.0,0.0005925510348786,0.0032025613732136,0.0240838485532915,0.0724805100589151,0.227778494983021
2003,16,13.0,721.0,628.0,891.0,498.0,0.0004174036225006,0.0053967220705333,0.0359332703236914,0.0857317593717695,0.253674990216739
2003,17,7.0,501.0,348.0,341.0,143.0,0.0004386968466042,0.0076454580076268,0.050213896975324,0.0979694101216991,0.26663329567144
2003,17,6.0,246.0,256.0,468.0,295.0,0.0003950340232524,0.0036138995312411,0.0242734851560734,0.0677063447256931,0.20675278775382
2003,17,13.0,747.0,604.0,809.0,438.0,0.0004174036225006,0.0055913334073348,0.0345600243240599,0.077841743357757,0.223111738383397
2003,18,14.021875,479.7484375,329.5140625,328.5125,130.203125,0.0008787646208542,0.0073211507647321,0.0475465091560215,0.0943817473390166,0.242772645632661
2003,18,10.0,219.0,231.0,447.0,283.0,0.000658390038754,0.0032172520217146,0.0219030276213006,0.0646682395136428,0.198342504862139
2003,18,24.021875,698.7484375,560.5140625,775.5125,413.203125,0.0007712936649428,0.0052301679811469,0.0320718205860557,0.0746195859032541,0.210480519461649
2003,19,9.00622406639004,563.389349930844,385.266251728907,370.255878284924,119.082295988935,0.0005644288711052,0.00859754414539,0.0555911490585764,0.106374633400779,0.22203709815141
2003,19,9.0,251.0,269.0,441.0,285.0,0.0005925510348786,0.003687352773746,0.0255061230741552,0.063800209453057,0.199744218677419
2003,19,18.00622406639,814.389349930844,654.266251728907,811.255878284924,404.082295988935,0.0005781433194514,0.0060957461564203,0.0374361880366929,0.0780588033064608,0.205834482895081
2003,20,7.0,478.0,307.0,344.0,95.0,0.0004386968466042,0.0072944689174563,0.0442978918719094,0.0988313110905117,0.177134007613894
2003,20,8.0,217.0,225.0,441.0,257.0,0.0005267120310032,0.0031878707247126,0.0213341178129551,0.063800209453057,0.180120225263497
2003,20,15.0,695.0,532.0,785.0,352.0,0.0004816195644237,0.0052021107337318,0.0304402863251653,0.0755324703780461,0.179304410755607
2003,21,12.0,507.0,309.0,302.0,120.0,0.0007520517370359,0.0077370203789756,0.0445864774867101,0.0867646975271352,0.223748220143866
2003,21,8.0,211.0,219.0,386.0,247.0,0.0005267120310032,0.0030997268337068,0.0207652080046096,0.0558432672310204,0.173111656187096
2003,21,20.0,718.0,528.0,688.0,367.0,0.0006421594192317,0.005374266916287,0.0302114119918934,0.0661991587517143,0.186945223713942
2003,22,16.0,475.0,354.0,327.0,128.0,0.0010027356493812,0.0072486877317819,0.0510796538197261,0.0939472056005736,0.238664768153457
2003,22,10.0,249.0,205.0,469.0,253.0,0.000658390038754,0.003657971476744,0.0194377517851369,0.0678510164024574,0.177316797632937
2003,22,26.0,724.0,559.0,796.0,381.0,0.0008348072450012,0.0054191772247796,0.0319851880747508,0.0765908871604136,0.194076649141722
2003,23,14.0,523.0,324.0,331.0,136.0,0.0008773936932085,0.0079811867025725,0.0467508695977154,0.0950964068923237,0.253581316163048
2003,23,5.0,229.0,239.0,426.0,294.0,0.000329195019377,0.0033641585067244,0.0226615740324279,0.0616301343015925,0.206051930846179
2003,23,19.0,752.0,563.0,757.0,430.0,0.0006100514482701,0.005628758664412,0.0322140624080227,0.0728383185683833,0.219036638138951
2003,24,19.0137781000725,506.366932559826,339.24583031182,382.277012327774,133.096446700508,0.0011916120706479,0.0077273595196346,0.0489507332545574,0.109828309093365,0.248167442139262
2003,24,8.0,241.0,257.0,498.0,310.0,0.0005267120310032,0.0035404462887362,0.0243683034574643,0.0720464950286222,0.21726564136842
2003,24,27.0137781000725,747.366932559826,596.24583031182,880.277012327774,443.096446700508,0.0008673576027998,0.0055940799164111,0.034116341719695,0.0846999966345509,0.225707804782778
2003,25,11.0,476.0,298.0,281.0,94.0,0.0006893807589496,0.0072639481270067,0.0429992566053062,0.080731390745447,0.175269439112695
2003,25,7.0,202.0,214.0,397.0,252.0,0.0004608730271278,0.0029675109971979,0.0202911164976551,0.0574346556754277,0.176615940725297
2003,25,18.0,678.0,512.0,678.0,346.0,0.0005779434773085,0.0050748648596693,0.0292959146588057,0.0652369616768347,0.176248085572273
2003,26,13.0,512.0,296.0,291.0,105.0,0.0008147227151222,0.0078133223550996,0.0427106709905054,0.0836043939748224,0.195779692625883
2003,26,7.0,215.0,236.0,428.0,251.0,0.0004608730271278,0.0031584894277107,0.0223771191282551,0.0619194776551211,0.175915083817657
2003,26,20.0,727.0,532.0,719.0,356.0,0.0006421594192317,0.0054416323790259,0.0304402863251653,0.0691819696838409,0.18134196087783
2003,27,17.0,512.0,326.0,319.0,107.0,0.0010654066274675,0.0078133223550996,0.0470394552125161,0.0916488030170733,0.19950882962828
2003,27,12.0,224.0,240.0,432.0,286.0,0.0007900680465048,0.0032907052642195,0.0227563923338188,0.0624981643621783,0.200445075585059
2003,27,29.0,736.0,566.0,751.0,393.0,0.0009311311578859,0.0055089978417649,0.0323857181579767,0.0722610003234555,0.20018929950839
2003,28,10.0087873462214,452.397188049209,303.26625659051,285.250439367311,88.0773286467487,0.0006272604924457,0.0069037598882209,0.0437591395532414,0.0819525433483019,0.16422621266447
2003,28,11.0,209.0,226.0,434.0,218.0,0.0007242290426294,0.0030703455367048,0.021428936114346,0.0627875077157069,0.152786805865534
2003,28,21.0087873462214,661.397188049209,529.26625659051,719.250439367311,306.077328646749,0.0006745495340505,0.0049505919585767,0.0302838654001195,0.069206066886507,0.155911974598453
2003,29,9.0,495.0,298.0,343.0,118.0,0.0005640388027769,0.0075538956362779,0.0429992566053062,0.0985440107675741,0.220019083141468
2003,29,12.0,220.0,210.0,452.0,271.0,0.0007900680465048,0.0032319426702156,0.0199118432920914,0.0653915978974643,0.189932221970458
2003,29,21.0,715.0,508.0,795.0,389.0,0.0006742673901932,0.0053518117620406,0.0290670403255338,0.0764946674529256,0.198151749386168
2003,30,16.0,520.0,314.0,329.0,87.0,0.0010027356493812,0.007935405516898,0.0453079415237119,0.0945218062464487,0.162217459604303
2003,30,9.0,243.0,215.0,416.0,252.0,0.0005925510348786,0.0035698275857381,0.020385934799046,0.0601834175339494,0.176615940725297
2003,30,25.0,763.0,529.0,745.0,339.0,0.0008026992740396,0.0057110942299818,0.0302686305752114,0.0716836820785278,0.172682372858383
2003,31,13.0,460.0,259.0,297.0,110.0,0.0008147227151222,0.0070197818034098,0.0373718371166923,0.0853281959124476,0.205102535131877
2003,31,11.0,183.0,220.0,448.0,259.0,0.0007242290426294,0.0026883886756793,0.0208600263060005,0.0648129111904071,0.181521939078777
2003,31,24.0,643.0,479.0,745.0,369.0,0.000770591303078,0.0048128880601289,0.0274077014093124,0.0716836820785278,0.187963998775054
2003,32,17.0,515.0,322.0,311.0,123.0,0.0010654066274675,0.007859103540774,0.0464622839829147,0.089350400433573,0.229341925647462
2003,32,6.0,208.0,225.0,404.0,244.0,0.0003950340232524,0.0030556548882038,0.0213341178129551,0.0584473574127778,0.171009085464176
2003,32,23.0,723.0,547.0,715.0,367.0,0.0007384833321164,0.0054116921733642,0.0312985650749351,0.0687970908538891,0.186945223713942
2003,33,8.0,495.0,313.0,285.0,91.0,0.0005013678246906,0.0075538956362779,0.0451636487163115,0.0818805920371972,0.169675733609098
2003,33,8.0,205.0,249.0,424.0,254.0,0.0005267120310032,0.0030115829427009,0.023609757046337,0.0613407909480638,0.178017654540577
2003,33,16.0,700.0,562.0,709.0,345.0,0.0005137275353853,0.005239535990809,0.0321568438247047,0.0682197726089613,0.175738698041717
2003,34,5.0,529.0,328.0,354.0,95.0,0.0003133548904316,0.0080727490739213,0.0473280408273168,0.101704314319887,0.177134007613894
2003,34,6.0,233.0,239.0,436.0,268.0,0.0003950340232524,0.0034229211007283,0.0226615740324279,0.0630768510692355,0.187829651247538
2003,34,11.0,762.0,567.0,790.0,363.0,0.0003531876805774,0.0057036091785664,0.0324429367412946,0.0760135689154858,0.184907673591719
2003,35,10.0,472.0,289.0,310.0,87.0,0.0006267097808632,0.0072029065461074,0.041700621338703,0.0890631001106355,0.162217459604303
2003,35,9.0,209.0,221.0,412.0,259.0,0.0005925510348786,0.0030703455367048,0.0209548446073915,0.0596047308268922,0.181521939078777
2003,35,19.0,681.0,510.0,722.0,346.0,0.0006100514482701,0.0050973200139156,0.0291814774921698,0.0694706288063048,0.176248085572273
2003,36,2.0,489.0,277.0,307.0,95.0,0.0001253419561726,0.0074623332649291,0.0399691076498987,0.0882011991418229,0.177134007613894
2003,36,6.0,241.0,220.0,383.0,202.0,0.0003950340232524,0.0035404462887362,0.0208600263060005,0.0554092522007275,0.141573095343293
2003,36,8.0,730.0,497.0,690.0,297.0,0.0002568637676926,0.0054640875332723,0.0284376359090361,0.0663915981666902,0.151288096575043
2003,37,7.0,488.0,300.0,284.0,139.0,0.0004386968466042,0.0074470728697043,0.0432878422201069,0.0815932917142596,0.259175021666645
2003,37,7.0,217.0,252.0,393.0,243.0,0.0004608730271278,0.0031878707247126,0.0238942119505097,0.0568559689683705,0.170308228556536
2003,37,14.0,705.0,552.0,677.0,382.0,0.0004495115934621,0.0052769612478862,0.0315846579915249,0.0651407419693467,0.194586036672278
2003,38,10.0,512.0,329.0,331.0,109.0,0.0006267097808632,0.0078133223550996,0.0474723336347172,0.0950964068923237,0.203237966630678
2003,38,8.0,246.0,215.0,460.0,237.0,0.0005267120310032,0.0036138995312411,0.020385934799046,0.0665489713115787,0.166103087110696
2003,38,18.0,758.0,544.0,791.0,346.0,0.0005779434773085,0.0056736689729046,0.0311269093249811,0.0761097886229738,0.176248085572273
2003,39,9.00720576461169,469.37550040032,326.261008807046,324.259407526021,121.096877502002,0.000564490395093,0.007162855644949,0.047077116906041,0.0931598324977592,0.225793423383772
2003,39,8.0,210.0,218.0,450.0,257.0,0.0005267120310032,0.0030850361852058,0.0206703897032187,0.0651022545439357,0.180120225263497
2003,39,17.0072057646117,679.37550040032,544.261008807046,774.259407526021,378.096877502002,0.0005460668688278,0.0050851605508877,0.0311418438791538,0.0744990137119525,0.192597834741566
2003,40,12.0,506.0,316.0,312.0,113.0,0.0007520517370359,0.0077217599837508,0.0455965271385126,0.0896377007565106,0.210696240635474
2003,40,12.0,213.0,248.0,461.0,266.0,0.0007900680465048,0.0031291081307087,0.0235149387449461,0.066693642988343,0.186427937432258
2003,40,24.0,719.0,564.0,773.0,379.0,0.000770591303078,0.0053817519677024,0.0322712809913407,0.0743778338881906,0.193057874080611
2003,41,11.0084615384615,513.394615384615,322.247692307692,342.263076923077,112.086153846154,0.0006899110518411,0.0078346047370554,0.0464980242013631,0.098332292529594,0.20899231188207
2003,41,5.0,251.0,246.0,394.0,268.0,0.000329195019377,0.003687352773746,0.0233253021421642,0.0570006406451348,0.187829651247538
2003,41,16.0084615384615,764.394615384615,568.247692307692,736.263076923077,380.086153846154,0.0005139992182165,0.0057215329978404,0.0325143279275575,0.0708430178957215,0.193611147306107
2003,42,9.0,501.0,358.0,344.0,134.0,0.0005640388027769,0.0076454580076268,0.0516568250493275,0.0988313110905117,0.24985217916065
2003,42,6.0,242.0,251.0,474.0,253.0,0.0003950340232524,0.0035551369372372,0.0237993936491188,0.0685743747862789,0.177316797632937
2003,42,15.0,743.0,609.0,818.0,387.0,0.0004816195644237,0.005561393201673,0.0348461172406498,0.0787077207251486,0.197132974325056
2003,43,10.0,515.0,339.0,366.0,112.0,0.0006267097808632,0.007859103540774,0.0489152617087208,0.105151918195137,0.208831672134275
2003,43,9.0,224.0,262.0,482.0,263.0,0.0005925510348786,0.0032907052642195,0.0248423949644188,0.0697317482003933,0.184325366709337
2003,43,19.0,739.0,601.0,848.0,375.0,0.0006100514482701,0.0055314529960112,0.034388368574106,0.0815943119497873,0.191020323958388
2003,44,16.0,524.0,322.0,365.0,123.0,0.0010027356493812,0.0079964470977973,0.0464622839829147,0.1048646178722,0.229341925647462
2003,44,12.0,232.0,249.0,487.0,285.0,0.0007900680465048,0.0034082304522274,0.023609757046337,0.0704551065842148,0.199744218677419
2003,44,28.0,756.0,571.0,852.0,408.0,0.0008990231869243,0.0056586988700737,0.0326718110745666,0.0819791907797392,0.207830112466726
2003,45,15.0,500.0,336.0,328.0,121.0,0.0009400646712949,0.007630197612402,0.0484823832865197,0.0942345059235111,0.225612788645065
2003,45,8.0,240.0,238.0,429.0,257.0,0.0005267120310032,0.0035257556402352,0.022566755731037,0.0620641493318854,0.180120225263497
2003,45,23.0,740.0,574.0,757.0,378.0,0.0007384833321164,0.0055389380474267,0.0328434668245205,0.0728383185683833,0.192548486550055
2003,46,5.0,534.0,313.0,357.0,124.0,0.0003133548904316,0.0081490510500453,0.0451636487163115,0.1025662152887,0.231206494148661
2003,46,10.0,211.0,224.0,462.0,284.0,0.000658390038754,0.0030997268337068,0.0212392995115642,0.0668383146651073,0.199043361769779
2003,46,15.0,745.0,537.0,819.0,408.0,0.0004816195644237,0.0055763633045039,0.0307263792417552,0.0788039404326366,0.207830112466726
2003,47,10.0,547.0,313.0,307.0,121.0,0.0006267097808632,0.0083474361879678,0.0451636487163115,0.0882011991418229,0.225612788645065
2003,47,8.00655737704918,207.169672131148,249.204098360656,480.393442622951,276.226229508197,0.0005271437621761,0.0030434568333419,0.023629109306211,0.0694993248508376,0.19359506102219
2003,47,18.0065573770492,754.169672131148,562.204098360656,787.393442622951,397.226229508197,0.0005781540213804,0.0056449987718683,0.032168522043759,0.0757627667271156,0.202342088121133
2003,48,15.0,489.0,311.0,306.0,111.0,0.0009400646712949,0.0074623332649291,0.0448750631015108,0.0879138988188854,0.206967103633076
2003,48,2.0,251.0,228.0,465.0,266.0,0.0001316780077508,0.003687352773746,0.0216185727171278,0.0672723296954002,0.186427937432258
2003,48,17.0,740.0,539.0,771.0,377.0,0.0005458355063469,0.0055389380474267,0.0308408164083912,0.0741853944732147,0.192039099019499
2003,49,12.0,534.0,306.0,328.0,108.0,0.0007520517370359,0.0081490510500453,0.044153599064509,0.0942345059235111,0.201373398129479
2003,49,5.0,240.0,255.0,458.0,281.0,0.000329195019377,0.0035257556402352,0.0241786668546824,0.0662596279580501,0.196940791046859
2003,49,17.0,774.0,561.0,786.0,389.0,0.0005458355063469,0.0057934297955517,0.0320996252413868,0.075628690085534,0.198151749386168
2003,50,11.0,597.0,319.0,370.0,95.0,0.0006893807589496,0.009110455949208,0.0460294055607136,0.106301119486888,0.177134007613894
2003,50,12.0,219.0,235.0,502.0,238.0,0.0007900680465048,0.0032172520217146,0.0222823008268642,0.0726251817356794,0.166803944018336
2003,50,23.0,816.0,554.0,872.0,333.0,0.0007384833321164,0.0061078019550002,0.0316990951581609,0.0839035849294983,0.169626047675048
2003,51,7.0,530.0,340.0,347.0,148.0,0.0004386968466042,0.0080880094691461,0.0490595545161211,0.0996932120593243,0.275956138177434
2003,51,6.0,232.0,252.0,510.0,271.0,0.0003950340232524,0.0034082304522274,0.0238942119505097,0.0737825551497938,0.189932221970458
2003,51,13.0,762.0,592.0,857.0,419.0,0.0004174036225006,0.0057036091785664,0.0338734013242441,0.0824602893171789,0.213433375302839
2003,52,7.0,547.0,378.0,376.0,129.0,0.0004386968466042,0.0083474361879678,0.0545426811973347,0.108024921424513,0.240529336654656
2003,52,11.0,233.0,276.0,502.0,311.0,0.0007242290426294,0.0034229211007283,0.0261698511838916,0.0726251817356794,0.217966498276061
2003,52,18.0,780.0,654.0,878.0,440.0,0.0005779434773085,0.0058383401040443,0.0374209534899589,0.084480903174426,0.224130513444508
2004,1,11.0,538.0,342.0,408.0,159.0,0.0007012965798322,0.0082110376444416,0.0497515091533563,0.114763134654555,0.296206422582575
2004,1,8.0,243.0,274.0,492.0,344.0,0.0005360412018965,0.0035739584355293,0.0260840273777326,0.0694325318487432,0.24001493652881
2004,1,19.0,781.0,616.0,900.0,503.0,0.0006207231652276,0.0058496002160082,0.0354457379001029,0.0845772122207494,0.255325807629991
2004,2,12.0,537.0,348.0,404.0,125.0,0.0007650508143624,0.0081957754926862,0.0506243426472749,0.113638005883432,0.232866684420263
2004,2,3.0,240.0,274.0,558.0,337.0,0.0002010154507112,0.0035298354918808,0.0260840273777326,0.0787466519747941,0.235130911657584
2004,2,15.0,777.0,622.0,962.0,462.0,0.0004900446041271,0.0058196406758494,0.0357909885939351,0.0904036423959566,0.234513962475261
2004,3,9.0,566.0,372.0,430.0,166.0,0.0005737881107718,0.0086383778935947,0.054115676622949,0.120951342895732,0.30924695691011
2004,3,9.0,268.0,261.0,600.0,337.0,0.0006030463521336,0.0039416496326003,0.0248464640349935,0.0846738193277356,0.235130911657584
2004,3,18.0,834.0,633.0,1030.0,503.0,0.0005880535249525,0.0062465641231125,0.0364239481992941,0.0967939206526354,0.255325807629991
2004,4,12.0,530.0,367.0,372.0,134.0,0.0007650508143624,0.0080889404303979,0.0533883153780169,0.104636975714447,0.249633085698522
2004,4,14.0,252.0,297.0,519.0,346.0,0.0009380721033189,0.0037063272664749,0.0282735625225788,0.0732428537184913,0.241410372206303
2004,4,26.0,782.0,664.0,891.0,480.0,0.0008494106471536,0.0058570901010479,0.0382077434507603,0.0837314400985419,0.243650870104167
2004,5,7.0,569.0,369.0,391.0,137.0,0.0004462796417114,0.0086841643488611,0.0536792598759897,0.109981337377282,0.255221886124609
2004,5,9.0,256.0,298.0,567.0,318.0,0.0006030463521336,0.0037651578580062,0.0283687597027895,0.0800167592647101,0.221874272721399
2004,5,16.0,825.0,667.0,958.0,455.0,0.0005227142444022,0.0061791551577551,0.0383803687976764,0.0900277436749755,0.230960720619575
2004,6,10.0,528.0,405.0,418.0,154.0,0.000637542345302,0.008058416126887,0.0589162608395009,0.117575956582363,0.286891755205764
2004,6,9.0,246.0,283.0,579.0,371.0,0.0006030463521336,0.0036180813791778,0.026940801999629,0.0817102356512648,0.258853318174966
2004,6,19.0,774.0,688.0,997.0,525.0,0.0006207231652276,0.0057971710207303,0.039588746226089,0.0936927562045413,0.266493139176432
2004,7,18.0,513.0,324.0,408.0,139.0,0.0011475762215436,0.0078294838505549,0.0471330086716007,0.114763134654555,0.258947753075333
2004,7,9.0,255.0,289.0,565.0,321.0,0.0006030463521336,0.0037504502101234,0.0275119850808932,0.0797345132002843,0.223967426237639
2004,7,27.0,768.0,613.0,973.0,460.0,0.0008820802874288,0.005752231710492,0.0352731125531869,0.0914373638786546,0.233498750516493
2004,8,6.0,532.0,377.0,394.0,126.0,0.0003825254071812,0.0081194647339088,0.0548430378678811,0.110825183955624,0.234729617895626
2004,8,11.0,275.0,256.0,511.0,327.0,0.0007370566526077,0.0040446031677801,0.02437047813394,0.0721138694607881,0.228153733270118
2004,8,17.0,807.0,633.0,905.0,453.0,0.0005553838846774,0.0060443372270405,0.0364239481992941,0.0850470856219758,0.229945508660807
2004,9,10.0,502.0,405.0,395.0,138.0,0.000637542345302,0.0076616001812448,0.0589162608395009,0.111106466148405,0.257084819599971
2004,9,7.0,222.0,282.0,531.0,337.0,0.0004690360516594,0.0032650978299898,0.0268456048194183,0.074936330105046,0.235130911657584
2004,9,17.0,724.0,687.0,926.0,475.0,0.0005553838846774,0.0054226767687451,0.0395312044437836,0.0870205539071266,0.241112840207248
2004,10,9.00653594771242,502.36456063907,331.240377632534,395.286855482934,140.101670297749,0.0005742048051151,0.0076671641610424,0.0481862826893165,0.111187153487656,0.261000091551821
2004,10,9.0,222.0,235.0,516.0,317.0,0.0006030463521336,0.0032650978299898,0.0223713373495152,0.0728194846218526,0.221176554882653
2004,10,18.0065359477124,724.36456063907,566.240377632534,911.286855482934,457.101670297749,0.0005882670520131,0.0054254072860217,0.0325824805422372,0.0856378908557328,0.232027541029405
2004,11,7.0,538.0,324.0,378.0,143.0,0.0004462796417114,0.0082110376444416,0.0471330086716007,0.106324668871132,0.266399486976781
2004,11,4.0,225.0,222.0,501.0,319.0,0.0002680206009482,0.0033092207736383,0.0211337740067761,0.0707026391386592,0.222571990560146
2004,11,11.0,763.0,546.0,879.0,462.0,0.0003593660430265,0.0057147822852935,0.0314178131387276,0.0826037439355986,0.234513962475261
2004,12,10.0073529411765,537.394852941177,351.258088235294,338.248529411765,124.091176470588,0.0006380111264382,0.0082018017981955,0.0510983040702593,0.0951432880578126,0.231173606644126
2004,12,7.0,217.0,259.0,543.0,295.0,0.0004690360516594,0.0031915595905756,0.0246560696745721,0.0766298064916007,0.205826762430229
2004,12,17.0073529411765,754.394852941177,610.258088235294,881.248529411765,419.091176470588,0.0005556241026206,0.0056503307230732,0.0351153380633216,0.0828150487680913,0.212733187083412
2004,13,6.0,504.0,311.0,359.0,121.0,0.0003825254071812,0.0076921244847557,0.0452418694347773,0.100980307208297,0.225414950518815
2004,13,7.0,212.0,251.0,456.0,263.0,0.0004690360516594,0.0031180213511614,0.0238944922328865,0.064352102689079,0.18349979159034
2004,13,13.0,716.0,562.0,815.0,384.0,0.0004247053235768,0.0053627576884275,0.0323384816556134,0.0765893643999008,0.194920696083333
2004,14,8.0,499.0,354.0,385.0,132.0,0.0005100338762416,0.0076158137259784,0.0514971761411934,0.108293644220597,0.245907218747798
2004,14,5.0,223.0,241.0,517.0,269.0,0.0003350257511853,0.0032798054778726,0.0229425204307794,0.0729606076540655,0.187686098622819
2004,14,13.0,722.0,595.0,902.0,401.0,0.0004247053235768,0.0054076969986657,0.0342373604716903,0.0847651615812399,0.203549997732856
2004,15,17.0,519.0,305.0,340.0,117.0,0.0010838219870134,0.0079210567610877,0.0443690359408587,0.0956359455454625,0.217963216617367
2004,15,10.0,230.0,225.0,441.0,274.0,0.0006700515023707,0.0033827590130525,0.0214193655474082,0.0622352572058856,0.191174687816552
2004,15,27.0,749.0,530.0,781.0,391.0,0.0008820802874288,0.0056099238947377,0.0304971446218418,0.0733942252715614,0.198473937939019
2004,16,14.0,512.0,322.0,352.0,122.0,0.0008925592834228,0.0078142216987995,0.0468420641736279,0.0990113318588317,0.227277883994177
2004,16,5.0,219.0,254.0,451.0,237.0,0.0003350257511853,0.0032209748863413,0.0241800837735186,0.0636464875280146,0.16535912778293
2004,16,19.0,731.0,576.0,803.0,359.0,0.0006207231652276,0.005475105964023,0.0331440666078885,0.0754616682369575,0.182230546598741
2004,17,13.0100076982294,537.413394919169,337.259430331024,314.241724403387,98.0754426481909,0.0008294430820326,0.0082020847886775,0.0490618878221336,0.0883906013033958,0.182708025220271
2004,17,9.0,211.0,236.0,466.0,267.0,0.0006030463521336,0.0031033137032786,0.0224665345297259,0.065763333011208,0.186290662945326
2004,17,22.0100076982294,748.413394919169,573.259430331024,780.241724403387,365.075442648191,0.0007190590339542,0.0056055302901186,0.0329863693446036,0.0733229665648319,0.185314477614366
2004,18,6.0,550.0,316.0,351.0,129.0,0.0003825254071812,0.0083941834655072,0.0459692306797094,0.098730049666051,0.240318418321712
2004,18,9.0,221.0,228.0,441.0,265.0,0.0006030463521336,0.0032503901821069,0.0217049570880403,0.0622352572058856,0.184895227267833
2004,18,15.0,771.0,544.0,792.0,394.0,0.0004900446041271,0.0057747013656112,0.0313027295741169,0.0744279467542595,0.19999675587717
2004,19,12.0,469.0,323.0,328.0,97.0,0.0007650508143624,0.0071579491733144,0.0469875364226143,0.0922605592320932,0.180704547110124
2004,19,7.0,217.0,207.0,452.0,247.0,0.0004690360516594,0.0031915595905756,0.0197058163036155,0.0637876105602275,0.172336306170395
2004,19,19.0,686.0,530.0,780.0,344.0,0.0006207231652276,0.0051380611372364,0.0304971446218418,0.0733002505913161,0.174616456907986
2004,20,17.0128983308042,575.43626707132,313.237481031866,318.241274658574,95.0720789074355,0.0010846443102206,0.0087823956336423,0.0455673608325473,0.0895156035693115,0.177112958368929
2004,20,6.0,224.0,254.0,394.0,252.0,0.0004020309014224,0.0032945131257554,0.0241800837735186,0.0556024746918797,0.175824895364128
2004,20,23.0128983308042,799.43626707132,567.237481031866,712.241274658574,347.072078907436,0.0007518231101557,0.0059876857369336,0.0326398556489775,0.0669326460435281,0.176175862530539
2004,21,7.0,494.0,306.0,334.0,110.0,0.0004462796417114,0.007539502967201,0.0445145081898451,0.0939482523887778,0.204922682289832
2004,21,9.0,231.0,242.0,472.0,271.0,0.0006030463521336,0.0033974666609353,0.0230377176109902,0.0666100712044853,0.189081534300312
2004,21,16.0,725.0,548.0,806.0,381.0,0.0005227142444022,0.0054301666537848,0.0315328967033383,0.0757435922776933,0.193397878145182
2004,22,9.0,499.0,309.0,332.0,106.0,0.0005737881107718,0.0076158137259784,0.0449509249368044,0.0933856880032163,0.197470948388383
2004,22,7.0,237.0,218.0,453.0,253.0,0.0004690360516594,0.0034857125482323,0.0207529852859333,0.0639287335924403,0.176522613202874
2004,22,16.0,736.0,527.0,785.0,359.0,0.0005227142444022,0.0055125553892215,0.0303245192749257,0.0737701239925425,0.182230546598741
2004,23,8.0,503.0,295.0,356.0,113.0,0.0005100338762416,0.0076768623330003,0.0429143134509945,0.100136460629955,0.210511482715918
2004,23,5.0,210.0,225.0,446.0,260.0,0.0003350257511853,0.0030886060553957,0.0214193655474082,0.0629408723669501,0.1814066380741
2004,23,13.0,713.0,520.0,802.0,373.0,0.0004247053235768,0.0053402880333084,0.0299217267987882,0.0753676935567122,0.189337030310113
2004,24,8.0,506.0,296.0,362.0,106.0,0.0005100338762416,0.0077226487882667,0.0430597856999809,0.101824153786639,0.197470948388383
2004,24,5.0,209.0,228.0,474.0,267.0,0.0003350257511853,0.0030738984075129,0.0217049570880403,0.0668923172689111,0.186290662945326
2004,24,13.0,715.0,524.0,836.0,373.0,0.0004247053235768,0.0053552678033878,0.0301518939280096,0.0785628326850517,0.189337030310113
2004,25,8.00662251655629,503.416390728477,301.24917218543,292.241721854305,104.086092715232,0.0005104560897153,0.0076832173514878,0.0438233945831125,0.0822023923452073,0.193905466438849
2004,25,4.0,211.0,246.0,481.0,240.0,0.0002680206009482,0.0031033137032786,0.023418506331833,0.0678801784944014,0.167452281299169
2004,25,12.0066225165563,714.416390728477,547.24917218543,773.241721854305,344.086092715232,0.0003922520385353,0.005350896637036,0.0314896927326835,0.0726651435635658,0.174660158085019
2004,26,11.0,521.0,274.0,359.0,116.0,0.0007012965798322,0.0079515810645987,0.0398593962222796,0.100980307208297,0.216100283142004
2004,26,7.0,200.0,223.0,422.0,227.0,0.0004690360516594,0.0029415295765673,0.0212289711869868,0.0595539195938407,0.158381949395464
2004,26,18.0,721.0,497.0,781.0,343.0,0.0005880535249525,0.005400207113626,0.0285982658057649,0.0733942252715614,0.174108850928603
2004,27,9.0,457.0,323.0,297.0,107.0,0.0005737881107718,0.0069748033522487,0.0469875364226143,0.0835408112558893,0.199333881863745
2004,27,4.0,227.0,219.0,437.0,205.0,0.0002680206009482,0.0033386360694039,0.020848182466144,0.0616707650770341,0.143032156943041
2004,27,13.0,684.0,542.0,734.0,312.0,0.0004247053235768,0.005123081367157,0.0311876460095062,0.0689774153000334,0.158373065567708
2004,28,10.0,488.0,284.0,332.0,96.0,0.000637542345302,0.0074479300566682,0.0413141187121439,0.0933856880032163,0.178841613634762
2004,28,8.0,259.0,211.0,431.0,261.0,0.0005360412018965,0.0038092808016547,0.0200866050244584,0.0608240268837567,0.182104355912847
2004,28,18.0,747.0,495.0,763.0,357.0,0.0005880535249525,0.0055949441246583,0.0284831822411542,0.0717026810271464,0.181215334639974
2004,29,7.0,489.0,301.0,307.0,82.0,0.0004462796417114,0.0074631922084237,0.043787146944913,0.086353633183697,0.152760544979693
2004,29,8.0,200.0,240.0,425.0,238.0,0.0005360412018965,0.0029415295765673,0.0228473232505687,0.0599772886904794,0.166056845621676
2004,29,15.0,689.0,541.0,732.0,320.0,0.0004900446041271,0.0051605307923555,0.0311301042272008,0.0687894659395428,0.162433913402778
2004,30,8.0,494.0,356.0,350.0,130.0,0.0005100338762416,0.007539502967201,0.0517881206391662,0.0984487674732702,0.242181351797074
2004,30,7.0,234.0,254.0,512.0,294.0,0.0004690360516594,0.0034415896045838,0.0241800837735186,0.072254992493001,0.205129044591483
2004,30,15.0,728.0,610.0,862.0,424.0,0.0004900446041271,0.0054526363089039,0.0351004872062708,0.0810061743714288,0.215224935258681
2004,31,15.0,475.0,298.0,276.0,89.0,0.000956313517953,0.0072495220838472,0.0433507301979538,0.0776338852074931,0.165801079307228
2004,31,6.0,192.0,219.0,386.0,198.0,0.0004020309014224,0.0028238683935047,0.020848182466144,0.0544734904341765,0.138148132071815
2004,31,21.0,667.0,517.0,662.0,287.0,0.0006860624457779,0.004995753321482,0.0297491014518721,0.0622112383223734,0.145682916083116
2004,32,12.0092378752887,503.387220939184,297.228637413395,370.284834488068,117.090069284065,0.0007656397680301,0.007682772157737,0.0432385183476963,0.104154530198269,0.218131009701753
2004,32,4.0,239.0,201.0,425.0,240.0,0.0002680206009482,0.003515127843998,0.0191346332223513,0.0599772886904794,0.167452281299169
2004,32,16.0092378752887,742.387220939184,498.228637413395,795.284834488068,357.090069284065,0.0005230160424648,0.0055603949397792,0.0286689637923387,0.0747366380249343,0.181261054347124
2004,33,13.0,453.0,267.0,343.0,87.0,0.0008288050488926,0.0069137547452269,0.0388410904793747,0.0964797921238048,0.162075212356503
2004,33,5.0,213.0,202.0,428.0,227.0,0.0003350257511853,0.0031327289990442,0.019229830402562,0.060400657787118,0.158381949395464
2004,33,18.0,666.0,469.0,771.0,314.0,0.0005880535249525,0.0049882634364423,0.0269870959012147,0.0724544784691086,0.159388277526476
2004,34,8.0,477.0,319.0,310.0,104.0,0.0005100338762416,0.0072800463873581,0.0464056474266686,0.0871974797620393,0.193745081437659
2004,34,9.0,228.0,215.0,377.0,240.0,0.0006030463521336,0.0033533437172868,0.0204673937453012,0.0532033831442605,0.167452281299169
2004,34,17.0,705.0,534.0,687.0,344.0,0.0005553838846774,0.0052803689529907,0.0307273117510633,0.0645606053285054,0.174616456907986
2004,35,12.0,473.0,279.0,305.0,98.0,0.0007650508143624,0.0072189977803362,0.0405867574672117,0.0857910687981354,0.182567480585486
2004,35,8.0,208.0,208.0,402.0,258.0,0.0005360412018965,0.00305919075963,0.0198010134838262,0.0567314589495828,0.180011202396607
2004,35,20.0,681.0,487.0,707.0,356.0,0.0006533928055028,0.0051006117120379,0.0280228479827113,0.0664400989334109,0.18070772866059
2004,36,10.0,491.0,317.0,323.0,103.0,0.000637542345302,0.0074937165119346,0.0461147029286958,0.0908541482681893,0.191882147962297
2004,36,13.0,219.0,222.0,404.0,210.0,0.0008710669530819,0.0032209748863413,0.0211337740067761,0.0570137050140086,0.146520746136773
2004,36,23.0,710.0,539.0,727.0,313.0,0.0007514017263282,0.0053178183781893,0.0310150206625901,0.0683195925383164,0.158880671547092
2004,37,5.0,487.0,293.0,307.0,92.0,0.000318771172651,0.0074326679049128,0.0426233689530217,0.086353633183697,0.171389879733314
2004,37,6.0,230.0,203.0,410.0,237.0,0.0004020309014224,0.0033827590130525,0.0193250275827727,0.057860443207286,0.16535912778293
2004,37,11.0,717.0,496.0,717.0,329.0,0.0003593660430265,0.0053702475734672,0.0285407240234595,0.0673798457358637,0.167002367217231
2004,38,9.0,480.0,325.0,329.0,128.0,0.0005737881107718,0.0073258328426245,0.0472784809205872,0.092541841424874,0.23845548484635
2004,38,5.0,204.0,228.0,453.0,273.0,0.0003350257511853,0.0030003601680987,0.0217049570880403,0.0639287335924403,0.190476969977805
2004,38,14.0,684.0,553.0,782.0,401.0,0.0004573749638519,0.005123081367157,0.0318206056148651,0.0734881999518067,0.203549997732856
2004,39,6.0,494.0,289.0,335.0,117.0,0.0003825254071812,0.007539502967201,0.042041479957076,0.0942295345815586,0.217963216617367
2004,39,7.0,218.0,223.0,461.0,257.0,0.0004690360516594,0.0032062672384584,0.0212289711869868,0.0650577178501435,0.179313484557861
2004,39,13.0,712.0,512.0,796.0,374.0,0.0004247053235768,0.0053327981482687,0.0294613925403453,0.0748038454752406,0.189844636289497
2004,40,7.0,492.0,303.0,364.0,110.0,0.0004462796417114,0.0075089786636901,0.0440780914428859,0.102386718172201,0.204922682289832
2004,40,6.0,188.0,235.0,459.0,268.0,0.0004020309014224,0.0027650378019733,0.0223713373495152,0.0647754717857177,0.186988380784073
2004,40,13.0,680.0,538.0,823.0,378.0,0.0004247053235768,0.0050931218269982,0.0309574788802847,0.077341161841863,0.191875060207031
2004,41,14.0,507.0,328.0,360.0,114.0,0.0008925592834228,0.0077379109400221,0.0477148976675464,0.101261589401078,0.21237441619128
2004,41,9.0,206.0,250.0,470.0,286.0,0.0006030463521336,0.0030297754638644,0.0237992950526758,0.0663278251400595,0.19954730188151
2004,41,23.0,713.0,578.0,830.0,400.0,0.0007514017263282,0.0053402880333084,0.0332591501724992,0.07799898460358,0.203042391753472
2004,42,5.00380228136882,506.384790874525,312.237262357414,368.279847908745,124.094296577947,0.0003190135841891,0.0077285215249878,0.0454218567724966,0.103590563176741,0.23117941919657
2004,42,5.0,243.0,236.0,423.0,256.0,0.0003350257511853,0.0035739584355293,0.0224665345297259,0.0596950426260536,0.178615766719114
2004,42,10.0038022813688,749.384790874525,548.237262357414,791.279847908745,380.094296577947,0.0003268206219159,0.0056128059341522,0.0315465492022579,0.0743602706917558,0.1929381376726
2004,43,11.0,454.0,323.0,367.0,112.0,0.0007012965798322,0.0069290168969823,0.0469875364226143,0.103230564750543,0.208648549240556
2004,43,14.0,225.0,231.0,493.0,308.0,0.0009380721033189,0.0033092207736383,0.0219905486286724,0.0695736548809561,0.214897094333934
2004,43,25.0,679.0,554.0,860.0,420.0,0.0008167410068785,0.0050856319419585,0.0318781473971705,0.0808182250109383,0.213194511341146
2004,44,10.0,497.0,307.0,357.0,139.0,0.000637542345302,0.0075852894224674,0.0446599804388316,0.100417742822736,0.258947753075333
2004,44,8.0,207.0,241.0,440.0,257.0,0.0005360412018965,0.0030444831117472,0.0229425204307794,0.0620941341736728,0.179313484557861
2004,44,18.0,704.0,548.0,797.0,396.0,0.0005880535249525,0.005272879067951,0.0315328967033383,0.0748978201554858,0.201011967835938
2004,45,9.0,447.0,307.0,309.0,107.0,0.0005737881107718,0.0068221818346941,0.0446599804388316,0.0869161975692585,0.199333881863745
2004,45,4.0,236.0,223.0,446.0,222.0,0.0002680206009482,0.0034710049003495,0.0212289711869868,0.0629408723669501,0.154893360201732
2004,45,13.0,683.0,530.0,755.0,329.0,0.0004247053235768,0.0051155914821173,0.0304971446218418,0.0709508835851842,0.167002367217231
2004,46,18.0,497.0,289.0,327.0,104.0,0.0011475762215436,0.0075852894224674,0.042041479957076,0.0919792770393124,0.193745081437659
2004,46,7.0,246.0,251.0,475.0,270.0,0.0004690360516594,0.0036180813791778,0.0238944922328865,0.067033440301124,0.188383816461566
2004,46,25.0,743.0,540.0,802.0,374.0,0.0008167410068785,0.0055649845844995,0.0310725624448954,0.0753676935567122,0.189844636289497
2004,47,19.0,537.0,326.0,363.0,115.0,0.0012113304560738,0.0081957754926862,0.0474239531695736,0.10210543597942,0.214237349666642
2004,47,9.0,244.0,233.0,484.0,267.0,0.0006030463521336,0.0035886660834122,0.0221809429890938,0.06830354759104,0.186290662945326
2004,47,28.0,781.0,559.0,847.0,382.0,0.0009147499277039,0.0058496002160082,0.0321658563086973,0.0795965541677497,0.193905484124566
2004,48,10.0,514.0,321.0,338.0,130.0,0.000637542345302,0.0078447460023104,0.0466965919246415,0.0950733811599009,0.242181351797074
2004,48,10.0,254.0,258.0,479.0,330.0,0.0006700515023707,0.0037357425622405,0.0245608724943614,0.0675979324299756,0.230246886786358
2004,48,20.0,768.0,579.0,817.0,460.0,0.0006533928055028,0.005752231710492,0.0333166919548046,0.0767773137603914,0.233498750516493
2004,49,8.00613026819923,526.4030651341,309.236781609195,343.262835249042,119.091187739464,0.0005104247067981,0.00803404346462,0.0449853700900127,0.0965537229989954,0.22185896026048
2004,49,10.0,249.0,264.0,530.0,294.0,0.0006700515023707,0.0036622043228264,0.0251320555756256,0.0747952070728331,0.205129044591483
2004,49,18.0061302681992,775.4030651341,573.236781609195,873.262835249042,413.091187739464,0.0005882537986094,0.0058076798172879,0.0329850660967826,0.0820645957126128,0.209687556927259
2004,50,9.0,536.0,336.0,320.0,112.0,0.0005737881107718,0.0081805133409307,0.0488786756594378,0.090010301689847,0.208648549240556
2004,50,7.0,246.0,255.0,519.0,295.0,0.0004690360516594,0.0036180813791778,0.0242752809537293,0.0732428537184913,0.205826762430229
2004,50,16.0,782.0,591.0,839.0,407.0,0.0005227142444022,0.0058570901010479,0.0340071933424689,0.0788447567257875,0.206595633609158
2004,51,12.0,524.0,321.0,350.0,108.0,0.0007650508143624,0.0079973675198651,0.0466965919246415,0.0984487674732702,0.201196815339108
2004,51,8.0,249.0,246.0,480.0,291.0,0.0005360412018965,0.0036622043228264,0.023418506331833,0.0677390554621884,0.203035891075243
2004,51,20.0,773.0,567.0,830.0,399.0,0.0006533928055028,0.0057896811356906,0.0326261905671402,0.07799898460358,0.202534785774089
2004,52,10.0,522.0,347.0,384.0,130.0,0.000637542345302,0.0079668432163541,0.0504788703982884,0.108012362027816,0.242181351797074
2004,52,5.0,250.0,240.0,468.0,314.0,0.0003350257511853,0.0036769119707092,0.0228473232505687,0.0660455790756337,0.219083401366413
2004,52,15.0,772.0,587.0,852.0,444.0,0.0004900446041271,0.0057821912506509,0.0337770262132474,0.0800664275689761,0.225377054846354
2004,53,8.0,538.0,324.0,377.0,117.0,0.0005100338762416,0.0082110376444416,0.0471330086716007,0.106043386678351,0.217963216617367
2004,53,7.0,266.0,242.0,501.0,343.0,0.0004690360516594,0.0039122343368346,0.0230377176109902,0.0707026391386592,0.239317218690063
2004,53,15.0,804.0,566.0,878.0,460.0,0.0004900446041271,0.0060218675719214,0.0325686487848348,0.0825097692553533,0.233498750516493
2005,1,6.0,542.0,319.0,388.0,131.0,0.0003884572767034,0.0082726195488168,0.0465885049099153,0.107872422575031,0.227238635816505
2005,1,9.0,234.0,235.0,497.0,315.0,0.0006129315724143,0.0034475762640366,0.0224287401803254,0.0694404706805006,0.203848666135294
2005,1,15.0,776.0,554.0,885.0,446.0,0.0004978551499977,0.0058174792665203,0.0319772612456995,0.0822945697884015,0.210203796713931
2005,2,9.0,485.0,328.0,355.0,140.0,0.0005826859150551,0.0074026208139781,0.0479029141393486,0.0986977062220001,0.242850450490922
2005,2,7.0,234.0,223.0,509.0,298.0,0.0004767245563222,0.0034475762640366,0.0212834428094152,0.0711171017633296,0.192847309550214
2005,2,16.0,719.0,551.0,864.0,438.0,0.0005310454933309,0.0053901644234898,0.0318040991811921,0.0803418172849479,0.206433325023995
2005,3,11.0,496.0,350.0,352.0,134.0,0.0007121716739563,0.0075705153066663,0.0511159144779635,0.0978636410989973,0.232442574041311
2005,3,11.0,227.0,227.0,484.0,298.0,0.0007491385885063,0.0033444436407535,0.0216652085997186,0.0676241203407692,0.192847309550214
2005,3,22.0,723.0,577.0,836.0,432.0,0.00073018755333,0.0054201514300182,0.0333048370735895,0.0777381472803431,0.203605471256543
2005,4,9.0,516.0,318.0,373.0,139.0,0.0005826859150551,0.0078757780206448,0.0464424594399783,0.103702096960017,0.241115804415986
2005,4,11.0,197.0,250.0,566.0,301.0,0.0007491385885063,0.0029024466838257,0.0238603618939632,0.0790810994067672,0.19478872541817
2005,4,20.0,713.0,568.0,939.0,440.0,0.0006638068666636,0.0053451839136971,0.0327853508800673,0.0873159333687108,0.207375942946479
2005,5,12.0,548.0,322.0,372.0,141.0,0.0007769145534068,0.0083641983630103,0.0470266413197264,0.103424075252349,0.244585096565857
2005,5,3.0,222.0,257.0,521.0,320.0,0.0002043105241381,0.0032707774812655,0.0245284520269942,0.0727937328461585,0.207084359248552
2005,5,15.0,770.0,579.0,893.0,461.0,0.0004978551499977,0.0057724987567276,0.0334202784499278,0.0830384755040029,0.217273431132561
2005,6,10.0,497.0,347.0,402.0,136.0,0.0006474287945057,0.0075857784423652,0.0506777780681524,0.111764726482378,0.235911866191181
2005,6,8.0,252.0,266.0,525.0,326.0,0.0005448280643682,0.0037127744381933,0.0253874250551769,0.0733526098737682,0.210967190984463
2005,6,18.0,749.0,613.0,927.0,462.0,0.0005974261799973,0.0056150669724532,0.0353827818476783,0.0862000747953087,0.217744740093803
2005,7,12.0,522.0,382.0,402.0,146.0,0.0007769145534068,0.0079673568348383,0.0557893695159487,0.111764726482378,0.253258326940533
2005,7,1.0,241.0,253.0,550.0,342.0,6.81035080460344e-05,0.0035507088873198,0.0241466862366908,0.0768455912963286,0.22132140894689
2005,7,13.0,763.0,635.0,952.0,488.0,0.0004314744633313,0.0057200214953028,0.0366526369873992,0.088524780156563,0.229998773086095
2005,8,10.0,521.0,335.0,390.0,148.0,0.0006474287945057,0.0079520936991394,0.0489252324289079,0.108428465990366,0.256727619090403
2005,8,10.0,247.0,317.0,581.0,364.0,0.0006810350804603,0.0036391082787053,0.0302549388815453,0.0811768882603035,0.235558458645228
2005,8,20.0,768.0,652.0,971.0,512.0,0.0006638068666636,0.0057575052534633,0.0376338886862745,0.0902915562311162,0.241310188155903
2005,9,10.0,586.0,396.0,402.0,153.0,0.0006474287945057,0.0089441975195694,0.0578340060950673,0.111764726482378,0.265400849465079
2005,9,10.0,268.0,290.0,601.0,418.0,0.0006810350804603,0.0039485061485548,0.0276780197969973,0.0839712733983518,0.270503944268422
2005,9,20.0,854.0,686.0,1003.0,571.0,0.0006638068666636,0.0064022258938251,0.039596392084025,0.0932671790935217,0.269117416869181
2005,10,8.0,547.0,407.0,459.0,163.0,0.0005179430356045,0.0083489352273114,0.0594405062643747,0.127611963819431,0.28274731021443
2005,10,8.0,257.0,294.0,674.0,407.0,0.0005448280643682,0.0037864405976812,0.0280597855873007,0.0941707791522281,0.263385419419253
2005,10,16.0,804.0,701.0,1133.0,570.0,0.0005310454933309,0.0060273883122194,0.040462202406562,0.105355646972044,0.268646107907939
2005,11,12.0,571.0,401.0,494.0,152.0,0.0007769145534068,0.0087152504840856,0.0585642334447525,0.137342723587797,0.263666203390143
2005,11,6.0,292.0,295.0,684.0,426.0,0.0004086210482762,0.004302103714097,0.0281552270348766,0.0955679717212523,0.275681053249635
2005,11,18.0,863.0,696.0,1178.0,578.0,0.0005974261799973,0.0064696966585142,0.0401735989657163,0.109540116622302,0.272416579597875
2005,12,11.0,582.0,361.0,445.0,180.0,0.0007121716739563,0.0088831449767737,0.0527224146472709,0.123719659912085,0.312236293488328
2005,12,8.0,270.0,282.0,631.0,431.0,0.0005448280643682,0.0039779726123499,0.0269144882163905,0.0881628511054243,0.278916746362894
2005,12,19.0,852.0,643.0,1076.0,611.0,0.0006306165233304,0.0063872323905609,0.0371144024927523,0.100055318748384,0.287969775318861
2005,13,11.0069313169502,611.385003150599,375.23629489603,426.26843100189,164.103339634531,0.000712620427374,0.0093316522673746,0.0548015610255239,0.118511877111937,0.284661213980789
2005,13,7.0,244.0,287.0,542.0,354.0,0.0004767245563222,0.0035949085830125,0.0273916954542698,0.0757278372411093,0.229087072418711
2005,13,18.0069313169502,855.385003150599,662.23629489603,968.26843100189,518.103339634531,0.0005976562327866,0.0064126089184549,0.0382247346719755,0.0900375525073345,0.244186746819161
2005,14,11.0,527.0,387.0,367.0,178.0,0.0007121716739563,0.0080436725133329,0.0565195968656339,0.102033966714011,0.308767001338457
2005,14,5.0,243.0,284.0,592.0,343.0,0.0003405175402301,0.0035801753511149,0.0271053711115422,0.0827138000862301,0.221968547569542
2005,14,16.0,770.0,671.0,959.0,521.0,0.0005310454933309,0.0057724987567276,0.038730581761488,0.0891756976577142,0.245551968807081
2005,15,9.0,544.0,342.0,359.0,146.0,0.0005826859150551,0.0083031458202146,0.0499475507184672,0.0998097930526705,0.253258326940533
2005,15,9.0,216.0,234.0,557.0,316.0,0.0006129315724143,0.0031823780898799,0.0223332987327496,0.0778236260946455,0.204495804757946
2005,15,18.0,760.0,576.0,916.0,462.0,0.0005974261799973,0.0056975312404064,0.0332471163854204,0.0851772044363568,0.217744740093803
2005,16,14.0,571.0,340.0,346.0,128.0,0.000906400312308,0.0087152504840856,0.0496554597785931,0.0961955108529917,0.2220346975917
2005,16,4.0,220.0,228.0,457.0,284.0,0.0002724140321841,0.0032413110174703,0.0217606500472944,0.0638517004044039,0.18378736883309
2005,16,18.0,791.0,568.0,803.0,412.0,0.0005974261799973,0.005929930541002,0.0327853508800673,0.0746695362034875,0.194179292031703
2005,17,14.0,522.0,310.0,341.0,102.0,0.000906400312308,0.0079673568348383,0.0452740956804819,0.0948054023146536,0.176933899643386
2005,17,9.0,220.0,249.0,447.0,287.0,0.0006129315724143,0.0032413110174703,0.0237649204463874,0.0624545078353798,0.185728784701046
2005,17,23.0,742.0,559.0,788.0,389.0,0.0007633778966632,0.0055625897110284,0.0322658646865451,0.0732747129867349,0.183339185923137
2005,18,10.0,536.0,329.0,358.0,124.0,0.0006474287945057,0.0081810407346232,0.0480489596092857,0.0995317713450029,0.215096113291959
2005,18,4.0,211.0,228.0,458.0,269.0,0.0002724140321841,0.003108711930392,0.0217606500472944,0.0639914196613064,0.174080289493314
2005,18,14.0,747.0,557.0,816.0,393.0,0.0004646648066645,0.005600073469189,0.0321504233102069,0.0758783829913397,0.185224421768105
2005,19,10.00777000777,494.383838383838,306.237762237762,333.258741258741,144.111888111888,0.0006479318471821,0.0075458476126074,0.0447246378984811,0.0926531643399121,0.249983121064781
2005,19,3.00243506493506,224.181818181818,267.216720779221,446.362012987013,292.237012987013,0.0002044763606025,0.0033029227144966,0.0255035506476413,0.0623653687640119,0.18911785807227
2005,19,13.0102050727051,718.565656565656,573.454483016983,779.620754245754,436.348901098901,0.0004318131731982,0.0053869082586395,0.0331001873934144,0.0724955418856084,0.20565514731601
2005,20,9.0,472.0,264.0,351.0,117.0,0.0005826859150551,0.0072042000498921,0.0385560040633782,0.0975856193913297,0.202953590767413
2005,20,8.0,214.0,223.0,446.0,277.0,0.0005448280643682,0.0031529116260848,0.0212834428094152,0.0623147885784774,0.179257398474528
2005,20,17.0,686.0,487.0,797.0,394.0,0.0005642358366641,0.00514277161963,0.0281099751383676,0.0741116069167864,0.185695730729347
2005,21,10.0,555.0,331.0,396.0,136.0,0.0006474287945057,0.0084710403129028,0.0483410505491598,0.110096596236372,0.235911866191181
2005,21,7.0,228.0,270.0,467.0,292.0,0.0004767245563222,0.003359176872651,0.0257691908454803,0.0652488929734281,0.188964477814304
2005,21,17.0,783.0,601.0,863.0,428.0,0.0005642358366641,0.0058699565279451,0.0346901335896487,0.0802488290704977,0.201720235411575
2005,22,12.0,490.0,296.0,370.0,133.0,0.0007769145534068,0.0074789364924727,0.0432294591013634,0.102868031837014,0.230707927966376
2005,22,6.0,207.0,216.0,442.0,295.0,0.0004086210482762,0.0030497790028016,0.0206153526763842,0.0617559115508677,0.190905893682259
2005,22,18.0,697.0,512.0,812.0,428.0,0.0005974261799973,0.0052252358875833,0.0295529923425959,0.075506430133539,0.201720235411575
2005,23,6.00493015612161,493.405094494659,278.228430566968,331.271980279375,109.089564502876,0.0003887764692068,0.0075309089118124,0.0406340018919975,0.0921008016597015,0.189231784881299
2005,23,7.0,220.0,236.0,450.0,265.0,0.0004767245563222,0.0032413110174703,0.0225241816279013,0.062873665606087,0.171491735002708
2005,23,13.0049301561216,713.405094494659,514.228430566968,781.271980279375,374.089564502876,0.0004316380969057,0.0053482208065111,0.0296816188884584,0.0726490864461284,0.176311764057322
2005,24,14.0,555.0,331.0,321.0,125.0,0.000906400312308,0.0084710403129028,0.0483410505491598,0.0892449681613015,0.216830759366894
2005,24,9.0,223.0,251.0,474.0,288.0,0.0006129315724143,0.0032855107131631,0.0239558033415391,0.066226927771745,0.186375923323697
2005,24,23.0,778.0,582.0,795.0,413.0,0.0007633778966632,0.0058324727697845,0.0335934405144352,0.0739256304878861,0.194650600992945
2005,25,10.0,476.0,300.0,337.0,97.0,0.0006474287945057,0.0072652525926878,0.0438136409811116,0.0936933154839832,0.16826066926871
2005,25,8.0,208.0,227.0,443.0,296.0,0.0005448280643682,0.0030645122346992,0.0216652085997186,0.0618956308077701,0.191553032304911
2005,25,18.0,684.0,527.0,780.0,393.0,0.0005974261799973,0.0051277781163658,0.0304188026651329,0.0725308072711335,0.185224421768105
2005,26,9.0,469.0,276.0,336.0,102.0,0.0005826859150551,0.0071584106427953,0.0403085497026226,0.0934152937763156,0.176933899643386
2005,26,5.0,215.0,200.0,471.0,264.0,0.0003405175402301,0.0031676448579823,0.0190882895151706,0.0658077700010378,0.170844596380056
2005,26,14.0,684.0,476.0,807.0,366.0,0.0004646648066645,0.0051277781163658,0.0274750475685071,0.0750414890612882,0.172499079814571
2005,27,11.0,483.0,291.0,313.0,117.0,0.0007121716739563,0.0073720945425803,0.0424992317516782,0.0870207944999607,0.202953590767413
2005,27,7.0,206.0,238.0,407.0,239.0,0.0004767245563222,0.003035045770904,0.022715064523053,0.0568657375592832,0.154666130813763
2005,27,18.0,689.0,529.0,720.0,356.0,0.0005974261799973,0.0051652618745264,0.0305342440414712,0.0669515144041233,0.167785990202151
2005,28,7.0,497.0,285.0,358.0,100.0,0.000453200156154,0.0075857784423652,0.041622958932056,0.0995317713450029,0.173464607493515
2005,28,12.0,238.0,211.0,412.0,269.0,0.0008172420965524,0.003506509191627,0.0201381454385049,0.0575643338437952,0.174080289493314
2005,28,19.0,735.0,496.0,770.0,369.0,0.0006306165233304,0.0055101124496036,0.0286294613318898,0.0716009251266318,0.173913006698297
2005,29,8.00671140939597,473.396812080537,280.234899328859,330.276845637584,101.084731543624,0.000518377551574,0.0072255197822232,0.0409270375652419,0.0918241326272314,0.175346232808021
2005,29,7.0,220.0,221.0,425.0,268.0,0.0004767245563222,0.0032413110174703,0.0210925599142635,0.0593806841835266,0.173433150870663
2005,29,15.006711409396,693.396812080537,501.234899328859,755.276845637584,369.084731543624,0.0004980779039798,0.0051982236826672,0.0289316233236477,0.0702318452913965,0.173952941434107
2005,30,15.0,588.0,352.0,368.0,142.0,0.0009711431917586,0.0089747237909673,0.0514080054178376,0.102311988421679,0.246319742640792
2005,30,9.0,241.0,261.0,512.0,285.0,0.0006129315724143,0.0035507088873198,0.0249102178172976,0.0715362595340368,0.184434507455742
2005,30,24.0,829.0,613.0,880.0,427.0,0.0007965682399964,0.0062148071030223,0.0353827818476783,0.0818296287161507,0.201248926450333
2005,31,10.0,505.0,264.0,296.0,113.0,0.0006474287945057,0.0077078835279566,0.0385560040633782,0.0822944254696114,0.196015006467672
2005,31,7.0,219.0,220.0,420.0,257.0,0.0004767245563222,0.0032265777855727,0.0209971184666876,0.0586820878990146,0.166314626021494
2005,31,17.0,724.0,484.0,716.0,370.0,0.0005642358366641,0.0054276481816503,0.0279368130738602,0.0665795615463226,0.174384315659539
2005,32,6.00513698630137,477.408390410959,265.226883561644,305.261130136986,115.09845890411,0.0003887898599882,0.0072867490466473,0.0387351848496965,0.0848692206852282,0.199655089969099
2005,32,5.0,192.0,211.0,401.0,210.0,0.0003405175402301,0.0028287805243377,0.0201381454385049,0.0560274220178687,0.135899110756863
2005,32,11.0051369863014,669.408390410959,476.226883561644,706.261130136986,325.09845890411,0.000365264275004,0.005018388443364,0.0274881434438195,0.0656739614269983,0.15322181696747
2005,33,5.0,481.0,273.0,323.0,118.0,0.0003237143972528,0.0073415682711824,0.0398704132928115,0.0898010115766367,0.204688236842348
2005,33,4.0,222.0,191.0,430.0,262.0,0.0002724140321841,0.0032707774812655,0.0182293164869879,0.0600792804680387,0.169550319134752
2005,33,9.0,703.0,464.0,753.0,380.0,0.0002987130899986,0.005270216397376,0.0267823993104775,0.0700201254809789,0.179097405271959
2005,34,13.0,502.0,305.0,322.0,124.0,0.0008416574328574,0.0076620941208598,0.0445438683307968,0.0895229898689691,0.215096113291959
2005,34,6.0,237.0,206.0,417.0,220.0,0.0004086210482762,0.0034917759597294,0.0196609382006257,0.0582629301283073,0.14237049698338
2005,34,19.0,739.0,511.0,739.0,344.0,0.0006306165233304,0.005540099456132,0.0294952716544268,0.0687182904786765,0.162130282667247
2005,35,11.0,440.0,277.0,320.0,93.0,0.0007121716739563,0.0067157797075265,0.0404545951725597,0.0889669464536339,0.161322084968969
2005,35,5.0,206.0,231.0,447.0,255.0,0.0003405175402301,0.003035045770904,0.022046974390022,0.0624545078353798,0.16502034877619
2005,35,16.0,646.0,508.0,767.0,348.0,0.0005310454933309,0.0048429015543455,0.0293221095899194,0.0713219604832813,0.164015518512215
2005,36,9.0,458.0,283.0,346.0,121.0,0.0005826859150551,0.0069905161501072,0.0413308679921819,0.0961955108529917,0.209892175067154
2005,36,9.0,203.0,204.0,360.0,275.0,0.0006129315724143,0.0029908460752112,0.019470055305474,0.0502989324848696,0.177963121229225
2005,36,18.0,661.0,487.0,706.0,396.0,0.0005974261799973,0.0049553528288272,0.0281099751383676,0.0656496794018209,0.186638348651831
2005,37,10.0078678206137,470.369787568843,311.244689221086,346.272226593234,134.105428796223,0.0006479381798672,0.0071793178963373,0.045455876902701,0.096271195755315,0.232625455688865
2005,37,3.0,215.0,229.0,405.0,243.0,0.0002043105241381,0.0031676448579823,0.0218560914948703,0.0565862990454783,0.15725468530437
2005,37,13.0078678206137,685.369787568843,540.244689221086,751.272226593234,377.105428796223,0.0004317355989988,0.0051380470735582,0.0311832952415603,0.0698594629169093,0.177733167924666
2005,38,9.0,487.0,250.0,331.0,118.0,0.0005826859150551,0.007433147085376,0.0365113674842596,0.0920251852379776,0.204688236842348
2005,38,9.0,208.0,235.0,405.0,259.0,0.0006129315724143,0.0030645122346992,0.0224287401803254,0.0565862990454783,0.167608903266797
2005,38,18.0,695.0,485.0,736.0,377.0,0.0005974261799973,0.005210242384319,0.0279945337620293,0.068439325835326,0.177683478388233
2005,39,5.0,528.0,294.0,319.0,127.0,0.0003237143972528,0.0080589356490319,0.0429373681614893,0.0886889247459663,0.220300051516765
2005,39,5.0,242.0,204.0,483.0,281.0,0.0003405175402301,0.0035654421192173,0.019470055305474,0.0674844010838667,0.181845952965135
2005,39,10.0,770.0,498.0,802.0,408.0,0.0003319034333318,0.0057724987567276,0.028744902708228,0.0745765479890373,0.192294056186735
2005,40,14.0115036976171,472.387838948233,290.238290879211,318.261298274445,123.101068200493,0.000907145094816,0.0072101196883883,0.0423879875851773,0.0884835496307706,0.21353678477431
2005,40,6.0,199.0,221.0,495.0,274.0,0.0004086210482762,0.0029319131476209,0.0210925599142635,0.0691610321666957,0.177315982606573
2005,40,20.0115036976171,671.387838948233,511.238290879211,813.261298274445,397.101068200493,0.0006641886783371,0.0050332278774165,0.0295090259679593,0.0756237160079687,0.187157291961662
2005,41,10.0,548.0,324.0,353.0,142.0,0.0006474287945057,0.0083641983630103,0.0473187322596005,0.0981416628066649,0.246319742640792
2005,41,14.0,237.0,245.0,434.0,302.0,0.0009534491126444,0.0034917759597294,0.0233831546560839,0.0606381574956484,0.195435864040821
2005,41,24.0,785.0,569.0,787.0,444.0,0.0007965682399964,0.0058849500312093,0.0328430715682365,0.0731817247722847,0.209261178791447
2005,42,10.0,522.0,310.0,348.0,131.0,0.0006474287945057,0.0079673568348383,0.0452740956804819,0.0967515542683269,0.227238635816505
2005,42,7.0,221.0,254.0,500.0,306.0,0.0004767245563222,0.0032560442493679,0.0242421276842666,0.0698596284512078,0.198024418531428
2005,42,17.0,743.0,564.0,848.0,437.0,0.0005642358366641,0.0055700864626605,0.0325544681273908,0.0788540058537452,0.205962016062753
2005,43,9.0,515.0,299.0,357.0,114.0,0.0005826859150551,0.0078605148849458,0.0436675955111745,0.0992537496373353,0.197749652542608
2005,43,10.0,217.0,253.0,442.0,308.0,0.0006810350804603,0.0031971113217775,0.0241466862366908,0.0617559115508677,0.199318695776732
2005,43,19.0,732.0,552.0,799.0,422.0,0.0006306165233304,0.0054876221947073,0.0318618198693612,0.0742975833456868,0.198892381644123
2005,44,10.0,487.0,302.0,345.0,140.0,0.0006474287945057,0.007433147085376,0.0441057319209856,0.0959174891453241,0.242850450490922
2005,44,8.0,215.0,218.0,492.0,284.0,0.0005448280643682,0.0031676448579823,0.0208062355715359,0.0687418743959885,0.18378736883309
2005,44,18.0,702.0,520.0,837.0,424.0,0.0005974261799973,0.0052627196457438,0.030014757847949,0.0778311354947933,0.199834999566607
2005,45,10.0,528.0,343.0,351.0,140.0,0.0006474287945057,0.0080589356490319,0.0500935961884042,0.0975856193913297,0.242850450490922
2005,45,8.0,209.0,231.0,489.0,291.0,0.0005448280643682,0.0030792454665968,0.022046974390022,0.0683227166252812,0.188317339191652
2005,45,18.0,737.0,574.0,840.0,431.0,0.0005974261799973,0.0055251059528678,0.0331316750090821,0.0781101001381438,0.203134162295301
2005,46,8.0,517.0,333.0,364.0,120.0,0.0005179430356045,0.0078910411563437,0.0486331414890338,0.101199901591009,0.208157528992219
2005,46,5.0,225.0,217.0,454.0,310.0,0.0003405175402301,0.0033149771769583,0.0207107941239601,0.0634325426336967,0.200612973022035
2005,46,13.0,742.0,550.0,818.0,430.0,0.0004314744633313,0.0055625897110284,0.0317463784930229,0.07606435942024,0.202662853334059
2005,47,7.0,552.0,296.0,340.0,145.0,0.000453200156154,0.008425250905806,0.0432294591013634,0.094527380606986,0.251523680865597
2005,47,7.0,222.0,249.0,529.0,316.0,0.0004767245563222,0.0032707774812655,0.0237649204463874,0.0739114869013779,0.204495804757946
2005,47,14.0,774.0,545.0,869.0,461.0,0.0004646648066645,0.005802485763256,0.0314577750521773,0.0808067583571988,0.217273431132561
2005,48,15.0111773472429,487.362891207153,317.236214605067,366.272727272727,157.116989567809,0.0009718668454037,0.0074386859431147,0.0463309120430442,0.101831769108435,0.272542369259428
2005,48,3.0,237.0,226.0,459.0,353.0,0.0002043105241381,0.0034917759597294,0.0215697671521427,0.0641311389182088,0.228439933796059
2005,48,18.0111773472429,724.362891207153,543.236214605067,825.272727272727,510.116989567809,0.0005977971599898,0.0054303686868998,0.0313559681453991,0.076740637343514,0.240422708465099
2005,49,6.0,509.0,349.0,344.0,126.0,0.0003884572767034,0.0077689360707523,0.0509698690080264,0.0956394674376565,0.218565405441829
2005,49,6.0,222.0,258.0,465.0,286.0,0.0004086210482762,0.0032707774812655,0.02462389347457,0.0649694544596233,0.185081646078394
2005,49,12.0,731.0,607.0,809.0,412.0,0.0003982841199982,0.0054801254430751,0.0350364577186635,0.0752274654901885,0.194179292031703
2005,50,10.0,515.0,334.0,401.0,137.0,0.0006474287945057,0.0078605148849458,0.0487791869589709,0.11148670477471,0.237646512266116
2005,50,12.0,229.0,256.0,488.0,281.0,0.0008172420965524,0.0033739101045486,0.0244330105794183,0.0681829973683788,0.181845952965135
2005,50,22.0,744.0,590.0,889.0,418.0,0.00073018755333,0.0055775832142926,0.0340552060197882,0.0826665226462022,0.197007145799155
2005,51,9.0,543.0,307.0,384.0,152.0,0.0005826859150551,0.0082878826845157,0.0448359592706708,0.106760335744361,0.263666203390143
2005,51,5.0,241.0,259.0,524.0,359.0,0.0003405175402301,0.0035507088873198,0.0247193349221459,0.0732128906168658,0.23232276553197
2005,51,14.0,784.0,566.0,908.0,511.0,0.0004646648066645,0.0058774532795772,0.0326699095037291,0.0844332987207554,0.240838879194661
2005,52,12.0,527.0,348.0,389.0,126.0,0.0007769145534068,0.0080436725133329,0.0508238235380894,0.108150444282699,0.218565405441829
2005,52,4.0,240.0,247.0,519.0,324.0,0.0002724140321841,0.0035359756554222,0.0235740375512356,0.0725142943323537,0.209672913739159
2005,52,16.0,767.0,595.0,908.0,450.0,0.0005310454933309,0.0057500085018312,0.0343438094606339,0.0844332987207554,0.212089032558899
2006,1,10.0,473.0,310.0,334.0,153.0,0.0006581611428998,0.007216787301146,0.0452228884540565,0.0922008958496263,0.245050881836153
2006,1,5.0,223.0,254.0,487.0,320.0,0.000346466145364,0.0032900122673946,0.0242512523754586,0.0676480429362944,0.190453103269647
2006,1,15.0,696.0,564.0,821.0,473.0,0.0005063244669836,0.005220422912165,0.0325473085926598,0.0758671343607714,0.205244916059119
2006,2,8.0,458.0,301.0,345.0,121.0,0.0005265289143199,0.0069879251245769,0.0439099658860355,0.0952374522997637,0.193798409818134
2006,2,3.0,250.0,237.0,501.0,307.0,0.0002078796872184,0.0036883545598595,0.0226281370589909,0.0695927505361058,0.182715945949318
2006,2,11.0,708.0,538.0,846.0,428.0,0.0003713046091213,0.0053104302037541,0.0310469007497358,0.0781773394265683,0.185718444129604
2006,3,4.0,602.0,322.0,315.0,141.0,0.0002632644571599,0.0091850020196404,0.0469734518780845,0.0869559347084799,0.225831204829396
2006,3,12.0,193.0,234.0,487.0,333.0,0.0008315187488738,0.0028474097202115,0.0223417049443202,0.0676480429362944,0.198190260589977
2006,3,16.0,795.0,556.0,802.0,474.0,0.0005400794314492,0.0059629830677747,0.0320856446409909,0.0741113785107657,0.205678837657552
2006,4,8.0,503.0,321.0,388.0,149.0,0.0005265289143199,0.0076745116542842,0.0468275715927489,0.107107627513937,0.2386443228339
2006,4,5.0,232.0,275.0,493.0,338.0,0.000346466145364,0.0034227930315496,0.026256277178154,0.0684814890504993,0.201166090328565
2006,4,13.0,735.0,596.0,881.0,487.0,0.0004388145380525,0.0055129466098295,0.0343939643993356,0.081411626518684,0.21131981843719
2006,5,5.0,501.0,314.0,355.0,132.0,0.0003290805714499,0.0076439966974083,0.0458064095953992,0.097997958163525,0.211416447074328
2006,5,9.0,213.0,240.0,474.0,353.0,0.0006236390616553,0.0031424780850003,0.0229145691736617,0.0658422430221839,0.21009357954433
2006,5,14.0,714.0,554.0,829.0,485.0,0.000472569502518,0.0053554338495486,0.0319702286530737,0.0766063999818264,0.210451975240322
2006,6,8.0,495.0,349.0,337.0,129.0,0.0005265289143199,0.0075524518267807,0.0509122195821475,0.0930290476087547,0.206611527822639
2006,6,10.0,234.0,242.0,500.0,359.0,0.0006929322907281,0.0034522998680285,0.0231055239167756,0.0694538428504049,0.213664575230635
2006,6,18.0,729.0,591.0,837.0,488.0,0.0006075893603803,0.0054679429640349,0.0341054244295425,0.0773456656028814,0.211753740035623
2006,7,11.0,502.0,365.0,404.0,160.0,0.0007239772571898,0.0076592541758463,0.0532463041475182,0.111524436895955,0.256262360090094
2006,7,3.0,213.0,268.0,523.0,347.0,0.0002078796872184,0.0031424780850003,0.0255879355772556,0.0726487196215236,0.206522583858024
2006,7,14.0,715.0,633.0,927.0,507.0,0.000472569502518,0.005362934457181,0.0365291601758044,0.0856624038397504,0.219998250405863
2006,8,7.0,466.0,328.0,345.0,144.0,0.0004607128000299,0.0071099849520804,0.0478487335900985,0.0952374522997637,0.230636124081085
2006,8,4.0,240.0,227.0,495.0,331.0,0.0002771729162912,0.0035408203774651,0.0216733633434217,0.0687593044219009,0.196999928694541
2006,8,11.0,706.0,555.0,840.0,475.0,0.0003713046091213,0.0052954289884893,0.0320279366470323,0.077622890210777,0.206112759255986
2006,9,8.0,497.0,336.0,383.0,136.0,0.0005265289143199,0.0075829667836566,0.0490157758727839,0.105727374582057,0.21782300607658
2006,9,5.0,225.0,213.0,494.0,349.0,0.000346466145364,0.0033195191038735,0.0203366801416248,0.0686203967362001,0.207712915753459
2006,9,13.0,722.0,549.0,877.0,485.0,0.0004388145380525,0.005415438710608,0.0316816886832806,0.0810419937081565,0.210451975240322
2006,10,5.0,481.0,335.0,358.0,138.0,0.0003290805714499,0.0073388471286495,0.0488698955874482,0.0988261099226534,0.221026285577706
2006,10,8.0,229.0,272.0,530.0,334.0,0.0005543458325825,0.0033785327768313,0.0259698450634833,0.0736210734214292,0.198785426537694
2006,10,13.0,710.0,607.0,888.0,472.0,0.0004388145380525,0.0053254314190189,0.0350287523328803,0.0820584839371071,0.204810994460685
2006,11,11.0,528.0,332.0,371.0,125.0,0.0007239772571898,0.0080559486152328,0.0484322547314412,0.102414767545543,0.200204968820386
2006,11,8.0,234.0,225.0,503.0,273.0,0.0005543458325825,0.0034522998680285,0.0214824086003079,0.0698705659075074,0.162480303726918
2006,11,19.0,762.0,557.0,874.0,398.0,0.0006413443248459,0.0057154630159048,0.0321433526349495,0.0807647691002609,0.172700796176594
2006,12,17.0,568.0,326.0,361.0,148.0,0.0011188739429298,0.0086662477527504,0.0475569730194272,0.0996542616817817,0.237042683083337
2006,12,13.0,237.0,239.0,524.0,361.0,0.0009008119779466,0.0034965601227468,0.0228190918021048,0.0727876273072244,0.214854907126071
2006,12,30.0,805.0,565.0,885.0,509.0,0.0010126489339673,0.0060379891440989,0.0326050165866184,0.0817812593292115,0.22086609360273
2006,13,10.0,507.0,345.0,395.0,140.0,0.0006581611428998,0.007735541568036,0.0503286984408049,0.10903998161857,0.224229565078833
2006,13,11.0,224.0,216.0,501.0,334.0,0.000762225519801,0.0033047656856341,0.0206231122562955,0.0695927505361058,0.198785426537694
2006,13,21.0,731.0,561.0,896.0,474.0,0.0007088542537771,0.0054829441792998,0.032374184610784,0.0827977495581622,0.205678837657552
2006,14,11.0,508.0,299.0,356.0,133.0,0.0007239772571898,0.0077507990464739,0.0436182053153642,0.0982740087499011,0.213018086824891
2006,14,11.0,211.0,231.0,486.0,297.0,0.000762225519801,0.0031129712485214,0.0220552728296494,0.0675091352505936,0.176764286472141
2006,14,22.0,719.0,530.0,842.0,430.0,0.0007426092182426,0.0053929368877107,0.0305852367980669,0.0778077066160408,0.186586287326471
2006,15,7.0,498.0,337.0,364.0,128.0,0.0004607128000299,0.0075982242620945,0.0491616561581195,0.10048241344091,0.205009888072075
2006,15,4.0,235.0,245.0,481.0,320.0,0.0002771729162912,0.0034670532862679,0.0233919560314463,0.0668145968220896,0.190453103269647
2006,15,11.0,733.0,582.0,845.0,448.0,0.0003713046091213,0.0054979453945646,0.0335860524839149,0.0780849312239364,0.194396876098277
2006,16,8.0,505.0,336.0,338.0,117.0,0.0005265289143199,0.0077050266111601,0.0490157758727839,0.0933050981951308,0.187391850815881
2006,16,14.0,207.0,240.0,463.0,304.0,0.0009701052070194,0.0030539575755636,0.0229145691736617,0.064314258479475,0.180930448106165
2006,16,22.0,712.0,576.0,801.0,421.0,0.0007426092182426,0.0053404326342838,0.0332398045201632,0.0740189703081338,0.182680992940568
2006,17,10.0,503.0,279.0,346.0,115.0,0.0006581611428998,0.0076745116542842,0.0407005996086509,0.0955135028861398,0.184188571314755
2006,17,5.0,217.0,232.0,423.0,286.0,0.000346466145364,0.003201491757958,0.0221507502012063,0.0587579510514426,0.170217461047247
2006,17,15.0,720.0,511.0,769.0,401.0,0.0005063244669836,0.0054004374953432,0.0294887849128531,0.0710619078239137,0.174002560971895
2006,18,7.0,485.0,280.0,327.0,122.0,0.0004607128000299,0.0073998770424013,0.0408464798939866,0.0902685417449934,0.195400049568697
2006,18,1.0,205.0,228.0,418.0,268.0,6.92932290728196e-05,0.0030244507390848,0.0217688407149786,0.0580634126229385,0.15950447398833
2006,18,8.0,690.0,508.0,745.0,390.0,0.0002700397157246,0.0051754192663705,0.0293156609309773,0.0688441109607487,0.169229423389125
2006,19,11.0,495.0,333.0,332.0,105.0,0.0007239772571898,0.0075524518267807,0.0485781350167769,0.0916487946768741,0.168172173809124
2006,19,3.0,228.0,197.0,492.0,297.0,0.0002078796872184,0.0033637793585918,0.018809042196714,0.0683425813647985,0.176764286472141
2006,19,14.0,723.0,530.0,824.0,402.0,0.000472569502518,0.0054229393182404,0.0305852367980669,0.076144358968667,0.174436482570329
2006,20,11.0,498.0,319.0,328.0,120.0,0.0007239772571898,0.0075982242620945,0.0465358110220775,0.0905445923313695,0.192196770067571
2006,20,6.0,196.0,240.0,437.0,339.0,0.0004157593744369,0.0028916699749298,0.0229145691736617,0.0607026586512539,0.201761256276282
2006,20,17.0,694.0,559.0,765.0,459.0,0.0005738343959148,0.0052054216969002,0.0322587686228667,0.0706922750133862,0.199170013681047
2006,21,5.0,474.0,298.0,305.0,139.0,0.0003290805714499,0.0072320447795839,0.0434723250300285,0.0841954288447186,0.222627925328269
2006,21,7.0,230.0,208.0,400.0,266.0,0.0004850526035097,0.0033932861950707,0.0198592932838401,0.055563074280324,0.158314142092894
2006,21,12.0,704.0,506.0,705.0,405.0,0.0004050595735869,0.0052804277732244,0.0292002449430601,0.0651477828554736,0.17573824736563
2006,22,8.0,486.0,310.0,350.0,121.0,0.0005265289143199,0.0074151345208392,0.0452228884540565,0.0966177052316443,0.193798409818134
2006,22,7.0,179.0,253.0,408.0,276.0,0.0004850526035097,0.0026408618648594,0.0241557750039017,0.0566743357659304,0.164265801570071
2006,22,15.0,665.0,563.0,758.0,397.0,0.0005063244669836,0.00498790407556,0.0324896005987012,0.0700454175949631,0.172266874578161
2006,23,16.0,492.0,344.0,333.0,130.0,0.0010530578286398,0.0075066793914669,0.0501828181554692,0.0919248452632502,0.208213167573202
2006,23,4.0,177.0,220.0,433.0,290.0,0.0002771729162912,0.0026113550283805,0.0210050217425232,0.0601470279084507,0.172598124838118
2006,23,20.0,669.0,564.0,766.0,420.0,0.0006750992893115,0.0050179065060897,0.0325473085926598,0.0707846832160181,0.182247071342135
2006,24,9.0,521.0,300.0,382.0,148.0,0.0005923450286098,0.0079491462661672,0.0437640856006999,0.10545132399568,0.237042683083337
2006,24,7.0,247.0,209.0,473.0,315.0,0.0004850526035097,0.0036440943051411,0.0199547706553971,0.0657033353364831,0.187477273531059
2006,24,16.0,768.0,509.0,855.0,463.0,0.0005400794314492,0.0057604666616994,0.0293733689249359,0.0790090132502552,0.200905700074782
2006,25,13.0,555.0,326.0,348.0,130.0,0.0008556094857698,0.0084679005330572,0.0475569730194272,0.0960656040588921,0.208213167573202
2006,25,8.0,237.0,242.0,495.0,325.0,0.0005543458325825,0.0034965601227468,0.0231055239167756,0.0687593044219009,0.193428933008235
2006,25,21.0,792.0,568.0,843.0,455.0,0.0007088542537771,0.0059404812448775,0.0327781405684943,0.0779001148186727,0.197434327287313
2006,26,9.0,599.0,354.0,320.0,124.0,0.0005923450286098,0.0091392295843266,0.0516416210088259,0.0883361876403605,0.198603329069823
2006,26,2.0,234.0,211.0,483.0,331.0,0.0001385864581456,0.0034522998680285,0.0201457253985109,0.0670924121934912,0.196999928694541
2006,26,11.0,833.0,565.0,803.0,455.0,0.0003713046091213,0.0062480061578067,0.0326050165866184,0.0742037867133976,0.197434327287313
2006,27,11.0,500.0,270.0,323.0,122.0,0.0007239772571898,0.0076287392189704,0.0393876770406299,0.0891643393994889,0.195400049568697
2006,27,8.0,219.0,226.0,402.0,246.0,0.0005543458325825,0.0032309985944369,0.0215778859718648,0.0558408896517256,0.146410823138541
2006,27,19.0,719.0,496.0,725.0,368.0,0.0006413443248459,0.0053929368877107,0.0286231650034739,0.0669959469081111,0.159683148223585
2006,28,6.0,505.0,287.0,301.0,103.0,0.0003948966857399,0.0077050266111601,0.0418676418913362,0.0830912264992141,0.164968894307998
2006,28,7.0,216.0,206.0,451.0,296.0,0.0004850526035097,0.0031867383397186,0.0196683385407263,0.0626473662510653,0.176169120524424
2006,28,13.0,721.0,493.0,752.0,399.0,0.0004388145380525,0.0054079381029756,0.028450041021598,0.0694909683791718,0.173134717775028
2006,29,7.0,550.0,337.0,371.0,134.0,0.0004607128000299,0.0083916131408674,0.0491616561581195,0.102414767545543,0.214619726575454
2006,29,5.0,243.0,205.0,443.0,287.0,0.000346466145364,0.0035850806321834,0.0195728611691694,0.0615361047654588,0.170812626994965
2006,29,12.0,793.0,542.0,814.0,421.0,0.0004050595735869,0.0059479818525099,0.0312777327255703,0.0752202769423482,0.182680992940568
2006,30,18.0,533.0,319.0,355.0,133.0,0.0011846900572198,0.0081322360074225,0.0465358110220775,0.097997958163525,0.213018086824891
2006,30,8.0,214.0,226.0,462.0,324.0,0.0005543458325825,0.0031572315032397,0.0215778859718648,0.0641753507937742,0.192833767060518
2006,30,26.0,747.0,545.0,817.0,457.0,0.000877629076105,0.0056029539014185,0.0314508567074461,0.0754975015502439,0.19830217048418
2006,31,13.0,494.0,274.0,303.0,113.0,0.0008556094857698,0.0075371943483428,0.0399711981819726,0.0836433276719664,0.180985291813629
2006,31,8.0,223.0,216.0,429.0,258.0,0.0005543458325825,0.0032900122673946,0.0206231122562955,0.0595913971656474,0.153552814511153
2006,31,21.0,717.0,490.0,732.0,371.0,0.0007088542537771,0.0053779356724459,0.0282769170397222,0.0676428043265343,0.160984913018886
2006,32,9.00752508361204,501.41889632107,288.240802675585,283.236622073579,115.096153846154,0.0005928403003729,0.0076503879989948,0.0420486505396959,0.0781876356066048,0.184342575136925
2006,32,12.0,196.0,215.0,383.0,271.0,0.0008315187488738,0.0028916699749298,0.0205276348847386,0.0532016436234102,0.161289971831482
2006,32,21.007525083612,697.41889632107,503.240802675585,666.236622073579,386.096153846154,0.000709108262707,0.0052310654967405,0.0290410172005321,0.0615657287733528,0.167535460226009
2006,33,14.0,516.0,290.0,318.0,153.0,0.0009214256000598,0.0078728588739775,0.0423052827473432,0.0877840864676083,0.245050881836153
2006,33,8.0,236.0,222.0,422.0,288.0,0.0005543458325825,0.0034818067045073,0.0211959764856371,0.0586190433657418,0.171407792942682
2006,33,22.0,752.0,512.0,740.0,441.0,0.0007426092182426,0.0056404569395806,0.0295464929068118,0.0683820699475893,0.191359424909242
2006,34,5.0,459.0,275.0,317.0,93.0,0.0003290805714499,0.0070031826030148,0.0401170784673082,0.0875080358812322,0.148952496802367
2006,34,4.0,240.0,207.0,360.0,258.0,0.0002771729162912,0.0035408203774651,0.0197638159122832,0.0500067668522916,0.153552814511153
2006,34,9.0,699.0,482.0,677.0,351.0,0.0003037946801901,0.0052429247350623,0.0278152530880533,0.062560353181781,0.152306481050213
2006,35,7.0,448.0,259.0,337.0,119.0,0.0004607128000299,0.0068353503401975,0.0377829939019376,0.0930290476087547,0.190595130317008
2006,35,6.0,216.0,228.0,411.0,229.0,0.0004157593744369,0.0031867383397186,0.0217688407149786,0.0570910588230329,0.136293002027341
2006,35,13.0,664.0,487.0,748.0,348.0,0.0004388145380525,0.0049804034679276,0.0281037930578463,0.0691213355686443,0.151004716254912
2006,36,10.0,484.0,267.0,332.0,124.0,0.0006581611428998,0.0073846195639634,0.0389500361846229,0.0916487946768741,0.198603329069823
2006,36,4.0,203.0,202.0,451.0,286.0,0.0002771729162912,0.0029949439026059,0.0192864290544986,0.0626473662510653,0.170217461047247
2006,36,14.0,687.0,469.0,783.0,410.0,0.000472569502518,0.0051529174434733,0.0270650491665912,0.07235562266076,0.177907855357798
2006,37,11.0,476.0,279.0,366.0,146.0,0.0007239772571898,0.0072625597364598,0.0407005996086509,0.101034514613662,0.233839403582211
2006,37,6.0,222.0,216.0,434.0,259.0,0.0004157593744369,0.0032752588491552,0.0206231122562955,0.0602859355941515,0.154147980458871
2006,37,17.0,698.0,495.0,800.0,405.0,0.0005738343959148,0.0052354241274299,0.0285654570095153,0.0739265621055019,0.17573824736563
2006,38,15.0,483.0,271.0,341.0,118.0,0.0009872417143498,0.0073693620855254,0.0395335573259656,0.0941332499542592,0.188993490566445
2006,38,9.0,235.0,192.0,436.0,272.0,0.0006236390616553,0.0034670532862679,0.0183316553389294,0.0605637509655531,0.1618851377792
2006,38,24.0,718.0,463.0,777.0,390.0,0.0008101191471738,0.0053854362800783,0.0267188012028395,0.0718011734449688,0.169229423389125
2006,39,10.0,512.0,274.0,321.0,119.0,0.0006581611428998,0.0078118289602257,0.0399711981819726,0.0886122382267367,0.190595130317008
2006,39,12.0,185.0,228.0,416.0,254.0,0.0008315187488738,0.002729382374296,0.0217688407149786,0.0577855972515369,0.151172150720282
2006,39,22.0,697.0,502.0,737.0,373.0,0.0007426092182426,0.0052279235197975,0.0289694129672256,0.0681048453396937,0.161852756215753
2006,40,14.0,469.0,296.0,313.0,115.0,0.0009214256000598,0.0071557573873942,0.0431805644593572,0.0864038335357277,0.184188571314755
2006,40,9.0,215.0,215.0,432.0,278.0,0.0006236390616553,0.0031719849214791,0.0205276348847386,0.0600081202227499,0.165456133465506
2006,40,23.0,684.0,511.0,745.0,393.0,0.0007763641827082,0.005130415620576,0.0294887849128531,0.0688441109607487,0.170531188184426
2006,41,7.00565428109855,508.410339256866,304.245557350565,309.249596122779,110.088852988691,0.0004610849428409,0.0077570597888378,0.0443834287184093,0.0853685323462734,0.176322683040584
2006,41,11.0,206.0,216.0,463.0,288.0,0.000762225519801,0.0030392041573242,0.0206231122562955,0.064314258479475,0.171407792942682
2006,41,18.0056542810986,714.410339256866,520.245557350565,772.249596122779,398.088852988691,0.0006077802204379,0.0053585116433106,0.0300223274805836,0.0713621971608993,0.172739351407473
2006,42,7.0,524.0,302.0,347.0,122.0,0.0004607128000299,0.007994918701481,0.0440558461713712,0.095789553472516,0.195400049568697
2006,42,5.0,213.0,236.0,456.0,334.0,0.000346466145364,0.0031424780850003,0.022532659687434,0.0633419046795693,0.198785426537694
2006,42,12.0,737.0,538.0,803.0,456.0,0.0004050595735869,0.0055279478250943,0.0310469007497358,0.0742037867133976,0.197868248885746
2006,43,12.0,550.0,292.0,362.0,123.0,0.0007897933714798,0.0083916131408674,0.0425970433180146,0.0999303122681579,0.19700168931926
2006,43,8.0,229.0,217.0,472.0,310.0,0.0005543458325825,0.0033785327768313,0.0207185896278525,0.0655644276507823,0.184501443792471
2006,43,20.0,779.0,509.0,834.0,433.0,0.0006750992893115,0.005842973345656,0.0293733689249359,0.0770684409949858,0.187888052121772
2006,44,12.0,500.0,326.0,360.0,124.0,0.0007897933714798,0.0076287392189704,0.0475569730194272,0.0993782110954056,0.198603329069823
2006,44,9.0,234.0,223.0,452.0,311.0,0.0006236390616553,0.0034522998680285,0.021291453857194,0.0627862739367661,0.185096609740188
2006,44,21.0,734.0,549.0,812.0,435.0,0.0007088542537771,0.005505446002197,0.0316816886832806,0.0750354605370845,0.18875589531864
2006,45,6.0,524.0,321.0,348.0,168.0,0.0003948966857399,0.007994918701481,0.0468275715927489,0.0960656040588921,0.269075478094599
2006,45,7.0,264.0,243.0,462.0,342.0,0.0004850526035097,0.0038949024152116,0.0232010012883325,0.0641753507937742,0.203546754119435
2006,45,13.0,788.0,564.0,810.0,510.0,0.0004388145380525,0.0059104788143478,0.0325473085926598,0.0748506441318207,0.221300015201164
2006,46,15.0114591291062,520.397249809015,296.226126814362,328.250572956455,150.114591291062,0.0009879959097007,0.0079399498181247,0.0432135519035584,0.090613763142929,0.240429496551296
2006,46,4.0,212.0,235.0,494.0,270.0,0.0002771729162912,0.0031277246667608,0.0224371823158771,0.0686203967362001,0.160694805883765
2006,46,19.0114591291062,732.397249809015,531.226126814362,822.250572956455,420.114591291062,0.0006417311273417,0.0054934244018817,0.0306559941168626,0.0759826975599374,0.182296794978319
2006,47,11.0,506.0,314.0,361.0,144.0,0.0007239772571898,0.007720284089598,0.0458064095953992,0.0996542616817817,0.230636124081085
2006,47,8.0,239.0,238.0,472.0,310.0,0.0005543458325825,0.0035260669592256,0.0227236144305479,0.0655644276507823,0.184501443792471
2006,47,19.0,745.0,552.0,833.0,454.0,0.0006413443248459,0.0055879526861537,0.0318548126651564,0.0769760327923539,0.197000405688879
2006,48,10.0,490.0,317.0,348.0,120.0,0.0006581611428998,0.007476164434591,0.0462440504514062,0.0960656040588921,0.192196770067571
2006,48,5.0,216.0,197.0,481.0,281.0,0.000346466145364,0.0031867383397186,0.018809042196714,0.0668145968220896,0.167241631308659
2006,48,15.0,706.0,514.0,829.0,401.0,0.0005063244669836,0.0052954289884893,0.029661908894729,0.0766063999818264,0.174002560971895
2006,49,9.0,495.0,316.0,369.0,142.0,0.0005923450286098,0.0075524518267807,0.0460981701660705,0.101862666372791,0.227432844579959
2006,49,6.0,244.0,229.0,452.0,282.0,0.0004157593744369,0.0035998340504228,0.0218643180865356,0.0627862739367661,0.167836797256377
2006,49,15.0,739.0,545.0,821.0,424.0,0.0005063244669836,0.0055429490403592,0.0314508567074461,0.0758671343607714,0.183982757735869
2006,50,9.0,484.0,311.0,343.0,147.0,0.0005923450286098,0.0073846195639634,0.0453687687393922,0.0946853511270114,0.235441043332774
2006,50,7.0,226.0,235.0,488.0,317.0,0.0004850526035097,0.0033342725221129,0.0224371823158771,0.0677869506219952,0.188667605426494
2006,50,16.0,710.0,546.0,831.0,464.0,0.0005400794314492,0.0053254314190189,0.0315085647014047,0.0767912163870901,0.201339621673216
2006,51,8.01152737752161,550.792507204611,324.466858789625,354.510086455331,152.219020172911,0.0005272876015163,0.0084037048024537,0.0473333179421979,0.0978627172422456,0.243800033500699
2006,51,6.0,237.0,243.0,495.0,337.0,0.0004157593744369,0.0034965601227468,0.0232010012883325,0.0687593044219009,0.200570924380847
2006,51,14.0115273775216,787.792507204611,567.466858789625,849.510086455331,489.219020172911,0.0004729586087367,0.005908922492303,0.0327473740587469,0.0785017002069879,0.212282699217576
2006,52,4.0,527.0,320.0,377.0,152.0,0.0002632644571599,0.0080406911367948,0.0466816913074132,0.1040710710638,0.24344924208559
2006,52,7.0,266.0,234.0,467.0,327.0,0.0004850526035097,0.0039244092516905,0.0223417049443202,0.0648698892222782,0.194619264903671
2006,52,11.0,793.0,554.0,844.0,479.0,0.0003713046091213,0.0059479818525099,0.0319702286530737,0.0779925230213045,0.20784844564972
2007,1,15.0,513.0,336.0,401.0,177.0,0.0010017621481075,0.0078317977040975,0.048674850955556,0.110384701607817,0.263124491847257
2007,1,9.0,246.0,240.0,526.0,327.0,0.0006328726586982,0.0036375301968831,0.0228278555407329,0.0728623318779677,0.179258606895806
2007,1,24.0,759.0,576.0,927.0,504.0,0.0008220730848564,0.0057011726023308,0.0330722390307559,0.0854232742377376,0.201853077177301
2007,2,3.0,471.0,306.0,392.0,134.0,0.0002003524296215,0.0071905978920661,0.0443288821202385,0.107907239476969,0.199201592697924
2007,2,8.0,225.0,230.0,510.0,387.0,0.0005625534743984,0.0033270093264175,0.0218766948932023,0.0706459871820599,0.212150094399623
2007,2,11.0,696.0,536.0,902.0,521.0,0.0003767834972258,0.0052279527420583,0.0307755557647312,0.0831195181903337,0.208661613510662
2007,3,7.0,511.0,293.0,387.0,145.0,0.0004674890024501,0.007801264379715,0.0424456289582675,0.106530871626497,0.215553962247753
2007,3,2.0,226.0,249.0,519.0,352.0,0.0001406383685996,0.0033417960345349,0.0236839001235103,0.071892681073508,0.19296339335573
2007,3,9.0,737.0,542.0,906.0,497.0,0.0003082774068211,0.0055359212225531,0.0311200582546349,0.0834881191579183,0.199049562216505
2007,4,8.00622568093385,466.362645914397,314.244357976654,345.268482490272,152.118287937743,0.0005346889224243,0.0071198009737801,0.0455232062146964,0.0950432878161412,0.22613585996776
2007,4,4.0,265.0,249.0,489.0,353.0,0.0002812767371992,0.0039184776511139,0.0236839001235103,0.067737034768681,0.193511584814127
2007,4,12.0062256809339,731.362645914397,563.244357976654,834.268482490272,505.118287937743,0.0004112497909586,0.0054935766525103,0.0323398472911954,0.0768780424678185,0.202300953886435
2007,5,16.0,523.0,375.0,414.0,173.0,0.0010685462913146,0.0079844643260097,0.0543246104414687,0.113963258019043,0.257178175647319
2007,5,6.0,254.0,222.0,527.0,386.0,0.0004219151057988,0.0037558238618224,0.0211157663751779,0.0730008534214619,0.211601902941226
2007,5,22.0,777.0,597.0,941.0,559.0,0.0007535669944517,0.0058363782766944,0.0342779977454189,0.0867133776242838,0.223880694726411
2007,6,13.0,541.0,359.0,434.0,164.0,0.0008681938616931,0.0082592642454517,0.052006760395966,0.11946872942093,0.243798964197459
2007,6,9.0,235.0,290.0,552.0,401.0,0.0006328726586982,0.0034748764075916,0.0275836587783855,0.0764638920088178,0.219824774817181
2007,6,22.0,776.0,649.0,986.0,565.0,0.0007535669944517,0.0058288668503408,0.037263685991251,0.0908601385096109,0.22628370754995
2007,7,5.0,493.0,317.0,401.0,149.0,0.0003339207160358,0.007526464460273,0.0459224040265215,0.110384701607817,0.221500278447691
2007,7,4.0,224.0,239.0,531.0,378.0,0.0002812767371992,0.0033122226183001,0.0227327394759798,0.0735549395954389,0.207216371274051
2007,7,9.0,717.0,556.0,932.0,527.0,0.0003082774068211,0.0053856926954825,0.0319238973977436,0.0858840254472184,0.211064626334202
2007,8,7.0,510.0,348.0,363.0,157.0,0.0004674890024501,0.0077859977175238,0.050413238489683,0.0999243059442337,0.233392910847567
2007,8,10.0,259.0,231.0,539.0,384.0,0.000703191842998,0.0038297574024095,0.0219718109579554,0.0746631119433927,0.210505520024432
2007,8,17.0,769.0,579.0,902.0,541.0,0.00058230176844,0.0057762868658661,0.0332444902757078,0.0831195181903337,0.216671656255793
2007,9,2.0,500.0,332.0,398.0,165.0,0.0001335682864143,0.0076333310956116,0.0480953884441803,0.109558880897534,0.245285543247443
2007,9,2.0,239.0,244.0,516.0,368.0,0.0001406383685996,0.0035340232400612,0.0232083197997451,0.0714771164430253,0.201734456690081
2007,9,4.0,739.0,576.0,914.0,533.0,0.0001370121808094,0.0055509440752602,0.0330722390307559,0.0842253210930876,0.213467639157741
2007,10,4.0,520.0,336.0,341.0,150.0,0.0002671365728286,0.007938664339436,0.048674850955556,0.0938682874021589,0.222986857497676
2007,10,6.0,220.0,224.0,517.0,343.0,0.0004219151057988,0.0032530757858304,0.021305998504684,0.0716156379865196,0.188029670230157
2007,10,10.0,740.0,560.0,858.0,493.0,0.0003425304520235,0.0055584555016137,0.0321535657243461,0.0790649075469028,0.197447553667479
2007,11,8.0,521.0,303.0,342.0,154.0,0.0005342731456573,0.0079539310016273,0.0438942852367067,0.0941435609722532,0.228933173697614
2007,11,8.00621600621601,234.181818181818,225.174825174825,483.375291375291,337.261849261849,0.0005629905788851,0.0034627781918592,0.0214177432520862,0.066957891448281,0.184884065008509
2007,11,16.006216006216,755.181818181818,528.174825174825,825.375291375291,491.261849261849,0.0005482616403795,0.0056724926107991,0.0303262570628638,0.0760585327553442,0.196751420581975
2007,12,2.00286738351255,525.752688172043,325.465949820789,386.553405017921,157.225089605735,0.0001337597821654,0.0080264886864501,0.0471488291626052,0.106407935831394,0.233727524339822
2007,12,11.0,213.0,229.0,485.0,345.0,0.0007735110272978,0.0031495688290085,0.0217815788284493,0.067182948594704,0.189126053146951
2007,12,13.0028673835125,738.752688172043,554.465949820789,871.553405017921,502.225089605735,0.0004453878042476,0.0055490864106781,0.0318358167133477,0.0803138570978208,0.201142221770959
2007,13,7.00532319391635,481.365779467681,310.235741444867,377.286692015209,140.106463878327,0.000467844507395,0.0073488487455479,0.0449424954640336,0.103857054660098,0.208279333968932
2007,13,13.0,229.0,239.0,425.0,314.0,0.0009141493958974,0.0033861561588871,0.0227327394759798,0.0588716559850499,0.172132117936645
2007,13,20.0053231939164,710.365779467681,549.235741444867,802.286692015209,454.106463878327,0.0006852432396489,0.0053358602365408,0.0315355134119776,0.0739309127392692,0.181870609325284
2007,14,6.0,513.0,328.0,402.0,162.0,0.000400704859243,0.0078317977040975,0.0475159259328046,0.110659975177912,0.24082580609749
2007,14,5.0,219.0,237.0,470.0,316.0,0.000351595921499,0.003238289077713,0.0225425073464737,0.0651051254422905,0.173228500853439
2007,14,11.0,732.0,565.0,872.0,478.0,0.0003767834972258,0.0054983640907854,0.0324406511325991,0.080355010933449,0.191440021608631
2007,15,7.0,561.0,293.0,364.0,140.0,0.0004674890024501,0.0085645974892762,0.0424456289582675,0.100199579514328,0.208121066997831
2007,15,8.0,233.0,245.0,441.0,328.0,0.0005625534743984,0.0034453029913568,0.0233034358644981,0.0610880006809577,0.179806798354203
2007,15,15.0,794.0,538.0,805.0,468.0,0.0005137956780353,0.0059640725247044,0.0308903899280325,0.0741809447264065,0.187435000236065
2007,16,13.0,478.0,324.0,376.0,147.0,0.0008681938616931,0.0072974645274047,0.046936463421429,0.10350286235546,0.218527120347722
2007,16,2.0,222.0,216.0,478.0,315.0,0.0001406383685996,0.0032826492020652,0.0205450699866596,0.0662132977902444,0.172680309395042
2007,16,15.0,700.0,540.0,854.0,462.0,0.0005137956780353,0.0052579984474724,0.0310052240913337,0.0786963065793182,0.185031987412526
2007,17,8.0,498.0,316.0,330.0,137.0,0.0005342731456573,0.0076027977712291,0.0457775383986776,0.0908402781311215,0.203661329847877
2007,17,10.0,242.0,212.0,440.0,284.0,0.000703191842998,0.0035783833644135,0.0201646057276474,0.0609494791374635,0.155686374184736
2007,17,18.0,740.0,528.0,770.0,421.0,0.0006165548136423,0.0055584555016137,0.0303162191115263,0.070955686260041,0.168611399785007
2007,18,10.0,530.0,302.0,331.0,150.0,0.0006678414320716,0.0080913309613483,0.0437494196088628,0.0911155517012158,0.222986857497676
2007,18,15.0,241.0,228.0,441.0,334.0,0.001054787764497,0.0035635966562961,0.0216864627636962,0.0610880006809577,0.183095947104584
2007,18,25.0,771.0,530.0,772.0,484.0,0.0008563261300588,0.0057913097185732,0.0304310532748275,0.0711399867438333,0.19384303443217
2007,19,5.0,508.0,290.0,350.0,155.0,0.0003339207160358,0.0077554643931414,0.0420110320747358,0.0963457495330077,0.230419752747598
2007,19,9.0,232.0,246.0,406.0,322.0,0.0006328726586982,0.0034305162832394,0.0233985519292512,0.0562397466586595,0.176517649603821
2007,19,14.0,740.0,536.0,756.0,477.0,0.0004795426328329,0.0055584555016137,0.0307755557647312,0.0696655828734948,0.191039519471374
2007,20,10.0,475.0,313.0,354.0,132.0,0.0006678414320716,0.007251664540831,0.0453429415151459,0.0974468438133849,0.196228434597955
2007,20,14.0,220.0,221.0,462.0,285.0,0.0009844685801972,0.0032530757858304,0.0210206503104248,0.0639969530943366,0.156234565643133
2007,20,24.0,695.0,534.0,816.0,417.0,0.0008220730848564,0.0052204413157047,0.03066072160143,0.0751945973872642,0.167009391235981
2007,21,10.0077279752705,507.391808346213,319.246522411128,328.253477588872,130.100463678516,0.0006683575382788,0.0077461793366155,0.0462478479060751,0.0903595066717605,0.193404623697752
2007,21,8.0,216.0,228.0,462.0,348.0,0.0005625534743984,0.0031939289533608,0.0216864627636962,0.0639969530943366,0.190770627522142
2007,21,18.0077279752705,723.391808346213,547.246522411128,790.253477588872,478.100463678516,0.0006168195203286,0.0054337042931409,0.0314212982602965,0.0728220491190939,0.191480257526593
2007,22,6.0,489.0,312.0,314.0,111.0,0.000400704859243,0.0074653978115081,0.045198075887302,0.0864359010096126,0.16501027454828
2007,22,8.0,218.0,220.0,411.0,275.0,0.0005625534743984,0.0032235023695956,0.0209255342456718,0.0569323543761306,0.150752651059164
2007,22,14.0,707.0,532.0,725.0,386.0,0.0004795426328329,0.0053105784319471,0.0305458874381287,0.0668089253747139,0.154593824981028
2007,23,10.0,497.0,266.0,316.0,134.0,0.0006678414320716,0.0075875311090379,0.0385342570064818,0.0869864481498012,0.199201592697924
2007,23,6.0,231.0,202.0,380.0,259.0,0.0004219151057988,0.0034157295751219,0.0192134450801168,0.0526381865278094,0.141981587724812
2007,23,16.0,728.0,468.0,696.0,393.0,0.0005480487232376,0.0054683183853713,0.0268711942124892,0.0641365683597253,0.157397339941824
2007,24,7.00552922590837,523.413112164297,271.214060031596,339.267772511848,126.099526066351,0.000467858267065,0.0079907711698691,0.0392895950865748,0.0933914509572799,0.187456913663212
2007,24,5.0,226.0,221.0,449.0,285.0,0.000351595921499,0.0033417960345349,0.0210206503104248,0.0621961730289116,0.156234565643133
2007,24,12.0055292259084,749.413112164297,492.214060031596,788.267772511848,411.099526066351,0.0004112259352532,0.0056291614003933,0.0282614948744163,0.0726390659159117,0.164646238814728
2007,25,13.0,459.0,270.0,334.0,128.0,0.0008681938616931,0.0070073979457714,0.0391137195178575,0.0919413724114987,0.190282118398017
2007,25,10.0,237.0,221.0,444.0,282.0,0.000703191842998,0.0035044498238264,0.0210206503104248,0.0615035653114404,0.154589991267943
2007,25,23.0,696.0,491.0,778.0,410.0,0.0007878200396541,0.0052279527420583,0.0281917870904534,0.0716928881952102,0.164205876275185
2007,26,8.0,505.0,251.0,312.0,112.0,0.0005342731456573,0.0077096644065677,0.0363612725888231,0.085885353869424,0.166496853598265
2007,26,6.0,232.0,194.0,392.0,264.0,0.0004219151057988,0.0034305162832394,0.0184525165620924,0.0543004450497402,0.144722545016797
2007,26,14.0,737.0,445.0,704.0,376.0,0.0004795426328329,0.0055359212225531,0.025550601334525,0.0648737702948946,0.150588803608463
2007,27,10.0,484.0,315.0,334.0,134.0,0.0006678414320716,0.007389064500552,0.0456326727708337,0.0919413724114987,0.199201592697924
2007,27,5.0,191.0,194.0,409.0,312.0,0.000351595921499,0.0028242612504255,0.0184525165620924,0.0566553112891422,0.171035735019851
2007,27,15.0,675.0,509.0,743.0,446.0,0.0005137956780353,0.0050702127886341,0.0292252945601645,0.0684676297288447,0.178623953216421
2007,28,9.0,483.0,296.0,318.0,129.0,0.0006010572888645,0.0073737978383608,0.0428802258417993,0.0875369952899898,0.191768697448001
2007,28,7.0,203.0,212.0,408.0,293.0,0.0004922342900986,0.0030017017478344,0.0201646057276474,0.0565167897456479,0.160620097310309
2007,28,16.0,686.0,508.0,726.0,422.0,0.0005480487232376,0.005152838478523,0.0291678774785139,0.0669010756166101,0.169011901922264
2007,29,10.0,595.0,408.0,482.0,162.0,0.0006678414320716,0.0090836640037778,0.059105176160318,0.132681860785456,0.24082580609749
2007,29,7.0,268.0,259.0,612.0,439.0,0.0004922342900986,0.0039628377754662,0.0246350607710409,0.0847751846184719,0.240656050236265
2007,29,17.0,863.0,667.0,1094.0,601.0,0.00058230176844,0.0064823609430981,0.0382971934609622,0.100812364634396,0.240701784491186
2007,30,9.0,511.0,328.0,374.0,160.0,0.0006010572888645,0.007801264379715,0.0475159259328046,0.102952315215271,0.237852647997521
2007,30,2.0,230.0,219.0,494.0,359.0,0.0001406383685996,0.0034009428670045,0.0208304181809187,0.0684296424861522,0.196800733564508
2007,30,11.0,741.0,547.0,868.0,519.0,0.0003767834972258,0.0055659669279672,0.031407143662888,0.0799864099658644,0.207860609236149
2007,31,10.0,450.0,269.0,266.0,103.0,0.0006678414320716,0.0068699979860504,0.0389688538900136,0.0732227696450858,0.153117642148404
2007,31,8.00739371534196,194.179297597043,215.198706099815,393.363216266174,272.251386321627,0.0005630733944302,0.0028712725960113,0.0204688540641634,0.054489279871047,0.149245884518246
2007,31,18.007393715342,644.179297597043,484.198706099815,659.363216266174,375.251386321627,0.0006168080709081,0.0048387053523702,0.0278012766432566,0.0607604798763561,0.150288982230295
2007,32,11.0,485.0,258.0,295.0,131.0,0.0007346255752788,0.0074043311627432,0.0373753319837305,0.0812057031778207,0.19474185554797
2007,32,8.0,212.0,227.0,407.0,281.0,0.0005625534743984,0.0031347821208911,0.0215913466989432,0.0563782682021537,0.154041799809546
2007,32,19.0,697.0,485.0,702.0,412.0,0.0006508078588447,0.0052354641684118,0.0278472846005497,0.0646894698111023,0.165006880549698
2007,33,8.0,497.0,299.0,309.0,130.0,0.0005342731456573,0.0075875311090379,0.043314822725331,0.0850595331591411,0.193255276497986
2007,33,4.0,214.0,205.0,417.0,291.0,0.0002812767371992,0.003164355537126,0.019498793274376,0.0577634836370961,0.159523714393515
2007,33,12.0,711.0,504.0,726.0,421.0,0.0004110365424282,0.0053406241373613,0.0289382091519114,0.0669010756166101,0.168611399785007
2007,34,8.00630914826498,502.395899053628,289.227917981073,323.254731861199,146.115141955836,0.0005346944967185,0.0076699084771076,0.0418991839283169,0.0889834840893103,0.217211708917058
2007,34,12.0,222.0,220.0,435.0,308.0,0.0008438302115976,0.0032826492020652,0.0209255342456718,0.0602568714199923,0.168842969186263
2007,34,20.006309148265,724.395899053628,509.227917981073,758.254731861199,454.115141955836,0.0006852770115877,0.0054412464465419,0.0292383809454934,0.0698733569599152,0.181874084913874
2007,35,8.0,448.0,248.0,300.0,117.0,0.0005342731456573,0.006839464661668,0.0359266757052913,0.0825820710282923,0.173929748848187
2007,35,5.0,209.0,193.0,395.0,294.0,0.000351595921499,0.0030904219965389,0.0183574004973393,0.0547160096802229,0.161168288768706
2007,35,13.0,657.0,441.0,695.0,411.0,0.0004452895876305,0.0049350071142705,0.0253209330079225,0.0640444181178292,0.164606378412442
2007,36,18.0,444.0,277.0,274.0,114.0,0.001202114577729,0.0067783980129031,0.0401277789127649,0.0754249582058403,0.169470011698234
2007,36,7.0,221.0,209.0,374.0,279.0,0.0004922342900986,0.0032678624939478,0.0198792575333882,0.0518070572668439,0.152945416892752
2007,36,25.0,665.0,486.0,648.0,393.0,0.0008563261300588,0.0049950985250988,0.0279047016822003,0.0597133567487098,0.157397339941824
2007,37,8.0,505.0,290.0,361.0,132.0,0.0005342731456573,0.0077096644065677,0.0420110320747358,0.0993737588040451,0.196228434597955
2007,37,7.0,204.0,211.0,437.0,289.0,0.0004922342900986,0.0030164884559518,0.0200694896628943,0.0605339145069808,0.158427331476721
2007,37,15.0,709.0,501.0,798.0,421.0,0.0005137956780353,0.0053256012846542,0.0287659579069596,0.0735358930331334,0.168611399785007
2007,38,8.0,469.0,290.0,363.0,139.0,0.0005342731456573,0.0071600645676836,0.0420110320747358,0.0999243059442337,0.206634487947846
2007,38,5.0,224.0,217.0,396.0,295.0,0.000351595921499,0.0033122226183001,0.0206401860514126,0.0548545312237171,0.161716480227103
2007,38,13.0,693.0,507.0,759.0,434.0,0.0004452895876305,0.0052054184629977,0.0291104603968633,0.0699420335991832,0.173817927569342
2007,39,13.0,468.0,305.0,327.0,127.0,0.0008681938616931,0.0071447979054924,0.0441840164923945,0.0900144574208386,0.188795539348032
2007,39,9.0,219.0,224.0,426.0,347.0,0.0006328726586982,0.003238289077713,0.021305998504684,0.0590101775285442,0.190222436063745
2007,39,22.0,687.0,529.0,753.0,474.0,0.0007535669944517,0.0051603499048765,0.0303736361931769,0.0693891321478063,0.189838013059604
2007,40,10.0,476.0,291.0,343.0,129.0,0.0006678414320716,0.0072669312030222,0.0421558977025797,0.0944188345423475,0.191768697448001
2007,40,7.0,220.0,218.0,439.0,333.0,0.0004922342900986,0.0032530757858304,0.0207353021161657,0.0608109575939692,0.182547755646187
2007,40,17.0,696.0,509.0,782.0,462.0,0.00058230176844,0.0052279527420583,0.0292252945601645,0.0720614891627949,0.185031987412526
2007,41,12.0,468.0,285.0,334.0,154.0,0.000801409718486,0.0071447979054924,0.0412867039355162,0.0919413724114987,0.228933173697614
2007,41,2.0,239.0,223.0,428.0,318.0,0.0001406383685996,0.0035340232400612,0.0212108824399309,0.0592872206155326,0.174324883770233
2007,41,14.0,707.0,508.0,762.0,472.0,0.0004795426328329,0.0053105784319471,0.0291678774785139,0.0702184843248717,0.189037008785091
2007,42,7.0,506.0,328.0,362.0,133.0,0.0004674890024501,0.0077249310687589,0.0475159259328046,0.0996490323741394,0.197715013647939
2007,42,10.0,211.0,237.0,419.0,349.0,0.000703191842998,0.0031199954127737,0.0225425073464737,0.0580405267240845,0.191318818980539
2007,42,17.0,717.0,565.0,781.0,482.0,0.00058230176844,0.0053856926954825,0.0324406511325991,0.0719693389208987,0.193042030157657
2007,43,8.0,500.0,303.0,368.0,146.0,0.0005342731456573,0.0076333310956116,0.0438942852367067,0.101300673794705,0.217040541297738
2007,43,8.0,212.0,201.0,457.0,323.0,0.0005625534743984,0.0031347821208911,0.0191183290153638,0.0633043453768655,0.177065841062218
2007,43,16.0,712.0,504.0,825.0,469.0,0.0005480487232376,0.0053481355637148,0.0289382091519114,0.0760239495643296,0.187835502373322
2007,44,11.0,494.0,303.0,325.0,136.0,0.0007346255752788,0.0075417311224642,0.0438942852367067,0.08946391028065,0.202174750797893
2007,44,7.0,224.0,203.0,425.0,318.0,0.0004922342900986,0.0033122226183001,0.0193085611448699,0.0588716559850499,0.174324883770233
2007,44,18.0,718.0,506.0,750.0,454.0,0.0006165548136423,0.005393204121836,0.0290530433152127,0.0691126814221178,0.181827970314473
2007,45,12.0,481.0,311.0,331.0,127.0,0.000801409718486,0.0073432645139783,0.045053210259458,0.0911155517012158,0.188795539348032
2007,45,6.0,230.0,208.0,405.0,322.0,0.0004219151057988,0.0034009428670045,0.0197841414686351,0.0561012251151652,0.176517649603821
2007,45,18.0,711.0,519.0,736.0,449.0,0.0006165548136423,0.0053406241373613,0.0297994653766707,0.0678225780355716,0.179825459628191
2007,46,10.0,538.0,316.0,372.0,129.0,0.0006678414320716,0.0082134642588781,0.0457775383986776,0.102401768075082,0.191768697448001
2007,46,19.0,238.0,227.0,452.0,340.0,0.0013360645016963,0.0035192365319438,0.0215913466989432,0.0626117376593943,0.186385095854966
2007,46,29.0,776.0,543.0,824.0,469.0,0.0009933383108682,0.0058288668503408,0.0311774753362855,0.0759317993224334,0.187835502373322
2007,47,15.0,517.0,288.0,362.0,127.0,0.0010017621481075,0.0078928643528624,0.041721300819048,0.0996490323741394,0.188795539348032
2007,47,11.0,211.0,205.0,480.0,321.0,0.0007735110272978,0.0031199954127737,0.019498793274376,0.0664903408772329,0.175969458145424
2007,47,26.0,728.0,493.0,842.0,448.0,0.0008905791752611,0.0054683183853713,0.0283066212537546,0.0775905036765643,0.179424957490934
2007,48,7.0,467.0,302.0,333.0,159.0,0.0004674890024501,0.0071295312433012,0.0437494196088628,0.0916660988414044,0.236366068947536
2007,48,10.0,215.0,220.0,467.0,299.0,0.000703191842998,0.0031791422452434,0.0209255342456718,0.0646895608118078,0.163909246060691
2007,48,17.0,682.0,522.0,800.0,458.0,0.00058230176844,0.0051227927731088,0.0299717166216226,0.0737201935169257,0.1834299788635
2007,49,8.0059880239521,500.374251497006,326.244011976048,343.256736526946,159.119011976048,0.0005346730507064,0.0076390446667909,0.0472615436252284,0.0944895073226936,0.236542989657826
2007,49,7.0,236.0,234.0,454.0,300.0,0.0004922342900986,0.003489663115709,0.0222571591522145,0.0628887807463828,0.164457437519088
2007,49,15.0059880239521,736.374251497006,560.244011976048,797.256736526946,459.119011976048,0.0005140007860904,0.005531220958757,0.0321675761798985,0.0734674011242989,0.183878145551523
2007,50,8.0,510.0,294.0,331.0,144.0,0.0005342731456573,0.0077859977175238,0.0425904945861115,0.0911155517012158,0.214067383197769
2007,50,5.0,213.0,207.0,463.0,331.0,0.000351595921499,0.0031495688290085,0.0196890254038821,0.0641354746378309,0.181451372729394
2007,50,13.0,723.0,501.0,794.0,475.0,0.0004452895876305,0.0054307612536036,0.0287659579069596,0.0731672920655487,0.190238515196861
2007,51,11.0,529.0,330.0,344.0,153.0,0.0007346255752788,0.008076064299157,0.0478056571884925,0.0946941081124418,0.227446594647629
2007,51,9.0,235.0,216.0,464.0,339.0,0.0006328726586982,0.0034748764075916,0.0205450699866596,0.0642739961813251,0.185836904396569
2007,51,20.0,764.0,546.0,808.0,492.0,0.000685060904047,0.0057387297340985,0.0313497265812374,0.0744573954520949,0.197047051530222
2007,52,7.0,529.0,326.0,339.0,153.0,0.0004674890024501,0.008076064299157,0.0472261946771168,0.0933177402619703,0.227446594647629
2007,52,4.0,266.0,257.0,519.0,341.0,0.0002812767371992,0.0039332643592313,0.0244448286415348,0.071892681073508,0.186933287313363
2007,52,11.0,795.0,583.0,858.0,494.0,0.0003767834972258,0.005971583951058,0.0334741586023103,0.0790649075469028,0.197848055804735
2008,1,14.0,537.0,356.0,365.0,154.0,0.0009458676713358,0.0082116171565775,0.0510890083566074,0.100075688610681,0.215333031212175
2008,1,9.0,235.0,253.0,537.0,363.0,0.0006404553150716,0.0034864554212927,0.023940937438014,0.0740908619545609,0.185503000157567
2008,1,23.0,772.0,609.0,902.0,517.0,0.0007971240486753,0.0058133029511004,0.0347287488197292,0.0827895349925712,0.193487086298762
2008,2,11.0,526.0,344.0,387.0,167.0,0.0007431817417638,0.0080434089839102,0.0493669069513285,0.106107647924201,0.23351049488593
2008,2,5.0,245.0,224.0,487.0,386.0,0.0003558085083731,0.0036348152264541,0.021196719312708,0.0671922714559984,0.197256633776366
2008,2,16.0,771.0,568.0,874.0,553.0,0.0005545210773393,0.0058057727659306,0.0323906885543615,0.0802195716003406,0.206960074899836
2008,3,15.0,498.0,327.0,338.0,175.0,0.0010134296478598,0.0076152427262115,0.0469272632938501,0.0926728294531784,0.244696626377472
2008,3,6.0,220.0,229.0,484.0,372.0,0.0004269702100477,0.0032639157135506,0.0216698603687953,0.0667783560260846,0.190102248095357
2008,3,21.0,718.0,556.0,822.0,547.0,0.0007278089140078,0.0054066729519302,0.0317063782327905,0.075446782443341,0.204714576799657
2008,4,8.0,495.0,287.0,368.0,153.0,0.0005404958121919,0.0075693677700295,0.0411869252762538,0.10089822851707,0.213934764775732
2008,4,8.0,233.0,210.0,436.0,377.0,0.000569293613397,0.0034567834602604,0.0198719243556638,0.0601557091474647,0.192657385838575
2008,4,16.0,728.0,497.0,804.0,530.0,0.0005545210773393,0.0054819748036283,0.0283418524850663,0.0737946631197642,0.198352332182483
2008,5,9.00663716814159,489.360619469027,331.244100294985,357.263274336283,170.125368731563,0.000608506208914,0.0074831323251122,0.047536327550695,0.0979544334096168,0.237880593084783
2008,5,6.0,227.0,220.0,482.0,373.0,0.0004269702100477,0.0033677675771636,0.0208182064678382,0.0665024124061421,0.190613275644001
2008,5,15.0066371681416,716.360619469027,551.244100294985,839.263274336283,543.125368731563,0.0005200935381074,0.0053943281129681,0.0314351689614157,0.077031281838851,0.203264497274296
2008,6,10.0,496.0,345.0,327.0,159.0,0.0006756197652399,0.0075846594220902,0.0495104154017685,0.0896568497964182,0.222324363394389
2008,6,9.0,233.0,218.0,480.0,374.0,0.0006404553150716,0.0034567834602604,0.0206289500454033,0.0662264687861996,0.191124303192644
2008,6,19.0,729.0,563.0,807.0,533.0,0.0006584937793404,0.0054895049887982,0.032105559253707,0.0740700163403603,0.199475081232573
2008,7,13.0,495.0,310.0,335.0,181.0,0.0008783056948118,0.0075693677700295,0.0444876196363716,0.0918502895467893,0.253086224996128
2008,7,8.0,221.0,239.0,478.0,358.0,0.000569293613397,0.0032787516940668,0.0226161424809697,0.0659505251662571,0.182947862414349
2008,7,21.0,716.0,549.0,813.0,539.0,0.0007278089140078,0.0053916125815905,0.0313071972118741,0.0746207227815526,0.201720579332752
2008,8,6.0,506.0,348.0,346.0,158.0,0.0004053718591439,0.0077375759426968,0.0499409407530882,0.0948662692035495,0.220926096957946
2008,8,7.0,232.0,236.0,467.0,364.0,0.0004981319117223,0.0034419474797443,0.0223322578473174,0.0644328352565734,0.18601402770621
2008,8,13.0,738.0,584.0,813.0,522.0,0.0004505483753382,0.0055572766553265,0.0333031023164562,0.0746207227815526,0.195358334715578
2008,9,6.0,472.0,336.0,359.0,161.0,0.0004053718591439,0.0072176597726342,0.0482188393478093,0.0984306087979025,0.225120896267274
2008,9,5.0,245.0,239.0,470.0,361.0,0.0003558085083731,0.0036348152264541,0.0226161424809697,0.0648467506864872,0.18448094506028
2008,9,11.0,717.0,575.0,829.0,522.0,0.0003812332406707,0.0053991427667603,0.032789869575278,0.0760892732913986,0.195358334715578
2008,10,8.0,450.0,277.0,341.0,137.0,0.0005404958121919,0.0068812434272996,0.0397518407718547,0.0934953693595676,0.191562501792649
2008,10,8.0,238.0,213.0,467.0,347.0,0.000569293613397,0.0035309633628411,0.0201558089893161,0.0644328352565734,0.177326559379272
2008,10,16.0,688.0,490.0,808.0,484.0,0.0005545210773393,0.0051807673968356,0.0279426714641499,0.0741618007472257,0.181136846747777
2008,11,5.0,477.0,333.0,330.0,163.0,0.0003378098826199,0.0072941180329375,0.0477883139964895,0.0904793897028073,0.227917429140159
2008,11,9.0,230.0,245.0,492.0,366.0,0.0006404553150716,0.003412275518712,0.0231839117482744,0.0678821305058546,0.187036082803497
2008,11,14.0,707.0,578.0,822.0,529.0,0.0004852059426719,0.0053238409150621,0.0329609471556707,0.075446782443341,0.19797808249912
2008,12,8.0,465.0,335.0,379.0,129.0,0.0005404958121919,0.0071106182082095,0.0480753308973694,0.10391420817383,0.180376370301108
2008,12,12.0,223.0,244.0,495.0,358.0,0.0008539404200955,0.0033084236550991,0.023089283537057,0.0682960459357684,0.182947862414349
2008,12,20.0,688.0,579.0,874.0,487.0,0.0006931513466741,0.0051807673968356,0.0330179730158016,0.0802195716003406,0.182259595797867
2008,13,6.0,509.0,313.0,353.0,140.0,0.0004053718591439,0.0077834508988788,0.0449181449876914,0.0967855289851242,0.195757301101977
2008,13,4.0,212.0,247.0,455.0,396.0,0.0002846468066985,0.0031452278694215,0.0233731681707093,0.0627771735369184,0.2023669092628
2008,13,10.0,721.0,560.0,808.0,536.0,0.000346575673337,0.0054292635074396,0.0319344816733142,0.0741618007472257,0.200597830282662
2008,14,8.0,514.0,290.0,374.0,170.0,0.0005404958121919,0.0078599091591822,0.0416174506275735,0.102543308329848,0.237705294195258
2008,14,6.0,217.0,258.0,484.0,396.0,0.0004269702100477,0.0032194077720022,0.0244140784941012,0.0667783560260846,0.2023669092628
2008,14,14.0,731.0,548.0,858.0,566.0,0.0004852059426719,0.0055045653591378,0.0312501713517432,0.0787510210904946,0.211825320783558
2008,15,8.0,502.0,328.0,386.0,143.0,0.0005404958121919,0.0076764093344542,0.04707077174429,0.105833467955405,0.199952100411305
2008,15,7.0,250.0,223.0,475.0,380.0,0.0004981319117223,0.0037089951290348,0.0211020911014906,0.0655366097363434,0.194190468484505
2008,15,15.0,752.0,551.0,861.0,523.0,0.0005198635100056,0.005662699247704,0.0314212489321359,0.0790263743110907,0.195732584398941
2008,16,7.0,460.0,290.0,352.0,157.0,0.0004729338356679,0.0070341599479062,0.0416174506275735,0.0965113490163278,0.219527830521503
2008,16,9.0,218.0,217.0,462.0,306.0,0.0006404553150716,0.0032342437525184,0.0205343218341859,0.0637429762067172,0.156374429884891
2008,16,16.0,678.0,507.0,814.0,463.0,0.0005545210773393,0.0051054655451374,0.0289121110863755,0.0747125071884179,0.173277603397151
2008,17,7.00568643379366,449.364744110479,307.249390739236,333.270511779041,135.109666937449,0.0004733180223744,0.0068715293152675,0.0440928839635938,0.0913760985203331,0.188919312517587
2008,17,12.0,233.0,198.0,419.0,332.0,0.0008539404200955,0.0034567834602604,0.0187363858210544,0.0578101883779534,0.16966114614962
2008,17,19.0056864337937,682.364744110479,505.249390739236,752.270511779041,467.109666937449,0.0006586908573025,0.0051383328765082,0.0288122810875273,0.0690467027259539,0.174815644947219
2008,18,15.0,483.0,324.0,314.0,134.0,0.0010134296478598,0.0073858679453015,0.0464967379425304,0.0860925102020652,0.187367702483321
2008,18,3.0,202.0,208.0,456.0,336.0,0.0002134851050238,0.0029968680642601,0.0196826679332289,0.0629151453468897,0.171705256344194
2008,18,18.0,685.0,532.0,770.0,470.0,0.0006238362120067,0.0051581768413261,0.0303377575896485,0.0706739932863413,0.175897351180693
2008,19,8.0,488.0,305.0,335.0,145.0,0.0005404958121919,0.0074623262056049,0.0437700773841721,0.0918502895467893,0.202748633284191
2008,19,5.0,211.0,187.0,411.0,284.0,0.0003558085083731,0.0031303918889054,0.0176954754976625,0.0567064138981834,0.145131823814735
2008,19,13.0,699.0,492.0,746.0,429.0,0.0004505483753382,0.0052635994337036,0.0280567231844118,0.0684711675215722,0.160553114162803
2008,20,4.0,509.0,310.0,324.0,143.0,0.0002702479060959,0.0077834508988788,0.0444876196363716,0.088834309890029,0.199952100411305
2008,20,6.0,212.0,216.0,393.0,290.0,0.0004269702100477,0.0031452278694215,0.0204396936229685,0.054222921318701,0.148197989106596
2008,20,10.0,721.0,526.0,717.0,433.0,0.000346575673337,0.0054292635074396,0.029995602428863,0.0658094197224762,0.162050112896255
2008,21,8.0,453.0,286.0,289.0,144.0,0.0005404958121919,0.0069271183834816,0.0410434168258138,0.0792380109821555,0.201350366847748
2008,21,8.0,213.0,215.0,402.0,301.0,0.000569293613397,0.0031600638499377,0.020345065411751,0.0554646676084422,0.153819292141674
2008,21,16.0,666.0,501.0,691.0,445.0,0.0005545210773393,0.0050151033230996,0.02856995592559,0.0634230251439764,0.166541109096613
2008,22,6.0,489.0,317.0,311.0,133.0,0.0004053718591439,0.0074776178576655,0.045492178789451,0.085269970295676,0.185969436046878
2008,22,6.0,212.0,235.0,425.0,297.0,0.0004269702100477,0.0031452278694215,0.0222376296360999,0.0586380192377809,0.1517751819471
2008,22,12.0,701.0,552.0,736.0,430.0,0.0004158908080045,0.0052786598040432,0.0314782747922668,0.0675533234529184,0.160927363846166
2008,23,11.0091819699499,481.401502504174,276.230383973289,302.252086811352,128.106844741235,0.000743802093802,0.0073614242777755,0.0396413943684276,0.0828714677305791,0.179127501280245
2008,23,5.0,204.0,205.0,425.0,309.0,0.0003558085083731,0.0030265400252924,0.0193987832995765,0.0586380192377809,0.157907512530821
2008,23,16.0091819699499,685.401502504174,481.230383973289,727.252086811352,437.106844741235,0.0005548393020811,0.0051612002295287,0.0274425765672088,0.0667504014295885,0.163587098240284
2008,24,7.00599315068493,481.411815068493,289.247431506849,284.243150684931,107.091609589041,0.0004733387447738,0.0073615819739209,0.0415094506892715,0.0779337781853809,0.149742603312981
2008,24,5.0,218.0,199.0,419.0,290.0,0.0003558085083731,0.0032342437525184,0.0188310140322719,0.0578101883779534,0.148197989106596
2008,24,12.0059931506849,699.411815068493,488.247431506849,703.243150684931,397.091609589041,0.0004160985160279,0.0052667004774251,0.0278427297383896,0.0645467554677562,0.148611409154873
2008,25,6.0,522.0,297.0,332.0,133.0,0.0004053718591439,0.0079822423756675,0.0426220097806528,0.0910277496404001,0.185969436046878
2008,25,3.0,222.0,229.0,405.0,298.0,0.0002134851050238,0.0032935876745829,0.0216698603687953,0.0558785830383559,0.152286209495743
2008,25,9.0,744.0,526.0,737.0,431.0,0.0003119181060033,0.0056024577663455,0.029995602428863,0.0676451078597838,0.161301613529529
2008,26,9.0,478.0,311.0,311.0,159.0,0.0006080577887159,0.0073094096849982,0.0446311280868116,0.085269970295676,0.222324363394389
2008,26,4.0,200.0,213.0,441.0,328.0,0.0002846468066985,0.0029671961032278,0.0201558089893161,0.0608455681973209,0.167617035955046
2008,26,13.0,678.0,524.0,752.0,487.0,0.0004505483753382,0.0051054655451374,0.0298815507086011,0.0690218739627645,0.182259595797867
2008,27,8.0,495.0,272.0,306.0,140.0,0.0005404958121919,0.0075693677700295,0.0390342985196551,0.0838990704516941,0.195757301101977
2008,27,5.0,223.0,185.0,370.0,318.0,0.0003558085083731,0.0033084236550991,0.0175062190752276,0.0510495696893622,0.162506760468612
2008,27,13.0,718.0,457.0,676.0,458.0,0.0004505483753382,0.0054066729519302,0.0260608180798296,0.0620462590409957,0.171406354980335
2008,28,13.0,474.0,273.0,294.0,122.0,0.0008783056948118,0.0072482430767555,0.039177806970095,0.0806089108261375,0.170588505246009
2008,28,5.0,216.0,197.0,407.0,263.0,0.0003558085083731,0.0032045717914861,0.018641757609837,0.0561545266582984,0.134400245293223
2008,28,18.0,690.0,470.0,701.0,385.0,0.0006238362120067,0.0051958277671752,0.0268021542615316,0.0643408692126302,0.144086128094823
2008,29,7.0,452.0,278.0,276.0,129.0,0.0004729338356679,0.0069118267314209,0.0398953492222946,0.0756736713878025,0.180376370301108
2008,29,9.0,201.0,186.0,402.0,279.0,0.0006404553150716,0.002982032083744,0.0176008472864451,0.0554646676084422,0.142576686071518
2008,29,16.0,653.0,464.0,678.0,408.0,0.0005545210773393,0.0049172109158919,0.026459999100746,0.0622298278547265,0.152693870812176
2008,30,10.0,425.0,255.0,294.0,118.0,0.0006756197652399,0.0064989521257829,0.0365946548621767,0.0806089108261375,0.164995439500238
2008,30,7.0,204.0,191.0,400.0,281.0,0.0004981319117223,0.0030265400252924,0.0180739883425323,0.0551887239884997,0.143598741168805
2008,30,17.0,629.0,446.0,694.0,399.0,0.000589178644673,0.0047364864718162,0.0254335336183895,0.0636983783645725,0.149325623661907
2008,31,3.0,492.0,303.0,307.0,142.0,0.0002026859295719,0.0075234928138475,0.0434830604832923,0.0841732504204905,0.198553833974863
2008,31,9.0,221.0,207.0,451.0,354.0,0.0006404553150716,0.0032787516940668,0.0195880397220114,0.0622252862970334,0.180903752219776
2008,31,12.0,713.0,510.0,758.0,496.0,0.0004158908080045,0.0053690220260811,0.0290831886667683,0.0695725804039568,0.185627842948135
2008,32,12.0,436.0,258.0,276.0,136.0,0.0008107437182878,0.0066671602984502,0.0370251802134964,0.0756736713878025,0.190164235356207
2008,32,3.0,212.0,211.0,430.0,309.0,0.0002134851050238,0.0031452278694215,0.0199665525668812,0.0593278782876372,0.157907512530821
2008,32,15.0,648.0,469.0,706.0,445.0,0.0005198635100056,0.0048795599900428,0.0267451284014006,0.0647997912469571,0.166541109096613
2008,33,8.0,449.0,284.0,346.0,156.0,0.0005404958121919,0.0068659517752389,0.040756399924934,0.0948662692035495,0.21812956408506
2008,33,9.0,194.0,189.0,364.0,289.0,0.0006404553150716,0.002878180220131,0.0178847319200974,0.0502217388295347,0.147686961557952
2008,33,17.0,643.0,473.0,710.0,445.0,0.000589178644673,0.0048419090641937,0.0269732318419243,0.0651669288744186,0.166541109096613
2008,34,12.0,428.0,266.0,331.0,134.0,0.0008107437182878,0.0065448270819649,0.0381732478170157,0.0907535696716037,0.187367702483321
2008,34,4.0,200.0,189.0,394.0,276.0,0.0002846468066985,0.0029671961032278,0.0178847319200974,0.0543608931286722,0.141043603425588
2008,34,16.0,628.0,455.0,725.0,410.0,0.0005545210773393,0.0047289562866464,0.0259467663595678,0.0665436949773993,0.153442370178902
2008,35,7.0,405.0,271.0,314.0,130.0,0.0004729338356679,0.0061931190845696,0.0388907900692152,0.0860925102020652,0.18177463673755
2008,35,9.0,180.0,223.0,358.0,310.0,0.0006404553150716,0.0026704764929051,0.0211020911014906,0.0493939079697072,0.158418540079465
2008,35,16.0,585.0,494.0,672.0,440.0,0.0005545210773393,0.0044051583243442,0.0281707749046736,0.0616791214135342,0.164669860679797
2008,36,11.0,479.0,281.0,329.0,137.0,0.0007431817417638,0.0073247013370589,0.0403258745736143,0.090205209734011,0.191562501792649
2008,36,5.0,236.0,188.0,427.0,319.0,0.0003558085083731,0.0035012914018089,0.0177901037088799,0.0589139628577234,0.163017788017255
2008,36,16.0,715.0,469.0,756.0,456.0,0.0005545210773393,0.0053840823964207,0.0267451284014006,0.069389011590226,0.170657855613608
2008,37,6.0,459.0,284.0,267.0,116.0,0.0004053718591439,0.0070188682958455,0.040756399924934,0.073206051668635,0.162198906627353
2008,37,4.0,212.0,196.0,406.0,307.0,0.0002846468066985,0.0031452278694215,0.0185471293986195,0.0560165548483272,0.156885457433534
2008,37,10.0,671.0,480.0,673.0,423.0,0.000346575673337,0.0050527542489487,0.0273724128628407,0.0617709058203996,0.158307616062624
2008,38,9.0,475.0,295.0,319.0,145.0,0.0006080577887159,0.0072635347288162,0.042334992879773,0.0874634100460471,0.202748633284191
2008,38,6.0,213.0,187.0,427.0,302.0,0.0004269702100477,0.0031600638499377,0.0176954754976625,0.0589139628577234,0.154330319690317
2008,38,15.0,688.0,482.0,746.0,447.0,0.0005198635100056,0.0051807673968356,0.0274864645831026,0.0684711675215722,0.16728960846334
2008,39,6.0,456.0,318.0,309.0,130.0,0.0004053718591439,0.0069729933396636,0.0456356872398909,0.0847216103580832,0.18177463673755
2008,39,8.0,215.0,233.0,434.0,334.0,0.000569293613397,0.0031897358109699,0.022048373213665,0.0598797655275222,0.170683201246907
2008,39,14.0,671.0,551.0,743.0,464.0,0.0004852059426719,0.0050527542489487,0.0314212489321359,0.0681958143009761,0.173651853080514
2008,40,6.00430725053841,505.362526920316,329.236180904523,379.272074659009,174.124910265614,0.0004056628655036,0.0077278279261643,0.0472481741503614,0.103988805595348,0.243473017773004
2008,40,5.0,215.0,220.0,452.0,360.0,0.0003558085083731,0.0031897358109699,0.0208182064678382,0.0623632581070047,0.183969917511636
2008,40,11.0043072505384,720.362526920316,549.236180904523,831.272074659009,534.124910265614,0.0003813825194963,0.0054244632171088,0.031320665631101,0.0762978143163296,0.199896078543291
2008,41,5.0,456.0,281.0,351.0,155.0,0.0003378098826199,0.0069729933396636,0.0403258745736143,0.0962371690475314,0.216731297648618
2008,41,3.0,210.0,206.0,441.0,364.0,0.0002134851050238,0.0031155559083892,0.019493411510794,0.0608455681973209,0.18601402770621
2008,41,8.0,666.0,487.0,792.0,519.0,0.0002772605386696,0.0050151033230996,0.0277715938837572,0.0726932502373796,0.194235585665488
2008,42,11.0,455.0,278.0,293.0,148.0,0.0007431817417638,0.0069577016876029,0.0398953492222946,0.0803347308573411,0.206943432593519
2008,42,8.0,228.0,229.0,448.0,340.0,0.000569293613397,0.0033826035576798,0.0216698603687953,0.0618113708671197,0.173749366538768
2008,42,19.0,683.0,507.0,741.0,488.0,0.0006584937793404,0.0051431164709865,0.0289121110863755,0.0680122454872453,0.18263384548123
2008,43,4.0,470.0,305.0,309.0,136.0,0.0002702479060959,0.0071870764685129,0.0437700773841721,0.0847216103580832,0.190164235356207
2008,43,6.0,192.0,202.0,423.0,324.0,0.0004269702100477,0.0028485082590987,0.0191148986659242,0.0583620756178384,0.165572925760473
2008,43,10.0,662.0,507.0,732.0,460.0,0.000346575673337,0.0049849825824203,0.0289121110863755,0.0671861858254569,0.172154854347061
2008,44,8.0,433.0,285.0,337.0,139.0,0.0005404958121919,0.0066212853422682,0.0408999083753739,0.092398649484382,0.194359034665535
2008,44,6.0,237.0,221.0,446.0,380.0,0.0004269702100477,0.003516127382325,0.0209128346790557,0.0615354272471772,0.194190468484505
2008,44,14.0,670.0,506.0,783.0,519.0,0.0004852059426719,0.0050452240637788,0.0288550852262446,0.0718671905755912,0.194235585665488
2008,45,9.0,423.0,272.0,335.0,144.0,0.0006080577887159,0.0064683688216616,0.0390342985196551,0.0918502895467893,0.201350366847748
2008,45,10.0,210.0,212.0,417.0,339.0,0.0007116170167462,0.0031155559083892,0.0200611807780987,0.0575342447580109,0.173238338990124
2008,45,19.0,633.0,484.0,752.0,483.0,0.0006584937793404,0.0047666072124955,0.0276005163033644,0.0690218739627645,0.180762597064414
2008,46,10.0,500.0,303.0,322.0,136.0,0.0006756197652399,0.0076458260303328,0.0434830604832923,0.0882859499524363,0.190164235356207
2008,46,8.0,227.0,195.0,436.0,313.0,0.000569293613397,0.0033677675771636,0.0184525011874021,0.0601557091474647,0.159951622725395
2008,46,18.0,727.0,498.0,758.0,449.0,0.0006238362120067,0.0054744446184585,0.0283988783451973,0.0695725804039568,0.168038107830066
2008,47,9.00674157303371,536.401498127341,288.215730337079,341.25543071161,161.120599250936,0.0006085132627149,0.0082024650741831,0.0413613928530807,0.0935654033441066,0.225289526152118
2008,47,6.0,226.0,209.0,474.0,341.0,0.0004269702100477,0.0033529315966475,0.0197772961444463,0.0653986379263721,0.174260394087411
2008,47,15.0067415730337,762.401498127341,497.215730337079,815.25543071161,502.120599250936,0.0005200971565269,0.0057410244546464,0.0283541546930946,0.0748277361516436,0.187918475279791
2008,48,7.01081916537867,499.771251931994,300.463678516229,331.511591962906,157.242658423493,0.0004736647998652,0.0076423280944673,0.0431190769173388,0.0908938379400297,0.219867131650594
2008,48,6.0,214.0,209.0,475.0,338.0,0.0004269702100477,0.0031748998304538,0.0197772961444463,0.0655366097363434,0.172727311441481
2008,48,13.0108191653787,713.771251931994,509.463678516229,806.511591962906,495.242658423493,0.0004509233412908,0.0053748296959416,0.0290526044728496,0.0740251880983673,0.18534440810293
2008,49,7.0,474.0,342.0,388.0,162.0,0.0004729338356679,0.0072482430767555,0.0490798900504487,0.106381827892998,0.226519162703717
2008,49,2.0,225.0,243.0,476.0,386.0,0.0001423234033492,0.0033380956161313,0.0229946553258395,0.0656745815463146,0.197256633776366
2008,49,9.0,699.0,585.0,864.0,548.0,0.0003119181060033,0.0052635994337036,0.0333601281765872,0.0793017275316868,0.205088826483021
2008,50,18.0,478.0,305.0,341.0,157.0,0.0012161155774318,0.0073094096849982,0.0437700773841721,0.0934953693595676,0.219527830521503
2008,50,4.0,227.0,203.0,485.0,334.0,0.0002846468066985,0.0033677675771636,0.0192095268771416,0.0669163278360559,0.170683201246907
2008,50,22.0,705.0,508.0,826.0,491.0,0.0007624664813415,0.0053087805447225,0.0289691369465065,0.0758139200708025,0.183756594531319
2008,51,4.0,488.0,325.0,353.0,183.0,0.0002702479060959,0.0074623262056049,0.0466402463929703,0.0967855289851242,0.255882757869013
2008,51,8.0,239.0,197.0,483.0,359.0,0.000569293613397,0.0035457993433573,0.018641757609837,0.0666403842161134,0.183458889962993
2008,51,12.0,727.0,522.0,836.0,542.0,0.0004158908080045,0.0054744446184585,0.0297674989883393,0.0767317641394563,0.202843328382841
2008,52,14.0,496.0,310.0,332.0,152.0,0.0009458676713358,0.0075846594220902,0.0444876196363716,0.0910277496404001,0.21253649833929
2008,52,11.0,204.0,207.0,506.0,370.0,0.0007827787184208,0.0030265400252924,0.0195880397220114,0.0698137358454521,0.189080192998071
2008,52,25.0,700.0,517.0,838.0,522.0,0.0008664391833427,0.0052711296188734,0.0294823696876847,0.076915332953187,0.195358334715578
2009,1,7.0,540.0,308.0,414.0,193.0,0.0004781215035317,0.0082711334505066,0.043587495249457,0.112819121604336,0.258429061510159
2009,1,8.0,270.0,230.0,495.0,401.0,0.0005756983465972,0.0040205143701997,0.0215659020728931,0.067910561192888,0.194915684384283
2009,1,15.0,810.0,538.0,909.0,594.0,0.000525637140187,0.0061158435968973,0.0303419433218984,0.0829486311541129,0.211831174823939
2009,2,12.0,531.0,361.0,412.0,173.0,0.0008196368631972,0.0081332812263315,0.0510879408605648,0.112274101693204,0.231648847882164
2009,2,6.0,225.0,235.0,492.0,378.0,0.0004317737599479,0.003350428641833,0.0220347260309995,0.0674989820341432,0.183735981788676
2009,2,18.0,756.0,596.0,904.0,551.0,0.0006307645682244,0.0057081206904375,0.0336130078435901,0.0824923680564555,0.196496594828266
2009,3,10.0,520.0,348.0,417.0,186.0,0.000683030719331,0.0079647951745619,0.0492482089182176,0.113636651471034,0.249055986740361
2009,3,9.0,229.0,221.0,491.0,384.0,0.0006476606399218,0.0034099918176879,0.0207220189483016,0.0673617889812283,0.186652425944051
2009,3,19.0,749.0,569.0,908.0,570.0,0.0006658070442368,0.0056552677210816,0.0320902709110785,0.0828573785345814,0.203272339477517
2009,4,6.0,488.0,354.0,364.0,185.0,0.0004098184315986,0.0074746539330504,0.0500973159685317,0.0991936238260345,0.247716976058961
2009,4,5.0,223.0,251.0,553.0,387.0,0.0003598114666232,0.0033206470539056,0.0235349626969399,0.0758677582619537,0.188110648021739
2009,4,11.0,711.0,605.0,917.0,572.0,0.0003854672361371,0.005368351601721,0.034120586821094,0.0836786521103647,0.203985575756386
2009,5,8.0,464.0,297.0,341.0,175.0,0.0005464245754648,0.0071070480019168,0.0420307989905478,0.0929258948480159,0.234326869244963
2009,5,4.0,237.0,240.0,481.0,383.0,0.0002878491732986,0.0035291181693975,0.0225035499891059,0.065989858452079,0.186166351918155
2009,5,12.0,701.0,537.0,822.0,558.0,0.0004205097121496,0.005292847359784,0.0302855456577314,0.0750096532548743,0.198992921804306
2009,6,8.0,493.0,320.0,362.0,176.0,0.0005464245754648,0.0075512385020366,0.0452857093500852,0.0986486039149025,0.235665879926363
2009,6,4.0,218.0,260.0,500.0,414.0,0.0002878491732986,0.0032461930840871,0.0243788458215313,0.0685965264574626,0.20123464672093
2009,6,12.0,711.0,580.0,862.0,590.0,0.0004205097121496,0.005368351601721,0.0327106452169165,0.0786597580361334,0.210404702266202
2009,7,7.0,487.0,346.0,345.0,174.0,0.0004781215035317,0.0074593370192532,0.0489651732347796,0.09401593467028,0.232987858563563
2009,7,8.0,243.0,255.0,471.0,401.0,0.0005756983465972,0.0036184629331797,0.023910021863425,0.0646179279229298,0.194915684384283
2009,7,15.0,730.0,601.0,816.0,575.0,0.000525637140187,0.0055118096614013,0.0338949961644256,0.0744621375376855,0.205055430174688
2009,8,6.0,518.0,339.0,330.0,192.0,0.0004098184315986,0.0079341613469674,0.0479745483427465,0.0899282853367895,0.25709005082876
2009,8,6.0,236.0,231.0,492.0,397.0,0.0004317737599479,0.0035142273754338,0.0216596668645144,0.0674989820341432,0.192971388280699
2009,8,12.0,754.0,570.0,822.0,589.0,0.0004205097121496,0.0056930198420501,0.0321466685752456,0.0750096532548743,0.210048084126768
2009,9,7.0,496.0,360.0,383.0,197.0,0.0004781215035317,0.0075971892434283,0.0509464230188458,0.104371312981789,0.263785104235759
2009,9,5.0,231.0,269.0,521.0,427.0,0.0003598114666232,0.0034397734056153,0.0252227289461228,0.071477580568676,0.207553609057578
2009,9,12.0,727.0,629.0,904.0,624.0,0.0004205097121496,0.0054891583888202,0.0354741307611043,0.0824923680564555,0.222529719006966
2009,10,6.0,486.0,329.0,412.0,176.0,0.0004098184315986,0.0074440201054559,0.0465593699255563,0.112274101693204,0.235665879926363
2009,10,7.0,204.0,219.0,553.0,441.0,0.0005037360532725,0.0030377219685953,0.0205344893650591,0.0758677582619537,0.214358645420122
2009,10,13.0,690.0,548.0,965.0,617.0,0.000455552188162,0.0052097926936533,0.0309059199635694,0.0880587778478756,0.220033392030926
2009,11,9.0,487.0,302.0,382.0,143.0,0.0006147276473979,0.0074593370192532,0.0427383881991429,0.104098803026223,0.19147852744017
2009,11,5.0,218.0,221.0,510.0,391.0,0.0003598114666232,0.0032461930840871,0.0207220189483016,0.0699684569866119,0.190054944125323
2009,11,14.0,705.0,523.0,892.0,534.0,0.0004905946641745,0.0053230490565588,0.029495978359392,0.0813973366220778,0.190434086457884
2009,12,12.0,514.0,311.0,379.0,179.0,0.0008196368631972,0.0078728936917785,0.044012048774614,0.103281273159525,0.239682911970562
2009,12,3.0,222.0,246.0,467.0,395.0,0.0002158868799739,0.0033057562599419,0.0230661387388335,0.0640691557112701,0.191999240228907
2009,12,15.0,736.0,557.0,846.0,574.0,0.000525637140187,0.0055571122065635,0.0314134989410733,0.0771997161236298,0.204698812035254
2009,13,7.0,495.0,352.0,364.0,156.0,0.0004781215035317,0.007581872329631,0.0498142802850937,0.0991936238260345,0.208885666298367
2009,13,5.0,246.0,232.0,504.0,372.0,0.0003598114666232,0.0036631353150708,0.0217534316561357,0.0691452986691223,0.1808195376333
2009,13,12.0,741.0,584.0,868.0,528.0,0.0004205097121496,0.005594864327532,0.0329362358735849,0.0792072737533223,0.188294377621279
2009,14,9.0,443.0,312.0,366.0,163.0,0.0006147276473979,0.0067853928121748,0.044153566616333,0.0997386437371666,0.218258741068166
2009,14,2.0,244.0,267.0,459.0,388.0,0.0001439245866493,0.0036333537271434,0.0250351993628803,0.0629716112879507,0.188596722047635
2009,14,11.0,687.0,579.0,825.0,551.0,0.0003854672361371,0.0051871414210722,0.0326542475527494,0.0752834111134688,0.196496594828266
2009,15,7.01088646967341,455.707620528771,310.482115085537,347.53965785381,167.259720062208,0.0004788650828529,0.006980034340382,0.0439387588192603,0.0947080167191747,0.223962551731236
2009,15,9.0,203.0,233.0,444.0,340.0,0.0006476606399218,0.0030228311746316,0.0218471964477569,0.0609137154942268,0.165265168804629
2009,15,16.0108864696734,658.707620528771,543.482115085537,791.53965785381,507.259720062208,0.0005610611050518,0.0049735219546153,0.0306511218074179,0.0722300672422094,0.180898017578518
2009,16,9.0,509.0,276.0,319.0,130.0,0.0006147276473979,0.0077963091227923,0.0390589243144484,0.0869306758255632,0.174071388581973
2009,16,8.0,201.0,215.0,430.0,336.0,0.0005756983465972,0.0029930495867042,0.020159430198574,0.0589930127534179,0.163320872701045
2009,16,17.0,710.0,491.0,749.0,466.0,0.0005957220922119,0.0053608011775273,0.0276912531060449,0.0683482120290765,0.166184052976356
2009,17,10.0,443.0,292.0,344.0,144.0,0.000683030719331,0.0067853928121748,0.0413232097819527,0.0937434247147139,0.19281753812157
2009,17,6.0,214.0,223.0,402.0,346.0,0.0004317737599479,0.0031866299082323,0.0209095485315442,0.0551516072717999,0.168181612960005
2009,17,16.0,657.0,515.0,746.0,490.0,0.0005606796161994,0.0049606286952612,0.0290447970460552,0.0680744541704821,0.174742888322778
2009,18,9.0,504.0,315.0,326.0,162.0,0.0006147276473979,0.0077197245538061,0.0445781201414901,0.0888382455145254,0.216919730386766
2009,18,7.0,215.0,190.0,395.0,340.0,0.0005037360532725,0.003201520702196,0.0178153104080421,0.0541912559013955,0.165265168804629
2009,18,16.0,719.0,505.0,721.0,502.0,0.0005606796161994,0.0054287549952706,0.0284808204043842,0.0657931386821951,0.179022305995989
2009,19,7.0,473.0,324.0,353.0,154.0,0.0004781215035317,0.0072449002260919,0.0458517807169612,0.0961960143148082,0.206207644935568
2009,19,7.0,214.0,210.0,437.0,323.0,0.0005037360532725,0.0031866299082323,0.0196906062404676,0.0599533641238223,0.157001910364397
2009,19,14.0,687.0,534.0,790.0,477.0,0.0004905946641745,0.0051871414210722,0.0301163526652301,0.0720895694298671,0.170106852510133
2009,20,6.0,454.0,290.0,294.0,156.0,0.0004098184315986,0.0069538788639444,0.0410401740985147,0.0801179269364125,0.208885666298367
2009,20,9.00778546712803,203.175605536332,205.177335640138,414.358131487889,325.281141868512,0.0006482208999909,0.003025446080492,0.0192384101217058,0.0568470570589475,0.158110714176065
2009,20,15.007785467128,657.175605536332,495.177335640138,708.358131487889,481.281141868512,0.000525909962232,0.0049619545915512,0.0279268450785906,0.0646395350646925,0.171633585357935
2009,21,5.0,468.0,292.0,331.0,151.0,0.0003415153596655,0.0071683156571057,0.0413232097819527,0.0902007952923556,0.202190612891368
2009,21,10.0,194.0,202.0,446.0,338.0,0.0007196229332465,0.0028888140289583,0.0189404879074974,0.0611881016000567,0.164293020752837
2009,21,15.0,662.0,494.0,777.0,489.0,0.000525637140187,0.0049983808162297,0.0278604460985462,0.0709032853759579,0.174386270183344
2009,22,5.0,479.0,274.0,287.0,127.0,0.0003415153596655,0.0073368017088753,0.0387758886310104,0.0782103572474503,0.170054356537773
2009,22,6.0,183.0,193.0,388.0,272.0,0.0004317737599479,0.0027250152953575,0.018096604782906,0.053230904530991,0.132212135043703
2009,22,11.0,662.0,467.0,675.0,399.0,0.0003854672361371,0.0049983808162297,0.0263377091660345,0.0615955181837472,0.142290637634262
2009,23,6.00541027953111,392.353471596032,269.242560865645,303.273219116321,139.125338142471,0.0004101879703106,0.0060096443024821,0.0381026261126069,0.0826449714657552,0.186290313826126
2009,23,8.0,217.0,190.0,364.0,299.0,0.0005756983465972,0.0032313022901234,0.0178153104080421,0.0499382712610328,0.145336133742894
2009,23,14.0054102795311,609.353471596032,459.242560865645,667.273219116321,438.125338142471,0.0004907842537652,0.004600877194454,0.0259002077189385,0.0608904291875657,0.156243442927365
2009,24,5.00786782061369,499.785208497246,291.457907159717,317.498819826908,159.250196695515,0.0003420527559828,0.0076551669556851,0.0412464939731845,0.0865215892832973,0.213237714390312
2009,24,4.0,210.0,199.0,420.0,300.0,0.0002878491732986,0.0031270667323775,0.0186591935326336,0.0576210822242686,0.14582220776879
2009,24,9.00786782061369,709.785208497246,490.457907159717,737.498819826908,459.250196695515,0.0003156579920273,0.0053591794105683,0.0276606803360912,0.0672986992105784,0.163776950680364
2009,25,9.0,452.0,304.0,331.0,136.0,0.0006147276473979,0.0069232450363499,0.0430214238825809,0.0902007952923556,0.182105452670371
2009,25,8.0,203.0,201.0,403.0,351.0,0.0005756983465972,0.0030228311746316,0.0188467231158761,0.0552888003247149,0.170611983089485
2009,25,17.0,655.0,505.0,734.0,487.0,0.0005957220922119,0.0049455278468738,0.0284808204043842,0.0669794227361043,0.173673033904475
2009,26,8.00699300699301,456.398601398601,250.218531468531,303.26486013986,127.111013986014,0.0005469022193245,0.0069906180348007,0.0354103865315283,0.0826426935614513,0.170203005450831
2009,26,2.0,194.0,206.0,423.0,300.0,0.0001439245866493,0.0028888140289583,0.0193155470739825,0.0580326613830134,0.14582220776879
2009,26,10.006993006993,650.398601398601,456.218531468531,726.26486013986,427.111013986014,0.0003506698124044,0.0049107853355489,0.0257296595245686,0.0662735709614242,0.152315535139564
2009,27,4.00668337510443,440.735171261487,291.486215538847,325.543024227235,137.228905597327,0.0002736687827829,0.0067507026256215,0.0412505001139016,0.0887137150669944,0.183750970391624
2009,27,4.0,210.0,226.0,415.0,341.0,0.0002878491732986,0.0031270667323775,0.021190842906408,0.056935116959694,0.165751242830525
2009,27,8.00668337510443,650.735171261487,517.486215538847,740.543024227235,478.228905597327,0.0002805740101115,0.0049133265807845,0.0291850137950621,0.0675764908364975,0.170545102537792
2009,28,9.0,448.0,262.0,255.0,140.0,0.0006147276473979,0.006861977381161,0.0370776745303822,0.0694900386693374,0.187461495395971
2009,28,4.0,199.0,191.0,382.0,314.0,0.0002878491732986,0.0029632679987768,0.0179090751996634,0.0524077462135014,0.152627244131334
2009,28,13.0,647.0,453.0,637.0,454.0,0.000455552188162,0.0048851244533242,0.0255481418676952,0.058127918641551,0.161904635303145
2009,29,9.0,497.0,267.0,307.0,171.0,0.0006147276473979,0.0076125061572255,0.0377852637389773,0.0836605563587709,0.228970826519364
2009,29,11.0,240.0,199.0,423.0,353.0,0.0007915852265711,0.0035737905512886,0.0186591935326336,0.0580326613830134,0.171584131141276
2009,29,20.0,737.0,466.0,730.0,524.0,0.0007008495202493,0.0055646626307572,0.0262813115018674,0.0666144122579784,0.186867905063542
2009,30,7.0,454.0,292.0,306.0,148.0,0.0004781215035317,0.0069538788639444,0.0413232097819527,0.0833880464032049,0.198173580847169
2009,30,7.0,203.0,217.0,408.0,295.0,0.0005037360532725,0.0030228311746316,0.0203469597818165,0.0559747655892895,0.14339183763931
2009,30,14.0,657.0,509.0,714.0,443.0,0.0004905946641745,0.0049606286952612,0.0287064110610526,0.0651543703454748,0.157981835769369
2009,31,13.0,441.0,263.0,273.0,153.0,0.0008879399351303,0.0067547589845804,0.0372191923721012,0.0743952178695259,0.204868634254168
2009,31,6.0,203.0,200.0,406.0,326.0,0.0004317737599479,0.0030228311746316,0.0187529583242549,0.0557003794834596,0.158460132442085
2009,31,19.0,644.0,463.0,679.0,479.0,0.0006658070442368,0.0048624731807431,0.0261121185093661,0.0619605286618731,0.170820088789001
2009,32,3.0,415.0,300.0,287.0,138.0,0.0002049092157993,0.0063565192258523,0.0424553525157048,0.0782103572474503,0.184783474033171
2009,32,7.0,193.0,203.0,385.0,329.0,0.0005037360532725,0.0028739232349946,0.0190342526991187,0.0528193253722462,0.159918354519773
2009,32,10.0,608.0,503.0,672.0,467.0,0.0003504247601246,0.0045906579097698,0.02836802507605,0.0613217603251527,0.16654067111579
2009,33,7.0,452.0,244.0,309.0,130.0,0.0004781215035317,0.0069232450363499,0.0345303533794399,0.0842055762699029,0.174071388581973
2009,33,6.0,197.0,192.0,357.0,290.0,0.0004317737599479,0.0029334864108494,0.0180028399912847,0.0489779198906283,0.140961467509831
2009,33,13.0,649.0,436.0,666.0,420.0,0.000455552188162,0.0049002253017116,0.0245893815768545,0.0607742446079639,0.149779618562381
2009,34,5.00438212094654,420.368098159509,272.238387379492,311.272567922875,133.116564417178,0.0003418146719877,0.0064387419226166,0.0385265890150111,0.0848248736535863,0.178244501625844
2009,34,7.0,222.0,214.0,363.0,289.0,0.0005037360532725,0.0033057562599419,0.0200656654069527,0.0498010782081179,0.140475393483935
2009,34,12.0043821209465,642.368098159509,486.238387379492,674.272567922875,422.116564417178,0.0004206632725177,0.0048501516296049,0.0274227092765796,0.0615291381011783,0.150534423826828
2009,35,17.0285474391268,457.767422334173,271.455079764903,293.492023509656,153.256926952141,0.0011631021006509,0.0070115841470747,0.0384157370119925,0.0799794982856002,0.205212662187424
2009,35,6.0,233.0,188.0,392.0,293.0,0.0004317737599479,0.0034695549935427,0.0176277808247996,0.0537796767426507,0.142419689587518
2009,35,23.0285474391268,690.767422334173,459.455079764903,685.492023509656,446.256926952141,0.0008069773212375,0.005215587057812,0.025912193288448,0.0625529428131891,0.159143314999314
2009,36,9.0,432.0,279.0,314.0,137.0,0.0006147276473979,0.0066169067604053,0.0394834778396055,0.0855681260477331,0.183444463351771
2009,36,7.0,201.0,180.0,393.0,310.0,0.0005037360532725,0.0029930495867042,0.0168776624918294,0.0539168697955656,0.15068294802775
2009,36,16.0,633.0,459.0,707.0,447.0,0.0005606796161994,0.0047794185146124,0.0258865278526977,0.0645156020087545,0.159408308327105
2009,37,6.00538116591928,434.389237668161,257.230493273543,294.263677130045,124.111210762332,0.0004101859817615,0.0066535025078096,0.0364027042323896,0.0801897815794048,0.166186236892223
2009,37,10.0,213.0,191.0,370.0,318.0,0.0007196229332465,0.0031717391142686,0.0179090751996634,0.0507614295785223,0.154571540234918
2009,37,16.0053811659193,647.389237668161,448.230493273543,664.263677130045,442.111210762332,0.0005608681855771,0.0048880633628309,0.0252791528290937,0.0606158005977281,0.157664877405082
2009,38,5.0,462.0,281.0,330.0,144.0,0.0003415153596655,0.0070764141743223,0.0397665135230435,0.0899282853367895,0.19281753812157
2009,38,10.0,178.0,192.0,416.0,330.0,0.0007196229332465,0.002650561325539,0.0180028399912847,0.0570723100126089,0.160404428545669
2009,38,15.0,640.0,473.0,746.0,474.0,0.000525637140187,0.0048322714839683,0.0266760951510371,0.0680744541704821,0.16903699809183
2009,39,10.0083402835696,423.352793994996,299.249374478732,323.269391159299,144.120100083403,0.0006836003863196,0.0064844582514397,0.0423491256119958,0.0880941274206779,0.192978353416083
2009,39,12.0,208.0,199.0,399.0,312.0,0.0008635475198958,0.0030972851444501,0.0186591935326336,0.0547400281130552,0.151655096079542
2009,39,22.0083402835696,631.352793994996,498.249374478732,722.269391159299,456.120100083403,0.0007712267364611,0.0047669814105402,0.0281001008933179,0.0659089739506913,0.162660701450303
2009,40,4.0,463.0,313.0,282.0,154.0,0.0002732122877324,0.0070917310881195,0.044295084458052,0.0768478074696202,0.206207644935568
2009,40,4.0,206.0,200.0,409.0,322.0,0.0002878491732986,0.0030675035565227,0.0187529583242549,0.0561119586422044,0.156515836338501
2009,40,8.0,669.0,513.0,691.0,476.0,0.0002803398080997,0.0050512337855856,0.028932001717721,0.0630555600962508,0.169750234370698
2009,41,6.0,490.0,291.0,318.0,129.0,0.0004098184315986,0.0075052877606449,0.0411816919402337,0.0866581658699972,0.172732377900573
2009,41,5.0,219.0,217.0,375.0,315.0,0.0003598114666232,0.0032610838780508,0.0203469597818165,0.051447394843097,0.15311331815723
2009,41,11.0,709.0,508.0,693.0,444.0,0.0003854672361371,0.0053532507533336,0.0286500133968855,0.0632380653353138,0.158338453908803
2009,42,10.0,487.0,284.0,294.0,163.0,0.000683030719331,0.0074593370192532,0.0401910670482006,0.0801179269364125,0.218258741068166
2009,42,3.0,220.0,207.0,439.0,332.0,0.0002158868799739,0.0032759746720145,0.0194093118656038,0.0602277502296522,0.161376576597461
2009,42,13.0,707.0,491.0,733.0,495.0,0.000455552188162,0.0053381499049462,0.0276912531060449,0.0668881701165729,0.176525979019949
2009,43,10.0,467.0,299.0,332.0,152.0,0.000683030719331,0.0071529987433085,0.0423138346739858,0.0904733052479216,0.203529623572768
2009,43,10.0,199.0,217.0,431.0,385.0,0.0007196229332465,0.0029632679987768,0.0203469597818165,0.0591302058063328,0.187138499969947
2009,43,20.0,666.0,516.0,763.0,537.0,0.0007008495202493,0.0050285825130045,0.0291011947102223,0.0696257487025172,0.191503940876187
2009,44,9.0,447.0,292.0,310.0,153.0,0.0006147276473979,0.0068466604673638,0.0413232097819527,0.084478086225469,0.204868634254168
2009,44,8.0,231.0,192.0,418.0,369.0,0.0005756983465972,0.0034397734056153,0.0180028399912847,0.0573466961184387,0.179361315555612
2009,44,17.0,678.0,484.0,728.0,522.0,0.0005957220922119,0.0051191876033289,0.0272964694568752,0.0664319070189155,0.186154668784673
2009,45,10.0,441.0,312.0,371.0,156.0,0.000683030719331,0.0067547589845804,0.044153566616333,0.101101193514997,0.208885666298367
2009,45,3.0,222.0,243.0,444.0,359.0,0.0002158868799739,0.0033057562599419,0.0227848443639697,0.0609137154942268,0.174500575296652
2009,45,13.0,663.0,555.0,815.0,515.0,0.000455552188162,0.0050059312404234,0.0313007036127391,0.074370884918154,0.183658341808634
2009,46,4.0,454.0,309.0,340.0,151.0,0.0002732122877324,0.0069538788639444,0.043729013091176,0.0926533848924498,0.202190612891368
2009,46,5.0,210.0,236.0,436.0,410.0,0.0003598114666232,0.0031270667323775,0.0221284908226208,0.0598161710709074,0.199290350617347
2009,46,9.0,664.0,545.0,776.0,561.0,0.0003153822841122,0.0050134816646171,0.0307367269710681,0.0708120327564264,0.200062776222609
2009,47,7.0,457.0,296.0,315.0,142.0,0.0004781215035317,0.0069998296053361,0.0418892811488288,0.0858406360032991,0.19013951675877
2009,47,8.0,238.0,240.0,423.0,346.0,0.0005756983465972,0.0035440089633612,0.0225035499891059,0.0580326613830134,0.168181612960005
2009,47,15.0,695.0,536.0,738.0,488.0,0.000525637140187,0.0052475448146218,0.0302291479935643,0.0673444332142303,0.174029652043909
2009,48,3.0,445.0,310.0,329.0,164.0,0.0002049092157993,0.0068160266397693,0.043870530932895,0.0896557753812235,0.219597751749565
2009,48,6.0,219.0,235.0,443.0,360.0,0.0004317737599479,0.0032610838780508,0.0220347260309995,0.0607765224413119,0.174986649322548
2009,48,9.0,664.0,545.0,772.0,524.0,0.0003153822841122,0.0050134816646171,0.0307367269710681,0.0704470222783005,0.186867905063542
2009,49,5.0,477.0,327.0,364.0,131.0,0.0003415153596655,0.0073061678812808,0.0462763342421183,0.0991936238260345,0.175410399263372
2009,49,2.0,214.0,207.0,393.0,347.0,0.0001439245866493,0.0031866299082323,0.0194093118656038,0.0539168697955656,0.168667686985901
2009,49,7.0,691.0,534.0,757.0,478.0,0.0002452973320872,0.005217343117847,0.0301163526652301,0.0690782329853283,0.170463470649567
2009,50,5.0,484.0,308.0,336.0,139.0,0.0003415153596655,0.0074133862778615,0.043587495249457,0.0915633450701857,0.186122484714571
2009,50,7.0,229.0,211.0,471.0,352.0,0.0005037360532725,0.0034099918176879,0.0197843710320889,0.0646179279229298,0.17109805711538
2009,50,12.0,713.0,519.0,807.0,491.0,0.0004205097121496,0.0053834524501084,0.0292703877027236,0.0736408639619022,0.175099506462212
2009,51,5.0,556.0,333.0,368.0,171.0,0.0003415153596655,0.0085162040712623,0.0471254412924324,0.100283663648299,0.228970826519364
2009,51,7.0,265.0,227.0,467.0,396.0,0.0005037360532725,0.0039460604003812,0.0212846076980293,0.0640691557112701,0.192485314254803
2009,51,12.0,821.0,560.0,835.0,567.0,0.0004205097121496,0.006198898263028,0.0315826919335746,0.0761959373087835,0.202202485059214
2009,52,6.00419874037789,518.362491252624,356.249125262421,366.256123163051,183.128061581526,0.0004101052184646,0.0079397135942361,0.0504156073214253,0.0998084398489491,0.245210430521701
2009,52,5.0,235.0,252.0,503.0,422.0,0.0003598114666232,0.0034993365814701,0.0236287274885611,0.0690081056162074,0.205123238928098
2009,52,11.0041987403779,753.362491252624,608.249125262421,869.256123163051,605.128061581526,0.0003856143703961,0.0056882063805802,0.0343038298964808,0.0793218982824049,0.215799643440652
2009,53,7.0,546.0,315.0,374.0,180.0,0.0004781215035317,0.00836303493329,0.0445781201414901,0.101918723381695,0.241021922651962
2009,53,10.0,228.0,216.0,448.0,379.0,0.0007196229332465,0.0033951010237242,0.0202531949901953,0.0614624877058865,0.184222055814572
2009,53,17.0,774.0,531.0,822.0,559.0,0.0005957220922119,0.0058440283259241,0.0299471596727288,0.0750096532548743,0.19934953994374
2010,1,4.0,475.0,325.0,354.0,181.0,0.0002761233669832,0.0072915273025655,0.0454729113494696,0.0960850233446467,0.234216961253086
2010,1,4.0,264.0,260.0,448.0,406.0,0.0002909047202325,0.0039476117312677,0.0242121572369487,0.0612231409070894,0.188631399173016
2010,1,8.0,739.0,585.0,802.0,587.0,0.0002833213826015,0.0055976375657302,0.0327080243745602,0.0728976156943826,0.200674597731221
2010,2,2.0,507.0,334.0,309.0,155.0,0.0001380616834916,0.0077827459840015,0.0467321612022241,0.0838708254618527,0.200572535879714
2010,2,3.0,262.0,220.0,439.0,355.0,0.0002181785401744,0.0039177055817884,0.0204872099697258,0.0599932117370809,0.164936321936997
2010,2,5.0,769.0,554.0,748.0,510.0,0.0001770758641259,0.0058248758972213,0.0309747786384724,0.0679892974306711,0.174351013361027
2010,3,9.0,425.0,269.0,310.0,155.0,0.0006212775757122,0.0065239981128217,0.0376375789323302,0.0841422520814703,0.200572535879714
2010,3,7.0,211.0,238.0,449.0,360.0,0.000509083260407,0.0031550987700662,0.0221634362399761,0.061359799703757,0.167259368724842
2010,3,16.0,636.0,507.0,759.0,515.0,0.000566642765203,0.0048174526276108,0.0283469544579522,0.0689891400399457,0.176060337021429
2010,4,9.0,486.0,308.0,384.0,187.0,0.0006212775757122,0.0074603837243091,0.0430943282942666,0.104227821933176,0.241981059416171
2010,4,5.0,209.0,231.0,436.0,373.0,0.0003636309002907,0.0031251926205869,0.0215115704682121,0.0595832353470781,0.173299290373239
2010,4,14.0,695.0,539.0,820.0,560.0,0.0004958124195526,0.0052643546795433,0.030136111346817,0.0745337217822865,0.191444249965049
2010,5,6.0,506.0,325.0,353.0,163.0,0.0004141850504748,0.0077673954002066,0.0454729113494696,0.0958135967250291,0.210924666763828
2010,5,5.0,241.0,213.0,480.0,407.0,0.0003636309002907,0.0036036910122558,0.0198353441979618,0.0655962224004529,0.189096008530585
2010,5,11.0,747.0,538.0,833.0,570.0,0.000389566901077,0.0056582344541278,0.03008020019404,0.0757153539568837,0.194862897285854
2010,6,9.0,466.0,333.0,358.0,169.0,0.0006212775757122,0.0071533720484116,0.0465922445519181,0.0971707298231173,0.218688764926914
2010,6,4.0,236.0,217.0,476.0,429.0,0.0002909047202325,0.0035289256385575,0.0202078389246841,0.0650495872137825,0.199317414397103
2010,6,13.0,702.0,550.0,834.0,598.0,0.0004603972467274,0.0053173769568912,0.0307511340273643,0.075806248739545,0.204435109784106
2010,7,7.0,453.0,301.0,357.0,160.0,0.0004832158922206,0.0069538144590782,0.0421149117421241,0.0968993032034997,0.207042617682286
2010,7,3.0,206.0,246.0,453.0,407.0,0.0002181785401744,0.003080333396368,0.0229084256934207,0.0619064348904275,0.189096008530585
2010,7,10.0,659.0,547.0,810.0,567.0,0.0003541517282518,0.004991668681754,0.0305834005690332,0.0736247739556732,0.193837303089612
2010,8,6.0,445.0,313.0,316.0,181.0,0.0004141850504748,0.0068310097887192,0.0437939115457969,0.0857708117991762,0.234216961253086
2010,8,7.0,198.0,224.0,495.0,412.0,0.000509083260407,0.0029607087984508,0.0208597046964481,0.0676461043504671,0.19141905531843
2010,8,13.0,643.0,537.0,811.0,593.0,0.0004603972467274,0.0048704749049588,0.030024289041263,0.0737156687383346,0.202725786123704
2010,9,10.0,442.0,273.0,348.0,152.0,0.000690308417458,0.0067849580373346,0.0381972455335544,0.0944564636269409,0.196690486798171
2010,9,9.0,204.0,213.0,441.0,372.0,0.0006545356205233,0.0030504272468887,0.0198353441979618,0.0602665293304161,0.17283468101567
2010,9,19.0,646.0,486.0,789.0,524.0,0.0006728882836785,0.0048931987381079,0.0271728202496347,0.0717159835197854,0.179137119610153
2010,10,5.0,498.0,316.0,310.0,173.0,0.000345154208729,0.0076445907298476,0.044213661496715,0.0841422520814703,0.223864830368971
2010,10,4.0,222.0,242.0,450.0,400.0,0.0002909047202325,0.0033195825922024,0.0225359309666984,0.0614964585004246,0.185843743027602
2010,10,9.0,720.0,558.0,760.0,573.0,0.0003187365554266,0.0054537199557859,0.0311984232495805,0.069080034822607,0.195888491482095
2010,11,6.0046875,463.36171875,315.24609375,330.2578125,166.1296875,0.0004145086325455,0.007112872891009,0.0441081774595702,0.0896407616491934,0.214974533592126
2010,11,5.0,236.0,225.0,487.0,421.0,0.0003636309002907,0.0035289256385575,0.0209528283781287,0.0665528339771262,0.195600539536551
2010,11,11.0046875,699.36171875,540.24609375,817.2578125,587.1296875,0.0003897329096996,0.0052973930025827,0.0302057818848478,0.0742844712454574,0.200718933313663
2010,12,5.0,463.0,299.0,352.0,179.0,0.000345154208729,0.007107320297027,0.041835078441512,0.0955421701054115,0.231628928532057
2010,12,5.0,235.0,207.0,459.0,399.0,0.0003636309002907,0.0035139725638179,0.0192766021078784,0.0627263876704331,0.185379133670033
2010,12,10.0,698.0,506.0,811.0,578.0,0.0003541517282518,0.0052870785126924,0.0282910433051752,0.0737156687383346,0.197597815142497
2010,13,5.01223491027732,445.086460032626,277.677814029364,341.834420880914,159.389070146819,0.0003459987948841,0.006832337000695,0.0388517496032977,0.0927829613286621,0.206252064457143
2010,13,7.0,195.0,224.0,439.0,361.0,0.000509083260407,0.0029158495742318,0.0208597046964481,0.0599932117370809,0.167723978082411
2010,13,12.0122349102773,640.086460032626,501.677814029364,780.834420880914,520.389070146819,0.0004254153753642,0.0048484059729281,0.0280493849050402,0.0709737749804522,0.177902670043334
2010,14,8.00631412786109,480.378847671665,291.229676400947,333.262825572218,155.122336227309,0.0005526826035275,0.0073740957544692,0.0407478807917384,0.0904564021892923,0.200730840959335
2010,14,3.0,186.0,205.0,469.0,381.0,0.0002181785401744,0.002781271901575,0.0190903547445173,0.0640929756371092,0.177016165233791
2010,14,11.0063141278611,666.378847671665,496.229676400947,802.262825572218,536.122336227309,0.0003897905170065,0.0050475605828619,0.0277447732497475,0.0729215051676472,0.183281318836691
2010,15,6.0,448.0,342.0,369.0,146.0,0.0004141850504748,0.0068770615401039,0.0478514944046726,0.100156422638911,0.188926388635086
2010,15,2.0,189.0,204.0,464.0,366.0,0.0001454523601162,0.0028261311257939,0.0189972310628367,0.0634096816537712,0.170047024870256
2010,15,8.0,637.0,546.0,833.0,512.0,0.0002833213826015,0.0048250272386605,0.0305274894162562,0.0757153539568837,0.175034742825188
2010,16,7.0,439.0,336.0,334.0,156.0,0.0004832158922206,0.00673890628595,0.0470119945028362,0.0906564909522938,0.201866552240228
2010,16,1.0,201.0,213.0,426.0,335.0,7.27261800581485e-05,0.0030055680226697,0.0198353441979618,0.058216647380402,0.155644134785617
2010,16,8.0,640.0,549.0,760.0,491.0,0.0002833213826015,0.0048477510718097,0.0306952228745873,0.069080034822607,0.167855583451499
2010,17,6.0,446.0,270.0,349.0,149.0,0.0004141850504748,0.0068463603725141,0.0377774955826363,0.0947278902465585,0.192808437716628
2010,17,3.0,199.0,222.0,457.0,379.0,0.0002181785401744,0.0029756618731904,0.020673457333087,0.0624530700770979,0.176086946518653
2010,17,9.0,645.0,492.0,806.0,528.0,0.0003187365554266,0.0048856241270582,0.0275082871662968,0.0732611948250279,0.180504578538475
2010,18,5.0,394.0,307.0,311.0,144.0,0.000345154208729,0.0060481300151806,0.0429544116439605,0.084413678701088,0.186338355914057
2010,18,7.0,202.0,189.0,405.0,382.0,0.000509083260407,0.0030205210974094,0.0176003758376281,0.0553468126503822,0.17748077459136
2010,18,12.0,596.0,496.0,716.0,526.0,0.0004249820739022,0.0045144681856227,0.0277319317774049,0.0650806643855087,0.179820849074314
2010,19,15.0131926121372,395.347405452946,290.255057167986,288.253298153034,149.131046613896,0.0010363733233077,0.0060688134754917,0.0406115153333386,0.0782396183113156,0.192978014179
2010,19,7.0,185.0,212.0,386.0,340.0,0.000509083260407,0.0027663188268353,0.0197422205162813,0.0527502955136976,0.157967181573462
2010,19,22.0131926121372,580.347405452946,502.255057167986,674.253298153034,489.131046613896,0.0007796010207929,0.0043959058700101,0.0280816592343532,0.0612861069943016,0.167216654202887
2010,20,3.0,431.0,328.0,327.0,142.0,0.0002070925252374,0.006616101615591,0.0458926613003878,0.0887565046149703,0.183750323193028
2010,20,8.0,200.0,224.0,417.0,380.0,0.0005818094404651,0.0029906149479301,0.0208597046964481,0.0569867182103935,0.176551555876222
2010,20,11.0,631.0,552.0,744.0,522.0,0.000389566901077,0.0047795795723623,0.0308629563329184,0.0676257183000258,0.178453390145992
2010,21,6.00476568705322,460.365369340747,306.243050039714,327.2597299444,160.127084988086,0.0004145140298636,0.0070668771783236,0.042848501741068,0.0888270022357923,0.207207067736044
2010,21,9.0,206.0,240.0,429.0,372.0,0.0006545356205233,0.003080333396368,0.0223496836033373,0.0586266237704048,0.17283468101567
2010,21,15.0047656870532,666.365369340747,546.243050039714,756.2597299444,532.127084988086,0.0005313963700084,0.0050474584897476,0.0305410786241591,0.0687400637888086,0.1819154833422
2010,22,6.0,431.0,274.0,308.0,141.0,0.0004141850504748,0.006616101615591,0.0383371621838605,0.083599398842235,0.182456306832514
2010,22,2.0,179.0,199.0,393.0,324.0,0.0001454523601162,0.0026766003783974,0.0185316126544338,0.0537069070903708,0.150533431852358
2010,22,8.0,610.0,473.0,701.0,465.0,0.0002833213826015,0.0046205127403186,0.0264459752635333,0.0637172426455888,0.158967100417407
2010,23,3.0,495.0,314.0,351.0,186.0,0.0002070925252374,0.007598538978463,0.0439338281961029,0.0952707434857938,0.240687043055657
2010,23,7.0,240.0,257.0,503.0,418.0,0.000509083260407,0.0035887379375161,0.023932786191907,0.068739374723808,0.194206711463844
2010,23,10.0,735.0,571.0,854.0,604.0,0.0003541517282518,0.0055673391215314,0.0319252682356819,0.0776241443927715,0.206486298176589
2010,24,3.0,457.0,269.0,317.0,132.0,0.0002070925252374,0.0070152167942577,0.0376375789323302,0.0860422384187938,0.170810159587886
2010,24,6.00545950864422,211.191992720655,196.178343949045,361.328480436761,325.295723384895,0.0004367541295575,0.0031579696515677,0.0182688496545326,0.0493787153382239,0.151135437061801
2010,24,9.00545950864422,668.191992720655,465.178343949045,678.328480436761,457.295723384895,0.0003189299048688,0.0050612944513847,0.026008657457099,0.0616565198022862,0.15633327995651
2010,25,6.0,411.0,300.0,266.0,140.0,0.0004141850504748,0.0063090899396935,0.0419749950918181,0.0721994808182939,0.181162290472
2010,25,6.0,172.0,193.0,359.0,293.0,0.0004363570803488,0.0025719288552199,0.0179728705643504,0.0490605080036721,0.136130541767719
2010,25,12.0,583.0,493.0,625.0,433.0,0.0004249820739022,0.0044159982419766,0.0275641983190738,0.0568092391633281,0.148027428990833
2010,26,9.0,466.0,320.0,321.0,174.0,0.0006212775757122,0.0071533720484116,0.0447733280979393,0.0871279448972644,0.225158846729486
2010,26,7.0,199.0,216.0,393.0,367.0,0.000509083260407,0.0029756618731904,0.0201147152430036,0.0537069070903708,0.170511634227825
2010,26,16.0,665.0,536.0,714.0,541.0,0.000566642765203,0.0050371163480522,0.029968377888486,0.064898874820186,0.184948820055521
2010,27,6.0,465.0,278.0,310.0,136.0,0.0004141850504748,0.0071380214646167,0.0388968287850847,0.0841422520814703,0.175986225029943
2010,27,5.0,179.0,197.0,392.0,314.0,0.0003636309002907,0.0026766003783974,0.0183453652910727,0.0535702482937032,0.145887338276668
2010,27,11.0,644.0,475.0,702.0,450.0,0.000389566901077,0.0048780495160085,0.0265577975690874,0.0638081374282501,0.1538391294362
2010,28,5.0,530.0,340.0,332.0,173.0,0.000345154208729,0.0081358094112836,0.0475716611040605,0.0901136377130585,0.223864830368971
2010,28,5.0,241.0,278.0,532.0,464.0,0.0003636309002907,0.0036036910122558,0.025888383507199,0.0727024798271687,0.215578741912019
2010,28,10.0,771.0,618.0,864.0,637.0,0.0003541517282518,0.0058400251193207,0.0345530924162021,0.0785330922193848,0.217767834335244
2010,29,9.0,500.0,329.0,316.0,139.0,0.0006212775757122,0.0076752918974373,0.0460325779506938,0.0857708117991762,0.179868274111486
2010,29,6.0,202.0,221.0,443.0,345.0,0.0004363570803488,0.0030205210974094,0.0205803336514064,0.0605398469237514,0.160290228361307
2010,29,15.0,702.0,550.0,759.0,484.0,0.0005312275923778,0.0053173769568912,0.0307511340273643,0.0689891400399457,0.165462530326935
2010,30,12.0,433.0,255.0,310.0,133.0,0.0008283701009496,0.0066468027831807,0.0356787458280454,0.0841422520814703,0.1721041759484
2010,30,7.0,173.0,190.0,388.0,324.0,0.000509083260407,0.0025868819299595,0.0176934995193087,0.0530236131070328,0.150533431852358
2010,30,19.0,606.0,445.0,698.0,457.0,0.0006728882836785,0.0045902142961198,0.0248804629857766,0.0634445582976048,0.156232182560763
2010,31,6.0,436.0,281.0,304.0,141.0,0.0004141850504748,0.0066928545345654,0.0393165787360029,0.0825136923637644,0.182456306832514
2010,31,7.0,183.0,180.0,367.0,310.0,0.000509083260407,0.002736412677356,0.016762262702503,0.050153778377013,0.144028900846392
2010,31,13.0,619.0,461.0,671.0,451.0,0.0004603972467274,0.0046886842397659,0.025775041430209,0.0609903991657491,0.154180994168281
2010,32,4.00355239786856,404.358792184725,289.256660746004,300.266429840142,129.114564831261,0.0002763685919982,0.0062071435226259,0.0404718230502973,0.0815003020361689,0.167076359272334
2010,32,3.0,164.0,224.0,455.0,371.0,0.0002181785401744,0.0024523042573027,0.0208597046964481,0.0621797524837627,0.172370071658101
2010,32,7.00355239786856,568.358792184725,513.256660746004,755.266429840142,500.114564831261,0.0002480320185607,0.004305096787478,0.0286967715727961,0.0686497779917146,0.170971531715567
2010,33,10.0,418.0,253.0,277.0,149.0,0.000690308417458,0.0064165440262576,0.0353989125274332,0.075185173634088,0.192808437716628
2010,33,5.0,204.0,203.0,386.0,347.0,0.0003636309002907,0.0030504272468887,0.0189041073811561,0.0527502955136976,0.161219447076445
2010,33,15.0,622.0,456.0,663.0,496.0,0.0005312275923778,0.004711408072915,0.0254954856663239,0.0602632409044585,0.169564907111901
2010,34,11.0,435.0,285.0,287.0,111.0,0.0007593392592038,0.0066775039507705,0.0398762453372272,0.0778994398302645,0.143635816017086
2010,34,5.0,187.0,174.0,429.0,356.0,0.0003636309002907,0.0027962249763146,0.0162035206124195,0.0586266237704048,0.165400931294566
2010,34,16.0,622.0,459.0,716.0,467.0,0.000566642765203,0.004711408072915,0.025663219124655,0.0650806643855087,0.159650829881568
2010,35,5.00457038391225,400.36563071298,245.2239488117,298.27239488117,146.133455210238,0.0003454697061775,0.0061458461628474,0.0343109134925579,0.0809590678678557,0.189099081860529
2010,35,8.0,190.0,185.0,361.0,331.0,0.0005818094404651,0.0028410842005336,0.0172278811109058,0.0493338255970073,0.153785697355341
2010,35,13.0045703839122,590.36563071298,430.2239488117,659.27239488117,477.133455210238,0.0004605591076635,0.0044717900297632,0.0240543169303464,0.0599244210473352,0.163115100832065
2010,36,4.0,413.0,288.0,303.0,166.0,0.0002761233669832,0.0063397911072832,0.0402959952881453,0.0822422657441468,0.214806715845371
2010,36,7.0,207.0,203.0,426.0,378.0,0.000509083260407,0.0030952864711076,0.0189041073811561,0.058216647380402,0.175622337161084
2010,36,11.0,620.0,491.0,729.0,544.0,0.000389566901077,0.0046962588508156,0.0274523760135198,0.0662622965601059,0.185974414251762
2010,37,7.0,425.0,266.0,336.0,178.0,0.0004832158922206,0.0065239981128217,0.037217828981412,0.0911993441915291,0.230334912171543
2010,37,7.0,201.0,194.0,439.0,355.0,0.000509083260407,0.0030055680226697,0.018065994246031,0.0599932117370809,0.164936321936997
2010,37,14.0,626.0,460.0,775.0,533.0,0.0004958124195526,0.0047417065171138,0.025719130277432,0.0704434565625269,0.182213902198877
2010,38,13.0204241948154,483.758837391987,324.509033778476,316.496465043205,137.215239591516,0.0008988108420555,0.0074259805698969,0.0454042170003405,0.0859055656276117,0.177558764943309
2010,38,5.0,251.0,209.0,455.0,443.0,0.0003636309002907,0.0037532217596523,0.0194628494712396,0.0621797524837627,0.205821945403069
2010,38,18.0204241948154,734.758837391987,533.509033778476,771.496465043205,580.215239591516,0.0006381964372425,0.005565512408576,0.0298291050955119,0.0701250035140826,0.198355127431945
2010,39,5.0,451.0,313.0,317.0,166.0,0.000345154208729,0.0069231132914885,0.0437939115457969,0.0860422384187938,0.214806715845371
2010,39,5.0,215.0,214.0,439.0,403.0,0.0003636309002907,0.0032149110690248,0.0199284678796424,0.0599932117370809,0.187237571100309
2010,39,10.0,666.0,527.0,756.0,569.0,0.0003541517282518,0.0050446909591019,0.0294651775134927,0.0687164556919617,0.194521032553773
2010,40,8.0,468.0,318.0,322.0,174.0,0.0005522467339664,0.0071840732160013,0.0444934947973272,0.0873993715168821,0.225158846729486
2010,40,8.0,241.0,225.0,492.0,397.0,0.0005818094404651,0.0036036910122558,0.0209528283781287,0.0672361279604643,0.184449914954895
2010,40,16.0,709.0,543.0,814.0,571.0,0.000566642765203,0.0053703992342391,0.0303597559579251,0.0739883530863185,0.195204762017934
2010,41,11.0,472.0,307.0,354.0,186.0,0.0007593392592038,0.0072454755511808,0.0429544116439605,0.0960850233446467,0.240687043055657
2010,41,8.0,201.0,207.0,417.0,394.0,0.0005818094404651,0.0030055680226697,0.0192766021078784,0.0569867182103935,0.183056086882188
2010,41,19.0,673.0,514.0,771.0,580.0,0.0006728882836785,0.0050977132364498,0.0287383325273914,0.0700798774318816,0.198281544606658
2010,42,4.0,436.0,301.0,359.0,161.0,0.0002761233669832,0.0066928545345654,0.0421149117421241,0.097442156442735,0.2083366340428
2010,42,5.0,238.0,213.0,427.0,431.0,0.0003636309002907,0.0035588317880368,0.0198353441979618,0.0583533061770696,0.200246633112241
2010,42,9.0,674.0,514.0,786.0,592.0,0.0003187365554266,0.0051052878474995,0.0287383325273914,0.0714432991718014,0.202383921391623
2010,43,5.00399361022364,454.362619808307,289.230830670927,343.273961661342,161.128594249201,0.0003454298910043,0.0069747314686262,0.0404682089927154,0.0931736910164955,0.208503037105134
2010,43,9.0,205.0,224.0,499.0,393.0,0.0006545356205233,0.0030653803216283,0.0208597046964481,0.0681927395371375,0.182591477524619
2010,43,14.0039936102236,659.362619808307,513.230830670927,842.273961661342,554.128594249201,0.0004959538539488,0.0049944153857608,0.0286953273835222,0.0765583086865008,0.189437023411117
2010,44,9.0,434.0,308.0,359.0,163.0,0.0006212775757122,0.0066621533669756,0.0430943282942666,0.097442156442735,0.210924666763828
2010,44,5.0,234.0,211.0,479.0,364.0,0.0003636309002907,0.0034990194890782,0.0196490968346007,0.0654595636037853,0.169117806155118
2010,44,14.0,668.0,519.0,838.0,527.0,0.0004958124195526,0.0050598401812013,0.0290178882912765,0.0761698278701903,0.180162713806395
2010,45,7.01162790697674,433.71926910299,280.46511627907,313.519933554817,171.284053156146,0.0004840185764269,0.0066578439838172,0.0392417395974671,0.0850976557475331,0.221644367079252
2010,45,9.0,228.0,219.0,423.0,413.0,0.0006545356205233,0.0034093010406403,0.0203940862880453,0.0578066709903992,0.191883664675999
2010,45,16.0116279069767,661.71926910299,499.46511627907,736.519933554817,584.284053156146,0.0005670545695381,0.0050122660875486,0.0279256704230742,0.0669458192861986,0.199746111291102
2010,46,6.0,381.0,286.0,323.0,150.0,0.0004141850504748,0.0058485724258472,0.0400161619875332,0.0876707981364997,0.194102454077143
2010,46,9.0,213.0,211.0,442.0,371.0,0.0006545356205233,0.0031850049195455,0.0196490968346007,0.0604031881270837,0.172370071658101
2010,46,15.0,594.0,497.0,765.0,521.0,0.0005312275923778,0.0044993189635233,0.0277878429301819,0.0695345087359136,0.178111525413912
2010,47,10.0,485.0,290.0,311.0,147.0,0.000690308417458,0.0074450331405142,0.0405758285887575,0.084413678701088,0.1902204049956
2010,47,6.0,202.0,186.0,452.0,384.0,0.0004363570803488,0.0030205210974094,0.0173210047925864,0.0617697760937599,0.178409993306498
2010,47,16.0,687.0,476.0,763.0,531.0,0.000566642765203,0.0052037577911457,0.0266137087218644,0.069352719170591,0.181530172734716
2010,48,5.0,441.0,314.0,296.0,171.0,0.000345154208729,0.0067696074535397,0.0439338281961029,0.0803422794068233,0.221276797647943
2010,48,6.0,204.0,191.0,449.0,373.0,0.0004363570803488,0.0030504272468887,0.0177866232009893,0.061359799703757,0.173299290373239
2010,48,11.0,645.0,505.0,745.0,544.0,0.000389566901077,0.0048856241270582,0.0282351321523982,0.0677166130826871,0.185974414251762
2010,49,13.0,506.0,301.0,366.0,186.0,0.0008974009426954,0.0077673954002066,0.0421149117421241,0.0993421427800585,0.240687043055657
2010,49,4.0,218.0,233.0,459.0,437.0,0.0002909047202325,0.0032597702932438,0.0216978178315733,0.0627263876704331,0.203034289257655
2010,49,17.0,724.0,534.0,825.0,623.0,0.0006020579380281,0.0054840183999847,0.0298565555829319,0.0749881956955931,0.212981728086117
2010,50,6.0,509.0,331.0,348.0,179.0,0.0004141850504748,0.0078134471515912,0.0463124112513059,0.0944564636269409,0.231628928532057
2010,50,3.0,222.0,212.0,469.0,422.0,0.0002181785401744,0.0033195825922024,0.0197422205162813,0.0640929756371092,0.19606514889412
2010,50,9.0,731.0,543.0,817.0,601.0,0.0003187365554266,0.0055370406773326,0.0303597559579251,0.0742610374343025,0.205460703980347
2010,51,16.0,445.0,324.0,371.0,176.0,0.0011044934679328,0.0068310097887192,0.0453329946991635,0.100699275878147,0.227746879450514
2010,51,12.0,229.0,268.0,504.0,469.0,0.0008727141606977,0.0034242541153799,0.0249571466903933,0.0688760335204756,0.217901788699864
2010,51,28.0,674.0,592.0,875.0,645.0,0.0009916248391052,0.0051052878474995,0.0330994024439994,0.0795329348286594,0.220502752191887
2010,52,8.0,497.0,329.0,371.0,190.0,0.0005522467339664,0.0076292401460527,0.0460325779506938,0.100699275878147,0.245863108497714
2010,52,7.0,239.0,238.0,495.0,423.0,0.000509083260407,0.0035737848627765,0.0221634362399761,0.0676461043504671,0.196529758251689
2010,52,15.0,736.0,567.0,866.0,613.0,0.0005312275923778,0.0055749137325811,0.0317016236245738,0.0787148817847074,0.209563080765313
2011,1,7.0,491.0,333.0,377.0,191.0,0.0004899394044965,0.0075620475395482,0.0456686113760601,0.102763763734204,0.238290012444727
2011,1,3.0,245.0,241.0,533.0,458.0,0.0002214001995597,0.0036811918433598,0.0223824286004859,0.0730988535309723,0.203401677261026
2011,1,10.0,736.0,574.0,910.0,649.0,0.0003592263129893,0.0055976377050622,0.0317846437468873,0.0830284065000598,0.212560631920899
2011,2,8.0,452.0,295.0,332.0,195.0,0.000559930747996,0.0069613961056533,0.0404571782460592,0.0904975319887423,0.243280379197496
2011,2,5.0,206.0,225.0,430.0,462.0,0.0003690003325995,0.0030952062029882,0.0208964582369681,0.0589728086647619,0.205178111123568
2011,2,13.0,658.0,520.0,762.0,657.0,0.0004669942068861,0.0050044097961018,0.0287944507811522,0.0695248854429072,0.215180793793576
2011,3,9.0,483.0,327.0,349.0,191.0,0.0006299220914955,0.0074388369890057,0.0448457535134284,0.0951314417592502,0.238290012444727
2011,3,6.0,219.0,243.0,467.0,398.0,0.0004428003991194,0.0032905347497787,0.0225681748959256,0.0640472131312647,0.1767551693229
2011,3,15.0,702.0,570.0,816.0,589.0,0.000538839469484,0.0053390511806436,0.0315631479716476,0.074451845828625,0.192909417875823
2011,4,8.0,482.0,312.0,319.0,173.0,0.000559930747996,0.0074234356701879,0.0427886088568491,0.0869539539289422,0.215833362057266
2011,4,9.0,242.0,238.0,424.0,417.0,0.0006642005986792,0.0036361160248697,0.0221038091573263,0.0581499322647885,0.185193230169973
2011,4,17.0,724.0,550.0,743.0,590.0,0.0006106847320819,0.0055063718729145,0.0304556690954495,0.0677913253071916,0.193236938109908
2011,5,7.0,478.0,337.0,366.0,189.0,0.0004899394044965,0.0073618303949166,0.0462171832844812,0.0997653515297581,0.235794829068342
2011,5,8.0,242.0,253.0,502.0,397.0,0.0005904005321593,0.0036361160248697,0.0234969063731242,0.0688473254644429,0.176311060857265
2011,5,15.0,720.0,590.0,868.0,586.0,0.000538839469484,0.0054759499288652,0.0326706268478458,0.079196326200057,0.19192685717357
2011,6,4.0,506.0,345.0,352.0,190.0,0.000279965373998,0.0077930673218155,0.0473143271013235,0.095949190542281,0.237042420756535
2011,6,6.0,267.0,277.0,502.0,439.0,0.0004428003991194,0.0040117478456207,0.0257258619184008,0.0688473254644429,0.194963616413953
2011,6,10.0,773.0,622.0,854.0,629.0,0.0003592263129893,0.0058790406875178,0.0344425930497629,0.0779189661000561,0.206010227239207
2011,7,8.0,493.0,336.0,339.0,161.0,0.000559930747996,0.0075928501771839,0.0460800403073759,0.0924056124824809,0.200862261798958
2011,7,4.0,244.0,255.0,523.0,456.0,0.0002952002660796,0.0036661665705297,0.0236826526685639,0.0717273928643499,0.202513460329755
2011,7,12.0,737.0,591.0,862.0,617.0,0.0004310715755872,0.0056052431910745,0.0327260007916557,0.0786488861571995,0.202079984430192
2011,8,5.0,523.0,329.0,384.0,179.0,0.0003499567174975,0.0080548897417184,0.0451200394676389,0.104671844227943,0.22331891218642
2011,8,6.0,233.0,225.0,492.0,429.0,0.0004428003991194,0.0035008885693993,0.0208964582369681,0.0674758647978206,0.190522531757599
2011,8,11.0,756.0,554.0,876.0,608.0,0.0003951489442882,0.0057497474253085,0.0306771648706891,0.0799262462572004,0.199132302323431
2011,9,7.00522388059701,458.341791044776,332.24776119403,368.274626865672,175.130597014925,0.0004903050309178,0.0070590680514099,0.0455654471067152,0.100385375980176,0.218491477183974
2011,9,5.0,219.0,228.0,482.0,422.0,0.0003690003325995,0.0032905347497787,0.0211750776801277,0.0661044041311982,0.187413772498151
2011,9,12.005223880597,677.341791044776,560.24776119403,850.274626865672,597.130597014925,0.0004312592311238,0.0051515135173459,0.0310231280479851,0.0775790630286699,0.195572352913399
2011,10,7.0,467.0,324.0,400.0,189.0,0.0004899394044965,0.0071924158879206,0.0444343245821125,0.109033171070774,0.235794829068342
2011,10,7.0,238.0,247.0,448.0,443.0,0.0005166004656394,0.0035760149335495,0.022939667486805,0.0614414378646822,0.196740050276495
2011,10,14.0,705.0,571.0,848.0,632.0,0.0005029168381851,0.0053618676386805,0.0316185219154576,0.0773715260571985,0.206992787941461
2011,11,7.0,500.0,342.0,345.0,176.0,0.0004899394044965,0.0077006594089086,0.0469028981700076,0.0940411100485425,0.219576137121843
2011,11,5.0,228.0,231.0,446.0,438.0,0.0003690003325995,0.0034257622052491,0.0214536971232873,0.0611671457313577,0.194519507948317
2011,11,12.0,728.0,573.0,791.0,614.0,0.0004310715755872,0.0055367938169637,0.0317292698030774,0.0721708456500519,0.201097423727938
2011,12,9.0,441.0,281.0,336.0,162.0,0.0006299220914955,0.0067919815986574,0.0385371765665852,0.0915878636994501,0.202109853487151
2011,12,4.0,207.0,223.0,455.0,388.0,0.0002952002660796,0.0031102314758183,0.0207107119415284,0.0624014603313178,0.172314084666546
2011,12,13.0,648.0,504.0,791.0,550.0,0.0004669942068861,0.0049283549359787,0.0279084676801937,0.0721708456500519,0.180136128746524
2011,13,4.00301431801055,462.348153730219,289.217784476262,383.28862094951,189.142426525999,0.0002801763501653,0.0071207713204282,0.0396641879948694,0.104477934443672,0.235972519218356
2011,13,8.0,214.0,206.0,439.0,368.0,0.0005904005321593,0.0032154083856285,0.0191318684302908,0.060207123264722,0.163431915353837
2011,13,12.0030143180105,676.348153730219,495.217784476262,822.28862094951,557.142426525999,0.0004311798578217,0.0051439564226488,0.0274221617712557,0.0750256196489774,0.182475417954252
2011,14,5.0,448.0,280.0,330.0,168.0,0.0003499567174975,0.0068997908303821,0.0384000335894799,0.0899523661333885,0.209595403616304
2011,14,10.0,210.0,203.0,416.0,375.0,0.0007380006651991,0.0031553072943084,0.0188532489871313,0.0570527637314906,0.166540674613285
2011,14,15.0,658.0,483.0,746.0,543.0,0.000538839469484,0.0050044097961018,0.0267456148601856,0.0680650453286204,0.177843487107932
2011,15,10.0,387.0,298.0,328.0,140.0,0.000699913434995,0.0059603103824952,0.0408686071773751,0.0894072002780346,0.17466283634692
2011,15,5.00395569620253,219.173259493671,201.159018987342,446.352848101266,393.310917721519,0.0003692922632424,0.0032931380209415,0.0186822712855932,0.0612155374605755,0.174672708186966
2011,15,15.0039556962025,606.173259493671,499.159018987342,774.352848101266,533.310917721519,0.0005389815685002,0.0046102422461172,0.027640403469614,0.0706519593919021,0.174670116612019
2011,16,8.0,409.0,304.0,327.0,174.0,0.000559930747996,0.0062991393964872,0.0416914650400068,0.0891346173503577,0.217080953745458
2011,16,6.0,207.0,224.0,455.0,436.0,0.0004428003991194,0.0031102314758183,0.0208035850892483,0.0624014603313178,0.193631291017047
2011,16,14.0,616.0,528.0,782.0,610.0,0.0005029168381851,0.0046849793835847,0.0292374423316315,0.0713496855857656,0.1997873427916
2011,17,8.0,457.0,326.0,307.0,170.0,0.000559930747996,0.0070384026997424,0.0447086105363231,0.083682958796819,0.212090586992689
2011,17,9.0,220.0,200.0,474.0,387.0,0.0006642005986792,0.0033055600226088,0.0185746295439717,0.0650072355979003,0.171869976200911
2011,17,17.0,677.0,526.0,781.0,557.0,0.0006106847320819,0.0051489140303358,0.0291266944440117,0.0712584455786227,0.182428770385117
2011,18,6.0,427.0,311.0,332.0,168.0,0.000419948060997,0.0065763631352079,0.0426514658797438,0.0904975319887423,0.209595403616304
2011,18,6.0,181.0,240.0,386.0,361.0,0.0004428003991194,0.0027195743822372,0.022289555452766,0.0529383817316235,0.160323156094389
2011,18,12.0,608.0,551.0,718.0,529.0,0.0004310715755872,0.0046241354954862,0.0305110430392594,0.0655103251286186,0.173258203830748
2011,19,12.0095011876485,427.338083927158,307.243072050673,343.271575613618,174.137767220903,0.0008405611228824,0.0065815700735573,0.042136229596003,0.0935699710690344,0.217252830985162
2011,19,7.0,220.0,210.0,422.0,358.0,0.0005166004656394,0.0033055600226088,0.0195033610211703,0.057875640131464,0.158990830697483
2011,19,19.0095011876485,647.338083927158,517.243072050673,765.271575613618,532.137767220903,0.0006828713023405,0.0049233207425454,0.0286417888077982,0.0698233840252623,0.174285886085441
2011,20,5.0,455.0,264.0,330.0,147.0,0.0003499567174975,0.0070076000621068,0.0362057459557954,0.0899523661333885,0.183395978164266
2011,20,5.0,208.0,233.0,418.0,389.0,0.0003690003325995,0.0031252567486483,0.021639443418727,0.057327055864815,0.172758193132181
2011,20,10.0,663.0,497.0,748.0,536.0,0.0003592263129893,0.0050424372261634,0.0275208500735244,0.0682475253429063,0.17555084546934
2011,21,8.0,453.0,253.0,316.0,141.0,0.000559930747996,0.0069767974244712,0.0346971732076372,0.0861362051459114,0.175910428035113
2011,21,6.0,208.0,213.0,386.0,390.0,0.0004428003991194,0.0031252567486483,0.0197819804643298,0.0529383817316235,0.173202301597817
2011,21,14.0,661.0,466.0,702.0,531.0,0.0005029168381851,0.0050272262541388,0.0258042578154172,0.0640504850143318,0.173913244298917
2011,22,5.0,394.0,307.0,308.0,175.0,0.0003499567174975,0.0060681196142199,0.0421028939713226,0.0839555417244959,0.21832854543365
2011,22,4.0,179.0,196.0,428.0,366.0,0.0002952002660796,0.0026895238365771,0.0182031369530922,0.0586985165314374,0.162543698422567
2011,22,9.0,573.0,503.0,736.0,541.0,0.0003233036816904,0.0043579434850552,0.0278530937363838,0.0671526452571912,0.177188446639763
2011,23,8.0,424.0,286.0,268.0,142.0,0.000559930747996,0.0065301591787545,0.0392228914521116,0.0730522246174185,0.177158019723305
2011,23,4.0,193.0,209.0,379.0,362.0,0.0002952002660796,0.0028998776561977,0.0194104878734504,0.0519783592649878,0.160767264560025
2011,23,12.0,617.0,495.0,647.0,504.0,0.0004310715755872,0.004692584869597,0.0274101021859045,0.0590322846214711,0.165070197978633
2011,24,7.0,421.0,276.0,283.0,176.0,0.0004899394044965,0.006483955222301,0.0378514616810588,0.0771409685325725,0.219576137121843
2011,24,6.0,210.0,206.0,368.0,341.0,0.0004428003991194,0.0031553072943084,0.0191318684302908,0.0504697525317032,0.151440986781681
2011,24,13.0,631.0,482.0,651.0,517.0,0.0004669942068861,0.0047990616737694,0.0266902409163757,0.0593972446500427,0.169327961021733
2011,25,6.0,435.0,258.0,297.0,152.0,0.000419948060997,0.0066995736857505,0.0353828880931637,0.0809571295200496,0.189633936605228
2011,25,5.0,171.0,205.0,385.0,360.0,0.0003690003325995,0.0025693216539368,0.019038995282571,0.0528012356649612,0.159879047628754
2011,25,11.0,606.0,463.0,682.0,512.0,0.0003951489442882,0.0046089245234616,0.0256381359839875,0.0622256848714734,0.16769035985131
2011,26,4.0,394.0,272.0,277.0,133.0,0.000279965373998,0.0060681196142199,0.0373028897726376,0.0755054709665109,0.165929694529574
2011,26,6.0,189.0,214.0,396.0,348.0,0.0004428003991194,0.0028397765648775,0.0198748536120497,0.0543098423982458,0.154549746041129
2011,26,10.0,583.0,486.0,673.0,481.0,0.0003592263129893,0.0044339983451784,0.0269117366916154,0.061404524807187,0.157537232594688
2011,27,4.0,449.0,272.0,318.0,157.0,0.000279965373998,0.0069151921491999,0.0373028897726376,0.0866813710012653,0.195871895046189
2011,27,4.0,214.0,218.0,392.0,410.0,0.0002952002660796,0.0032154083856285,0.0202463462029291,0.0537612581315969,0.182084470910525
2011,27,8.0,663.0,490.0,710.0,567.0,0.0002873810503914,0.0050424372261634,0.027133232466855,0.0647804050714752,0.185703972725962
2011,28,11.0088495575221,463.372485921158,293.23572003218,315.253419147224,161.129525341915,0.0007705241709149,0.0071365473870762,0.0402152196388252,0.0859326999513143,0.201023856538941
2011,28,7.0,205.0,198.0,440.0,432.0,0.0005166004656394,0.0030801809301582,0.018388883248532,0.0603442693313843,0.191854857154505
2011,28,18.0088495575221,668.372485921158,491.23572003218,755.253419147224,593.129525341915,0.0006469252627728,0.0050832975926881,0.0272016591584817,0.0689093273577096,0.194261920982466
2011,29,6.0,374.0,255.0,258.0,131.0,0.000419948060997,0.0057600932378636,0.0349714591618478,0.0703263953406492,0.16343451115319
2011,29,8.0,181.0,194.0,375.0,344.0,0.0005904005321593,0.0027195743822372,0.0180173906576525,0.0514297749983389,0.152773312178587
2011,29,14.0,555.0,449.0,633.0,475.0,0.0005029168381851,0.0042210447368336,0.0248629007706488,0.0577549245214701,0.15557211119018
2011,30,6.0,390.0,249.0,261.0,128.0,0.000419948060997,0.0060065143389487,0.0341486012992161,0.07114414412368,0.159691736088613
2011,30,2.0,194.0,195.0,325.0,304.0,0.0001476001330398,0.0029149029290277,0.0181102638053724,0.044572471665227,0.13500897355317
2011,30,8.0,584.0,444.0,586.0,432.0,0.0002873810503914,0.0044416038311907,0.0245860310515992,0.0534666441857528,0.141488741124543
2011,31,8.0,396.0,257.0,308.0,156.0,0.000559930747996,0.0060989222518556,0.0352457451160584,0.0839555417244959,0.194624303357997
2011,31,5.0,191.0,225.0,392.0,348.0,0.0003690003325995,0.0028698271105376,0.0208964582369681,0.0537612581315969,0.154549746041129
2011,31,13.0,587.0,482.0,700.0,504.0,0.0004669942068861,0.0044644202892276,0.0266902409163757,0.063868005000046,0.165070197978633
2011,32,5.0,400.0,261.0,291.0,126.0,0.0003499567174975,0.0061605275271269,0.0357943170244795,0.079321631953988,0.157196552712228
2011,32,7.0,188.0,189.0,382.0,322.0,0.0005166004656394,0.0028247512920475,0.0175530249190532,0.0523897974649745,0.143002925934608
2011,32,12.0,588.0,450.0,673.0,448.0,0.0004310715755872,0.0044720257752399,0.0249182747144587,0.061404524807187,0.146729064869896
2011,33,4.00339270568278,446.37828668363,297.251908396947,292.247667514843,140.118744698897,0.0002802028340268,0.0068748143065656,0.0407660116677849,0.0796617248179513,0.174810981246282
2011,33,4.0,193.0,214.0,406.0,371.0,0.0002952002660796,0.0028998776561977,0.0198748536120497,0.0556813030648682,0.164764240750744
2011,33,8.00339270568278,639.37828668363,511.251908396947,698.247667514843,511.118744698897,0.0002875029253068,0.0048627826159489,0.0283100344482809,0.0637081221715835,0.167401730908804
2011,34,8.0,406.0,302.0,319.0,154.0,0.000559930747996,0.0062529354400338,0.0414171790857962,0.0869539539289422,0.192129119981612
2011,34,0.0,221.0,210.0,460.0,396.0,0.0,0.0033205852954388,0.0195033610211703,0.063087190664629,0.175866952391629
2011,34,8.0,627.0,512.0,779.0,550.0,0.0002873810503914,0.0047686397297201,0.028351459230673,0.0710759655643369,0.180136128746524
2011,35,7.0,419.0,242.0,258.0,111.0,0.0004899394044965,0.0064531525846654,0.0331886004594791,0.0703263953406492,0.138482677389344
2011,35,3.0,201.0,168.0,404.0,348.0,0.0002214001995597,0.003020079838838,0.0156026888169362,0.0554070109315437,0.154549746041129
2011,35,10.0,620.0,410.0,662.0,459.0,0.0003592263129893,0.0047154013276339,0.0227033169620623,0.0604008847286149,0.150331787444827
2011,36,3.00282752120641,396.373232799246,256.241281809614,264.248821866164,142.13383600377,0.0002101719325065,0.00610467052919,0.0351416922446448,0.0720297174994598,0.177324992409189
2011,36,4.00383141762452,204.195402298851,189.181034482759,363.347701149425,284.272030651341,0.0002954830249552,0.00306809163018,0.0175698381613129,0.0498317080434096,0.126247615355634
2011,36,7.00665893883093,600.568635098097,445.422316292373,627.596523015589,426.405866655111,0.000251697625697,0.0045676163536724,0.024664790314053,0.0572619112428159,0.139656549261924
2011,37,5.0,403.0,279.0,280.0,143.0,0.0003499567174975,0.0062067314835803,0.0382628906123746,0.0763232197495417,0.178405611411497
2011,37,5.0,203.0,182.0,355.0,347.0,0.0003690003325995,0.0030501303844981,0.0169029128850142,0.0486868536650941,0.154105637575493
2011,37,10.0,606.0,461.0,635.0,490.0,0.0003592263129893,0.0046089245234616,0.0255273880963677,0.057937404535756,0.160484914701449
2011,38,5.0,419.0,254.0,285.0,155.0,0.0003499567174975,0.0064531525846654,0.0348343161847425,0.0776861343879264,0.193376711669805
2011,38,11.0,201.0,189.0,388.0,335.0,0.000811800731719,0.003020079838838,0.0175530249190532,0.0532126738649479,0.148776335987868
2011,38,16.0,620.0,443.0,673.0,490.0,0.0005747621007829,0.0047154013276339,0.0245306571077893,0.061404524807187,0.160484914701449
2011,39,5.00441696113074,430.379858657244,261.230565371025,311.274734982332,125.110424028269,0.0003502658665412,0.0066284174159473,0.0358259374458792,0.0848481785733461,0.156086725123881
2011,39,1.0,231.0,195.0,350.0,331.0,7.38000665199155e-05,0.0034708380237392,0.0181102638053724,0.0480011233317829,0.146999902125327
2011,39,6.00441696113074,661.379858657244,456.230565371025,661.274734982332,456.110424028269,0.0002156944566597,0.0050301152638431,0.0252632856912178,0.0603347115432224,0.14938539284616
2011,40,7.0,409.0,285.0,323.0,142.0,0.0004899394044965,0.0062991393964872,0.0390857484750064,0.0880442856396499,0.177158019723305
2011,40,8.0,211.0,207.0,425.0,389.0,0.0005904005321593,0.0031703325671384,0.0192247415780107,0.0582870783314507,0.172758193132181
2011,40,15.0,620.0,492.0,748.0,531.0,0.000538839469484,0.0047154013276339,0.0272439803544748,0.0682475253429063,0.173913244298917
2011,41,5.0,450.0,299.0,320.0,157.0,0.0003499567174975,0.0069305934680177,0.0410057501544804,0.0872265368566191,0.195871895046189
2011,41,5.0,223.0,216.0,424.0,401.0,0.0003690003325995,0.0033506358410989,0.0200605999074894,0.0581499322647885,0.178087494719807
2011,41,10.0,673.0,515.0,744.0,558.0,0.0003592263129893,0.0051184920862865,0.0285175810621027,0.0678825653143346,0.182756290619201
2011,42,7.0,424.0,312.0,333.0,191.0,0.0004899394044965,0.0065301591787545,0.0427886088568491,0.0907701149164193,0.238290012444727
2011,42,7.0,207.0,200.0,434.0,372.0,0.0005166004656394,0.0031102314758183,0.0185746295439717,0.0595213929314108,0.165208349216379
2011,42,14.0,631.0,512.0,767.0,563.0,0.0005029168381851,0.0047990616737694,0.028351459230673,0.0699810854786218,0.184393891789624
2011,43,9.0,439.0,300.0,350.0,159.0,0.0006299220914955,0.0067611789610217,0.0411428931315856,0.0954040246869272,0.198367078422574
2011,43,9.0,209.0,216.0,432.0,421.0,0.0006642005986792,0.0031402820214783,0.0200605999074894,0.0592471007980864,0.186969664032515
2011,43,18.0,648.0,516.0,782.0,580.0,0.0006466073633808,0.0049283549359787,0.0285729550059126,0.0713496855857656,0.189961735769062
2011,44,4.0,421.0,286.0,316.0,152.0,0.000279965373998,0.006483955222301,0.0392228914521116,0.0861362051459114,0.189633936605228
2011,44,3.0,203.0,207.0,455.0,381.0,0.0002214001995597,0.0030501303844981,0.0192247415780107,0.0624014603313178,0.169205325407098
2011,44,7.0,624.0,493.0,771.0,533.0,0.0002514584190925,0.0047458232716832,0.0272993542982847,0.0703460455071935,0.174568284767086
2011,45,7.0,438.0,301.0,340.0,155.0,0.0004899394044965,0.0067457776422039,0.0412800361086909,0.0926781954101578,0.193376711669805
2011,45,3.0,197.0,200.0,416.0,377.0,0.0002214001995597,0.0029599787475179,0.0185746295439717,0.0570527637314906,0.167428891544556
2011,45,10.0,635.0,501.0,756.0,532.0,0.0003592263129893,0.0048294836178186,0.027742345848764,0.0689774454000496,0.174240764533002
2011,46,14.0,466.0,290.0,334.0,145.0,0.000979878808993,0.0071770145691028,0.0397714633605328,0.0910426978440962,0.180900794787882
2011,46,4.0,216.0,231.0,426.0,373.0,0.0002952002660796,0.0032454589312886,0.0214536971232873,0.0584242243981129,0.165652457682015
2011,46,18.0,682.0,521.0,760.0,518.0,0.0006466073633808,0.0051869414603973,0.0288498247249621,0.0693424054286213,0.169655481255818
2011,47,5.0,443.0,285.0,323.0,149.0,0.0003499567174975,0.006822784236293,0.0390857484750064,0.0880442856396499,0.185891161540651
2011,47,6.0,185.0,222.0,425.0,349.0,0.0004428003991194,0.0027796754735574,0.0206178387938086,0.0582870783314507,0.154993854506764
2011,47,11.0,628.0,507.0,748.0,498.0,0.0003951489442882,0.0047762452157324,0.0280745895116234,0.0682475253429063,0.163105076574126
2011,48,3.0,462.0,287.0,322.0,186.0,0.0002099740304985,0.0071154092938315,0.0393600344292169,0.087771702711973,0.232052054003766
2011,48,6.0,185.0,210.0,447.0,391.0,0.0004428003991194,0.0027796754735574,0.0195033610211703,0.0613042917980199,0.173646410063452
2011,48,9.0,647.0,497.0,769.0,577.0,0.0003233036816904,0.0049207494499664,0.0275208500735244,0.0701635654929076,0.188979175066808
2011,49,5.0,470.0,316.0,324.0,173.0,0.0003499567174975,0.0072386198443741,0.0433371807652702,0.0883168685673269,0.215833362057266
2011,49,7.0,221.0,210.0,420.0,409.0,0.0005166004656394,0.0033205852954388,0.0195033610211703,0.0576013479981395,0.18164036244489
2011,49,12.0,691.0,526.0,744.0,582.0,0.0004310715755872,0.0052553908345082,0.0291266944440117,0.0678825653143346,0.190616776237231
2011,50,3.0,460.0,311.0,337.0,155.0,0.0002099740304985,0.0070846066561959,0.0426514658797438,0.091860446627127,0.193376711669805
2011,50,7.0,209.0,199.0,480.0,403.0,0.0005166004656394,0.0031402820214783,0.0184817563962518,0.0658301119978737,0.178975711651077
2011,50,10.0,669.0,510.0,817.0,558.0,0.0003592263129893,0.0050880701422373,0.0282407113430532,0.0745430858357679,0.182756290619201
2011,51,3.0,447.0,308.0,312.0,173.0,0.0002099740304985,0.0068843895115643,0.0422400369484279,0.0850458734352036,0.215833362057266
2011,51,5.0,218.0,224.0,465.0,402.0,0.0003690003325995,0.0032755094769487,0.0208035850892483,0.0637729209979402,0.178531603185442
2011,51,8.0,665.0,532.0,777.0,575.0,0.0002873810503914,0.005057648198188,0.0294589381068711,0.070893485550051,0.188324134598639
2011,52,8.0,460.0,310.0,373.0,158.0,0.000559930747996,0.0070846066561959,0.0425143229026385,0.101673432023497,0.197119486734382
2011,52,5.0,210.0,229.0,429.0,441.0,0.0003690003325995,0.0031553072943084,0.0212679508278476,0.0588356625980997,0.195851833345224
2011,52,13.0,670.0,539.0,802.0,599.0,0.0004669942068861,0.0050956756282496,0.0298465557135405,0.0731744857286241,0.196184620216669
2012,1,4.0,509.0,301.0,318.0,165.0,0.0002823302618333,0.0078792365262527,0.039985370885923,0.0869821181681743,0.199354506527117
2012,1,6.0,258.0,210.0,429.0,453.0,0.00044692271899,0.0039030732938451,0.0192857105012342,0.058993620091744,0.19419336609048
2012,1,10.0,767.0,511.0,747.0,618.0,0.0003624114852673,0.0058683145340545,0.0277466402817406,0.0683571619476881,0.195545008540135
2012,2,7.00592216582064,413.349407783418,277.23434856176,298.252115059222,187.15820642978,0.000494495959865,0.0063985810450138,0.0368282998324227,0.0815805053961922,0.226126253850359
2012,2,4.0,210.0,223.0,481.0,404.0,0.0002979484793266,0.0031769201228971,0.0204795878179773,0.0661443619210463,0.173187902650229
2012,2,11.0059221658206,623.349407783418,500.23434856176,779.252115059222,591.15820642978,0.0003988672598852,0.0047692443148497,0.0271620793074637,0.071308518108677,0.187051839037027
2012,3,6.0,405.0,331.0,348.0,181.0,0.00042349539275,0.0062693335817924,0.0439706237981413,0.095187978372719,0.218685852614595
2012,3,8.0,201.0,190.0,467.0,431.0,0.0005958969586533,0.0030407664033444,0.0174489761677833,0.0642191621977726,0.184762341688735
2012,3,14.0,606.0,521.0,815.0,612.0,0.0005073760793743,0.004636504051678,0.0282896273714028,0.074579768390048,0.19364651331159
2012,4,4.0,445.0,290.0,303.0,179.0,0.0002823302618333,0.0068885270219695,0.0385241114847764,0.0828791880659019,0.216269434353661
2012,4,10.0,217.0,238.0,429.0,436.0,0.0007448711983167,0.003282817460327,0.0218571385680654,0.058993620091744,0.186905756325495
2012,4,14.0,662.0,528.0,732.0,615.0,0.0005073760793743,0.005064959871635,0.0286697183341664,0.0669845281736382,0.194595760925863
2012,5,8.0,453.0,285.0,336.0,164.0,0.0005646605236667,0.0070123657100049,0.0378599026660733,0.0919056342909011,0.19814629739665
2012,5,8.0,210.0,238.0,447.0,470.0,0.0005958969586533,0.0031769201228971,0.0218571385680654,0.0614688768788101,0.201480975855465
2012,5,16.0,663.0,523.0,783.0,634.0,0.0005798583764277,0.00507261086842,0.0283982247893352,0.0716514830054081,0.200607662482922
2012,6,8.0,464.0,339.0,343.0,183.0,0.0005646605236667,0.0071826439060536,0.0450333579080662,0.0938203350052949,0.22110227087553
2012,6,4.0,202.0,217.0,468.0,451.0,0.0002979484793266,0.0030558945944058,0.019928567517942,0.0643566764637207,0.193336000235776
2012,6,12.0,666.0,556.0,811.0,634.0,0.0004348937823208,0.0050955638587748,0.0301900821852206,0.074213732716968,0.200607662482922
2012,7,6.00424028268551,487.344169611307,355.250883392226,390.275618374558,177.125088339223,0.0004237946827802,0.0075440078232961,0.0471921539202324,0.106751572187463,0.21400414896629
2012,7,5.0,231.0,268.0,506.0,473.0,0.0003724355991583,0.0034946121351869,0.0246122400682417,0.0695822185697493,0.202767024637521
2012,7,11.0042402826855,718.344169611307,623.250883392226,896.275618374558,650.125088339223,0.0003988063065087,0.0054960489321817,0.0338417183302566,0.0820172123092289,0.205709896361569
2012,8,7.0,423.0,330.0,395.0,227.0,0.0004940779582083,0.0065479706298721,0.0438377820344007,0.108043826026506,0.274263472616095
2012,8,5.0,212.0,252.0,495.0,470.0,0.0003724355991583,0.00320717650502,0.023142852601481,0.06806956164432,0.201480975855465
2012,8,12.0,635.0,582.0,890.0,697.0,0.0004348937823208,0.0048583829584415,0.0316018486183425,0.0814429372602978,0.220541862382645
2012,9,7.0,455.0,353.0,341.0,215.0,0.0004940779582083,0.0070433253820137,0.0468931426004347,0.0932732776583252,0.259764963050486
2012,9,6.0,214.0,270.0,513.0,497.0,0.00044692271899,0.0032374328871428,0.0247959135015868,0.0705448184313861,0.21305541489397
2012,9,13.0,669.0,623.0,854.0,712.0,0.0004711349308475,0.0051185168491297,0.0338280956859577,0.0781486162025779,0.225288100454007
2012,10,11.0,438.0,331.0,382.0,209.0,0.0007764082200417,0.0067801681699385,0.0439706237981413,0.104487953271203,0.252515708267682
2012,10,4.0,230.0,219.0,544.0,539.0,0.0002979484793266,0.0034794839441254,0.0201122409512871,0.0748077606757779,0.231060097842756
2012,10,15.0,668.0,550.0,926.0,748.0,0.000543617227901,0.0051108658523447,0.0298642899314233,0.0847372583180177,0.236679071825277
2012,11,9.0,452.0,365.0,398.0,192.0,0.000635243089125,0.0069968858740004,0.048487243765322,0.10886441204696,0.231976153049737
2012,11,4.0,228.0,263.0,563.0,514.0,0.0002979484793266,0.0034492275620026,0.024153056484879,0.0774205317287922,0.220343024658955
2012,11,13.0,680.0,628.0,961.0,706.0,0.0004711349308475,0.0052026778137641,0.0340995892307888,0.0879400704574676,0.223389605225462
2012,12,7.0,472.0,334.0,361.0,194.0,0.0004940779582083,0.007306482594089,0.0443691490893631,0.0987438511280217,0.234392571310671
2012,12,11.0,245.0,240.0,509.0,478.0,0.0008193583181484,0.0037064068100467,0.0220408120014105,0.0699947613675937,0.204910439274281
2012,12,18.0,717.0,574.0,870.0,672.0,0.0006523406734812,0.0054857646948071,0.0311674589466127,0.0796127588948978,0.21263146559704
2012,13,8.0,441.0,349.0,386.0,196.0,0.0005646605236667,0.0068266076779518,0.0463617755454722,0.105582067965142,0.236808989571606
2012,13,7.0,215.0,233.0,524.0,503.0,0.0005214098388217,0.0032525610782042,0.0213979549847027,0.0720574753568155,0.215627512458083
2012,13,15.0,656.0,582.0,910.0,699.0,0.000543617227901,0.0050190538909253,0.0316018486183425,0.0832731156256977,0.221174694125493
2012,14,5.0,445.0,329.0,328.0,177.0,0.0003529128272917,0.0068885270219695,0.0437049402706601,0.0897174049030225,0.213853016092726
2012,14,8.0,219.0,231.0,501.0,461.0,0.0005958969586533,0.0033130738424499,0.0212142815513576,0.0688946472400087,0.197622829509296
2012,14,13.0,664.0,560.0,829.0,638.0,0.0004711349308475,0.0050802618652049,0.0304072770210855,0.0758608932458279,0.201873325968619
2012,15,5.0,448.0,312.0,307.0,173.0,0.0003529128272917,0.0069349665299827,0.0414466302870697,0.0839733027598412,0.209020179570856
2012,15,10.0,215.0,202.0,467.0,463.0,0.0007448711983167,0.0032525610782042,0.0185510167678539,0.0642191621977726,0.198480195364
2012,15,15.0,663.0,514.0,774.0,636.0,0.000543617227901,0.00507261086842,0.0279095364086392,0.0708279027409781,0.20124049422577
2012,16,5.0,455.0,306.0,309.0,196.0,0.0003529128272917,0.0070433253820137,0.0406495797046261,0.0845203601068108,0.236808989571606
2012,16,8.0,197.0,227.0,456.0,446.0,0.0005958969586533,0.0029802536390987,0.0208469346846675,0.0627065052723432,0.191192585599016
2012,16,13.0,652.0,533.0,765.0,642.0,0.0004711349308475,0.0049884499037856,0.0289412118789975,0.0700043224765481,0.203138989454315
2012,17,7.0,428.0,286.0,326.0,183.0,0.0004940779582083,0.0066253698098942,0.0379927444298139,0.0891703475560529,0.22110227087553
2012,17,5.0,192.0,178.0,450.0,427.0,0.0003724355991583,0.0029046126837917,0.0163469355677128,0.0618814196766545,0.183047609979327
2012,17,12.0,620.0,464.0,776.0,610.0,0.0004348937823208,0.0047436180066672,0.025194600960328,0.0710109205775181,0.193013681568742
2012,18,6.0,420.0,312.0,322.0,150.0,0.00042349539275,0.0065015311218588,0.0414466302870697,0.0880762328621136,0.181231369570107
2012,18,2.0,203.0,226.0,370.0,412.0,0.0001489742396633,0.0030710227854672,0.0207550979679949,0.0508802784008048,0.176617366069046
2012,18,8.0,623.0,538.0,692.0,562.0,0.0002899291882138,0.0047665709970221,0.0292127054238286,0.0633241714428383,0.177825719740382
2012,19,5.0,415.0,263.0,299.0,136.0,0.0003529128272917,0.0064241319418367,0.0349373838637799,0.0817850733719626,0.164316441743563
2012,19,9.0,176.0,200.0,376.0,324.0,0.000670384078485,0.002662561626809,0.0183673433345088,0.0517053639964935,0.138893268462065
2012,19,14.0,591.0,463.0,675.0,460.0,0.0005073760793743,0.0045217390999038,0.0251403022513618,0.0617685198322483,0.145551300855117
2012,20,2.0,412.0,283.0,297.0,155.0,0.0001411651309166,0.0063776924338234,0.0375942191385921,0.0812380160249929,0.187272415222444
2012,20,6.0,196.0,199.0,376.0,365.0,0.00044692271899,0.0029651254480373,0.0182755066178362,0.0517053639964935,0.156469268483499
2012,20,8.0,608.0,482.0,673.0,520.0,0.0002899291882138,0.0046518060452479,0.0261719777217201,0.0615855019957083,0.164536253140567
2012,21,9.0,425.0,293.0,294.0,171.0,0.000635243089125,0.006578930301881,0.0389226367759982,0.0804174300045385,0.206603761309922
2012,21,6.0,200.0,196.0,389.0,374.0,0.00044692271899,0.003025638212283,0.0179999964678186,0.0534930494538191,0.160327414829668
2012,21,15.0,625.0,489.0,683.0,545.0,0.000543617227901,0.004781872990592,0.0265520686844836,0.0625005911784083,0.172446649926171
2012,22,9.0,415.0,307.0,330.0,149.0,0.000635243089125,0.0064241319418367,0.0407824214683667,0.0902644622499922,0.180023160439639
2012,22,4.0,183.0,174.0,382.0,348.0,0.0002979484793266,0.0027684589642389,0.0159795887010226,0.0525304495921823,0.149181658718514
2012,22,13.0,598.0,481.0,712.0,497.0,0.0004711349308475,0.0045752960773984,0.0261176790127538,0.0651543498082382,0.157258688097811
2012,23,6.0,429.0,290.0,307.0,165.0,0.00042349539275,0.0066408496458987,0.0385241114847764,0.0839733027598412,0.199354506527117
2012,23,2.0,208.0,192.0,383.0,355.0,0.0001489742396633,0.0031466637407743,0.0176326496011284,0.0526679638581304,0.152182439209979
2012,23,8.0,637.0,482.0,690.0,520.0,0.0002899291882138,0.0048736849520113,0.0261719777217201,0.0631411536062983,0.164536253140567
2012,24,4.0,388.0,278.0,274.0,145.0,0.0002823302618333,0.0060061763697172,0.0369300103198891,0.074946856534842,0.17519032391777
2012,24,6.0,219.0,189.0,382.0,311.0,0.00044692271899,0.0033130738424499,0.0173571394511108,0.0525304495921823,0.133320390406488
2012,24,10.0,607.0,467.0,656.0,456.0,0.0003624114852673,0.0046441550484629,0.0253574970872267,0.0600298503851184,0.14428563736942
2012,25,7.0,463.0,330.0,328.0,167.0,0.0004940779582083,0.0071671640700491,0.0438377820344007,0.0897174049030225,0.201770924788052
2012,25,7.0,220.0,212.0,470.0,399.0,0.0005214098388217,0.0033282020335113,0.0194693839345793,0.0646317049956169,0.171044488013469
2012,25,14.0,683.0,542.0,798.0,566.0,0.0005073760793743,0.0052256308041189,0.0294299002596935,0.073024116779458,0.179091383226079
2012,26,9.0,400.0,276.0,290.0,139.0,0.000635243089125,0.0061919344017703,0.0366643267924078,0.0793233153105992,0.167941069134966
2012,26,11.0,197.0,196.0,363.0,337.0,0.0008193583181484,0.0029802536390987,0.0179999964678186,0.049917678539168,0.144466146517642
2012,26,20.0,597.0,472.0,653.0,476.0,0.0007248229705347,0.0045676450806135,0.0256289906320578,0.0597553236303084,0.150613954797904
2012,27,6.0,453.0,353.0,372.0,191.0,0.00042349539275,0.0070123657100049,0.0468931426004347,0.101752666536355,0.230767943919269
2012,27,3.0,203.0,254.0,549.0,503.0,0.000223461359495,0.0030710227854672,0.0233265260348261,0.0754953320055185,0.215627512458083
2012,27,9.0,656.0,607.0,921.0,694.0,0.0003261703367406,0.0050190538909253,0.0329593163424981,0.0842797137266677,0.219592614768372
2012,28,2.0,408.0,264.0,302.0,163.0,0.0001411651309166,0.0063157730898057,0.0350702256275205,0.0826056593924171,0.196938088266183
2012,28,8.0,214.0,194.0,416.0,406.0,0.0005958969586533,0.0032374328871428,0.0178163230344735,0.0572059346344184,0.174045268504933
2012,28,10.0,622.0,458.0,718.0,569.0,0.0003624114852673,0.0047589200002371,0.0248688087065307,0.0657034033178582,0.180040630840351
2012,29,5.0,359.0,265.0,270.0,125.0,0.0003529128272917,0.0055572611255888,0.0352030673912612,0.0738527418409027,0.151026141308422
2012,29,4.0,192.0,174.0,360.0,356.0,0.0002979484793266,0.0029046126837917,0.0159795887010226,0.0495051357413236,0.152611122137331
2012,29,9.0,551.0,439.0,630.0,481.0,0.0003261703367406,0.0042156992285059,0.0238371332361724,0.0576506185100984,0.152196034155025
2012,30,6.0,443.0,284.0,278.0,163.0,0.00042349539275,0.0068575673499606,0.0377270609023327,0.0760409712287813,0.196938088266183
2012,30,1.00085543199316,204.174508126604,211.180496150556,410.350727117194,343.293413173653,7.45508384970566e-05,0.0030887909688097,0.0193941233917459,0.0564290790207987,0.147164025299959
2012,30,7.00085543199316,647.174508126604,495.180496150556,688.350727117194,506.293413173653,0.000253719041525,0.0049515300809764,0.0268876616462295,0.0629902304288607,0.160199271525657
2012,31,6.0,442.0,287.0,310.0,153.0,0.00042349539275,0.0068420875139562,0.0381255861935545,0.0847938887802957,0.184855996961509
2012,31,8.0,212.0,213.0,410.0,353.0,0.0005958969586533,0.00320717650502,0.0195612206512518,0.0563808490387297,0.151325073355275
2012,31,14.0,654.0,500.0,720.0,506.0,0.0005073760793743,0.0050037518973555,0.0271493544831121,0.0658864211543982,0.160106430940629
2012,32,5.0,385.0,283.0,311.0,163.0,0.0003529128272917,0.0059597368617039,0.0375942191385921,0.0850674174537805,0.196938088266183
2012,32,9.0,198.0,186.0,370.0,362.0,0.000670384078485,0.0029953818301602,0.0170816293010932,0.0508802784008048,0.155183219701443
2012,32,14.0,583.0,469.0,681.0,525.0,0.0005073760793743,0.0044605311256242,0.0254660945051591,0.0623175733418683,0.166118332497688
2012,33,10.0092081031308,396.364640883978,277.255064456722,268.246777163904,135.124309392265,0.0007064755861253,0.0061356596388371,0.0368310517684469,0.0733731851242221,0.163258424355834
2012,33,5.0,204.0,183.0,368.0,327.0,0.0003724355991583,0.0030861509765286,0.0168061191510755,0.0506052498689086,0.140179317244121
2012,33,15.0092081031308,600.364640883978,460.255064456722,636.246777163904,462.124309392265,0.0005439509401342,0.0045933879371993,0.0249912557951663,0.058222254331041,0.146223466062645
2012,34,7.0,432.0,319.0,288.0,172.0,0.0004940779582083,0.0066872891539119,0.042376522633254,0.0787762579636295,0.207811970440389
2012,34,4.0,196.0,238.0,446.0,385.0,0.0002979484793266,0.0029651254480373,0.0218571385680654,0.061331362612862,0.16504292703054
2012,34,11.0,628.0,557.0,734.0,557.0,0.0003986526337941,0.0048048259809468,0.0302443808941869,0.0671675460101782,0.176243640383261
2012,35,6.00582524271845,364.353398058252,260.252427184466,260.252427184466,140.135922330097,0.0004239065533255,0.005640130849597,0.0345723914449586,0.0711865011789729,0.169313500865691
2012,35,7.00673076923077,142.136538461538,217.208653846154,356.342307692308,318.305769230769,0.0005219111944359,0.0021502687106543,0.0199477296020939,0.0490021508685672,0.136452248946893
2012,35,13.0125560119492,506.48993651979,477.46108103062,616.594734876774,458.441691560866,0.0004715899751415,0.003875152875921,0.0259255202815804,0.0564239171995495,0.145058227332401
2012,36,4.0,391.0,287.0,288.0,158.0,0.0002823302618333,0.0060526158777305,0.0381255861935545,0.0787762579636295,0.190897042613846
2012,36,4.0,200.0,185.0,355.0,358.0,0.0002979484793266,0.003025638212283,0.0169897925844206,0.048817564411583,0.153468487992035
2012,36,8.0,591.0,472.0,643.0,516.0,0.0002899291882138,0.0045217390999038,0.0256289906320578,0.0588402344476084,0.16327058965487
2012,37,8.0,373.0,244.0,278.0,169.0,0.0005646605236667,0.0057739788296508,0.0324133903527084,0.0760409712287813,0.204187343048987
2012,37,5.0,195.0,205.0,380.0,307.0,0.0003724355991583,0.0029499972569759,0.0188265269178715,0.052255421060286,0.13160565869708
2012,37,13.0,568.0,449.0,658.0,476.0,0.0004711349308475,0.00434576617385,0.0243801203258347,0.0602128682216584,0.150613954797904
2012,38,9.0,385.0,259.0,289.0,143.0,0.000635243089125,0.0059597368617039,0.0344060168088175,0.0790497866371143,0.172773905656835
2012,38,5.0,210.0,188.0,360.0,344.0,0.0003724355991583,0.0031769201228971,0.0172653027344382,0.0495051357413236,0.147466927009106
2012,38,14.0,595.0,447.0,649.0,487.0,0.0005073760793743,0.0045523430870436,0.0242715229079022,0.0593892879572284,0.15409452938357
2012,39,4.0,423.0,308.0,302.0,153.0,0.0002823302618333,0.0065479706298721,0.0409152632321073,0.0826056593924171,0.184855996961509
2012,39,5.0,165.0,215.0,392.0,364.0,0.0003724355991583,0.0024961515251335,0.0197448940845969,0.0539055922516635,0.156040585556147
2012,39,9.0,588.0,523.0,694.0,517.0,0.0003261703367406,0.0044987861095489,0.0283982247893352,0.0635071892793783,0.163587005526295
2012,40,7.0,382.0,251.0,285.0,158.0,0.0004940779582083,0.0059132973536906,0.0333432826988926,0.077955671943175,0.190897042613846
2012,40,3.0,171.0,203.0,333.0,386.0,0.000223461359495,0.0025869206715019,0.0186428534845264,0.0457922505607243,0.165471609957892
2012,40,10.0,553.0,454.0,618.0,544.0,0.0003624114852673,0.0042310012220758,0.0246516138706658,0.0565525114908585,0.172130234054747
2012,41,6.00515463917526,415.356529209622,288.247422680412,301.258591065292,154.132302405498,0.000423859220407,0.0064296509555324,0.0382912960225505,0.0824028627899966,0.186224055066282
2012,41,8.0,221.0,221.0,385.0,378.0,0.0005958969586533,0.0033433302245727,0.0202959143846322,0.0529429923900266,0.162042146539076
2012,41,14.0051546391753,636.356529209622,509.247422680412,686.258591065292,532.132302405498,0.0005075628894182,0.004868761759063,0.0276514775959234,0.0627987813218774,0.168375106178584
2012,42,8.0,460.0,271.0,314.0,160.0,0.0005646605236667,0.0071207245620359,0.0360001179737048,0.085888003474235,0.193313460874781
2012,42,8.0,182.0,194.0,426.0,385.0,0.0005958969586533,0.0027533307731775,0.0178163230344735,0.0585810772938996,0.16504292703054
2012,42,16.0,642.0,465.0,740.0,545.0,0.0005798583764277,0.0049119399359361,0.0252488996692942,0.0677165995197982,0.172446649926171
2012,43,5.0,407.0,285.0,325.0,148.0,0.0003529128272917,0.0063002932538013,0.0378599026660733,0.088896818882568,0.178814951309172
2012,43,5.0,190.0,194.0,397.0,393.0,0.0003724355991583,0.0028743563016688,0.0178163230344735,0.0545931635814041,0.168472390449357
2012,43,10.0,597.0,479.0,722.0,541.0,0.0003624114852673,0.0045676450806135,0.0260090815948214,0.0660694389909382,0.171180986440475
2012,44,3.0,411.0,285.0,315.0,134.0,0.000211747696375,0.006362212597819,0.0378599026660733,0.0861615321477198,0.161900023482629
2012,44,3.0,191.0,204.0,398.0,442.0,0.000223461359495,0.0028894844927302,0.0187346902011989,0.0547306778473522,0.189477853889607
2012,44,6.0,602.0,489.0,713.0,576.0,0.0002174468911604,0.0046059000645382,0.0265520686844836,0.0652458587265082,0.18225554194032
2012,45,8.00680272108844,413.35119047619,249.211734693878,327.27806122449,179.152210884354,0.0005651406771732,0.0063986086408056,0.0331057263815912,0.0895199339474199,0.216453336933893
2012,45,4.0,189.0,197.0,402.0,379.0,0.0002979484793266,0.0028592281106074,0.0180918331844911,0.0552807349111447,0.162470829466428
2012,45,12.0068027210884,602.35119047619,446.211734693878,729.27806122449,558.152210884354,0.0004351403207461,0.0046085870217424,0.0242287211194569,0.0667354465006941,0.176608218194299
2012,46,5.0,416.0,289.0,283.0,158.0,0.0003529128272917,0.0064396117778411,0.0383912697210357,0.0774086145962054,0.190897042613846
2012,46,2.0,195.0,209.0,411.0,353.0,0.0001489742396633,0.0029499972569759,0.0191938737845617,0.0565183633046778,0.151325073355275
2012,46,7.0,611.0,498.0,694.0,511.0,0.0002536880396871,0.0046747590356027,0.0270407570651796,0.0635071892793783,0.16168851029775
2012,47,10.0,407.0,279.0,294.0,144.0,0.0007058256545834,0.0063002932538013,0.0370628520836297,0.0804174300045385,0.173982114787302
2012,47,4.0,224.0,237.0,431.0,386.0,0.0002979484793266,0.0033887147977569,0.0217653018513929,0.0592686486236402,0.165471609957892
2012,47,14.0,631.0,516.0,725.0,530.0,0.0005073760793743,0.0048277789713017,0.0280181338265717,0.0663439657457482,0.167700411854809
2012,48,7.0,365.0,295.0,304.0,157.0,0.0004940779582083,0.0056501401416154,0.0391883203034794,0.0831527167393867,0.189688833483378
2012,48,7.0,168.0,209.0,427.0,379.0,0.0005214098388217,0.0025415360983177,0.0191938737845617,0.0587185915598477,0.162470829466428
2012,48,14.0,533.0,504.0,731.0,536.0,0.0005073760793743,0.0040779812863768,0.027366549318977,0.0668930192553682,0.169598907083354
2012,49,3.0,472.0,305.0,296.0,161.0,0.000211747696375,0.007306482594089,0.0405167379408855,0.0809644873515081,0.194521670005248
2012,49,4.0,211.0,234.0,439.0,443.0,0.0002979484793266,0.0031920483139585,0.0214897917013753,0.0603687627512252,0.189906536816959
2012,49,7.0,683.0,539.0,735.0,604.0,0.0002536880396871,0.0052256308041189,0.0292670041327948,0.0672590549284482,0.191115186340197
2012,50,8.0,442.0,328.0,325.0,159.0,0.0005646605236667,0.0068420875139562,0.0435720985069195,0.088896818882568,0.192105251744313
2012,50,5.0,241.0,247.0,452.0,425.0,0.0003724355991583,0.003645894045801,0.0226836690181183,0.0621564482085507,0.182190244124622
2012,50,13.0,683.0,575.0,777.0,584.0,0.0004711349308475,0.0052256308041189,0.0312217576555789,0.0711024294957881,0.184786868911714
2012,51,7.0,455.0,308.0,305.0,195.0,0.0004940779582083,0.0070433253820137,0.0409152632321073,0.0834262454128715,0.235600780441139
2012,51,10.0,229.0,236.0,438.0,426.0,0.0007448711983167,0.003464355753064,0.0216734651347203,0.0602312484852771,0.182618927051974
2012,51,17.0,684.0,544.0,743.0,621.0,0.0006160995249545,0.0052332818009039,0.0295384976776259,0.0679911262746081,0.196494256154408
2012,52,2.0,430.0,302.0,337.0,187.0,0.0001411651309166,0.0066563294819031,0.0401182126496636,0.0921791629643859,0.2259351073974
2012,52,5.0,233.0,250.0,454.0,431.0,0.0003724355991583,0.0035248685173097,0.022959179168136,0.062431476740447,0.184762341688735
2012,52,7.0,663.0,552.0,791.0,618.0,0.0002536880396871,0.00507261086842,0.0299728873493557,0.072383554351568,0.195545008540135
2013,1,5.00416319733555,407.338884263114,288.239800166528,314.261448792673,187.15570358035,0.0003550944347286,0.0063439912104938,0.0372061721304949,0.0857002372524308,0.218787707802868
2013,1,6.0,219.0,211.0,476.0,454.0,0.0004493821290999,0.0033399789450309,0.0190460925739854,0.0653374512927211,0.188416846627359
2013,1,11.0041631973356,626.338884263114,499.239800166528,790.261448792673,641.15570358035,0.0004009656940318,0.0048262372353413,0.0265193604449498,0.0721552369122072,0.196374000048818
2013,2,4.0,410.0,293.0,320.0,176.0,0.0002838392120526,0.0063854360503977,0.0378206216765929,0.0872651609866099,0.20574652995693
2013,2,4.0,207.0,190.0,431.0,437.0,0.0002995880860666,0.0031569664000977,0.0171505099007452,0.0591605914016025,0.18136159025585
2013,2,8.0,617.0,483.0,751.0,613.0,0.0002915010886999,0.0047542767166834,0.0256567106441397,0.068570449695926,0.187750434656844
2013,3,6.0,431.0,307.0,360.0,185.0,0.0004257588180789,0.0067124949700522,0.0396277503573858,0.0981733061099362,0.216267659329728
2013,3,5.0,217.0,237.0,434.0,385.0,0.0003744851075832,0.0033094768542087,0.02139300445514,0.0595723820610104,0.159780806060646
2013,3,11.0,648.0,544.0,794.0,570.0,0.0004008139969623,0.0049931463734374,0.0288969991519917,0.0724965872950269,0.174580338914194
2013,4,6.0,435.0,301.0,361.0,162.0,0.0004257588180789,0.0067747919071293,0.038853266637046,0.0984460097380193,0.189380328710356
2013,4,5.0,218.0,211.0,423.0,476.0,0.0003744851075832,0.0033247278996198,0.0190460925739854,0.0580624829765148,0.197547178402253
2013,4,11.0,653.0,512.0,784.0,638.0,0.0004008139969623,0.00503167373743,0.0271971756724628,0.0715835320394221,0.195407467065361
2013,5,7.0,409.0,309.0,338.0,199.0,0.0004967186210921,0.0063698618161285,0.039885911597499,0.0921738262921067,0.232633860576302
2013,5,2.0,209.0,221.0,437.0,429.0,0.0001497940430333,0.0031874684909199,0.0199487509898141,0.0599841727204183,0.178041469610434
2013,5,9.0,618.0,530.0,775.0,628.0,0.0003279387247874,0.004761982189482,0.0281533263796978,0.0707617823093777,0.192344654101954
2013,6,7.0,412.0,333.0,336.0,204.0,0.0004967186210921,0.0064165845189362,0.0429838464788582,0.0916284190359404,0.238478932450078
2013,6,6.0,193.0,235.0,463.0,420.0,0.0004493821290999,0.0029434517643423,0.0212124727719743,0.0635530251019535,0.174306333884341
2013,6,13.0,605.0,568.0,799.0,624.0,0.0004736892691373,0.0046618110431013,0.0301718667616384,0.0729531149228294,0.191119528916591
2013,7,10.0076923076923,445.342307692308,321.246923076923,323.248461538462,201.154615384615,0.0007101438747701,0.0069358654300141,0.0414667520220541,0.088151028233837,0.235152636932986
2013,7,4.0,192.0,226.0,461.0,465.0,0.0002995880860666,0.0029282007189312,0.0204000801977285,0.0632784979956816,0.192982012514806
2013,7,14.0076923076923,637.342307692308,547.246923076923,784.248461538462,666.154615384615,0.0005104071947332,0.0049110238152655,0.029069474029566,0.0716062179507729,0.204030699163335
2013,8,6.0,434.0,302.0,361.0,160.0,0.0004257588180789,0.00675921767286,0.0389823472571026,0.0984460097380193,0.187042299960846
2013,8,4.0,224.0,267.0,478.0,495.0,0.0002995880860666,0.0034162341720864,0.0241009797026261,0.065611978398993,0.205432464935116
2013,8,10.0,658.0,569.0,839.0,655.0,0.0003643763608749,0.0050702011014225,0.0302249862453737,0.0766053359452489,0.200614249103153
2013,9,12.0,392.0,308.0,383.0,213.0,0.0008515176361579,0.006105099833551,0.0397568309774424,0.104445489555849,0.249000061822876
2013,9,6.0,218.0,260.0,472.0,502.0,0.0004493821290999,0.0033247278996198,0.023469118811546,0.0647883970801772,0.208337570499855
2013,9,18.0,610.0,568.0,855.0,715.0,0.0006558774495748,0.0047003384070938,0.0301718667616384,0.0780662243542167,0.218991126883594
2013,10,10.0,464.0,333.0,364.0,205.0,0.0007095980301316,0.0072264447009379,0.0429838464788582,0.0992641206222688,0.239647946824833
2013,10,7.0,202.0,270.0,500.0,484.0,0.0005242791506165,0.0030807111730422,0.0243717772273747,0.0686317765679843,0.200867299047669
2013,10,17.0,666.0,603.0,864.0,689.0,0.0006194398134873,0.0051318448838107,0.0320310486923732,0.0788879740842611,0.211027813178736
2013,11,10.0,437.0,352.0,350.0,173.0,0.0007095980301316,0.0068059403756678,0.0454363782599342,0.0954462698291046,0.202239486832664
2013,11,7.0,220.0,222.0,499.0,452.0,0.0005242791506165,0.003355229990442,0.020039016831397,0.0684945130148484,0.187586816466005
2013,11,17.0,657.0,574.0,849.0,625.0,0.0006194398134873,0.005062495628624,0.0304905836640501,0.0775183912008537,0.191425810212932
2013,12,1.0,405.0,322.0,331.0,173.0,7.09598030131618e-05,0.0063075648790514,0.0415639596582352,0.0902649008955246,0.202239486832664
2013,12,7.0,223.0,210.0,475.0,456.0,0.0005242791506165,0.0034009831266753,0.0189558267324026,0.0652001877395851,0.189246876788713
2013,12,8.0,628.0,532.0,806.0,629.0,0.0002915010886999,0.0048390369174671,0.0282595653471684,0.0735922536017528,0.192650935398295
2013,13,4.0,405.0,308.0,328.0,182.0,0.0002838392120526,0.0063075648790514,0.0397568309774424,0.0894467900112752,0.212760616205462
2013,13,4.0,202.0,263.0,445.0,476.0,0.0002995880860666,0.0030807111730422,0.0237399163362946,0.0610822811455061,0.197547178402253
2013,13,8.0,607.0,571.0,773.0,658.0,0.0002915010886999,0.0046772219886983,0.0303312252128442,0.0705791712582567,0.201533092992175
2013,14,7.00573300573301,385.315315315315,301.246519246519,354.289926289926,174.142506142506,0.0004971254340496,0.0060009909882556,0.0388850874942426,0.0966161482925768,0.2035750929365
2013,14,12.0,202.0,244.0,458.0,468.0,0.0008987642581998,0.0030807111730422,0.0220248653462201,0.0628667073362737,0.194227057756837
2013,14,19.005733005733,587.315315315315,545.246519246519,812.289926289926,642.142506142506,0.0006925239828388,0.0045255421863131,0.0289632136108329,0.0741665586273912,0.196676239216787
2013,15,8.0,429.0,308.0,325.0,192.0,0.0005676784241052,0.0066813465015137,0.0397568309774424,0.0886286791270257,0.224450759953015
2013,15,2.0,203.0,227.0,461.0,451.0,0.0001497940430333,0.0030959622184533,0.0204903460393113,0.0632784979956816,0.187171801385328
2013,15,10.0,632.0,535.0,786.0,643.0,0.0003643763608749,0.0048698588086612,0.0284189237983742,0.071766143090543,0.196938873547065
2013,16,7.00560448358687,437.349879903923,306.244995996797,336.26901521217,163.130504403523,0.0004971163141434,0.0068113894872576,0.0395302939725072,0.0917017804603087,0.190701904608798
2013,16,2.0,204.0,199.0,478.0,431.0,0.0001497940430333,0.0031112132638644,0.017962902474991,0.065611978398993,0.178871499771788
2013,16,9.00560448358687,641.349879903923,505.244995996797,814.26901521217,594.130504403523,0.0003281429389208,0.0049419040539302,0.0268383533471829,0.0743472603815676,0.18197106108426
2013,17,6.00521285838401,408.354474370113,279.242397914857,298.258905299739,160.139009556907,0.000426128721483,0.0063598082487418,0.0360447818689502,0.0813362855833494,0.187204804131098
2013,17,3.0,206.0,217.0,446.0,398.0,0.0002246910645499,0.0031417153546866,0.0195876876234827,0.061219544698642,0.165176002109447
2013,17,9.00521285838401,614.354474370113,496.242397914857,744.258905299739,558.139009556907,0.0003281286690241,0.0047338916909046,0.026360139984794,0.0679549505014656,0.170947539385399
2013,18,3.0,382.0,283.0,318.0,185.0,0.0002128794090394,0.0059493574908584,0.0365298154760266,0.0867197537304436,0.216267659329728
2013,18,3.0,176.0,195.0,407.0,402.0,0.0002246910645499,0.0026841839923536,0.0176018391086595,0.0558662661263393,0.166836062432155
2013,18,6.0,558.0,478.0,725.0,587.0,0.0002186258165249,0.0042996538215711,0.0253911132254633,0.0661965060313533,0.179787120951986
2013,19,7.0063233965673,396.357723577236,278.251129177958,298.269196025294,128.115627822945,0.0004971673280669,0.0061729680414235,0.0359168282857487,0.0813390919015436,0.149769010555821
2013,19,4.0,181.0,184.0,378.0,346.0,0.0002995880860666,0.0027604392194091,0.016608914851248,0.0518856230853962,0.143595217914243
2013,19,11.0063233965673,577.357723577236,462.251129177958,676.269196025294,474.115627822945,0.0004010444065853,0.0044488142340366,0.0245545413379828,0.0617471143634577,0.145212749104992
2013,20,5.0,378.0,266.0,287.0,146.0,0.0003547990150658,0.0058870605537813,0.0343354449350639,0.0782659412598658,0.170676098714272
2013,20,6.0,214.0,174.0,350.0,361.0,0.0004493821290999,0.0032637237179754,0.0157062564354193,0.048042243597589,0.149820444124398
2013,20,11.0,592.0,440.0,637.0,507.0,0.0004008139969623,0.0045616398967206,0.0233725728435227,0.0581616197820304,0.155284617244731
2013,21,10.0,381.0,259.0,293.0,158.0,0.0007095980301316,0.0059337832565891,0.0334318805946675,0.0799021630283647,0.184704271211335
2013,21,4.0,208.0,190.0,332.0,374.0,0.0002995880860666,0.0031722174455088,0.0171505099007452,0.0455714996411416,0.155215640173199
2013,21,14.0,589.0,449.0,625.0,532.0,0.0005101269052248,0.004538523478325,0.0238506481971402,0.0570659534753046,0.162941649653248
2013,22,4.0,392.0,257.0,274.0,147.0,0.0002838392120526,0.006105099833551,0.0331737193545542,0.0747207940947847,0.171845113089027
2013,22,7.0,203.0,191.0,367.0,350.0,0.0005242791506165,0.0030959622184533,0.0172407757423281,0.0503757240009005,0.145255278236951
2013,22,11.0,595.0,448.0,641.0,497.0,0.0004008139969623,0.0045847563151161,0.0237975287134049,0.0585268418842724,0.152221804281324
2013,23,8.00700525394046,403.35288966725,274.239929947461,301.26357267951,156.136602451839,0.0005681755155449,0.0062819123968618,0.0353990602019053,0.0821556692789958,0.182525932691651
2013,23,5.0,173.0,202.0,354.0,373.0,0.0003744851075832,0.0026384308561203,0.0182336999997396,0.0485912978101329,0.154800625092522
2013,23,13.0070052539405,576.35288966725,476.239929947461,655.26357267951,529.136602451839,0.0004739445240311,0.0044410715136762,0.0252976192129345,0.0598291848841452,0.162064644540258
2013,24,8.0,385.0,299.0,315.0,197.0,0.0005676784241052,0.0059960801936661,0.0385951053969327,0.0859016428461941,0.230295831826791
2013,24,4.0,188.0,194.0,397.0,413.0,0.0002995880860666,0.0028671965372868,0.0175115732670767,0.0544936305949796,0.171401228319602
2013,24,12.0,573.0,493.0,712.0,610.0,0.0004372516330498,0.0044152359135488,0.0261879054814925,0.065009534199067,0.186831590767822
2013,25,5.00365497076023,466.340643274854,327.239035087719,351.256578947368,219.160087719298,0.0003550583710709,0.0072628984276413,0.0422402175558565,0.0957889434670249,0.256201292916489
2013,25,6.0,220.0,252.0,528.0,551.0,0.0004493821290999,0.003355229990442,0.0227469920788831,0.0724751560557915,0.228673309453028
2013,25,11.0036549707602,686.340643274854,579.239035087719,879.256578947368,770.160087719298,0.0004009471754568,0.0052885791572693,0.0307688785031807,0.0802809840433056,0.235885630056527
2013,26,10.0,358.0,243.0,269.0,154.0,0.0007095980301316,0.005575575868396,0.0313665906737614,0.073357275954369,0.180028213712314
2013,26,4.0,191.0,187.0,336.0,305.0,0.0002995880860666,0.0029129496735201,0.0168797123759966,0.0461205538536855,0.126579599606486
2013,26,14.0,549.0,430.0,605.0,459.0,0.0005101269052248,0.0042303045663844,0.0228413780061699,0.0552398429640948,0.140583115020377
2013,27,8.0,359.0,278.0,286.0,163.0,0.0005676784241052,0.0055911501026653,0.0358844123757435,0.0779932376317826,0.190549343085111
2013,27,6.0,192.0,189.0,412.0,388.0,0.0004493821290999,0.0029282007189312,0.0170602440591623,0.0565525838920191,0.161025851302677
2013,27,14.0,551.0,467.0,698.0,551.0,0.0005101269052248,0.0042457155119815,0.0248067989043752,0.0637312568412202,0.168760994283721
2013,28,9.0,355.0,266.0,272.0,163.0,0.0006386382271184,0.0055288531655883,0.0343354449350639,0.0741753868386184,0.190549343085111
2013,28,7.0,183.0,190.0,370.0,360.0,0.0005242791506165,0.0027909413102313,0.0171505099007452,0.0507875146603084,0.149405429043721
2013,28,16.0,538.0,456.0,642.0,523.0,0.0005830021773998,0.0041455443656008,0.0242224845832872,0.0586181474098329,0.160185117986182
2013,29,8.0,382.0,272.0,303.0,145.0,0.0005676784241052,0.0059493574908584,0.0351099286554037,0.0826291993091963,0.169507084339516
2013,29,4.0,186.0,174.0,336.0,343.0,0.0002995880860666,0.0028366944464646,0.0157062564354193,0.0461205538536855,0.142350172672212
2013,29,12.0,568.0,446.0,639.0,488.0,0.0004372516330498,0.0043767085495562,0.0236912897459344,0.0583442308331514,0.149465272614257
2013,30,9.0,403.0,261.0,299.0,153.0,0.0006386382271184,0.0062764164105129,0.0336900418347807,0.0815383847968636,0.178859199337559
2013,30,6.0,197.0,195.0,389.0,402.0,0.0004493821290999,0.0030044559459867,0.0176018391086595,0.0533955221698918,0.166836062432155
2013,30,15.0,600.0,456.0,688.0,555.0,0.0005465645413123,0.0046232836791087,0.0242224845832872,0.0628182015856153,0.169986119469084
2013,31,3.0,388.0,302.0,315.0,176.0,0.0002128794090394,0.0060428028964739,0.0389823472571026,0.0859016428461941,0.20574652995693
2013,31,8.0,202.0,229.0,415.0,437.0,0.0005991761721332,0.0030807111730422,0.0206708777224771,0.056964374551427,0.18136159025585
2013,31,11.0,590.0,531.0,730.0,613.0,0.0004008139969623,0.0045462289511235,0.0282064458634331,0.0666530336591558,0.187750434656844
2013,32,11.0,356.0,278.0,346.0,180.0,0.0007805578331447,0.0055444273998575,0.0358844123757435,0.094355455316772,0.210422587455951
2013,32,7.0,191.0,226.0,472.0,461.0,0.0005242791506165,0.0029129496735201,0.0204000801977285,0.0647883970801772,0.191321952192098
2013,32,18.0,547.0,504.0,818.0,641.0,0.0006558774495748,0.0042148936207874,0.0267722198025806,0.0746879199084786,0.196326310954383
2013,33,14.0,376.0,252.0,280.0,137.0,0.0009934372421842,0.0058559120852428,0.0325283162542711,0.0763570158632837,0.160154969341474
2013,33,4.0,167.0,169.0,341.0,326.0,0.0002995880860666,0.0025469245836537,0.0152549272275049,0.0468068716193653,0.135294916300703
2013,33,18.0,543.0,421.0,621.0,463.0,0.0006558774495748,0.0041840717295934,0.0223633026525524,0.0567007313730626,0.14180824020574
2013,34,5.0,401.0,270.0,285.0,119.0,0.0003547990150658,0.0062452679419743,0.0348517674152904,0.0777205340036995,0.139112710595879
2013,34,4.0,173.0,171.0,339.0,357.0,0.0002995880860666,0.0026384308561203,0.0154354589106707,0.0465323445130934,0.14816038380169
2013,34,9.0,574.0,441.0,624.0,476.0,0.0003279387247874,0.0044229413863473,0.023425692327258,0.0569746479497441,0.145789897058169
2013,35,6.0,372.0,275.0,284.0,147.0,0.0004257588180789,0.0057936151481657,0.0354971705155736,0.0774478303756163,0.171845113089027
2013,35,3.0,184.0,211.0,345.0,337.0,0.0002246910645499,0.0028061923556424,0.0190460925739854,0.0473559258319092,0.13986008218815
2013,35,9.0,556.0,486.0,629.0,484.0,0.0003279387247874,0.0042842428759741,0.0258160690953455,0.0574311755775465,0.148240147428895
2013,36,4.0,393.0,270.0,266.0,144.0,0.0002838392120526,0.0061206740678202,0.0348517674152904,0.0725391650701195,0.168338069964761
2013,36,5.0,205.0,188.0,376.0,341.0,0.0003744851075832,0.0031264643092755,0.0169699782175794,0.0516110959791242,0.141520142510858
2013,36,9.0,598.0,458.0,642.0,485.0,0.0003279387247874,0.0046078727335117,0.0243287235507577,0.0586181474098329,0.148546428725235
2013,37,6.0,377.0,303.0,256.0,160.0,0.0004257588180789,0.005871486319512,0.0391114278771592,0.0698121287892879,0.187042299960846
2013,37,6.0,200.0,204.0,386.0,365.0,0.0004493821290999,0.00305020908222,0.0184142316829054,0.0529837315104839,0.151480504447106
2013,37,12.0,577.0,507.0,642.0,525.0,0.0004372516330498,0.0044460578047429,0.0269315782537864,0.0586181474098329,0.160797680578863
2013,38,8.0,386.0,288.0,321.0,190.0,0.0005676784241052,0.0060116544279354,0.0371752185763098,0.0875378646146931,0.222112731203504
2013,38,4.0,208.0,206.0,371.0,381.0,0.0002995880860666,0.0031722174455088,0.0185947633660711,0.0509247782134444,0.158120745737938
2013,38,12.0,594.0,494.0,692.0,571.0,0.0004372516330498,0.0045770508423176,0.0262410249652278,0.0631834236878572,0.174886620210535
2013,39,8.0,372.0,283.0,306.0,176.0,0.0005676784241052,0.0057936151481657,0.0365298154760266,0.0834473101934457,0.20574652995693
2013,39,2.0,177.0,216.0,392.0,415.0,0.0001497940430333,0.0026994350377647,0.0194974217818998,0.0538073128292997,0.172231258480956
2013,39,10.0,549.0,499.0,698.0,591.0,0.0003643763608749,0.0042303045663844,0.0265066223839042,0.0637312568412202,0.181012246137349
2013,40,8.0,408.0,293.0,341.0,186.0,0.0005676784241052,0.0063542875818592,0.0378206216765929,0.0929919371763562,0.217436673704483
2013,40,7.0,213.0,229.0,416.0,389.0,0.0005242791506165,0.0032484726725643,0.0206708777224771,0.057101638104563,0.161440866383354
2013,40,15.0,621.0,522.0,757.0,575.0,0.0005465645413123,0.0047850986078775,0.0277283705098156,0.0691182828492889,0.176111745395898
2013,41,8.00653594771242,403.329248366013,316.258169934641,315.257352941176,182.148692810458,0.0005681422136674,0.0062815442016979,0.0408228006731388,0.0859718239269508,0.212934440238309
2013,41,6.0,211.0,202.0,428.0,430.0,0.0004493821290999,0.0032179705817421,0.0182336999997396,0.0587488007421946,0.178456484691111
2013,41,14.0065359477124,614.329248366013,518.258169934641,743.257352941176,612.148692810458,0.000510365059709,0.0047336973126162,0.0275296064285186,0.0678635032369907,0.187489695187247
2013,42,5.00431034482759,414.356896551724,292.251724137931,286.246551724138,163.140517241379,0.0003551048762856,0.0064532913779812,0.0377240337643437,0.0780604731814652,0.190713609760185
2013,42,3.0,209.0,208.0,414.0,425.0,0.0002246910645499,0.0031874684909199,0.0187752950492368,0.056827110998291,0.176381409287726
2013,42,8.00431034482759,623.356896551724,500.251724137931,700.246551724138,588.140517241379,0.0002916581474761,0.0048032596101457,0.02657311332389,0.0639363794270914,0.180136440051174
2013,43,8.0,410.0,255.0,310.0,165.0,0.0005676784241052,0.0063854360503977,0.0329155581144409,0.0845381247057784,0.192887371834622
2013,43,4.0,182.0,194.0,410.0,388.0,0.0002995880860666,0.0027756902648202,0.0175115732670767,0.0562780567857472,0.161025851302677
2013,43,12.0,592.0,449.0,720.0,553.0,0.0004372516330498,0.0045616398967206,0.0238506481971402,0.0657399784035509,0.169373556876402
2013,44,4.0,395.0,274.0,294.0,165.0,0.0002838392120526,0.0061518225363588,0.0353680898955169,0.0801748666564479,0.192887371834622
2013,44,2.0,189.0,181.0,409.0,380.0,0.0001497940430333,0.0028824475826979,0.0163381173264994,0.0561407932326112,0.157705730657261
2013,44,6.0,584.0,455.0,703.0,545.0,0.0002186258165249,0.0044999961143325,0.0241693650995519,0.0641877844690226,0.166923306505677
2013,45,7.00623885918004,391.348484848485,268.238859180036,287.255793226381,169.150623885918,0.0004971613293105,0.0060949529839513,0.0346244382662424,0.0783356970007391,0.197739510821463
2013,45,7.0,213.0,213.0,408.0,363.0,0.0005242791506165,0.0032484726725643,0.0192266242571512,0.0560035296794752,0.150650474285752
2013,45,14.00623885918,604.348484848485,481.238859180036,695.255793226381,532.150623885918,0.0005103542345052,0.0046567908108234,0.0255631597529981,0.0634806955995082,0.162987782932287
2013,46,3.0,370.0,294.0,283.0,150.0,0.0002128794090394,0.0057624666796272,0.0379497022966496,0.0771751267475331,0.175352156213293
2013,46,3.0,193.0,222.0,402.0,399.0,0.0002246910645499,0.0029434517643423,0.020039016831397,0.0551799483606594,0.165591017190124
2013,46,6.0,563.0,516.0,685.0,549.0,0.0002186258165249,0.0043381811855637,0.0274096536074039,0.0625442850089338,0.16814843169104
2013,47,14.0,396.0,330.0,294.0,168.0,0.0009934372421842,0.006167396770628,0.0425966046186883,0.0801748666564479,0.196394414958888
2013,47,2.0,196.0,173.0,407.0,393.0,0.0001497940430333,0.0029892049005756,0.0156159905938364,0.0558662661263393,0.163100926706062
2013,47,16.0,592.0,503.0,701.0,561.0,0.0005830021773998,0.0045616398967206,0.0267191003188453,0.0640051734179016,0.171823807247128
2013,48,10.0,368.0,292.0,309.0,173.0,0.0007095980301316,0.0057313182110887,0.0376915410565363,0.0842654210776952,0.202239486832664
2013,48,8.0,200.0,206.0,435.0,379.0,0.0005991761721332,0.00305020908222,0.0185947633660711,0.0597096456141464,0.157290715576584
2013,48,18.0,568.0,498.0,744.0,552.0,0.0006558774495748,0.0043767085495562,0.0264535029001689,0.0679313110170026,0.169067275580062
2013,49,7.0,412.0,293.0,352.0,192.0,0.0004967186210921,0.0064165845189362,0.0378206216765929,0.0959916770852709,0.224450759953015
2013,49,6.0,226.0,204.0,418.0,412.0,0.0004493821290999,0.0034467362629086,0.0184142316829054,0.0573761652108349,0.170986213238925
2013,49,13.0,638.0,497.0,770.0,604.0,0.0004736892691373,0.0049160916454522,0.0264003834164336,0.0703052546815753,0.184993902989778
2013,50,6.0,442.0,317.0,316.0,178.0,0.0004257588180789,0.0068838115470141,0.0409185565579521,0.0861743464742773,0.208084558706441
2013,50,5.0,204.0,222.0,389.0,435.0,0.0003744851075832,0.0031112132638644,0.020039016831397,0.0533955221698918,0.180531560094496
2013,50,11.0,646.0,539.0,705.0,613.0,0.0004008139969623,0.0049777354278404,0.0286314017333153,0.0643703955201436,0.187750434656844
2013,51,6.0,425.0,323.0,345.0,186.0,0.0004257588180789,0.0066190495644367,0.0416930402782919,0.0940827516886888,0.217436673704483
2013,51,5.0,212.0,234.0,431.0,420.0,0.0003744851075832,0.0032332216271532,0.0211222069303914,0.0591605914016025,0.174306333884341
2013,51,11.0,637.0,557.0,776.0,606.0,0.0004008139969623,0.0049083861726537,0.0295875524405503,0.0708530878349382,0.185606465582459
2013,52,5.0,403.0,318.0,336.0,189.0,0.0003547990150658,0.0062764164105129,0.0410476371780087,0.0916284190359404,0.220943716828749
2013,52,7.0,212.0,238.0,510.0,459.0,0.0005242791506165,0.0032332216271532,0.0214832702967229,0.070004412099344,0.190491922030744
2013,52,12.0,615.0,556.0,846.0,648.0,0.0004372516330498,0.0047388657710864,0.0295344329568151,0.0772444746241723,0.198470280028768
2014,1,5.0,396.0,317.0,322.0,190.0,0.0003551559750888,0.0062120873945111,0.0397687946246184,0.0873486689787493,0.212598162575192
2014,1,7.0,219.0,173.0,441.0,447.0,0.0005247746392131,0.0033722494263155,0.0153206461715841,0.0603612591881945,0.179069754811026
2014,1,12.0,615.0,490.0,763.0,637.0,0.0004376785701678,0.0047789816574934,0.0254373329016352,0.0694116806939409,0.187908999830749
2014,2,6.00520381613183,398.345186470078,273.236773633998,302.261925411969,174.150910667823,0.0004265568033851,0.0062488765442801,0.0342785398566051,0.0819943380984145,0.194864019046187
2014,2,4.0,200.0,227.0,426.0,426.0,0.0002998712224075,0.003079679841384,0.0201028131846797,0.0583081551341743,0.170657081766213
2014,2,10.0052038161318,598.345186470078,500.236773633998,728.261925411969,600.150910667823,0.0003649219417068,0.0046495620666504,0.0259687537562611,0.0662514865376805,0.177038865574731
2014,3,8.0,428.0,323.0,305.0,197.0,0.0005682495601421,0.0067140742546736,0.0405215162894376,0.0827370932873247,0.220430726459541
2014,3,3.0,228.0,211.0,423.0,418.0,0.0002249034168056,0.0035108350191778,0.0186858748104291,0.0578975343233702,0.167452253939618
2014,3,11.0,656.0,534.0,728.0,615.0,0.0004012053559871,0.0050975804346597,0.0277215015703535,0.0662276586437601,0.181419207057945
2014,4,6.0,400.0,304.0,333.0,167.0,0.0004261871701066,0.0062748357520314,0.0381378976841766,0.0903326297202594,0.186862595526616
2014,4,8.0,203.0,205.0,415.0,450.0,0.000599742444815,0.0031258750390048,0.0181545229200852,0.0568025454945594,0.180271565246
2014,4,14.0,603.0,509.0,748.0,617.0,0.0005106249985291,0.0046857332349082,0.0264236784631272,0.068047099815292,0.182009188219109
2014,5,5.0,392.0,300.0,339.0,195.0,0.0003551559750888,0.0061493390369908,0.0376360832409638,0.091960244670174,0.218192851064013
2014,5,3.0,210.0,248.0,449.0,443.0,0.0002249034168056,0.0032336638334532,0.0219625448008835,0.0614562480170053,0.177467340897729
2014,5,8.0,602.0,548.0,788.0,638.0,0.0002917857134452,0.0046779625330261,0.0284482825104002,0.0716859821583558,0.188203990411331
2014,6,7.0,416.0,354.0,344.0,182.0,0.0004972183651244,0.0065258291821126,0.0444105782243372,0.0933165904617694,0.203646660993079
2014,6,2.0,194.0,240.0,467.0,463.0,0.0001499356112037,0.0029872894461425,0.0212540756137583,0.0639199728818295,0.185479410464217
2014,6,9.0,610.0,594.0,811.0,645.0,0.0003282589276258,0.0047401281480829,0.0308362770276966,0.0737783395056174,0.190268924475405
2014,7,5.0,388.0,310.0,353.0,216.0,0.0003551559750888,0.0060865906794704,0.0388906193489959,0.0957580128866413,0.24169054271706
2014,7,6.0,210.0,229.0,448.0,458.0,0.0004498068336112,0.0032336638334532,0.020279930481461,0.0613193744134039,0.183476393072595
2014,7,11.0,598.0,539.0,801.0,674.0,0.0004012053559871,0.0046468797254977,0.0279810661917987,0.0728686189198515,0.198823651312284
2014,8,8.0,405.0,327.0,292.0,197.0,0.0005682495601421,0.0063532711989318,0.0410233307326505,0.0792105942291764,0.220430726459541
2014,8,3.0,224.0,224.0,434.0,418.0,0.0002249034168056,0.0034492414223501,0.0198371372395077,0.0594031439629851,0.167452253939618
2014,8,11.0,629.0,551.0,726.0,615.0,0.0004012053559871,0.0048877714838429,0.0286040212832674,0.066045714526607,0.181419207057945
2014,9,8.0,391.0,330.0,348.0,183.0,0.0005682495601421,0.0061336519476107,0.0413996915650601,0.0944016670950458,0.204765598690843
2014,9,13.0,203.0,229.0,445.0,404.0,0.0009745814728244,0.0031258750390048,0.020279930481461,0.0609087536025999,0.161843805243075
2014,9,21.0,594.0,559.0,793.0,587.0,0.0007659374977936,0.0046157969179693,0.0290193246775798,0.0721408424512387,0.173159470801648
2014,10,9.00725221595487,416.33521353747,319.257050765512,334.269137792103,163.131345688961,0.0006397958887257,0.0065310877068363,0.040051949792918,0.0906769076609142,0.182533812378376
2014,10,8.0,180.0,241.0,444.0,471.0,0.000599742444815,0.0027717118572456,0.0213426342621489,0.0607718799989985,0.188684238290813
2014,10,17.0072522159549,596.33521353747,560.257050765512,778.269137792103,634.131345688961,0.0006203091526968,0.0046339431662,0.0290845818587973,0.0708007455915782,0.187062773830047
2014,11,12.0,434.0,321.0,322.0,174.0,0.0008523743402132,0.0068081967909541,0.0402706090678312,0.0873486689787493,0.194695159410965
2014,11,3.0,219.0,228.0,448.0,440.0,0.0002249034168056,0.0033722494263155,0.0201913718330704,0.0613193744134039,0.176265530462755
2014,11,15.0,653.0,549.0,770.0,614.0,0.0005470982127097,0.0050742683290133,0.0285001954346893,0.0700484851039771,0.181124216477363
2014,12,7.0,436.0,309.0,350.0,190.0,0.0004972183651244,0.0068395709697142,0.0387651657381927,0.094944205411684,0.212598162575192
2014,12,2.0,196.0,228.0,437.0,464.0,0.0001499356112037,0.0030180862445563,0.0201913718330704,0.0598137647737891,0.185880013942542
2014,12,9.0,632.0,537.0,787.0,654.0,0.0003282589276258,0.0049110835894892,0.0278772403432206,0.0715950100997792,0.192923839700644
2014,13,7.0,424.0,305.0,359.0,184.0,0.0004972183651244,0.0066513258971533,0.0382633512949798,0.0973856278365559,0.205884536388607
2014,13,5.0,214.0,205.0,433.0,407.0,0.0003748390280093,0.0032952574302809,0.0181545229200852,0.0592662703593837,0.163045615678049
2014,13,12.0,638.0,510.0,792.0,591.0,0.0004376785701678,0.0049577078007818,0.0264755913874162,0.0720498703926621,0.174339433123976
2014,14,7.00544747081712,458.356420233463,328.255252918288,300.233463035019,192.149416342412,0.0004976053054863,0.0071902781321351,0.041180806743721,0.0814440788167375,0.215003225548908
2014,14,4.00300751879699,218.163909774436,231.173684210526,425.31954887218,452.33984962406,0.000300096689492,0.0033593749752493,0.0204724290171733,0.058215019336235,0.181208917144154
2014,14,11.0084549896141,676.520330007899,559.428937128814,725.553011907199,644.489265966472,0.0004015137366342,0.0052570378016734,0.0290415920582727,0.0660050510996456,0.190118262746332
2014,15,5.0,458.0,271.0,286.0,173.0,0.0003551559750888,0.0071846869360759,0.0339979285276706,0.0775829792792618,0.193576221713201
2014,15,6.0,187.0,205.0,410.0,395.0,0.0004498068336112,0.002879500651694,0.0181545229200852,0.0561181774765527,0.158238373938155
2014,15,11.0,645.0,476.0,696.0,568.0,0.0004012053559871,0.0050121027139565,0.0247105519615885,0.0633165527693091,0.16755464977059
2014,16,7.0,410.0,348.0,332.0,187.0,0.0004972183651244,0.0064317066458322,0.043657856559518,0.0900613605619403,0.209241349481899
2014,16,2.0,175.0,224.0,419.0,420.0,0.0001499356112037,0.002694719861211,0.0198371372395077,0.0573500399089648,0.168253460896266
2014,16,9.0,585.0,572.0,751.0,607.0,0.0003282589276258,0.0045458606010303,0.0296941926933374,0.0683200159910218,0.179059282413288
2014,17,7.0,405.0,294.0,279.0,160.0,0.0004972183651244,0.0063532711989318,0.0368833615761445,0.0756840951710281,0.179030031642267
2014,17,3.0,184.0,237.0,398.0,426.0,0.0002249034168056,0.0028333054540733,0.0209883996685863,0.0544756942333365,0.170657081766213
2014,17,10.0,589.0,531.0,677.0,586.0,0.0003647321418065,0.0045769434085587,0.0275657627974863,0.0615880836563539,0.172864480221066
2014,18,7.0,381.0,291.0,259.0,158.0,0.0004972183651244,0.0059767810538099,0.0365070007437348,0.0702587120046462,0.176792156246739
2014,18,3.0,197.0,206.0,403.0,405.0,0.0002249034168056,0.0030334846437632,0.0182430815684759,0.0551600622513433,0.1622444087214
2014,18,10.0,578.0,497.0,662.0,563.0,0.0003647321418065,0.0044914656878556,0.0258007233716586,0.060223502777705,0.166079696867679
2014,19,3.0,395.0,317.0,322.0,161.0,0.0002130935850533,0.006196400305131,0.0397687946246184,0.0873486689787493,0.180148969340031
2014,19,1.0,162.0,221.0,396.0,381.0,7.49678056018781e-05,0.002494540671521,0.0195714612943357,0.0542019470261338,0.152629925241613
2014,19,4.0,557.0,538.0,718.0,542.0,0.0001458928567226,0.0043282809483314,0.0279291532675097,0.0653179380579942,0.159884894675457
2014,20,7.0,371.0,308.0,295.0,148.0,0.0004972183651244,0.0058199101600091,0.0386397121273895,0.0800244017041337,0.165602779269097
2014,20,5.0,192.0,189.0,401.0,388.0,0.0003748390280093,0.0029564926477286,0.0167375845458346,0.0548863150441406,0.155434149589884
2014,20,12.0,563.0,497.0,696.0,536.0,0.0004376785701678,0.0043749051596241,0.0258007233716586,0.0633165527693091,0.158114951191965
2014,21,6.0,393.0,351.0,320.0,147.0,0.0004261871701066,0.0061650261263708,0.0440342173919276,0.0868061306621111,0.164483841571333
2014,21,3.0,187.0,236.0,418.0,441.0,0.0002249034168056,0.002879500651694,0.0208998410201956,0.0572131663053635,0.17666613394108
2014,21,9.0,580.0,587.0,738.0,588.0,0.0003282589276258,0.0045070070916198,0.0304728865576732,0.0671373792295261,0.17345446138223
2014,22,2.0,323.0,267.0,294.0,152.0,0.0001420623900355,0.0050669298697653,0.0334961140844577,0.0797531325458146,0.170078530060154
2014,22,2.0,197.0,223.0,369.0,372.0,0.0001499356112037,0.0030334846437632,0.0197485785911171,0.0505063597288974,0.149024493936693
2014,22,4.0,520.0,490.0,663.0,524.0,0.0001458928567226,0.0040407649786936,0.0254373329016352,0.0603144748362816,0.15457506422498
2014,23,15.0,374.0,289.0,256.0,146.0,0.0010654679252665,0.0058669714281493,0.0362560935221284,0.0694449045296889,0.163364903873569
2014,23,6.0,185.0,211.0,398.0,359.0,0.0004498068336112,0.0028487038532802,0.0186858748104291,0.0544756942333365,0.143816648718475
2014,23,21.0,559.0,500.0,654.0,505.0,0.0007659374977936,0.0043438223520956,0.0259564621445257,0.0594957263090922,0.148970243193922
2014,24,8.0,392.0,311.0,302.0,159.0,0.0005682495601421,0.0061493390369908,0.0390160729597991,0.0819232858123674,0.177911093944503
2014,24,7.0,175.0,223.0,419.0,425.0,0.0005247746392131,0.002694719861211,0.0197485785911171,0.0573500399089648,0.170256478287889
2014,24,15.0,567.0,534.0,721.0,584.0,0.0005470982127097,0.0044059879671525,0.0277215015703535,0.065590854233724,0.172274499059902
2014,25,13.0,334.0,268.0,282.0,146.0,0.000923405535231,0.0052394878529462,0.033621567695261,0.0764979026459854,0.163364903873569
2014,25,7.0,181.0,198.0,341.0,334.0,0.0005247746392131,0.0027871102564525,0.0175346123813506,0.0466738988280597,0.133801561760364
2014,25,20.0,515.0,466.0,623.0,480.0,0.000729464283613,0.0040019114692831,0.024191422718698,0.0566755924932178,0.141595478679371
2014,26,6.0,365.0,269.0,261.0,154.0,0.0004261871701066,0.0057257876237286,0.0337470213060642,0.0708012503212844,0.172316405455682
2014,26,5.0,209.0,190.0,392.0,386.0,0.0003748390280093,0.0032182654342463,0.0168261431942253,0.0536544526117284,0.154632942633235
2014,26,11.0,574.0,459.0,653.0,540.0,0.0004012053559871,0.0044603828803272,0.0238280322486746,0.0594047542505156,0.159294913514293
2014,27,11.0,369.0,304.0,298.0,145.0,0.0007813431451955,0.005788535981249,0.0381378976841766,0.080838209179091,0.162245966175804
2014,27,7.0,207.0,206.0,357.0,366.0,0.0005247746392131,0.0031874686358325,0.0182430815684759,0.0488638764856813,0.146620873066746
2014,27,18.0,576.0,510.0,655.0,511.0,0.0006565178552517,0.0044759242840914,0.0264755913874162,0.0595866983676688,0.150740186677414
2014,28,6.0,404.0,306.0,306.0,166.0,0.0004261871701066,0.0063375841095517,0.038388804905783,0.0830083624456438,0.185743657828852
2014,28,7.0,181.0,185.0,348.0,357.0,0.0005247746392131,0.0027871102564525,0.016383349952272,0.0476320140532691,0.143015441761826
2014,28,13.0,585.0,491.0,654.0,523.0,0.0004741517843484,0.0045458606010303,0.0254892458259243,0.0594957263090922,0.154280073644398
2014,29,4.0,370.0,302.0,282.0,136.0,0.000284124780071,0.005804223070629,0.0378869904625702,0.0764979026459854,0.152175526895927
2014,29,4.0,169.0,216.0,410.0,383.0,0.0002998712224075,0.0026023294659695,0.0191286680523824,0.0561181774765527,0.153431132198262
2014,29,8.0,539.0,518.0,692.0,519.0,0.0002917857134452,0.0041884083144536,0.0268908947817287,0.0629526645350028,0.15310011132207
2014,30,9.0,402.0,284.0,280.0,152.0,0.0006392807551599,0.0063062099307915,0.0356288254681124,0.0759553643293472,0.170078530060154
2014,30,2.0,190.0,168.0,377.0,386.0,0.0001499356112037,0.0029256958493148,0.0148778529296308,0.0516013485577082,0.154632942633235
2014,30,11.0,592.0,452.0,657.0,538.0,0.0004012053559871,0.004600255514205,0.0234646417786513,0.059768642484822,0.158704932353129
2014,31,5.0,363.0,286.0,301.0,142.0,0.0003551559750888,0.0056944134449685,0.0358797326897188,0.0816520166540483,0.158889153082512
2014,31,5.0,207.0,184.0,367.0,343.0,0.0003748390280093,0.0031874686358325,0.0162947913038813,0.0502326125216947,0.137406993065284
2014,31,10.0,570.0,470.0,668.0,485.0,0.0003647321418065,0.0044293000727988,0.0243990744158542,0.0607693351291645,0.143070431582282
2014,32,4.00389863547758,360.350877192982,288.280701754386,226.220272904483,148.144249512671,0.000284401704808,0.005652856418716,0.0361658549599717,0.0613665830255157,0.165764185486708
2014,32,8.0,176.0,192.0,355.0,373.0,0.000599742444815,0.0027101182604179,0.0170032604910066,0.0485901292784786,0.149425097415018
2014,32,12.0038986354776,536.350877192982,480.280701754386,581.220272904483,521.144249512671,0.0004378207659345,0.0041678227708712,0.0249327757076679,0.0528748047125703,0.153732644730726
2014,33,6.0,390.0,286.0,289.0,141.0,0.0004261871701066,0.0061179648582306,0.0358797326897188,0.0783967867542191,0.157770215384748
2014,33,5.0,186.0,191.0,332.0,345.0,0.0003748390280093,0.0028641022524871,0.016914701842616,0.0454420363956476,0.138208200021933
2014,33,11.0,576.0,477.0,621.0,486.0,0.0004012053559871,0.0044759242840914,0.0247624648858775,0.0564936483760646,0.143365422162864
2014,34,10.0,345.0,317.0,257.0,126.0,0.0007103119501777,0.0054120458361271,0.0397687946246184,0.069716173688008,0.140986149918285
2014,34,6.0,199.0,190.0,359.0,319.0,0.0004498068336112,0.0030642814421771,0.0168261431942253,0.0491376236928839,0.127792509585498
2014,34,16.0,544.0,507.0,616.0,445.0,0.0005835714268904,0.0042272618238641,0.0263198526145491,0.0560387880831817,0.131270808359001
2014,35,5.0,342.0,288.0,255.0,166.0,0.0003551559750888,0.0053649845679868,0.0361306399113252,0.0691736353713698,0.185743657828852
2014,35,2.0,185.0,197.0,371.0,383.0,0.0001499356112037,0.0028487038532802,0.0174460537329599,0.0507801069361001,0.153431132198262
2014,35,7.0,527.0,485.0,626.0,549.0,0.0002553124992645,0.0040951598918683,0.02517776828019,0.0569485086689476,0.161949828739531
2014,36,4.0,400.0,272.0,311.0,172.0,0.000284124780071,0.0062748357520314,0.0341233821384738,0.0843647082372392,0.192457284015437
2014,36,5.0,183.0,215.0,421.0,409.0,0.0003748390280093,0.0028179070548664,0.0190401094039918,0.0576237871161675,0.163846822634698
2014,36,9.0,583.0,487.0,732.0,581.0,0.0003282589276258,0.0045303191972661,0.0252815941287681,0.0665915468780665,0.171389527318156
2014,37,5.0,368.0,292.0,299.0,145.0,0.0003551559750888,0.0057728488918689,0.0366324543545381,0.0811094783374101,0.162245966175804
2014,37,3.0,166.0,203.0,375.0,348.0,0.0002249034168056,0.0025561342683487,0.0179774056233039,0.0513276013505055,0.139410010456906
2014,37,8.0,534.0,495.0,674.0,493.0,0.0002917857134452,0.0041495548050431,0.0256968975230805,0.0613151674806241,0.145430356226938
2014,38,4.0,361.0,291.0,293.0,147.0,0.000284124780071,0.0056630392662083,0.0365070007437348,0.0794818633874955,0.164483841571333
2014,38,3.0,206.0,203.0,362.0,352.0,0.0002249034168056,0.0031720702366255,0.0179774056233039,0.049548244503688,0.141012424370204
2014,38,7.0,567.0,494.0,655.0,499.0,0.0002553124992645,0.0044059879671525,0.0256449845987914,0.0595866983676688,0.14720029971043
2014,39,8.0,417.0,288.0,311.0,179.0,0.0005682495601421,0.0065415162714927,0.0361306399113252,0.0843647082372392,0.200289847899786
2014,39,5.0,213.0,229.0,383.0,418.0,0.0003748390280093,0.003279859031074,0.020279930481461,0.0524225901793163,0.167452253939618
2014,39,13.0,630.0,517.0,694.0,597.0,0.0004741517843484,0.004895542185725,0.0268389818574396,0.063134608652156,0.176109376607468
2014,40,6.0,400.0,301.0,330.0,173.0,0.0004261871701066,0.0062748357520314,0.037761536851767,0.0895188222453021,0.193576221713201
2014,40,0.0,189.0,230.0,421.0,415.0,0.0,0.0029102974501079,0.0203684891298517,0.0576237871161675,0.166250443504644
2014,40,6.0,589.0,531.0,751.0,588.0,0.0002188392850839,0.0045769434085587,0.0275657627974863,0.0683200159910218,0.17345446138223
2014,41,9.0,422.0,290.0,339.0,177.0,0.0006392807551599,0.0066199517183931,0.0363815471329316,0.091960244670174,0.198051972504258
2014,41,7.0,193.0,216.0,427.0,419.0,0.0005247746392131,0.0029718910469356,0.0191286680523824,0.0584450287377756,0.167852857417942
2014,41,16.0,615.0,506.0,766.0,596.0,0.0005835714268904,0.0047789816574934,0.02626793969026,0.0696845968696707,0.175814386026886
2014,42,14.0,393.0,280.0,339.0,175.0,0.0009944367302488,0.0061650261263708,0.0351270110248995,0.091960244670174,0.195814097108729
2014,42,7.0,211.0,204.0,379.0,440.0,0.0005247746392131,0.0032490622326601,0.0180659642716945,0.0518750957649109,0.176265530462755
2014,42,21.0,604.0,484.0,718.0,615.0,0.0007659374977936,0.0046935039367903,0.0251258553559009,0.0653179380579942,0.181419207057945
2014,43,7.0,382.0,319.0,294.0,203.0,0.0004972183651244,0.00599246814319,0.0400197018462248,0.0797531325458146,0.227144352646126
2014,43,7.0,195.0,230.0,386.0,443.0,0.0005247746392131,0.0030026878453494,0.0203684891298517,0.0528332109901204,0.177467340897729
2014,43,14.0,577.0,549.0,680.0,646.0,0.0005106249985291,0.0044836949859735,0.0285001954346893,0.0618609998320836,0.190563915055987
2014,44,4.0,414.0,319.0,315.0,194.0,0.000284124780071,0.0064944550033525,0.0400197018462248,0.0854497848705156,0.217073913366249
2014,44,7.0,212.0,225.0,398.0,411.0,0.0005247746392131,0.0032644606318671,0.0199256958878984,0.0544756942333365,0.164648029591346
2014,44,11.0,626.0,544.0,713.0,605.0,0.0004012053559871,0.0048644593781966,0.028240630813244,0.0648630777651112,0.178469301252124
2014,45,4.00316205533597,418.330434782609,309.244268774704,354.279841897233,180.142292490119,0.0002843493846403,0.0065623869208419,0.0387958101379857,0.0961051945208853,0.201568002028853
2014,45,3.0,199.0,237.0,411.0,449.0,0.0002249034168056,0.0030642814421771,0.0209883996685863,0.0562550510801541,0.179870961767675
2014,45,7.00316205533597,617.330434782609,546.244268774704,765.279841897233,629.142292490119,0.000255427829586,0.0047970907714448,0.0283571373682295,0.0696190826045614,0.185591050130366
2014,46,6.0,404.0,297.0,302.0,209.0,0.0004261871701066,0.0063375841095517,0.0372597224085541,0.0819232858123674,0.233857978832711
2014,46,5.0,203.0,193.0,382.0,420.0,0.0003748390280093,0.0031258750390048,0.0170918191393973,0.052285716575715,0.168253460896266
2014,46,11.0,607.0,490.0,684.0,629.0,0.0004012053559871,0.0047168160424366,0.0254373329016352,0.06222488806639,0.185549075186093
2014,47,8.0,395.0,303.0,293.0,198.0,0.0005682495601421,0.006196400305131,0.0380124440733734,0.0794818633874955,0.221549664157305
2014,47,3.0,212.0,199.0,404.0,431.0,0.0002249034168056,0.0032644606318671,0.0176231710297412,0.0552969358549446,0.172660099157835
2014,47,11.0,607.0,502.0,697.0,629.0,0.0004012053559871,0.0047168160424366,0.0260602879931038,0.0634075248278857,0.185549075186093
2014,48,8.0,383.0,305.0,296.0,166.0,0.0005682495601421,0.0060081552325701,0.0382633512949798,0.0802956708624528,0.185743657828852
2014,48,1.0,217.0,229.0,402.0,405.0,7.49678056018781e-05,0.0033414526279017,0.020279930481461,0.0550231886477419,0.1622444087214
2014,48,9.0,600.0,534.0,698.0,571.0,0.0003282589276258,0.0046624211292619,0.0277215015703535,0.0634984968864623,0.168439621512336
2014,49,10.0,408.0,318.0,337.0,185.0,0.0007103119501777,0.006400332467072,0.0398942482354216,0.0914177063535358,0.207003474086371
2014,49,3.0,216.0,219.0,452.0,456.0,0.0002249034168056,0.0033260542286947,0.0193943439975544,0.0618668688278093,0.182675186115946
2014,49,13.0,624.0,537.0,789.0,641.0,0.0004741517843484,0.0048489179744324,0.0278772403432206,0.0717769542169324,0.189088962153077
2014,50,2.0015625,437.34140625,314.2453125,310.2421875,217.16953125,0.0001421733762777,0.006860613729453,0.0394232091311089,0.0841591370782006,0.242999175321399
2014,50,8.0,204.0,195.0,458.0,444.0,0.000599742444815,0.0031412734382117,0.0172689364361786,0.0626881104494174,0.177867944376053
2014,50,10.0015625,641.34140625,509.2453125,768.2421875,661.16953125,0.0003647891312036,0.0049836728726175,0.0264364133523669,0.0698885732822604,0.195038783886582
2014,51,5.0,438.0,350.0,353.0,208.0,0.0003551559750888,0.0068709451484744,0.0439087637811244,0.0957580128866413,0.232739041134947
2014,51,6.0,203.0,216.0,433.0,452.0,0.0004498068336112,0.0031258750390048,0.0191286680523824,0.0592662703593837,0.181072772202649
2014,51,11.0,641.0,566.0,786.0,660.0,0.0004012053559871,0.0049810199064281,0.0293827151476031,0.0715040380412026,0.194693783184136
2014,52,4.0,446.0,333.0,350.0,196.0,0.000284124780071,0.006996441863515,0.0417760523974698,0.094944205411684,0.219311788761777
2014,52,5.0,195.0,244.0,463.0,479.0,0.0003748390280093,0.0030026878453494,0.0216083102073209,0.0633724784674242,0.191889066117409
2014,52,9.0,641.0,577.0,813.0,675.0,0.0003282589276258,0.0049810199064281,0.0299537573147827,0.0739602836227706,0.199118641892866
1,1,4.0,449.0,326.0,397.0,187.0,0.0002841223651422,0.0070931726686137,0.0397508874163228,0.106898132226475,0.199446946989036
1,1,9.0,198.0,233.0,493.0,504.0,0.0006745158944678,0.0030797794613245,0.0202269237199714,0.0672893135920432,0.195334364761585
1,1,13.0,647.0,559.0,890.0,691.0,0.0004740832553902,0.0050709055381331,0.0283463174409441,0.0806131085594768,0.196430488688355
1,2,9.00644699140401,471.337392550143,362.259312320917,363.260028653295,191.136819484241,0.0006397332551815,0.0074460523619873,0.0441721752747953,0.0978131450266328,0.203859118199606
1,2,5.0,245.0,262.0,537.0,559.0,0.0003747310524821,0.003810838222346,0.0227444378310408,0.0732948507077631,0.216650614884377
1,2,14.006446991404,716.337392550143,624.259312320917,900.260028653295,750.136819484241,0.0005107863066258,0.0056143419645353,0.0316555503265012,0.0815424263163885,0.213241305404367
1,3,8.00589535740604,415.305821665438,349.257184966839,363.267501842299,222.163596168018,0.0005686634810069,0.0065608817446624,0.0425867577882166,0.0978151572935,0.236951074801157
1,3,6.0,232.0,256.0,510.0,538.0,0.0004496772629785,0.0036086304799358,0.0222235728425437,0.0696096347503896,0.208511683019311
1,3,14.005895357406,647.305821665438,605.257184966839,873.267501842299,760.163596168018,0.0005107661896687,0.005073302435779,0.0306919719114173,0.0790975369971645,0.216091616032389
1,4,6.0,438.0,367.0,404.0,234.0,0.0004261835477134,0.0069193978370886,0.0447502321527315,0.108782985943315,0.249575324039757
1,4,5.0,251.0,264.0,505.0,531.0,0.0003747310524821,0.0039041648726892,0.0229180594938732,0.0689271873508759,0.205798705730956
1,4,11.0,689.0,631.0,909.0,765.0,0.0004011473699455,0.0054000833319531,0.0319973636945183,0.0823340625624319,0.217466459980595
1,5,8.0,408.0,362.0,380.0,235.0,0.0005682447302845,0.0064454664783839,0.0441405559653646,0.102320630342722,0.250641885253602
1,5,6.0,245.0,263.0,546.0,614.0,0.0004496772629785,0.003810838222346,0.022831248662457,0.0745232560268877,0.237966865007169
1,5,14.0,653.0,625.0,926.0,849.0,0.0005105511981125,0.0051179309372502,0.0316931098400538,0.0838738635124444,0.241345130096112
1,6,3.0,435.0,420.0,436.0,254.0,0.0002130917738567,0.0068720047012182,0.0512127997388208,0.117399460077439,0.270906548316659
1,6,6.0,263.0,320.0,569.0,644.0,0.0004496772629785,0.0040908181733755,0.0277794660531797,0.0776625140646503,0.249593910528692
1,6,9.0,698.0,740.0,1005.0,898.0,0.0003282114845009,0.0054706214306289,0.0375246420506237,0.0910294091036789,0.255274354330163
1,7,6.00402684563758,409.274496644295,396.265771812081,418.280536912752,261.175167785235,0.00042646957694,0.0064656006092604,0.0483187609884793,0.112628232097382,0.278559303979221
1,7,8.0,249.0,284.0,617.0,631.0,0.0005995696839714,0.0038730559892414,0.0246542761221969,0.0842140090999811,0.244555524136032
1,7,14.0040268456376,658.274496644295,680.265771812081,1035.28053691275,892.175167785235,0.0005106980488886,0.0051592701555569,0.0344955805223508,0.0937721149569226,0.253618529961894
1,8,9.0,454.0,383.0,425.0,287.0,0.0006392753215701,0.0071721612283978,0.0467011959523056,0.114437547093834,0.306103068373548
1,8,8.0,217.0,313.0,576.0,677.0,0.0005995696839714,0.0033753138540779,0.0271717902332664,0.0786179404239694,0.262383660602368
1,8,17.0,671.0,696.0,1001.0,964.0,0.0006199550262795,0.0052590071346017,0.0352934471178839,0.0906671029977936,0.274036166563783
1,9,3.0020618556701,439.301718213058,359.246735395189,399.274226804124,255.175257731959,0.000213238228684,0.0069399620064675,0.0438048359919499,0.107510501490002,0.272160032629838
1,9,6.0,212.0,259.0,558.0,629.0,0.0004496772629785,0.0032975416454586,0.0224840053367923,0.0761611297857203,0.243780387767931
1,9,9.0020618556701,651.301718213058,618.246735395189,957.274226804124,884.175257731959,0.0003282866761354,0.0051046205407761,0.0313506587090151,0.0867065743444383,0.251344396472418
1,10,6.0,414.0,349.0,378.0,227.0,0.0004261835477134,0.0065402527501249,0.0425553978782106,0.101782100709339,0.242109395542841
1,10,1.0,219.0,252.0,546.0,570.0,7.49462104964323e-05,0.0034064227375256,0.021876329516879,0.0745232560268877,0.220913864908936
1,10,7.0,633.0,601.0,924.0,797.0,0.0002552755990562,0.0049611796068597,0.0304760944221957,0.0836927104595018,0.226563096215078
1,11,5.0,424.0,331.0,350.0,197.0,0.0003551529564278,0.0066982298696931,0.0403605636036897,0.0942426858419809,0.210112559127487
1,11,4.0,207.0,265.0,472.0,522.0,0.0002997848419857,0.0032197694368393,0.0230048703252894,0.064423034514086,0.202310592074499
1,11,9.0,631.0,596.0,822.0,719.0,0.0003282114845009,0.0049455044738206,0.0302225495434753,0.0744539047594269,0.204390045393527
1,12,4.0,423.0,363.0,354.0,195.0,0.0002841223651422,0.0066824321577363,0.0442624912028379,0.0953197451087464,0.207979436699797
1,12,6.0,206.0,232.0,486.0,495.0,0.0004496772629785,0.0032042149951154,0.0201401128885553,0.0663338872327242,0.191846251105128
1,12,10.0,629.0,595.0,840.0,690.0,0.0003646794272232,0.0049298293407816,0.0301718405677312,0.0760842822359107,0.196146218806027
1,13,7.0,408.0,330.0,363.0,188.0,0.0004972141389989,0.0064454664783839,0.0402386283662163,0.0977431284589688,0.200513508202881
1,13,3.0,218.0,243.0,468.0,462.0,0.0002248386314892,0.0033908682958017,0.0210950320341333,0.0638770765944751,0.179056501031453
1,13,10.0,626.0,573.0,831.0,650.0,0.0003646794272232,0.004906316641223,0.0290562431013613,0.0752690934976688,0.184775423512924
1,14,3.0,406.0,323.0,344.0,178.0,0.0002130917738567,0.0064138710544703,0.0393850817039026,0.0926270969418327,0.18984789606443
1,14,5.0,201.0,237.0,465.0,477.0,0.0003747310524821,0.0031264427864961,0.0205741670456362,0.063467608154767,0.184870023792215
1,14,8.0,607.0,560.0,809.0,655.0,0.0002917435417786,0.004757402877352,0.0283970264166882,0.0732764099152997,0.186196772924562
1,15,4.0,418.0,323.0,348.0,168.0,0.0002841223651422,0.0066034435979522,0.0393850817039026,0.0937041562085981,0.179182283925979
1,15,4.0,213.0,211.0,452.0,471.0,0.0002997848419857,0.0033130960871824,0.0183170854288153,0.0616932449160315,0.18254461468791
1,15,8.0,631.0,534.0,800.0,639.0,0.0002917435417786,0.0049455044738206,0.027078593047342,0.0724612211770578,0.181648454807321
1,16,7.0,374.0,321.0,353.0,196.0,0.0004972141389989,0.0059083442718519,0.0391412112289559,0.095050480292055,0.209045997913642
1,16,5.0,214.0,230.0,456.0,456.0,0.0003747310524821,0.0033286505289063,0.0199664912257229,0.0622392028356424,0.176731091927149
1,16,12.0,588.0,551.0,809.0,652.0,0.0004376153126679,0.004608489113481,0.0279406456349914,0.0732764099152997,0.185343963277579
1,17,5.00404203718674,384.310428455942,329.265966046888,332.2683912692,187.151172190784,0.0003554400647192,0.0060712254507503,0.04014912376183,0.0894681874674388,0.199608181384339
1,17,0.0,210.0,242.0,422.0,486.0,0.0,0.0032664327620108,0.0210082212027171,0.0575985605189498,0.188358137448672
1,17,5.00404203718674,594.310428455942,571.265966046888,754.2683912692,673.151172190784,0.0001824871183922,0.0046579475162712,0.0289683120156936,0.0683190109082764,0.191356604507344
1,18,7.0,352.0,314.0,309.0,170.0,0.0004972141389989,0.0055607946088018,0.0382876645666422,0.0832028283576346,0.181315406353669
1,18,8.0,199.0,247.0,430.0,431.0,0.0005995696839714,0.0030953339030484,0.021442275359798,0.0586904763581716,0.167041887325879
1,18,15.0,551.0,561.0,739.0,601.0,0.0005470191408348,0.0043184991522586,0.0284477353924323,0.0669360530623072,0.170846199278873
1,19,11.0,368.0,294.0,308.0,183.0,0.0007813365041412,0.005813558000111,0.0358489598171745,0.0829335635409432,0.195180702133656
1,19,6.0,194.0,217.0,405.0,434.0,0.0004496772629785,0.0030175616944291,0.0188379504173125,0.0552782393606035,0.168204591878032
1,19,17.0,562.0,511.0,713.0,617.0,0.0006199550262795,0.0044047123839734,0.025912286605228,0.0645810633740528,0.175394517396114
1,20,7.0,375.0,295.0,306.0,157.0,0.0004972141389989,0.0059241419838088,0.0359708950546479,0.0823950339075604,0.167450110573683
1,20,8.0,205.0,194.0,387.0,359.0,0.0005995696839714,0.0031886605533915,0.0168413012947402,0.0528214287223544,0.139136978074224
1,20,15.0,580.0,489.0,693.0,516.0,0.0005470191408348,0.0045457885813248,0.0247966891388581,0.0627695328446263,0.146683259281029
1,21,4.00363306085377,394.357856494096,264.239782016349,264.239782016349,175.158946412352,0.0002843804236028,0.006229951824804,0.0322201405700784,0.0711504764672008,0.18681773850139
1,21,1.0,188.0,209.0,408.0,366.0,7.49462104964323e-05,0.0029242350440859,0.018143463765983,0.0556877078003116,0.14184995536258
1,21,5.00363306085377,582.357856494096,473.239782016349,672.239782016349,541.158946412352,0.0001824722038667,0.0045642684384408,0.0239975046274036,0.0608891444108797,0.153835190017154
1,22,6.0,393.0,279.0,267.0,155.0,0.0004261835477134,0.0062085007990316,0.0340199312550738,0.0718937060565969,0.165316988145993
1,22,2.0,177.0,197.0,341.0,360.0,0.0001498924209928,0.0027531361851234,0.0171017337889887,0.0465429126468291,0.139524546258275
1,22,8.0,570.0,476.0,608.0,515.0,0.0002917435417786,0.0044674129161296,0.024137472454185,0.0550705280945639,0.146398989398701
1,23,9.0,375.0,355.0,303.0,176.0,0.0006392753215701,0.0059241419838088,0.0432870093030509,0.0815872394574863,0.18771477363674
1,23,5.0,197.0,222.0,404.0,388.0,0.0003747310524821,0.0030642250196006,0.0192720045743934,0.0551417498807008,0.150376455411697
1,23,14.0,572.0,577.0,707.0,564.0,0.0005105511981125,0.0044830880491686,0.0292590790043377,0.0640376042152248,0.160328213632753
1,24,6.0,391.0,275.0,267.0,167.0,0.0004261835477134,0.0061769053751179,0.0335321903051803,0.0718937060565969,0.178115722712134
1,24,5.0,202.0,234.0,361.0,390.0,0.0003747310524821,0.0031419972282199,0.0203137345513876,0.0492727022448836,0.151151591779798
1,24,11.0,593.0,509.0,628.0,557.0,0.0004011473699455,0.0046476769460787,0.0258108686537398,0.0568820586239904,0.15833832445646
1,25,7.0,336.0,231.0,278.0,152.0,0.0004972141389989,0.0053080312174926,0.0281670398563514,0.074855619040202,0.162117304504457
1,25,8.0,171.0,187.0,321.0,376.0,0.0005995696839714,0.0026598095347802,0.0162336254748269,0.0438131230487746,0.145725637203087
1,25,15.0,507.0,418.0,599.0,528.0,0.0005470191408348,0.0039736462253995,0.021196351861028,0.054255339356322,0.15009449786896
1,26,9.0,355.0,295.0,238.0,141.0,0.0006392753215701,0.0056081877446723,0.0359708950546479,0.064085026372547,0.150385131152161
1,26,7.0,189.0,210.0,348.0,349.0,0.000524623473475,0.0029397894858098,0.0182302745973992,0.0474983390061482,0.135261296233717
1,26,16.0,544.0,505.0,586.0,490.0,0.0005834870835572,0.0042636361866219,0.0256080327507635,0.0530778445121948,0.139292242340512
1,27,5.0,371.0,317.0,332.0,162.0,0.0003551529564278,0.0058609511359815,0.0386534702790623,0.0893959191415362,0.172782916642908
1,27,5.0,191.0,219.0,383.0,398.0,0.0003747310524821,0.0029708983692575,0.0190115720801448,0.0522754708027435,0.154252137252204
1,27,10.0,562.0,536.0,715.0,560.0,0.0003646794272232,0.0044047123839734,0.0271800109988301,0.0647622164269954,0.159191134103442
1,28,5.0,417.0,310.0,306.0,160.0,0.0003551529564278,0.0065876458859953,0.0377999236167487,0.0823950339075604,0.170649794215218
1,28,3.0,208.0,206.0,430.0,446.0,0.0002248386314892,0.0032353238785631,0.0178830312717344,0.0586904763581716,0.172855410086641
1,28,8.0,625.0,516.0,736.0,606.0,0.0002917435417786,0.0048984790747035,0.0261658314839484,0.0666643234828932,0.172267548690511
1,29,8.0,425.0,275.0,268.0,182.0,0.0005682447302845,0.0067140275816499,0.0335321903051803,0.0721629708732882,0.194114140919811
1,29,6.0,204.0,193.0,394.0,403.0,0.0004496772629785,0.0031731061116677,0.016754490463324,0.0537768550816735,0.156189978172458
1,29,14.0,629.0,468.0,662.0,585.0,0.0005105511981125,0.0049298293407816,0.0237318006482323,0.0599616605240153,0.166297881161632
1,30,14.0108108108108,418.32277992278,333.257142857143,337.260231660232,193.149034749035,0.0009951961762821,0.0066085427821977,0.0406357888539868,0.0908123144552826,0.206005268954943
1,30,9.0,193.0,226.0,444.0,457.0,0.0006745158944678,0.0030020072527052,0.0196192479000581,0.0606013290768097,0.177118660111199
1,30,23.0108108108108,611.32277992278,559.257142857143,781.260231660232,650.149034749035,0.0008391569306429,0.0047912829525461,0.0283593568918498,0.0707638380539644,0.184817789603495
1,31,6.0,351.0,265.0,249.0,161.0,0.0004261835477134,0.005544996896845,0.0323128379304464,0.0670469393561521,0.171716355429063
1,31,8.0,143.0,177.0,325.0,335.0,0.0005995696839714,0.0022242851665121,0.015365517160665,0.0443590809683855,0.129835341657006
1,31,14.0,494.0,442.0,574.0,496.0,0.0005105511981125,0.0038717578606456,0.0224133672788861,0.051990926194539,0.140997861634478
1,32,10.0086655112652,384.332755632582,302.261698440208,287.24870017331,171.148180242634,0.0007109214292446,0.0060715781690557,0.0368563519784148,0.0773459685970018,0.182540010866966
1,32,5.0,194.0,238.0,392.0,394.0,0.0003747310524821,0.0030175616944291,0.0206609778770524,0.0535038761218681,0.152701864516001
1,32,15.0086655112652,578.332755632582,540.261698440208,679.24870017331,565.148180242634,0.0005473351542033,0.0045327214426909,0.0273961173616633,0.0615239878718591,0.160654606695217
1,33,3.00233463035019,404.31439688716,357.277821011673,320.249027237354,201.156420233463,0.0002132576040309,0.0063872423820201,0.0435647559490311,0.086231795614657,0.21454563573694
1,33,4.0,234.0,261.0,459.0,503.0,0.0002997848419857,0.0036397393633835,0.0226576269996247,0.0626486712753506,0.194946796577535
1,33,7.00233463035019,638.31439688716,618.277821011673,779.249027237354,704.156420233463,0.0002553607382221,0.005002831545974,0.0313522350287873,0.0705816701433163,0.200170462719973
1,34,5.0,351.0,227.0,250.0,146.0,0.0003551529564278,0.005544996896845,0.0276792989064579,0.0673162041728435,0.155717937221387
1,34,4.0,159.0,159.0,338.0,363.0,0.0002997848419857,0.0024731562340939,0.0138029221951736,0.0461334442071209,0.140687250810427
1,34,9.0,510.0,386.0,588.0,509.0,0.0003282114845009,0.003997158924958,0.0195736646372172,0.0532589975651375,0.144693370104736
1,35,6.01086956521739,355.643115942029,283.51268115942,282.510869565217,178.322463768116,0.0004269556193578,0.0056183475050793,0.0345701861038894,0.0760702375067989,0.190191823412373
1,35,3.0,199.0,181.0,374.0,419.0,0.0002248386314892,0.0030953339030484,0.0157127604863297,0.051047065483619,0.16239106911727
1,35,9.01086956521739,554.643115942029,464.51268115942,656.510869565217,597.322463768116,0.0003286078751826,0.0043470523157926,0.0235549622817334,0.0594644741558847,0.16980078648698
1,36,3.00555555555556,338.625925925926,290.537037037037,274.507407407407,175.324074074074,0.0002134863882527,0.0053495148388904,0.0354267026059241,0.0739151867359799,0.186993857260715
1,36,3.0,175.0,192.0,374.0,394.0,0.0002248386314892,0.0027220273016757,0.0166676796319078,0.051047065483619,0.152701864516001
1,36,6.00555555555556,513.625925925926,482.537037037037,648.507407407407,569.324074074074,0.0002190102560157,0.0040255773605974,0.0244689589067343,0.0587395483538856,0.161841687543293
1,37,10.0,387.0,276.0,273.0,173.0,0.0007103059128556,0.0061137145272906,0.0336541255426536,0.0735092949567451,0.184515089995205
1,37,4.0,189.0,191.0,336.0,353.0,0.0002997848419857,0.0029397894858098,0.0165808688004916,0.0458604652473155,0.13681156896992
1,37,14.0,576.0,467.0,609.0,526.0,0.0005105511981125,0.0045144383152467,0.0236810916724882,0.0551611046210353,0.149525958104305
1,38,4.0,381.0,318.0,296.0,181.0,0.0002841223651422,0.0060189282555497,0.0387754055165357,0.0797023857406467,0.193047579705966
1,38,3.0,203.0,204.0,394.0,395.0,0.0002248386314892,0.0031575516699438,0.017709409608902,0.0537768550816735,0.153089432700052
1,38,7.0,584.0,522.0,690.0,576.0,0.0002552755990562,0.0045771388474029,0.0264700853384129,0.0624978032652124,0.163739452220684
1,39,6.0,363.0,272.0,276.0,155.0,0.0004261835477134,0.0057345694403269,0.0331663845927601,0.0743170894068192,0.165316988145993
1,39,6.0,177.0,211.0,345.0,336.0,0.0004496772629785,0.0027531361851234,0.0183170854288153,0.04708887056644,0.130222909841057
1,39,12.0,540.0,483.0,621.0,491.0,0.0004376153126679,0.0042322859205438,0.0244924352843936,0.0562480229386911,0.13957651222284
1,40,2.00186393289842,339.315936626281,270.251630941286,286.266542404473,176.164026095061,0.000142193578827,0.0053604154291817,0.0329531967963947,0.077081508065414,0.18788971750779
1,40,7.0,217.0,217.0,315.0,362.0,0.000524623473475,0.0033753138540779,0.0188379504173125,0.0429941861693583,0.140299682626377
1,40,9.00186393289842,556.315936626281,487.251630941286,601.266542404473,538.164026095061,0.0003282794582991,0.0043601631591806,0.0247080311346681,0.0544606348944192,0.152983824370977
1,41,7.0,349.0,307.0,307.0,173.0,0.0004972141389989,0.0055134014729313,0.0374341179043285,0.0826642987242518,0.184515089995205
1,41,6.0,190.0,195.0,413.0,385.0,0.0004496772629785,0.0029553439275336,0.0169281121261564,0.0563701551998253,0.149213750859544
1,41,13.0,539.0,502.0,720.0,558.0,0.0004740832553902,0.0042244483540243,0.0254559058235312,0.065215099059352,0.158622594338787
1,42,8.01310401310401,395.647010647011,318.520884520885,299.489762489762,201.329238329238,0.0005691755160835,0.0062503175107797,0.038838919694286,0.080642055997749,0.214729956814945
1,42,2.0,185.0,208.0,375.0,470.0,0.0001498924209928,0.0028775717189143,0.0180566529345668,0.0511835549635217,0.182157046503859
1,42,10.013104013104,580.647010647011,526.520884520885,674.489762489762,671.329238329238,0.0003651573036225,0.0045508595703096,0.0266993347619243,0.0610929398267898,0.190838683582914
1,43,6.00504625735913,388.326324642557,312.262405382675,304.255677039529,179.150546677881,0.0004265419863574,0.006134667421955,0.0380757905543461,0.0819253491053587,0.191075024525776
1,43,7.0,194.0,228.0,400.0,418.0,0.000524623473475,0.0030175616944291,0.0197928695628905,0.0545957919610899,0.16200350093322
1,43,13.0050462573591,582.326324642557,540.262405382675,704.255677039529,597.150546677881,0.0004742672820145,0.0045640213054569,0.0273961532099917,0.0637890329739499,0.169751915635969
1,44,9.01621621621622,378.681081081081,292.526126126126,286.515315315315,145.261261261261,0.0006404271689963,0.0059822946424174,0.0356692426563579,0.0771484938576496,0.154930027135483
1,44,7.0,204.0,224.0,419.0,452.0,0.000524623473475,0.0031731061116677,0.0194456262372258,0.0571890920792416,0.175180819190946
1,44,16.0162162162162,582.681081081081,516.526126126126,705.515315315315,597.261261261261,0.0005840784556013,0.004566801732642,0.0261925108009165,0.0639031266335809,0.169783388457558
1,45,8.0,409.0,306.0,318.0,173.0,0.0005682447302845,0.0064612641903407,0.0373121826668551,0.0856262117078569,0.184515089995205
1,45,8.0,193.0,213.0,409.0,388.0,0.0005995696839714,0.0030020072527052,0.0184907070916477,0.0558241972802144,0.150376455411697
1,45,16.0,602.0,519.0,727.0,561.0,0.0005834870835572,0.0047182150447544,0.0263179584111807,0.0658491347446513,0.15947540398577
1,46,6.0,400.0,272.0,283.0,168.0,0.0004261835477134,0.0063190847827293,0.0331663845927601,0.0762019431236588,0.179182283925979
1,46,4.0,169.0,198.0,413.0,402.0,0.0002997848419857,0.0026287006513325,0.0171885446204049,0.0563701551998253,0.155802409988407
1,46,10.0,569.0,470.0,696.0,570.0,0.0003646794272232,0.0044595753496101,0.0238332185997205,0.0630412624240403,0.162033832926718
1,47,4.0,365.0,277.0,331.0,198.0,0.0002841223651422,0.0057661648642405,0.033776060780127,0.0891266543248448,0.211179120341332
1,47,5.0,176.0,248.0,380.0,456.0,0.0003747310524821,0.0027375817433996,0.0215290861912142,0.0518660023630354,0.176731091927149
1,47,9.0,541.0,525.0,711.0,654.0,0.0003282114845009,0.0042401234870633,0.0266222122656452,0.0643999103211101,0.185912503042235
1,48,3.0,392.0,302.0,329.0,168.0,0.0002130917738567,0.0061927030870748,0.0368244417169616,0.088588124691462,0.179182283925979
1,48,3.0,195.0,204.0,403.0,390.0,0.0002248386314892,0.0030331161361529,0.017709409608902,0.055005260400798,0.151151591779798
1,48,6.0,587.0,506.0,732.0,558.0,0.0002188076563339,0.0046006515469615,0.0256587417265076,0.0663020173770079,0.158622594338787
1,49,8.00704225352113,390.343309859155,292.257042253521,293.257922535211,153.134683098592,0.0005687449457161,0.006166531173428,0.0356364318504516,0.0789640407547368,0.163327513487421
1,49,1.0,205.0,219.0,383.0,440.0,7.49462104964323e-05,0.0031886605533915,0.0190115720801448,0.0522754708027435,0.170530000982336
1,49,9.00704225352113,595.343309859155,511.257042253521,676.257922535211,593.134683098592,0.0003284683009989,0.0046660427929757,0.025925320954627,0.0612530936219519,0.168610326568841
1,50,10.0,377.0,323.0,308.0,179.0,0.0007103059128556,0.0059557374077224,0.0393850817039026,0.0829335635409432,0.190914457278275
1,50,6.0,199.0,211.0,397.0,408.0,0.0004496772629785,0.0030953339030484,0.0183170854288153,0.0541863235213817,0.158127819092712
1,50,16.0,576.0,534.0,705.0,587.0,0.0005834870835572,0.0045144383152467,0.027078593047342,0.0638564511622822,0.166866420926287
1,51,3.0,433.0,294.0,280.0,175.0,0.0002130917738567,0.0068404092773045,0.0358489598171745,0.0753941486735847,0.186648212422895
1,51,1.0,203.0,212.0,388.0,417.0,7.49462104964323e-05,0.0031575516699438,0.0184038962602315,0.0529579182022572,0.161615932749169
1,51,4.0,636.0,506.0,668.0,592.0,0.0001458717708893,0.0049846923064183,0.0256587417265076,0.0605051196828433,0.168287770337925
1,52,7.0,406.0,335.0,338.0,158.0,0.0004972141389989,0.0064138710544703,0.0408483045535832,0.0910115080416844,0.168516671787528
1,52,3.0,212.0,206.0,417.0,432.0,0.0002248386314892,0.0032975416454586,0.0178830312717344,0.0569161131194362,0.16742945550993
1,52,10.0,618.0,541.0,755.0,590.0,0.0003646794272232,0.0048436161090668,0.0274335558775506,0.0683852774858483,0.16771923057327
1,53,3.0,429.0,313.0,322.0,174.0,0.0002130917738567,0.0067772184294772,0.0381657293291688,0.0867032709746224,0.18558165120905
1,53,3.0,206.0,219.0,431.0,419.0,0.0002248386314892,0.0032042149951154,0.0190115720801448,0.0588269658380743,0.16239106911727
1,53,6.0,635.0,532.0,753.0,593.0,0.0002188076563339,0.0049768547398987,0.0269771750958538,0.0682041244329057,0.168572040220252
2,1,7.0,443.0,363.0,369.0,242.0,0.0004985247560332,0.0070484765407162,0.0432364686963597,0.0978443752440575,0.248366582813121
2,1,3.0,217.0,252.0,434.0,493.0,0.0002253734389275,0.0034111229812749,0.0214673865255591,0.0588315544429103,0.185388807754569
2,1,10.0,660.0,615.0,803.0,735.0,0.000365595030977,0.0052187991500254,0.0305446982839023,0.0720289931359851,0.202276385559502
2,2,4.0,404.0,346.0,296.0,206.0,0.0002848712891618,0.006427956032617,0.0412116203001115,0.0784876289220624,0.211419487849185
2,2,1.0,211.0,247.0,453.0,472.0,7.51244796425035e-05,0.0033168062168157,0.0210414463167186,0.0614071294070008,0.177491921420196
2,2,5.0,615.0,593.0,749.0,678.0,0.0001827975154885,0.004862971935251,0.0294520424103318,0.0671852003223572,0.186589645454887
2,3,8.0,382.0,332.0,340.0,190.0,0.0005697425783236,0.00607791882292,0.0395440980914364,0.0901547088969635,0.194998556754103
2,3,4.0,212.0,242.0,399.0,453.0,0.00030049791857,0.0033325256775589,0.0206155061078782,0.0540870742459014,0.17034711949862
2,3,12.0,594.0,574.0,739.0,643.0,0.0004387140371724,0.0046969192350229,0.0285083850649755,0.0662882016531668,0.176957436618721
2,4,3.0,389.0,320.0,305.0,225.0,0.0002136534668713,0.0061892942987327,0.0381147933411436,0.0808740770987467,0.230919343524596
2,4,5.0,184.0,237.0,462.0,485.0,0.0003756223982125,0.0028923807767492,0.0201895658990377,0.0626271386005174,0.182380470103379
2,4,8.0,573.0,557.0,767.0,710.0,0.0002924760247816,0.0045308665347948,0.0276640600717619,0.0687997979268998,0.195396236390811
2,5,8.0,351.0,287.0,317.0,182.0,0.0005697425783236,0.0055846845728925,0.0341842052778381,0.0840560080009925,0.186788091206562
2,5,6.0,217.0,222.0,445.0,448.0,0.000450746877855,0.0034111229812749,0.0189117452725164,0.0603226767905416,0.168466908466626
2,5,14.0,568.0,509.0,762.0,630.0,0.0005118330433678,0.0044913301775976,0.0252800836203354,0.0683512985923046,0.173379759051002
2,6,5.00387897595035,416.322730799069,353.273855702095,324.251357641583,191.148176881303,0.0003563653636722,0.0066240203191967,0.0420780000091072,0.0859787845812414,0.196176940094906
2,6,8.0,210.0,243.0,425.0,464.0,0.00060099583714,0.0033010867560725,0.0207006941496463,0.0576115452493937,0.174483583769006
2,6,13.0038789759504,626.322730799069,596.273855702095,749.251357641583,655.148176881303,0.0004754153537034,0.0049525038411148,0.0296146423040644,0.0672077470693563,0.180300687381561
2,7,8.0,393.0,365.0,337.0,181.0,0.0005697425783236,0.0062529374277685,0.0434746861547419,0.0893592261714021,0.185761783013119
2,7,2.0,195.0,234.0,386.0,474.0,0.000150248959285,0.0030652948449244,0.0199340017737335,0.0523248387441552,0.178244005832993
2,7,10.0,588.0,599.0,723.0,655.0,0.000365595030977,0.0046494756063863,0.0297500394667601,0.0648530037824623,0.180259908219692
2,8,9.0,383.0,319.0,320.0,192.0,0.0006409604006141,0.006093829605179,0.0379956846119525,0.0848514907265539,0.197051173140988
2,8,3.0,218.0,193.0,398.0,456.0,0.0002253734389275,0.0034268424420181,0.0164412920612417,0.053951517668844,0.171475246117816
2,8,12.0,601.0,512.0,718.0,648.0,0.0004387140371724,0.0047522701350989,0.0254290821485496,0.0644045044478671,0.178333466452459
2,9,4.0,405.0,350.0,323.0,180.0,0.0002848712891618,0.0064438668148759,0.0416880552168758,0.0856469734521154,0.184735474819677
2,9,5.0,184.0,236.0,415.0,433.0,0.0003756223982125,0.0028923807767492,0.0201043778572696,0.0562559794788197,0.162826275370646
2,9,9.0,589.0,586.0,738.0,613.0,0.0003290355278793,0.0046573828778257,0.0291043791778321,0.0661985017862478,0.168701257616292
2,10,5.0,400.0,311.0,328.0,152.0,0.0003560891114523,0.0063643129035812,0.0370428147784239,0.0869727779947178,0.155998845403282
2,10,4.0,186.0,239.0,409.0,462.0,0.00030049791857,0.0029238196982356,0.0203599419825739,0.0554426400164753,0.173731499356208
2,10,9.0,586.0,550.0,737.0,614.0,0.0003290355278793,0.0046336610635074,0.0273163968392622,0.0661088019193288,0.16897646358304
2,11,4.00329489291598,383.315485996705,340.280065897858,300.247116968698,187.154036243822,0.00028510594426,0.0060988492341783,0.0405303262181487,0.0796137983160752,0.192077720832897
2,11,6.0,186.0,226.0,421.0,384.0,0.000450746877855,0.0029238196982356,0.0192524974395887,0.0570693189411641,0.144400207257108
2,11,10.003294892916,569.315485996705,566.280065897858,721.247116968698,571.154036243822,0.0003657154906247,0.0045017320824484,0.028124965458599,0.0646957704078298,0.157184998706287
2,12,8.0,392.0,305.0,357.0,181.0,0.0005697425783236,0.0062370266455096,0.0363281624032775,0.0946624443418117,0.185761783013119
2,12,3.0,188.0,203.0,409.0,435.0,0.0002253734389275,0.002955258619722,0.0172931724789226,0.0554426400164753,0.163578359783443
2,12,11.0,580.0,508.0,766.0,616.0,0.0004021545340747,0.0045862174348708,0.025230417444264,0.0687100980599808,0.169526875516535
2,13,4.0,395.0,335.0,328.0,185.0,0.0002848712891618,0.0062847589922864,0.0399014242790097,0.0869727779947178,0.18986701578689
2,13,2.0,205.0,217.0,400.0,466.0,0.000150248959285,0.0032224894523565,0.0184858050636759,0.0542226308229588,0.175235668181803
2,13,6.0,600.0,552.0,728.0,651.0,0.0002193570185862,0.0047443628636595,0.027415729191405,0.0653015031170574,0.179159084352702
2,14,3.0,389.0,308.0,309.0,175.0,0.0002136534668713,0.0061892942987327,0.0366854885908507,0.0819347207328286,0.179603933852463
2,14,6.0,190.0,242.0,388.0,446.0,0.000450746877855,0.0029866975412084,0.0206155061078782,0.05259595189827,0.167714824053829
2,14,9.0,579.0,550.0,697.0,621.0,0.0003290355278793,0.0045783101634314,0.0273163968392622,0.0625208072425674,0.170902905350273
2,15,13.0,373.0,283.0,290.0,163.0,0.000925831689776,0.0059347217825894,0.0337077703610738,0.0768966634709395,0.167288235531152
2,15,8.0,185.0,202.0,397.0,404.0,0.00060099583714,0.0029081002374924,0.0172079844371545,0.0538159610917866,0.151921051385083
2,15,21.0,558.0,485.0,687.0,567.0,0.0007677495650517,0.0044122574632033,0.0240880953946222,0.061623808573377,0.156041783145901
2,16,4.0,349.0,290.0,282.0,183.0,0.0002848712891618,0.0055528630083746,0.0345415314654113,0.0747753762027756,0.187814399400004
2,16,2.0,184.0,216.0,414.0,425.0,0.000150248959285,0.0028923807767492,0.0184006170219078,0.0561204229017623,0.159817937719456
2,16,6.0,533.0,506.0,696.0,608.0,0.0002193570185862,0.0042145756772175,0.0251310850921213,0.0624311073756483,0.167325227782554
2,17,7.0,376.0,346.0,312.0,176.0,0.0004985247560332,0.0059824541293663,0.0412116203001115,0.0827302034583901,0.180630242045906
2,17,13.0,192.0,170.0,389.0,383.0,0.0009766182353525,0.0030181364626948,0.0144819671005756,0.0527315084753274,0.14402416505071
2,17,20.0,568.0,516.0,701.0,559.0,0.000731190061954,0.0044913301775976,0.0256277468528351,0.0628796067102435,0.15384013541192
2,18,4.0,353.0,338.0,261.0,168.0,0.0002848712891618,0.0056165061374104,0.0402587504665829,0.0692069971238455,0.172419776498365
2,18,4.0,166.0,197.0,374.0,414.0,0.00030049791857,0.0026094304833716,0.0167820442283141,0.0506981598194664,0.15568147344907
2,18,8.0,519.0,535.0,635.0,582.0,0.0002924760247816,0.0041038738770654,0.0265714041981914,0.0569594154935872,0.160169872647116
2,19,2.0,380.0,309.0,309.0,201.0,0.0001424356445809,0.0060460972584021,0.0368045973200417,0.0819347207328286,0.206287946881972
2,19,8.0,194.0,223.0,343.0,401.0,0.00060099583714,0.0030495753841812,0.0189969333142844,0.0464959059306871,0.150792924765887
2,19,10.0,574.0,532.0,652.0,602.0,0.000365595030977,0.0045387738062342,0.0264224056699773,0.0584843132312108,0.165673991982068
2,20,6.00502933780386,397.332774518022,315.264040234702,296.248113998324,179.150041911148,0.0004276651122287,0.0063218752597019,0.0375506991919989,0.0785534190552745,0.183863155869005
2,20,10.0,183.0,219.0,386.0,389.0,0.000751244796425,0.002876661316006,0.0186561811472121,0.0523248387441552,0.146280418289102
2,20,16.0050293378039,580.332774518022,534.264040234702,682.248113998324,568.150041911148,0.0005851359196542,0.0045888487733129,0.0265348518909067,0.0611975650314123,0.156358281541859
2,21,7.0,361.0,305.0,298.0,170.0,0.0004985247560332,0.005743792395482,0.0363281624032775,0.0790179507391033,0.17447239288525
2,21,2.0,175.0,193.0,382.0,368.0,0.000150248959285,0.0027509056300604,0.0164412920612417,0.0517826124359256,0.138383531954729
2,21,9.0,536.0,498.0,680.0,538.0,0.0003290355278793,0.0042382974915358,0.0247337556835502,0.0609959095049438,0.14806081011022
2,22,4.0,359.0,324.0,279.0,152.0,0.0002848712891618,0.0057119708309641,0.0385912282579078,0.0739798934772142,0.155998845403282
2,22,7.0,181.0,219.0,360.0,400.0,0.0005258713574975,0.0028452223945196,0.0186561811472121,0.0488003677406629,0.150416882559488
2,22,11.0,540.0,543.0,639.0,552.0,0.0004021545340747,0.0042699265772935,0.0269687336067625,0.0573182149612633,0.151913693644687
2,23,6.0,360.0,344.0,268.0,173.0,0.0004273069337427,0.0057278816132231,0.0409734028417293,0.0710631234834889,0.177551317465578
2,23,1.0,181.0,203.0,342.0,357.0,7.51244796425035e-05,0.0028452223945196,0.0172931724789226,0.0463603493536297,0.134247067684343
2,23,7.0,541.0,547.0,610.0,530.0,0.0002559165216839,0.004277833848733,0.0271673983110481,0.0547169188206113,0.145859162376239
2,24,4.0036832412523,352.324125230203,278.255985267035,283.2605893186,169.15561694291,0.0002851336015828,0.0056057524411138,0.0331427167949666,0.0751096352117669,0.173605795635354
2,24,8.0,169.0,169.0,343.0,375.0,0.00060099583714,0.0026565888656012,0.0143967790588075,0.0464959059306871,0.14101582739952
2,24,12.0036832412523,521.324125230203,447.255985267035,626.2605893186,544.15561694291,0.0004388486946424,0.0041222513661199,0.0222134945132537,0.0561754915185148,0.149754872621922
2,25,4.0,348.0,358.0,335.0,172.0,0.0002848712891618,0.0055369522261156,0.0426409250504044,0.0888289043543611,0.176525009272135
2,25,4.0,193.0,211.0,428.0,428.0,0.00030049791857,0.003033855923438,0.0179746768130673,0.0580182149805659,0.160946064338652
2,25,8.0,541.0,569.0,763.0,600.0,0.0002924760247816,0.004277833848733,0.0282600541846186,0.0684409984592237,0.165123580048573
2,26,2.0,368.0,308.0,286.0,161.0,0.0001424356445809,0.0058551678712947,0.0366854885908507,0.0758360198368576,0.165235619144266
2,26,6.0,205.0,199.0,365.0,403.0,0.000450746877855,0.0032224894523565,0.0169524203118502,0.0494781506259499,0.151545009178684
2,26,8.0,573.0,507.0,651.0,564.0,0.0002924760247816,0.0045308665347948,0.0251807512681926,0.0583946133642917,0.155216165245659
2,27,12.0107719928187,343.3078994614,292.262118491921,307.275583482944,160.143626570916,0.0008553810253558,0.0054622972361088,0.0348109695242637,0.0814774728824984,0.16435671607735
2,27,1.0,124.0,190.0,354.0,318.0,7.51244796425035e-05,0.0019492131321571,0.0161857279359374,0.0479870282783185,0.119581421634793
2,27,13.0107719928187,467.3078994614,482.262118491921,661.275583482944,478.143626570916,0.0004756673589749,0.0036951304068323,0.0239521152895793,0.0593163318352273,0.131587978994663
2,28,7.0,387.0,306.0,301.0,164.0,0.0004985247560332,0.0061574727342148,0.0364472711324685,0.0798134334646648,0.168314543724594
2,28,4.0,178.0,205.0,361.0,363.0,0.00030049791857,0.00279806401229,0.0174635485624588,0.0489359243177203,0.136503320922735
2,28,11.0,565.0,511.0,662.0,527.0,0.0004021545340747,0.0044676083632793,0.0253794159724782,0.0593813119004011,0.145033544475997
2,29,11.0,358.0,286.0,280.0,144.0,0.000783396045195,0.0056960600487051,0.034065096548647,0.0742450543857347,0.147788379855741
2,29,7.0,153.0,208.0,383.0,380.0,0.0005258713574975,0.0024050774937099,0.0177191126877631,0.051918169012983,0.142896038431513
2,29,18.0,511.0,494.0,663.0,524.0,0.0006580710557586,0.00404061570555,0.0245350909792646,0.0594710117673202,0.144207926575754
2,30,8.0,371.0,294.0,277.0,161.0,0.0005697425783236,0.0059029002180715,0.0350179663821756,0.0734495716601732,0.165235619144266
2,30,3.0,188.0,221.0,361.0,393.0,0.0002253734389275,0.002955258619722,0.0188265572307483,0.0489359243177203,0.147784587114697
2,30,11.0,559.0,515.0,638.0,554.0,0.0004021545340747,0.0044201647346427,0.0255780806767637,0.0572285150943443,0.152464105578182
2,31,5.0,339.0,287.0,320.0,157.0,0.0003560891114523,0.005393755185785,0.0341842052778381,0.0848514907265539,0.161130386370496
2,31,5.0,171.0,203.0,358.0,376.0,0.0003756223982125,0.0026880277870876,0.0172931724789226,0.0485292545865481,0.141391869605919
2,31,10.0,510.0,490.0,678.0,533.0,0.000365595030977,0.0040327084341105,0.0243364262749791,0.0608165097711057,0.146684780276482
2,32,4.0,356.0,285.0,237.0,173.0,0.0002848712891618,0.0056642384841872,0.033945987819456,0.062843135319354,0.177551317465578
2,32,6.0,177.0,194.0,359.0,329.0,0.000450746877855,0.0027823445515468,0.0165264801030098,0.0486648111636055,0.123717885905179
2,32,10.0,533.0,479.0,596.0,502.0,0.000365595030977,0.0042145756772175,0.0237900983381938,0.0534611206837448,0.138153395307306
2,33,5.0,336.0,281.0,256.0,175.0,0.0003560891114523,0.0053460228390082,0.0334695529026917,0.0678811925812431,0.179603933852463
2,33,6.0,181.0,188.0,412.0,382.0,0.000450746877855,0.0028452223945196,0.0160153518524012,0.0558493097476475,0.143648122844311
2,33,11.0,517.0,469.0,668.0,557.0,0.0004021545340747,0.0040880593341866,0.02329343657748,0.0599195111019153,0.153289723478425
2,34,3.0,365.0,288.0,295.0,172.0,0.0002136534668713,0.0058074355245178,0.0343033140070292,0.0782224680135419,0.176525009272135
2,34,5.0,165.0,206.0,383.0,359.0,0.0003756223982125,0.0025937110226284,0.0175487366042269,0.051918169012983,0.13499915209714
2,34,8.0,530.0,494.0,678.0,531.0,0.0002924760247816,0.0041908538628992,0.0245350909792646,0.0608165097711057,0.146134368342987
2,35,5.00422654268808,405.342349957735,302.25528317836,312.263736263736,159.134404057481,0.0003563901166183,0.0064493138705098,0.0360012426706625,0.0828001360056922,0.163320942742806
2,35,3.0,177.0,191.0,394.0,371.0,0.0002253734389275,0.0027823445515468,0.0162709159777055,0.0534092913606144,0.139511658573925
2,35,8.00422654268808,582.342349957735,493.25528317836,706.263736263736,530.134404057481,0.0002926305450821,0.0046047390317928,0.0244981037424777,0.0633517631525975,0.145896151174813
2,36,6.0,371.0,295.0,263.0,165.0,0.0004273069337427,0.0059029002180715,0.0351370751113667,0.0697373189408865,0.169340851918037
2,36,1.0,174.0,188.0,362.0,421.0,7.51244796425035e-05,0.0027351861693172,0.0160153518524012,0.0490714808947777,0.158313768893861
2,36,7.0,545.0,483.0,625.0,586.0,0.0002559165216839,0.0043094629344907,0.0239887630424794,0.0560624168243968,0.161270696514106
2,37,7.0,386.0,330.0,279.0,176.0,0.0004985247560332,0.0061415619519558,0.0393058806330543,0.0739798934772142,0.180630242045906
2,37,4.0,199.0,203.0,399.0,382.0,0.00030049791857,0.0031281726878972,0.0172931724789226,0.0540870742459014,0.143648122844311
2,37,11.0,585.0,533.0,678.0,558.0,0.0004021545340747,0.004625753792068,0.0264720718460487,0.0608165097711057,0.153564929445173
2,38,6.00540054005401,382.343834383438,286.257425742574,276.248424842484,161.144914491449,0.0004276915484446,0.0060833894969281,0.0340957582017061,0.0732502833085849,0.165384346074189
2,38,2.0,157.0,195.0,386.0,411.0,0.000150248959285,0.0024679553366827,0.0166116681447779,0.0523248387441552,0.154553346829874
2,38,8.00540054005401,539.343834383438,481.257425742574,662.248424842484,572.144914491449,0.0002926734658424,0.0042647380976541,0.0239022160425926,0.0594035955757113,0.157457694312354
2,39,10.0,388.0,321.0,293.0,200.0,0.0007121782229046,0.0061733835164737,0.0382339020703346,0.0776921461965009,0.20526163868853
2,39,2.0,200.0,198.0,398.0,413.0,0.000150248959285,0.0031438921486405,0.0168672322700822,0.053951517668844,0.155305431242671
2,39,12.0,588.0,519.0,691.0,613.0,0.0004387140371724,0.0046494756063863,0.0257767453810493,0.0619826080410531,0.168701257616292
2,40,6.0,401.0,323.0,306.0,188.0,0.0004273069337427,0.0063802236858401,0.0384721195287168,0.0811392380072672,0.192945940367218
2,40,6.0,167.0,229.0,399.0,422.0,0.000450746877855,0.0026251499441148,0.019508061564893,0.0540870742459014,0.15868981110026
2,40,12.0,568.0,552.0,705.0,610.0,0.0004387140371724,0.0044913301775976,0.027415729191405,0.0632384061779196,0.167875639716049
2,41,9.0,366.0,341.0,343.0,202.0,0.0006409604006141,0.0058233463067768,0.0406160766541561,0.090950191622525,0.207314255075415
2,41,6.0,198.0,216.0,399.0,458.0,0.000450746877855,0.003112453227154,0.0184006170219078,0.0540870742459014,0.172227330530614
2,41,15.0,564.0,557.0,742.0,660.0,0.0005483925464655,0.0044597010918399,0.0276640600717619,0.0665573012539239,0.18163593805343
2,42,9.0,355.0,326.0,306.0,206.0,0.0006409604006141,0.0056483277019283,0.03882944571629,0.0811392380072672,0.211419487849185
2,42,2.0,205.0,221.0,426.0,437.0,0.000150248959285,0.0032224894523565,0.0188265572307483,0.0577471018264511,0.16433044419624
2,42,11.0,560.0,547.0,732.0,643.0,0.0004021545340747,0.0044280720060822,0.0271673983110481,0.0656603025847336,0.176957436618721
2,43,10.0,328.0,333.0,325.0,197.0,0.0007121782229046,0.0052187365809366,0.0396632068206275,0.0861772952691563,0.202182714108202
2,43,5.0,195.0,233.0,415.0,486.0,0.0003756223982125,0.0030652948449244,0.0198488137319654,0.0562559794788197,0.182756512309778
2,43,15.0,523.0,566.0,740.0,683.0,0.0005483925464655,0.0041355029628232,0.0281110556564044,0.0663779015200859,0.187965675288626
2,44,1.0,385.0,332.0,317.0,204.0,7.1217822290462e-05,0.0061256511696969,0.0395440980914364,0.0840560080009925,0.2093668714623
2,44,3.0,189.0,204.0,401.0,422.0,0.0002253734389275,0.0029709780804652,0.0173783605206907,0.0543581874000162,0.15868981110026
2,44,4.0,574.0,536.0,718.0,626.0,0.0001462380123908,0.0045387738062342,0.0266210703742628,0.0644045044478671,0.172278935184011
2,45,2.00336134453782,367.616806722689,317.532773109244,317.532773109244,187.314285714286,0.0001426750322188,0.0058490709664963,0.0378209250815595,0.0841972786026748,0.192242186177428
2,45,6.0,192.0,237.0,420.0,424.0,0.000450746877855,0.0030181364626948,0.0201895658990377,0.0569337623641067,0.159441895513057
2,45,8.00336134453782,559.616806722689,554.532773109244,737.532773109244,611.314285714286,0.0002925989138676,0.0044250419928247,0.0275415223465976,0.066156591596326,0.168237338986632
2,46,5.00414937759336,393.326141078838,337.279668049793,308.255601659751,162.134439834025,0.0003563846210883,0.0062581265874596,0.0401729526433979,0.0817373353926271,0.166399904040894
2,46,7.0,187.0,221.0,382.0,480.0,0.0005258713574975,0.0029395391589788,0.0188265572307483,0.0517826124359256,0.180500259071385
2,46,12.0041493775934,580.326141078838,558.279668049793,690.255601659751,642.134439834025,0.0004388657363554,0.0045887963209087,0.0277276162904359,0.0619158356089981,0.176719229296465
2,47,5.00408496732026,375.30637254902,347.283496732026,309.252450980392,188.153594771242,0.0003563800339289,0.0059714179740249,0.041364495964784,0.0820016608641463,0.193103575939413
2,47,5.0,194.0,240.0,407.0,468.0,0.0003756223982125,0.0030495753841812,0.020445130024342,0.0551715268623605,0.175987752594601
2,47,10.0040849673203,569.30637254902,587.283496732026,716.252450980392,656.153594771242,0.0003657443753524,0.0045016600199438,0.029168125552512,0.0642477495333738,0.180577384383947
2,48,2.0,413.0,360.0,338.0,173.0,0.0001424356445809,0.0065711530729476,0.0428791425087865,0.0896243870799226,0.177551317465578
2,48,3.0,169.0,235.0,417.0,430.0,0.0002253734389275,0.0026565888656012,0.0200191898155015,0.0565270926329345,0.161698148751449
2,48,5.0,582.0,595.0,755.0,603.0,0.0001827975154885,0.0046020319777497,0.0295513747624746,0.0677233995238714,0.165949197948816
2,49,8.0,445.0,366.0,316.0,178.0,0.0005697425783236,0.0070802981052341,0.0435937948839329,0.083790847092472,0.182682858432791
2,49,3.0,194.0,234.0,410.0,481.0,0.0002253734389275,0.0030495753841812,0.0199340017737335,0.0555781965935327,0.180876301277784
2,49,11.0,639.0,600.0,726.0,659.0,0.0004021545340747,0.0050527464497973,0.0297997056428315,0.0651221033832194,0.181360732086683
2,50,4.0,402.0,342.0,320.0,190.0,0.0002848712891618,0.0063961344680991,0.0407351853833472,0.0848514907265539,0.194998556754103
2,50,4.0,191.0,232.0,427.0,473.0,0.00030049791857,0.0030024170019516,0.0197636256901973,0.0578826584035085,0.177867963626594
2,50,8.0,593.0,574.0,747.0,663.0,0.0002924760247816,0.0046890119635834,0.0285083850649755,0.0670058005885191,0.182461555953673
2,51,10.0,429.0,397.0,368.0,221.0,0.0007121782229046,0.0068257255890908,0.0472861654888562,0.097579214335537,0.226814110750825
2,51,3.0,211.0,236.0,426.0,544.0,0.0002253734389275,0.0033168062168157,0.0201043778572696,0.0577471018264511,0.204566960280903
2,51,13.0,640.0,633.0,794.0,765.0,0.0004752735402701,0.0050606537212368,0.0314386894531873,0.0712216943337138,0.210532564561931
2,52,5.00363372093023,393.285610465116,388.281976744186,343.249273255814,247.179505813953,0.0003563478971437,0.0062574817136899,0.046247772817798,0.0910162891455065,0.253682352067965
2,52,2.00131665569454,192.126398946675,279.183673469388,468.308097432521,578.380513495721,0.0001503478723589,0.0030201233859751,0.0237831104364795,0.0634822426962145,0.217495484432955
2,52,7.00495037662477,585.412009411791,667.465650213574,811.557370688335,825.560019309674,0.0002560975049934,0.0046290116623226,0.0331504665051094,0.0727965881479056,0.227199043222304
3,1,5.0,437.0,431.0,384.0,259.0,0.0003561046502153,0.0069945806607165,0.0506671032922812,0.099743419278308,0.259967671330447
3,1,7.0,228.0,264.0,546.0,594.0,0.0005258873959034,0.0036184943082917,0.0222226645918033,0.0732945524871101,0.219472276514226
3,1,12.0,665.0,695.0,930.0,853.0,0.0004387303763451,0.0052993717088332,0.0340915738283103,0.0823061871401246,0.230368081774125
3,2,5.0,469.0,423.0,421.0,247.0,0.0003561046502153,0.0075067696335836,0.0497266466186426,0.109354113323353,0.247922837137531
3,2,2.0,253.0,290.0,563.0,638.0,0.0001502535416866,0.004015259035078,0.0244112603470567,0.0755766173081374,0.235729482181946
3,2,7.0,722.0,713.0,984.0,885.0,0.000255926052868,0.0057536035695903,0.0349745210641515,0.0870852560708415,0.239010260691794
3,3,5.0,500.0,425.0,433.0,261.0,0.0003561046502153,0.0080029527010486,0.0499617607870523,0.1124710951758,0.261975143695933
3,3,3.0,220.0,300.0,623.0,679.0,0.00022538031253,0.00349152959572,0.025253027945231,0.0836309637352923,0.250878242008686
3,3,8.0,720.0,725.0,1056.0,940.0,0.0002924869175634,0.0057376656095638,0.0355631525547122,0.0934573479784641,0.253864005706539
3,4,8.00475624256837,511.303804994055,478.28418549346,425.252675386445,260.154577883472,0.0005701061843637,0.0081838803344672,0.0562256942678927,0.110458739323678,0.261126562927883
3,4,10.0,277.0,270.0,620.0,714.0,0.0007512677084334,0.0043961531727929,0.0227277251507079,0.0832282464139346,0.263810110153463
3,4,18.0047562425684,788.303804994055,748.28418549346,1045.25267538644,974.154577883472,0.0006582694568587,0.0062819772663926,0.0367053029558379,0.0925061960312609,0.26308806736049
3,5,5.0,490.0,466.0,465.0,311.0,0.0003561046502153,0.0078428936470276,0.0547816012394502,0.120783046782326,0.312161952833085
3,5,3.0,258.0,299.0,592.0,727.0,0.00022538031253,0.0040946119804353,0.0251688511854136,0.0794695514145956,0.268613375464381
3,5,8.0,748.0,765.0,1057.0,1038.0,0.0002924869175634,0.0059607970499357,0.0375252575232481,0.0935458492549588,0.280330678641901
3,6,3.0,456.0,395.0,403.0,272.0,0.0002136627901292,0.0072986928633563,0.0464350482609074,0.104678640544683,0.273016241706107
3,6,6.00347624565469,217.125724217845,287.166280417149,584.338354577057,632.366164542294,0.0004510217841707,0.0034459131459034,0.0241727270143411,0.0784410589739554,0.233647881687991
3,6,9.00347624565469,673.125724217845,682.166280417149,987.338354577057,904.366164542294,0.0003291748768059,0.0053641254427187,0.0334620462043526,0.0873807047123032,0.244240443783155
3,7,4.0,413.0,356.0,363.0,246.0,0.0002848837201722,0.0066104389310661,0.0418503219769191,0.0942887010365256,0.246919100954788
3,7,7.0,196.0,274.0,511.0,621.0,0.0005258873959034,0.0031106354580051,0.0230644321899777,0.0685961837379364,0.229448289083054
3,7,11.0,609.0,630.0,874.0,867.0,0.0004021695116497,0.0048531088280893,0.0309031532544396,0.0773501156564182,0.234149035050605
3,8,12.0088235294118,396.291176470588,366.269117647059,360.264705882353,226.166176470588,0.0008552795804877,0.006342999082274,0.0430575295048637,0.0935782125260413,0.227011174636177
3,8,8.0,243.0,266.0,481.0,531.0,0.0006010141667467,0.0038565531443635,0.0223910181114382,0.0645690105243589,0.196194913853626
3,8,20.0088235294118,639.291176470588,632.269117647059,841.264705882353,757.166176470588,0.0007315398897735,0.0050944986079623,0.0310144594296767,0.0744530003405751,0.204486423983327
3,9,1.0,386.0,321.0,331.0,203.0,7.12209300430674e-05,0.0061782794852095,0.0377358240297501,0.0859767494299999,0.203758445096837
3,9,5.0,216.0,268.0,422.0,515.0,0.0003756338542167,0.0034280472394342,0.0225593716310731,0.0566489032043232,0.190283202701728
3,9,6.0,602.0,589.0,753.0,718.0,0.0002193651881725,0.0047973259679964,0.0288919956616903,0.0666414612005525,0.193908889465207
3,10,3.0,380.0,332.0,383.0,222.0,0.0002136627901292,0.0060822440527969,0.0390289519560032,0.0994836707906041,0.222829432568955
3,10,9.0,176.0,246.0,437.0,483.0,0.0006761409375901,0.002793223676576,0.0207074829150894,0.0586624898111119,0.178459780397931
3,10,12.0,556.0,578.0,820.0,705.0,0.0004387303763451,0.0044307528873853,0.028352416795343,0.0725710467257013,0.190398004279904
3,11,6.0,374.0,330.0,334.0,199.0,0.0004273255802584,0.0059862086203843,0.0387938377875935,0.0867559948931117,0.199743500365865
3,11,5.0,184.0,242.0,442.0,466.0,0.0003756338542167,0.0029201883891476,0.0203707758758197,0.0593336853467082,0.172178587299039
3,11,11.0,558.0,572.0,776.0,665.0,0.0004021695116497,0.0044466908474119,0.0280581010500626,0.0686769905599319,0.179595280632817
3,12,7.0,339.0,355.0,335.0,187.0,0.0004985465103014,0.0054260019313109,0.0417327648927142,0.0870157433808156,0.187698666172948
3,12,4.0,216.0,227.0,442.0,472.0,0.0003005070833733,0.0034280472394342,0.0191081244785581,0.0593336853467082,0.174395478981001
3,12,11.0,555.0,582.0,777.0,659.0,0.0004021695116497,0.0044227839073721,0.0285486272921966,0.0687654918364267,0.177974872085754
3,13,7.0,361.0,338.0,316.0,181.0,0.0004985465103014,0.0057781318501571,0.0397342944612322,0.082080522114441,0.18167624907649
3,13,6.0,201.0,221.0,421.0,494.0,0.00045076062506,0.0031899884033624,0.0186030639196535,0.056514664097204,0.182524081814861
3,13,13.0,562.0,559.0,737.0,675.0,0.0004752912410406,0.004478566767465,0.0274204169352885,0.0652254407766364,0.182295961544589
3,14,10.0,345.0,325.0,303.0,194.0,0.0007122093004306,0.0055220373637235,0.0382060523665694,0.0787037917742899,0.19472481945215
3,14,8.0,186.0,253.0,370.0,428.0,0.0006010141667467,0.0029519295672906,0.0212967202338115,0.0496684696341222,0.158138273313281
3,14,18.0,531.0,578.0,673.0,622.0,0.0006580955645177,0.0042315283870533,0.028352416795343,0.0595613590809719,0.167982352712199
3,15,7.0,359.0,353.0,326.0,164.0,0.0004985465103014,0.0057461200393529,0.0414976507243046,0.0846780069914803,0.164612733969859
3,15,8.0,194.0,227.0,421.0,433.0,0.0006010141667467,0.0030788942798622,0.0191081244785581,0.056514664097204,0.159985683048249
3,15,15.0,553.0,580.0,747.0,597.0,0.0005484129704314,0.0044068459473455,0.0284505220437698,0.066110453541584,0.16123065043277
3,16,7.0,392.0,311.0,329.0,194.0,0.0004985465103014,0.0062743149176221,0.0365602531877018,0.085457252454592,0.19472481945215
3,16,3.0,187.0,213.0,421.0,470.0,0.00022538031253,0.002967800156362,0.017929649841114,0.056514664097204,0.173656515087014
3,16,10.0,579.0,524.0,750.0,664.0,0.0003656086469543,0.0046140394276908,0.0257035750878196,0.0663759573710682,0.17932521254164
3,17,6.0,353.0,327.0,334.0,206.0,0.0004273255802584,0.0056500846069403,0.038441166534979,0.0867559948931117,0.206769653645066
3,17,4.0,175.0,219.0,417.0,439.0,0.0003005070833733,0.0027773530875045,0.0184347104000187,0.055977707668727,0.162202574730211
3,17,10.0,528.0,546.0,751.0,645.0,0.0003656086469543,0.0042076214470134,0.0267827328205143,0.066464458647563,0.174193918809274
3,18,9.00760777683855,350.295857988166,354.299239222316,296.250211327134,174.147083685545,0.0006415302033296,0.005606802365705,0.0416503854989646,0.076950544374192,0.174797729014362
3,18,6.0,188.0,235.0,416.0,450.0,0.00045076062506,0.0029836707454335,0.0197815385570976,0.0558434685616077,0.166266876147141
3,18,15.0076077768385,538.295857988166,589.299239222316,712.250211327134,624.147083685545,0.000548691117331,0.0042896689335407,0.0289066741308125,0.0630350528861122,0.168562211504752
3,19,6.0,367.0,306.0,295.0,171.0,0.0004273255802584,0.0058741672825697,0.0359724677666776,0.0766258038726585,0.17163888724906
3,19,3.0,192.0,208.0,379.0,413.0,0.00022538031253,0.0030471531017193,0.0175087660420269,0.0508766215981955,0.152596044108376
3,19,9.0,559.0,514.0,674.0,584.0,0.0003290477822588,0.0044546598274252,0.0252130488456856,0.0596498603574667,0.157719765247467
3,20,7.0,337.0,307.0,308.0,153.0,0.0004985465103014,0.0053939901205067,0.0360900248508825,0.0800025342128096,0.153571635959685
3,20,4.0,182.0,223.0,406.0,396.0,0.0003005070833733,0.0028884472110047,0.0187714174392884,0.0545010774904152,0.146314851009484
3,20,11.0,519.0,530.0,714.0,549.0,0.0004021695116497,0.0041359006268939,0.0259978908331,0.063189911417257,0.148267382056266
3,21,4.0,371.0,284.0,292.0,151.0,0.0002848837201722,0.005938190904178,0.0333862119141714,0.0758465584095467,0.151564163594199
3,21,3.0,169.0,201.0,342.0,392.0,0.00022538031253,0.0026821295530758,0.0169195287233048,0.0459097746347833,0.144836923221509
3,21,7.0,540.0,485.0,634.0,543.0,0.000255926052868,0.0043032492071728,0.0237905227434971,0.0561098092976763,0.146646973509203
3,22,4.0,386.0,337.0,316.0,169.0,0.0002848837201722,0.0061782794852095,0.0396167373770273,0.082080522114441,0.169631414883574
3,22,2.0,151.0,225.0,382.0,410.0,0.0001502535416866,0.0023964589497896,0.0189397709589233,0.0512793389195532,0.151487598267395
3,22,6.0,537.0,562.0,698.0,579.0,0.0002193651881725,0.004279342267133,0.0275675748079286,0.0617738909933408,0.156369424791581
3,23,9.0,356.0,289.0,263.0,164.0,0.0006409883703876,0.0056981023231466,0.0339739973351955,0.0683138522661328,0.164612733969859
3,23,3.0,153.0,189.0,352.0,348.0,0.00022538031253,0.0024282001279325,0.0159094076054956,0.0472521657059758,0.128579717553789
3,23,12.0,509.0,478.0,615.0,512.0,0.0004387303763451,0.004056210826761,0.0234471543740034,0.054428285044276,0.13827486268271
3,24,4.0,355.0,292.0,285.0,153.0,0.0002848837201722,0.0056820964177445,0.03432666858781,0.0740283189956192,0.153571635959685
3,24,4.0,147.0,187.0,345.0,373.0,0.0003005070833733,0.0023329765935038,0.0157410540858607,0.046312491956141,0.13781676622863
3,24,8.0,502.0,479.0,630.0,526.0,0.0002924869175634,0.0040004279666681,0.0234962069982168,0.0557558041916973,0.142055815959191
3,25,2.0,396.0,277.0,317.0,162.0,0.0001424418600861,0.0063383385392305,0.0325633123247376,0.0823402706021449,0.162605261604372
3,25,4.0,171.0,194.0,368.0,406.0,0.0003005070833733,0.0027138707312187,0.0163302914045827,0.0493999914198837,0.15000967047942
3,25,6.0,567.0,471.0,685.0,568.0,0.0002193651881725,0.0045184116675315,0.0231037860045096,0.060623374398909,0.153398675788632
3,26,6.0,302.0,267.0,298.0,147.0,0.0004273255802584,0.0048337834314333,0.0313877414826893,0.0774050493357703,0.147549218863227
3,26,8.0,138.0,195.0,387.0,388.0,0.0006010141667467,0.0021901412918607,0.0164144681644002,0.0519505344551495,0.143358995433535
3,26,14.0,440.0,462.0,685.0,535.0,0.000511852105736,0.0035063512058445,0.022662312386589,0.060623374398909,0.144486428779785
3,27,5.0,351.0,265.0,263.0,167.0,0.0003561046502153,0.0056180727961361,0.0311526273142796,0.0683138522661328,0.167623942518088
3,27,3.0,161.0,198.0,338.0,392.0,0.00022538031253,0.0025551648405042,0.0166669984438525,0.0453728182063063,0.144836923221509
3,27,8.0,512.0,463.0,601.0,559.0,0.0002924869175634,0.0040801177668009,0.0227113650108024,0.0531892671733493,0.150968062968037
3,28,5.0,348.0,309.0,282.0,135.0,0.0003561046502153,0.0055700550799298,0.0363251390192921,0.0732490735325075,0.13550438467031
3,28,5.0,195.0,210.0,398.0,401.0,0.0003756338542167,0.0030947648689336,0.0176771195616617,0.0534271646334612,0.148162260744452
3,28,10.0,543.0,519.0,680.0,536.0,0.0003656086469543,0.0043271561472127,0.0254583119667526,0.0601808680164352,0.144756496870963
3,29,4.0036496350365,354.32299270073,298.271897810219,261.238138686131,179.163321167883,0.0002851436505738,0.0056712603029558,0.03506397460681,0.0678562114543114,0.179832708076616
3,29,5.0,169.0,211.0,380.0,409.0,0.0003756338542167,0.0026821295530758,0.0177612963214792,0.0510108607053147,0.151118116320401
3,29,9.0036496350365,523.32299270073,509.271897810219,641.238138686131,588.163321167883,0.0003291812160716,0.0041703504693236,0.0249811230257278,0.056750393810845,0.158844145448234
3,30,4.0,331.0,327.0,265.0,148.0,0.0002848837201722,0.0052979546880942,0.038441166534979,0.0688333492415407,0.14855295504597
3,30,3.0,185.0,205.0,357.0,315.0,0.00022538031253,0.0029360589782191,0.0172562357625745,0.047923361241572,0.116386813302999
3,30,7.0,516.0,532.0,622.0,463.0,0.000255926052868,0.004111993686854,0.0260959960815268,0.0550477939797393,0.125041526215029
3,31,10.0,403.0,366.0,331.0,170.0,0.0007122093004306,0.0064503798770452,0.0430258928189674,0.0859767494299999,0.170635151066317
3,31,2.0,197.0,249.0,415.0,514.0,0.0001502535416866,0.0031265060470766,0.0209600131945418,0.0557092294544885,0.189913720754734
3,31,12.0,600.0,615.0,746.0,684.0,0.0004387303763451,0.0047813880079698,0.0301673638912386,0.0660219522650892,0.184726574365184
3,32,6.0,351.0,305.0,284.0,183.0,0.0004273255802584,0.0056180727961361,0.0358549106824728,0.0737685705079153,0.183683721441976
3,32,1.0,151.0,209.0,367.0,435.0,7.51267708433481e-05,0.0023964589497896,0.0175929428018443,0.0492657523127645,0.160724646942236
3,32,7.0,502.0,514.0,651.0,618.0,0.000255926052868,0.0040004279666681,0.0252130488456856,0.0576143309980872,0.16690208034749
3,33,4.0,313.0,299.0,261.0,161.0,0.0002848837201722,0.0050098483908564,0.0351495681772438,0.067794355290725,0.161601525421629
3,33,7.0,160.0,216.0,353.0,373.0,0.0005258873959034,0.0025392942514327,0.0181821801205663,0.047386404813095,0.13781676622863
3,33,11.0,473.0,515.0,614.0,534.0,0.0004021695116497,0.0037693275462828,0.025262101469899,0.0543397837677812,0.144216360688608
3,34,6.0,340.0,294.0,265.0,164.0,0.0004273255802584,0.005442007836713,0.0345617827562197,0.0688333492415407,0.164612733969859
3,34,5.0,167.0,193.0,335.0,386.0,0.0003756338542167,0.0026503883749329,0.0162461146447653,0.0449701008849485,0.142620031539547
3,34,11.0,507.0,487.0,600.0,550.0,0.0004021695116497,0.0040402728667345,0.0238886279919239,0.0531007658968546,0.148537450147443
3,35,4.0,338.0,333.0,267.0,154.0,0.0002848837201722,0.0054099960259088,0.039146509040208,0.0693528462169486,0.154575372142428
3,35,3.0,171.0,176.0,397.0,396.0,0.00022538031253,0.0027138707312187,0.0148151097278689,0.053292925526342,0.146314851009484
3,35,7.0,509.0,509.0,664.0,550.0,0.000255926052868,0.004056210826761,0.0249677857246186,0.0587648475925191,0.148537450147443
3,36,5.0,334.0,286.0,269.0,177.0,0.0003561046502153,0.0053459724043004,0.0336213260825811,0.0698723431923564,0.177661304345518
3,36,1.0,184.0,226.0,340.0,364.0,7.51267708433481e-05,0.0029201883891476,0.0190239477187407,0.0456412964205448,0.134491428705687
3,36,6.0,518.0,512.0,609.0,541.0,0.0002193651881725,0.0041279316468806,0.0251149435972588,0.0538972773853074,0.146106837326848
3,37,4.00354295837024,360.318866253322,278.246235606732,307.271922054916,180.159433126661,0.0002851360529625,0.0057672296878416,0.0327098161488972,0.0798134170676434,0.180832541691704
3,37,2.0,188.0,211.0,352.0,407.0,0.0001502535416866,0.0029836707454335,0.0177612963214792,0.0472521657059758,0.150379152426414
3,37,6.00354295837024,548.318866253322,489.246235606732,659.271922054916,587.159433126661,0.0002194947217941,0.0043695420860787,0.0239988117430357,0.0583464066590124,0.158573027321186
3,38,2.0,373.0,314.0,279.0,170.0,0.0001424418600861,0.0059702027149822,0.0369129244403163,0.0724698280693957,0.170635151066317
3,38,1.0,199.0,208.0,374.0,392.0,7.51267708433481e-05,0.0031582472252195,0.0175087660420269,0.0502054260625992,0.144836923221509
3,38,3.0,572.0,522.0,653.0,562.0,0.0001096825940862,0.0045582565675979,0.0256054698393928,0.0577913335510767,0.151778267241569
3,39,4.00337837837838,361.304898648649,317.267736486486,301.254222972973,201.169763513514,0.0002851243314224,0.0057830120290846,0.0372970700136173,0.0782503288316514,0.201921370512374
3,39,4.00343347639485,182.156223175966,205.175965665236,374.321030042918,400.343347639485,0.0003007650293677,0.0028909265648339,0.0172710479821132,0.0502485208489191,0.147919639551791
3,39,8.00681185477323,543.461121824615,522.443702151722,675.575253015891,601.513111152999,0.0002927359648641,0.0043308308178167,0.0256272345943039,0.0597892722601752,0.162449497747131
3,40,5.0,333.0,327.0,316.0,227.0,0.0003561046502153,0.0053299664988983,0.038441166534979,0.082080522114441,0.22784811348267
3,40,4.0,174.0,201.0,388.0,453.0,0.0003005070833733,0.0027614824984331,0.0169195287233048,0.0520847735622687,0.167375321988122
3,40,9.0,507.0,528.0,704.0,680.0,0.0003290477822588,0.0040402728667345,0.0258997855846732,0.0623048986523094,0.183646302000475
3,41,6.0,383.0,349.0,317.0,155.0,0.0004273255802584,0.0061302617690032,0.0410274223874853,0.0823402706021449,0.155579108325171
3,41,4.0,185.0,230.0,400.0,467.0,0.0003005070833733,0.0029360589782191,0.0193606547580105,0.0536956428476997,0.172548069246033
3,41,10.0,568.0,579.0,717.0,622.0,0.0003656086469543,0.0045263806475447,0.0284014694195564,0.0634554152467412,0.167982352712199
3,42,5.0,349.0,329.0,292.0,158.0,0.0003561046502153,0.0055860609853319,0.0386762807033887,0.0758465584095467,0.1585903168734
3,42,1.0,199.0,214.0,363.0,447.0,7.51267708433481e-05,0.0031582472252195,0.0180138266009315,0.0487287958842875,0.16515843030616
3,42,6.0,548.0,543.0,655.0,605.0,0.0002193651881725,0.0043670010472791,0.0266355749478741,0.0579683361040663,0.163391195162187
3,43,5.0,371.0,305.0,288.0,167.0,0.0003561046502153,0.005938190904178,0.0358549106824728,0.074807564458731,0.167623942518088
3,43,4.0,196.0,213.0,379.0,410.0,0.0003005070833733,0.0031106354580051,0.017929649841114,0.0508766215981955,0.151487598267395
3,43,9.0,567.0,518.0,667.0,577.0,0.0003290477822588,0.0045184116675315,0.0254092593425392,0.0590303514220034,0.155829288609226
3,44,9.0,369.0,308.0,301.0,171.0,0.0006409883703876,0.0059061790933738,0.0362075819350873,0.0781842947988821,0.17163888724906
3,44,5.00403877221325,199.160743134087,230.185783521809,359.289983844911,445.359450726979,0.0003759372741312,0.0031607983134466,0.0193762934129038,0.0482307666282304,0.164552276966625
3,44,14.0040387722132,568.160743134087,538.185783521809,660.289983844911,616.359450726979,0.0005119997667404,0.0045276616063675,0.0263994249960875,0.0584365064269775,0.166459020336844
3,45,4.00345125107852,371.320103537532,310.267471958585,286.246764452114,188.16220880069,0.0002851295214838,0.0059433144511187,0.0364741393270548,0.0743521641765788,0.188865217198104
3,45,5.0,174.0,235.0,359.0,391.0,0.0003756338542167,0.0027614824984331,0.0197815385570976,0.0481918394558105,0.144467441274516
3,45,9.00345125107852,545.320103537532,545.267471958585,645.246764452114,579.16220880069,0.0003291739629825,0.004345645005932,0.026746800397773,0.0571051623081243,0.156413232212755
3,46,6.0,383.0,335.0,302.0,190.0,0.0004273255802584,0.0061302617690032,0.0393816232086177,0.078444043286586,0.190709874721178
3,46,6.0,178.0,207.0,393.0,423.0,0.00045076062506,0.0028249648547189,0.0174245892822094,0.052755969097865,0.156290863578312
3,46,12.0,561.0,542.0,695.0,613.0,0.0004387303763451,0.0044705977874518,0.0265865223236607,0.0615083871638566,0.165551739891605
3,47,13.0,386.0,338.0,304.0,198.0,0.0009258720905598,0.0061782794852095,0.0397342944612322,0.0789635402619939,0.198739764183122
3,47,6.0,173.0,258.0,406.0,421.0,0.00045076062506,0.0027456119093616,0.0217176040328987,0.0545010774904152,0.155551899684325
3,47,19.0,559.0,596.0,710.0,619.0,0.0006946564292131,0.0044546598274252,0.0292353640311841,0.0628359063112779,0.167172148438668
3,48,5.0,359.0,341.0,308.0,184.0,0.0003561046502153,0.0057461200393529,0.0400869657138466,0.0800025342128096,0.184687457624719
3,48,6.0,167.0,244.0,405.0,418.0,0.00045076062506,0.0026503883749329,0.0205391293954546,0.054366838383296,0.154443453843344
3,48,11.0,526.0,585.0,713.0,602.0,0.0004021695116497,0.0041916834869868,0.0286957851648367,0.0631014101407622,0.162580990888656
3,49,4.0,405.0,364.0,355.0,214.0,0.0002848837201722,0.0064823916878494,0.0427907786505577,0.0922107131348942,0.21479954310701
3,49,4.0,189.0,246.0,402.0,472.0,0.0003005070833733,0.0029995413345049,0.0207074829150894,0.0539641210619382,0.174395478981001
3,49,8.0,594.0,610.0,757.0,686.0,0.0002924869175634,0.0047335741278901,0.0299221007701717,0.0669954663065315,0.185266710547538
3,50,2.0,378.0,333.0,348.0,205.0,0.0001424418600861,0.0060502322419927,0.039146509040208,0.0903924737209667,0.205765917462323
3,50,4.0,190.0,221.0,400.0,499.0,0.0003005070833733,0.0030154119235764,0.0186030639196535,0.0536956428476997,0.184371491549829
3,50,6.0,568.0,554.0,748.0,704.0,0.0002193651881725,0.0045263806475447,0.0271751538142215,0.0661989548180787,0.190127936188727
3,51,7.0,405.0,362.0,329.0,182.0,0.0004985465103014,0.0064823916878494,0.042555664482148,0.085457252454592,0.182679985259233
3,51,6.0,192.0,225.0,413.0,484.0,0.00045076062506,0.0030471531017193,0.0189397709589233,0.05544075124025,0.178829262344925
3,51,13.0,597.0,587.0,742.0,666.0,0.0004752912410406,0.0047574810679299,0.0287938904132635,0.0656679471591102,0.179865348723994
3,52,8.0,410.0,334.0,324.0,209.0,0.0005697674403445,0.0065624212148598,0.0392640661244128,0.0841585100160724,0.209780862193295
3,52,5.0,192.0,238.0,452.0,456.0,0.0003756338542167,0.0030471531017193,0.02003406883655,0.0606760764179007,0.168483767829103
3,52,13.0,602.0,572.0,776.0,665.0,0.0004752912410406,0.0047973259679964,0.0280581010500626,0.0686769905599319,0.179595280632817
4,1,2.0,410.0,323.0,331.0,206.0,0.0001425157028819,0.0065899963532282,0.0372327586289483,0.0840809447626492,0.201919257116081
4,1,1.0,175.0,243.0,417.0,487.0,7.51835200203989e-05,0.0028022273229861,0.0201099487752311,0.0553581982290176,0.177081974500377
4,1,3.0,585.0,566.0,748.0,693.0,0.0001097521017515,0.0046925446768421,0.0272656403201761,0.0652167716557877,0.183802636622878
4,2,5.0,361.0,341.0,337.0,174.0,0.0003562892572048,0.0058024114232082,0.0393076492026977,0.0856050706495855,0.170553158923292
4,2,6.0,184.0,200.0,425.0,513.0,0.0004511011201223,0.0029463418710254,0.0165513981689145,0.0564202260127877,0.186536042954196
4,2,11.0,545.0,541.0,762.0,687.0,0.000402424373089,0.0043716869211606,0.026061327585186,0.0664374064193987,0.182211271803632
4,3,4.0,408.0,366.0,349.0,200.0,0.0002850314057638,0.0065578500295539,0.0421894416662386,0.088653322423458,0.196038113704933
4,3,1.0,185.0,219.0,469.0,474.0,7.51835200203989e-05,0.0029623545985854,0.0181237809949614,0.0622613788235234,0.172354940273468
4,3,5.0,593.0,585.0,818.0,674.0,0.0001829201695859,0.0047567162279784,0.0281809179987686,0.0713199454738427,0.178763314695266
4,4,5.0,393.0,348.0,310.0,200.0,0.0003562892572048,0.0063167526019968,0.0401145510924891,0.0787465041583724,0.196038113704933
4,4,0.0,203.0,217.0,463.0,516.0,0.0,0.0032505836946639,0.0179582670132722,0.0614648579856958,0.18762689700656
4,4,5.0,596.0,565.0,773.0,716.0,0.0001829201695859,0.0047807805596545,0.0272174678107765,0.0673964765908074,0.189902868429986
4,5,5.0,396.0,363.0,326.0,193.0,0.0003562892572048,0.0063649720875082,0.0418436265706137,0.082810839856869,0.189176779725261
4,5,3.0,184.0,261.0,464.0,536.0,0.0002255505600611,0.0029463418710254,0.0215995746104334,0.0615976114586671,0.194899257355652
4,5,8.0,580.0,624.0,790.0,729.0,0.0002926722713375,0.0046524374573819,0.0300596458653532,0.0688786759466207,0.193350825538352
4,6,7.0,410.0,344.0,371.0,238.0,0.0004988049600867,0.0065899963532282,0.0396534642983226,0.0942417840088908,0.233285355308871
4,6,3.0,200.0,253.0,434.0,573.0,0.0002255505600611,0.0032025455119842,0.0209375186836768,0.0576150072695291,0.208353124001471
4,6,10.0,610.0,597.0,805.0,811.0,0.0003658403391718,0.0048930807741431,0.0287589881115638,0.0701864989076325,0.215099478068043
4,7,6.00415512465374,408.282548476454,400.277008310249,379.262465373961,251.173822714681,0.000427843193901,0.0065623914769428,0.0461406106350868,0.0963406235699523,0.246198212085217
4,7,4.0,212.0,273.0,511.0,592.0,0.0003007340800815,0.0033946982427032,0.0225926585005683,0.0678370246883166,0.215261866333108
4,7,10.0041551246537,620.282548476454,673.277008310249,890.262465373961,843.173822714681,0.0003659923503931,0.0049755616598141,0.032433443011363,0.0776203795695351,0.223632859662842
4,8,3.0020093770931,450.301406563965,396.265237776289,382.255860683188,262.175485599464,0.0002139167382172,0.0072377673831952,0.0456781670314779,0.09710100878339,0.256981938282969
4,8,4.0,233.0,299.0,518.0,613.0,0.0003007340800815,0.0037309655214616,0.0247443402625272,0.0687662989991154,0.222897844699654
4,8,7.0020093770931,683.301406563965,695.265237776289,900.255860683188,875.175485599464,0.00025616174854,0.0054810638941034,0.0334926712019965,0.0784916856924601,0.232120579741542
4,9,6.0,449.0,403.0,440.0,256.0,0.0004275471086457,0.0072168496648767,0.0464544945122791,0.111769231708658,0.250928785542315
4,9,6.0,210.0,290.0,559.0,618.0,0.0004511011201223,0.0033626727875834,0.023999527344926,0.0742091913909373,0.224715934786927
4,9,12.0,659.0,693.0,999.0,874.0,0.0004390084070062,0.0052861315248529,0.0333835490139259,0.087101009203385,0.231808808670123
4,10,6.0,453.0,437.0,403.0,254.0,0.0004275471086457,0.0072811423122253,0.0503737322626947,0.102370455405884,0.248968404405265
4,10,4.0,216.0,286.0,550.0,609.0,0.0003007340800815,0.0034587491529429,0.0236684993815477,0.0730144101341959,0.221443372629835
4,10,10.0,669.0,723.0,953.0,863.0,0.0003658403391718,0.0053663459637733,0.034828724295914,0.0830903521229488,0.228891306501506
4,11,4.0,428.0,385.0,362.0,238.0,0.0002850314057638,0.0068793132662967,0.0443796039385296,0.0919555951784865,0.233285355308871
4,11,4.0,208.0,275.0,535.0,577.0,0.0003007340800815,0.0033306473324635,0.0227581724822574,0.0710231080396269,0.209807596071289
4,11,8.0,636.0,660.0,897.0,815.0,0.0002926722713375,0.0051016383153361,0.0317938562037389,0.0782078130685048,0.21616038794754
4,12,8.0,411.0,380.0,352.0,233.0,0.0005700628115277,0.0066060695150653,0.0438032454458215,0.0894153853669261,0.228384402466247
4,12,5.0,220.0,239.0,460.0,570.0,0.0003759176001019,0.0035228000631826,0.0197789208118528,0.061066597566782,0.207262269949107
4,12,13.0,631.0,619.0,812.0,803.0,0.0004755924409234,0.0050615310958759,0.0298187833183551,0.070796816289438,0.212977658309049
4,13,9.0,380.0,371.0,347.0,197.0,0.0006413206629686,0.0061078014981139,0.0427658001589468,0.0881452804611459,0.193097541999359
4,13,5.0,188.0,236.0,489.0,552.0,0.0003759176001019,0.0030103927812651,0.0195306498393191,0.0649164482829487,0.200717145634925
4,13,14.0,568.0,607.0,836.0,749.0,0.0005121764748406,0.0045561801306775,0.0292407132055599,0.0728893330270569,0.198655374935837
4,14,3.0,406.0,363.0,321.0,182.0,0.0002137735543228,0.0065257037058796,0.0418436265706137,0.0815407349510888,0.178394683471489
4,14,2.0,206.0,238.0,416.0,485.0,0.0001503670400407,0.0032986218773437,0.0196961638210083,0.0552254447560464,0.176354738465468
4,14,5.0,612.0,601.0,737.0,667.0,0.0001829201695859,0.0049091236619272,0.0289516781491623,0.0642577014843791,0.176906722406146
4,15,5.0,390.0,368.0,325.0,203.0,0.0003562892572048,0.0062685331164853,0.0424199850633218,0.082556818875713,0.198978685410507
4,15,6.0,171.0,259.0,388.0,461.0,0.0004511011201223,0.0027381764127465,0.0214340606287443,0.0515083475128509,0.167627906046559
4,15,11.0,561.0,627.0,713.0,664.0,0.000402424373089,0.0045000300234332,0.030204163393552,0.0621651847467602,0.176111039996523
4,16,5.0,359.0,298.0,296.0,165.0,0.0003562892572048,0.0057702650995339,0.0343509661654074,0.0751902104221878,0.16173144380657
4,16,4.0,194.0,205.0,395.0,415.0,0.0003007340800815,0.0031064691466247,0.0169651831231374,0.0524376218236498,0.150901477243648
4,16,9.0,553.0,503.0,691.0,580.0,0.0003292563052547,0.0044358584722969,0.024230772228001,0.060247044403943,0.153831932527084
4,17,2.0,347.0,312.0,308.0,155.0,0.0001425157028819,0.0055773871574882,0.0359647699449903,0.0782384621960603,0.151929538121323
4,17,5.0,159.0,211.0,390.0,411.0,0.0003759176001019,0.0025460236820274,0.0174617250682048,0.0517738544587935,0.14944700517383
4,17,7.0,506.0,523.0,698.0,566.0,0.0002560882374203,0.0040588506093711,0.0251942224159931,0.0608573617857485,0.150118747948844
4,18,3.002700270027,373.335733573357,308.277227722772,265.238523852385,162.145814581458,0.0002139659697633,0.0060006856653127,0.0355356396613105,0.0673761500693626,0.158933798178495
4,18,6.0,163.0,200.0,368.0,445.0,0.0004511011201223,0.0026100745922671,0.0165513981689145,0.0488532780534256,0.161810017767285
4,18,9.002700270027,536.335733573357,508.277227722772,633.238523852385,607.145814581458,0.0003293550920249,0.0043021869941536,0.0244849895300801,0.0552109254194239,0.1610317482462
4,19,6.0,340.0,295.0,282.0,153.0,0.0004275471086457,0.0054648750246282,0.0340051510697825,0.0716339166860033,0.149969156984274
4,19,5.0,163.0,202.0,336.0,378.0,0.0003759176001019,0.0026100745922671,0.0167169121506037,0.0446051669183451,0.137447610597829
4,19,11.0,503.0,497.0,618.0,531.0,0.000402424373089,0.004034786277695,0.0239417371716034,0.0538823059936856,0.140835786503244
4,20,3.0,368.0,292.0,264.0,176.0,0.0002137735543228,0.0059149235560682,0.0336593359741576,0.0670615390251946,0.172513540060341
4,20,4.0,152.0,186.0,341.0,368.0,0.0003007340800815,0.002433934589108,0.0153928002970905,0.0452689342832015,0.133811430423283
4,20,7.0,520.0,478.0,605.0,544.0,0.0002560882374203,0.0041711508238597,0.0230264594930109,0.0527488594274754,0.14428374361161
4,21,4.0,360.0,313.0,271.0,182.0,0.0002850314057638,0.0057863382613711,0.0360800416435319,0.0688396858932868,0.178394683471489
4,21,4.0,181.0,206.0,422.0,409.0,0.0003007340800815,0.0028983036883457,0.0170479401139819,0.0560219655938739,0.148719769138921
4,21,8.0,541.0,519.0,693.0,591.0,0.0002926722713375,0.0043396011455925,0.0250015323783947,0.0604214207987445,0.156749434695701
4,22,5.00429184549356,346.296995708154,335.287553648069,303.26008583691,176.151072961373,0.0003565950848934,0.0055660876557332,0.0386491658088826,0.0770344245497567,0.172661620352239
4,22,6.0,178.0,243.0,371.0,429.0,0.0004511011201223,0.0028502655056659,0.0201099487752311,0.0492515384723394,0.155992129488012
4,22,11.0042918454936,524.296995708154,578.287553648069,674.26008583691,605.151072961373,0.0004025813861101,0.004205618933837,0.0278575626137859,0.0587875214634192,0.160502687973252
4,23,2.0,364.0,307.0,271.0,168.0,0.0001425157028819,0.0058506309087196,0.0353884114522821,0.0688396858932868,0.164672015512144
4,23,1.0,192.0,186.0,354.0,383.0,7.51835200203989e-05,0.0030744436915048,0.0153928002970905,0.0469947294318279,0.139265700685102
4,23,3.0,556.0,493.0,625.0,551.0,0.0001097521017515,0.004459922803973,0.023749047134005,0.0544926233754911,0.14614033590073
4,24,3.0,372.0,312.0,299.0,163.0,0.0002137735543228,0.0059792162034168,0.0359647699449903,0.075952273365656,0.159771062669521
4,24,2.0,193.0,208.0,310.0,381.0,0.0001503670400407,0.0030904564190647,0.0172134540956711,0.0411535766210922,0.138538464650193
4,24,5.0,565.0,520.0,609.0,544.0,0.0001829201695859,0.0045321157990014,0.0250497048877943,0.0530976122170785,0.14428374361161
4,25,5.0,304.0,315.0,274.0,156.0,0.0003562892572048,0.0048862411984911,0.0363105850406152,0.0696017488367549,0.152909728689848
4,25,2.0,166.0,200.0,358.0,408.0,0.0001503670400407,0.0026581127749469,0.0165513981689145,0.047525743323713,0.148356151121466
4,25,7.0,470.0,515.0,632.0,564.0,0.0002560882374203,0.0037700786292578,0.0248088423407963,0.0551029407572966,0.149588293009095
4,26,3.0,311.0,278.0,270.0,170.0,0.0002137735543228,0.0049987533313511,0.0320455321945747,0.0685856649121308,0.166632396649193
4,26,3.0,182.0,198.0,343.0,382.0,0.0002255505600611,0.0029143164159056,0.0163858841872254,0.045534441229144,0.138902082667647
4,26,6.0,493.0,476.0,613.0,552.0,0.0002195042035031,0.0039545718387746,0.0229301144742117,0.0534463650066817,0.146405563370604
4,27,9.0,317.0,296.0,284.0,172.0,0.0006413206629686,0.005095192302374,0.0341204227683241,0.0721419586483154,0.168592777786243
4,27,2.0,162.0,221.0,355.0,407.0,0.0001503670400407,0.0025940618647072,0.0182892949766505,0.0471274829047992,0.147992533104012
4,27,11.0,479.0,517.0,639.0,579.0,0.000402424373089,0.0038422716242861,0.0249051873595955,0.0557132581391021,0.153566705057209
4,28,7.0,329.0,319.0,314.0,194.0,0.0004988049600867,0.0052880702444197,0.0367716718347817,0.0797625880829965,0.190156970293785
4,28,5.0,170.0,223.0,355.0,369.0,0.0003759176001019,0.0027221636851865,0.0184548089583397,0.0471274829047992,0.134175048440738
4,28,12.0,499.0,542.0,669.0,563.0,0.0004390084070062,0.0040027005021269,0.0261095000945856,0.0583289040611257,0.149323065539221
4,29,7.00602409638554,348.299483648881,339.2917383821,299.257314974182,169.145438898451,0.000499234224252,0.0055982739684814,0.0391107349844489,0.0760176367678639,0.165794763917227
4,29,2.0,176.0,211.0,334.0,379.0,0.0001503670400407,0.0028182400505461,0.0174617250682048,0.0443396599724026,0.137811228615283
4,29,9.00602409638554,524.299483648881,550.2917383821,633.257314974182,548.145438898451,0.0003294766910011,0.0042056388907139,0.0265089339397364,0.0552125637834605,0.145383227882164
4,30,4.0,405.0,331.0,319.0,164.0,0.0002850314057638,0.0065096305440425,0.0381549322172813,0.0810326929887768,0.160751253238045
4,30,3.0,173.0,222.0,381.0,387.0,0.0002255505600611,0.0027702018678663,0.0183720519674951,0.0505790732020521,0.14072017275492
4,30,7.0,578.0,553.0,700.0,551.0,0.0002560882374203,0.0046363945695979,0.0266393976979813,0.06103173818055,0.14614033590073
4,31,7.0,361.0,373.0,298.0,191.0,0.0004988049600867,0.0058024114232082,0.04299634355603,0.0756982523844999,0.187216398588211
4,31,3.0,170.0,214.0,416.0,446.0,0.0002255505600611,0.0027221636851865,0.0177099960407385,0.0552254447560464,0.16217363578474
4,31,10.0,531.0,587.0,714.0,637.0,0.0003658403391718,0.0042593867066721,0.0282772630175678,0.062252372944161,0.168949898309918
4,32,2.0,379.0,323.0,308.0,177.0,0.0001425157028819,0.0060917283362768,0.0372327586289483,0.0782384621960603,0.173493730628866
4,32,4.0,167.0,211.0,410.0,438.0,0.0003007340800815,0.0026741255025068,0.0174617250682048,0.0544289239182188,0.159264691645103
4,32,6.0,546.0,534.0,718.0,615.0,0.0002195042035031,0.0043797083650527,0.0257241200193888,0.0626011257337642,0.163114893972684
4,33,2.0,353.0,328.0,282.0,151.0,0.0001425157028819,0.0056738261285111,0.0378091171216564,0.0716339166860033,0.148008775847225
4,33,2.0,142.0,196.0,362.0,381.0,0.0001503670400407,0.0022738073135088,0.0162203702055362,0.048056757215598,0.138538464650193
4,33,4.0,495.0,524.0,644.0,532.0,0.0001463361356687,0.0039706147265587,0.0252423949253927,0.056149199126106,0.141101013973118
4,34,4.0036036036036,319.287387387387,318.286486486486,286.257657657658,183.164864864865,0.000285288190814,0.0051319578500357,0.0366894239201466,0.072715451061628,0.179536473025636
4,34,7.0,167.0,224.0,404.0,410.0,0.0005262846401427,0.0026741255025068,0.0185375659491842,0.0536324030803912,0.149083387156375
4,34,11.0036036036036,486.287387387387,542.286486486486,690.257657657658,593.164864864865,0.0004025562074455,0.0039007269933336,0.0261233008675487,0.0601823209132599,0.157323616326429
4,35,5.0046511627907,321.298604651163,315.293023255814,281.261395348837,153.142325581395,0.0003566206890719,0.005164284470606,0.036344362329025,0.0714462956078285,0.150108663176818
4,35,2.0,170.0,206.0,374.0,426.0,0.0001503670400407,0.0027221636851865,0.0170479401139819,0.0496497988912532,0.154901275435648
4,35,7.0046511627907,491.298604651163,521.293023255814,655.261395348837,579.142325581395,0.0002562583957176,0.0039409241914458,0.0251119930627389,0.0571310598867887,0.153604453711061
4,36,5.0,383.0,317.0,301.0,151.0,0.0003562892572048,0.0061560209836253,0.0365411284376984,0.076460315327968,0.148008775847225
4,36,8.0,166.0,198.0,351.0,387.0,0.0006014681601631,0.0026581127749469,0.0163858841872254,0.0465964690129141,0.14072017275492
4,36,13.0,549.0,515.0,652.0,538.0,0.0004755924409234,0.0044037726967288,0.0248088423407963,0.0568467047053123,0.142692378792364
4,37,6.0,366.0,313.0,298.0,179.0,0.0004275471086457,0.0058827772323939,0.0360800416435319,0.0756982523844999,0.175454111765915
4,37,7.0,186.0,203.0,405.0,393.0,0.0005262846401427,0.0029783673261453,0.0167996691414482,0.0537651565533624,0.142901880859648
4,37,13.0,552.0,516.0,703.0,572.0,0.0004755924409234,0.0044278370284049,0.0248570148501959,0.0612933027727524,0.151710112768089
4,38,6.0,363.0,337.0,296.0,188.0,0.0004275471086457,0.0058345577468825,0.0388465624085311,0.0751902104221878,0.184275826882637
4,38,4.0,165.0,219.0,373.0,434.0,0.0003007340800815,0.0026421000473869,0.0181237809949614,0.049517045418282,0.157810219575285
4,38,10.0,528.0,556.0,669.0,622.0,0.0003658403391718,0.004235322374996,0.0267839152261801,0.0583289040611257,0.164971486261804
4,39,3.0,367.0,352.0,269.0,192.0,0.0002137735543228,0.0058988503942311,0.0405756378866557,0.0683316439309748,0.188196589156736
4,39,5.00424448217317,186.157894736842,209.177419354839,379.321731748727,399.338709677419,0.0003762367152124,0.0029808956515495,0.0173108937784397,0.0503562772631181,0.145206749905771
4,39,8.00424448217317,553.157894736842,561.177419354839,648.321731748727,591.338709677419,0.0002928275516173,0.0044371250160693,0.0270333245087167,0.0565260031269273,0.156839269806465
4,40,4.0,351.0,350.0,310.0,205.0,0.0002850314057638,0.0056416798048368,0.0403450944895724,0.0787465041583724,0.200939066547557
4,40,3.0,179.0,240.0,399.0,457.0,0.0002255505600611,0.0028662782332258,0.0198616778026974,0.0529686357155349,0.16617343397674
4,40,7.0,530.0,590.0,709.0,662.0,0.0002560882374203,0.00425136526278,0.0284217805457666,0.0618164319571571,0.175580585056775
4,41,5.0,357.0,313.0,324.0,200.0,0.0003562892572048,0.0057381187758596,0.0360800416435319,0.082302797894557,0.196038113704933
4,41,6.0,184.0,227.0,415.0,481.0,0.0004511011201223,0.0029463418710254,0.018785836921718,0.0550926912830751,0.17490026639565
4,41,11.0,541.0,540.0,739.0,681.0,0.000402424373089,0.0043396011455925,0.0260131550757864,0.0644320778791807,0.180619906984386
4,42,5.0,370.0,303.0,297.0,202.0,0.0003562892572048,0.0059470698797425,0.0349273246581155,0.0754442314033439,0.197998494841983
4,42,7.0,192.0,211.0,412.0,433.0,0.0005262846401427,0.0030744436915048,0.0174617250682048,0.0546944308641613,0.15744660155783
4,42,12.0,562.0,514.0,709.0,635.0,0.0004390084070062,0.0045080514673253,0.0247606698313967,0.0618164319571571,0.168419443370169
4,43,4.0,367.0,349.0,292.0,174.0,0.0002850314057638,0.0058988503942311,0.0402298227910308,0.0741741264975637,0.170553158923292
4,43,4.0,169.0,229.0,376.0,445.0,0.0003007340800815,0.0027061509576266,0.0189513509034071,0.0499153058371958,0.161810017767285
4,43,8.0,536.0,578.0,668.0,619.0,0.0002926722713375,0.0042994939261323,0.0278437104329714,0.0582417158637249,0.164175803852181
4,44,5.0,350.0,315.0,285.0,181.0,0.0003562892572048,0.0056256066429997,0.0363105850406152,0.0723959796294714,0.177414492902965
4,44,2.0,165.0,237.0,399.0,422.0,0.0001503670400407,0.0026421000473869,0.0196134068301637,0.0529686357155349,0.15344680336583
4,44,7.0,515.0,552.0,684.0,603.0,0.0002560882374203,0.0041310436043995,0.0265912251885816,0.0596367270221375,0.159932164334192
4,45,2.0,355.0,313.0,298.0,192.0,0.0001425157028819,0.0057059724521854,0.0360800416435319,0.0756982523844999,0.188196589156736
4,45,4.0,164.0,210.0,384.0,440.0,0.0003007340800815,0.002626087319827,0.0173789680773602,0.0509773336209659,0.159991927680012
4,45,6.0,519.0,523.0,682.0,632.0,0.0002195042035031,0.0041631293799676,0.0251942224159931,0.0594623506273359,0.167623760960546
4,46,5.0,369.0,352.0,268.0,189.0,0.0003562892572048,0.0059309967179053,0.0405756378866557,0.0680776229498187,0.185256017451162
4,46,7.0,175.0,215.0,388.0,440.0,0.0005262846401427,0.0028022273229861,0.0177927530315831,0.0515083475128509,0.159991927680012
4,46,12.0,544.0,567.0,656.0,629.0,0.0004390084070062,0.0043636654772686,0.0273138128295757,0.0571954574949155,0.166828078550924
4,47,4.0,383.0,358.0,356.0,167.0,0.0002850314057638,0.0061560209836253,0.0412672680779055,0.0904314692915502,0.163691824943619
4,47,4.0,180.0,235.0,408.0,460.0,0.0003007340800815,0.0028822909607858,0.0194478928484745,0.0541634169722762,0.167264288029104
4,47,8.0,563.0,593.0,764.0,627.0,0.0002926722713375,0.0045160729112173,0.0285662980739654,0.0666117828142003,0.166297623611175
4,48,3.00236406619385,367.289204097715,359.282899921198,341.268715524035,199.156816390859,0.0002139420126005,0.0059034988184976,0.0414151501308809,0.0866894139552768,0.195211633083719
4,48,3.0,172.0,245.0,407.0,462.0,0.0002255505600611,0.0027541891403064,0.0202754627569203,0.054030663499305,0.167991524064013
4,48,6.00236406619385,539.289204097715,604.282899921198,748.268715524035,661.156816390859,0.0002195906905809,0.0043258780922516,0.0291098236764741,0.065240200477942,0.175356949601483
4,49,6.0,384.0,358.0,369.0,200.0,0.0004275471086457,0.0061720941454625,0.0412672680779055,0.0937337420465787,0.196038113704933
4,49,3.0,203.0,211.0,420.0,490.0,0.0002255505600611,0.0032505836946639,0.0174617250682048,0.0557564586479314,0.178172828552741
4,49,9.0,587.0,569.0,789.0,690.0,0.0003292563052547,0.0047085875646262,0.0274101578483749,0.06879148774922,0.183006954213255
4,50,3.0,400.0,376.0,331.0,184.0,0.0002137735543228,0.0064292647348567,0.0433421586516549,0.0840809447626492,0.180355064608539
4,50,0.0,178.0,255.0,446.0,504.0,0.0,0.0028502655056659,0.021103032665366,0.0592080489451843,0.183263480797105
4,50,3.0,578.0,631.0,777.0,688.0,0.0001097521017515,0.0046363945695979,0.0303968534311504,0.0677452293804105,0.182476499273506
4,51,3.0,424.0,395.0,350.0,213.0,0.0002137735543228,0.0068150206189482,0.045532320923946,0.088907343404614,0.208780591095754
4,51,4.0,191.0,263.0,469.0,485.0,0.0003007340800815,0.0030584309639449,0.0217650885921226,0.0622613788235234,0.176354738465468
4,51,7.0,615.0,658.0,819.0,698.0,0.0002560882374203,0.0049331879936033,0.0316975111849397,0.0714071336712435,0.185128773972249
4,52,7.0,404.0,387.0,364.0,211.0,0.0004988049600867,0.0064935573822053,0.0446101473356129,0.0924636371407986,0.206820209958705
4,52,2.0,194.0,276.0,462.0,553.0,0.0001503670400407,0.0031064691466247,0.022840929473102,0.0613321045127246,0.201080763652379
4,52,9.0,598.0,663.0,826.0,764.0,0.0003292563052547,0.0047968234474386,0.0319383737319377,0.072017451053049,0.202633786983952
5,1,4.0,429.0,395.0,361.0,230.0,0.0002850298957007,0.006931539899852,0.0441652296187762,0.0891271958685978,0.22115836501467
5,1,3.0,236.0,292.0,502.0,602.0,0.0002255999398507,0.0038189687473253,0.0235313282047798,0.0656590164086168,0.21648692019002
5,1,7.0,665.0,687.0,863.0,832.0,0.0002561148188829,0.005376439856854,0.0321739524794092,0.073786213418604,0.217758452453332
5,2,4.0027045300879,417.281947261663,463.313049357674,369.249492900609,226.152805949966,0.0002852226136829,0.006742206216625,0.0518033600259673,0.0911639110197588,0.217459064379889
5,2,3.0,212.0,287.0,528.0,580.0,0.0002255999398507,0.0034305990442075,0.0231283945026432,0.0690596825971109,0.208575438056829
5,2,7.0027045300879,629.281947261663,750.313049357674,897.249492900609,806.152805949966,0.0002562137717734,0.0050876639736185,0.0351390631655232,0.0767145336881791,0.210993494548769
5,3,7.0,397.0,385.0,368.0,251.0,0.0004988023174763,0.0064145019586043,0.0430471225398199,0.0908554240433351,0.241351085298618
5,3,3.0,205.0,278.0,549.0,594.0,0.0002255999398507,0.0033173245474648,0.0224031138387972,0.0718063745185869,0.213610017596132
5,3,10.0,602.0,663.0,917.0,845.0,0.0003658783126898,0.0048670929230468,0.0310499716067661,0.078403195486512,0.221160928272916
5,4,7.0,418.0,446.0,408.0,281.0,0.0004988023174763,0.0067538081075481,0.0498675757214537,0.100731013613263,0.270197828561401
5,4,5.0,231.0,259.0,556.0,623.0,0.0003759998997513,0.0037380583925091,0.020871965770678,0.0727219384924122,0.224038789498974
5,4,12.0,649.0,705.0,964.0,904.0,0.0004390539752278,0.0052470819054109,0.0330169381338916,0.0824216798789505,0.23660293391564
5,5,8.0,467.0,429.0,405.0,257.0,0.0005700597914015,0.0075455224550836,0.0479667936872279,0.0999903443955183,0.247120433951174
5,5,4.0,234.0,313.0,616.0,651.0,0.000300799919801,0.0037866046053988,0.0252236497537537,0.0805696296966294,0.234107948577579
5,5,12.0,701.0,742.0,1021.0,908.0,0.0004390539752278,0.005667495247601,0.0347497419792164,0.0872951609506311,0.237649849552435
5,6,3.0,436.0,439.0,404.0,247.0,0.0002137724217755,0.0070446419494999,0.0490849007661842,0.0997434546562701,0.23750485286358
5,6,3.0,201.0,320.0,537.0,673.0,0.0002255999398507,0.0032525962636118,0.025787756936745,0.0702368362777435,0.242019430710769
5,6,6.0,637.0,759.0,941.0,920.0,0.0002195269876139,0.0051500634418286,0.0355458950973386,0.0804551875166934,0.240790596462819
5,7,7.0,439.0,366.0,376.0,234.0,0.0004988023174763,0.0070931142564919,0.0409227190898028,0.0928305419573207,0.225004597449707
5,7,4.0,234.0,264.0,531.0,579.0,0.000300799919801,0.0037866046053988,0.0212748994728146,0.0694520671573218,0.208215825232594
5,7,11.0,673.0,630.0,907.0,813.0,0.0004024661439588,0.0054411188325756,0.0295044979068818,0.0775481988072698,0.212785603178557
5,8,3.0,367.0,425.0,381.0,221.0,0.0002137724217755,0.0059297788886845,0.0475195508556453,0.0940649906535616,0.212504342035835
5,8,3.0,180.0,275.0,486.0,547.0,0.0002255999398507,0.0029127727733837,0.0221613536175152,0.0635662987541589,0.196708214857044
5,8,6.0,547.0,700.0,867.0,768.0,0.0002195269876139,0.0044224249649611,0.0327827754520909,0.0741282120903009,0.201007802264614
5,9,9.00627615062761,427.297768479777,397.276847977685,377.26290097629,224.156206415621,0.0006417644879664,0.0069040362035787,0.0444198056029319,0.0931423392500532,0.215539217907693
5,9,12.0,178.0,275.0,475.0,534.0,0.0009023997594031,0.0028804086314572,0.0221613536175152,0.0621275553667191,0.192033248141977
5,9,21.0062761506276,605.297768479777,672.276847977685,852.26290097629,758.156206415621,0.0007685740873889,0.0048937549589767,0.0314844299269885,0.0728681950176073,0.198431396907398
5,10,9.0,339.0,362.0,323.0,216.0,0.0006413172653267,0.0054773706900928,0.0404754762582202,0.0797453857771664,0.207696551492038
5,10,4.0,192.0,272.0,477.0,519.0,0.000300799919801,0.0031069576249426,0.0219195933962333,0.0623891450735263,0.186639055778439
5,10,13.0,531.0,634.0,800.0,735.0,0.0004756418064968,0.004293067013518,0.0296918280523224,0.068399734339378,0.192370748261057
5,11,8.0,381.0,376.0,349.0,194.0,0.0005700597914015,0.0061559829879804,0.0420408261687591,0.0861645189976195,0.18654227309933
5,11,3.0,187.0,236.0,493.0,506.0,0.0002255999398507,0.0030260472701264,0.0190184707408494,0.0644818627279842,0.181964089063372
5,11,11.0,568.0,612.0,842.0,700.0,0.0004024661439588,0.0045922072762302,0.0286615122523995,0.0719907203921953,0.183210236439102
5,12,6.0,348.0,360.0,281.0,208.0,0.0004275448435511,0.0056227876110687,0.040251854842429,0.0693760167287423,0.200004086621962
5,12,5.0,149.0,235.0,411.0,466.0,0.0003759998997513,0.0024111285735232,0.0189378840004221,0.0537566847488875,0.167579576093935
5,12,11.0,497.0,595.0,692.0,674.0,0.0004024661439588,0.0040181813667014,0.0278653591342773,0.059165770203562,0.176405284799935
5,13,3.0,336.0,313.0,286.0,193.0,0.0002137724217755,0.0054288983831008,0.0349967515713341,0.0706104654249833,0.185580714990571
5,13,6.0,172.0,227.0,431.0,444.0,0.0004511998797015,0.0027833162056778,0.0182931900770035,0.0563725818169599,0.159668093960745
5,13,9.0,508.0,540.0,717.0,637.0,0.0003292904814208,0.0041071149583186,0.0252895696344701,0.0613032619016675,0.166721315159583
5,14,6.00519031141869,331.286332179931,331.286332179931,302.261245674741,186.160899653979,0.0004279146920317,0.0053527375985566,0.0370413593171869,0.0746252001294708,0.179004522596235
5,14,5.0,198.0,229.0,373.0,452.0,0.0003759998997513,0.0032040500507221,0.0184543635578581,0.0487864803195499,0.162544996554633
5,14,11.0051903114187,529.286332179931,560.286332179931,675.261245674741,638.160899653979,0.0004026560461972,0.0042792122286019,0.0262396300239004,0.0577346122672872,0.167025156159708
5,15,8.00676246830093,342.289095519865,341.288250211327,311.262890955199,181.153000845309,0.0005705416678101,0.0055305140393477,0.0381596808525914,0.0768476139855678,0.174189136888911
5,15,5.0,161.0,211.0,373.0,459.0,0.0003759998997513,0.0026053134250821,0.0170038022301662,0.0487864803195499,0.165062286324284
5,15,13.0067624683009,503.289095519865,552.288250211327,684.262890955199,640.153000845309,0.0004758892305459,0.0040690278987564,0.0258650595592945,0.058504249949538,0.167546546631528
5,16,9.0,348.0,326.0,278.0,181.0,0.0006413172653267,0.0056227876110687,0.0364502907739774,0.0686353475109977,0.174042017685457
5,16,4.0,148.0,219.0,383.0,431.0,0.000300799919801,0.0023949465025599,0.0176484961535849,0.0500944288535861,0.154993127245678
5,16,13.0,496.0,545.0,661.0,612.0,0.0004756418064968,0.0040100964947362,0.0255237323162708,0.0565152804979111,0.160178092429615
5,17,7.0,346.0,333.0,295.0,186.0,0.0004988023174763,0.0055904727397407,0.0372329657292468,0.072832473078217,0.178849808229255
5,17,2.0,173.0,237.0,403.0,460.0,0.0001503999599005,0.002799498276641,0.0190990574812768,0.0527103259216585,0.16542189914852
5,17,9.0,519.0,570.0,698.0,646.0,0.0003292904814208,0.0041960485499357,0.026694545725274,0.0596787682111073,0.169076875342371
5,18,5.0,337.0,301.0,302.0,171.0,0.0003562873696259,0.0054450558187648,0.0336550230765865,0.0745607012529544,0.164426436597863
5,18,1.0,171.0,216.0,374.0,438.0,7.51999799502616e-05,0.0027671341347145,0.0174067359323029,0.0489172751729536,0.15751041701533
5,18,6.0,508.0,517.0,676.0,609.0,0.0002195269876139,0.0041071149583186,0.0242124212981872,0.0577977755167744,0.159392905702019
5,19,2.0,304.0,284.0,305.0,203.0,0.0001425149478503,0.0049118604418531,0.0317542410423606,0.0753013704706989,0.195196296078165
5,19,4.00337837837838,159.134290540541,213.179898648649,400.337837837838,408.344594594595,0.0003010539737873,0.0025751223822123,0.0171794731567228,0.0523621288119219,0.146845952923631
5,19,6.00337837837838,463.134290540541,497.179898648649,705.337837837838,611.344594594595,0.0002196505951519,0.0037443814417112,0.0232841956809885,0.0603061509095242,0.160006553887775
5,20,3.0,327.0,302.0,306.0,160.0,0.0002137724217755,0.0052834814621249,0.0337668337844821,0.0755482602099471,0.153849297401509
5,20,2.0,173.0,209.0,362.0,364.0,0.0001503999599005,0.002799498276641,0.0168426287493116,0.0473477369321101,0.130899068021872
5,20,5.0,500.0,511.0,668.0,524.0,0.0001829391563449,0.004042435982597,0.0239314260800264,0.0571137781733806,0.137145948420128
5,21,4.0,296.0,329.0,281.0,171.0,0.0002850298957007,0.0047826009565412,0.0367857228976643,0.0693760167287423,0.164426436597863
5,21,2.0,160.0,222.0,385.0,433.0,0.0001503999599005,0.0025891313541188,0.0178902563748668,0.0503560185603934,0.15571235289415
5,21,6.0,456.0,551.0,666.0,604.0,0.0002195269876139,0.0036867016161285,0.0258047275344316,0.0569427788375322,0.158084261156025
5,22,4.003663003663,344.315018315018,291.266483516484,278.254578754579,175.160256410256,0.0002852909120887,0.0055632477565706,0.0325667117082506,0.0686982003933338,0.168426764883663
5,22,2.0,166.0,204.0,351.0,380.0,0.0001503999599005,0.0026862237798983,0.0164396950471749,0.0459089935446703,0.136652873209647
5,22,6.003663003663,510.315018315018,495.266483516484,629.254578754579,555.160256410256,0.0002196610089738,0.0041258315849926,0.0231945855972394,0.053801057523313,0.145301488340736
5,23,7.00620017714792,335.296722763507,316.279893711249,299.264836138175,172.15234720992,0.0004992441264377,0.0054175352263982,0.0353634788090113,0.0738854173603074,0.165534485401668
5,23,2.0,183.0,229.0,351.0,393.0,0.0001503999599005,0.0029613189862734,0.0184543635578581,0.0459089935446703,0.141327839924714
5,23,9.00620017714792,518.296722763507,545.279893711249,650.264836138175,565.15234720992,0.0003295173324562,0.0041903626435226,0.0255368404486798,0.0555974275526129,0.147916707366347
5,24,6.0,373.0,358.0,332.0,196.0,0.0004275448435511,0.0060267235026685,0.0400282334266377,0.0819673934304002,0.188465389316849
5,24,5.0,175.0,220.0,460.0,498.0,0.0003759998997513,0.0028318624185675,0.0177290828940122,0.0601656325656648,0.179087186469485
5,24,11.0,548.0,578.0,792.0,694.0,0.0004024661439588,0.0044305098369263,0.0270692060161551,0.0677157369959842,0.181639862983909
5,25,10.0,313.0,339.0,276.0,191.0,0.0007125747392518,0.005057277362829,0.0379038299766206,0.0681415680325013,0.183657598773052
5,25,1.0,155.0,216.0,345.0,371.0,7.51999799502616e-05,0.0025082209993026,0.0174067359323029,0.0451242244242486,0.133416357791524
5,25,11.0,468.0,555.0,621.0,562.0,0.0004024661439588,0.0037837200797108,0.0259920576798721,0.0530952937809422,0.147091646969679
5,26,9.00802139037433,364.324420677362,297.264705882353,295.262923351159,157.139928698752,0.0006418888493421,0.0058865483879151,0.0332373771970939,0.0728973861558268,0.151099172650164
5,26,5.0,167.0,209.0,389.0,354.0,0.0003759998997513,0.0027024058508615,0.0168426287493116,0.0508791979740079,0.127302939779513
5,26,14.0080213903743,531.324420677362,506.264705882353,684.262923351159,511.139928698752,0.0005125231230433,0.0042956899131574,0.0237096602460858,0.0585042527193818,0.133780095986234
5,27,6.0,363.0,285.0,286.0,167.0,0.0004275448435511,0.0058651491460286,0.0318660517502563,0.0706104654249833,0.160580204162825
5,27,4.0,160.0,206.0,361.0,404.0,0.000300799919801,0.0025891313541188,0.0166008685280296,0.0472169420787065,0.145283580991309
5,27,10.0,523.0,491.0,647.0,571.0,0.0003658783126898,0.0042283880377965,0.0229947753528238,0.0553182851469719,0.149447207152467
5,28,5.0,302.0,292.0,268.0,129.0,0.0003562873696259,0.0048795455705251,0.0326487267055257,0.0661664501185158,0.124040996029967
5,28,5.0,143.0,188.0,346.0,387.0,0.0003759998997513,0.0023140361477437,0.0151503072003377,0.0452550192776522,0.139170162979298
5,28,10.0,445.0,480.0,614.0,516.0,0.0003658783126898,0.0035977680245113,0.0224796174528623,0.0524967961054726,0.135052117146538
5,29,4.00358422939068,336.301075268817,295.264336917563,285.255376344086,196.175627240143,0.0002852852988331,0.0054337629873868,0.0330137145270883,0.0704266254847366,0.188634265113728
5,29,3.0,157.0,224.0,359.0,432.0,0.0002255999398507,0.0025405851412291,0.0180514298557215,0.0469553523718993,0.155352740069914
5,29,7.00358422939068,493.301075268817,519.264336917563,644.255376344086,628.175627240143,0.000256245958063,0.0039882760338409,0.0243184659392105,0.0550836207358143,0.164411721702782
5,30,6.0,364.0,328.0,305.0,193.0,0.0004275448435511,0.0058813065816926,0.0366739121897686,0.0753013704706989,0.185580714990571
5,30,5.0,189.0,228.0,390.0,463.0,0.0003759998997513,0.0030584114120529,0.0183737768174308,0.0510099928274115,0.166500737621228
5,30,11.0,553.0,556.0,695.0,656.0,0.0004024661439588,0.0044709341967523,0.0260388902162322,0.0594222692073346,0.171694164434358
5,31,3.0,321.0,343.0,262.0,143.0,0.0002137724217755,0.005186536848141,0.0383510728082032,0.0646851116830266,0.137502809552599
5,31,3.0,143.0,206.0,358.0,388.0,0.0002255999398507,0.0023140361477437,0.0166008685280296,0.0468245575184957,0.139529775803534
5,31,6.0,464.0,549.0,620.0,531.0,0.0002195269876139,0.00375138059185,0.0257110624617113,0.0530097941130179,0.138978050784519
5,32,2.0,328.0,280.0,281.0,180.0,0.0001425149478503,0.0052996388977889,0.0313069982107781,0.0693760167287423,0.173080459576698
5,32,3.0,136.0,210.0,358.0,437.0,0.0002255999398507,0.002200761651001,0.0169232154897389,0.0468245575184957,0.157150804191094
5,32,5.0,464.0,490.0,639.0,617.0,0.0001829391563449,0.00375138059185,0.0229479428164636,0.0546342878035782,0.161486736975608
5,33,6.0,346.0,306.0,281.0,149.0,0.0004275448435511,0.0055904727397407,0.0342140766160646,0.0693760167287423,0.143272158205156
5,33,4.0,156.0,200.0,362.0,408.0,0.000300799919801,0.0025244030702659,0.0161173480854656,0.0473477369321101,0.146722032288252
5,33,10.0,502.0,506.0,643.0,557.0,0.0003658783126898,0.0040586057265274,0.0236972633982257,0.054976286475275,0.145783002423685
5,34,9.0,328.0,303.0,264.0,191.0,0.0006413172653267,0.0052996388977889,0.0338786444923777,0.065178891161523,0.183657598773052
5,34,2.0,150.0,195.0,380.0,413.0,0.0001503999599005,0.0024273106444864,0.015714414383329,0.0497020442933753,0.148520096409432
5,34,11.0,478.0,498.0,644.0,604.0,0.0004024661439588,0.0038645687993627,0.0233226031073447,0.0550617861431993,0.158084261156025
5,35,3.00259965337955,327.283362218371,319.276429809359,320.277296360485,185.160311958406,0.0002139576665084,0.0052880598689378,0.0356985236313758,0.0790731781855565,0.178042399384031
5,35,4.0,169.0,238.0,364.0,443.0,0.000300799919801,0.002734769992788,0.0191796442217041,0.0476093266389174,0.159308481136509
5,35,7.00259965337955,496.283362218371,557.276429809359,684.277296360485,628.160311958406,0.0002562099345621,0.0040123874419915,0.0260986686616902,0.0585054816069062,0.164407713250799
5,36,5.0,338.0,312.0,264.0,153.0,0.0003562873696259,0.0054612132544288,0.0348849408634384,0.065178891161523,0.147118390640193
5,36,3.0,159.0,199.0,380.0,386.0,0.0002255999398507,0.0025729492831556,0.0160367613450383,0.0497020442933753,0.138810550155062
5,36,8.0,497.0,511.0,644.0,539.0,0.0002927026501519,0.0040181813667014,0.0239314260800264,0.0550617861431993,0.141071882058108
5,37,6.0,330.0,324.0,283.0,156.0,0.0004275448435511,0.0053319537691169,0.0362266693581861,0.0698697962072387,0.150003064966472
5,37,5.0,160.0,204.0,330.0,356.0,0.0003759998997513,0.0025891313541188,0.0164396950471749,0.0431623016231943,0.128022165427985
5,37,11.0,490.0,528.0,613.0,512.0,0.0004024661439588,0.0039615872629451,0.0247275791981486,0.0524112964375484,0.134005201509743
5,38,7.0,327.0,286.0,284.0,187.0,0.0004988023174763,0.0052834814621249,0.0319778624581519,0.0701166859464869,0.179811366338014
5,38,6.0,162.0,223.0,354.0,405.0,0.0004511998797015,0.0026214954960453,0.0179708431152942,0.0463013781048812,0.145643193815545
5,38,13.0,489.0,509.0,638.0,592.0,0.0004756418064968,0.0039535023909799,0.0238377610073061,0.0545487881356539,0.15494351424564
5,39,5.0,360.0,334.0,335.0,190.0,0.0003562873696259,0.0058166768390366,0.0373447764371424,0.0827080626481447,0.182696040664292
5,39,3.0,181.0,217.0,402.0,467.0,0.0002255999398507,0.002928954844347,0.0174873226727302,0.0525795310682549,0.167939188918171
5,39,8.0,541.0,551.0,737.0,657.0,0.0002927026501519,0.00437391573317,0.0258047275344316,0.063013255260152,0.171955893343557
5,40,6.0,364.0,335.0,316.0,187.0,0.0004275448435511,0.0058813065816926,0.0374565871450381,0.0780171576024291,0.179811366338014
5,40,7.0,194.0,233.0,386.0,414.0,0.0005263998596518,0.0031393217668691,0.0187767105195675,0.050486813413797,0.148879709233668
5,40,13.0,558.0,568.0,702.0,601.0,0.0004756418064968,0.0045113585565783,0.0266008806525538,0.0600207668828042,0.157299074428429
5,41,8.0,327.0,350.0,308.0,196.0,0.0005700597914015,0.0052834814621249,0.0391337477634726,0.0760420396884435,0.188465389316849
5,41,5.0,155.0,203.0,399.0,431.0,0.0003759998997513,0.0025082209993026,0.0163591083067476,0.052187146508044,0.154993127245678
5,41,13.0,482.0,553.0,707.0,627.0,0.0004756418064968,0.0038969082872235,0.0258983926071518,0.0604482652224253,0.164104026067595
5,42,4.0,330.0,334.0,299.0,183.0,0.0002850298957007,0.0053319537691169,0.0373447764371424,0.0738200320352098,0.175965133902976
5,42,3.00241351568785,147.118262268705,219.176186645213,419.33708769107,455.366049879324,0.0002257814361821,0.0023806781600211,0.0176626944610294,0.0548471329112541,0.163755471258255
5,42,7.00241351568785,477.118262268705,553.176186645213,718.33708769107,638.366049879324,0.0002562031241876,0.0038574400626983,0.0259066438746199,0.0614175824552396,0.167078849904409
5,43,3.00255536626917,316.269165247019,323.275127768313,318.270868824531,214.182282793867,0.0002139545107208,0.0051100986899827,0.0361456208808273,0.0785778118143845,0.205948710773049
5,43,5.00424088210348,145.122985581001,239.202714164546,367.311280746395,423.358778625954,0.0003763188140004,0.0023483904510694,0.0192765670358907,0.0480424251187204,0.152245246046746
5,43,8.00679624837265,461.39215082802,562.477841932859,685.582149570926,637.541061419821,0.0002929513101406,0.00373029646519,0.026342263984088,0.0586170461230888,0.166862926574802
5,44,3.0,324.0,343.0,312.0,165.0,0.0002137724217755,0.0052350091551329,0.0383510728082032,0.0770295986454363,0.158657087945306
5,44,7.00609225413403,148.128807658834,205.178416013925,379.329852045257,410.35683202785,0.0005268579970405,0.0023970308772358,0.0165346597526045,0.0496143923898759,0.147569579310037
5,44,10.006092254134,472.128807658834,548.178416013925,691.329852045257,575.35683202785,0.0003661012150561,0.0038171009610014,0.0256725855998106,0.0591084727759713,0.150587516046678
5,45,4.0,310.0,337.0,303.0,195.0,0.0002850298957007,0.0050088050558371,0.0376802085608293,0.0748075909922026,0.187503831208089
5,45,3.0,172.0,236.0,414.0,469.0,0.0002255999398507,0.0027833162056778,0.0190184707408494,0.0541490693090983,0.168658414566643
5,45,7.0,482.0,573.0,717.0,664.0,0.0002561148188829,0.0038969082872235,0.0268350433343544,0.0613032619016675,0.173787995707948
5,46,9.00783289817232,307.267188859878,336.292428198433,301.261966927763,196.170583115753,0.0006418754178639,0.0049646498356587,0.0376010944568092,0.0743784884601933,0.188629414895018
5,46,4.0,165.0,231.0,365.0,443.0,0.000300799919801,0.0026700417089351,0.0186155370387128,0.047740121492321,0.159308481136509
5,46,13.0078328981723,472.267188859878,567.292428198433,666.261966927763,639.170583115753,0.0004759283952535,0.0038182197552942,0.0265677432704295,0.056965176922863,0.167289419510794
5,47,9.0,313.0,334.0,292.0,180.0,0.0006413172653267,0.005057277362829,0.0373447764371424,0.0720918038604724,0.173080459576698
5,47,9.0,152.0,219.0,375.0,418.0,0.0006767998195523,0.0024596747864129,0.0176484961535849,0.0490480700263572,0.150318160530612
5,47,18.0,465.0,553.0,667.0,598.0,0.0006585809628417,0.0037594654638152,0.0258983926071518,0.0570282785054564,0.156513887700833
5,48,8.00705467372134,328.289241622575,321.283068783069,295.260141093474,182.160493827161,0.0005705624896302,0.005304312300697,0.0359228873555172,0.0728966992449527,0.175157899935129
5,48,4.0,162.0,241.0,371.0,442.0,0.000300799919801,0.0026214954960453,0.0194214044429861,0.0485248906127427,0.158948868312274
5,48,12.0070546737213,490.289241622575,562.283068783069,666.260141093474,624.160493827161,0.0004393120904396,0.0039639257444306,0.0263331422634685,0.0569650208146376,0.163360845214315
5,49,7.00572363041701,349.285363859362,344.281275551922,337.275551921505,186.152085036795,0.0004992101689215,0.0056435557949312,0.0384943331346729,0.0832698730686907,0.178996046829605
5,49,6.0,177.0,248.0,419.0,484.0,0.0004511998797015,0.002864226560494,0.0199855116259774,0.0548030435761164,0.174052606930182
5,49,13.005723630417,526.285363859362,592.281275551922,756.275551921505,670.152085036795,0.0004758512217207,0.0042549497839585,0.0277380343727095,0.0646613085484967,0.175398174213926
5,50,7.00552050473186,366.288643533123,348.274447949527,360.283911671924,187.147476340694,0.0004991956946983,0.0059182851923368,0.0389408125671984,0.0889504010080005,0.179953173409258
5,50,8.0,177.0,225.0,388.0,459.0,0.000601599839602,0.002864226560494,0.0181320165961488,0.0507484031206042,0.165062286324284
5,50,15.0055205047319,543.288643533123,573.274447949527,748.283911671924,646.147476340694,0.0005490194523304,0.0043924191231092,0.0268478964279296,0.0639780259609877,0.169115474164153
5,51,10.0,354.0,366.0,309.0,193.0,0.0007125747392518,0.0057197322250527,0.0409227190898028,0.0762889294276917,0.185580714990571
5,51,4.0,194.0,243.0,400.0,463.0,0.000300799919801,0.0031393217668691,0.0195825779238407,0.0523179413614477,0.166500737621228
5,51,14.0,548.0,609.0,709.0,656.0,0.0005122296377658,0.0044305098369263,0.0285210146433191,0.0606192645582737,0.171694164434358
5,52,4.0,340.0,358.0,324.0,198.0,0.0002850298957007,0.0054935281257568,0.0400282334266377,0.0799922755164146,0.190388505534368
5,52,2.0,152.0,231.0,426.0,459.0,0.0001503999599005,0.0024596747864129,0.0186155370387128,0.0557186075499418,0.165062286324284
5,52,6.0,492.0,589.0,750.0,657.0,0.0002195269876139,0.0039777570068755,0.0275843639161165,0.0641247509431669,0.171955893343557
6,1,2.0,390.0,348.0,332.0,194.0,0.0001427532737252,0.006350938326182,0.0375876668525962,0.080241102575217,0.184316433995894
6,1,3.0,199.0,277.0,423.0,444.0,0.0002259497540392,0.0032588023538822,0.0216520261582941,0.0547191609012208,0.158368995071284
6,1,5.0,589.0,625.0,755.0,638.0,0.0001832342509727,0.0048091986204781,0.0283425940722056,0.0636169188563743,0.165451420156275
6,2,8.0,378.0,375.0,322.0,219.0,0.0005710130949008,0.0061555248392225,0.0405039513497804,0.0778242018952406,0.208068551778871
6,2,2.0,168.0,240.0,421.0,452.0,0.0001506331693595,0.0027511497258905,0.0187598782598938,0.0544604414643356,0.161222490477974
6,2,10.0,546.0,615.0,743.0,671.0,0.0003664685019454,0.0044581026261138,0.0278891125670504,0.0626057890202465,0.174009252233323
6,3,5.0,344.0,347.0,343.0,203.0,0.000356883184313,0.0056018532928374,0.0374796563156634,0.082899693323191,0.192867196397766
6,3,2.0,195.0,228.0,447.0,470.0,0.0001506331693595,0.0031932987889801,0.0178218843468991,0.0578237941438433,0.167642855143026
6,3,7.0,539.0,575.0,790.0,673.0,0.0002565279513618,0.0044009474642406,0.0260751865464292,0.0665660475450803,0.174527908722841
6,4,4.00311526479751,368.286604361371,370.288161993769,334.260124610592,208.16199376947,0.0002857289045746,0.0059973474632258,0.0399950231967873,0.0807873522460341,0.197771527758064
6,4,4.0,202.0,265.0,461.0,506.0,0.000301266338719,0.0033079300275588,0.0207140322452994,0.0596348302020397,0.18048358447313
6,4,8.00311526479751,570.286604361371,635.288161993769,795.260124610592,714.16199376947,0.0002932889661987,0.0046564033123461,0.0288091431908272,0.0670092699563737,0.185202376317861
6,5,9.0066322770818,353.260132645542,396.291820191599,373.274871039057,226.166543846721,0.0006428631213962,0.0057526495270018,0.0428036922809505,0.0902168289632405,0.214877375520637
6,5,5.0,173.0,259.0,488.0,519.0,0.0003765829233987,0.0028330291820182,0.0202450352888021,0.06312754259999,0.185120514509001
6,5,14.0066322770818,526.260132645542,655.291820191599,861.274871039057,745.166543846721,0.0005132989547883,0.0042969261526852,0.0297162720936436,0.0725717266012263,0.193242731868939
6,6,8.0,366.0,364.0,357.0,201.0,0.0005710130949008,0.0059601113522631,0.0393158354435201,0.086283354275158,0.190967026975128
6,6,2.0,167.0,269.0,431.0,472.0,0.0001506331693595,0.002734773834665,0.0210266968829643,0.0557540386487616,0.168356228994698
6,6,10.0,533.0,633.0,788.0,673.0,0.0003664685019454,0.0043519573254921,0.0287053792763299,0.0663975259057257,0.174527908722841
6,7,7.0,336.0,376.0,378.0,207.0,0.0004996364580382,0.0054715776348645,0.0406119618867131,0.0913588457031085,0.196667535243042
6,7,6.0,179.0,294.0,464.0,504.0,0.0004518995080785,0.0029312845293714,0.0229808508683699,0.0600229093573675,0.179770210621458
6,7,13.0,515.0,670.0,842.0,711.0,0.0004764090525291,0.0042049869092466,0.0303832608454045,0.0709476101683008,0.184382382023685
6,8,8.0,324.0,340.0,356.0,196.0,0.0005710130949008,0.005276164147905,0.0367235825571342,0.0860416642071604,0.186216603418533
6,8,2.0,155.0,277.0,434.0,493.0,0.0001506331693595,0.0025382631399585,0.0216520261582941,0.0561421178040894,0.175846654437259
6,8,10.0,479.0,617.0,790.0,689.0,0.0003664685019454,0.0039110460767555,0.0279798088680814,0.0665660475450803,0.178677160638986
6,9,7.0,358.0,383.0,361.0,191.0,0.0004996364580382,0.0058298356942901,0.0413680356452423,0.0872501145471486,0.181466179861937
6,9,6.0,193.0,266.0,474.0,542.0,0.0004518995080785,0.003160547006529,0.0207921984047156,0.0613165065417935,0.193324313803234
6,9,13.0,551.0,649.0,835.0,733.0,0.0004764090525291,0.0044989277417376,0.0294309496845783,0.0703577844305596,0.190087603408384
6,10,4.0,349.0,387.0,363.0,202.0,0.0002855065474504,0.0056832755790705,0.0418000777929733,0.0877334946831439,0.191917111686447
6,10,4.0,147.0,234.0,433.0,483.0,0.000301266338719,0.0024072560101542,0.0182908813033964,0.0560127580856468,0.172279785178897
6,10,8.0,496.0,621.0,796.0,685.0,0.0002931748015563,0.0040498514698763,0.0281612014701435,0.0670716124631442,0.17763984765995
6,11,8.0,317.0,352.0,359.0,192.0,0.0005710130949008,0.0051621729471787,0.0380197090003272,0.0867667344111533,0.182416264573256
6,11,8.0,172.0,276.0,427.0,467.0,0.000602532677438,0.0028166532907927,0.0215738599988779,0.0552365997749912,0.166572794365517
6,11,16.0,489.0,628.0,786.0,659.0,0.0005863496031127,0.0039926963080031,0.0284786385237522,0.0662290042663711,0.170897313296215
6,12,10.0,378.0,365.0,373.0,215.0,0.000713766368626,0.0061555248392225,0.0394238459804529,0.0901503953631203,0.204268212933594
6,12,5.0,159.0,281.0,484.0,531.0,0.0003765829233987,0.0026037667048607,0.021964690795959,0.0626101037262196,0.189400757619036
6,12,15.0,537.0,646.0,857.0,746.0,0.0005497027529182,0.0043846174179911,0.0292949052330318,0.0722115224634606,0.193458870590252
6,13,7.0,306.0,367.0,325.0,220.0,0.0004996364580382,0.0049830439174659,0.0396398670543184,0.0785492720992335,0.20901863649019
6,13,3.0,180.0,264.0,448.0,472.0,0.0002259497540392,0.002947660420597,0.0206358660858832,0.0579531538622859,0.168356228994698
6,13,10.0,486.0,631.0,773.0,692.0,0.0003664685019454,0.0039682012386288,0.0286146829752988,0.065133613610566,0.179455145373263
6,14,9.00763358778626,329.279050042409,356.301950805768,305.258693808312,180.152671755725,0.0006429345915868,0.0053621306126234,0.0384843650167164,0.0737779944634022,0.171160299138393
6,14,3.0,210.0,261.0,401.0,473.0,0.0002259497540392,0.0034389371573632,0.0204013676076345,0.0518732470954836,0.168712915920535
6,14,12.0076335877863,539.279050042409,617.301950805768,706.258693808312,653.152671755725,0.0004400419492826,0.0044032259142898,0.0279935017786697,0.0595099364445195,0.169380935926097
6,15,5.0,378.0,323.0,314.0,218.0,0.000356883184313,0.0061555248392225,0.0348874034292775,0.0758906813512594,0.207118467067552
6,15,6.0,193.0,235.0,425.0,478.0,0.0004518995080785,0.003160547006529,0.0183690474628127,0.054977880338106,0.170496350549716
6,15,11.0,571.0,558.0,739.0,696.0,0.00040311535214,0.0046622282042326,0.0253042679876652,0.0622687457415372,0.180492458352299
6,16,6.00490196078431,350.285947712418,342.279411764706,334.272875816993,192.156862745098,0.0004286097066504,0.0057042165396148,0.0369697830457309,0.0807904340859763,0.18256529746915
6,16,4.0,185.0,224.0,387.0,484.0,0.000301266338719,0.0030295398767247,0.0175092197092342,0.0500622110372871,0.172636472104733
6,16,10.0049019607843,535.285947712418,566.279411764706,721.272875816993,676.156862745098,0.000366648143368,0.004370622141426,0.0256797239985511,0.0607750437273554,0.175346572397473
6,17,3.0,327.0,338.0,292.0,179.0,0.0002141299105878,0.0053250175196449,0.0365075614832687,0.0705734998553113,0.170065163326109
6,17,4.0,167.0,232.0,387.0,430.0,0.000301266338719,0.002734773834665,0.018134548984564,0.0500622110372871,0.153375378109577
6,17,7.0,494.0,570.0,679.0,609.0,0.0002565279513618,0.0040335214236268,0.0258484457938516,0.0572130965608982,0.157930901058262
6,18,9.0,292.0,307.0,279.0,164.0,0.0006423897317634,0.0047550615160132,0.0331592348383535,0.067431528971342,0.155813892656323
6,18,4.00334168755221,163.136173767753,201.167919799499,393.328320802005,436.364243943191,0.0003015180232125,0.0026715002365713,0.0157245236884778,0.050880840834449,0.155645420716946
6,18,13.0033416875522,455.136173767753,508.167919799499,672.328320802005,600.364243943191,0.0004765315148522,0.0037161973837242,0.023044475314231,0.056650935403051,0.155691405597882
6,19,2.0,320.0,303.0,319.0,162.0,0.0001427532737252,0.0052110263189185,0.0327271926906225,0.0770991316912476,0.153913723233685
6,19,3.0,166.0,255.0,346.0,416.0,0.0002259497540392,0.0027183979434394,0.0199323706511372,0.0447584625811404,0.14838176114787
6,19,5.0,486.0,558.0,665.0,578.0,0.0001832342509727,0.0039682012386288,0.0253042679876652,0.0560334450854157,0.149891725470731
6,20,5.0,342.0,334.0,294.0,189.0,0.000356883184313,0.0055692843783442,0.0360755193355377,0.0710568799913066,0.179566010439299
6,20,3.0,155.0,239.0,375.0,410.0,0.0002259497540392,0.0025382631399585,0.0186817121004776,0.0485098944159759,0.146241639592852
6,20,8.0,497.0,573.0,669.0,599.0,0.0002931748015563,0.0040580164930011,0.0259844902453981,0.056370488364125,0.155337618610672
6,21,4.0,291.0,308.0,288.0,157.0,0.0002855065474504,0.0047387770587666,0.0332672453752863,0.0696067395833207,0.14916329967709
6,21,5.0,136.0,230.0,346.0,345.0,0.0003765829233987,0.0022271212066733,0.0179782166657316,0.0447584625811404,0.123056989413498
6,21,9.0,427.0,538.0,634.0,502.0,0.0003298216517509,0.0034864648742685,0.0243973049773546,0.0534213596754189,0.130182778869044
6,22,7.0,314.0,304.0,271.0,166.0,0.0004996364580382,0.0051133195754388,0.0328352032275553,0.0654980084273608,0.157714062078961
6,22,4.0,166.0,229.0,361.0,369.0,0.000301266338719,0.0027183979434394,0.0179000505063153,0.0466988583577795,0.131617475633567
6,22,11.0,480.0,533.0,632.0,535.0,0.00040311535214,0.0039192110998803,0.024170564224777,0.0532528380360643,0.138740610946092
6,23,6.00506329113924,370.31223628692,338.285232067511,287.242194092827,184.155274261603,0.0004286212218686,0.0060303337797148,0.0365383695520309,0.0694235854220871,0.174963110584715
6,23,2.0,170.0,228.0,405.0,408.0,0.0001506331693595,0.0027839015083416,0.0178218843468991,0.052390685969254,0.14552826574118
6,23,8.00506329113924,540.31223628692,566.285232067511,692.242194092827,592.155274261603,0.0002933603552282,0.0044116619038684,0.0256799879385188,0.0583288946894859,0.153562587899076
6,24,7.0,306.0,296.0,313.0,194.0,0.0004996364580382,0.0049830439174659,0.0319711189320933,0.0756489912832618,0.184316433995894
6,24,3.0,156.0,239.0,334.0,440.0,0.0002259497540392,0.002554639031184,0.0186817121004776,0.0432061459598292,0.156942247367939
6,24,10.0,462.0,535.0,647.0,634.0,0.0003664685019454,0.0037722406836348,0.024261260525808,0.054516750331224,0.164414107177238
6,25,9.00877192982456,316.307992202729,318.309941520468,234.228070175439,149.14522417154,0.0006430158426131,0.0051509039757897,0.0343808276946572,0.0566105982076581,0.141700597251632
6,25,3.0,151.0,213.0,344.0,330.0,0.0002259497540392,0.0024727595750564,0.0166493919556557,0.0444997431442552,0.117706685525954
6,25,12.0087719298246,467.307992202729,531.309941520468,578.228070175439,479.14522417154,0.0004400836659327,0.0038155805627161,0.0240939231984671,0.0487219711534156,0.124255889969087
6,26,5.00435161009574,350.304612706702,324.281984334204,283.246301131419,187.162750217581,0.0003571937876065,0.0057045204889162,0.0350258712455542,0.068457817780533,0.177820467510148
6,26,2.00178890876565,168.150268336315,232.207513416816,350.313059033989,366.327370304114,0.000150767903858,0.0027536105038207,0.0181507695113838,0.0453163986834036,0.130664183563443
6,26,7.00614051886139,518.454881043017,556.48949775102,633.559360165408,553.490120521695,0.0002567529820366,0.0042331960928561,0.0252357695043244,0.0533842310017737,0.143535621446367
6,27,6.01044386422977,320.557006092254,335.583115752829,307.534377719756,181.315056570931,0.0004290052690802,0.005220096860814,0.0362465125180274,0.0743280046627003,0.172264663179989
6,27,2.0,154.0,231.0,370.0,409.0,0.0001506331693595,0.002521887248733,0.0180563828251478,0.0478630958237629,0.145884952667016
6,27,8.01044386422977,474.557006092254,566.583115752829,677.534377719756,590.315056570931,0.0002935575362842,0.0038747689287557,0.0256934964127167,0.0570896020262275,0.153085367475379
6,28,2.0,323.0,292.0,287.0,156.0,0.0001427532737252,0.0052598796906584,0.0315390767843623,0.0693650495153231,0.148213214965771
6,28,4.0,164.0,212.0,342.0,387.0,0.000301266338719,0.0026856461609884,0.0165712257962395,0.04424102370737,0.138037840298619
6,28,6.0,487.0,504.0,629.0,543.0,0.0002198811011672,0.0039763662617536,0.0228554678598266,0.0530000555770323,0.140815236904165
6,29,4.00371057513915,286.265306122449,329.305194805195,280.25974025974,179.166048237477,0.0002857713958246,0.0046616751387417,0.0355684309056521,0.067735995680378,0.170222923217877
6,29,6.0,137.0,220.0,331.0,337.0,0.0004518995080785,0.0022434970978988,0.0171965550715693,0.0428180668045014,0.120203494006808
6,29,10.0037105751392,423.265306122449,549.305194805195,611.25974025974,516.166048237477,0.0003666044828367,0.0034559710123944,0.024909974652988,0.0515052467500295,0.133856435293641
6,30,0.0,293.0,308.0,269.0,161.0,0.0,0.0047713459732598,0.0332672453752863,0.0650146282913656,0.152963638522366
6,30,4.0,147.0,223.0,350.0,398.0,0.000301266338719,0.0024072560101542,0.017431053549818,0.0452759014549108,0.141961396482818
6,30,4.0,440.0,531.0,619.0,559.0,0.0001465874007781,0.0035926101748903,0.0240798679237459,0.0521574473802592,0.144964488820309
6,31,6.0,321.0,311.0,302.0,189.0,0.0004282598211756,0.0052273107761652,0.0335912769860845,0.0729904005352877,0.179566010439299
6,31,1.0,190.0,211.0,395.0,436.0,7.53165846797542e-05,0.0031114193328524,0.0164930596368233,0.0510970887848279,0.155515499664594
6,31,7.0,511.0,522.0,697.0,625.0,0.0002565279513618,0.0041723268167476,0.0236717345691062,0.0587297913150899,0.162080152974407
6,32,5.0,345.0,324.0,308.0,179.0,0.000356883184313,0.0056181377500841,0.0349954139662102,0.0744405409432736,0.170065163326109
6,32,2.0,176.0,233.0,353.0,386.0,0.0001506331693595,0.0028821568556948,0.0182127151439802,0.0456639806102386,0.137681153372783
6,32,7.0,521.0,557.0,661.0,565.0,0.0002565279513618,0.0042539770479951,0.0252589198371497,0.0556964018067065,0.146520458288864
6,33,2.0,350.0,313.0,308.0,174.0,0.0001427532737252,0.0056995600363172,0.03380729805995,0.0744405409432736,0.165314739769514
6,33,3.0,146.0,240.0,325.0,407.0,0.0002259497540392,0.0023908801189287,0.0187598782598938,0.0420419084938458,0.145171578815344
6,33,5.0,496.0,553.0,633.0,581.0,0.0001832342509727,0.0040498514698763,0.0250775272350876,0.0533370988557416,0.150669710205009
6,34,3.00268096514745,329.294012511171,324.289544235925,288.257372654155,175.156389633601,0.0002143212688635,0.0053623742683063,0.0350266877945983,0.0696689439976043,0.166413407880726
6,34,0.0,152.0,232.0,322.0,398.0,0.0,0.0024891354662819,0.018134548984564,0.041653829338518,0.141961396482818
6,34,3.00268096514745,481.294012511171,556.289544235925,610.257372654155,573.156389633601,0.0001100387995117,0.0039297767419577,0.0252267019822258,0.0514207864339649,0.148635640496116
6,35,4.0,298.0,329.0,298.0,156.0,0.0002855065474504,0.0048527682594929,0.035535466650874,0.0720236402632972,0.148213214965771
6,35,3.0,156.0,227.0,343.0,389.0,0.0002259497540392,0.002554639031184,0.0177437181874829,0.0443703834258126,0.138751214150292
6,35,7.0,454.0,556.0,641.0,545.0,0.0002565279513618,0.0037069204986368,0.0252135716866341,0.0540111854131601,0.141333893393683
6,36,7.0,318.0,332.0,275.0,165.0,0.0004996364580382,0.0051784574044253,0.0358594982616722,0.0664647686993514,0.156763977367642
6,36,2.0,147.0,198.0,383.0,394.0,0.0001506331693595,0.0024072560101542,0.0154768995644124,0.0495447721635167,0.140534648779473
6,36,9.0,465.0,530.0,658.0,559.0,0.0003298216517509,0.003796735753009,0.0240345197732304,0.0554436193476745,0.144964488820309
6,37,2.0,342.0,337.0,274.0,199.0,0.0001427532737252,0.0055692843783442,0.0363995509463359,0.0662230786313538,0.18906685755249
6,37,2.0,149.0,231.0,358.0,439.0,0.0001506331693595,0.0024400077926053,0.0180563828251478,0.0463107792024517,0.156585560442103
6,37,4.0,491.0,568.0,632.0,638.0,0.0001465874007781,0.0040090263542526,0.0257577494928205,0.0532528380360643,0.165451420156275
6,38,4.0,347.0,353.0,341.0,163.0,0.0002855065474504,0.0056507066645773,0.0381277195372599,0.0824163131871957,0.154863807945004
6,38,5.0,173.0,229.0,404.0,453.0,0.0003765829233987,0.0028330291820182,0.0179000505063153,0.0522613262508114,0.16157917740381
6,38,9.0,520.0,582.0,745.0,616.0,0.0003298216517509,0.0042458120248703,0.0263926236000379,0.0627743106596011,0.159746198771575
6,39,2.0,347.0,391.0,304.0,173.0,0.0001427532737252,0.0056507066645773,0.0422321199407043,0.073473780671283,0.164364655058195
6,39,3.0,154.0,259.0,422.0,402.0,0.0002259497540392,0.002521887248733,0.0202450352888021,0.0545898011827782,0.143388144186163
6,39,5.0,501.0,650.0,726.0,575.0,0.0001832342509727,0.0040906765855001,0.0294762978350939,0.0611733550857321,0.149113740736454
6,40,4.0,343.0,360.0,344.0,198.0,0.0002855065474504,0.0055855688355908,0.0388837932957891,0.0831413833911887,0.188116772841171
6,40,7.0,184.0,260.0,416.0,446.0,0.0005272160927582,0.0030131639854991,0.0203232014482183,0.0538136428721226,0.159082368922956
6,40,11.0,527.0,620.0,760.0,644.0,0.00040311535214,0.0043029671867436,0.028115853319628,0.0640382229547608,0.167007389624829
6,41,6.0,349.0,358.0,333.0,203.0,0.0004282598211756,0.0056832755790705,0.0386677722219236,0.0804827926432146,0.192867196397766
6,41,5.003808073115,139.105864432597,256.194973343488,439.334348819497,474.361005331302,0.00037686973446,0.0022779825047827,0.0200257771280024,0.0568321676654542,0.169198368728204
6,41,11.003808073115,488.105864432597,614.194973343488,772.334348819497,677.361005331302,0.000403254906025,0.0039853956704185,0.0278526060970618,0.0650775252964776,0.175658840580793
6,42,3.00451127819549,373.560902255639,385.578947368421,354.532330827068,215.323308270677,0.0002144519104533,0.0060832365417909,0.0416465891352268,0.0856869431449563,0.204575383178607
6,42,0.0,183.0,275.0,467.0,501.0,0.0,0.0029967880942736,0.0214956938394616,0.0604109885126953,0.178700149843949
6,42,3.00451127819549,556.560902255639,660.578947368421,821.532330827068,716.323308270677,0.0001101058747198,0.0045443326372494,0.0299560335326529,0.0692229875869054,0.185762866213831
6,43,4.00277392510402,398.27600554785,445.308599167822,387.268377253814,208.144244105409,0.0002857045408952,0.0064857085846988,0.0480980208968862,0.0935989204318106,0.197754664073608
6,43,3.0,173.0,298.0,535.0,537.0,0.0002259497540392,0.0028330291820182,0.0232935155060348,0.0692074493667923,0.191540879174053
6,43,7.00277392510402,571.27600554785,743.308599167822,922.268377253814,745.144244105409,0.0002566296069795,0.0046644817959134,0.0337076702345494,0.0777110894298753,0.193236948916166
6,44,4.0,386.0,485.0,454.0,257.0,0.0002855065474504,0.0062858004971955,0.0523851104123826,0.109727290870929,0.244171770808994
6,44,4.0,213.0,297.0,523.0,562.0,0.000301266338719,0.0034880648310398,0.0232153493466186,0.067655132745481,0.200458052319959
6,44,8.0,599.0,782.0,977.0,819.0,0.0002931748015563,0.0048908488517256,0.0354622537031437,0.0823228208247386,0.212389832457663
6,45,6.00340522133939,417.236662883087,522.296254256527,486.27582292849,331.187854710556,0.0004285028744226,0.0067944725984422,0.0564134988602103,0.117528036709196,0.314656517335052
6,45,6.0,205.0,341.0,613.0,623.0,0.0004518995080785,0.0033570577012355,0.0266546603609324,0.0792975074053153,0.222215954795968
6,45,12.0034052213394,622.236662883087,863.296254256527,1099.27582292849,954.187854710556,0.0004398869929708,0.0050805767415081,0.0391488884775174,0.0926258818914116,0.247447861532493
6,46,2.00100806451613,489.246471774194,603.303931451613,584.29435483871,306.154233870968,0.0001428252259801,0.0079671132526668,0.0651631815697263,0.141218142351606,0.290872456906401
6,46,6.0,216.0,368.0,713.0,675.0,0.0004518995080785,0.0035371925047164,0.0287651466651705,0.0922334792495755,0.240763674939452
6,46,8.00100806451613,705.246471774194,971.303931451613,1297.29435483871,981.154233870968,0.0002932117439456,0.0057583537506851,0.0440468368797928,0.109311085701466,0.254441005307669
6,47,5.0,483.0,638.0,559.0,310.0,0.000356883184313,0.0078653928501177,0.068910722563093,0.135104748010682,0.294526260508904
6,47,4.0,193.0,364.0,691.0,703.0,0.000301266338719,0.003160547006529,0.0284524820275056,0.0893875654438382,0.250750908862866
6,47,9.0,676.0,1002.0,1250.0,1013.0,0.0003298216517509,0.0055195556323314,0.0454388468165601,0.105326024596646,0.262699511940919
6,48,1.00050075112669,472.236354531798,609.304957436154,571.28592889334,344.172258387581,7.14123787939333e-05,0.007690112725673,0.0658113556084639,0.138074135000327,0.326992800754189
6,48,4.0,251.0,369.0,669.0,776.0,0.000301266338719,0.0041103486976103,0.0288433128245867,0.086541651638101,0.276789054448911
6,48,5.00050075112669,723.236354531798,978.304957436154,1240.28592889334,1120.17225838758,0.0001832526019242,0.0059052415594125,0.0443643204599029,0.104507509002795,0.290492305595433
6,49,4.0,514.0,619.0,570.0,307.0,0.0002855065474504,0.0083702110247629,0.0668585223613708,0.137763338758656,0.291676006374946
6,49,2.0,245.0,402.0,699.0,807.0,0.0001506331693595,0.004012093350257,0.0314227960853221,0.0904224431913791,0.287846349149834
6,49,6.0,759.0,1021.0,1269.0,1114.0,0.0002198811011672,0.0061972525516857,0.0463004616763552,0.106926980170515,0.288891664661583
6,50,6.0,450.0,558.0,574.0,303.0,0.0004282598211756,0.0073280057609792,0.0602698796084732,0.138730099030646,0.28787566752967
6,50,6.0,249.0,381.0,721.0,841.0,0.0004518995080785,0.0040775969151592,0.0297813067375814,0.0932683569971163,0.299973704628266
6,50,12.0,699.0,939.0,1295.0,1144.0,0.0004397622023345,0.0057073511642007,0.0425819133340818,0.109117761482125,0.296671512004354
6,51,4.0,467.0,519.0,493.0,298.0,0.0002855065474504,0.0076048415341718,0.056057468668096,0.119153203522837,0.283125243973075
6,51,3.0,204.0,362.0,654.0,729.0,0.0002259497540392,0.0033406818100099,0.0282961497086731,0.084601255861462,0.260024768934608
6,51,7.0,671.0,881.0,1147.0,1027.0,0.0002565279513618,0.0054787305167077,0.0399517206041811,0.0966471601698825,0.266330107367545
6,52,5.0,483.0,543.0,498.0,275.0,0.000356883184313,0.0078653928501177,0.058649721554482,0.120361653862825,0.261273295612737
6,52,3.0,219.0,391.0,608.0,727.0,0.0002259497540392,0.003586320178393,0.0305629683317436,0.0786507088131023,0.259311395082936
6,52,8.0,702.0,934.0,1106.0,1002.0,0.0002931748015563,0.005731846233575,0.0423551725815041,0.0931924665631125,0.259846901248569
6,53,3.00725513905683,420.013301088271,492.187424425635,485.170495767836,257.621523579202,0.0002146477580136,0.0068396886445839,0.053161427983759,0.117260890112578,0.244762270859318
6,53,3.00164293537788,186.101861993428,356.194961664841,612.335158817086,669.366374589266,0.0002260734943207,0.0030475838488746,0.0278423921567498,0.0792115037370845,0.238754234410385
6,53,6.00889807443471,606.115163081699,848.382386090476,1097.50565458492,926.987898168468,0.0002202071875681,0.0049489443228241,0.0384725721391546,0.0924767260558158,0.240394144544911
7,1,3.0,436.0,430.0,438.0,235.0,0.0002154754663582,0.0071606935309647,0.0454815765946074,0.105046267897986,0.225004309698934
7,1,1.0,243.0,294.0,542.0,600.0,7.57905509216859e-05,0.0040240234176622,0.0224950988415143,0.0702090603468686,0.214825960945879
7,1,4.0,679.0,724.0,980.0,835.0,0.000147509184097,0.0055988326925721,0.0321436466367633,0.0824264141326857,0.217596212514642
7,2,8.0,389.0,482.0,454.0,245.0,0.0005746012436219,0.0063887839072139,0.0509816742293041,0.108883574487867,0.234578961175485
7,2,0.0,188.0,304.0,556.0,578.0,0.0,0.0031132362243642,0.0232602382578923,0.0720225785108099,0.20694900904453
7,2,8.0,577.0,786.0,1010.0,823.0,0.000295018368194,0.0047577709331577,0.034896279359801,0.084949671708176,0.214469081316827
7,3,1.0,390.0,461.0,393.0,224.0,7.18251554527479e-05,0.0064052075162299,0.0487604809537535,0.0942538431139468,0.214472193074729
7,3,3.0,208.0,280.0,522.0,562.0,0.000227371652765,0.0034444315673816,0.0214239036585851,0.0676183201126668,0.20122031675264
7,3,4.0,598.0,741.0,915.0,786.0,0.000147509184097,0.0049309307071548,0.0328984007704995,0.0769593560524565,0.204827093456896
7,4,3.00221402214022,376.277490774908,381.281180811808,372.274538745387,223.164575645756,0.0002156344888426,0.0061798343899989,0.0403285330911037,0.0892832212982815,0.213672303372038
7,4,5.0,194.0,290.0,494.0,528.0,0.0003789527546084,0.0032125948272694,0.0221890430749631,0.0639912837847843,0.189046845632374
7,4,8.00221402214022,570.277490774908,671.281180811808,866.274538745387,751.164575645756,0.0002951000153439,0.0047023391151525,0.029803073301,0.0728611264114577,0.195749181599622
7,5,4.0,412.0,418.0,372.0,202.0,0.0002873006218109,0.0067665269145813,0.0442123232942928,0.0892173782147282,0.193407959826318
7,5,6.0,193.0,274.0,477.0,526.0,0.0004547433055301,0.0031960350601185,0.0209648200087582,0.0617891545857128,0.188330759095888
7,5,10.0,605.0,692.0,849.0,728.0,0.0003687729602425,0.0049886506318205,0.0307229329732599,0.0714081893863777,0.18971262600079
7,6,6.0,361.0,413.0,396.0,238.0,0.0004309509327164,0.0059289228547666,0.043683467752495,0.0949733380995494,0.227876705141899
7,6,7.0,178.0,316.0,469.0,504.0,0.0005305338564518,0.0029476385528554,0.024178405557546,0.0607528584920321,0.180453807194539
7,6,13.0,539.0,729.0,865.0,742.0,0.0004794048483153,0.0044444341992583,0.0323656331466857,0.0727539267599726,0.193360945731574
7,7,4.0,354.0,457.0,403.0,236.0,0.0002873006218109,0.0058139575916548,0.0483373965203153,0.0966521597326223,0.225961774846589
7,7,6.0,163.0,288.0,508.0,507.0,0.0004547433055301,0.0026992420455923,0.0220360151916875,0.0658048019487256,0.181527936999268
7,7,10.0,517.0,745.0,911.0,743.0,0.0003687729602425,0.0042630287217375,0.0330759899784374,0.0766229217090578,0.193621539998059
7,8,3.0,437.0,449.0,450.0,241.0,0.0002154754663582,0.0071771171399807,0.0474912276534389,0.107924247840397,0.230749100584865
7,8,4.0,202.0,320.0,511.0,555.0,0.0003031622036867,0.0033450729644764,0.0244844613240972,0.0661934129838559,0.198714013874938
7,8,7.0,639.0,769.0,961.0,796.0,0.0002581410721697,0.0052690045516253,0.0341415252260649,0.0808283510015418,0.207433036121742
7,9,2.00239234449761,446.533492822966,538.643540669857,452.540669856459,234.27990430622,0.0001438221414209,0.0073336914986617,0.0569729243073642,0.108533580914328,0.224314843169164
7,9,0.0,223.0,339.0,541.0,494.0,0.0,0.0036928280746447,0.0259382262152155,0.0700795233351585,0.176873374512107
7,9,2.00239234449761,669.533492822966,877.643540669857,993.540669856459,728.27990430622,7.38428152447403e-05,0.0055207746809856,0.0389650053098476,0.0835653007257698,0.189785567458155
7,10,4.00203769740194,593.302088639837,585.298013245033,540.275089149261,241.122771268467,0.0002874469797436,0.0097441615321815,0.0619076195815709,0.129575072496306,0.230866649795555
7,10,1.0,273.0,385.0,614.0,572.0,7.57905509216859e-05,0.0045208164321884,0.0294578675305544,0.0795357251899951,0.204800749435072
7,10,5.00203769740194,866.302088639837,970.298013245033,1154.27508914926,813.122771268467,0.0001844616248915,0.0071432701848604,0.0430786139089804,0.0970844454298568,0.211895132140632
7,11,7.0032925682032,579.272342427093,657.309031044214,606.28504233302,277.130291627469,0.0005030125773922,0.0095137424657901,0.0695243047482898,0.145406349268165,0.265342595592779
7,11,3.0,335.0,485.0,708.0,643.0,0.000227371652765,0.0055475219955426,0.0371092616943348,0.0917122042907435,0.230221821480334
7,11,10.0032925682032,914.272342427093,1142.30903104421,1314.28504233302,920.130291627469,0.0003688943812548,0.0075388186755453,0.0507154390108683,0.110542656314016,0.239780678416922
7,12,2.0,659.0,722.0,613.0,291.0,0.0001436503109054,0.010823158341527,0.0763667402355966,0.147016808724808,0.278622357967617
7,12,5.0,334.0,564.0,754.0,624.0,0.0003789527546084,0.0055309622283917,0.0431538630837213,0.0976709068294077,0.223418999383715
7,12,7.0,993.0,1286.0,1367.0,915.0,0.0002581410721697,0.0081879835990046,0.0570949303520409,0.114976436856512,0.23844375383341
7,13,4.0,682.0,786.0,613.0,274.0,0.0002873006218109,0.0112009013488944,0.0831360911706079,0.147016808724808,0.262345450457481
7,13,6.0,349.0,504.0,683.0,633.0,0.0004547433055301,0.0057793587356548,0.0385630265854531,0.0884737789979913,0.226641388797903
7,13,10.0,1031.0,1290.0,1296.0,907.0,0.0003687729602425,0.008501320332904,0.0572725195599788,0.109004727261184,0.236358999701533
7,14,3.0,613.0,687.0,524.0,273.0,0.0002154754663582,0.0100676723267922,0.0726647514430123,0.125671790818596,0.261387985309826
7,14,4.0,323.0,497.0,636.0,579.0,0.0003031622036867,0.0053488047897321,0.0380274289939885,0.0823855394476171,0.207307052312774
7,14,7.0,936.0,1184.0,1160.0,852.0,0.0002581410721697,0.0077179784981554,0.0525664055496239,0.0975659595856279,0.22202631504488
7,15,3.0,522.0,552.0,437.0,224.0,0.0002154754663582,0.0085731239063385,0.0583856518144727,0.104806436236119,0.214472193074729
7,15,8.0,278.0,419.0,559.0,530.0,0.0006063244073734,0.0046036152679428,0.0320593415462398,0.0724111895459402,0.18976293216886
7,15,11.0,800.0,971.0,996.0,754.0,0.0004056502562668,0.0065965628189362,0.0431097802269298,0.0837721515062805,0.196488076929389
7,16,4.0,472.0,473.0,439.0,228.0,0.0002873006218109,0.0077519434555398,0.0500297342540681,0.105286099559854,0.218302053665349
7,16,1.0,267.0,350.0,532.0,485.0,7.57905509216859e-05,0.0044214578292832,0.0267798795732313,0.0689136902297677,0.173650985097919
7,16,5.0,739.0,823.0,971.0,713.0,0.0001843864801212,0.0060935749039923,0.0365389795332268,0.0816694368600386,0.185803712003521
7,17,5.0,415.0,441.0,391.0,231.0,0.0003591257772637,0.0068157977416293,0.0466450587865625,0.0937741797902117,0.221174449108314
7,17,1.0,218.0,313.0,473.0,482.0,7.57905509216859e-05,0.0036100292388904,0.0239488637326326,0.0612710065388724,0.17257685529319
7,17,6.0,633.0,754.0,864.0,713.0,0.0002212637761455,0.0052195303304833,0.0334755656962977,0.0726698181741229,0.185803712003521
7,18,7.0,406.0,399.0,318.0,165.0,0.0005027760881692,0.0066679852604855,0.0422026722354613,0.0762664684738806,0.157981749363082
7,18,2.0,245.0,282.0,448.0,452.0,0.0001515811018433,0.004057142951964,0.0215769315418607,0.0580325812461202,0.161835557245896
7,18,9.0,651.0,681.0,766.0,617.0,0.0003318956642182,0.0053679529939093,0.0302345626514307,0.0644271767608543,0.160786662420999
7,19,2.0,329.0,392.0,311.0,197.0,0.0001436503109054,0.0054033673662555,0.0414622744769444,0.0745876468408078,0.188620634088043
7,19,3.00227272727273,171.129545454545,289.218939393939,433.32803030303,424.321212121212,0.0002275439040171,0.002833865425362,0.0221292810493354,0.0561320181356738,0.151925353572766
7,19,5.00227272727273,500.129545454545,681.218939393939,744.32803030303,621.321212121212,0.0001844702921576,0.0041239199552461,0.0302442829698197,0.0626043780370651,0.16191274552405
7,20,6.0,323.0,385.0,304.0,187.0,0.0004309509327164,0.0053048257121596,0.0407218767184275,0.0729088252077349,0.179045982611492
7,20,5.0,172.0,240.0,365.0,405.0,0.0003789527546084,0.0028482799499502,0.0183633459930729,0.0472810092741827,0.145007523638469
7,20,11.0,495.0,625.0,669.0,592.0,0.0004056502562668,0.0040816232442168,0.0277483137402998,0.0562686439334354,0.154271805758884
7,21,7.0,312.0,356.0,283.0,185.0,0.0005027760881692,0.0051241660129839,0.0376545145760005,0.0678723603085164,0.177131052316182
7,21,3.0,163.0,265.0,383.0,377.0,0.000227371652765,0.0026992420455923,0.020276194534018,0.0496126754849644,0.134982312127661
7,21,10.0,475.0,621.0,666.0,562.0,0.0003687729602425,0.0039167091737434,0.0275707245323619,0.0560163181758864,0.146453977764346
7,22,6.00496688741722,354.293046357616,371.307119205298,299.247516556291,178.147350993377,0.0004313076801773,0.0058187704704559,0.0392735655401367,0.0717690292054323,0.170569879723228
7,22,4.0,176.0,245.0,388.0,388.0,0.0003031622036867,0.0029145190185537,0.0187459157012619,0.0502603605435148,0.138920788078335
7,22,10.0049668874172,530.293046357616,616.307119205298,687.247516556291,566.147350993377,0.0003689561256201,0.0043726392409288,0.0273623732865423,0.0578034167462537,0.147534753654319
7,23,8.0,333.0,376.0,325.0,173.0,0.0005746012436219,0.0054690618023194,0.0397699367431916,0.0779452901069534,0.165641470544322
7,23,2.0,169.0,256.0,352.0,381.0,0.0001515811018433,0.0027986006484976,0.0195875690592778,0.0455970281219516,0.136414485200633
7,23,10.0,502.0,632.0,677.0,554.0,0.0003687729602425,0.0041393431688825,0.0280590948541912,0.0569415126202329,0.144369223632469
7,24,7.0,310.0,339.0,308.0,176.0,0.0005027760881692,0.005091318794952,0.0358564057338881,0.0738681518552051,0.168513865987287
7,24,2.0,174.0,251.0,389.0,414.0,0.0001515811018433,0.0028813994842519,0.0192049993510887,0.0503898975552249,0.148229913052657
7,24,9.0,484.0,590.0,697.0,590.0,0.0003318956642182,0.0039909205054564,0.026194408170843,0.0586236843372264,0.153750617225915
7,25,4.0,337.0,396.0,369.0,206.0,0.0002873006218109,0.0055347562383833,0.0418853589103826,0.0884978832291256,0.197237820416938
7,25,1.0007326007326,163.119413919414,268.196336996337,429.314285714286,504.369230769231,7.58460751348154e-05,0.0027012195122924,0.0205207588764105,0.0556120896558802,0.18058600778589
7,25,5.0007326007326,500.119413919414,664.196336996337,798.314285714286,710.369230769231,0.0001844134964553,0.0041238364136112,0.0294885253506116,0.0671450856350254,0.185118148625538
7,26,6.00492206726825,314.257588187039,378.3100902379,334.273995077933,187.153404429861,0.0004313044609631,0.0051612437586869,0.0400142775480648,0.0801694877586455,0.17919286200658
7,26,6.0,158.0,236.0,358.0,411.0,0.0004547433055301,0.002616443209838,0.0180572902265217,0.0463742501922121,0.147155783247927
7,26,12.0049220672683,472.257588187039,614.3100902379,692.273995077933,598.153404429861,0.0004427090648227,0.0038940960589939,0.027273710588405,0.0582261867465128,0.155875347672667
7,27,3.0,342.0,385.0,296.0,163.0,0.0002154754663582,0.0056168742834631,0.0407218767184275,0.0709901719127945,0.156066819067771
7,27,3.0,156.0,220.0,388.0,406.0,0.000227371652765,0.0025833236755362,0.0168330671603168,0.0502603605435148,0.145365566906712
7,27,6.0,498.0,605.0,684.0,569.0,0.0002212637761455,0.0041063603547878,0.0268603677006102,0.0575302727211806,0.148278137629738
7,28,2.0,321.0,378.0,309.0,202.0,0.0001436503109054,0.0052719784941277,0.0399814789599107,0.0741079835170727,0.193407959826318
7,28,3.0,163.0,243.0,392.0,411.0,0.000227371652765,0.0026992420455923,0.0185928878179863,0.0507785085903552,0.147155783247927
7,28,5.0,484.0,621.0,701.0,613.0,0.0001843864801212,0.0039909205054564,0.0275707245323619,0.0589601186806252,0.15974428535506
7,29,11.0,288.0,344.0,273.0,143.0,0.0007900767099802,0.0047299993966005,0.0363852612756859,0.0654740436898409,0.136917516114671
7,29,6.0,172.0,200.0,329.0,344.0,0.0004547433055301,0.0028482799499502,0.0153027883275608,0.0426176768526195,0.123166884275638
7,29,17.0,460.0,544.0,602.0,487.0,0.0006269140324123,0.0037930236208883,0.024152132279557,0.0506333686815069,0.126909407778001
7,30,7.00555555555556,339.269047619048,403.319841269841,327.259523809524,184.146031746032,0.0005031751168106,0.0055720221893171,0.0426595866345097,0.0784871954572208,0.176313407475804
7,30,5.0,175.0,232.0,400.0,432.0,0.0003789527546084,0.0028979592514028,0.0177512344599705,0.0518148046840359,0.154674691881033
7,30,12.0055555555556,514.269047619048,635.319841269841,727.259523809524,616.146031746032,0.0004427324261578,0.0042405100980669,0.0282064868495888,0.0611687700933302,0.160564123190255
7,31,2.0,327.0,323.0,272.0,161.0,0.0001436503109054,0.0053705201482235,0.0341640680001353,0.0652342120279733,0.154151888772461
7,31,3.0,136.0,227.0,366.0,373.0,0.000227371652765,0.0022521283325187,0.0173686647517815,0.0474105462858928,0.133550139054688
7,31,5.0,463.0,550.0,638.0,534.0,0.0001843864801212,0.0038177607314593,0.0244185160914638,0.0536612777720954,0.139157338302777
7,32,8.0,333.0,349.0,324.0,165.0,0.0005746012436219,0.0054690618023194,0.0369141168174837,0.0777054584450859,0.157981749363082
7,32,1.0,169.0,205.0,373.0,424.0,7.57905509216859e-05,0.0027986006484976,0.0156853580357498,0.0483173053678635,0.151810345735088
7,32,9.0,502.0,554.0,697.0,589.0,0.0003318956642182,0.0041393431688825,0.0245961052994017,0.0586236843372264,0.15349002295943
7,33,2.0,317.0,307.0,270.0,168.0,0.0001436503109054,0.0052062840580638,0.0324717302663825,0.0647545487042382,0.160854144806047
7,33,5.0,170.0,247.0,351.0,367.0,0.0003789527546084,0.0028151604156484,0.0188989435845375,0.0454674911102415,0.13140187944523
7,33,7.0,487.0,554.0,621.0,535.0,0.0002581410721697,0.0040156576160274,0.0245961052994017,0.0522314318126508,0.139417932569262
7,34,4.0,310.0,337.0,276.0,159.0,0.0002873006218109,0.005091318794952,0.035644863517169,0.0661935386754435,0.152236958477151
7,34,5.0,136.0,221.0,326.0,393.0,0.0003789527546084,0.0022521283325187,0.0169095811019546,0.0422290658174892,0.140711004419551
7,34,9.0,446.0,558.0,602.0,552.0,0.0003318956642182,0.0036775837715569,0.0247736945073397,0.0506333686815069,0.1438480350995
7,35,4.0,292.0,323.0,329.0,168.0,0.0002873006218109,0.0047956938326644,0.0341640680001353,0.0789046167544236,0.160854144806047
7,35,1.0,157.0,228.0,396.0,374.0,7.57905509216859e-05,0.0025998834426871,0.0174451786934193,0.0512966566371955,0.133908182322931
7,35,5.0,449.0,551.0,725.0,542.0,0.0001843864801212,0.0037023208821279,0.0244629133934483,0.0609787247410175,0.141242092434654
7,36,4.003314001657,324.268434134217,359.297431648716,350.289975144988,170.140845070423,0.0002875386504951,0.0053256579784425,0.0380032875762251,0.0840106268745648,0.162903929347505
7,36,5.0,159.0,240.0,363.0,433.0,0.0003789527546084,0.0026330029769888,0.0183633459930729,0.0470219352507626,0.155032735149276
7,36,9.003314001657,483.268434134217,599.297431648716,713.289975144988,603.140845070423,0.0003320178756384,0.0039848882302191,0.0266071890514311,0.0599938111101978,0.157175046108029
7,37,2.00166112956811,316.262458471761,401.333056478405,296.24584717608,189.156976744186,0.0001437696217949,0.0051941709643709,0.0424494422050476,0.0710491338495992,0.181111212668353
7,37,2.0,157.0,239.0,404.0,463.0,0.0001515811018433,0.0025998834426871,0.0182868320514351,0.0523329527308762,0.16577403319657
7,37,4.00166112956811,473.262458471761,640.333056478405,700.24584717608,652.156976744186,0.0001475704420638,0.0039023819214414,0.0284290600791166,0.0588966879530907,0.169948368987466
7,38,7.0,333.0,360.0,288.0,194.0,0.0005027760881692,0.0054690618023194,0.0380775990094387,0.0690715186178541,0.185748238645078
7,38,3.0,174.0,269.0,366.0,379.0,0.000227371652765,0.0028813994842519,0.0205822503005692,0.0474105462858928,0.135698398664147
7,38,10.0,507.0,629.0,654.0,573.0,0.0003687729602425,0.0041805716865008,0.0279259029482377,0.0550070151456902,0.149320514695676
7,39,6.0,316.0,357.0,301.0,210.0,0.0004309509327164,0.0051898604490478,0.0377602856843601,0.0721893302221323,0.201067681007558
7,39,3.0,175.0,233.0,384.0,441.0,0.000227371652765,0.0028979592514028,0.0178277484016083,0.0497422124966745,0.157897081295221
7,39,9.0,491.0,590.0,685.0,651.0,0.0003318956642182,0.0040486404301221,0.026194408170843,0.0576143813070303,0.169646867481475
7,40,8.00608365019011,370.281368821293,399.303422053232,338.257034220532,200.152091254753,0.0005750382027426,0.0060813564274206,0.0422347655223323,0.0811247466554987,0.191638651606697
7,40,0.0,157.0,253.0,384.0,424.0,0.0,0.0025998834426871,0.0193580272343644,0.0497422124966745,0.151810345735088
7,40,8.00608365019011,527.281368821293,652.303422053232,722.257034220532,624.152091254753,0.000295242716763,0.0043478058408554,0.0289605120144068,0.0607480177682723,0.162650456395362
7,41,6.0,379.0,373.0,334.0,186.0,0.0004309509327164,0.0062245478170542,0.0394526234181129,0.0801037750637614,0.178088517463837
7,41,6.0,177.0,289.0,461.0,454.0,0.0004547433055301,0.0029310787857046,0.0221125291333253,0.0597165623983514,0.162551643782382
7,41,12.0,556.0,662.0,795.0,640.0,0.000442527552291,0.0045846111591606,0.0293910139137256,0.066866325750495,0.166780330550145
7,42,2.0,350.0,394.0,378.0,197.0,0.0001436503109054,0.0057482631555909,0.0416738166936635,0.0906563681859335,0.188620634088043
7,42,4.0,187.0,268.0,441.0,447.0,0.0003031622036867,0.0030966764572133,0.0205057363589314,0.0571258221641496,0.16004534090468
7,42,6.0,537.0,662.0,819.0,644.0,0.0002212637761455,0.0044279427922109,0.0293910139137256,0.0688849318108873,0.167822707616083
7,43,10.0,410.0,475.0,386.0,206.0,0.0007182515545274,0.0067336796965494,0.0502412764707872,0.0925750214808739,0.197237820416938
7,43,4.0,192.0,311.0,471.0,510.0,0.0003031622036867,0.0031794752929677,0.023795835849357,0.0610119325154523,0.182602066803997
7,43,14.0,602.0,786.0,857.0,716.0,0.0005162821443395,0.0049639135212495,0.034896279359801,0.0720810580731751,0.186585494802974
7,44,5.0,460.0,500.0,446.0,250.0,0.0003591257772637,0.0075548601473481,0.052885554179776,0.106964921192927,0.23936628691376
7,44,3.0,233.0,325.0,514.0,596.0,0.000227371652765,0.0038584257461535,0.0248670310322862,0.0665820240189861,0.213393787872907
7,44,8.0,693.0,825.0,960.0,846.0,0.000295018368194,0.0057142725419035,0.0366277741371957,0.0807442424156921,0.220462749445972
7,45,7.0,518.0,533.0,441.0,223.0,0.0005027760881692,0.0085074294702746,0.0563760007556412,0.105765762883589,0.213514727927074
7,45,4.0022136137244,248.137244050913,369.204205866076,566.313226342003,620.343110127283,0.0003033299746904,0.0041090949829425,0.0282492690600686,0.0733585230322428,0.222109674582082
7,45,11.0022136137244,766.137244050913,902.204205866076,1007.313226342,843.343110127283,0.0004057318883554,0.0063173405728856,0.0400554325795039,0.0847236909753037,0.219770379178461
7,46,5.0,559.0,546.0,469.0,239.0,0.0003591257772637,0.0091807974399295,0.0577510251643154,0.11248104941588,0.228834170289554
7,46,6.0,244.0,409.0,620.0,576.0,0.0004547433055301,0.0040405831848131,0.0312942021298617,0.0803129472602556,0.206232922508044
7,46,11.0,803.0,955.0,1089.0,815.0,0.0004056502562668,0.0066212999295072,0.0423994233951781,0.0915942499903007,0.21238432718495
7,47,0.0,575.0,634.0,494.0,302.0,0.0,0.0094435751841851,0.067058882699956,0.118476840962569,0.289154474591822
7,47,4.0,305.0,433.0,640.0,643.0,0.0003031622036867,0.0050507289810164,0.033130536729169,0.0829036874944574,0.230221821480334
7,47,4.0,880.0,1067.0,1134.0,945.0,0.000147509184097,0.0072562191008298,0.0473719212174398,0.0953791363535363,0.246261581827948
7,48,8.0,610.0,620.0,536.0,248.0,0.0005746012436219,0.0100184014997443,0.0655780871829223,0.128549770761006,0.23745135661845
7,48,3.0,300.0,422.0,683.0,721.0,0.000227371652765,0.004967930145262,0.0322888833711532,0.0884737789979913,0.258149196403298
7,48,11.0,910.0,1042.0,1219.0,969.0,0.0004056502562668,0.0075035902065399,0.0462619886678278,0.102528366150759,0.252515844223578
7,49,13.0,579.0,651.0,494.0,273.0,0.0009337270208857,0.009509269620249,0.0688569915420684,0.118476840962569,0.261387985309826
7,49,2.0,267.0,407.0,645.0,634.0,0.0001515811018433,0.0044214578292832,0.0311411742465861,0.0835513725530079,0.226999432066146
7,49,15.0,846.0,1058.0,1139.0,907.0,0.0005531594403638,0.006975865181025,0.0469723454995795,0.0957996792827847,0.236358999701533
7,50,5.0028328611898,543.307648725212,533.301983002833,414.234560906516,270.152974504249,0.000359329247959,0.0089230723980511,0.0564079418325566,0.0993465631451841,0.258662057623159
7,50,6.0,282.0,389.0,570.0,644.0,0.0004547433055301,0.0046698543365463,0.0297639232971057,0.0738360966747511,0.230579864748577
7,50,11.0028328611898,825.307648725212,922.301983002833,984.234560906516,914.152974504249,0.0004057547245274,0.0068052421872055,0.0409477196602612,0.0827825770622271,0.238223023845651
7,51,3.0,461.0,544.0,419.0,216.0,0.0002154754663582,0.0075712837563641,0.0575394829475963,0.100489466322503,0.206812471893489
7,51,5.0,278.0,364.0,536.0,622.0,0.0003789527546084,0.0046036152679428,0.0278510747561606,0.0694318382766081,0.222702912847228
7,51,8.0,739.0,908.0,955.0,838.0,0.000295018368194,0.0060935749039923,0.0403127502019076,0.0803236994864437,0.218377995314096
7,52,6.01839362354384,489.496014714899,490.499080318823,405.238503985285,244.748007357449,0.0004322720575868,0.008039291160555,0.0518806313746628,0.0971890238635103,0.234337687002777
7,52,5.00290866783013,238.138452588714,361.210005817336,526.30599185573,589.34264107039,0.0003791732041457,0.0039435173245384,0.0276376013040984,0.0681761054301061,0.211010165323882
7,52,11.021302291374,727.634467303613,851.709086136159,931.544495841015,834.090648427839,0.0004064358271717,0.0059998580909893,0.0378135855001123,0.0783508902012402,0.217359240708718
8,1,7.0,453.0,426.0,371.0,218.0,0.0005072083880888,0.0074958733505324,0.0447338895717579,0.0870068250657231,0.209727167987674
8,1,4.0,212.0,342.0,535.0,564.0,0.0003060098150873,0.0035456067026178,0.0259712904493958,0.0687326679839366,0.202045364391364
8,1,11.0,665.0,768.0,906.0,782.0,0.0004093402554055,0.0055312698466286,0.0338454688938722,0.0752003654245027,0.204129684466828
8,2,4.0,418.0,448.0,349.0,196.0,0.0002898333646222,0.0069167219879085,0.0470440904416609,0.0818473906952489,0.188562040943047
8,2,3.0,210.0,311.0,475.0,486.0,0.0002295073613154,0.0035121575827818,0.0236171676308833,0.0610243313876072,0.174102920379792
8,2,7.0,628.0,759.0,824.0,682.0,0.0002604892534399,0.0052235149829816,0.0334488423052721,0.0683941513353093,0.178026144253679
8,3,7.00490196078431,368.257703081232,454.317927170868,382.267507002801,217.151960784314,0.0005075635760357,0.0060936271581786,0.0477075304801211,0.0896492779248053,0.208911310817728
8,3,4.0,195.0,291.0,474.0,465.0,0.0003060098150873,0.0032612891840117,0.0220983787157139,0.0608958591110017,0.166579954684369
8,3,11.0049019607843,563.257703081232,745.317927170868,856.267507002801,682.151960784314,0.0004095226708491,0.0046850080435105,0.0328458785418059,0.0710724386619631,0.178065811398121
8,4,5.0,362.0,434.0,407.0,241.0,0.0003622917057777,0.0059900798077102,0.045573962615359,0.0954495358537717,0.231854346261603
8,4,2.0,176.0,282.0,494.0,531.0,0.0001530049075436,0.0029435225455695,0.0214149237038877,0.0634653046431115,0.190223561155699
8,4,7.0,538.0,716.0,901.0,772.0,0.0002604892534399,0.0044749220714078,0.0315538486041829,0.0747853523702836,0.201519330445513
8,5,4.0,366.0,452.0,435.0,251.0,0.0002898333646222,0.0060562685348672,0.0474641269634615,0.102016088688921,0.241474858554616
8,5,6.0,198.0,303.0,562.0,559.0,0.0004590147226309,0.0033114628637657,0.0230096520648155,0.0722014194522848,0.20025418208293
8,5,10.0,564.0,755.0,997.0,810.0,0.0003721275049141,0.0046911822458624,0.0332725638214499,0.0827536030112905,0.21143867572651
8,6,8.0,365.0,470.0,413.0,261.0,0.0005796667292444,0.006039721353078,0.0493542913115639,0.0968566543184464,0.251095370847629
8,6,2.0,194.0,323.0,569.0,567.0,0.0001530049075436,0.0032445646240937,0.0245284409799849,0.0731007253885232,0.203120073776424
8,6,10.0,559.0,793.0,982.0,828.0,0.0003721275049141,0.004649593750775,0.0349472094177613,0.0815085638486332,0.216137312964877
8,7,7.00468540829987,345.230923694779,452.302543507363,419.280455153949,271.181392235609,0.0005075478850019,0.0057125988536499,0.0474958967940929,0.0983295450540604,0.260890391763895
8,7,5.0,213.0,305.0,539.0,633.0,0.0003825122688591,0.0035623312625358,0.0231615309563325,0.0692465570903585,0.226763680247754
8,7,12.0046854082999,558.230923694779,757.302543507363,958.280455153949,904.181392235609,0.000446727362827,0.0046431968055467,0.0333740360410531,0.0795397796983838,0.236023353322036
8,8,4.0,362.0,448.0,395.0,251.0,0.0002898333646222,0.0059900798077102,0.0470440904416609,0.0926352989244221,0.241474858554616
8,8,4.0,178.0,298.0,496.0,576.0,0.0003060098150873,0.0029769716654055,0.0226299548360232,0.0637222491963225,0.206344201931605
8,8,8.0,540.0,746.0,891.0,827.0,0.0002977020039313,0.0044915574694428,0.0328759372328498,0.0739553262618454,0.215876277562746
8,9,6.0,349.0,410.0,408.0,205.0,0.0004347500469333,0.0057749664444499,0.0430537434845557,0.0956840555978841,0.197220502006758
8,9,1.0,172.0,304.0,468.0,565.0,7.65024537718255e-05,0.0028766243058975,0.023085591510574,0.0601250254513688,0.20240360085305
8,9,7.0,521.0,714.0,876.0,770.0,0.0002604892534399,0.0043335211881105,0.0314657093622718,0.0727102870991881,0.20099725964125
8,10,5.0,357.0,439.0,361.0,209.0,0.0003622917057777,0.005907343898764,0.0460990082676097,0.0846616276245984,0.201068706923963
8,10,4.0,162.0,280.0,431.0,511.0,0.0003060098150873,0.0027093787067174,0.0212630448123708,0.0553715512169657,0.183058831921962
8,10,9.0,519.0,719.0,792.0,720.0,0.0003349147544227,0.0043168857900755,0.0316860574670496,0.065738067788307,0.187945489534676
8,11,3.0,355.0,434.0,376.0,194.0,0.0002173750234666,0.0058742495351854,0.045573962615359,0.0881794237862854,0.186637938484444
8,11,6.0,173.0,304.0,460.0,558.0,0.0004590147226309,0.0028933488658155,0.023085591510574,0.0590972472385249,0.199895945621243
8,11,9.0,528.0,738.0,836.0,752.0,0.0003349147544227,0.0043917450812329,0.0325233802652053,0.0693901826654352,0.196298622402884
8,12,3.0,349.0,428.0,347.0,194.0,0.0002173750234666,0.0057749664444499,0.0449439078326582,0.081378351207024,0.186637938484444
8,12,5.0,187.0,291.0,462.0,497.0,0.0003825122688591,0.0031274927046676,0.0220983787157139,0.0593541917917359,0.178043521458347
8,12,8.0,536.0,719.0,809.0,691.0,0.0002977020039313,0.0044582866733728,0.0316860574670496,0.067149112172652,0.180375462872862
8,13,7.0,326.0,439.0,365.0,215.0,0.0005072083880888,0.0053943812632971,0.0460990082676097,0.0855997066010483,0.206841014299771
8,13,4.0,171.0,289.0,445.0,516.0,0.0003060098150873,0.0028598997459795,0.021946499824197,0.0571701630894426,0.184850014230397
8,13,11.0,497.0,728.0,810.0,731.0,0.0004093402554055,0.0041338964116908,0.0320826840556497,0.0672321147834958,0.190816878958122
8,14,4.0,344.0,417.0,367.0,203.0,0.0002898333646222,0.0056922305355036,0.0437888073977067,0.0860687460892732,0.195296399548156
8,14,0.0,167.0,296.0,417.0,525.0,0.0,0.0027930015063074,0.0224780759445063,0.0535729393444889,0.188074142385578
8,14,4.0,511.0,713.0,784.0,728.0,0.0001488510019656,0.0042503441979357,0.0314216397413162,0.0650740469015565,0.190033772751728
8,15,6.0,307.0,381.0,373.0,203.0,0.0004347500469333,0.0050799848093012,0.0400084787015018,0.087475864553948,0.195296399548156
8,15,5.00395569620253,162.128164556962,240.189873417722,452.357594936709,405.320411392405,0.0003828148893249,0.0027115222025297,0.0182398858641381,0.0581154100613026,0.145200550026659
8,15,11.0039556962025,469.128164556962,621.189873417722,825.357594936709,608.320411392405,0.0004094874577414,0.0039020668734107,0.027375602262953,0.0685068352595245,0.158793163212612
8,16,3.0,337.0,421.0,319.0,179.0,0.0002173750234666,0.0055764002629789,0.0442088439195072,0.0748117983718751,0.172207170044925
8,16,5.0,174.0,271.0,412.0,487.0,0.0003825122688591,0.0029100734257335,0.0205795898005446,0.0529305779614614,0.174461156841479
8,16,8.0,511.0,692.0,731.0,666.0,0.0002977020039313,0.0042503441979357,0.0304961777012494,0.0606749085268339,0.173849577819575
8,17,3.0,343.0,406.0,370.0,200.0,0.0002173750234666,0.0056756833537144,0.0426337069627552,0.0867723053216106,0.192410245860252
8,17,2.0,163.0,267.0,407.0,449.0,0.0001530049075436,0.0027261032666354,0.0202758320175107,0.052288216578434,0.16084817129738
8,17,5.0,506.0,673.0,777.0,649.0,0.000186063752457,0.0042087557028482,0.0296588549030937,0.0644930286256497,0.16941197598334
8,18,6.0,347.0,398.0,300.0,170.0,0.0004347500469333,0.0057418720808714,0.0417936339191541,0.0703559232337383,0.163548708981214
8,18,5.0,176.0,233.0,386.0,417.0,0.0003825122688591,0.0029435225455695,0.0176938908617228,0.0495902987697187,0.149384604523402
8,18,11.0,523.0,631.0,686.0,587.0,0.0004093402554055,0.0043501565861455,0.0278079308229601,0.0569397910388619,0.153227781051187
8,19,2.0,309.0,369.0,309.0,180.0,0.0001449166823111,0.0051130791728797,0.0387483691361002,0.0724666009307505,0.173169221274227
8,19,3.0,144.0,246.0,406.0,412.0,0.0002295073613154,0.0024083366281932,0.0186811036565829,0.0521597443018285,0.147593422214968
8,19,5.0,453.0,615.0,715.0,592.0,0.000186063752457,0.0037679176549214,0.0271028168876711,0.0593468667533327,0.154532958061844
8,20,3.0,309.0,333.0,301.0,160.0,0.0002173750234666,0.0051130791728797,0.0349680404398953,0.0705904429778508,0.153928196688201
8,20,5.0,149.0,226.0,364.0,388.0,0.0003825122688591,0.0024919594277833,0.0171623147414136,0.046763908684398,0.138995747134484
8,20,8.0,458.0,559.0,665.0,548.0,0.0002977020039313,0.0038095061500089,0.0246349181141596,0.0551967362111416,0.143047400368059
8,21,4.0,286.0,342.0,289.0,148.0,0.0002898333646222,0.0047324939917269,0.0359131226139465,0.0677762060485013,0.142383581936586
8,21,3.0,132.0,224.0,351.0,396.0,0.0002295073613154,0.0022076419091771,0.0170104358498966,0.0450937690885266,0.141861638827979
8,21,7.0,418.0,566.0,640.0,544.0,0.0002604892534399,0.0034767981893094,0.0249434054608485,0.0531216709400461,0.142003258759533
8,22,4.0,303.0,344.0,312.0,174.0,0.0002898333646222,0.0050137960821442,0.0361231408748468,0.0731701601630878,0.167396913898419
8,22,8.0,173.0,249.0,364.0,406.0,0.0006120196301746,0.0028933488658155,0.0189089219938583,0.046763908684398,0.145444003444847
8,22,12.0,476.0,593.0,676.0,580.0,0.000446553005897,0.0039592247323236,0.0261332852266487,0.0561097649304237,0.151400533236267
8,23,1.0,313.0,367.0,302.0,180.0,7.24583411555517e-05,0.0051792679000367,0.0385383508751999,0.0708249627219632,0.173169221274227
8,23,2.0,142.0,240.0,378.0,401.0,0.0001530049075436,0.0023748875083572,0.0182254669820321,0.0485625205568748,0.143652821136413
8,23,3.0,455.0,607.0,680.0,581.0,0.0001116382514742,0.0037845530529564,0.0267502599200266,0.056441775373799,0.151661568638398
8,24,4.0037488284911,293.274601686973,333.312089971884,285.267104029991,152.142455482662,0.0002901049985159,0.0048528681482856,0.035000812736465,0.0669007682408162,0.146368836326007
8,24,6.0,134.0,194.0,320.0,351.0,0.0004590147226309,0.0022410910290131,0.0147322524771426,0.0411111285137564,0.125740998052072
8,24,10.0037488284911,427.274601686973,527.312089971884,605.267104029991,503.142455482662,0.0003722670091334,0.0035539415346487,0.0232384439303465,0.0502387498923685,0.131337993196344
8,25,2.00348432055749,317.552264808362,379.660278745645,308.536585365854,142.247386759582,0.0001451691503987,0.0052545950533735,0.0398677957375364,0.0723579210493325,0.136849273296947
8,25,4.0,143.0,261.0,372.0,389.0,0.0003060098150873,0.0023916120682752,0.0198201953429599,0.0477916868972419,0.139353983596171
8,25,6.00348432055749,460.552264808362,640.660278745645,680.536585365854,531.247386759582,0.0002234061641,0.0038307351204977,0.0282336556456057,0.0564863133601054,0.138674375234093
8,26,5.0,364.0,409.0,344.0,185.0,0.0003622917057777,0.0060231741712887,0.0429487343541056,0.0806747919746866,0.177979477420733
8,26,1.0,170.0,295.0,436.0,527.0,7.65024537718255e-05,0.0028431751860615,0.0224021364987478,0.0560139125999932,0.188790615308951
8,26,6.0,534.0,704.0,780.0,712.0,0.0002232765029485,0.0044416512753378,0.0310250131527162,0.0647420364581812,0.185857206317624
8,27,6.0,315.0,361.0,289.0,185.0,0.0004347500469333,0.0052123622636152,0.0379082960924991,0.0677762060485013,0.177979477420733
8,27,4.0,142.0,214.0,375.0,381.0,0.0003060098150873,0.0023748875083572,0.016251041392312,0.0481771037270583,0.136488091902677
8,27,10.0,457.0,575.0,664.0,566.0,0.0003721275049141,0.0038011884509914,0.0253400320494486,0.0551137336002978,0.147746037606426
8,28,5.0,315.0,334.0,262.0,138.0,0.0003622917057777,0.0052123622636152,0.0350730495703454,0.0614441729574648,0.132763069643574
8,28,1.0,144.0,227.0,347.0,408.0,7.65024537718255e-05,0.0024083366281932,0.017238254187172,0.0445798799821046,0.146160476368221
8,28,6.0,459.0,561.0,609.0,546.0,0.0002232765029485,0.0038178238490263,0.0247230573560707,0.0505485900038876,0.142525329563796
8,29,6.0,354.0,375.0,329.0,217.0,0.0004347500469333,0.0058577023533962,0.039378423918801,0.0771569958129997,0.208765116758373
8,29,5.0,157.0,280.0,431.0,487.0,0.0003825122688591,0.0026257559071273,0.0212630448123708,0.0553715512169657,0.174461156841479
8,29,11.0,511.0,655.0,760.0,704.0,0.0004093402554055,0.0042503441979357,0.0288656017258936,0.0630819842413047,0.183768923100572
8,30,7.00574241181296,330.270713699754,373.305988515176,324.265791632486,185.151763740771,0.000507624473723,0.0054650495392567,0.0392005372458071,0.0760467304780751,0.178125481914105
8,30,9.0,175.0,250.0,412.0,450.0,0.0006885220839464,0.0029267979856515,0.0189848614396168,0.0529305779614614,0.161206407759067
8,30,16.005742411813,505.270713699754,623.305988515176,736.265791632486,635.151763740771,0.0005956176988007,0.0042026897189052,0.0274688586531962,0.0611119829804898,0.1657970960626
8,31,4.00345721694036,314.271391529819,347.299913569576,313.270527225583,179.154710458081,0.0002900838688267,0.005200305846806,0.0364696619293486,0.0734681238829196,0.172356009431308
8,31,7.0,144.0,228.0,357.0,452.0,0.0005355171764027,0.0024083366281932,0.0173141936329305,0.0458646027481595,0.16192288068244
8,31,11.0034572169404,458.271391529819,575.299913569576,670.270527225583,631.154710458081,0.0004094689079569,0.0038117635030698,0.0253532491267792,0.0556342037313885,0.164753723651612
8,32,2.0,312.0,348.0,321.0,183.0,0.0001449166823111,0.0051627207182475,0.0365431773966473,0.0752808378601,0.17605537496213
8,32,4.0,158.0,234.0,398.0,432.0,0.0003060098150873,0.0026424804670454,0.0177698303074813,0.0511319660889846,0.154758151448704
8,32,6.0,470.0,582.0,719.0,615.0,0.0002232765029485,0.0039093185382187,0.0256485193961375,0.059678877196708,0.160536772310869
8,33,5.0,315.0,409.0,344.0,204.0,0.0003622917057777,0.0052123622636152,0.0429487343541056,0.0806747919746866,0.196258450777457
8,33,4.0,164.0,249.0,404.0,477.0,0.0003060098150873,0.0027428278265534,0.0189089219938583,0.0519027997486175,0.170878792224611
8,33,9.0,479.0,658.0,748.0,681.0,0.0003349147544227,0.0039841778293761,0.0289978105887603,0.0620859529111789,0.177765108851547
8,34,3.0,317.0,347.0,329.0,162.0,0.0002173750234666,0.0052454566271938,0.0364381682661972,0.0771569958129997,0.155852299146804
8,34,4.0,150.0,238.0,391.0,402.0,0.0003060098150873,0.0025086839877013,0.0180735880905152,0.0502326601527462,0.1440110575981
8,34,7.0,467.0,585.0,720.0,564.0,0.0002604892534399,0.0038843654411662,0.0257807282590042,0.0597618798075518,0.147223966802163
8,35,8.0,339.0,317.0,303.0,158.0,0.0005796667292444,0.0056094946265574,0.0332878943526931,0.0710594824660757,0.152004094229599
8,35,5.0,150.0,203.0,350.0,387.0,0.0003825122688591,0.0025086839877013,0.0154157074889688,0.0449652968119211,0.138637510672797
8,35,13.0,489.0,520.0,653.0,545.0,0.0004837657563884,0.0040673548195509,0.0229162028968926,0.0542007048810158,0.142264294161664
8,36,2.0,305.0,365.0,314.0,200.0,0.0001449166823111,0.0050468904457227,0.0383283326142996,0.0736391996513128,0.192410245860252
8,36,5.0,148.0,257.0,340.0,403.0,0.0003825122688591,0.0024752348678653,0.019516437559926,0.0436805740458662,0.144369294059786
8,36,7.0,453.0,622.0,654.0,603.0,0.0002604892534399,0.0037679176549214,0.02741130423436,0.0542837074918596,0.157404347485291
8,37,10.0,311.0,338.0,285.0,169.0,0.0007245834115555,0.0051461735364582,0.035493086092146,0.0668381270720514,0.162586657751913
8,37,3.0,145.0,239.0,375.0,396.0,0.0002295073613154,0.0024250611881112,0.0181495275362736,0.0481771037270583,0.141861638827979
8,37,13.0,456.0,577.0,660.0,565.0,0.0004837657563884,0.0037928707519739,0.0254281712913597,0.0547817231569225,0.147485002204294
8,38,3.0,346.0,399.0,329.0,204.0,0.0002173750234666,0.0057253248990821,0.0418986430496042,0.0771569958129997,0.196258450777457
8,38,5.0,113.0,262.0,418.0,424.0,0.0003825122688591,0.001889875270735,0.0198961347887184,0.0537014116210944,0.15189225975521
8,38,8.0,459.0,661.0,747.0,628.0,0.0002977020039313,0.0038178238490263,0.029130019451627,0.062002950300335,0.163930232538578
8,39,2.0,364.0,389.0,384.0,212.0,0.0001449166823111,0.0060231741712887,0.0408485517451029,0.090055581739185,0.203954860611867
8,39,5.0,166.0,279.0,459.0,510.0,0.0003825122688591,0.0027762769463894,0.0211871053666123,0.0589687749619194,0.182700595460276
8,39,7.0,530.0,668.0,843.0,722.0,0.0002604892534399,0.0044083804792679,0.0294385067983159,0.0699712009413419,0.188467560338939
8,40,5.0,339.0,335.0,346.0,215.0,0.0003622917057777,0.0056094946265574,0.0351780587007955,0.0811438314629115,0.206841014299771
8,40,6.0,158.0,265.0,440.0,476.0,0.0004590147226309,0.0026424804670454,0.0201239531259938,0.0565278017064151,0.170520555762924
8,40,11.0,497.0,600.0,786.0,691.0,0.0004093402554055,0.0041338964116908,0.0264417725733376,0.0652400521232441,0.180375462872862
8,41,5.0,328.0,386.0,386.0,208.0,0.0003622917057777,0.0054274756268756,0.0405335243537525,0.09052462122741,0.200106655694662
8,41,2.0,145.0,276.0,434.0,453.0,0.0001530049075436,0.0024250611881112,0.0209592870293369,0.0557569680467822,0.162281117144127
8,41,7.0,473.0,662.0,820.0,661.0,0.0002604892534399,0.0039342716352712,0.0291740890725825,0.068062140891934,0.172544400808918
8,42,4.0,308.0,395.0,341.0,203.0,0.0002898333646222,0.0050965319910905,0.0414786065278037,0.0799712327423492,0.195296399548156
8,42,5.0,143.0,287.0,401.0,435.0,0.0003825122688591,0.0023916120682752,0.0217946209326801,0.051517382918801,0.155832860833765
8,42,9.0,451.0,682.0,742.0,638.0,0.0003349147544227,0.0037512822568865,0.0300554814916938,0.0615879372461159,0.166540586559893
8,43,5.0,307.0,368.0,358.0,201.0,0.0003622917057777,0.0050799848093012,0.03864336000565,0.0839580683922611,0.193372297089553
8,43,4.0,132.0,271.0,428.0,508.0,0.0003060098150873,0.0022076419091771,0.0205795898005446,0.0549861343871492,0.181984122536902
8,43,9.0,439.0,639.0,786.0,709.0,0.0003349147544227,0.0036514698686766,0.0281604877906046,0.0652400521232441,0.185074100111229
8,44,8.00657894736842,311.255756578947,374.307565789474,335.275493421053,188.154605263158,0.0005801434288572,0.0051504055870639,0.0393057120044597,0.0786287229242844,0.181014369292114
8,44,5.0,129.0,268.0,428.0,460.0,0.0003825122688591,0.0021574682294231,0.0203517714632692,0.0549861343871492,0.164788772375935
8,44,13.0065789473684,440.255756578947,642.307565789474,763.275493421053,648.154605263158,0.0004840105771153,0.0036619148739395,0.0283062509612323,0.0633538587470539,0.169191298028248
8,45,13.0,332.0,341.0,363.0,196.0,0.0009419584350221,0.0054936643540326,0.0358081134834964,0.0851306671128234,0.188562040943047
8,45,5.0,140.0,251.0,414.0,466.0,0.0003825122688591,0.0023414383885212,0.0190608008853752,0.0531875225146724,0.166938191146056
8,45,18.0,472.0,592.0,777.0,662.0,0.0006698295088455,0.0039259539362537,0.0260892156056931,0.0644930286256497,0.172805436211049
8,46,7.00574712643678,311.255336617406,387.317733990148,321.26354679803,192.15763546798,0.0005076248153368,0.0051503986378839,0.0406718984542225,0.0753426447877356,0.184865489421594
8,46,3.0,166.0,254.0,433.0,485.0,0.0002295073613154,0.0027762769463894,0.0192886192226506,0.0556284957701767,0.173744683918105
8,46,10.0057471264368,477.255336617406,641.317733990148,754.26354679803,677.15763546798,0.0003723413712963,0.0039696662444728,0.0282626294490262,0.0626058436485578,0.176762115680796
8,47,8.0,337.0,383.0,362.0,192.0,0.0005796667292444,0.0055764002629789,0.0402184969624021,0.0848961473687109,0.184713836025842
8,47,5.0,150.0,287.0,440.0,453.0,0.0003825122688591,0.0025086839877013,0.0217946209326801,0.0565278017064151,0.162281117144127
8,47,13.0,487.0,670.0,802.0,645.0,0.0004837657563884,0.004050719421516,0.029526646040227,0.0665680938967452,0.168367834374814
8,48,5.0080064051241,313.501200960769,382.611689351481,344.550840672538,205.328262610088,0.0003628718366116,0.0051875613634475,0.0401777207988566,0.080803974988257,0.197536307454327
8,48,6.0,157.0,283.0,456.0,494.0,0.0004590147226309,0.0026257559071273,0.0214908631496462,0.0585833581321029,0.176968812073287
8,48,11.0080064051241,470.501200960769,665.611689351481,800.550840672538,699.328262610088,0.0004096381957618,0.0039134873769576,0.0293332548533115,0.0664478098890372,0.182549434252343
8,49,6.0,348.0,386.0,418.0,247.0,0.0004347500469333,0.0057584192626607,0.0405335243537525,0.0980292530390087,0.237626653637411
8,49,4.0,150.0,289.0,478.0,523.0,0.0003060098150873,0.0025086839877013,0.021946499824197,0.0614097482174237,0.187357669462204
8,49,10.0,498.0,675.0,896.0,770.0,0.0003721275049141,0.0041422141107083,0.0297469941450049,0.0743703393160645,0.20099725964125
8,50,5.0,361.0,396.0,374.0,214.0,0.0003622917057777,0.005973532625921,0.0415836156582538,0.0877103842980604,0.205878963070469
8,50,7.0,173.0,292.0,461.0,520.0,0.0005355171764027,0.0028933488658155,0.0221743181614724,0.0592257195151304,0.186282960077144
8,50,12.0,534.0,688.0,835.0,734.0,0.000446553005897,0.0044416512753378,0.0303198992174272,0.0693071800545914,0.191599985164517
8,51,2.00139664804469,366.255586592179,446.311452513966,385.268854748603,233.162709497207,0.0001450178811116,0.0060604977726709,0.0468667775384288,0.0903531532301434,0.224314471299
8,51,5.0,165.0,274.0,467.0,538.0,0.0003825122688591,0.0027595523864714,0.02080740813782,0.0599965531747633,0.192731216387506
8,51,7.00139664804469,531.255586592179,720.311452513966,852.268854748603,771.162709497207,0.0002605412265551,0.004418824070632,0.0317438526822413,0.0707405400850081,0.201300767982416
8,52,6.01278409090909,375.799005681818,417.888494318182,384.818181818182,226.481534090909,0.0004356763609537,0.0062184144632382,0.0438821074134689,0.0902474615298225,0.217886838286194
8,52,3.0,183.0,313.0,471.0,613.0,0.0002295073613154,0.0030605944649956,0.0237690465224002,0.0605104422811853,0.219598951014018
8,52,9.01278409090909,558.799005681818,730.888494318182,855.818181818182,839.481534090909,0.000335390485608,0.0046479219405321,0.0322099789053843,0.0710351434985219,0.219134399833384
9,1,4.0060286360211,344.518462697815,399.601356443105,359.541070082894,221.333082140166,0.000292773202043,0.0057361664472271,0.042224815872098,0.0819101325413681,0.211645875460134
9,1,7.0,179.0,306.0,469.0,506.0,0.0005404877072295,0.0030182361480976,0.0234038020381356,0.0592225671242813,0.1808269269498
9,1,11.0060286360211,523.518462697815,705.601356443105,828.541070082894,727.333082140166,0.0004132274740196,0.0043857921252673,0.0313065469706763,0.067313252381105,0.189211248979235
9,2,1.00079176563737,327.25890736342,373.29532858274,367.290577988915,195.154394299287,7.31410173081e-05,0.0054487981551827,0.039445127653276,0.0836756143528515,0.186612964641264
9,2,5.0,169.0,309.0,397.0,508.0,0.000386062648021,0.0028496196035112,0.0236332510777252,0.0501308297405963,0.18154165788636
9,2,6.00079176563737,496.25890736342,682.29532858274,764.290577988915,703.154394299287,0.0002253030684761,0.0041574243567119,0.0302724910561746,0.062093342655327,0.182921311346273
9,3,5.0,355.0,387.0,360.0,222.0,0.000365415762896,0.0059106820366598,0.0408932639467368,0.0820146852989396,0.21228360395937
9,3,4.0,136.0,276.0,414.0,489.0,0.0003088501184168,0.0022931850063758,0.02110931164224,0.0522774899561886,0.174751713989036
9,3,9.0,491.0,663.0,774.0,711.0,0.0003379100117915,0.0041133676975004,0.0294163842685754,0.0628821662850856,0.184962297642761
9,4,4.0,316.0,388.0,329.0,184.0,0.0002923326103168,0.0052613395030549,0.0409989312954363,0.0749523096204198,0.175946770849208
9,4,1.0,135.0,256.0,411.0,472.0,7.7212529604215e-05,0.0022763233519172,0.0195796513783095,0.0518986675652017,0.168676501028272
9,4,5.0,451.0,644.0,740.0,656.0,0.0001877277843286,0.0037782664594148,0.0285733807978319,0.06011990058264,0.170654384322998
9,5,6.00480384307446,341.273018414732,376.301040832666,345.276220976781,181.144915932746,0.0004388499954716,0.0056821304212412,0.0397627332976795,0.0786603350128274,0.173216646815858
9,5,1.0,166.0,275.0,445.0,537.0,7.7212529604215e-05,0.0027990346401352,0.0210328286290434,0.0561919879963863,0.191905256466487
9,5,7.00480384307446,507.273018414732,651.301040832666,790.276220976781,718.144915932746,0.0002629992610234,0.0042496954129545,0.0288973177853044,0.0642044970783088,0.186821003785356
9,6,6.0,351.0,410.0,344.0,201.0,0.0004384989154753,0.0058440828024439,0.0433236129668271,0.0783695881745423,0.192202722503754
9,6,2.0014440433213,173.124909747292,264.190613718412,426.307581227437,520.375451263538,0.0001545365574461,0.0029191724063431,0.0202060941954224,0.0538316190721362,0.185964216822334
9,6,8.0014440433213,524.124909747292,674.190613718412,770.307581227437,721.375451263538,0.0003004186723364,0.0043908726541951,0.0299128961740686,0.0625821827046586,0.187661407776073
9,7,7.0,349.0,427.0,422.0,205.0,0.0005115820680545,0.0058107831853359,0.0451199578947199,0.0961394366559792,0.196027652304824
9,7,1.0,169.0,287.0,465.0,522.0,7.7212529604215e-05,0.0028496196035112,0.0219506247874017,0.0587174706029655,0.186544774442284
9,7,8.0,518.0,714.0,887.0,727.0,0.0003003644549258,0.0043395610332081,0.0316791830584658,0.0720626375902725,0.18912459969942
9,8,3.0,330.0,451.0,388.0,190.0,0.0002192494577376,0.0054944368228105,0.0476559742635098,0.0883936052666349,0.181684165550812
9,8,3.0,182.0,289.0,487.0,509.0,0.0002316375888126,0.0030688211114736,0.0221035908137947,0.0614955014702025,0.18189902335464
9,8,6.0,512.0,740.0,875.0,699.0,0.0002252733411943,0.0042892958474953,0.0328327667552727,0.071087720283527,0.181840571100268
9,9,4.00308641975309,321.247685185185,405.3125,368.283950617284,198.152777777778,0.0002925581756026,0.0053487124567397,0.0428282972697978,0.0839019230847966,0.189480116221743
9,9,0.0,152.0,283.0,477.0,505.0,0.0,0.0025629714777142,0.0216446927346156,0.060232760166913,0.18046956148152
9,9,4.00308641975309,473.247685185185,688.3125,845.283950617284,703.152777777778,0.0001502981088112,0.0039646471306671,0.0305394645503225,0.0686734960475842,0.182920890818098
9,10,3.00228832951945,315.240274599542,430.327993897788,359.273836765828,204.155606407323,0.000219416696073,0.0052486902205837,0.0454716181863875,0.0818492518291443,0.195220215750708
9,10,4.0,187.0,284.0,460.0,512.0,0.0003088501184168,0.0031531293837668,0.0217211757478121,0.0580860999513207,0.182971119759481
9,10,7.00228832951945,502.240274599542,714.327993897788,819.273836765828,716.155606407323,0.0002629048146662,0.0042075334458686,0.0316937356897404,0.066560353535567,0.186303497089794
9,11,5.0,346.0,390.0,387.0,205.0,0.000365415762896,0.005760833759674,0.0412102659928355,0.0881657866963601,0.196027652304824
9,11,1.0,197.0,270.0,474.0,500.0,7.7212529604215e-05,0.0033217459283533,0.0206504135630608,0.0598539377759261,0.178682734140118
9,11,6.0,543.0,660.0,861.0,705.0,0.0002252733411943,0.0045489993070116,0.0292832784574054,0.0699503167589906,0.183401434371514
9,12,2.0,356.0,416.0,357.0,185.0,0.0001461663051584,0.0059273318452137,0.0439576170590245,0.0813312295881151,0.176903003299475
9,12,3.0,157.0,298.0,454.0,485.0,0.0002316375888126,0.0026472797500074,0.0227919379325634,0.0573284551693469,0.173322252115915
9,12,5.0,513.0,714.0,811.0,670.0,0.0001877277843286,0.0042976733784474,0.0316791830584658,0.0658881613142176,0.174296398622574
9,13,1.00077760497667,312.242612752722,394.306376360809,370.287713841369,209.162519440124,7.31399824023734e-05,0.0051987797247246,0.0416653093653847,0.0843584175576768,0.20000798846834
9,13,2.0,157.0,248.0,439.0,457.0,0.0001544250592084,0.0026472797500074,0.0189677872727374,0.0554343432144125,0.163316019004068
9,13,3.00077760497667,469.242612752722,642.306376360809,809.287713841369,666.162519440124,0.000112665866209,0.0039310945123986,0.0284982370817282,0.0657490498633717,0.173298101545902
9,14,7.0,299.0,371.0,305.0,214.0,0.0005115820680545,0.0049782927576374,0.0392025863675435,0.0694846639338239,0.204633744357231
9,14,2.0,172.0,252.0,378.0,464.0,0.0001544250592084,0.0029002045668871,0.0192737193255234,0.0477316212643461,0.16581757728203
9,14,9.0,471.0,623.0,683.0,678.0,0.0003379100117915,0.0039458170784576,0.0276416401196417,0.0554890433755988,0.176377549650903
9,15,3.0,332.0,380.0,325.0,198.0,0.0002192494577376,0.0055277364399184,0.0401535925058397,0.0740410353393205,0.189334025152952
9,15,2.0,142.0,257.0,433.0,441.0,0.0001544250592084,0.0023943549331277,0.0196561343915061,0.0546766984324388,0.157598171511584
9,15,5.0,474.0,637.0,758.0,639.0,0.0001877277843286,0.003970949671314,0.0282628005717685,0.0615822765427582,0.166231938387798
9,16,6.00497512437811,311.257877280265,393.325870646766,305.252902155887,191.158374792703,0.0004388625132493,0.0051823840676319,0.041561701926197,0.0695422797413975,0.182791841117167
9,16,5.0,154.0,263.0,380.0,423.0,0.000386062648021,0.0025966947866315,0.0201150324706852,0.047984169525004,0.15116559308254
9,16,11.0049751243781,465.257877280265,656.325870646766,685.252902155887,614.158374792703,0.0004131879193383,0.003897712267642,0.0291202624681034,0.0556720761507803,0.159769541657106
9,17,6.0,279.0,349.0,305.0,175.0,0.0004384989154753,0.004645296586558,0.0368779046961528,0.0694846639338239,0.167340678796801
9,17,3.0,160.0,231.0,353.0,461.0,0.0002316375888126,0.0026978647133834,0.0176675760483965,0.0445747680061222,0.164745480877189
9,17,9.0,439.0,580.0,658.0,636.0,0.0003379100117915,0.0036777360879891,0.025733790159538,0.0534579656532123,0.165451506752175
9,18,2.00167785234899,296.248322147651,363.304530201342,356.298657718121,175.146812080537,0.0001462889278976,0.0049324778481936,0.0383894264769217,0.0811714507921841,0.167481065272301
9,18,4.0,143.0,253.0,356.0,422.0,0.0003088501184168,0.0024112165875864,0.01935020233872,0.044953590397109,0.15080822761426
9,18,6.00167785234899,439.248322147651,616.304530201342,712.298657718121,597.146812080537,0.0002253363370951,0.0036798164144672,0.0273445714734035,0.0578693574150829,0.155344087753117
9,19,2.0,283.0,363.0,280.0,154.0,0.0001461663051584,0.0047118958207738,0.0383572475779469,0.0637891996769531,0.147259797341185
9,19,6.0,141.0,232.0,392.0,375.0,0.0004632751776252,0.0023774932786691,0.017744059061593,0.0494994590889515,0.134012050605089
9,19,8.0,424.0,595.0,672.0,529.0,0.0003003644549258,0.003552073123707,0.0263993192153882,0.0545953691777487,0.137616111748271
9,20,14.0,330.0,344.0,299.0,155.0,0.001023164136109,0.0054944368228105,0.0363495679526549,0.0681177525121749,0.148216029791452
9,20,7.0,138.0,230.0,394.0,399.0,0.0005404877072295,0.0023269083152931,0.0175910930352,0.0497520073496094,0.142588821843814
9,20,21.0,468.0,574.0,693.0,554.0,0.0007884566941803,0.0039206844856012,0.025467578537198,0.0563014744645534,0.1441197087118
9,21,4.0,283.0,391.0,291.0,166.0,0.0002923326103168,0.0047118958207738,0.0413159333415351,0.0662952039499762,0.158734586744394
9,21,1.0,156.0,219.0,384.0,381.0,7.7212529604215e-05,0.0026304180955488,0.0167497798900382,0.0484892660463199,0.13615624341477
9,21,5.0,439.0,610.0,675.0,547.0,0.0001877277843286,0.0036777360879891,0.0270648482712383,0.0548390985044351,0.142298701562012
9,22,3.0,280.0,336.0,321.0,156.0,0.0002192494577376,0.0046619463951119,0.0355042291630583,0.0731297610582212,0.14917226224172
9,22,9.0,146.0,233.0,351.0,366.0,0.0006949127664379,0.0024618015509623,0.0178205420747895,0.0443222197454642,0.130795761390567
9,22,12.0,426.0,569.0,672.0,522.0,0.0004505466823887,0.0035688281856113,0.0252457355185813,0.0545953691777487,0.135795104598483
9,23,1.0,261.0,358.0,316.0,147.0,7.3083152579217e-05,0.0043456000325865,0.037828910834449,0.071990668206847,0.140566170189313
9,23,4.0,112.0,234.0,361.0,396.0,0.0003088501184168,0.0018885052993683,0.0178970250879861,0.0455849610487538,0.141516725438974
9,23,5.0,373.0,592.0,677.0,543.0,0.0001877277843286,0.0031248190451479,0.0262662134042181,0.055001584722226,0.141258126047847
9,24,4.0,270.0,387.0,290.0,164.0,0.0002923326103168,0.0044954483095722,0.0408932639467368,0.0660673853797014,0.156822121843859
9,24,3.0,145.0,231.0,338.0,336.0,0.0002316375888126,0.0024449398965037,0.0176675760483965,0.0426806560511878,0.12007479734216
9,24,7.0,415.0,618.0,628.0,500.0,0.0002628188980601,0.0034766753451378,0.027419797101025,0.0510206723863485,0.130071939270578
9,25,8.00680272108844,296.251700680272,364.309523809524,337.28656462585,171.145408163265,0.0005851623849369,0.0049325341001149,0.0384956214869582,0.0768401429259711,0.163654792999979
9,25,3.0,151.0,236.0,369.0,391.0,0.0002316375888126,0.0025461098232555,0.0180499911143791,0.0465951540913855,0.139729898097573
9,25,11.0068027210884,447.251700680272,600.309523809524,706.28656462585,562.145408163265,0.0004132565374745,0.0037468649658459,0.0266348953732526,0.0573809162812979,0.146238686783693
9,26,10.0,263.0,297.0,284.0,156.0,0.0007308315257921,0.0043788996496944,0.0313832025637747,0.0647004739580524,0.14917226224172
9,26,5.0,132.0,237.0,332.0,358.0,0.000386062648021,0.0022257383885413,0.0181264741275756,0.041923011269214,0.127936837644325
9,26,15.0,395.0,534.0,616.0,514.0,0.0005631833529859,0.003309124726095,0.0236928343882643,0.050045755079603,0.133713953570154
9,27,9.0,279.0,331.0,274.0,174.0,0.0006577483732129,0.004645296586558,0.0349758924195604,0.0624222882553041,0.166384446346533
9,27,4.0,132.0,244.0,341.0,361.0,0.0003088501184168,0.0022257383885413,0.0186618552199513,0.0430594784421747,0.129008934049165
9,27,13.0,411.0,575.0,615.0,535.0,0.0004880922392545,0.0034431652213292,0.0255119471409213,0.0499645119707075,0.139176975019518
9,28,3.0,334.0,370.0,296.0,165.0,0.0002192494577376,0.0055610360570264,0.0390969190188439,0.0674342968013504,0.157778354294126
9,28,2.0,179.0,254.0,374.0,408.0,0.0001544250592084,0.0030182361480976,0.0194266853519165,0.0472265247430303,0.145805111058337
9,28,5.0,513.0,624.0,670.0,573.0,0.0001877277843286,0.0042976733784474,0.0276860087233651,0.0544328829599578,0.149062442404082
9,29,5.0,254.0,381.0,307.0,139.0,0.000365415762896,0.0042290513727087,0.0402592598545393,0.0699403010743735,0.132916310587173
9,29,5.0,120.0,249.0,377.0,378.0,0.000386062648021,0.0020233985350375,0.0190442702859339,0.0476053471340172,0.135084147009929
9,29,10.0,374.0,630.0,684.0,517.0,0.0003754555686573,0.0031331965761001,0.0279522203457051,0.0555702864844942,0.134494385205777
9,30,6.0,277.0,347.0,282.0,148.0,0.0004384989154753,0.00461199696945,0.0366665699987536,0.0642448368175027,0.14152240263958
9,30,4.0,117.0,232.0,337.0,392.0,0.0003088501184168,0.0019728135716616,0.017744059061593,0.0425543819208588,0.140087263565853
9,30,10.0,394.0,579.0,619.0,540.0,0.0003754555686573,0.0033007471951429,0.0256894215558147,0.0502894844062894,0.140477694412224
9,31,3.0029702970297,277.274257425743,298.29504950495,282.279207920792,150.148514851485,0.0002194665364086,0.0046165633030831,0.0315200470113975,0.064308445566827,0.143576882260452
9,31,1.0,125.0,210.0,301.0,356.0,7.7212529604215e-05,0.0021077068073307,0.0160614327712695,0.0380085132290163,0.127222106707764
9,31,4.0029702970297,402.274257425743,508.29504950495,583.279207920792,506.148514851485,0.0001502937489189,0.003370065042833,0.0225523416260214,0.0473874162055662,0.131671437771311
9,32,6.0,255.0,323.0,285.0,142.0,0.0004384989154753,0.0042457011812626,0.0341305536299638,0.0649282925283272,0.135785007937976
9,32,4.0,132.0,204.0,334.0,344.0,0.0003088501184168,0.0022257383885413,0.0156025346920904,0.042175559529872,0.122933721088401
9,32,10.0,387.0,527.0,619.0,486.0,0.0003754555686573,0.0032421044784779,0.0233822541622009,0.0502894844062894,0.126429924971001
9,33,4.00354295837024,280.248007085917,365.323294951284,310.274579273694,170.150575730735,0.000292591540884,0.0046660756656125,0.0386027439956962,0.070686311042758,0.162703501945415
9,33,5.0,138.0,228.0,410.0,467.0,0.000386062648021,0.0023269083152931,0.0174381270088069,0.0517723934348728,0.166889673686871
9,33,9.00354295837024,418.248007085917,593.323294951284,720.274579273694,637.150575730735,0.0003380430341365,0.0035038856250328,0.0263249261535208,0.0585173460785639,0.165750821985323
9,34,5.00431778929188,287.247841105354,375.323834196891,306.264248704663,185.1597582038,0.0003657313205497,0.0047826215619457,0.0396594744633456,0.0697726832661921,0.177055769278145
9,34,4.0,122.0,271.0,426.0,464.0,0.0003088501184168,0.0020571218439548,0.0207268965762574,0.0537927795201361,0.16581757728203
9,34,9.00431778929188,409.247841105354,646.323834196891,732.264248704663,649.1597582038,0.0003380721255949,0.0034284864559563,0.0286764860764325,0.0594914240977647,0.168874937291975
9,35,10.0,287.0,320.0,276.0,127.0,0.0007308315257921,0.0047784950549897,0.033813551583865,0.0628779253958537,0.121441521183964
9,35,3.0,142.0,242.0,345.0,385.0,0.0002316375888126,0.0023943549331277,0.0185088891935582,0.0435645749634905,0.137585705287891
9,35,13.0,429.0,562.0,621.0,512.0,0.0004880922392545,0.0035939607784677,0.0249351552925179,0.0504519706240803,0.133193665813071
9,36,4.00728597449909,257.468123861566,368.670309653916,304.553734061931,165.300546448087,0.0002928650923028,0.0042867949710452,0.0389564141653818,0.0693829962658506,0.1580657465606
9,36,2.0,136.0,227.0,339.0,371.0,0.0001544250592084,0.0022931850063758,0.0173616439956104,0.0428069301815168,0.132582588731968
9,36,6.00728597449909,393.468123861566,595.670309653916,643.553734061931,536.300546448087,0.0002255468971642,0.0032962913863304,0.0264290599187947,0.052284306096473,0.139515304216746
9,37,4.0,295.0,367.0,299.0,187.0,0.0002923326103168,0.0049116935234215,0.0387799169727452,0.0681177525121749,0.17881546820001
9,37,1.0,133.0,227.0,354.0,372.0,7.7212529604215e-05,0.0022426000429999,0.0173616439956104,0.0447010421364511,0.132939954200248
9,37,5.0,428.0,594.0,653.0,559.0,0.0001877277843286,0.0035855832475156,0.0263549506116648,0.053051750108735,0.145420428104506
9,38,5.0,280.0,280.0,302.0,171.0,0.000365415762896,0.0046619463951119,0.0295868576358819,0.0688012082229994,0.163515748995731
9,38,4.0,157.0,240.0,364.0,370.0,0.0003088501184168,0.0026472797500074,0.0183559231671652,0.0459637834397407,0.132225223263688
9,38,9.0,437.0,520.0,666.0,541.0,0.0003379100117915,0.0036609810260849,0.0230716739361376,0.054107910524376,0.140737838290765
9,39,8.0,265.0,317.0,331.0,139.0,0.0005846652206337,0.0044121992668024,0.0334965495377663,0.0754079467609695,0.132916310587173
9,39,3.0,134.0,218.0,336.0,350.0,0.0002316375888126,0.0022594616974586,0.0166732968768417,0.0424281077905299,0.125077913898083
9,39,11.0,399.0,535.0,667.0,489.0,0.000413001125523,0.0033426348499036,0.0237372029919877,0.0541891536332714,0.127210356606625
9,40,4.0,256.0,382.0,357.0,158.0,0.0002923326103168,0.0042623509898166,0.0403649272032389,0.0813312295881151,0.151084727142254
9,40,0.0,155.0,233.0,343.0,437.0,0.0,0.0026135564410901,0.0178205420747895,0.0433120267028326,0.156168709638463
9,40,4.0,411.0,615.0,700.0,595.0,0.0001501822274629,0.0034431652213292,0.027286691289855,0.0568701762268216,0.154785607731987
9,41,6.0,305.0,368.0,370.0,159.0,0.0004384989154753,0.0050781916089612,0.0388855843214448,0.084292871001688,0.152040959592522
9,41,3.0,164.0,254.0,439.0,466.0,0.0002316375888126,0.0027653113312179,0.0194266853519165,0.0554343432144125,0.16653230821859
9,41,9.0,469.0,622.0,809.0,625.0,0.0003379100117915,0.0039290620165533,0.0275972715159184,0.0657256750964267,0.162589924088222
9,42,6.0,300.0,377.0,358.0,175.0,0.0004384989154753,0.0049949425661913,0.039836590459741,0.08155904815839,0.167340678796801
9,42,6.0,161.0,255.0,384.0,482.0,0.0004632751776252,0.002714726367842,0.019503168365113,0.0484892660463199,0.172250155711074
9,42,12.0,461.0,632.0,742.0,657.0,0.0004505466823887,0.0038620417689362,0.0280409575531518,0.0602823868004309,0.170914528201539
9,43,5.00408496732026,281.229575163399,370.302287581699,353.28839869281,215.175653594771,0.000365714305186,0.0046824185861852,0.0391288609461469,0.080485657884881,0.205757942474825
9,43,2.00146950771492,144.105804555474,287.21087435709,455.334313005143,473.347538574578,0.0001545385236163,0.0024298622818996,0.0219667530936378,0.057496944383658,0.169158064782001
9,43,7.00555447503518,425.335379718873,657.513161938789,808.622711697953,688.523192169349,0.0002630274439184,0.0035632603086348,0.0291729409249434,0.0656950230218185,0.179115093676472
9,44,3.0,278.0,385.0,358.0,193.0,0.0002192494577376,0.004628646778004,0.0406819292493376,0.08155904815839,0.184552862901615
9,44,7.0,151.0,237.0,406.0,472.0,0.0005404877072295,0.0025461098232555,0.0181264741275756,0.0512672969135569,0.168676501028272
9,44,10.0,429.0,622.0,764.0,665.0,0.0003754555686573,0.0035939607784677,0.0275972715159184,0.062069735196131,0.172995679229868
9,45,2.0,283.0,360.0,351.0,173.0,0.0001461663051584,0.0047118958207738,0.0380402455318481,0.0799643181664661,0.165428213896266
9,45,4.0,149.0,265.0,401.0,430.0,0.0003088501184168,0.0025123865143383,0.0202679984970782,0.0506359262619121,0.153667151360502
9,45,6.0,432.0,625.0,752.0,603.0,0.0002252733411943,0.0036190933713242,0.0277303773270884,0.0610948178893855,0.156866758760317
9,46,3.00262237762238,293.256118881119,360.314685314685,324.283216783217,164.143356643357,0.0002194411093615,0.0048826582366512,0.0380734974947256,0.0738777388116759,0.156959204118198
9,46,0.0,157.0,282.0,393.0,486.0,0.0,0.0026472797500074,0.0215682097214191,0.0496257332192805,0.173679617584195
9,46,3.00262237762238,450.256118881119,642.314685314685,717.283216783217,650.143356643357,0.0001127351292253,0.0037720345723167,0.02849860573841,0.0582743184900043,0.169130814404968
9,47,2.00152555301297,363.276887871854,387.295194508009,356.271548436308,203.154843630816,0.000146277797382,0.0060484906351488,0.0409244563677488,0.0811652747943604,0.194263253908793
9,47,5.0,146.0,259.0,394.0,483.0,0.000386062648021,0.0024618015509623,0.0198091004178991,0.0497520073496094,0.172607521179354
9,47,7.00152555301297,509.276887871854,646.295194508009,750.271548436308,686.154843630816,0.0002628761757975,0.0042664828913556,0.0286752153734257,0.0609543931107759,0.17849898230192
9,48,5.0,286.0,440.0,392.0,238.0,0.000365415762896,0.0047618452464357,0.0464936334278144,0.0893048795477343,0.227583323163649
9,48,2.00154083204931,131.10092449923,235.181047765794,452.348228043143,478.368258859784,0.0001545440307486,0.002210578488115,0.017987355179843,0.0571198791019931,0.170952296837828
9,48,7.00154083204931,417.10092449923,675.181047765794,844.348228043143,716.368258859784,0.0002628767494574,0.0034942759051582,0.029956840349831,0.0685974750365973,0.186358817323559
9,49,9.00637393767705,356.252124645892,444.314447592068,390.276203966006,213.150849858357,0.0006582142006727,0.0059315296722996,0.0469495296659715,0.0889121667998242,0.203821759436642
9,49,0.0,157.0,287.0,469.0,501.0,0.0,0.0026472797500074,0.0219506247874017,0.0592225671242813,0.179040099608399
9,49,9.00637393767705,513.252124645892,731.314447592068,859.276203966006,714.150849858357,0.0003381493248311,0.0042997855604722,0.0324474009223668,0.0698102702100872,0.185781971945615
9,50,6.00427046263345,338.240569395018,426.303202846975,394.280427046263,241.17153024911,0.0004388110143475,0.0056316407256132,0.0450463291869783,0.08982440317703,0.230616043304853
9,50,4.0,169.0,305.0,472.0,515.0,0.0003088501184168,0.0028496196035112,0.0233273190249391,0.0596013895152682,0.184043216164322
9,50,10.0042704626334,507.240569395018,731.303202846975,866.280427046263,756.17153024911,0.0003756159055549,0.0042494235702875,0.0324469020087278,0.0703793150685246,0.196713394721404
9,51,9.00622837370242,341.23598615917,440.304498269896,409.283044982699,246.170242214533,0.0006582035623985,0.0056815138412757,0.046525808952678,0.0932422781456883,0.23539597389573
9,51,4.00259571706684,178.115509409474,337.218689162881,464.301103179753,558.362102530824,0.0003090505402977,0.0030033221733883,0.0257915014533584,0.0586292180147991,0.199539334240866
9,51,13.0088240907693,519.351495568644,777.523187432777,873.584148162452,804.532344745357,0.0004884235446562,0.0043508832291661,0.0344976181889142,0.0709726920785093,0.209294164573867
9,52,2.0,343.0,421.0,357.0,253.0,0.0001461663051584,0.0057108843340121,0.0444859538025224,0.0813312295881151,0.241926809917661
9,52,5.0,154.0,301.0,463.0,531.0,0.000386062648021,0.0025966947866315,0.023021386972153,0.0584649223423075,0.189761063656806
9,52,7.0,497.0,722.0,820.0,784.0,0.0002628188980601,0.0041636328832132,0.0320341318882525,0.0666193492942767,0.203952800776266
10,1,4.0,343.0,398.0,382.0,195.0,0.000294913668739,0.0057424005925619,0.0425476390936551,0.0845910260728403,0.184006188336682
10,1,4.0,148.0,288.0,493.0,526.0,0.0003117575716389,0.0025140589438192,0.0223117212609155,0.0610812430194954,0.187073670528402
10,1,8.0,491.0,686.0,875.0,721.0,0.000303101789206,0.0041399640869506,0.0308145174194636,0.0695158196068703,0.186234001869246
10,2,5.0,327.0,412.0,398.0,195.0,0.0003686420859238,0.005474533509527,0.0440442897150399,0.0881341056989278,0.184006188336682
10,2,8.0,156.0,270.0,418.0,501.0,0.0006235151432779,0.0026499540218635,0.0209172386821083,0.0517889646696736,0.178182336377813
10,2,13.0,483.0,682.0,816.0,696.0,0.0004925404074598,0.0040725104969392,0.0306348409330527,0.0648284671990928,0.179776512206651
10,3,3.0,362.0,443.0,367.0,217.0,0.0002211852515542,0.0060604927536659,0.0473583018052492,0.0812693889233832,0.204765860866974
10,3,4.0,167.0,305.0,433.0,487.0,0.0003117575716389,0.0028368097541744,0.0236287325853445,0.053647420339638,0.173203189253483
10,3,7.0,529.0,748.0,800.0,704.0,0.0002652140655553,0.0044603686395048,0.033599502958832,0.0635573207834243,0.181842908898681
10,4,8.0,304.0,410.0,393.0,214.0,0.000589827337478,0.0050894745776642,0.0438304824834135,0.0870268933157755,0.201934996431026
10,4,6.0,145.0,273.0,478.0,447.0,0.0004676363574584,0.0024630982895526,0.0211496524452428,0.0592227873495311,0.15897705461254
10,4,14.0,449.0,683.0,871.0,661.0,0.0005304281311106,0.0037858327393906,0.0306797600546554,0.0691980330029532,0.170736026679017
10,5,4.0,321.0,355.0,388.0,209.0,0.000294913668739,0.0053740833533889,0.0379507836136873,0.0859196809326231,0.197216889037777
10,5,7.0,171.0,302.0,476.0,507.0,0.0005455757503682,0.0029047572931966,0.02339631882221,0.0589749932602025,0.180316256573954
10,5,11.0,492.0,657.0,864.0,716.0,0.0004167649601583,0.004148395785702,0.0295118628929848,0.0686419064460982,0.184942503936727
10,6,5.0,353.0,398.0,378.0,227.0,0.0003686420859238,0.0059098175194588,0.0425476390936551,0.0837052561663184,0.214202075653471
10,6,6.0,178.0,298.0,443.0,525.0,0.0004676363574584,0.0030236654864853,0.0230864338046973,0.0548863907862809,0.186718017162379
10,6,11.0,531.0,696.0,821.0,752.0,0.0004167649601583,0.0044772320370077,0.0312637086354908,0.0652257004539892,0.194241289050864
10,7,5.0,329.0,384.0,347.0,189.0,0.0003686420859238,0.0055080168949063,0.0410509884722702,0.0768405393907737,0.178344459464784
10,7,3.0,170.0,254.0,436.0,452.0,0.0002338181787292,0.002887770408441,0.0196776986120574,0.0540191114736308,0.160755321442657
10,7,8.0,499.0,638.0,783.0,641.0,0.000303101789206,0.004207417676962,0.0286583995825332,0.0622067277167765,0.165570034948941
10,8,6.0,320.0,398.0,339.0,189.0,0.0004423705031085,0.0053573416606992,0.0425476390936551,0.07506899957773,0.178344459464784
10,8,4.0,146.0,278.0,446.0,428.0,0.0003117575716389,0.0024800851743082,0.0215370087171337,0.0552580819202738,0.152219640658092
10,8,10.0,466.0,676.0,785.0,617.0,0.0003788772365076,0.0039291716181649,0.0303653262034364,0.0623656210187351,0.15937084487285
10,9,8.0,290.0,366.0,340.0,208.0,0.000589827337478,0.0048550908800086,0.0391267233876325,0.0752904420543604,0.196273267559128
10,9,6.0,141.0,288.0,404.0,476.0,0.0004676363574584,0.0023951507505305,0.0223117212609155,0.0500544060443735,0.169291002227223
10,9,14.0,431.0,654.0,744.0,684.0,0.0005304281311106,0.003634062161865,0.0293771055281767,0.0591083083285846,0.176676917168605
10,10,5.0,284.0,374.0,328.0,175.0,0.0003686420859238,0.0047546407238705,0.0399819523141382,0.0726331323347948,0.165133758763689
10,10,4.0,140.0,263.0,382.0,411.0,0.0003117575716389,0.0023781638657749,0.020374939901461,0.0473286710617591,0.146173533435691
10,10,9.0,424.0,637.0,710.0,586.0,0.0003409895128568,0.003575040270605,0.0286134804609305,0.0564071221952891,0.151363557691232
10,11,5.0,296.0,415.0,326.0,177.0,0.0003686420859238,0.0049555410361467,0.0443650005624795,0.0721902473815338,0.167021001720988
10,11,7.0,163.0,261.0,395.0,441.0,0.0005455757503682,0.0027688622151523,0.0202199973927047,0.0489393326423949,0.156843134416398
10,11,12.0,459.0,676.0,721.0,618.0,0.0004546526838091,0.0038701497269049,0.0303653262034364,0.0572810353560611,0.159629144459353
10,12,4.0,283.0,345.0,323.0,178.0,0.000294913668739,0.0047378990311808,0.0368817474555553,0.0715259199516424,0.167964623199638
10,12,4.0,144.0,238.0,402.0,433.0,0.0003117575716389,0.0024461114047971,0.0184381585420065,0.049806611955045,0.153997907488209
10,12,8.0,427.0,583.0,725.0,611.0,0.000303101789206,0.0036003353668593,0.0261878478943838,0.0575988219599783,0.157821047353827
10,13,1.0,300.0,370.0,348.0,176.0,7.37284171847605e-05,0.0050225078069055,0.0395543378508854,0.0770619818674042,0.166077380242339
10,13,4.0,142.0,260.0,378.0,430.0,0.0003117575716389,0.002412137635286,0.0201425261383265,0.046833082883102,0.152930947390139
10,13,5.0,442.0,630.0,726.0,606.0,0.0001894386182538,0.0037268108481307,0.0282990466097115,0.0576782686109575,0.156529549421308
10,14,1.0,272.0,363.0,344.0,170.0,7.37284171847605e-05,0.0045537404115943,0.0388060125401929,0.0761762119608823,0.160415651370441
10,14,2.0,133.0,262.0,401.0,463.0,0.0001558787858194,0.0022592556724862,0.0202974686470828,0.0496827149103807,0.164667508468917
10,14,3.0,405.0,625.0,745.0,633.0,0.0001136631709522,0.0034148379943279,0.0280744510016979,0.0591877549795639,0.163503638256911
10,15,3.0,280.0,353.0,326.0,174.0,0.0002211852515542,0.0046876739531118,0.0377369763820609,0.0721902473815338,0.164190137285039
10,15,7.0,130.0,251.0,374.0,402.0,0.0005455757503682,0.0022082950182196,0.0194452848489229,0.0463374947044448,0.142972653141479
10,15,10.0,410.0,604.0,700.0,576.0,0.0003788772365076,0.003456996488085,0.0271311494480408,0.0556126556854962,0.148780561826194
10,16,7.0,248.0,341.0,290.0,134.0,0.0005160989202933,0.0041519397870419,0.0364541329923024,0.0642183182228369,0.126445278139053
10,16,5.0,141.0,217.0,385.0,381.0,0.0003896969645487,0.0023951507505305,0.0168112622000648,0.047700362195752,0.135503932454983
10,16,12.0,389.0,558.0,675.0,515.0,0.0004546526838091,0.003279930814305,0.0250648698543159,0.0536264894110142,0.133024287049461
10,17,11.0,293.0,331.0,306.0,137.0,0.0008110125890323,0.0049053159580777,0.0353850968341704,0.0677613978489244,0.129276142575002
10,17,3.0,149.0,245.0,377.0,397.0,0.0002338181787292,0.0025310458285748,0.0189804573226538,0.0467091858384377,0.141194386311361
10,17,14.0,442.0,576.0,683.0,534.0,0.0005304281311106,0.0037268108481307,0.0258734140431648,0.0542620626188485,0.137931979193034
10,18,9.0,275.0,390.0,298.0,160.0,0.0006635557546628,0.0046039654896633,0.0416924101671494,0.0659898580358806,0.150979436583944
10,18,2.0,131.0,222.0,385.0,395.0,0.0001558787858194,0.0022252819029751,0.0171986184719557,0.047700362195752,0.140483079579313
10,18,11.0,406.0,612.0,683.0,555.0,0.0004167649601583,0.0034232696930793,0.0274905024208626,0.0542620626188485,0.143356270509614
10,19,9.0,277.0,328.0,293.0,149.0,0.0006635557546628,0.0046374488750427,0.0350643859867308,0.0648826456527283,0.140599600318798
10,19,3.0,130.0,240.0,358.0,412.0,0.0002338181787292,0.0022082950182196,0.0185931010507629,0.0443551419898162,0.146529186801714
10,19,12.0,407.0,568.0,651.0,561.0,0.0004546526838091,0.0034317013918307,0.025514061070343,0.0517197697875115,0.144906068028636
10,20,6.0,265.0,339.0,316.0,170.0,0.0004423705031085,0.0044365485627665,0.036240325760676,0.0699758226152291,0.160415651370441
10,20,5.0,145.0,235.0,387.0,379.0,0.0003896969645487,0.0024630982895526,0.018205744778872,0.0479481562850806,0.134792625722936
10,20,11.0,410.0,574.0,703.0,549.0,0.0004167649601583,0.003456996488085,0.0257835757999593,0.0558509956384341,0.141806472990591
10,21,3.0,283.0,329.0,322.0,143.0,0.0002211852515542,0.0047378990311808,0.035171289602544,0.071304477475012,0.1349378714469
10,21,8.0,145.0,261.0,362.0,414.0,0.0006235151432779,0.0024630982895526,0.0202199973927047,0.0448507301684733,0.147240493533761
10,21,11.0,428.0,590.0,684.0,557.0,0.0004167649601583,0.0036087670656107,0.0265022817456028,0.0543415092698278,0.143872869682621
10,22,0.0,306.0,347.0,328.0,138.0,0.0,0.0051229579630436,0.0370955546871817,0.0726331323347948,0.130219764053652
10,22,5.0,146.0,214.0,345.0,354.0,0.0003896969645487,0.0024800851743082,0.0165788484369303,0.0427444804091804,0.125901291572347
10,22,5.0,452.0,561.0,673.0,492.0,0.0001894386182538,0.0038111278356449,0.025199627219124,0.0534675961090557,0.127083396559874
10,23,6.0,282.0,331.0,303.0,188.0,0.0004423705031085,0.0047211573384911,0.0353850968341704,0.067097070419033,0.177400837986135
10,23,1.0,116.0,219.0,353.0,415.0,7.7939392909746e-05,0.0019704786316421,0.0169662047088211,0.0437356567664947,0.147596146899785
10,23,7.0,398.0,550.0,656.0,603.0,0.0002652140655553,0.0033558161030679,0.0247055168814941,0.0521170030424079,0.155754650661796
10,24,5.0,289.0,294.0,275.0,138.0,0.0003686420859238,0.0048383491873189,0.0314296630490819,0.0608966810733798,0.130219764053652
10,24,5.0,115.0,227.0,366.0,334.0,0.0003896969645487,0.0019534917468866,0.0175859747438466,0.0453463183471305,0.118788224251875
10,24,10.0,404.0,521.0,641.0,472.0,0.0003788772365076,0.0034064062955764,0.0234028623550153,0.0509253032777187,0.121917404829797
10,25,6.0,303.0,338.0,305.0,162.0,0.0004423705031085,0.0050727328849745,0.0361334221448628,0.0675399553722939,0.152866679541244
10,25,3.0,133.0,262.0,377.0,418.0,0.0002338181787292,0.0022592556724862,0.0202974686470828,0.0467091858384377,0.148663106997856
10,25,9.0,436.0,600.0,682.0,580.0,0.0003409895128568,0.0036762206556221,0.02695147296163,0.0541826159678692,0.149813760172209
10,26,3.0,290.0,332.0,287.0,178.0,0.0002211852515542,0.0048550908800086,0.0354920004499836,0.0635539907929454,0.167964623199638
10,26,3.0,134.0,215.0,396.0,345.0,0.0002338181787292,0.0022762425572417,0.0166563196913084,0.0490632296870592,0.122700411278135
10,26,6.0,424.0,547.0,683.0,523.0,0.0002273263419045,0.003575040270605,0.024570759516686,0.0542620626188485,0.135090683741492
10,27,13.0,280.0,333.0,296.0,149.0,0.0009584694234018,0.0046876739531118,0.0355989040657968,0.0655469730826197,0.140599600318798
10,27,1.0,134.0,231.0,338.0,428.0,7.7939392909746e-05,0.0022762425572417,0.0178958597613593,0.0418772010965303,0.152219640658092
10,27,14.0,414.0,564.0,634.0,577.0,0.0005304281311106,0.0034907232830907,0.0253343845839322,0.0503691767208637,0.149038861412697
10,28,6.0,328.0,409.0,368.0,188.0,0.0004423705031085,0.0054912752022167,0.0437235788676003,0.0814908314000137,0.177400837986135
10,28,3.0,146.0,243.0,425.0,486.0,0.0002338181787292,0.0024800851743082,0.0188255148138974,0.0526562439823236,0.172847535887459
10,28,9.0,474.0,652.0,793.0,674.0,0.0003409895128568,0.0039966252081763,0.0292872672849712,0.0630011942265693,0.174093921303567
10,29,6.0,350.0,413.0,422.0,231.0,0.0004423705031085,0.0058595924413897,0.0441511933308531,0.0934487251380591,0.21797656156807
10,29,5.0,151.0,271.0,481.0,556.0,0.0003896969645487,0.0025650195980858,0.0209947099364864,0.0595944784835239,0.19774327150911
10,29,11.0,501.0,684.0,903.0,787.0,0.0004167649601583,0.0042242810744648,0.0307246791762582,0.0717403258342902,0.203281774578497
10,30,8.0,271.0,303.0,287.0,140.0,0.000589827337478,0.0045369987189046,0.0323917955914007,0.0635539907929454,0.132107007010951
10,30,2.0,134.0,229.0,380.0,409.0,0.0001558787858194,0.0022762425572417,0.0177409172526029,0.0470808769724306,0.145462226703644
10,30,10.0,405.0,532.0,667.0,549.0,0.0003788772365076,0.0034148379943279,0.0238969726926452,0.05299091620318,0.141806472990591
10,31,3.0,296.0,318.0,318.0,169.0,0.0002211852515542,0.0049555410361467,0.0339953498285988,0.0704187075684901,0.159472029891791
10,31,2.0,146.0,226.0,361.0,355.0,0.0001558787858194,0.0024800851743082,0.0175085034894684,0.044726833123809,0.12625694493837
10,31,5.0,442.0,544.0,679.0,524.0,0.0001894386182538,0.0037268108481307,0.0244360021518778,0.0539442760149314,0.135348983327995
10,32,9.0,271.0,340.0,316.0,158.0,0.0006635557546628,0.0045369987189046,0.0363472293764892,0.0699758226152291,0.149092193626645
10,32,4.0,135.0,240.0,326.0,396.0,0.0003117575716389,0.0022932294419973,0.0185931010507629,0.0403904365605588,0.140838732945337
10,32,13.0,406.0,580.0,642.0,554.0,0.0004925404074598,0.0034232696930793,0.0260530905295756,0.051004749928698,0.14309797092311
10,33,6.0,307.0,369.0,383.0,205.0,0.0004423705031085,0.0051396996557333,0.0394474342350721,0.0848124685494707,0.193442403123179
10,33,5.0,153.0,270.0,421.0,529.0,0.0003896969645487,0.0025989933675969,0.0209172386821083,0.0521606558036665,0.188140630626473
10,33,11.0,460.0,639.0,804.0,734.0,0.0004167649601583,0.0038785814256563,0.0287033187041359,0.0638751073873414,0.189591896493795
10,34,3.0,278.0,364.0,312.0,164.0,0.0002211852515542,0.0046541905677324,0.0389129161560061,0.0690900527087072,0.154753922498543
10,34,5.0,139.0,241.0,372.0,432.0,0.0003896969645487,0.0023611769810194,0.0186705723051411,0.0460897006151162,0.153642254122186
10,34,8.0,417.0,605.0,684.0,596.0,0.000303101789206,0.003516018379345,0.0271760685696435,0.0543415092698278,0.15394655355627
10,35,2.0,286.0,322.0,344.0,162.0,0.0001474568343695,0.0047881241092499,0.0344229642918516,0.0761762119608823,0.152866679541244
10,35,1.0,121.0,253.0,360.0,444.0,7.7939392909746e-05,0.0020554130554198,0.0196002273576792,0.0446029360791447,0.157910094514469
10,35,3.0,407.0,575.0,704.0,606.0,0.0001136631709522,0.0034317013918307,0.025828494921562,0.0559304422894134,0.156529549421308
10,36,2.0,286.0,336.0,301.0,194.0,0.0001474568343695,0.0047881241092499,0.0359196149132364,0.066654185465772,0.183062566858032
10,36,3.0,140.0,221.0,382.0,434.0,0.0002338181787292,0.0023781638657749,0.0171211472175775,0.0473286710617591,0.154353560854233
10,36,5.0,426.0,557.0,683.0,628.0,0.0001894386182538,0.0035919036681078,0.0250199507327131,0.0542620626188485,0.162212140324392
10,37,4.0,286.0,325.0,286.0,163.0,0.000294913668739,0.0047881241092499,0.0347436751392912,0.063332548316315,0.153810301019893
10,37,5.0,143.0,211.0,315.0,352.0,0.0003896969645487,0.0024291245200416,0.0163464346737957,0.0390275690692516,0.1251899848403
10,37,9.0,429.0,536.0,601.0,515.0,0.0003409895128568,0.0036171987643621,0.0240766491790561,0.0477474372385475,0.133024287049461
10,38,1.0,291.0,353.0,334.0,191.0,7.37284171847605e-05,0.0048718325726983,0.0377369763820609,0.0739617871945776,0.180231702422084
10,38,7.0,145.0,252.0,401.0,437.0,0.0005455757503682,0.0024630982895526,0.019522756103301,0.0496827149103807,0.155420520952304
10,38,8.0,436.0,605.0,735.0,628.0,0.000303101789206,0.0036762206556221,0.0271760685696435,0.0583932884697711,0.162212140324392
10,39,2.0,265.0,384.0,341.0,217.0,0.0001474568343695,0.0044365485627665,0.0410509884722702,0.0755118845309909,0.204765860866974
10,39,7.0,170.0,223.0,424.0,467.0,0.0005455757503682,0.002887770408441,0.0172760897263339,0.0525323469376594,0.166090121933011
10,39,9.0,435.0,607.0,765.0,684.0,0.0003409895128568,0.0036677889568707,0.027265906812849,0.0607766879991495,0.176676917168605
10,40,4.0,289.0,388.0,369.0,198.0,0.000294913668739,0.0048383491873189,0.041478602935523,0.0817122738766441,0.186837052772631
10,40,3.0,151.0,274.0,435.0,492.0,0.0002338181787292,0.0025650195980858,0.021227123699621,0.0538952144289666,0.174981456083601
10,40,7.0,440.0,662.0,804.0,690.0,0.0002652140655553,0.0037099474506278,0.0297364585009984,0.0638751073873414,0.178226714687628
10,41,3.0,285.0,331.0,347.0,183.0,0.0002211852515542,0.0047713824165602,0.0353850968341704,0.0768405393907737,0.172682730592886
10,41,6.0,145.0,240.0,411.0,468.0,0.0004676363574584,0.0024630982895526,0.0185931010507629,0.0509216853570236,0.166445775299035
10,41,9.0,430.0,571.0,758.0,651.0,0.0003409895128568,0.0036256304631135,0.0256488184351512,0.0602205614422945,0.168153030813979
10,42,4.0,257.0,313.0,336.0,213.0,0.000294913668739,0.004302615021249,0.0334608317495327,0.0744046721478386,0.200991374952376
10,42,4.0,181.0,226.0,417.0,489.0,0.0003117575716389,0.0030746261407519,0.0175085034894684,0.0516650676250093,0.17391449598553
10,42,8.0,438.0,539.0,753.0,702.0,0.000303101789206,0.0036930840531249,0.0242114065438642,0.0598233281873981,0.181326309725673
10,43,6.0,276.0,366.0,407.0,199.0,0.0004423705031085,0.004620707182353,0.0391267233876325,0.0901270879886021,0.187780674251281
10,43,2.0,150.0,238.0,424.0,466.0,0.0001558787858194,0.0025480327133303,0.0184381585420065,0.0525323469376594,0.165734468566988
10,43,8.0,426.0,604.0,831.0,665.0,0.000303101789206,0.0035919036681078,0.0271311494480408,0.066020166963782,0.171769225025032
10,44,0.0,268.0,351.0,361.0,193.0,0.0,0.0044867736408356,0.0375231691504345,0.0799407340636004,0.182118945379383
10,44,3.0,165.0,255.0,421.0,439.0,0.0002338181787292,0.0028028359846633,0.0197551698664356,0.0521606558036665,0.156131827684351
10,44,3.0,433.0,606.0,782.0,632.0,0.0001136631709522,0.0036509255593678,0.0272209876912463,0.0621272810657972,0.163245338670407
10,45,8.0,246.0,359.0,348.0,216.0,0.000589827337478,0.0041184564016625,0.0383783980769401,0.0770619818674042,0.203822239388325
10,45,2.0,165.0,238.0,394.0,435.0,0.0001558787858194,0.0028028359846633,0.0184381585420065,0.0488154355977306,0.154709214220257
10,45,10.0,411.0,597.0,742.0,651.0,0.0003788772365076,0.0034654281868364,0.0268167155968218,0.058949415026626,0.168153030813979
10,46,3.0,312.0,370.0,350.0,223.0,0.0002211852515542,0.0052234081191817,0.0395543378508854,0.0775048668206652,0.210427589738872
10,46,2.0,128.0,282.0,426.0,461.0,0.0001558787858194,0.0021743212487085,0.0218468937346464,0.0527801410269879,0.16395620173687
10,46,5.0,440.0,652.0,776.0,684.0,0.0001894386182538,0.0037099474506278,0.0292872672849712,0.0616506011599216,0.176676917168605
10,47,4.0,299.0,340.0,368.0,186.0,0.000294913668739,0.0050057661142158,0.0363472293764892,0.0814908314000137,0.175513595028835
10,47,2.0,152.0,275.0,422.0,432.0,0.0001558787858194,0.0025820064828414,0.0213045949539992,0.0522845528483308,0.153642254122186
10,47,6.0,451.0,615.0,790.0,618.0,0.0002273263419045,0.0038026961368935,0.0276252597856707,0.0627628542736315,0.159629144459353
10,48,7.0,291.0,362.0,356.0,203.0,0.0005160989202933,0.0048718325726983,0.0386991089243797,0.078833521680448,0.191555160165879
10,48,1.0,113.0,242.0,423.0,472.0,7.7939392909746e-05,0.0019195179773755,0.0187480435595193,0.0524084498929951,0.167868388763129
10,48,8.0,404.0,604.0,779.0,675.0,0.000303101789206,0.0034064062955764,0.0271311494480408,0.0618889411128594,0.174352220890071
10,49,5.0,297.0,363.0,323.0,200.0,0.0003686420859238,0.0049722827288364,0.0388060125401929,0.0715259199516424,0.18872429572993
10,49,2.0,127.0,253.0,406.0,445.0,0.0001558787858194,0.002157334363953,0.0196002273576792,0.0503022001337021,0.158265747880492
10,49,7.0,424.0,616.0,729.0,645.0,0.0002652140655553,0.003575040270605,0.0276701789072734,0.0579166085638954,0.166603233294956
10,50,7.0,282.0,373.0,339.0,174.0,0.0005160989202933,0.0047211573384911,0.039875048698325,0.07506899957773,0.164190137285039
10,50,5.0,163.0,238.0,433.0,459.0,0.0003896969645487,0.0027688622151523,0.0184381585420065,0.053647420339638,0.163244895004823
10,50,12.0,445.0,611.0,772.0,633.0,0.0004546526838091,0.0037521059443849,0.0274455832992598,0.0613328145560044,0.163503638256911
10,51,7.0,316.0,356.0,343.0,177.0,0.0005160989202933,0.0052903748899404,0.0380576872295005,0.0759547694842519,0.167021001720988
10,51,7.0,170.0,299.0,451.0,461.0,0.0005455757503682,0.002887770408441,0.0231639050590754,0.0558775671435952,0.16395620173687
10,51,14.0,486.0,655.0,794.0,638.0,0.0005304281311106,0.0040978055931934,0.0294220246497794,0.0630806408775486,0.16479513618943
10,52,6.0,322.0,428.0,400.0,224.0,0.0004423705031085,0.0053908250460785,0.0457547475680512,0.0885769906521888,0.211371211217522
10,52,3.0,181.0,304.0,527.0,532.0,0.0002338181787292,0.0030746261407519,0.0235512613309663,0.0652937425380813,0.189207590724544
10,52,9.0,503.0,732.0,927.0,756.0,0.0003409895128568,0.0042411444719677,0.0328807970131886,0.0736470454577929,0.195274487396879
