Year,Week,0-14,15-64,65-74,75-84,85+,0-14.1,15-64.1,65-74.1,75-84.1,85+.1
2000,1,0,7,2,6,8,0.0,0.0039287860589939,0.0118677977353379,0.0662063286843728,0.349017783626289
2000,1,0,5,0,11,9,0.0,0.0028716771429039,0.0,0.0931288820207162,0.213855370167562
2000,1,0,12,2,17,17,0.0,0.0034063197448626,0.0056780044198464,0.0814403798964315,0.261514380897259
2000,2,0,2,3,4,5,0.0,0.0011225103025697,0.0178016966030068,0.0441375524562485,0.218136114766431
2000,2,0,4,5,7,13,0.0,0.0022973417143231,0.0272163400942825,0.059263834013183,0.308902201353145
2000,2,0,6,8,11,18,0.0,0.0017031598724313,0.0227120176793859,0.0526967164035733,0.276897579773568
2000,3,0,4,8,6,6,0.0,0.0022450206051394,0.0474711909413516,0.0662063286843728,0.261763337719717
2000,3,0,4,2,9,10,0.0,0.0022973417143231,0.010886536037713,0.0761963580169496,0.237617077963958
2000,3,0,8,10,15,16,0.0,0.0022708798299084,0.0283900220992323,0.0718591587321454,0.24613118202095
2000,4,1,6,5,11,1,0.0015542025682509,0.0033675309077091,0.0296694943383447,0.121378269254683,0.0436272229532862
2000,4,0,0,3,7,3,0.0,0.0,0.0163298040565695,0.059263834013183,0.0712851233891873
2000,4,1,6,8,18,4,0.0007942300030486,0.0017031598724313,0.0227120176793859,0.0862309904785745,0.0615327955052374
2000,5,1,3,6,6,4,0.0015542025682509,0.0016837654538545,0.0356033932060137,0.0662063286843728,0.174508891813145
2000,5,1,3,1,9,7,0.0016242616734349,0.0017230062857423,0.0054432680188564,0.0761963580169496,0.16633195457477
2000,5,2,6,7,15,11,0.0015884600060972,0.0017031598724313,0.0198730154694626,0.0718591587321454,0.169215187639403
2000,6,0,1,2,0,2,0.0,0.0005612551512848,0.0118677977353379,0.0,0.0872544459065723
2000,6,0,2,3,8,4,0.0,0.0011486708571616,0.0163298040565695,0.0677300960150663,0.095046831185583
2000,6,0,3,5,8,6,0.0,0.0008515799362156,0.0141950110496162,0.0383248846571442,0.0922991932578561
2000,7,0,4,3,5,4,0.0,0.0022450206051394,0.0178016966030068,0.0551719405703106,0.174508891813145
2000,7,1,2,2,5,5,0.0016242616734349,0.0011486708571616,0.010886536037713,0.0423313100094165,0.118808538981979
2000,7,1,6,5,10,9,0.0007942300030486,0.0017031598724313,0.0141950110496162,0.0479061058214303,0.138448789886784
2000,8,1,6,6,7,6,0.0015542025682509,0.0033675309077091,0.0356033932060137,0.0772407167984349,0.261763337719717
2000,8,0,0,2,3,8,0.0,0.0,0.010886536037713,0.0253987860056499,0.190093662371166
2000,8,1,6,8,10,14,0.0007942300030486,0.0017031598724313,0.0227120176793859,0.0479061058214303,0.215364784268331
2000,9,0,7,4,12,6,0.0,0.0039287860589939,0.0237355954706758,0.132412657368746,0.261763337719717
2000,9,0,1,3,8,12,0.0,0.0005743354285807,0.0163298040565695,0.0677300960150663,0.285140493556749
2000,9,0,8,7,20,18,0.0,0.0022708798299084,0.0198730154694626,0.0958122116428606,0.276897579773568
2000,10,0,2,5,5,5,0.0,0.0011225103025697,0.0296694943383447,0.0551719405703106,0.218136114766431
2000,10,0,1,5,4,6,0.0,0.0005743354285807,0.0272163400942825,0.0338650480075332,0.142570246778375
2000,10,0,3,10,9,11,0.0,0.0008515799362156,0.0283900220992323,0.0431154952392873,0.169215187639403
2000,11,0,3,5,5,4,0.0,0.0016837654538545,0.0296694943383447,0.0551719405703106,0.174508891813145
2000,11,0,4,4,4,8,0.0,0.0022973417143231,0.021773072075426,0.0338650480075332,0.190093662371166
2000,11,0,7,9,9,12,0.0,0.0019870198511698,0.0255510198893091,0.0431154952392873,0.184598386515712
2000,12,0,3,4,7,0,0.0,0.0016837654538545,0.0237355954706758,0.0772407167984349,0.0
2000,12,0,3,4,5,7,0.0,0.0017230062857423,0.021773072075426,0.0423313100094165,0.16633195457477
2000,12,0,6,8,12,7,0.0,0.0017031598724313,0.0227120176793859,0.0574873269857164,0.107682392134165
2000,13,0,5,6,3,1,0.0,0.0028062757564242,0.0356033932060137,0.0331031643421864,0.0436272229532862
2000,13,0,2,2,2,3,0.0,0.0011486708571616,0.010886536037713,0.0169325240037666,0.0712851233891873
2000,13,0,7,8,5,4,0.0,0.0019870198511698,0.0227120176793859,0.0239530529107152,0.0615327955052374
2000,14,0,3,2,2,4,0.0,0.0016837654538545,0.0118677977353379,0.0220687762281243,0.174508891813145
2000,14,0,1,2,2,7,0.0,0.0005743354285807,0.010886536037713,0.0169325240037666,0.16633195457477
2000,14,0,4,4,4,11,0.0,0.0011354399149542,0.0113560088396929,0.0191624423285721,0.169215187639403
2000,15,0,6,2,5,3,0.0,0.0033675309077091,0.0118677977353379,0.0551719405703106,0.130881668859858
2000,15,1,4,3,5,5,0.0016242616734349,0.0022973417143231,0.0163298040565695,0.0423313100094165,0.118808538981979
2000,15,1,10,5,10,8,0.0007942300030486,0.0028385997873855,0.0141950110496162,0.0479061058214303,0.123065591010475
2000,16,0,3,2,8,3,0.0,0.0016837654538545,0.0118677977353379,0.088275104912497,0.130881668859858
2000,16,0,2,2,7,6,0.0,0.0011486708571616,0.010886536037713,0.059263834013183,0.142570246778375
2000,16,0,5,4,15,9,0.0,0.0014192998936927,0.0113560088396929,0.0718591587321454,0.138448789886784
2000,17,0,7,5,2,1,0.0,0.0039287860589939,0.0296694943383447,0.0220687762281243,0.0436272229532862
2000,17,0,3,3,3,5,0.0,0.0017230062857423,0.0163298040565695,0.0253987860056499,0.118808538981979
2000,17,0,10,8,5,6,0.0,0.0028385997873855,0.0227120176793859,0.0239530529107152,0.0922991932578561
2000,18,0,6,1,2,5,0.0,0.0033675309077091,0.0059338988676689,0.0220687762281243,0.218136114766431
2000,18,0,2,3,3,7,0.0,0.0011486708571616,0.0163298040565695,0.0253987860056499,0.16633195457477
2000,18,0,8,4,5,12,0.0,0.0022708798299084,0.0113560088396929,0.0239530529107152,0.184598386515712
2000,19,0,3,1,6,4,0.0,0.0016837654538545,0.0059338988676689,0.0662063286843728,0.174508891813145
2000,19,0,2,3,8,6,0.0,0.0011486708571616,0.0163298040565695,0.0677300960150663,0.142570246778375
2000,19,0,5,4,14,10,0.0,0.0014192998936927,0.0113560088396929,0.0670685481500024,0.153831988763094
2000,20,0,2,3,7,6,0.0,0.0011225103025697,0.0178016966030068,0.0772407167984349,0.261763337719717
2000,20,0,2,1,4,3,0.0,0.0011486708571616,0.0054432680188564,0.0338650480075332,0.0712851233891873
2000,20,0,4,4,11,9,0.0,0.0011354399149542,0.0113560088396929,0.0526967164035733,0.138448789886784
2000,21,0,3,8,6,2,0.0,0.0016837654538545,0.0474711909413516,0.0662063286843728,0.0872544459065723
2000,21,0,6,5,5,6,0.0,0.0034460125714847,0.0272163400942825,0.0423313100094165,0.142570246778375
2000,21,0,9,13,11,8,0.0,0.0025547398086469,0.036907028729002,0.0526967164035733,0.123065591010475
2000,22,0,4,3,6,2,0.0,0.0022450206051394,0.0178016966030068,0.0662063286843728,0.0872544459065723
2000,22,0,0,3,8,11,0.0,0.0,0.0163298040565695,0.0677300960150663,0.261378785760353
2000,22,0,4,6,14,13,0.0,0.0011354399149542,0.0170340132595394,0.0670685481500024,0.199981585392022
2000,23,1,5,5,4,4,0.0015542025682509,0.0028062757564242,0.0296694943383447,0.0441375524562485,0.174508891813145
2000,23,0,3,1,3,6,0.0,0.0017230062857423,0.0054432680188564,0.0253987860056499,0.142570246778375
2000,23,1,8,6,7,10,0.0007942300030486,0.0022708798299084,0.0170340132595394,0.0335342740750012,0.153831988763094
2000,24,1,2,3,4,2,0.0015542025682509,0.0011225103025697,0.0178016966030068,0.0441375524562485,0.0872544459065723
2000,24,0,4,1,5,8,0.0,0.0022973417143231,0.0054432680188564,0.0423313100094165,0.190093662371166
2000,24,1,6,4,9,10,0.0007942300030486,0.0017031598724313,0.0113560088396929,0.0431154952392873,0.153831988763094
2000,25,1,7,3,3,0,0.0015542025682509,0.0039287860589939,0.0178016966030068,0.0331031643421864,0.0
2000,25,0,2,2,2,8,0.0,0.0011486708571616,0.010886536037713,0.0169325240037666,0.190093662371166
2000,25,1,9,5,5,8,0.0007942300030486,0.0025547398086469,0.0141950110496162,0.0239530529107152,0.123065591010475
2000,26,0,3,1,11,3,0.0,0.0016837654538545,0.0059338988676689,0.121378269254683,0.130881668859858
2000,26,0,6,3,2,6,0.0,0.0034460125714847,0.0163298040565695,0.0169325240037666,0.142570246778375
2000,26,0,9,4,13,9,0.0,0.0025547398086469,0.0113560088396929,0.0622779375678594,0.138448789886784
2000,27,0,5,4,1,3,0.0,0.0028062757564242,0.0237355954706758,0.0110343881140621,0.130881668859858
2000,27,0,2,3,11,8,0.0,0.0011486708571616,0.0163298040565695,0.0931288820207162,0.190093662371166
2000,27,0,7,7,12,11,0.0,0.0019870198511698,0.0198730154694626,0.0574873269857164,0.169215187639403
2000,28,0,6,3,2,1,0.0,0.0033675309077091,0.0178016966030068,0.0220687762281243,0.0436272229532862
2000,28,0,1,2,6,2,0.0,0.0005743354285807,0.010886536037713,0.0507975720112997,0.0475234155927915
2000,28,0,7,5,8,3,0.0,0.0019870198511698,0.0141950110496162,0.0383248846571442,0.0461495966289281
2000,29,1,2,4,3,6,0.0015542025682509,0.0011225103025697,0.0237355954706758,0.0331031643421864,0.261763337719717
2000,29,0,4,3,7,3,0.0,0.0022973417143231,0.0163298040565695,0.059263834013183,0.0712851233891873
2000,29,1,6,7,10,9,0.0007942300030486,0.0017031598724313,0.0198730154694626,0.0479061058214303,0.138448789886784
2000,30,0,5,2,3,3,0.0,0.0028062757564242,0.0118677977353379,0.0331031643421864,0.130881668859858
2000,30,0,1,2,2,7,0.0,0.0005743354285807,0.010886536037713,0.0169325240037666,0.16633195457477
2000,30,0,6,4,5,10,0.0,0.0017031598724313,0.0113560088396929,0.0239530529107152,0.153831988763094
2000,31,1,2,2,7,8,0.0015542025682509,0.0011225103025697,0.0118677977353379,0.0772407167984349,0.349017783626289
2000,31,0,2,2,7,5,0.0,0.0011486708571616,0.010886536037713,0.059263834013183,0.118808538981979
2000,31,1,4,4,14,13,0.0007942300030486,0.0011354399149542,0.0113560088396929,0.0670685481500024,0.199981585392022
2000,32,0,11,3,3,6,0.0,0.0061738066641333,0.0178016966030068,0.0331031643421864,0.261763337719717
2000,32,0,6,4,4,4,0.0,0.0034460125714847,0.021773072075426,0.0338650480075332,0.095046831185583
2000,32,0,17,7,7,10,0.0,0.0048256196385554,0.0198730154694626,0.0335342740750012,0.153831988763094
2000,33,0,3,4,5,1,0.0,0.0016837654538545,0.0237355954706758,0.0551719405703106,0.0436272229532862
2000,33,0,2,1,9,5,0.0,0.0011486708571616,0.0054432680188564,0.0761963580169496,0.118808538981979
2000,33,0,5,5,14,6,0.0,0.0014192998936927,0.0141950110496162,0.0670685481500024,0.0922991932578561
2000,34,0,4,4,11,5,0.0,0.0022450206051394,0.0237355954706758,0.121378269254683,0.218136114766431
2000,34,0,2,1,4,6,0.0,0.0011486708571616,0.0054432680188564,0.0338650480075332,0.142570246778375
2000,34,0,6,5,15,11,0.0,0.0017031598724313,0.0141950110496162,0.0718591587321454,0.169215187639403
2000,35,0,3,5,4,4,0.0,0.0016837654538545,0.0296694943383447,0.0441375524562485,0.174508891813145
2000,35,0,0,4,5,13,0.0,0.0,0.021773072075426,0.0423313100094165,0.308902201353145
2000,35,0,3,9,9,17,0.0,0.0008515799362156,0.0255510198893091,0.0431154952392873,0.261514380897259
2000,36,1,12,4,7,4,0.0015542025682509,0.0067350618154181,0.0237355954706758,0.0772407167984349,0.174508891813145
2000,36,0,4,4,8,4,0.0,0.0022973417143231,0.021773072075426,0.0677300960150663,0.095046831185583
2000,36,1,16,8,15,8,0.0007942300030486,0.0045417596598168,0.0227120176793859,0.0718591587321454,0.123065591010475
2000,37,0,4,3,4,1,0.0,0.0022450206051394,0.0178016966030068,0.0441375524562485,0.0436272229532862
2000,37,0,4,3,2,10,0.0,0.0022973417143231,0.0163298040565695,0.0169325240037666,0.237617077963958
2000,37,0,8,6,6,11,0.0,0.0022708798299084,0.0170340132595394,0.0287436634928582,0.169215187639403
2000,38,0,4,7,5,4,0.0,0.0022450206051394,0.0415372920736826,0.0551719405703106,0.174508891813145
2000,38,0,3,2,1,4,0.0,0.0017230062857423,0.010886536037713,0.0084662620018832,0.095046831185583
2000,38,0,7,9,6,8,0.0,0.0019870198511698,0.0255510198893091,0.0287436634928582,0.123065591010475
2000,39,0,7,5,4,9,0.0,0.0039287860589939,0.0296694943383447,0.0441375524562485,0.392645006579575
2000,39,0,2,4,7,8,0.0,0.0011486708571616,0.021773072075426,0.059263834013183,0.190093662371166
2000,39,0,9,9,11,17,0.0,0.0025547398086469,0.0255510198893091,0.0526967164035733,0.261514380897259
2000,40,0,4,5,6,7,0.0,0.0022450206051394,0.0296694943383447,0.0662063286843728,0.305390560673003
2000,40,0,2,1,4,4,0.0,0.0011486708571616,0.0054432680188564,0.0338650480075332,0.095046831185583
2000,40,0,6,6,10,11,0.0,0.0017031598724313,0.0170340132595394,0.0479061058214303,0.169215187639403
2000,41,0,0,5,6,6,0.0,0.0,0.0296694943383447,0.0662063286843728,0.261763337719717
2000,41,0,3,3,1,9,0.0,0.0017230062857423,0.0163298040565695,0.0084662620018832,0.213855370167562
2000,41,0,3,8,7,15,0.0,0.0008515799362156,0.0227120176793859,0.0335342740750012,0.23074798314464
2000,42,0,4,5,3,6,0.0,0.0022450206051394,0.0296694943383447,0.0331031643421864,0.261763337719717
2000,42,1,3,2,4,12,0.0016242616734349,0.0017230062857423,0.010886536037713,0.0338650480075332,0.285140493556749
2000,42,1,7,7,7,18,0.0007942300030486,0.0019870198511698,0.0198730154694626,0.0335342740750012,0.276897579773568
2000,43,1,0,1,6,2,0.0015542025682509,0.0,0.0059338988676689,0.0662063286843728,0.0872544459065723
2000,43,1,1,4,6,8,0.0016242616734349,0.0005743354285807,0.021773072075426,0.0507975720112997,0.190093662371166
2000,43,2,1,5,12,10,0.0015884600060972,0.0002838599787385,0.0141950110496162,0.0574873269857164,0.153831988763094
2000,44,0,6,4,3,1,0.0,0.0033675309077091,0.0237355954706758,0.0331031643421864,0.0436272229532862
2000,44,0,6,5,5,3,0.0,0.0034460125714847,0.0272163400942825,0.0423313100094165,0.0712851233891873
2000,44,0,12,9,8,4,0.0,0.0034063197448626,0.0255510198893091,0.0383248846571442,0.0615327955052374
2000,45,0,2,1,5,4,0.0,0.0011225103025697,0.0059338988676689,0.0551719405703106,0.174508891813145
2000,45,0,3,1,8,8,0.0,0.0017230062857423,0.0054432680188564,0.0677300960150663,0.190093662371166
2000,45,0,5,2,13,12,0.0,0.0014192998936927,0.0056780044198464,0.0622779375678594,0.184598386515712
2000,46,1,6,2,2,9,0.0015542025682509,0.0033675309077091,0.0118677977353379,0.0220687762281243,0.392645006579575
2000,46,0,2,2,6,10,0.0,0.0011486708571616,0.010886536037713,0.0507975720112997,0.237617077963958
2000,46,1,8,4,8,19,0.0007942300030486,0.0022708798299084,0.0113560088396929,0.0383248846571442,0.292280778649878
2000,47,0,2,7,7,3,0.0,0.0011225103025697,0.0415372920736826,0.0772407167984349,0.130881668859858
2000,47,0,4,5,6,2,0.0,0.0022973417143231,0.0272163400942825,0.0507975720112997,0.0475234155927915
2000,47,0,6,12,13,5,0.0,0.0017031598724313,0.0340680265190788,0.0622779375678594,0.0769159943815468
2000,48,2,3,1,7,1,0.0031084051365018,0.0016837654538545,0.0059338988676689,0.0772407167984349,0.0436272229532862
2000,48,1,2,2,6,9,0.0016242616734349,0.0011486708571616,0.010886536037713,0.0507975720112997,0.213855370167562
2000,48,3,5,3,13,10,0.0023826900091459,0.0014192998936927,0.0085170066297697,0.0622779375678594,0.153831988763094
2000,49,0,3,5,8,8,0.0,0.0016837654538545,0.0296694943383447,0.088275104912497,0.349017783626289
2000,49,0,1,1,5,6,0.0,0.0005743354285807,0.0054432680188564,0.0423313100094165,0.142570246778375
2000,49,0,4,6,13,14,0.0,0.0011354399149542,0.0170340132595394,0.0622779375678594,0.215364784268331
2000,50,0,9,4,2,4,0.0,0.0050512963615636,0.0237355954706758,0.0220687762281243,0.174508891813145
2000,50,0,2,4,4,5,0.0,0.0011486708571616,0.021773072075426,0.0338650480075332,0.118808538981979
2000,50,0,11,8,6,9,0.0,0.003122459766124,0.0227120176793859,0.0287436634928582,0.138448789886784
2000,51,1,4,3,4,7,0.0015542025682509,0.0022450206051394,0.0178016966030068,0.0441375524562485,0.305390560673003
2000,51,0,6,3,5,6,0.0,0.0034460125714847,0.0163298040565695,0.0423313100094165,0.142570246778375
2000,51,1,10,6,9,13,0.0007942300030486,0.0028385997873855,0.0170340132595394,0.0431154952392873,0.199981585392022
2000,52,0,4,4,5,1,0.0,0.0022450206051394,0.0237355954706758,0.0551719405703106,0.0436272229532862
2000,52,0,3,4,8,5,0.0,0.0017230062857423,0.021773072075426,0.0677300960150663,0.118808538981979
2000,52,0,7,8,13,6,0.0,0.0019870198511698,0.0227120176793859,0.0622779375678594,0.0922991932578561
2001,1,0,6,4,9,6,0.0,0.0033194362194471,0.0237219713682368,0.0956562426998242,0.254462138763386
2001,1,2,2,3,6,6,0.0032233084188428,0.0011320208343982,0.0162463509022413,0.0492740312871165,0.139157517592835
2001,1,2,8,7,15,12,0.0015744302095065,0.0022382081296217,0.0198144853967733,0.0694911251142536,0.179921500259786
2001,2,0,5,4,0,3,0.0,0.0027661968495392,0.0237219713682368,0.0,0.127231069381693
2001,2,0,5,1,8,8,0.0,0.0028300520859956,0.005415450300747,0.065698708382822,0.185543356790447
2001,2,0,10,5,8,11,0.0,0.0027977601620271,0.0141532038548381,0.0370619333942686,0.164928041904804
2001,3,0,3,9,3,4,0.0,0.0016597181097235,0.0533744355785329,0.0318854142332747,0.169641425842257
2001,3,0,0,4,4,6,0.0,0.0,0.0216618012029884,0.032849354191411,0.139157517592835
2001,3,0,3,13,7,10,0.0,0.0008393280486081,0.0367983300225791,0.032429191719985,0.149934583549822
2001,4,1,6,3,4,7,0.0015388868991196,0.0033194362194471,0.0177914785261776,0.0425138856443663,0.296872495223951
2001,4,0,1,0,5,8,0.0,0.0005660104171991,0.0,0.0410616927392638,0.185543356790447
2001,4,1,7,3,9,15,0.0007872151047532,0.0019584321134189,0.0084919223129028,0.0416946750685521,0.224901875324733
2001,5,0,1,2,4,3,0.0,0.0005532393699078,0.0118609856841184,0.0425138856443663,0.127231069381693
2001,5,1,4,2,6,5,0.0016116542094214,0.0022640416687965,0.0108309006014942,0.0492740312871165,0.115964597994029
2001,5,1,5,4,10,8,0.0007872151047532,0.0013988800810135,0.0113225630838705,0.0463274167428357,0.119947666839857
2001,6,0,2,2,7,5,0.0,0.0011064787398157,0.0118609856841184,0.0743992998776411,0.212051782302822
2001,6,0,5,4,0,3,0.0,0.0028300520859956,0.0216618012029884,0.0,0.0695787587964176
2001,6,0,7,6,7,8,0.0,0.0019584321134189,0.0169838446258057,0.032429191719985,0.119947666839857
2001,7,0,4,9,4,2,0.0,0.0022129574796314,0.0533744355785329,0.0425138856443663,0.0848207129211287
2001,7,0,0,2,6,5,0.0,0.0,0.0108309006014942,0.0492740312871165,0.115964597994029
2001,7,0,4,11,10,7,0.0,0.0011191040648108,0.0311370484806438,0.0463274167428357,0.104954208484875
2001,8,1,2,4,7,3,0.0015388868991196,0.0011064787398157,0.0237219713682368,0.0743992998776411,0.127231069381693
2001,8,0,2,6,6,8,0.0,0.0011320208343982,0.0324927018044825,0.0492740312871165,0.185543356790447
2001,8,1,4,10,13,11,0.0007872151047532,0.0011191040648108,0.0283064077096762,0.0602256417656864,0.164928041904804
2001,9,1,2,5,3,5,0.0015388868991196,0.0011064787398157,0.029652464210296,0.0318854142332747,0.212051782302822
2001,9,0,2,4,0,7,0.0,0.0011320208343982,0.0216618012029884,0.0,0.162350437191641
2001,9,1,4,9,3,12,0.0007872151047532,0.0011191040648108,0.0254757669387086,0.0138982250228507,0.179921500259786
2001,10,2,4,3,6,3,0.0030777737982392,0.0022129574796314,0.0177914785261776,0.0637708284665495,0.127231069381693
2001,10,0,0,1,3,3,0.0,0.0,0.005415450300747,0.0246370156435583,0.0695787587964176
2001,10,2,4,4,9,6,0.0015744302095065,0.0011191040648108,0.0113225630838705,0.0416946750685521,0.089960750129893
2001,11,0,5,8,5,5,0.0,0.0027661968495392,0.0474439427364736,0.0531423570554579,0.212051782302822
2001,11,0,2,3,2,4,0.0,0.0011320208343982,0.0162463509022413,0.0164246770957055,0.0927716783952234
2001,11,0,7,11,7,9,0.0,0.0019584321134189,0.0311370484806438,0.032429191719985,0.13494112519484
2001,12,0,5,4,6,5,0.0,0.0027661968495392,0.0237219713682368,0.0637708284665495,0.212051782302822
2001,12,1,3,3,3,7,0.0016116542094214,0.0016980312515973,0.0162463509022413,0.0246370156435583,0.162350437191641
2001,12,1,8,7,9,12,0.0007872151047532,0.0022382081296217,0.0198144853967733,0.0416946750685521,0.179921500259786
2001,13,0,7,0,10,5,0.0,0.0038726755893549,0.0,0.106284714110916,0.212051782302822
2001,13,0,2,2,3,3,0.0,0.0011320208343982,0.0108309006014942,0.0246370156435583,0.0695787587964176
2001,13,0,9,2,13,8,0.0,0.0025179841458244,0.0056612815419352,0.0602256417656864,0.119947666839857
2001,14,1,5,1,8,5,0.0015388868991196,0.0027661968495392,0.0059304928420592,0.0850277712887327,0.212051782302822
2001,14,0,2,1,5,7,0.0,0.0011320208343982,0.005415450300747,0.0410616927392638,0.162350437191641
2001,14,1,7,2,13,12,0.0007872151047532,0.0019584321134189,0.0056612815419352,0.0602256417656864,0.179921500259786
2001,15,0,4,1,9,3,0.0,0.0022129574796314,0.0059304928420592,0.0956562426998242,0.127231069381693
2001,15,0,2,6,5,7,0.0,0.0011320208343982,0.0324927018044825,0.0410616927392638,0.162350437191641
2001,15,0,6,7,14,10,0.0,0.0016786560972162,0.0198144853967733,0.06485838343997,0.149934583549822
2001,16,0,2,4,5,5,0.0,0.0011064787398157,0.0237219713682368,0.0531423570554579,0.212051782302822
2001,16,0,5,1,4,6,0.0,0.0028300520859956,0.005415450300747,0.032849354191411,0.139157517592835
2001,16,0,7,5,9,11,0.0,0.0019584321134189,0.0141532038548381,0.0416946750685521,0.164928041904804
2001,17,0,4,3,8,2,0.0,0.0022129574796314,0.0177914785261776,0.0850277712887327,0.0848207129211287
2001,17,0,1,3,4,9,0.0,0.0005660104171991,0.0162463509022413,0.032849354191411,0.208736276389253
2001,17,0,5,6,12,11,0.0,0.0013988800810135,0.0169838446258057,0.0555929000914029,0.164928041904804
2001,18,1,1,3,4,1,0.0015388868991196,0.0005532393699078,0.0177914785261776,0.0425138856443663,0.0424103564605644
2001,18,0,1,3,5,4,0.0,0.0005660104171991,0.0162463509022413,0.0410616927392638,0.0927716783952234
2001,18,1,2,6,9,5,0.0007872151047532,0.0005595520324054,0.0169838446258057,0.0416946750685521,0.0749672917749108
2001,19,0,6,5,3,6,0.0,0.0033194362194471,0.029652464210296,0.0318854142332747,0.254462138763386
2001,19,0,2,1,2,4,0.0,0.0011320208343982,0.005415450300747,0.0164246770957055,0.0927716783952234
2001,19,0,8,6,5,10,0.0,0.0022382081296217,0.0169838446258057,0.0231637083714179,0.149934583549822
2001,20,0,3,7,6,5,0.0,0.0016597181097235,0.0415134498944144,0.0637708284665495,0.212051782302822
2001,20,0,4,3,6,6,0.0,0.0022640416687965,0.0162463509022413,0.0492740312871165,0.139157517592835
2001,20,0,7,10,12,11,0.0,0.0019584321134189,0.0283064077096762,0.0555929000914029,0.164928041904804
2001,21,0,2,0,5,6,0.0,0.0011064787398157,0.0,0.0531423570554579,0.254462138763386
2001,21,0,2,1,3,8,0.0,0.0011320208343982,0.005415450300747,0.0246370156435583,0.185543356790447
2001,21,0,4,1,8,14,0.0,0.0011191040648108,0.0028306407709676,0.0370619333942686,0.20990841696975
2001,22,0,2,6,9,5,0.0,0.0011064787398157,0.0355829570523552,0.0956562426998242,0.212051782302822
2001,22,0,0,3,4,4,0.0,0.0,0.0162463509022413,0.032849354191411,0.0927716783952234
2001,22,0,2,9,13,9,0.0,0.0005595520324054,0.0254757669387086,0.0602256417656864,0.13494112519484
2001,23,0,4,6,2,5,0.0,0.0022129574796314,0.0355829570523552,0.0212569428221832,0.212051782302822
2001,23,0,3,3,6,6,0.0,0.0016980312515973,0.0162463509022413,0.0492740312871165,0.139157517592835
2001,23,0,7,9,8,11,0.0,0.0019584321134189,0.0254757669387086,0.0370619333942686,0.164928041904804
2001,24,0,3,4,6,4,0.0,0.0016597181097235,0.0237219713682368,0.0637708284665495,0.169641425842257
2001,24,0,2,2,2,8,0.0,0.0011320208343982,0.0108309006014942,0.0164246770957055,0.185543356790447
2001,24,0,5,6,8,12,0.0,0.0013988800810135,0.0169838446258057,0.0370619333942686,0.179921500259786
2001,25,0,4,3,8,3,0.0,0.0022129574796314,0.0177914785261776,0.0850277712887327,0.127231069381693
2001,25,2,2,2,4,5,0.0032233084188428,0.0011320208343982,0.0108309006014942,0.032849354191411,0.115964597994029
2001,25,2,6,5,12,8,0.0015744302095065,0.0016786560972162,0.0141532038548381,0.0555929000914029,0.119947666839857
2001,26,0,3,3,5,7,0.0,0.0016597181097235,0.0177914785261776,0.0531423570554579,0.296872495223951
2001,26,1,3,3,5,11,0.0016116542094214,0.0016980312515973,0.0162463509022413,0.0410616927392638,0.255122115586864
2001,26,1,6,6,10,18,0.0007872151047532,0.0016786560972162,0.0169838446258057,0.0463274167428357,0.269882250389679
2001,27,0,4,7,8,1,0.0,0.0022129574796314,0.0415134498944144,0.0850277712887327,0.0424103564605644
2001,27,0,2,1,3,4,0.0,0.0011320208343982,0.005415450300747,0.0246370156435583,0.0927716783952234
2001,27,0,6,8,11,5,0.0,0.0016786560972162,0.022645126167741,0.0509601584171193,0.0749672917749108
2001,28,0,1,5,4,2,0.0,0.0005532393699078,0.029652464210296,0.0425138856443663,0.0848207129211287
2001,28,0,1,5,6,6,0.0,0.0005660104171991,0.0270772515037354,0.0492740312871165,0.139157517592835
2001,28,0,2,10,10,8,0.0,0.0005595520324054,0.0283064077096762,0.0463274167428357,0.119947666839857
2001,29,0,9,2,8,5,0.0,0.0049791543291706,0.0118609856841184,0.0850277712887327,0.212051782302822
2001,29,0,2,3,5,4,0.0,0.0011320208343982,0.0162463509022413,0.0410616927392638,0.0927716783952234
2001,29,0,11,5,13,9,0.0,0.0030775361782298,0.0141532038548381,0.0602256417656864,0.13494112519484
2001,30,0,1,2,4,0,0.0,0.0005532393699078,0.0118609856841184,0.0425138856443663,0.0
2001,30,0,3,2,3,5,0.0,0.0016980312515973,0.0108309006014942,0.0246370156435583,0.115964597994029
2001,30,0,4,4,7,5,0.0,0.0011191040648108,0.0113225630838705,0.032429191719985,0.0749672917749108
2001,31,0,2,1,3,4,0.0,0.0011064787398157,0.0059304928420592,0.0318854142332747,0.169641425842257
2001,31,0,0,0,8,4,0.0,0.0,0.0,0.065698708382822,0.0927716783952234
2001,31,0,2,1,11,8,0.0,0.0005595520324054,0.0028306407709676,0.0509601584171193,0.119947666839857
2001,32,0,6,1,9,5,0.0,0.0033194362194471,0.0059304928420592,0.0956562426998242,0.212051782302822
2001,32,2,3,4,6,6,0.0032233084188428,0.0016980312515973,0.0216618012029884,0.0492740312871165,0.139157517592835
2001,32,2,9,5,15,11,0.0015744302095065,0.0025179841458244,0.0141532038548381,0.0694911251142536,0.164928041904804
2001,33,1,8,6,6,4,0.0015388868991196,0.0044259149592628,0.0355829570523552,0.0637708284665495,0.169641425842257
2001,33,0,5,2,5,4,0.0,0.0028300520859956,0.0108309006014942,0.0410616927392638,0.0927716783952234
2001,33,1,13,8,11,8,0.0007872151047532,0.0036370882106352,0.022645126167741,0.0509601584171193,0.119947666839857
2001,34,0,5,4,4,4,0.0,0.0027661968495392,0.0237219713682368,0.0425138856443663,0.169641425842257
2001,34,0,0,1,2,3,0.0,0.0,0.005415450300747,0.0164246770957055,0.0695787587964176
2001,34,0,5,5,6,7,0.0,0.0013988800810135,0.0141532038548381,0.0277964500457014,0.104954208484875
2001,35,0,3,3,6,4,0.0,0.0016597181097235,0.0177914785261776,0.0637708284665495,0.169641425842257
2001,35,0,2,3,8,14,0.0,0.0011320208343982,0.0162463509022413,0.065698708382822,0.324700874383282
2001,35,0,5,6,14,18,0.0,0.0013988800810135,0.0169838446258057,0.06485838343997,0.269882250389679
2001,36,1,7,2,0,2,0.0015388868991196,0.0038726755893549,0.0118609856841184,0.0,0.0848207129211287
2001,36,1,4,1,6,6,0.0016116542094214,0.0022640416687965,0.005415450300747,0.0492740312871165,0.139157517592835
2001,36,2,11,3,6,8,0.0015744302095065,0.0030775361782298,0.0084919223129028,0.0277964500457014,0.119947666839857
2001,37,0,1,5,6,3,0.0,0.0005532393699078,0.029652464210296,0.0637708284665495,0.127231069381693
2001,37,0,4,4,8,3,0.0,0.0022640416687965,0.0216618012029884,0.065698708382822,0.0695787587964176
2001,37,0,5,9,14,6,0.0,0.0013988800810135,0.0254757669387086,0.06485838343997,0.089960750129893
2001,38,1,3,2,9,3,0.0015388868991196,0.0016597181097235,0.0118609856841184,0.0956562426998242,0.127231069381693
2001,38,0,5,3,5,5,0.0,0.0028300520859956,0.0162463509022413,0.0410616927392638,0.115964597994029
2001,38,1,8,5,14,8,0.0007872151047532,0.0022382081296217,0.0141532038548381,0.06485838343997,0.119947666839857
2001,39,0,2,4,9,7,0.0,0.0011064787398157,0.0237219713682368,0.0956562426998242,0.296872495223951
2001,39,0,2,2,2,9,0.0,0.0011320208343982,0.0108309006014942,0.0164246770957055,0.208736276389253
2001,39,0,4,6,11,16,0.0,0.0011191040648108,0.0169838446258057,0.0509601584171193,0.239895333679715
2001,40,0,1,2,8,6,0.0,0.0005532393699078,0.0118609856841184,0.0850277712887327,0.254462138763386
2001,40,0,1,2,4,4,0.0,0.0005660104171991,0.0108309006014942,0.032849354191411,0.0927716783952234
2001,40,0,2,4,12,10,0.0,0.0005595520324054,0.0113225630838705,0.0555929000914029,0.149934583549822
2001,41,0,3,5,4,7,0.0,0.0016597181097235,0.029652464210296,0.0425138856443663,0.296872495223951
2001,41,0,3,2,1,5,0.0,0.0016980312515973,0.0108309006014942,0.0082123385478527,0.115964597994029
2001,41,0,6,7,5,12,0.0,0.0016786560972162,0.0198144853967733,0.0231637083714179,0.179921500259786
2001,42,0,2,7,7,4,0.0,0.0011064787398157,0.0415134498944144,0.0743992998776411,0.169641425842257
2001,42,0,5,3,7,7,0.0,0.0028300520859956,0.0162463509022413,0.0574863698349693,0.162350437191641
2001,42,0,7,10,14,11,0.0,0.0019584321134189,0.0283064077096762,0.06485838343997,0.164928041904804
2001,43,0,4,7,5,6,0.0,0.0022129574796314,0.0415134498944144,0.0531423570554579,0.254462138763386
2001,43,0,3,1,4,9,0.0,0.0016980312515973,0.005415450300747,0.032849354191411,0.208736276389253
2001,43,0,7,8,9,15,0.0,0.0019584321134189,0.022645126167741,0.0416946750685521,0.224901875324733
2001,44,0,5,2,4,5,0.0,0.0027661968495392,0.0118609856841184,0.0425138856443663,0.212051782302822
2001,44,0,2,4,4,6,0.0,0.0011320208343982,0.0216618012029884,0.032849354191411,0.139157517592835
2001,44,0,7,6,8,11,0.0,0.0019584321134189,0.0169838446258057,0.0370619333942686,0.164928041904804
2001,45,0,3,5,5,6,0.0,0.0016597181097235,0.029652464210296,0.0531423570554579,0.254462138763386
2001,45,0,0,2,4,5,0.0,0.0,0.0108309006014942,0.032849354191411,0.115964597994029
2001,45,0,3,7,9,11,0.0,0.0008393280486081,0.0198144853967733,0.0416946750685521,0.164928041904804
2001,46,0,7,4,8,2,0.0,0.0038726755893549,0.0237219713682368,0.0850277712887327,0.0848207129211287
2001,46,0,2,3,5,9,0.0,0.0011320208343982,0.0162463509022413,0.0410616927392638,0.208736276389253
2001,46,0,9,7,13,11,0.0,0.0025179841458244,0.0198144853967733,0.0602256417656864,0.164928041904804
2001,47,0,5,2,4,2,0.0,0.0027661968495392,0.0118609856841184,0.0425138856443663,0.0848207129211287
2001,47,0,1,1,6,6,0.0,0.0005660104171991,0.005415450300747,0.0492740312871165,0.139157517592835
2001,47,0,6,3,10,8,0.0,0.0016786560972162,0.0084919223129028,0.0463274167428357,0.119947666839857
2001,48,0,7,3,7,10,0.0,0.0038726755893549,0.0177914785261776,0.0743992998776411,0.424103564605644
2001,48,0,6,3,2,3,0.0,0.0033960625031947,0.0162463509022413,0.0164246770957055,0.0695787587964176
2001,48,0,13,6,9,13,0.0,0.0036370882106352,0.0169838446258057,0.0416946750685521,0.194914958614768
2001,49,0,6,5,6,4,0.0,0.0033194362194471,0.029652464210296,0.0637708284665495,0.169641425842257
2001,49,0,1,0,5,4,0.0,0.0005660104171991,0.0,0.0410616927392638,0.0927716783952234
2001,49,0,7,5,11,8,0.0,0.0019584321134189,0.0141532038548381,0.0509601584171193,0.119947666839857
2001,50,0,1,1,4,4,0.0,0.0005532393699078,0.0059304928420592,0.0425138856443663,0.169641425842257
2001,50,0,3,4,5,6,0.0,0.0016980312515973,0.0216618012029884,0.0410616927392638,0.139157517592835
2001,50,0,4,5,9,10,0.0,0.0011191040648108,0.0141532038548381,0.0416946750685521,0.149934583549822
2001,51,0,4,5,6,3,0.0,0.0022129574796314,0.029652464210296,0.0637708284665495,0.127231069381693
2001,51,0,2,3,5,7,0.0,0.0011320208343982,0.0162463509022413,0.0410616927392638,0.162350437191641
2001,51,0,6,8,11,10,0.0,0.0016786560972162,0.022645126167741,0.0509601584171193,0.149934583549822
2001,52,0,3,5,5,2,0.0,0.0016597181097235,0.029652464210296,0.0531423570554579,0.0848207129211287
2001,52,0,1,6,5,4,0.0,0.0005660104171991,0.0324927018044825,0.0410616927392638,0.0927716783952234
2001,52,0,4,11,10,6,0.0,0.0011191040648108,0.0311370484806438,0.0463274167428357,0.089960750129893
2002,1,2,3,3,7,4,0.0030721025058384,0.0016434769214082,0.0177718781966961,0.071876955716739,0.164003705793039
2002,1,0,3,2,8,8,0.0,0.0016806316136871,0.0108408787167967,0.0636695514775275,0.178735021800448
2002,1,2,6,5,15,12,0.0015701173064957,0.001661846622228,0.0141525625863116,0.0672532913088304,0.173539084151932
2002,2,0,6,2,6,3,0.0,0.0032869538428164,0.0118479187977974,0.0616088191857763,0.123002779344779
2002,2,0,5,1,5,4,0.0,0.0028010526894785,0.0054204393583983,0.0397934696734547,0.089367510900224
2002,2,0,11,3,11,7,0.0,0.0030467188074181,0.0084915375517869,0.0493190802931423,0.10123113242196
2002,3,0,6,2,6,3,0.0,0.0032869538428164,0.0118479187977974,0.0616088191857763,0.123002779344779
2002,3,0,2,1,3,6,0.0,0.0011204210757914,0.0054204393583983,0.0238760818040728,0.134051266350336
2002,3,0,8,3,9,9,0.0,0.0022157954963041,0.0084915375517869,0.0403519747852983,0.130154313113949
2002,4,1,0,7,8,2,0.0015360512529192,0.0,0.0414677157922909,0.0821450922477017,0.0820018528965194
2002,4,1,3,1,2,1,0.0016057286429509,0.0016806316136871,0.0054204393583983,0.0159173878693819,0.022341877725056
2002,4,2,3,8,10,3,0.0015701173064957,0.000830923311114,0.0226441001380985,0.0448355275392203,0.043384771037983
2002,5,1,5,2,7,5,0.0015360512529192,0.002739128202347,0.0118479187977974,0.071876955716739,0.205004632241299
2002,5,0,1,4,10,5,0.0,0.0005602105378957,0.0216817574335934,0.0795869393469094,0.11170938862528
2002,5,1,6,6,17,10,0.0007850586532478,0.001661846622228,0.0169830751035739,0.0762203968166745,0.144615903459943
2002,6,0,3,2,4,3,0.0,0.0016434769214082,0.0118479187977974,0.0410725461238508,0.123002779344779
2002,6,0,1,4,4,7,0.0,0.0005602105378957,0.0216817574335934,0.0318347757387637,0.156393144075392
2002,6,0,4,6,8,10,0.0,0.001107897748152,0.0169830751035739,0.0358684220313762,0.144615903459943
2002,7,0,3,4,5,3,0.0,0.0016434769214082,0.0236958375955948,0.0513406826548136,0.123002779344779
2002,7,0,2,0,9,7,0.0,0.0011204210757914,0.0,0.0716282454122184,0.156393144075392
2002,7,0,5,4,14,10,0.0,0.00138487218519,0.0113220500690493,0.0627697385549084,0.144615903459943
2002,8,0,7,5,1,9,0.0,0.0038347794832858,0.0296197969944935,0.0102681365309627,0.369008338034337
2002,8,0,2,6,6,12,0.0,0.0011204210757914,0.0325226361503901,0.0477521636081456,0.268102532700672
2002,8,0,9,11,7,21,0.0,0.0024927699333421,0.0311356376898854,0.0313848692774542,0.303693397265881
2002,9,0,3,6,8,6,0.0,0.0016434769214082,0.0355437563933922,0.0821450922477017,0.246005558689558
2002,9,0,0,4,4,6,0.0,0.0,0.0216817574335934,0.0318347757387637,0.134051266350336
2002,9,0,3,10,12,12,0.0,0.000830923311114,0.0283051251726231,0.0538026330470644,0.173539084151932
2002,10,0,6,4,9,9,0.0,0.0032869538428164,0.0236958375955948,0.0924132287786644,0.369008338034337
2002,10,1,3,3,8,7,0.0016057286429509,0.0016806316136871,0.016261318075195,0.0636695514775275,0.156393144075392
2002,10,1,9,7,17,16,0.0007850586532478,0.0024927699333421,0.0198135876208362,0.0762203968166745,0.23138544553591
2002,11,0,7,4,6,10,0.0,0.0038347794832858,0.0236958375955948,0.0616088191857763,0.410009264482597
2002,11,0,1,2,2,8,0.0,0.0005602105378957,0.0108408787167967,0.0159173878693819,0.178735021800448
2002,11,0,8,6,8,18,0.0,0.0022157954963041,0.0169830751035739,0.0358684220313762,0.260308626227898
2002,12,0,7,4,4,6,0.0,0.0038347794832858,0.0236958375955948,0.0410725461238508,0.246005558689558
2002,12,0,2,1,9,17,0.0,0.0011204210757914,0.0054204393583983,0.0716282454122184,0.379811921325952
2002,12,0,9,5,13,23,0.0,0.0024927699333421,0.0141525625863116,0.0582861858009864,0.33261657795787
2002,13,0,4,4,12,1,0.0,0.0021913025618776,0.0236958375955948,0.123217638371553,0.0410009264482597
2002,13,0,2,3,11,4,0.0,0.0011204210757914,0.016261318075195,0.0875456332816003,0.089367510900224
2002,13,0,6,7,23,5,0.0,0.001661846622228,0.0198135876208362,0.103121713340207,0.0723079517299717
2002,14,1,2,2,11,4,0.0015360512529192,0.0010956512809388,0.0118479187977974,0.11294950184059,0.164003705793039
2002,14,1,4,2,6,5,0.0016057286429509,0.0022408421515828,0.0108408787167967,0.0477521636081456,0.11170938862528
2002,14,2,6,4,17,9,0.0015701173064957,0.001661846622228,0.0113220500690493,0.0762203968166745,0.130154313113949
2002,15,1,5,3,7,7,0.0015360512529192,0.002739128202347,0.0177718781966961,0.071876955716739,0.287006485137818
2002,15,1,8,1,5,3,0.0016057286429509,0.0044816843031657,0.0054204393583983,0.0397934696734547,0.067025633175168
2002,15,2,13,4,12,10,0.0015701173064957,0.0036006676814941,0.0113220500690493,0.0538026330470644,0.144615903459943
2002,16,1,7,3,8,1,0.0015360512529192,0.0038347794832858,0.0177718781966961,0.0821450922477017,0.0410009264482597
2002,16,0,1,3,8,14,0.0,0.0005602105378957,0.016261318075195,0.0636695514775275,0.312786288150784
2002,16,1,8,6,16,15,0.0007850586532478,0.0022157954963041,0.0169830751035739,0.0717368440627525,0.216923855189915
2002,17,0,1,3,7,4,0.0,0.0005478256404694,0.0177718781966961,0.071876955716739,0.164003705793039
2002,17,1,1,4,9,11,0.0016057286429509,0.0005602105378957,0.0216817574335934,0.0716282454122184,0.245760654975616
2002,17,1,2,7,16,15,0.0007850586532478,0.000553948874076,0.0198135876208362,0.0717368440627525,0.216923855189915
2002,18,0,4,7,5,4,0.0,0.0021913025618776,0.0414677157922909,0.0513406826548136,0.164003705793039
2002,18,1,4,1,6,4,0.0016057286429509,0.0022408421515828,0.0054204393583983,0.0477521636081456,0.089367510900224
2002,18,1,8,8,11,8,0.0007850586532478,0.0022157954963041,0.0226441001380985,0.0493190802931423,0.115692722767955
2002,19,0,6,7,5,6,0.0,0.0032869538428164,0.0414677157922909,0.0513406826548136,0.246005558689558
2002,19,0,1,1,2,6,0.0,0.0005602105378957,0.0054204393583983,0.0159173878693819,0.134051266350336
2002,19,0,7,8,7,12,0.0,0.001938821059266,0.0226441001380985,0.0313848692774542,0.173539084151932
2002,20,0,4,2,5,3,0.0,0.0021913025618776,0.0118479187977974,0.0513406826548136,0.123002779344779
2002,20,0,3,1,5,11,0.0,0.0016806316136871,0.0054204393583983,0.0397934696734547,0.245760654975616
2002,20,0,7,3,10,14,0.0,0.001938821059266,0.0084915375517869,0.0448355275392203,0.202462264843921
2002,21,0,2,0,7,4,0.0,0.0010956512809388,0.0,0.071876955716739,0.164003705793039
2002,21,0,1,2,4,12,0.0,0.0005602105378957,0.0108408787167967,0.0318347757387637,0.268102532700672
2002,21,0,3,2,11,16,0.0,0.000830923311114,0.0056610250345246,0.0493190802931423,0.23138544553591
2002,22,1,5,3,3,2,0.0015360512529192,0.002739128202347,0.0177718781966961,0.0308044095928881,0.0820018528965194
2002,22,0,2,1,9,8,0.0,0.0011204210757914,0.0054204393583983,0.0716282454122184,0.178735021800448
2002,22,1,7,4,12,10,0.0007850586532478,0.001938821059266,0.0113220500690493,0.0538026330470644,0.144615903459943
2002,23,0,5,3,8,4,0.0,0.002739128202347,0.0177718781966961,0.0821450922477017,0.164003705793039
2002,23,0,6,2,13,7,0.0,0.0033612632273742,0.0108408787167967,0.103463021150982,0.156393144075392
2002,23,0,11,5,21,11,0.0,0.0030467188074181,0.0141525625863116,0.0941546078323626,0.159077493805938
2002,24,0,5,3,6,3,0.0,0.002739128202347,0.0177718781966961,0.0616088191857763,0.123002779344779
2002,24,0,2,0,3,10,0.0,0.0011204210757914,0.0,0.0238760818040728,0.22341877725056
2002,24,0,7,3,9,13,0.0,0.001938821059266,0.0084915375517869,0.0403519747852983,0.188000674497927
2002,25,1,5,3,4,4,0.0015360512529192,0.002739128202347,0.0177718781966961,0.0410725461238508,0.164003705793039
2002,25,0,6,2,7,9,0.0,0.0033612632273742,0.0108408787167967,0.0557108575428366,0.201076899525504
2002,25,1,11,5,11,13,0.0007850586532478,0.0030467188074181,0.0141525625863116,0.0493190802931423,0.188000674497927
2002,26,0,7,5,10,1,0.0,0.0038347794832858,0.0296197969944935,0.102681365309627,0.0410009264482597
2002,26,0,3,4,4,6,0.0,0.0016806316136871,0.0216817574335934,0.0318347757387637,0.134051266350336
2002,26,0,10,9,14,7,0.0,0.0027697443703801,0.0254746126553608,0.0627697385549084,0.10123113242196
2002,27,0,1,8,4,3,0.0,0.0005478256404694,0.0473916751911896,0.0410725461238508,0.123002779344779
2002,27,0,3,1,6,3,0.0,0.0016806316136871,0.0054204393583983,0.0477521636081456,0.067025633175168
2002,27,0,4,9,10,6,0.0,0.001107897748152,0.0254746126553608,0.0448355275392203,0.0867695420759661
2002,28,0,4,5,3,3,0.0,0.0021913025618776,0.0296197969944935,0.0308044095928881,0.123002779344779
2002,28,1,2,4,3,6,0.0016057286429509,0.0011204210757914,0.0216817574335934,0.0238760818040728,0.134051266350336
2002,28,1,6,9,6,9,0.0007850586532478,0.001661846622228,0.0254746126553608,0.0269013165235322,0.130154313113949
2002,29,0,1,5,3,1,0.0,0.0005478256404694,0.0296197969944935,0.0308044095928881,0.0410009264482597
2002,29,0,1,6,4,8,0.0,0.0005602105378957,0.0325226361503901,0.0318347757387637,0.178735021800448
2002,29,0,2,11,7,9,0.0,0.000553948874076,0.0311356376898854,0.0313848692774542,0.130154313113949
2002,30,0,0,2,9,3,0.0,0.0,0.0118479187977974,0.0924132287786644,0.123002779344779
2002,30,0,1,1,5,2,0.0,0.0005602105378957,0.0054204393583983,0.0397934696734547,0.044683755450112
2002,30,0,1,3,14,5,0.0,0.000276974437038,0.0084915375517869,0.0627697385549084,0.0723079517299717
2002,31,0,6,3,7,4,0.0,0.0032869538428164,0.0177718781966961,0.071876955716739,0.164003705793039
2002,31,0,6,2,1,6,0.0,0.0033612632273742,0.0108408787167967,0.0079586939346909,0.134051266350336
2002,31,0,12,5,8,10,0.0,0.0033236932444561,0.0141525625863116,0.0358684220313762,0.144615903459943
2002,32,0,5,2,7,4,0.0,0.002739128202347,0.0118479187977974,0.071876955716739,0.164003705793039
2002,32,0,2,2,4,3,0.0,0.0011204210757914,0.0108408787167967,0.0318347757387637,0.067025633175168
2002,32,0,7,4,11,7,0.0,0.001938821059266,0.0113220500690493,0.0493190802931423,0.10123113242196
2002,33,0,1,8,5,2,0.0,0.0005478256404694,0.0473916751911896,0.0513406826548136,0.0820018528965194
2002,33,1,1,2,7,9,0.0016057286429509,0.0005602105378957,0.0108408787167967,0.0557108575428366,0.201076899525504
2002,33,1,2,10,12,11,0.0007850586532478,0.000553948874076,0.0283051251726231,0.0538026330470644,0.159077493805938
2002,34,0,4,1,1,5,0.0,0.0021913025618776,0.0059239593988987,0.0102681365309627,0.205004632241299
2002,34,1,3,3,6,5,0.0016057286429509,0.0016806316136871,0.016261318075195,0.0477521636081456,0.11170938862528
2002,34,1,7,4,7,10,0.0007850586532478,0.001938821059266,0.0113220500690493,0.0313848692774542,0.144615903459943
2002,35,0,6,6,1,3,0.0,0.0032869538428164,0.0355437563933922,0.0102681365309627,0.123002779344779
2002,35,0,1,4,5,6,0.0,0.0005602105378957,0.0216817574335934,0.0397934696734547,0.134051266350336
2002,35,0,7,10,6,9,0.0,0.001938821059266,0.0283051251726231,0.0269013165235322,0.130154313113949
2002,36,0,3,5,6,3,0.0,0.0016434769214082,0.0296197969944935,0.0616088191857763,0.123002779344779
2002,36,0,2,4,4,7,0.0,0.0011204210757914,0.0216817574335934,0.0318347757387637,0.156393144075392
2002,36,0,5,9,10,10,0.0,0.00138487218519,0.0254746126553608,0.0448355275392203,0.144615903459943
2002,37,0,0,3,11,2,0.0,0.0,0.0177718781966961,0.11294950184059,0.0820018528965194
2002,37,0,2,1,4,6,0.0,0.0011204210757914,0.0054204393583983,0.0318347757387637,0.134051266350336
2002,37,0,2,4,15,8,0.0,0.000553948874076,0.0113220500690493,0.0672532913088304,0.115692722767955
2002,38,0,2,5,10,7,0.0,0.0010956512809388,0.0296197969944935,0.102681365309627,0.287006485137818
2002,38,0,2,4,4,4,0.0,0.0011204210757914,0.0216817574335934,0.0318347757387637,0.089367510900224
2002,38,0,4,9,14,11,0.0,0.001107897748152,0.0254746126553608,0.0627697385549084,0.159077493805938
2002,39,0,2,3,4,5,0.0,0.0010956512809388,0.0177718781966961,0.0410725461238508,0.205004632241299
2002,39,0,2,1,5,6,0.0,0.0011204210757914,0.0054204393583983,0.0397934696734547,0.134051266350336
2002,39,0,4,4,9,11,0.0,0.001107897748152,0.0113220500690493,0.0403519747852983,0.159077493805938
2002,40,1,3,4,7,1,0.0015360512529192,0.0016434769214082,0.0236958375955948,0.071876955716739,0.0410009264482597
2002,40,0,5,6,4,5,0.0,0.0028010526894785,0.0325226361503901,0.0318347757387637,0.11170938862528
2002,40,1,8,10,11,6,0.0007850586532478,0.0022157954963041,0.0283051251726231,0.0493190802931423,0.0867695420759661
2002,41,0,5,1,5,5,0.0,0.002739128202347,0.0059239593988987,0.0513406826548136,0.205004632241299
2002,41,2,3,3,6,6,0.0032114572859019,0.0016806316136871,0.016261318075195,0.0477521636081456,0.134051266350336
2002,41,2,8,4,11,11,0.0015701173064957,0.0022157954963041,0.0113220500690493,0.0493190802931423,0.159077493805938
2002,42,0,2,4,6,6,0.0,0.0010956512809388,0.0236958375955948,0.0616088191857763,0.246005558689558
2002,42,0,3,2,4,2,0.0,0.0016806316136871,0.0108408787167967,0.0318347757387637,0.044683755450112
2002,42,0,5,6,10,8,0.0,0.00138487218519,0.0169830751035739,0.0448355275392203,0.115692722767955
2002,43,0,2,3,12,1,0.0,0.0010956512809388,0.0177718781966961,0.123217638371553,0.0410009264482597
2002,43,0,2,2,3,3,0.0,0.0011204210757914,0.0108408787167967,0.0238760818040728,0.067025633175168
2002,43,0,4,5,15,4,0.0,0.001107897748152,0.0141525625863116,0.0672532913088304,0.0578463613839774
2002,44,0,2,4,8,0,0.0,0.0010956512809388,0.0236958375955948,0.0821450922477017,0.0
2002,44,0,2,0,2,3,0.0,0.0011204210757914,0.0,0.0159173878693819,0.067025633175168
2002,44,0,4,4,10,3,0.0,0.001107897748152,0.0113220500690493,0.0448355275392203,0.043384771037983
2002,45,1,4,2,7,6,0.0015360512529192,0.0021913025618776,0.0118479187977974,0.071876955716739,0.246005558689558
2002,45,0,2,1,3,7,0.0,0.0011204210757914,0.0054204393583983,0.0238760818040728,0.156393144075392
2002,45,1,6,3,10,13,0.0007850586532478,0.001661846622228,0.0084915375517869,0.0448355275392203,0.188000674497927
2002,46,1,4,6,7,7,0.0015360512529192,0.0021913025618776,0.0355437563933922,0.071876955716739,0.287006485137818
2002,46,0,1,2,5,7,0.0,0.0005602105378957,0.0108408787167967,0.0397934696734547,0.156393144075392
2002,46,1,5,8,12,14,0.0007850586532478,0.00138487218519,0.0226441001380985,0.0538026330470644,0.202462264843921
2002,47,0,6,0,6,5,0.0,0.0032869538428164,0.0,0.0616088191857763,0.205004632241299
2002,47,0,7,1,6,8,0.0,0.00392147376527,0.0054204393583983,0.0477521636081456,0.178735021800448
2002,47,0,13,1,12,13,0.0,0.0036006676814941,0.0028305125172623,0.0538026330470644,0.188000674497927
2002,48,0,4,7,6,5,0.0,0.0021913025618776,0.0414677157922909,0.0616088191857763,0.205004632241299
2002,48,0,3,3,5,7,0.0,0.0016806316136871,0.016261318075195,0.0397934696734547,0.156393144075392
2002,48,0,7,10,11,12,0.0,0.001938821059266,0.0283051251726231,0.0493190802931423,0.173539084151932
2002,49,0,5,5,6,3,0.0,0.002739128202347,0.0296197969944935,0.0616088191857763,0.123002779344779
2002,49,1,3,0,6,5,0.0016057286429509,0.0016806316136871,0.0,0.0477521636081456,0.11170938862528
2002,49,1,8,5,12,8,0.0007850586532478,0.0022157954963041,0.0141525625863116,0.0538026330470644,0.115692722767955
2002,50,0,2,3,4,5,0.0,0.0010956512809388,0.0177718781966961,0.0410725461238508,0.205004632241299
2002,50,0,2,1,2,8,0.0,0.0011204210757914,0.0054204393583983,0.0159173878693819,0.178735021800448
2002,50,0,4,4,6,13,0.0,0.001107897748152,0.0113220500690493,0.0269013165235322,0.188000674497927
2002,51,0,2,3,4,4,0.0,0.0010956512809388,0.0177718781966961,0.0410725461238508,0.164003705793039
2002,51,0,4,6,5,7,0.0,0.0022408421515828,0.0325226361503901,0.0397934696734547,0.156393144075392
2002,51,0,6,9,9,11,0.0,0.001661846622228,0.0254746126553608,0.0403519747852983,0.159077493805938
2002,52,0,5,0,5,7,0.0,0.002739128202347,0.0,0.0513406826548136,0.287006485137818
2002,52,0,1,1,3,7,0.0,0.0005602105378957,0.0054204393583983,0.0238760818040728,0.156393144075392
2002,52,0,6,1,8,14,0.0,0.001661846622228,0.0028305125172623,0.0358684220313762,0.202462264843921
2003,1,0,3,2,7,4,0.0,0.0016271081576317,0.0118294336410033,0.0696545564176184,0.158508684658427
2003,1,0,1,2,11,5,0.0,0.0005545529000558,0.0108986028817797,0.0854459287409638,0.108950747719148
2003,1,0,4,4,18,9,0.0,0.0010967869636594,0.0113449570921293,0.0785229575228492,0.126533326127558
2003,2,0,2,6,4,5,0.0,0.0010847387717544,0.0354883009230098,0.0398026036672105,0.198135855823033
2003,2,0,4,2,2,14,0.0,0.0022182116002234,0.0108986028817797,0.015535623407448,0.305062093613615
2003,2,0,6,8,6,19,0.0,0.0016451804454891,0.0226899141842585,0.0261743191742831,0.267125910713734
2003,3,0,2,2,11,6,0.0,0.0010847387717544,0.0118294336410033,0.109457160084829,0.23776302698764
2003,3,0,3,3,3,10,0.0,0.0016636587001675,0.0163479043226695,0.0233034351111719,0.217901495438297
2003,3,0,5,5,14,16,0.0,0.0013709837045743,0.0141811963651616,0.0610734114066605,0.224948135337882
2003,4,0,5,6,4,3,0.0,0.0027118469293862,0.0354883009230098,0.0398026036672105,0.11888151349382
2003,4,0,1,4,6,8,0.0,0.0005545529000558,0.0217972057635593,0.0466068702223439,0.174321196350637
2003,4,0,6,10,10,11,0.0,0.0016451804454891,0.0283623927303231,0.0436238652904718,0.154651843044794
2003,5,0,6,7,9,7,0.0,0.0032542163152634,0.0414030177435114,0.0895558582512236,0.277390198152247
2003,5,0,0,3,1,4,0.0,0.0,0.0163479043226695,0.0077678117037239,0.0871605981753186
2003,5,0,6,10,10,11,0.0,0.0016451804454891,0.0283623927303231,0.0436238652904718,0.154651843044794
2003,6,0,3,5,7,7,0.0,0.0016271081576317,0.0295735841025081,0.0696545564176184,0.277390198152247
2003,6,0,4,4,3,10,0.0,0.0022182116002234,0.0217972057635593,0.0233034351111719,0.217901495438297
2003,6,0,7,9,10,17,0.0,0.001919377186404,0.0255261534572908,0.0436238652904718,0.239007393796499
2003,7,0,7,0,6,5,0.0,0.0037965857011407,0.0,0.0597039055008157,0.198135855823033
2003,7,0,4,1,7,6,0.0,0.0022182116002234,0.0054493014408898,0.0543746819260679,0.130740897262978
2003,7,0,11,1,13,11,0.0,0.0030161641500635,0.0028362392730323,0.0567110248776133,0.154651843044794
2003,8,0,3,3,3,6,0.0,0.0016271081576317,0.0177441504615049,0.0298519527504079,0.23776302698764
2003,8,0,3,1,6,6,0.0,0.0016636587001675,0.0054493014408898,0.0466068702223439,0.130740897262978
2003,8,0,6,4,9,12,0.0,0.0016451804454891,0.0113449570921293,0.0392614787614246,0.168711101503411
2003,9,0,4,2,4,3,0.0,0.0021694775435089,0.0118294336410033,0.0398026036672105,0.11888151349382
2003,9,0,1,4,6,9,0.0,0.0005545529000558,0.0217972057635593,0.0466068702223439,0.196111345894467
2003,9,0,5,6,10,12,0.0,0.0013709837045743,0.0170174356381939,0.0436238652904718,0.168711101503411
2003,10,1,4,1,3,3,0.0015460837088736,0.0021694775435089,0.0059147168205016,0.0298519527504079,0.11888151349382
2003,10,0,2,5,5,6,0.0,0.0011091058001117,0.0272465072044492,0.0388390585186199,0.130740897262978
2003,10,1,6,6,8,9,0.0007889820669706,0.0016451804454891,0.0170174356381939,0.0348990922323774,0.126533326127558
2003,11,0,2,7,6,8,0.0,0.0010847387717544,0.0414030177435114,0.0597039055008157,0.317017369316853
2003,11,0,0,1,3,6,0.0,0.0,0.0054493014408898,0.0233034351111719,0.130740897262978
2003,11,0,2,8,9,14,0.0,0.0005483934818297,0.0226899141842585,0.0392614787614246,0.196829618420646
2003,12,0,4,2,5,2,0.0,0.0021694775435089,0.0118294336410033,0.0497532545840131,0.0792543423292133
2003,12,0,2,1,4,10,0.0,0.0011091058001117,0.0054493014408898,0.0310712468148959,0.217901495438297
2003,12,0,6,3,9,12,0.0,0.0016451804454891,0.0085087178190969,0.0392614787614246,0.168711101503411
2003,13,0,4,2,3,1,0.0,0.0021694775435089,0.0118294336410033,0.0298519527504079,0.0396271711646067
2003,13,0,2,3,3,9,0.0,0.0011091058001117,0.0163479043226695,0.0233034351111719,0.196111345894467
2003,13,0,6,5,6,10,0.0,0.0016451804454891,0.0141811963651616,0.0261743191742831,0.140592584586176
2003,14,0,2,6,8,4,0.0,0.0010847387717544,0.0354883009230098,0.079605207334421,0.158508684658427
2003,14,0,4,5,9,7,0.0,0.0022182116002234,0.0272465072044492,0.0699103053335158,0.152531046806808
2003,14,0,6,11,17,11,0.0,0.0016451804454891,0.0311986320033555,0.074160570993802,0.154651843044794
2003,15,0,3,1,7,4,0.0,0.0016271081576317,0.0059147168205016,0.0696545564176184,0.158508684658427
2003,15,0,1,3,11,11,0.0,0.0005545529000558,0.0163479043226695,0.0854459287409638,0.239691644982126
2003,15,0,4,4,18,15,0.0,0.0010967869636594,0.0113449570921293,0.0785229575228492,0.210888876879264
2003,16,0,1,4,2,2,0.0,0.0005423693858772,0.0236588672820065,0.0199013018336052,0.0792543423292133
2003,16,0,2,4,8,3,0.0,0.0011091058001117,0.0217972057635593,0.0621424936297919,0.065370448631489
2003,16,0,3,8,10,5,0.0,0.0008225902227445,0.0226899141842585,0.0436238652904718,0.070296292293088
2003,17,0,1,4,8,2,0.0,0.0005423693858772,0.0236588672820065,0.079605207334421,0.0792543423292133
2003,17,0,1,0,4,9,0.0,0.0005545529000558,0.0,0.0310712468148959,0.196111345894467
2003,17,0,2,4,12,11,0.0,0.0005483934818297,0.0113449570921293,0.0523486383485661,0.154651843044794
2003,18,0,5,6,9,4,0.0,0.0027118469293862,0.0354883009230098,0.0895558582512236,0.158508684658427
2003,18,1,2,2,4,3,0.0016111869963334,0.0011091058001117,0.0108986028817797,0.0310712468148959,0.065370448631489
2003,18,1,7,8,13,7,0.0007889820669706,0.001919377186404,0.0226899141842585,0.0567110248776133,0.0984148092103232
2003,19,2,5,8,7,6,0.0030921674177472,0.0027118469293862,0.047317734564013,0.0696545564176184,0.23776302698764
2003,19,0,3,5,8,12,0.0,0.0016636587001675,0.0272465072044492,0.0621424936297919,0.261481794525956
2003,19,2,8,13,15,18,0.0015779641339413,0.0021935739273189,0.0368711105494201,0.0654357979357076,0.253066652255117
2003,20,0,2,5,5,6,0.0,0.0010847387717544,0.0295735841025081,0.0497532545840131,0.23776302698764
2003,20,1,7,6,6,9,0.0016111869963334,0.0038818703003909,0.032695808645339,0.0466068702223439,0.196111345894467
2003,20,1,9,11,11,15,0.0007889820669706,0.0024677706682337,0.0311986320033555,0.0479862518195189,0.210888876879264
2003,21,0,5,3,3,7,0.0,0.0027118469293862,0.0177441504615049,0.0298519527504079,0.277390198152247
2003,21,0,0,4,5,4,0.0,0.0,0.0217972057635593,0.0388390585186199,0.0871605981753186
2003,21,0,5,7,8,11,0.0,0.0013709837045743,0.0198536749112262,0.0348990922323774,0.154651843044794
2003,22,0,6,2,8,8,0.0,0.0032542163152634,0.0118294336410033,0.079605207334421,0.317017369316853
2003,22,0,5,2,6,10,0.0,0.0027727645002792,0.0108986028817797,0.0466068702223439,0.217901495438297
2003,22,0,11,4,14,18,0.0,0.0030161641500635,0.0113449570921293,0.0610734114066605,0.253066652255117
2003,23,1,4,3,5,5,0.0015460837088736,0.0021694775435089,0.0177441504615049,0.0497532545840131,0.198135855823033
2003,23,0,1,2,2,6,0.0,0.0005545529000558,0.0108986028817797,0.015535623407448,0.130740897262978
2003,23,1,5,5,7,11,0.0007889820669706,0.0013709837045743,0.0141811963651616,0.0305367057033302,0.154651843044794
2003,24,0,2,1,5,4,0.0,0.0010847387717544,0.0059147168205016,0.0497532545840131,0.158508684658427
2003,24,0,1,3,5,12,0.0,0.0005545529000558,0.0163479043226695,0.0388390585186199,0.261481794525956
2003,24,0,3,4,10,16,0.0,0.0008225902227445,0.0113449570921293,0.0436238652904718,0.224948135337882
2003,25,0,4,1,8,2,0.0,0.0021694775435089,0.0059147168205016,0.079605207334421,0.0792543423292133
2003,25,0,2,1,5,5,0.0,0.0011091058001117,0.0054493014408898,0.0388390585186199,0.108950747719148
2003,25,0,6,2,13,7,0.0,0.0016451804454891,0.0056724785460646,0.0567110248776133,0.0984148092103232
2003,26,0,3,4,5,6,0.0,0.0016271081576317,0.0236588672820065,0.0497532545840131,0.23776302698764
2003,26,0,3,1,3,7,0.0,0.0016636587001675,0.0054493014408898,0.0233034351111719,0.152531046806808
2003,26,0,6,5,8,13,0.0,0.0016451804454891,0.0141811963651616,0.0348990922323774,0.182770359962029
2003,27,0,3,1,7,3,0.0,0.0016271081576317,0.0059147168205016,0.0696545564176184,0.11888151349382
2003,27,0,4,2,4,8,0.0,0.0022182116002234,0.0108986028817797,0.0310712468148959,0.174321196350637
2003,27,0,7,3,11,11,0.0,0.001919377186404,0.0085087178190969,0.0479862518195189,0.154651843044794
2003,28,0,8,2,9,2,0.0,0.0043389550870179,0.0118294336410033,0.0895558582512236,0.0792543423292133
2003,28,0,1,0,7,5,0.0,0.0005545529000558,0.0,0.0543746819260679,0.108950747719148
2003,28,0,9,2,16,7,0.0,0.0024677706682337,0.0056724785460646,0.0697981844647548,0.0984148092103232
2003,29,1,5,4,3,6,0.0015460837088736,0.0027118469293862,0.0236588672820065,0.0298519527504079,0.23776302698764
2003,29,0,4,2,3,4,0.0,0.0022182116002234,0.0108986028817797,0.0233034351111719,0.0871605981753186
2003,29,1,9,6,6,10,0.0007889820669706,0.0024677706682337,0.0170174356381939,0.0261743191742831,0.140592584586176
2003,30,0,2,3,4,6,0.0,0.0010847387717544,0.0177441504615049,0.0398026036672105,0.23776302698764
2003,30,0,2,4,5,6,0.0,0.0011091058001117,0.0217972057635593,0.0388390585186199,0.130740897262978
2003,30,0,4,7,9,12,0.0,0.0010967869636594,0.0198536749112262,0.0392614787614246,0.168711101503411
2003,31,0,2,2,7,5,0.0,0.0010847387717544,0.0118294336410033,0.0696545564176184,0.198135855823033
2003,31,1,0,3,5,4,0.0016111869963334,0.0,0.0163479043226695,0.0388390585186199,0.0871605981753186
2003,31,1,2,5,12,9,0.0007889820669706,0.0005483934818297,0.0141811963651616,0.0523486383485661,0.126533326127558
2003,32,0,0,1,2,5,0.0,0.0,0.0059147168205016,0.0199013018336052,0.198135855823033
2003,32,2,1,3,9,4,0.0032223739926668,0.0005545529000558,0.0163479043226695,0.0699103053335158,0.0871605981753186
2003,32,2,1,4,11,9,0.0015779641339413,0.0002741967409148,0.0113449570921293,0.0479862518195189,0.126533326127558
2003,33,0,1,0,11,6,0.0,0.0005423693858772,0.0,0.109457160084829,0.23776302698764
2003,33,0,3,5,7,6,0.0,0.0016636587001675,0.0272465072044492,0.0543746819260679,0.130740897262978
2003,33,0,4,5,18,12,0.0,0.0010967869636594,0.0141811963651616,0.0785229575228492,0.168711101503411
2003,34,0,3,0,5,4,0.0,0.0016271081576317,0.0,0.0497532545840131,0.158508684658427
2003,34,0,2,3,3,4,0.0,0.0011091058001117,0.0163479043226695,0.0233034351111719,0.0871605981753186
2003,34,0,5,3,8,8,0.0,0.0013709837045743,0.0085087178190969,0.0348990922323774,0.112474067668941
2003,35,0,4,4,5,5,0.0,0.0021694775435089,0.0236588672820065,0.0497532545840131,0.198135855823033
2003,35,0,4,4,8,10,0.0,0.0022182116002234,0.0217972057635593,0.0621424936297919,0.217901495438297
2003,35,0,8,8,13,15,0.0,0.0021935739273189,0.0226899141842585,0.0567110248776133,0.210888876879264
2003,36,0,5,4,8,6,0.0,0.0027118469293862,0.0236588672820065,0.079605207334421,0.23776302698764
2003,36,0,5,1,4,7,0.0,0.0027727645002792,0.0054493014408898,0.0310712468148959,0.152531046806808
2003,36,0,10,5,12,13,0.0,0.0027419674091486,0.0141811963651616,0.0523486383485661,0.182770359962029
2003,37,1,2,2,7,3,0.0015460837088736,0.0010847387717544,0.0118294336410033,0.0696545564176184,0.11888151349382
2003,37,1,2,1,7,11,0.0016111869963334,0.0011091058001117,0.0054493014408898,0.0543746819260679,0.239691644982126
2003,37,2,4,3,14,14,0.0015779641339413,0.0010967869636594,0.0085087178190969,0.0610734114066605,0.196829618420646
2003,38,1,6,5,4,0,0.0015460837088736,0.0032542163152634,0.0295735841025081,0.0398026036672105,0.0
2003,38,0,1,3,10,8,0.0,0.0005545529000558,0.0163479043226695,0.0776781170372398,0.174321196350637
2003,38,1,7,8,14,8,0.0007889820669706,0.001919377186404,0.0226899141842585,0.0610734114066605,0.112474067668941
2003,39,0,4,2,5,4,0.0,0.0021694775435089,0.0118294336410033,0.0497532545840131,0.158508684658427
2003,39,1,2,2,3,7,0.0016111869963334,0.0011091058001117,0.0108986028817797,0.0233034351111719,0.152531046806808
2003,39,1,6,4,8,11,0.0007889820669706,0.0016451804454891,0.0113449570921293,0.0348990922323774,0.154651843044794
2003,40,0,2,1,5,6,0.0,0.0010847387717544,0.0059147168205016,0.0497532545840131,0.23776302698764
2003,40,0,3,2,8,8,0.0,0.0016636587001675,0.0108986028817797,0.0621424936297919,0.174321196350637
2003,40,0,5,3,13,14,0.0,0.0013709837045743,0.0085087178190969,0.0567110248776133,0.196829618420646
2003,41,1,1,2,2,3,0.0015460837088736,0.0005423693858772,0.0118294336410033,0.0199013018336052,0.11888151349382
2003,41,0,4,1,5,5,0.0,0.0022182116002234,0.0054493014408898,0.0388390585186199,0.108950747719148
2003,41,1,5,3,7,8,0.0007889820669706,0.0013709837045743,0.0085087178190969,0.0305367057033302,0.112474067668941
2003,42,0,2,5,9,8,0.0,0.0010847387717544,0.0295735841025081,0.0895558582512236,0.317017369316853
2003,42,0,4,3,5,6,0.0,0.0022182116002234,0.0163479043226695,0.0388390585186199,0.130740897262978
2003,42,0,6,8,14,14,0.0,0.0016451804454891,0.0226899141842585,0.0610734114066605,0.196829618420646
2003,43,0,2,2,6,3,0.0,0.0010847387717544,0.0118294336410033,0.0597039055008157,0.11888151349382
2003,43,0,4,0,4,1,0.0,0.0022182116002234,0.0,0.0310712468148959,0.0217901495438296
2003,43,0,6,2,10,4,0.0,0.0016451804454891,0.0056724785460646,0.0436238652904718,0.0562370338344704
2003,44,1,2,4,5,4,0.0015460837088736,0.0010847387717544,0.0236588672820065,0.0497532545840131,0.158508684658427
2003,44,0,2,2,2,8,0.0,0.0011091058001117,0.0108986028817797,0.015535623407448,0.174321196350637
2003,44,1,4,6,7,12,0.0007889820669706,0.0010967869636594,0.0170174356381939,0.0305367057033302,0.168711101503411
2003,45,0,3,6,6,5,0.0,0.0016271081576317,0.0354883009230098,0.0597039055008157,0.198135855823033
2003,45,0,3,1,2,9,0.0,0.0016636587001675,0.0054493014408898,0.015535623407448,0.196111345894467
2003,45,0,6,7,8,14,0.0,0.0016451804454891,0.0198536749112262,0.0348990922323774,0.196829618420646
2003,46,1,0,1,3,4,0.0015460837088736,0.0,0.0059147168205016,0.0298519527504079,0.158508684658427
2003,46,0,2,5,3,10,0.0,0.0011091058001117,0.0272465072044492,0.0233034351111719,0.217901495438297
2003,46,1,2,6,6,14,0.0007889820669706,0.0005483934818297,0.0170174356381939,0.0261743191742831,0.196829618420646
2003,47,0,3,6,3,7,0.0,0.0016271081576317,0.0354883009230098,0.0298519527504079,0.277390198152247
2003,47,0,1,3,4,2,0.0,0.0005545529000558,0.0163479043226695,0.0310712468148959,0.0435802990876593
2003,47,0,4,9,7,9,0.0,0.0010967869636594,0.0255261534572908,0.0305367057033302,0.126533326127558
2003,48,0,4,4,6,5,0.0,0.0021694775435089,0.0236588672820065,0.0597039055008157,0.198135855823033
2003,48,0,0,5,6,6,0.0,0.0,0.0272465072044492,0.0466068702223439,0.130740897262978
2003,48,0,4,9,12,11,0.0,0.0010967869636594,0.0255261534572908,0.0523486383485661,0.154651843044794
2003,49,0,5,2,4,6,0.0,0.0027118469293862,0.0118294336410033,0.0398026036672105,0.23776302698764
2003,49,0,1,2,3,13,0.0,0.0005545529000558,0.0108986028817797,0.0233034351111719,0.283271944069785
2003,49,0,6,4,7,19,0.0,0.0016451804454891,0.0113449570921293,0.0305367057033302,0.267125910713734
2003,50,0,3,4,10,3,0.0,0.0016271081576317,0.0236588672820065,0.0995065091680262,0.11888151349382
2003,50,0,2,2,3,8,0.0,0.0011091058001117,0.0108986028817797,0.0233034351111719,0.174321196350637
2003,50,0,5,6,13,11,0.0,0.0013709837045743,0.0170174356381939,0.0567110248776133,0.154651843044794
2003,51,1,5,3,5,4,0.0015460837088736,0.0027118469293862,0.0177441504615049,0.0497532545840131,0.158508684658427
2003,51,0,0,4,4,10,0.0,0.0,0.0217972057635593,0.0310712468148959,0.217901495438297
2003,51,1,5,7,9,14,0.0007889820669706,0.0013709837045743,0.0198536749112262,0.0392614787614246,0.196829618420646
2003,52,0,3,7,7,8,0.0,0.0016271081576317,0.0414030177435114,0.0696545564176184,0.317017369316853
2003,52,0,3,4,4,11,0.0,0.0016636587001675,0.0217972057635593,0.0310712468148959,0.239691644982126
2003,52,0,6,11,11,19,0.0,0.0016451804454891,0.0311986320033555,0.0479862518195189,0.267125910713734
2004,1,0,4,3,8,6,0.0,0.0021394171683714,0.0177173870697734,0.0770135404410729,0.231820077590444
2004,1,0,2,5,16,15,0.0,0.0010966817017155,0.0274530344923341,0.121012348902141,0.318087645014531
2004,1,0,6,8,24,21,0.0,0.0016245408383879,0.0227625532211825,0.101653673075387,0.287517802511105
2004,2,0,5,5,9,4,0.0,0.0026742714604642,0.0295289784496223,0.086640232996207,0.154546718393629
2004,2,0,3,5,5,4,0.0,0.0016450225525733,0.0274530344923341,0.037816359031919,0.0848233720038751
2004,2,0,8,10,14,8,0.0,0.0021660544511839,0.0284531915264782,0.0592979759606424,0.109530591432802
2004,3,0,6,4,7,9,0.0,0.0032091257525571,0.0236231827596978,0.0673868478859388,0.347730116385665
2004,3,0,1,7,8,8,0.0,0.0005483408508577,0.0384342482892677,0.0605061744510704,0.16964674400775
2004,3,0,7,11,15,17,0.0,0.0018952976447859,0.031298510679126,0.0635335456721169,0.232752506794704
2004,4,0,2,1,10,4,0.0,0.0010697085841857,0.0059057956899244,0.0962669255513411,0.154546718393629
2004,4,1,2,2,4,8,0.0016169587971614,0.0010966817017155,0.0109812137969336,0.0302530872255352,0.16964674400775
2004,4,1,4,3,14,12,0.0007916999707272,0.0010830272255919,0.0085359574579434,0.0592979759606424,0.164295887149203
2004,5,0,4,3,13,4,0.0,0.0021394171683714,0.0177173870697734,0.125147003216743,0.154546718393629
2004,5,0,4,4,7,4,0.0,0.0021933634034311,0.0219624275938673,0.0529429026446866,0.0848233720038751
2004,5,0,8,7,20,8,0.0,0.0021660544511839,0.0199172340685347,0.0847113942294892,0.109530591432802
2004,6,0,8,3,4,6,0.0,0.0042788343367428,0.0177173870697734,0.0385067702205365,0.231820077590444
2004,6,0,5,4,3,6,0.0,0.0027417042542889,0.0219624275938673,0.0226898154191514,0.127235058005813
2004,6,0,13,7,7,12,0.0,0.0035198384831739,0.0199172340685347,0.0296489879803212,0.164295887149203
2004,7,0,4,3,10,4,0.0,0.0021394171683714,0.0177173870697734,0.0962669255513411,0.154546718393629
2004,7,1,3,1,3,6,0.0016169587971614,0.0016450225525733,0.0054906068984668,0.0226898154191514,0.127235058005813
2004,7,1,7,4,13,10,0.0007916999707272,0.0018952976447859,0.0113812766105913,0.055062406249168,0.136913239291002
2004,8,1,1,5,5,7,0.0015512057446405,0.0005348542920928,0.0295289784496223,0.0481334627756706,0.270456757188851
2004,8,3,2,4,6,2,0.0048508763914842,0.0010966817017155,0.0219624275938673,0.0453796308383028,0.0424116860019375
2004,8,4,3,9,11,9,0.0031667998829091,0.0008122704191939,0.0256078723738303,0.0465912668262191,0.123221915361902
2004,9,0,0,3,6,5,0.0,0.0,0.0177173870697734,0.0577601553308047,0.193183397992036
2004,9,0,2,4,11,10,0.0,0.0010966817017155,0.0219624275938673,0.0831959898702218,0.212058430009688
2004,9,0,2,7,17,15,0.0,0.0005415136127959,0.0199172340685347,0.0720046850950658,0.205369858936503
2004,10,0,7,2,8,5,0.0,0.00374398004465,0.0118115913798489,0.0770135404410729,0.193183397992036
2004,10,0,4,3,10,5,0.0,0.0021933634034311,0.0164718206954005,0.075632718063838,0.106029215004844
2004,10,0,11,5,18,10,0.0,0.0029783248703779,0.0142265957632391,0.0762402548065403,0.136913239291002
2004,11,0,4,5,12,4,0.0,0.0021394171683714,0.0295289784496223,0.115520310661609,0.154546718393629
2004,11,0,4,1,2,6,0.0,0.0021933634034311,0.0054906068984668,0.0151265436127676,0.127235058005813
2004,11,0,8,6,14,10,0.0,0.0021660544511839,0.0170719149158869,0.0592979759606424,0.136913239291002
2004,12,1,4,3,6,3,0.0015512057446405,0.0021394171683714,0.0177173870697734,0.0577601553308047,0.115910038795222
2004,12,0,3,4,4,5,0.0,0.0016450225525733,0.0219624275938673,0.0302530872255352,0.106029215004844
2004,12,1,7,7,10,8,0.0007916999707272,0.0018952976447859,0.0199172340685347,0.0423556971147446,0.109530591432802
2004,13,0,3,3,8,3,0.0,0.0016045628762785,0.0177173870697734,0.0770135404410729,0.115910038795222
2004,13,0,1,1,8,12,0.0,0.0005483408508577,0.0054906068984668,0.0605061744510704,0.254470116011625
2004,13,0,4,4,16,15,0.0,0.0010830272255919,0.0113812766105913,0.0677691153835913,0.205369858936503
2004,14,0,3,1,9,5,0.0,0.0016045628762785,0.0059057956899244,0.086640232996207,0.193183397992036
2004,14,0,4,5,4,8,0.0,0.0021933634034311,0.0274530344923341,0.0302530872255352,0.16964674400775
2004,14,0,7,6,13,13,0.0,0.0018952976447859,0.0170719149158869,0.055062406249168,0.177987211078303
2004,15,0,5,5,4,9,0.0,0.0026742714604642,0.0295289784496223,0.0385067702205365,0.347730116385665
2004,15,0,2,5,5,6,0.0,0.0010966817017155,0.0274530344923341,0.037816359031919,0.127235058005813
2004,15,0,7,10,9,15,0.0,0.0018952976447859,0.0284531915264782,0.0381201274032701,0.205369858936503
2004,16,0,7,0,9,5,0.0,0.00374398004465,0.0,0.086640232996207,0.193183397992036
2004,16,0,1,1,5,7,0.0,0.0005483408508577,0.0054906068984668,0.037816359031919,0.148440901006781
2004,16,0,8,1,14,12,0.0,0.0021660544511839,0.0028453191526478,0.0592979759606424,0.164295887149203
2004,17,0,3,1,6,2,0.0,0.0016045628762785,0.0059057956899244,0.0577601553308047,0.0772733591968146
2004,17,0,2,3,6,9,0.0,0.0010966817017155,0.0164718206954005,0.0453796308383028,0.190852587008719
2004,17,0,5,4,12,11,0.0,0.0013537840319899,0.0113812766105913,0.0508268365376935,0.150604563220102
2004,18,0,4,4,3,1,0.0,0.0021394171683714,0.0236231827596978,0.0288800776654023,0.0386366795984073
2004,18,1,2,2,1,8,0.0016169587971614,0.0010966817017155,0.0109812137969336,0.0075632718063838,0.16964674400775
2004,18,1,6,6,4,9,0.0007916999707272,0.0016245408383879,0.0170719149158869,0.0169422788458978,0.123221915361902
2004,19,0,2,2,5,4,0.0,0.0010697085841857,0.0118115913798489,0.0481334627756706,0.154546718393629
2004,19,0,2,1,6,7,0.0,0.0010966817017155,0.0054906068984668,0.0453796308383028,0.148440901006781
2004,19,0,4,3,11,11,0.0,0.0010830272255919,0.0085359574579434,0.0465912668262191,0.150604563220102
2004,20,0,3,8,7,4,0.0,0.0016045628762785,0.0472463655193957,0.0673868478859388,0.154546718393629
2004,20,1,5,1,6,4,0.0016169587971614,0.0027417042542889,0.0054906068984668,0.0453796308383028,0.0848233720038751
2004,20,1,8,9,13,8,0.0007916999707272,0.0021660544511839,0.0256078723738303,0.055062406249168,0.109530591432802
2004,21,1,4,2,10,5,0.0015512057446405,0.0021394171683714,0.0118115913798489,0.0962669255513411,0.193183397992036
2004,21,0,1,1,5,4,0.0,0.0005483408508577,0.0054906068984668,0.037816359031919,0.0848233720038751
2004,21,1,5,3,15,9,0.0007916999707272,0.0013537840319899,0.0085359574579434,0.0635335456721169,0.123221915361902
2004,22,0,4,5,6,9,0.0,0.0021394171683714,0.0295289784496223,0.0577601553308047,0.347730116385665
2004,22,0,1,1,3,7,0.0,0.0005483408508577,0.0054906068984668,0.0226898154191514,0.148440901006781
2004,22,0,5,6,9,16,0.0,0.0013537840319899,0.0170719149158869,0.0381201274032701,0.219061182865603
2004,23,0,3,4,9,4,0.0,0.0016045628762785,0.0236231827596978,0.086640232996207,0.154546718393629
2004,23,1,2,4,2,8,0.0016169587971614,0.0010966817017155,0.0219624275938673,0.0151265436127676,0.16964674400775
2004,23,1,5,8,11,12,0.0007916999707272,0.0013537840319899,0.0227625532211825,0.0465912668262191,0.164295887149203
2004,24,0,4,1,3,2,0.0,0.0021394171683714,0.0059057956899244,0.0288800776654023,0.0772733591968146
2004,24,0,0,1,4,5,0.0,0.0,0.0054906068984668,0.0302530872255352,0.106029215004844
2004,24,0,4,2,7,7,0.0,0.0010830272255919,0.0056906383052956,0.0296489879803212,0.0958392675037015
2004,25,0,4,8,5,1,0.0,0.0021394171683714,0.0472463655193957,0.0481334627756706,0.0386366795984073
2004,25,0,4,1,9,6,0.0,0.0021933634034311,0.0054906068984668,0.0680694462574542,0.127235058005813
2004,25,0,8,9,14,7,0.0,0.0021660544511839,0.0256078723738303,0.0592979759606424,0.0958392675037015
2004,26,0,1,2,4,5,0.0,0.0005348542920928,0.0118115913798489,0.0385067702205365,0.193183397992036
2004,26,0,1,2,3,6,0.0,0.0005483408508577,0.0109812137969336,0.0226898154191514,0.127235058005813
2004,26,0,2,4,7,11,0.0,0.0005415136127959,0.0113812766105913,0.0296489879803212,0.150604563220102
2004,27,1,4,6,4,4,0.0015512057446405,0.0021394171683714,0.0354347741395468,0.0385067702205365,0.154546718393629
2004,27,0,2,2,5,5,0.0,0.0010966817017155,0.0109812137969336,0.037816359031919,0.106029215004844
2004,27,1,6,8,9,9,0.0007916999707272,0.0016245408383879,0.0227625532211825,0.0381201274032701,0.123221915361902
2004,28,0,7,0,6,3,0.0,0.00374398004465,0.0,0.0577601553308047,0.115910038795222
2004,28,1,2,2,3,7,0.0016169587971614,0.0010966817017155,0.0109812137969336,0.0226898154191514,0.148440901006781
2004,28,1,9,2,9,10,0.0007916999707272,0.0024368112575819,0.0056906383052956,0.0381201274032701,0.136913239291002
2004,29,0,0,1,6,6,0.0,0.0,0.0059057956899244,0.0577601553308047,0.231820077590444
2004,29,1,5,5,9,11,0.0016169587971614,0.0027417042542889,0.0274530344923341,0.0680694462574542,0.233264273010656
2004,29,1,5,6,15,17,0.0007916999707272,0.0013537840319899,0.0170719149158869,0.0635335456721169,0.232752506794704
2004,30,0,5,1,8,5,0.0,0.0026742714604642,0.0059057956899244,0.0770135404410729,0.193183397992036
2004,30,0,3,0,5,9,0.0,0.0016450225525733,0.0,0.037816359031919,0.190852587008719
2004,30,0,8,1,13,14,0.0,0.0021660544511839,0.0028453191526478,0.055062406249168,0.191678535007403
2004,31,0,5,2,8,6,0.0,0.0026742714604642,0.0118115913798489,0.0770135404410729,0.231820077590444
2004,31,0,0,2,2,2,0.0,0.0,0.0109812137969336,0.0151265436127676,0.0424116860019375
2004,31,0,5,4,10,8,0.0,0.0013537840319899,0.0113812766105913,0.0423556971147446,0.109530591432802
2004,32,1,4,2,9,6,0.0015512057446405,0.0021394171683714,0.0118115913798489,0.086640232996207,0.231820077590444
2004,32,0,3,4,5,5,0.0,0.0016450225525733,0.0219624275938673,0.037816359031919,0.106029215004844
2004,32,1,7,6,14,11,0.0007916999707272,0.0018952976447859,0.0170719149158869,0.0592979759606424,0.150604563220102
2004,33,1,4,4,4,4,0.0015512057446405,0.0021394171683714,0.0236231827596978,0.0385067702205365,0.154546718393629
2004,33,0,2,3,6,8,0.0,0.0010966817017155,0.0164718206954005,0.0453796308383028,0.16964674400775
2004,33,1,6,7,10,12,0.0007916999707272,0.0016245408383879,0.0199172340685347,0.0423556971147446,0.164295887149203
2004,34,0,4,3,8,9,0.0,0.0021394171683714,0.0177173870697734,0.0770135404410729,0.347730116385665
2004,34,0,2,2,1,3,0.0,0.0010966817017155,0.0109812137969336,0.0075632718063838,0.0636175290029063
2004,34,0,6,5,9,12,0.0,0.0016245408383879,0.0142265957632391,0.0381201274032701,0.164295887149203
2004,35,0,1,5,9,5,0.0,0.0005348542920928,0.0295289784496223,0.086640232996207,0.193183397992036
2004,35,0,2,3,6,4,0.0,0.0010966817017155,0.0164718206954005,0.0453796308383028,0.0848233720038751
2004,35,0,3,8,15,9,0.0,0.0008122704191939,0.0227625532211825,0.0635335456721169,0.123221915361902
2004,36,0,5,4,4,5,0.0,0.0026742714604642,0.0236231827596978,0.0385067702205365,0.193183397992036
2004,36,1,3,1,6,11,0.0016169587971614,0.0016450225525733,0.0054906068984668,0.0453796308383028,0.233264273010656
2004,36,1,8,5,10,16,0.0007916999707272,0.0021660544511839,0.0142265957632391,0.0423556971147446,0.219061182865603
2004,37,0,6,7,8,4,0.0,0.0032091257525571,0.0413405698294712,0.0770135404410729,0.154546718393629
2004,37,0,0,4,7,4,0.0,0.0,0.0219624275938673,0.0529429026446866,0.0848233720038751
2004,37,0,6,11,15,8,0.0,0.0016245408383879,0.031298510679126,0.0635335456721169,0.109530591432802
2004,38,0,3,2,3,5,0.0,0.0016045628762785,0.0118115913798489,0.0288800776654023,0.193183397992036
2004,38,0,2,1,3,6,0.0,0.0010966817017155,0.0054906068984668,0.0226898154191514,0.127235058005813
2004,38,0,5,3,6,11,0.0,0.0013537840319899,0.0085359574579434,0.0254134182688468,0.150604563220102
2004,39,0,2,4,3,5,0.0,0.0010697085841857,0.0236231827596978,0.0288800776654023,0.193183397992036
2004,39,0,3,3,5,1,0.0,0.0016450225525733,0.0164718206954005,0.037816359031919,0.0212058430009688
2004,39,0,5,7,8,6,0.0,0.0013537840319899,0.0199172340685347,0.0338845576917957,0.0821479435746013
2004,40,0,2,1,7,6,0.0,0.0010697085841857,0.0059057956899244,0.0673868478859388,0.231820077590444
2004,40,0,0,2,3,8,0.0,0.0,0.0109812137969336,0.0226898154191514,0.16964674400775
2004,40,0,2,3,10,14,0.0,0.0005415136127959,0.0085359574579434,0.0423556971147446,0.191678535007403
2004,41,0,5,5,5,2,0.0,0.0026742714604642,0.0295289784496223,0.0481334627756706,0.0772733591968146
2004,41,1,3,2,2,3,0.0016169587971614,0.0016450225525733,0.0109812137969336,0.0151265436127676,0.0636175290029063
2004,41,1,8,7,7,5,0.0007916999707272,0.0021660544511839,0.0199172340685347,0.0296489879803212,0.0684566196455011
2004,42,0,3,2,4,8,0.0,0.0016045628762785,0.0118115913798489,0.0385067702205365,0.309093436787258
2004,42,0,3,1,6,5,0.0,0.0016450225525733,0.0054906068984668,0.0453796308383028,0.106029215004844
2004,42,0,6,3,10,13,0.0,0.0016245408383879,0.0085359574579434,0.0423556971147446,0.177987211078303
2004,43,0,2,3,7,3,0.0,0.0010697085841857,0.0177173870697734,0.0673868478859388,0.115910038795222
2004,43,0,0,3,5,8,0.0,0.0,0.0164718206954005,0.037816359031919,0.16964674400775
2004,43,0,2,6,12,11,0.0,0.0005415136127959,0.0170719149158869,0.0508268365376935,0.150604563220102
2004,44,0,3,1,2,2,0.0,0.0016045628762785,0.0059057956899244,0.0192533851102682,0.0772733591968146
2004,44,0,3,2,6,4,0.0,0.0016450225525733,0.0109812137969336,0.0453796308383028,0.0848233720038751
2004,44,0,6,3,8,6,0.0,0.0016245408383879,0.0085359574579434,0.0338845576917957,0.0821479435746013
2004,45,0,4,3,9,10,0.0,0.0021394171683714,0.0177173870697734,0.086640232996207,0.386366795984073
2004,45,0,3,3,6,7,0.0,0.0016450225525733,0.0164718206954005,0.0453796308383028,0.148440901006781
2004,45,0,7,6,15,17,0.0,0.0018952976447859,0.0170719149158869,0.0635335456721169,0.232752506794704
2004,46,0,4,1,7,6,0.0,0.0021394171683714,0.0059057956899244,0.0673868478859388,0.231820077590444
2004,46,0,3,1,3,5,0.0,0.0016450225525733,0.0054906068984668,0.0226898154191514,0.106029215004844
2004,46,0,7,2,10,11,0.0,0.0018952976447859,0.0056906383052956,0.0423556971147446,0.150604563220102
2004,47,0,4,1,7,6,0.0,0.0021394171683714,0.0059057956899244,0.0673868478859388,0.231820077590444
2004,47,0,1,3,1,2,0.0,0.0005483408508577,0.0164718206954005,0.0075632718063838,0.0424116860019375
2004,47,0,5,4,8,8,0.0,0.0013537840319899,0.0113812766105913,0.0338845576917957,0.109530591432802
2004,48,1,6,4,3,2,0.0015512057446405,0.0032091257525571,0.0236231827596978,0.0288800776654023,0.0772733591968146
2004,48,0,5,4,5,12,0.0,0.0027417042542889,0.0219624275938673,0.037816359031919,0.254470116011625
2004,48,1,11,8,8,14,0.0007916999707272,0.0029783248703779,0.0227625532211825,0.0338845576917957,0.191678535007403
2004,49,1,6,5,8,4,0.0015512057446405,0.0032091257525571,0.0295289784496223,0.0770135404410729,0.154546718393629
2004,49,0,2,0,6,3,0.0,0.0010966817017155,0.0,0.0453796308383028,0.0636175290029063
2004,49,1,8,5,14,7,0.0007916999707272,0.0021660544511839,0.0142265957632391,0.0592979759606424,0.0958392675037015
2004,50,0,5,2,5,6,0.0,0.0026742714604642,0.0118115913798489,0.0481334627756706,0.231820077590444
2004,50,0,2,2,3,6,0.0,0.0010966817017155,0.0109812137969336,0.0226898154191514,0.127235058005813
2004,50,0,7,4,8,12,0.0,0.0018952976447859,0.0113812766105913,0.0338845576917957,0.164295887149203
2004,51,0,2,4,1,4,0.0,0.0010697085841857,0.0236231827596978,0.0096266925551341,0.154546718393629
2004,51,0,0,3,7,11,0.0,0.0,0.0164718206954005,0.0529429026446866,0.233264273010656
2004,51,0,2,7,8,15,0.0,0.0005415136127959,0.0199172340685347,0.0338845576917957,0.205369858936503
2004,52,0,2,3,2,6,0.0,0.0010697085841857,0.0177173870697734,0.0192533851102682,0.231820077590444
2004,52,0,4,3,6,4,0.0,0.0021933634034311,0.0164718206954005,0.0453796308383028,0.0848233720038751
2004,52,0,6,6,8,10,0.0,0.0016245408383879,0.0170719149158869,0.0338845576917957,0.136913239291002
2004,53,0,7,4,11,8,0.0,0.00374398004465,0.0236231827596978,0.105893618106475,0.309093436787258
2004,53,0,2,6,4,8,0.0,0.0010966817017155,0.0329436413908009,0.0302530872255352,0.16964674400775
2004,53,0,9,10,15,16,0.0,0.0024368112575819,0.0284531915264782,0.0635335456721169,0.219061182865603
2005,1,1,2,3,11,6,0.0015576193986414,0.0010396587312907,0.0177768375783203,0.102813613804374,0.22037941414977
2005,1,2,3,0,8,5,0.0032492521250708,0.0016169436746803,0.0,0.0587422117247105,0.102150454811846
2005,1,3,5,3,19,11,0.0023856259060617,0.0013230802125267,0.008575747630056,0.0781320713528158,0.144407779442897
2005,2,0,2,3,4,7,0.0,0.0010396587312907,0.0177768375783203,0.037386768656136,0.257109316508065
2005,2,0,0,5,7,13,0.0,0.0,0.0276144227820405,0.0513994352591217,0.265591182510799
2005,2,0,2,8,11,20,0.0,0.0005292320850106,0.0228686603468161,0.0452343570989986,0.262559598987086
2005,3,0,6,4,10,4,0.0,0.0031189761938722,0.0237024501044271,0.0934669216403399,0.14691960943318
2005,3,0,3,3,3,8,0.0,0.0016169436746803,0.0165686536692243,0.0220283293967664,0.163440727698953
2005,3,0,9,7,13,12,0.0,0.002381544382548,0.0200100778034641,0.0534587856624529,0.157535759392251
2005,4,1,3,5,8,3,0.0015576193986414,0.0015594880969361,0.0296280626305339,0.0747735373122719,0.110189707074885
2005,4,0,3,4,10,11,0.0,0.0016169436746803,0.0220915382256324,0.0734277646558881,0.22473100058606
2005,4,1,6,9,18,14,0.0007952086353539,0.001587696255032,0.0257272428901682,0.0740198570710887,0.18379171929096
2005,5,0,4,3,10,6,0.0,0.0020793174625814,0.0177768375783203,0.0934669216403399,0.22037941414977
2005,5,0,1,3,9,21,0.0,0.0005389812248934,0.0165686536692243,0.0660849881902993,0.429031910209752
2005,5,0,5,6,19,27,0.0,0.0013230802125267,0.0171514952601121,0.0781320713528158,0.354455458632566
2005,6,1,2,7,6,7,0.0015576193986414,0.0010396587312907,0.0414792876827475,0.0560801529842039,0.257109316508065
2005,6,0,0,4,10,17,0.0,0.0,0.0220915382256324,0.0734277646558881,0.347311546360275
2005,6,1,2,11,16,24,0.0007952086353539,0.0005292320850106,0.0314444079768722,0.0657954285076344,0.315071518784503
2005,7,0,6,5,12,6,0.0,0.0031189761938722,0.0296280626305339,0.112160305968408,0.22037941414977
2005,7,0,2,2,3,10,0.0,0.0010779624497869,0.0110457691128162,0.0220283293967664,0.204300909623691
2005,7,0,8,7,15,16,0.0,0.0021169283400427,0.0200100778034641,0.0616832142259072,0.210047679189669
2005,8,0,1,3,8,5,0.0,0.0005198293656453,0.0177768375783203,0.0747735373122719,0.183649511791475
2005,8,0,5,1,6,8,0.0,0.0026949061244672,0.0055228845564081,0.0440566587935329,0.163440727698953
2005,8,0,6,4,14,13,0.0,0.001587696255032,0.0114343301734081,0.0575709999441801,0.170663739341606
2005,9,0,5,3,7,5,0.0,0.0025991468282268,0.0177768375783203,0.0654268451482379,0.183649511791475
2005,9,0,3,3,6,10,0.0,0.0016169436746803,0.0165686536692243,0.0440566587935329,0.204300909623691
2005,9,0,8,6,13,15,0.0,0.0021169283400427,0.0171514952601121,0.0534587856624529,0.196919699240314
2005,10,0,2,5,5,4,0.0,0.0010396587312907,0.0296280626305339,0.0467334608201699,0.14691960943318
2005,10,0,2,1,6,5,0.0,0.0010779624497869,0.0055228845564081,0.0440566587935329,0.102150454811846
2005,10,0,4,6,11,9,0.0,0.0010584641700213,0.0171514952601121,0.0452343570989986,0.118151819544189
2005,11,0,2,3,7,4,0.0,0.0010396587312907,0.0177768375783203,0.0654268451482379,0.14691960943318
2005,11,0,0,0,11,3,0.0,0.0,0.0,0.0807705411214769,0.0612902728871074
2005,11,0,2,3,18,7,0.0,0.0005292320850106,0.008575747630056,0.0740198570710887,0.09189585964548
2005,12,0,4,4,6,6,0.0,0.0020793174625814,0.0237024501044271,0.0560801529842039,0.22037941414977
2005,12,0,1,2,7,14,0.0,0.0005389812248934,0.0110457691128162,0.0513994352591217,0.286021273473168
2005,12,0,5,6,13,20,0.0,0.0013230802125267,0.0171514952601121,0.0534587856624529,0.262559598987086
2005,13,0,2,2,7,4,0.0,0.0010396587312907,0.0118512250522136,0.0654268451482379,0.14691960943318
2005,13,0,3,1,0,7,0.0,0.0016169436746803,0.0055228845564081,0.0,0.143010636736584
2005,13,0,5,3,7,11,0.0,0.0013230802125267,0.008575747630056,0.02878549997209,0.144407779442897
2005,14,0,4,5,6,2,0.0,0.0020793174625814,0.0296280626305339,0.0560801529842039,0.0734598047165901
2005,14,0,4,2,8,8,0.0,0.0021559248995737,0.0110457691128162,0.0587422117247105,0.163440727698953
2005,14,0,8,7,14,10,0.0,0.0021169283400427,0.0200100778034641,0.0575709999441801,0.131279799493543
2005,15,0,3,2,4,4,0.0,0.0015594880969361,0.0118512250522136,0.037386768656136,0.14691960943318
2005,15,1,0,0,5,11,0.0016246260625354,0.0,0.0,0.0367138823279441,0.22473100058606
2005,15,1,3,2,9,15,0.0007952086353539,0.000793848127516,0.005717165086704,0.0370099285355443,0.196919699240314
2005,16,0,3,4,6,7,0.0,0.0015594880969361,0.0237024501044271,0.0560801529842039,0.257109316508065
2005,16,0,4,0,7,3,0.0,0.0021559248995737,0.0,0.0513994352591217,0.0612902728871074
2005,16,0,7,4,13,10,0.0,0.0018523122975373,0.0114343301734081,0.0534587856624529,0.131279799493543
2005,17,0,3,3,5,3,0.0,0.0015594880969361,0.0177768375783203,0.0467334608201699,0.110189707074885
2005,17,1,4,1,4,4,0.0016246260625354,0.0021559248995737,0.0055228845564081,0.0293711058623552,0.0817203638494765
2005,17,1,7,4,9,7,0.0007952086353539,0.0018523122975373,0.0114343301734081,0.0370099285355443,0.09189585964548
2005,18,0,10,4,5,0,0.0,0.0051982936564536,0.0237024501044271,0.0467334608201699,0.0
2005,18,0,3,0,5,7,0.0,0.0016169436746803,0.0,0.0367138823279441,0.143010636736584
2005,18,0,13,4,10,7,0.0,0.0034400085525694,0.0114343301734081,0.0411221428172715,0.09189585964548
2005,19,0,3,4,3,4,0.0,0.0015594880969361,0.0237024501044271,0.028040076492102,0.14691960943318
2005,19,1,4,2,5,5,0.0016246260625354,0.0021559248995737,0.0110457691128162,0.0367138823279441,0.102150454811846
2005,19,1,7,6,8,9,0.0007952086353539,0.0018523122975373,0.0171514952601121,0.0328977142538172,0.118151819544189
2005,20,0,6,4,3,4,0.0,0.0031189761938722,0.0237024501044271,0.028040076492102,0.14691960943318
2005,20,0,0,2,5,8,0.0,0.0,0.0110457691128162,0.0367138823279441,0.163440727698953
2005,20,0,6,6,8,12,0.0,0.001587696255032,0.0171514952601121,0.0328977142538172,0.157535759392251
2005,21,0,5,4,7,4,0.0,0.0025991468282268,0.0237024501044271,0.0654268451482379,0.14691960943318
2005,21,0,2,1,8,9,0.0,0.0010779624497869,0.0055228845564081,0.0587422117247105,0.183870818661322
2005,21,0,7,5,15,13,0.0,0.0018523122975373,0.0142929127167601,0.0616832142259072,0.170663739341606
2005,22,1,1,2,4,9,0.0015576193986414,0.0005198293656453,0.0118512250522136,0.037386768656136,0.330569121224655
2005,22,0,3,3,7,3,0.0,0.0016169436746803,0.0165686536692243,0.0513994352591217,0.0612902728871074
2005,22,1,4,5,11,12,0.0007952086353539,0.0010584641700213,0.0142929127167601,0.0452343570989986,0.157535759392251
2005,23,0,1,1,5,2,0.0,0.0005198293656453,0.0059256125261067,0.0467334608201699,0.0734598047165901
2005,23,0,1,2,5,8,0.0,0.0005389812248934,0.0110457691128162,0.0367138823279441,0.163440727698953
2005,23,0,2,3,10,10,0.0,0.0005292320850106,0.008575747630056,0.0411221428172715,0.131279799493543
2005,24,0,8,3,7,6,0.0,0.0041586349251629,0.0177768375783203,0.0654268451482379,0.22037941414977
2005,24,0,5,6,3,4,0.0,0.0026949061244672,0.0331373073384486,0.0220283293967664,0.0817203638494765
2005,24,0,13,9,10,10,0.0,0.0034400085525694,0.0257272428901682,0.0411221428172715,0.131279799493543
2005,25,0,3,3,8,3,0.0,0.0015594880969361,0.0177768375783203,0.0747735373122719,0.110189707074885
2005,25,0,2,2,4,4,0.0,0.0010779624497869,0.0110457691128162,0.0293711058623552,0.0817203638494765
2005,25,0,5,5,12,7,0.0,0.0013230802125267,0.0142929127167601,0.0493465713807258,0.09189585964548
2005,26,1,4,3,3,3,0.0015576193986414,0.0020793174625814,0.0177768375783203,0.028040076492102,0.110189707074885
2005,26,0,1,0,5,5,0.0,0.0005389812248934,0.0,0.0367138823279441,0.102150454811846
2005,26,1,5,3,8,8,0.0007952086353539,0.0013230802125267,0.008575747630056,0.0328977142538172,0.105023839594834
2005,27,0,11,2,9,2,0.0,0.005718123022099,0.0118512250522136,0.0841202294763059,0.0734598047165901
2005,27,0,3,1,3,11,0.0,0.0016169436746803,0.0055228845564081,0.0220283293967664,0.22473100058606
2005,27,0,14,3,12,13,0.0,0.0037046245950747,0.008575747630056,0.0493465713807258,0.170663739341606
2005,28,0,1,2,8,6,0.0,0.0005198293656453,0.0118512250522136,0.0747735373122719,0.22037941414977
2005,28,0,2,2,1,7,0.0,0.0010779624497869,0.0110457691128162,0.0073427764655888,0.143010636736584
2005,28,0,3,4,9,13,0.0,0.000793848127516,0.0114343301734081,0.0370099285355443,0.170663739341606
2005,29,0,5,1,5,1,0.0,0.0025991468282268,0.0059256125261067,0.0467334608201699,0.036729902358295
2005,29,0,0,3,8,5,0.0,0.0,0.0165686536692243,0.0587422117247105,0.102150454811846
2005,29,0,5,4,13,6,0.0,0.0013230802125267,0.0114343301734081,0.0534587856624529,0.0787678796961257
2005,30,0,2,4,5,5,0.0,0.0010396587312907,0.0237024501044271,0.0467334608201699,0.183649511791475
2005,30,0,2,1,4,7,0.0,0.0010779624497869,0.0055228845564081,0.0293711058623552,0.143010636736584
2005,30,0,4,5,9,12,0.0,0.0010584641700213,0.0142929127167601,0.0370099285355443,0.157535759392251
2005,31,0,3,6,2,7,0.0,0.0015594880969361,0.0355536751566407,0.018693384328068,0.257109316508065
2005,31,0,1,1,1,3,0.0,0.0005389812248934,0.0055228845564081,0.0073427764655888,0.0612902728871074
2005,31,0,4,7,3,10,0.0,0.0010584641700213,0.0200100778034641,0.0123366428451814,0.131279799493543
2005,32,0,2,4,4,5,0.0,0.0010396587312907,0.0237024501044271,0.037386768656136,0.183649511791475
2005,32,0,1,1,6,0,0.0,0.0005389812248934,0.0055228845564081,0.0440566587935329,0.0
2005,32,0,3,5,10,5,0.0,0.000793848127516,0.0142929127167601,0.0411221428172715,0.0656398997467714
2005,33,0,7,3,7,3,0.0,0.0036388055595175,0.0177768375783203,0.0654268451482379,0.110189707074885
2005,33,0,2,3,6,6,0.0,0.0010779624497869,0.0165686536692243,0.0440566587935329,0.122580545774215
2005,33,0,9,6,13,9,0.0,0.002381544382548,0.0171514952601121,0.0534587856624529,0.118151819544189
2005,34,0,2,1,1,1,0.0,0.0010396587312907,0.0059256125261067,0.0093466921640339,0.036729902358295
2005,34,1,6,6,6,4,0.0016246260625354,0.0032338873493606,0.0331373073384486,0.0440566587935329,0.0817203638494765
2005,34,1,8,7,7,5,0.0007952086353539,0.0021169283400427,0.0200100778034641,0.02878549997209,0.0656398997467714
2005,35,1,3,2,10,3,0.0015576193986414,0.0015594880969361,0.0118512250522136,0.0934669216403399,0.110189707074885
2005,35,0,1,2,3,8,0.0,0.0005389812248934,0.0110457691128162,0.0220283293967664,0.163440727698953
2005,35,1,4,4,13,11,0.0007952086353539,0.0010584641700213,0.0114343301734081,0.0534587856624529,0.144407779442897
2005,36,0,6,6,10,4,0.0,0.0031189761938722,0.0355536751566407,0.0934669216403399,0.14691960943318
2005,36,0,1,0,7,9,0.0,0.0005389812248934,0.0,0.0513994352591217,0.183870818661322
2005,36,0,7,6,17,13,0.0,0.0018523122975373,0.0171514952601121,0.0699076427893615,0.170663739341606
2005,37,0,6,2,7,7,0.0,0.0031189761938722,0.0118512250522136,0.0654268451482379,0.257109316508065
2005,37,0,3,3,4,8,0.0,0.0016169436746803,0.0165686536692243,0.0293711058623552,0.163440727698953
2005,37,0,9,5,11,15,0.0,0.002381544382548,0.0142929127167601,0.0452343570989986,0.196919699240314
2005,38,0,3,4,5,3,0.0,0.0015594880969361,0.0237024501044271,0.0467334608201699,0.110189707074885
2005,38,0,4,3,6,3,0.0,0.0021559248995737,0.0165686536692243,0.0440566587935329,0.0612902728871074
2005,38,0,7,7,11,6,0.0,0.0018523122975373,0.0200100778034641,0.0452343570989986,0.0787678796961257
2005,39,0,8,5,7,5,0.0,0.0041586349251629,0.0296280626305339,0.0654268451482379,0.183649511791475
2005,39,0,1,2,8,6,0.0,0.0005389812248934,0.0110457691128162,0.0587422117247105,0.122580545774215
2005,39,0,9,7,15,11,0.0,0.002381544382548,0.0200100778034641,0.0616832142259072,0.144407779442897
2005,40,1,3,1,8,5,0.0015576193986414,0.0015594880969361,0.0059256125261067,0.0747735373122719,0.183649511791475
2005,40,0,0,1,6,6,0.0,0.0,0.0055228845564081,0.0440566587935329,0.122580545774215
2005,40,1,3,2,14,11,0.0007952086353539,0.000793848127516,0.005717165086704,0.0575709999441801,0.144407779442897
2005,41,0,3,1,4,4,0.0,0.0015594880969361,0.0059256125261067,0.037386768656136,0.14691960943318
2005,41,0,3,1,3,4,0.0,0.0016169436746803,0.0055228845564081,0.0220283293967664,0.0817203638494765
2005,41,0,6,2,7,8,0.0,0.001587696255032,0.005717165086704,0.02878549997209,0.105023839594834
2005,42,0,5,2,5,3,0.0,0.0025991468282268,0.0118512250522136,0.0467334608201699,0.110189707074885
2005,42,0,2,2,5,11,0.0,0.0010779624497869,0.0110457691128162,0.0367138823279441,0.22473100058606
2005,42,0,7,4,10,14,0.0,0.0018523122975373,0.0114343301734081,0.0411221428172715,0.18379171929096
2005,43,0,6,1,6,6,0.0,0.0031189761938722,0.0059256125261067,0.0560801529842039,0.22037941414977
2005,43,0,3,1,5,5,0.0,0.0016169436746803,0.0055228845564081,0.0367138823279441,0.102150454811846
2005,43,0,9,2,11,11,0.0,0.002381544382548,0.005717165086704,0.0452343570989986,0.144407779442897
2005,44,0,2,3,11,5,0.0,0.0010396587312907,0.0177768375783203,0.102813613804374,0.183649511791475
2005,44,0,1,3,4,5,0.0,0.0005389812248934,0.0165686536692243,0.0293711058623552,0.102150454811846
2005,44,0,3,6,15,10,0.0,0.000793848127516,0.0171514952601121,0.0616832142259072,0.131279799493543
2005,45,0,3,5,2,1,0.0,0.0015594880969361,0.0296280626305339,0.018693384328068,0.036729902358295
2005,45,0,3,2,8,8,0.0,0.0016169436746803,0.0110457691128162,0.0587422117247105,0.163440727698953
2005,45,0,6,7,10,9,0.0,0.001587696255032,0.0200100778034641,0.0411221428172715,0.118151819544189
2005,46,1,8,2,8,7,0.0015576193986414,0.0041586349251629,0.0118512250522136,0.0747735373122719,0.257109316508065
2005,46,0,2,5,14,6,0.0,0.0010779624497869,0.0276144227820405,0.102798870518243,0.122580545774215
2005,46,1,10,7,22,13,0.0007952086353539,0.0026461604250534,0.0200100778034641,0.0904687141979973,0.170663739341606
2005,47,0,0,2,6,4,0.0,0.0,0.0118512250522136,0.0560801529842039,0.14691960943318
2005,47,1,1,3,6,6,0.0016246260625354,0.0005389812248934,0.0165686536692243,0.0440566587935329,0.122580545774215
2005,47,1,1,5,12,10,0.0007952086353539,0.0002646160425053,0.0142929127167601,0.0493465713807258,0.131279799493543
2005,48,0,4,4,7,6,0.0,0.0020793174625814,0.0237024501044271,0.0654268451482379,0.22037941414977
2005,48,0,0,4,4,3,0.0,0.0,0.0220915382256324,0.0293711058623552,0.0612902728871074
2005,48,0,4,8,11,9,0.0,0.0010584641700213,0.0228686603468161,0.0452343570989986,0.118151819544189
2005,49,0,6,1,11,7,0.0,0.0031189761938722,0.0059256125261067,0.102813613804374,0.257109316508065
2005,49,0,2,5,2,3,0.0,0.0010779624497869,0.0276144227820405,0.0146855529311776,0.0612902728871074
2005,49,0,8,6,13,10,0.0,0.0021169283400427,0.0171514952601121,0.0534587856624529,0.131279799493543
2005,50,0,3,3,4,4,0.0,0.0015594880969361,0.0177768375783203,0.037386768656136,0.14691960943318
2005,50,0,4,4,3,9,0.0,0.0021559248995737,0.0220915382256324,0.0220283293967664,0.183870818661322
2005,50,0,7,7,7,13,0.0,0.0018523122975373,0.0200100778034641,0.02878549997209,0.170663739341606
2005,51,0,3,3,7,4,0.0,0.0015594880969361,0.0177768375783203,0.0654268451482379,0.14691960943318
2005,51,0,4,3,4,4,0.0,0.0021559248995737,0.0165686536692243,0.0293711058623552,0.0817203638494765
2005,51,0,7,6,11,8,0.0,0.0018523122975373,0.0171514952601121,0.0452343570989986,0.105023839594834
2005,52,0,3,2,2,6,0.0,0.0015594880969361,0.0118512250522136,0.018693384328068,0.22037941414977
2005,52,0,5,0,5,8,0.0,0.0026949061244672,0.0,0.0367138823279441,0.163440727698953
2005,52,0,8,2,7,14,0.0,0.0021169283400427,0.005717165086704,0.02878549997209,0.18379171929096
2006,1,0,4,5,4,8,0.0,0.001989039818768,0.0297634567167163,0.0361184806515022,0.277863607744519
2006,1,0,1,1,4,5,0.0,0.0005275737572423,0.0055473518981964,0.028566118578191,0.0979542645146042
2006,1,0,5,6,8,13,0.0,0.0012799213158584,0.0172286344995264,0.031901405077618,0.162835168058269
2006,2,1,6,3,5,4,0.0015600983821545,0.0029835597281521,0.0178580740300298,0.0451481008143778,0.13893180387226
2006,2,1,3,1,5,7,0.0016241646768663,0.001582721271727,0.0055473518981964,0.0357076482227388,0.137135970320446
2006,2,2,9,4,10,11,0.0015914870334304,0.0023038583685452,0.0114857563330176,0.0398767563470225,0.137783603741612
2006,3,0,2,6,5,4,0.0,0.000994519909384,0.0357161480600595,0.0451481008143778,0.13893180387226
2006,3,0,4,1,5,7,0.0,0.0021102950289693,0.0055473518981964,0.0357076482227388,0.137135970320446
2006,3,0,6,7,10,11,0.0,0.0015359055790301,0.0201000735827808,0.0398767563470225,0.137783603741612
2006,4,1,3,2,8,8,0.0015600983821545,0.001491779864076,0.0119053826866865,0.0722369613030044,0.277863607744519
2006,4,0,2,2,4,10,0.0,0.0010551475144846,0.0110947037963929,0.028566118578191,0.195908529029208
2006,4,1,5,4,12,18,0.0007957435167152,0.0012799213158584,0.0114857563330176,0.047852107616427,0.22546407884991
2006,5,0,4,3,1,7,0.0,0.001989039818768,0.0178580740300298,0.0090296201628755,0.243130656776455
2006,5,0,2,7,7,3,0.0,0.0010551475144846,0.038831463287375,0.0499907075118343,0.0587725587087625
2006,5,0,6,10,8,10,0.0,0.0015359055790301,0.028714390832544,0.031901405077618,0.125257821583283
2006,6,0,5,6,1,4,0.0,0.0024862997734601,0.0357161480600595,0.0090296201628755,0.13893180387226
2006,6,0,2,0,1,6,0.0,0.0010551475144846,0.0,0.0071415296445477,0.117545117417525
2006,6,0,7,6,2,10,0.0,0.0017918898422018,0.0172286344995264,0.0079753512694044,0.125257821583283
2006,7,0,0,4,3,5,0.0,0.0,0.023810765373373,0.0270888604886267,0.173664754840325
2006,7,0,3,1,7,7,0.0,0.001582721271727,0.0055473518981964,0.0499907075118343,0.137135970320446
2006,7,0,3,5,10,12,0.0,0.000767952789515,0.014357195416272,0.0398767563470225,0.15030938589994
2006,8,1,3,6,6,7,0.0015600983821545,0.001491779864076,0.0357161480600595,0.0541777209772533,0.243130656776455
2006,8,0,2,2,5,7,0.0,0.0010551475144846,0.0110947037963929,0.0357076482227388,0.137135970320446
2006,8,1,5,8,11,14,0.0007957435167152,0.0012799213158584,0.0229715126660352,0.0438644319817247,0.175360950216597
2006,9,0,5,4,4,3,0.0,0.0024862997734601,0.023810765373373,0.0361184806515022,0.104198852904195
2006,9,0,7,6,4,7,0.0,0.0036930163006964,0.0332841113891786,0.028566118578191,0.137135970320446
2006,9,0,12,10,8,10,0.0,0.0030718111580603,0.028714390832544,0.031901405077618,0.125257821583283
2006,10,0,3,2,6,4,0.0,0.001491779864076,0.0119053826866865,0.0541777209772533,0.13893180387226
2006,10,0,2,5,5,4,0.0,0.0010551475144846,0.0277367594909822,0.0357076482227388,0.0783634116116833
2006,10,0,5,7,11,8,0.0,0.0012799213158584,0.0201000735827808,0.0438644319817247,0.100206257266627
2006,11,0,7,4,5,6,0.0,0.0034808196828441,0.023810765373373,0.0451481008143778,0.20839770580839
2006,11,0,1,1,7,11,0.0,0.0005275737572423,0.0055473518981964,0.0499907075118343,0.215499381932129
2006,11,0,8,5,12,17,0.0,0.0020478741053735,0.014357195416272,0.047852107616427,0.212938296691582
2006,12,0,7,4,5,4,0.0,0.0034808196828441,0.023810765373373,0.0451481008143778,0.13893180387226
2006,12,0,3,0,3,10,0.0,0.001582721271727,0.0,0.0214245889336433,0.195908529029208
2006,12,0,10,4,8,14,0.0,0.0025598426317169,0.0114857563330176,0.031901405077618,0.175360950216597
2006,13,0,12,2,10,7,0.0,0.0059671194563042,0.0119053826866865,0.0902962016287555,0.243130656776455
2006,13,0,1,0,1,7,0.0,0.0005275737572423,0.0,0.0071415296445477,0.137135970320446
2006,13,0,13,2,11,14,0.0,0.0033277954212319,0.0057428781665088,0.0438644319817247,0.175360950216597
2006,14,0,2,4,8,7,0.0,0.000994519909384,0.023810765373373,0.0722369613030044,0.243130656776455
2006,14,0,1,3,4,11,0.0,0.0005275737572423,0.0166420556945893,0.028566118578191,0.215499381932129
2006,14,0,3,7,12,18,0.0,0.000767952789515,0.0201000735827808,0.047852107616427,0.22546407884991
2006,15,0,3,2,7,5,0.0,0.001491779864076,0.0119053826866865,0.0632073411401289,0.173664754840325
2006,15,0,3,6,5,8,0.0,0.001582721271727,0.0332841113891786,0.0357076482227388,0.156726823223367
2006,15,0,6,8,12,13,0.0,0.0015359055790301,0.0229715126660352,0.047852107616427,0.162835168058269
2006,16,0,5,3,2,6,0.0,0.0024862997734601,0.0178580740300298,0.0180592403257511,0.20839770580839
2006,16,0,2,2,12,9,0.0,0.0010551475144846,0.0110947037963929,0.085698355734573,0.176317676126288
2006,16,0,7,5,14,15,0.0,0.0017918898422018,0.014357195416272,0.0558274588858315,0.187886732374925
2006,17,1,5,6,2,9,0.0015600983821545,0.0024862997734601,0.0357161480600595,0.0180592403257511,0.312596558712584
2006,17,0,0,3,8,7,0.0,0.0,0.0166420556945893,0.057132237156382,0.137135970320446
2006,17,1,5,9,10,16,0.0007957435167152,0.0012799213158584,0.0258429517492896,0.0398767563470225,0.200412514533254
2006,18,1,7,7,6,7,0.0015600983821545,0.0034808196828441,0.0416688394034028,0.0541777209772533,0.243130656776455
2006,18,1,6,3,5,10,0.0016241646768663,0.003165442543454,0.0166420556945893,0.0357076482227388,0.195908529029208
2006,18,2,13,10,11,17,0.0015914870334304,0.0033277954212319,0.028714390832544,0.0438644319817247,0.212938296691582
2006,19,0,3,3,4,2,0.0,0.001491779864076,0.0178580740300298,0.0361184806515022,0.0694659019361299
2006,19,0,2,3,6,10,0.0,0.0010551475144846,0.0166420556945893,0.0428491778672865,0.195908529029208
2006,19,0,5,6,10,12,0.0,0.0012799213158584,0.0172286344995264,0.0398767563470225,0.15030938589994
2006,20,1,9,5,6,1,0.0015600983821545,0.0044753395922281,0.0297634567167163,0.0541777209772533,0.0347329509680649
2006,20,0,3,4,7,5,0.0,0.001582721271727,0.0221894075927857,0.0499907075118343,0.0979542645146042
2006,20,1,12,9,13,6,0.0007957435167152,0.0030718111580603,0.0258429517492896,0.0518397832511292,0.0751546929499701
2006,21,0,5,3,7,7,0.0,0.0024862997734601,0.0178580740300298,0.0632073411401289,0.243130656776455
2006,21,0,1,1,7,8,0.0,0.0005275737572423,0.0055473518981964,0.0499907075118343,0.156726823223367
2006,21,0,6,4,14,15,0.0,0.0015359055790301,0.0114857563330176,0.0558274588858315,0.187886732374925
2006,22,0,2,4,4,5,0.0,0.000994519909384,0.023810765373373,0.0361184806515022,0.173664754840325
2006,22,1,0,4,2,5,0.0016241646768663,0.0,0.0221894075927857,0.0142830592890955,0.0979542645146042
2006,22,1,2,8,6,10,0.0007957435167152,0.0005119685263433,0.0229715126660352,0.0239260538082135,0.125257821583283
2006,23,0,5,5,5,8,0.0,0.0024862997734601,0.0297634567167163,0.0451481008143778,0.277863607744519
2006,23,0,0,3,6,8,0.0,0.0,0.0166420556945893,0.0428491778672865,0.156726823223367
2006,23,0,5,8,11,16,0.0,0.0012799213158584,0.0229715126660352,0.0438644319817247,0.200412514533254
2006,24,0,2,6,8,7,0.0,0.000994519909384,0.0357161480600595,0.0722369613030044,0.243130656776455
2006,24,0,3,2,4,8,0.0,0.001582721271727,0.0110947037963929,0.028566118578191,0.156726823223367
2006,24,0,5,8,12,15,0.0,0.0012799213158584,0.0229715126660352,0.047852107616427,0.187886732374925
2006,25,0,5,0,2,6,0.0,0.0024862997734601,0.0,0.0180592403257511,0.20839770580839
2006,25,1,1,0,9,9,0.0016241646768663,0.0005275737572423,0.0,0.0642737668009298,0.176317676126288
2006,25,1,6,0,11,15,0.0007957435167152,0.0015359055790301,0.0,0.0438644319817247,0.187886732374925
2006,26,0,6,2,10,3,0.0,0.0029835597281521,0.0119053826866865,0.0902962016287555,0.104198852904195
2006,26,0,7,0,6,10,0.0,0.0036930163006964,0.0,0.0428491778672865,0.195908529029208
2006,26,0,13,2,16,13,0.0,0.0033277954212319,0.0057428781665088,0.063802810155236,0.162835168058269
2006,27,0,3,3,4,8,0.0,0.001491779864076,0.0178580740300298,0.0361184806515022,0.277863607744519
2006,27,0,3,4,6,4,0.0,0.001582721271727,0.0221894075927857,0.0428491778672865,0.0783634116116833
2006,27,0,6,7,10,12,0.0,0.0015359055790301,0.0201000735827808,0.0398767563470225,0.15030938589994
2006,28,0,1,2,7,4,0.0,0.000497259954692,0.0119053826866865,0.0632073411401289,0.13893180387226
2006,28,0,1,4,4,8,0.0,0.0005275737572423,0.0221894075927857,0.028566118578191,0.156726823223367
2006,28,0,2,6,11,12,0.0,0.0005119685263433,0.0172286344995264,0.0438644319817247,0.15030938589994
2006,29,0,5,0,8,4,0.0,0.0024862997734601,0.0,0.0722369613030044,0.13893180387226
2006,29,0,4,2,7,3,0.0,0.0021102950289693,0.0110947037963929,0.0499907075118343,0.0587725587087625
2006,29,0,9,2,15,7,0.0,0.0023038583685452,0.0057428781665088,0.0598151345205337,0.0876804751082984
2006,30,0,4,2,8,6,0.0,0.001989039818768,0.0119053826866865,0.0722369613030044,0.20839770580839
2006,30,0,3,2,6,10,0.0,0.001582721271727,0.0110947037963929,0.0428491778672865,0.195908529029208
2006,30,0,7,4,14,16,0.0,0.0017918898422018,0.0114857563330176,0.0558274588858315,0.200412514533254
2006,31,0,2,2,4,5,0.0,0.000994519909384,0.0119053826866865,0.0361184806515022,0.173664754840325
2006,31,0,3,0,5,3,0.0,0.001582721271727,0.0,0.0357076482227388,0.0587725587087625
2006,31,0,5,2,9,8,0.0,0.0012799213158584,0.0057428781665088,0.0358890807123202,0.100206257266627
2006,32,0,2,9,10,2,0.0,0.000994519909384,0.0535742220900893,0.0902962016287555,0.0694659019361299
2006,32,0,5,5,3,6,0.0,0.0026378687862117,0.0277367594909822,0.0214245889336433,0.117545117417525
2006,32,0,7,14,13,8,0.0,0.0017918898422018,0.0402001471655616,0.0518397832511292,0.100206257266627
2006,33,0,7,2,5,5,0.0,0.0034808196828441,0.0119053826866865,0.0451481008143778,0.173664754840325
2006,33,0,3,5,6,10,0.0,0.001582721271727,0.0277367594909822,0.0428491778672865,0.195908529029208
2006,33,0,10,7,11,15,0.0,0.0025598426317169,0.0201000735827808,0.0438644319817247,0.187886732374925
2006,34,0,1,3,3,4,0.0,0.000497259954692,0.0178580740300298,0.0270888604886267,0.13893180387226
2006,34,0,4,3,7,8,0.0,0.0021102950289693,0.0166420556945893,0.0499907075118343,0.156726823223367
2006,34,0,5,6,10,12,0.0,0.0012799213158584,0.0172286344995264,0.0398767563470225,0.15030938589994
2006,35,0,4,2,6,4,0.0,0.001989039818768,0.0119053826866865,0.0541777209772533,0.13893180387226
2006,35,0,4,1,6,7,0.0,0.0021102950289693,0.0055473518981964,0.0428491778672865,0.137135970320446
2006,35,0,8,3,12,11,0.0,0.0020478741053735,0.0086143172497632,0.047852107616427,0.137783603741612
2006,36,0,2,3,6,5,0.0,0.000994519909384,0.0178580740300298,0.0541777209772533,0.173664754840325
2006,36,1,4,1,6,8,0.0016241646768663,0.0021102950289693,0.0055473518981964,0.0428491778672865,0.156726823223367
2006,36,1,6,4,12,13,0.0007957435167152,0.0015359055790301,0.0114857563330176,0.047852107616427,0.162835168058269
2006,37,0,2,1,6,4,0.0,0.000994519909384,0.0059526913433432,0.0541777209772533,0.13893180387226
2006,37,0,2,3,5,4,0.0,0.0010551475144846,0.0166420556945893,0.0357076482227388,0.0783634116116833
2006,37,0,4,4,11,8,0.0,0.0010239370526867,0.0114857563330176,0.0438644319817247,0.100206257266627
2006,38,0,2,4,8,6,0.0,0.000994519909384,0.023810765373373,0.0722369613030044,0.20839770580839
2006,38,0,2,2,5,7,0.0,0.0010551475144846,0.0110947037963929,0.0357076482227388,0.137135970320446
2006,38,0,4,6,13,13,0.0,0.0010239370526867,0.0172286344995264,0.0518397832511292,0.162835168058269
2006,39,0,6,4,3,2,0.0,0.0029835597281521,0.023810765373373,0.0270888604886267,0.0694659019361299
2006,39,0,5,3,5,7,0.0,0.0026378687862117,0.0166420556945893,0.0357076482227388,0.137135970320446
2006,39,0,11,7,8,9,0.0,0.0028158268948886,0.0201000735827808,0.031901405077618,0.112732039424955
2006,40,0,3,3,4,6,0.0,0.001491779864076,0.0178580740300298,0.0361184806515022,0.20839770580839
2006,40,0,4,1,3,10,0.0,0.0021102950289693,0.0055473518981964,0.0214245889336433,0.195908529029208
2006,40,0,7,4,7,16,0.0,0.0017918898422018,0.0114857563330176,0.0279137294429157,0.200412514533254
2006,41,0,3,1,5,7,0.0,0.001491779864076,0.0059526913433432,0.0451481008143778,0.243130656776455
2006,41,1,1,1,3,7,0.0016241646768663,0.0005275737572423,0.0055473518981964,0.0214245889336433,0.137135970320446
2006,41,1,4,2,8,14,0.0007957435167152,0.0010239370526867,0.0057428781665088,0.031901405077618,0.175360950216597
2006,42,1,2,3,3,4,0.0015600983821545,0.000994519909384,0.0178580740300298,0.0270888604886267,0.13893180387226
2006,42,0,2,1,3,4,0.0,0.0010551475144846,0.0055473518981964,0.0214245889336433,0.0783634116116833
2006,42,1,4,4,6,8,0.0007957435167152,0.0010239370526867,0.0114857563330176,0.0239260538082135,0.100206257266627
2006,43,0,3,5,8,5,0.0,0.001491779864076,0.0297634567167163,0.0722369613030044,0.173664754840325
2006,43,0,3,5,5,10,0.0,0.001582721271727,0.0277367594909822,0.0357076482227388,0.195908529029208
2006,43,0,6,10,13,15,0.0,0.0015359055790301,0.028714390832544,0.0518397832511292,0.187886732374925
2006,44,1,2,5,7,4,0.0015600983821545,0.000994519909384,0.0297634567167163,0.0632073411401289,0.13893180387226
2006,44,0,3,2,4,4,0.0,0.001582721271727,0.0110947037963929,0.028566118578191,0.0783634116116833
2006,44,1,5,7,11,8,0.0007957435167152,0.0012799213158584,0.0201000735827808,0.0438644319817247,0.100206257266627
2006,45,0,6,0,6,4,0.0,0.0029835597281521,0.0,0.0541777209772533,0.13893180387226
2006,45,0,3,3,10,6,0.0,0.001582721271727,0.0166420556945893,0.0714152964454775,0.117545117417525
2006,45,0,9,3,16,10,0.0,0.0023038583685452,0.0086143172497632,0.063802810155236,0.125257821583283
2006,46,0,6,2,8,7,0.0,0.0029835597281521,0.0119053826866865,0.0722369613030044,0.243130656776455
2006,46,0,2,3,6,5,0.0,0.0010551475144846,0.0166420556945893,0.0428491778672865,0.0979542645146042
2006,46,0,8,5,14,12,0.0,0.0020478741053735,0.014357195416272,0.0558274588858315,0.15030938589994
2006,47,0,8,1,2,2,0.0,0.0039780796375361,0.0059526913433432,0.0180592403257511,0.0694659019361299
2006,47,0,2,3,7,7,0.0,0.0010551475144846,0.0166420556945893,0.0499907075118343,0.137135970320446
2006,47,0,10,4,9,9,0.0,0.0025598426317169,0.0114857563330176,0.0358890807123202,0.112732039424955
2006,48,0,10,3,7,6,0.0,0.0049725995469202,0.0178580740300298,0.0632073411401289,0.20839770580839
2006,48,1,0,3,3,9,0.0016241646768663,0.0,0.0166420556945893,0.0214245889336433,0.176317676126288
2006,48,1,10,6,10,15,0.0007957435167152,0.0025598426317169,0.0172286344995264,0.0398767563470225,0.187886732374925
2006,49,0,3,5,7,3,0.0,0.001491779864076,0.0297634567167163,0.0632073411401289,0.104198852904195
2006,49,0,3,2,5,15,0.0,0.001582721271727,0.0110947037963929,0.0357076482227388,0.293862793543813
2006,49,0,6,7,12,18,0.0,0.0015359055790301,0.0201000735827808,0.047852107616427,0.22546407884991
2006,50,0,5,2,7,3,0.0,0.0024862997734601,0.0119053826866865,0.0632073411401289,0.104198852904195
2006,50,0,3,2,8,5,0.0,0.001582721271727,0.0110947037963929,0.057132237156382,0.0979542645146042
2006,50,0,8,4,15,8,0.0,0.0020478741053735,0.0114857563330176,0.0598151345205337,0.100206257266627
2006,51,0,4,2,7,6,0.0,0.001989039818768,0.0119053826866865,0.0632073411401289,0.20839770580839
2006,51,0,1,5,8,11,0.0,0.0005275737572423,0.0277367594909822,0.057132237156382,0.215499381932129
2006,51,0,5,7,15,17,0.0,0.0012799213158584,0.0201000735827808,0.0598151345205337,0.212938296691582
2006,52,0,8,4,4,6,0.0,0.0039780796375361,0.023810765373373,0.0361184806515022,0.20839770580839
2006,52,0,4,4,4,11,0.0,0.0021102950289693,0.0221894075927857,0.028566118578191,0.215499381932129
2006,52,0,12,8,8,17,0.0,0.0030718111580603,0.0229715126660352,0.031901405077618,0.212938296691582
2007,1,1,4,2,5,5,0.0015540844755067,0.0019095902917267,0.0117364782866303,0.0439140097280407,0.166190454497823
2007,1,1,3,1,8,8,0.0016146351968294,0.0015452453416274,0.0054823401447564,0.0563115849741305,0.149376357163512
2007,1,2,7,3,13,13,0.0015837813075773,0.001734334862706,0.0085030945693416,0.0507960200953205,0.15542437789786
2007,2,1,1,2,6,5,0.0015540844755067,0.0004773975729316,0.0117364782866303,0.0526968116736488,0.166190454497823
2007,2,0,2,2,6,4,0.0,0.0010301635610849,0.0109646802895128,0.0422336887305979,0.0746881785817561
2007,2,1,3,4,12,9,0.0007918906537886,0.0007432863697311,0.0113374594257888,0.046888633934142,0.107601492390826
2007,3,0,8,3,7,6,0.0,0.0038191805834535,0.0176047174299454,0.061479613619257,0.199428545397387
2007,3,1,3,4,6,9,0.0016146351968294,0.0015452453416274,0.0219293605790256,0.0422336887305979,0.168048401808951
2007,3,1,11,7,13,15,0.0007918906537886,0.0027253833556809,0.0198405539951305,0.0507960200953205,0.179335820651377
2007,4,0,2,4,8,5,0.0,0.0009547951458633,0.0234729565732606,0.0702624155648651,0.166190454497823
2007,4,1,4,4,9,5,0.0016146351968294,0.0020603271221699,0.0219293605790256,0.0633505330958968,0.0933602232271951
2007,4,1,6,8,17,10,0.0007918906537886,0.0014865727394623,0.0226749188515777,0.0664255647400345,0.119557213767585
2007,5,0,4,2,13,8,0.0,0.0019095902917267,0.0117364782866303,0.114176425292906,0.265904727196516
2007,5,1,3,3,5,5,0.0016146351968294,0.0015452453416274,0.0164470204342692,0.0351947406088316,0.0933602232271951
2007,5,1,7,5,18,13,0.0007918906537886,0.001734334862706,0.014171824282236,0.070332950901213,0.15542437789786
2007,6,0,5,8,10,5,0.0,0.0023869878646584,0.0469459131465212,0.0878280194560814,0.166190454497823
2007,6,0,1,1,9,8,0.0,0.0005150817805424,0.0054823401447564,0.0633505330958968,0.149376357163512
2007,6,0,6,9,19,13,0.0,0.0014865727394623,0.0255092837080249,0.0742403370623915,0.15542437789786
2007,7,0,1,5,6,2,0.0,0.0004773975729316,0.0293411957165757,0.0526968116736488,0.0664761817991291
2007,7,0,2,1,4,6,0.0,0.0010301635610849,0.0054823401447564,0.0281557924870652,0.112032267872634
2007,7,0,3,6,10,8,0.0,0.0007432863697311,0.0170061891386833,0.039073861611785,0.0956457710140679
2007,8,0,3,3,7,5,0.0,0.001432192718795,0.0176047174299454,0.061479613619257,0.166190454497823
2007,8,0,2,1,6,10,0.0,0.0010301635610849,0.0054823401447564,0.0422336887305979,0.18672044645439
2007,8,0,5,4,13,15,0.0,0.0012388106162185,0.0113374594257888,0.0507960200953205,0.179335820651377
2007,9,0,5,2,5,3,0.0,0.0023869878646584,0.0117364782866303,0.0439140097280407,0.0997142726986937
2007,9,0,4,5,11,7,0.0,0.0020603271221699,0.0274117007237821,0.0774284293394294,0.130704312518073
2007,9,0,9,7,16,10,0.0,0.0022298591091934,0.0198405539951305,0.062518178578856,0.119557213767585
2007,10,0,4,4,6,10,0.0,0.0019095902917267,0.0234729565732606,0.0526968116736488,0.332380908995645
2007,10,0,4,3,7,7,0.0,0.0020603271221699,0.0164470204342692,0.0492726368523642,0.130704312518073
2007,10,0,8,7,13,17,0.0,0.0019820969859497,0.0198405539951305,0.0507960200953205,0.203247263404894
2007,11,0,3,4,8,6,0.0,0.001432192718795,0.0234729565732606,0.0702624155648651,0.199428545397387
2007,11,0,4,2,3,9,0.0,0.0020603271221699,0.0109646802895128,0.0211168443652989,0.168048401808951
2007,11,0,7,6,11,15,0.0,0.001734334862706,0.0170061891386833,0.0429812477729635,0.179335820651377
2007,12,0,4,5,3,5,0.0,0.0019095902917267,0.0293411957165757,0.0263484058368244,0.166190454497823
2007,12,0,3,1,7,8,0.0,0.0015452453416274,0.0054823401447564,0.0492726368523642,0.149376357163512
2007,12,0,7,6,10,13,0.0,0.001734334862706,0.0170061891386833,0.039073861611785,0.15542437789786
2007,13,0,7,5,8,8,0.0,0.0033417830105218,0.0293411957165757,0.0702624155648651,0.265904727196516
2007,13,0,5,1,8,8,0.0,0.0025754089027123,0.0054823401447564,0.0563115849741305,0.149376357163512
2007,13,0,12,6,16,16,0.0,0.0029731454789246,0.0170061891386833,0.062518178578856,0.191291542028136
2007,14,0,3,0,4,4,0.0,0.001432192718795,0.0,0.0351312077824326,0.132952363598258
2007,14,0,2,2,6,7,0.0,0.0010301635610849,0.0109646802895128,0.0422336887305979,0.130704312518073
2007,14,0,5,2,10,11,0.0,0.0012388106162185,0.0056687297128944,0.039073861611785,0.131512935144343
2007,15,0,2,5,8,4,0.0,0.0009547951458633,0.0293411957165757,0.0702624155648651,0.132952363598258
2007,15,0,2,1,7,12,0.0,0.0010301635610849,0.0054823401447564,0.0492726368523642,0.224064535745268
2007,15,0,4,6,15,16,0.0,0.0009910484929748,0.0170061891386833,0.0586107924176775,0.191291542028136
2007,16,0,5,2,10,3,0.0,0.0023869878646584,0.0117364782866303,0.0878280194560814,0.0997142726986937
2007,16,0,0,1,7,4,0.0,0.0,0.0054823401447564,0.0492726368523642,0.0746881785817561
2007,16,0,5,3,17,7,0.0,0.0012388106162185,0.0085030945693416,0.0664255647400345,0.0836900496373094
2007,17,0,3,3,5,7,0.0,0.001432192718795,0.0176047174299454,0.0439140097280407,0.232666636296952
2007,17,0,2,1,3,9,0.0,0.0010301635610849,0.0054823401447564,0.0211168443652989,0.168048401808951
2007,17,0,5,4,8,16,0.0,0.0012388106162185,0.0113374594257888,0.031259089289428,0.191291542028136
2007,18,2,5,3,6,7,0.0031081689510134,0.0023869878646584,0.0176047174299454,0.0526968116736488,0.232666636296952
2007,18,0,1,4,3,6,0.0,0.0005150817805424,0.0219293605790256,0.0211168443652989,0.112032267872634
2007,18,2,6,7,9,13,0.0015837813075773,0.0014865727394623,0.0198405539951305,0.0351664754506065,0.15542437789786
2007,19,0,4,3,6,4,0.0,0.0019095902917267,0.0176047174299454,0.0526968116736488,0.132952363598258
2007,19,0,1,5,7,4,0.0,0.0005150817805424,0.0274117007237821,0.0492726368523642,0.0746881785817561
2007,19,0,5,8,13,8,0.0,0.0012388106162185,0.0226749188515777,0.0507960200953205,0.0956457710140679
2007,20,0,3,5,7,5,0.0,0.001432192718795,0.0293411957165757,0.061479613619257,0.166190454497823
2007,20,1,1,0,3,9,0.0016146351968294,0.0005150817805424,0.0,0.0211168443652989,0.168048401808951
2007,20,1,4,5,10,14,0.0007918906537886,0.0009910484929748,0.014171824282236,0.039073861611785,0.167380099274619
2007,21,0,4,5,7,6,0.0,0.0019095902917267,0.0293411957165757,0.061479613619257,0.199428545397387
2007,21,0,5,4,3,8,0.0,0.0025754089027123,0.0219293605790256,0.0211168443652989,0.149376357163512
2007,21,0,9,9,10,14,0.0,0.0022298591091934,0.0255092837080249,0.039073861611785,0.167380099274619
2007,22,0,6,8,8,3,0.0,0.0028643854375901,0.0469459131465212,0.0702624155648651,0.0997142726986937
2007,22,0,4,4,5,11,0.0,0.0020603271221699,0.0219293605790256,0.0351947406088316,0.205392491099829
2007,22,0,10,12,13,14,0.0,0.0024776212324371,0.0340123782773665,0.0507960200953205,0.167380099274619
2007,23,0,2,1,8,10,0.0,0.0009547951458633,0.0058682391433151,0.0702624155648651,0.332380908995645
2007,23,0,3,1,4,4,0.0,0.0015452453416274,0.0054823401447564,0.0281557924870652,0.0746881785817561
2007,23,0,5,2,12,14,0.0,0.0012388106162185,0.0056687297128944,0.046888633934142,0.167380099274619
2007,24,0,3,3,5,7,0.0,0.001432192718795,0.0176047174299454,0.0439140097280407,0.232666636296952
2007,24,0,4,2,5,4,0.0,0.0020603271221699,0.0109646802895128,0.0351947406088316,0.0746881785817561
2007,24,0,7,5,10,11,0.0,0.001734334862706,0.014171824282236,0.039073861611785,0.131512935144343
2007,25,1,5,3,8,3,0.0015540844755067,0.0023869878646584,0.0176047174299454,0.0702624155648651,0.0997142726986937
2007,25,0,5,4,6,8,0.0,0.0025754089027123,0.0219293605790256,0.0422336887305979,0.149376357163512
2007,25,1,10,7,14,11,0.0007918906537886,0.0024776212324371,0.0198405539951305,0.054703406256499,0.131512935144343
2007,26,1,3,4,6,3,0.0015540844755067,0.001432192718795,0.0234729565732606,0.0526968116736488,0.0997142726986937
2007,26,0,1,2,4,6,0.0,0.0005150817805424,0.0109646802895128,0.0281557924870652,0.112032267872634
2007,26,1,4,6,10,9,0.0007918906537886,0.0009910484929748,0.0170061891386833,0.039073861611785,0.107601492390826
2007,27,0,5,3,3,4,0.0,0.0023869878646584,0.0176047174299454,0.0263484058368244,0.132952363598258
2007,27,0,2,1,4,5,0.0,0.0010301635610849,0.0054823401447564,0.0281557924870652,0.0933602232271951
2007,27,0,7,4,7,9,0.0,0.001734334862706,0.0113374594257888,0.0273517031282495,0.107601492390826
2007,28,0,3,2,8,5,0.0,0.001432192718795,0.0117364782866303,0.0702624155648651,0.166190454497823
2007,28,0,7,3,2,8,0.0,0.0036055724637973,0.0164470204342692,0.0140778962435326,0.149376357163512
2007,28,0,10,5,10,13,0.0,0.0024776212324371,0.014171824282236,0.039073861611785,0.15542437789786
2007,29,0,5,3,1,5,0.0,0.0023869878646584,0.0176047174299454,0.0087828019456081,0.166190454497823
2007,29,0,4,4,4,5,0.0,0.0020603271221699,0.0219293605790256,0.0281557924870652,0.0933602232271951
2007,29,0,9,7,5,10,0.0,0.0022298591091934,0.0198405539951305,0.0195369308058925,0.119557213767585
2007,30,0,4,2,9,8,0.0,0.0019095902917267,0.0117364782866303,0.0790452175104732,0.265904727196516
2007,30,0,2,1,4,3,0.0,0.0010301635610849,0.0054823401447564,0.0281557924870652,0.0560161339363171
2007,30,0,6,3,13,11,0.0,0.0014865727394623,0.0085030945693416,0.0507960200953205,0.131512935144343
2007,31,0,2,1,7,5,0.0,0.0009547951458633,0.0058682391433151,0.061479613619257,0.166190454497823
2007,31,0,1,1,8,8,0.0,0.0005150817805424,0.0054823401447564,0.0563115849741305,0.149376357163512
2007,31,0,3,2,15,13,0.0,0.0007432863697311,0.0056687297128944,0.0586107924176775,0.15542437789786
2007,32,0,3,0,2,3,0.0,0.001432192718795,0.0,0.0175656038912163,0.0997142726986937
2007,32,0,2,3,5,14,0.0,0.0010301635610849,0.0164470204342692,0.0351947406088316,0.261408625036146
2007,32,0,5,3,7,17,0.0,0.0012388106162185,0.0085030945693416,0.0273517031282495,0.203247263404894
2007,33,0,7,2,4,7,0.0,0.0033417830105218,0.0117364782866303,0.0351312077824326,0.232666636296952
2007,33,0,1,4,6,3,0.0,0.0005150817805424,0.0219293605790256,0.0422336887305979,0.0560161339363171
2007,33,0,8,6,10,10,0.0,0.0019820969859497,0.0170061891386833,0.039073861611785,0.119557213767585
2007,34,1,2,2,5,4,0.0015540844755067,0.0009547951458633,0.0117364782866303,0.0439140097280407,0.132952363598258
2007,34,0,1,1,4,6,0.0,0.0005150817805424,0.0054823401447564,0.0281557924870652,0.112032267872634
2007,34,1,3,3,9,10,0.0007918906537886,0.0007432863697311,0.0085030945693416,0.0351664754506065,0.119557213767585
2007,35,0,1,3,7,2,0.0,0.0004773975729316,0.0176047174299454,0.061479613619257,0.0664761817991291
2007,35,0,0,2,8,8,0.0,0.0,0.0109646802895128,0.0563115849741305,0.149376357163512
2007,35,0,1,5,15,10,0.0,0.0002477621232437,0.014171824282236,0.0586107924176775,0.119557213767585
2007,36,1,5,4,6,3,0.0015540844755067,0.0023869878646584,0.0234729565732606,0.0526968116736488,0.0997142726986937
2007,36,0,6,4,6,4,0.0,0.0030904906832548,0.0219293605790256,0.0422336887305979,0.0746881785817561
2007,36,1,11,8,12,7,0.0007918906537886,0.0027253833556809,0.0226749188515777,0.046888633934142,0.0836900496373094
2007,37,0,5,2,11,3,0.0,0.0023869878646584,0.0117364782866303,0.0966108214016895,0.0997142726986937
2007,37,0,2,2,8,8,0.0,0.0010301635610849,0.0109646802895128,0.0563115849741305,0.149376357163512
2007,37,0,7,4,19,11,0.0,0.001734334862706,0.0113374594257888,0.0742403370623915,0.131512935144343
2007,38,0,6,2,3,6,0.0,0.0028643854375901,0.0117364782866303,0.0263484058368244,0.199428545397387
2007,38,1,2,5,4,9,0.0016146351968294,0.0010301635610849,0.0274117007237821,0.0281557924870652,0.168048401808951
2007,38,1,8,7,7,15,0.0007918906537886,0.0019820969859497,0.0198405539951305,0.0273517031282495,0.179335820651377
2007,39,0,3,4,6,4,0.0,0.001432192718795,0.0234729565732606,0.0526968116736488,0.132952363598258
2007,39,0,2,1,5,10,0.0,0.0010301635610849,0.0054823401447564,0.0351947406088316,0.18672044645439
2007,39,0,5,5,11,14,0.0,0.0012388106162185,0.014171824282236,0.0429812477729635,0.167380099274619
2007,40,1,8,1,4,5,0.0015540844755067,0.0038191805834535,0.0058682391433151,0.0351312077824326,0.166190454497823
2007,40,0,4,5,8,5,0.0,0.0020603271221699,0.0274117007237821,0.0563115849741305,0.0933602232271951
2007,40,1,12,6,12,10,0.0007918906537886,0.0029731454789246,0.0170061891386833,0.046888633934142,0.119557213767585
2007,41,0,3,2,12,5,0.0,0.001432192718795,0.0117364782866303,0.105393623347298,0.166190454497823
2007,41,0,2,1,10,5,0.0,0.0010301635610849,0.0054823401447564,0.0703894812176631,0.0933602232271951
2007,41,0,5,3,22,10,0.0,0.0012388106162185,0.0085030945693416,0.085962495545927,0.119557213767585
2007,42,0,7,4,5,3,0.0,0.0033417830105218,0.0234729565732606,0.0439140097280407,0.0997142726986937
2007,42,0,1,2,3,3,0.0,0.0005150817805424,0.0109646802895128,0.0211168443652989,0.0560161339363171
2007,42,0,8,6,8,6,0.0,0.0019820969859497,0.0170061891386833,0.031259089289428,0.0717343282605509
2007,43,0,3,2,9,8,0.0,0.001432192718795,0.0117364782866303,0.0790452175104732,0.265904727196516
2007,43,0,3,3,6,7,0.0,0.0015452453416274,0.0164470204342692,0.0422336887305979,0.130704312518073
2007,43,0,6,5,15,15,0.0,0.0014865727394623,0.014171824282236,0.0586107924176775,0.179335820651377
2007,44,0,5,4,9,8,0.0,0.0023869878646584,0.0234729565732606,0.0790452175104732,0.265904727196516
2007,44,0,2,3,11,13,0.0,0.0010301635610849,0.0164470204342692,0.0774284293394294,0.242736580390707
2007,44,0,7,7,20,21,0.0,0.001734334862706,0.0198405539951305,0.07814772322357,0.251070148911928
2007,45,0,6,4,5,8,0.0,0.0028643854375901,0.0234729565732606,0.0439140097280407,0.265904727196516
2007,45,0,7,2,5,9,0.0,0.0036055724637973,0.0109646802895128,0.0351947406088316,0.168048401808951
2007,45,0,13,6,10,17,0.0,0.0032209076021683,0.0170061891386833,0.039073861611785,0.203247263404894
2007,46,1,4,2,9,3,0.0015540844755067,0.0019095902917267,0.0117364782866303,0.0790452175104732,0.0997142726986937
2007,46,0,3,1,6,5,0.0,0.0015452453416274,0.0054823401447564,0.0422336887305979,0.0933602232271951
2007,46,1,7,3,15,8,0.0007918906537886,0.001734334862706,0.0085030945693416,0.0586107924176775,0.0956457710140679
2007,47,0,5,2,6,7,0.0,0.0023869878646584,0.0117364782866303,0.0526968116736488,0.232666636296952
2007,47,0,1,1,4,5,0.0,0.0005150817805424,0.0054823401447564,0.0281557924870652,0.0933602232271951
2007,47,0,6,3,10,12,0.0,0.0014865727394623,0.0085030945693416,0.039073861611785,0.143468656521102
2007,48,1,5,4,7,3,0.0015540844755067,0.0023869878646584,0.0234729565732606,0.061479613619257,0.0997142726986937
2007,48,0,0,4,5,4,0.0,0.0,0.0219293605790256,0.0351947406088316,0.0746881785817561
2007,48,1,5,8,12,7,0.0007918906537886,0.0012388106162185,0.0226749188515777,0.046888633934142,0.0836900496373094
2007,49,1,4,3,8,7,0.0015540844755067,0.0019095902917267,0.0176047174299454,0.0702624155648651,0.232666636296952
2007,49,0,1,2,7,5,0.0,0.0005150817805424,0.0109646802895128,0.0492726368523642,0.0933602232271951
2007,49,1,5,5,15,12,0.0007918906537886,0.0012388106162185,0.014171824282236,0.0586107924176775,0.143468656521102
2007,50,0,1,5,6,6,0.0,0.0004773975729316,0.0293411957165757,0.0526968116736488,0.199428545397387
2007,50,1,1,3,9,9,0.0016146351968294,0.0005150817805424,0.0164470204342692,0.0633505330958968,0.168048401808951
2007,50,1,2,8,15,15,0.0007918906537886,0.0004955242464874,0.0226749188515777,0.0586107924176775,0.179335820651377
2007,51,0,6,2,6,5,0.0,0.0028643854375901,0.0117364782866303,0.0526968116736488,0.166190454497823
2007,51,0,2,4,7,10,0.0,0.0010301635610849,0.0219293605790256,0.0492726368523642,0.18672044645439
2007,51,0,8,6,13,15,0.0,0.0019820969859497,0.0170061891386833,0.0507960200953205,0.179335820651377
2007,52,0,5,4,6,3,0.0,0.0023869878646584,0.0234729565732606,0.0526968116736488,0.0997142726986937
2007,52,0,0,4,11,8,0.0,0.0,0.0219293605790256,0.0774284293394294,0.149376357163512
2007,52,0,5,8,17,11,0.0,0.0012388106162185,0.0226749188515777,0.0664255647400345,0.131512935144343
2008,1,0,10,3,8,5,0.0,0.0046859202430155,0.0171436689720753,0.0691342450802239,0.158956414368941
2008,1,0,2,1,8,1,0.0,0.0010054022156362,0.0053515442840854,0.0561697020957877,0.0178829659260154
2008,1,0,12,4,16,6,0.0,0.0029102859510647,0.0110541923717942,0.0619812869153857,0.0686700786156853
2008,2,0,2,2,6,7,0.0,0.0009371840486031,0.0114291126480502,0.0518506838101679,0.222538980116517
2008,2,0,1,4,5,13,0.0,0.0005027011078181,0.0214061771363417,0.0351060638098673,0.2324785570382
2008,2,0,3,6,11,20,0.0,0.0007275714877661,0.0165812885576914,0.0426121347543276,0.228900262052284
2008,3,1,8,1,7,7,0.001540647883811,0.0037487361944124,0.005714556324025,0.0604924644451959,0.222538980116517
2008,3,0,2,3,8,13,0.0,0.0010054022156362,0.0160546328522563,0.0561697020957877,0.2324785570382
2008,3,1,10,4,15,20,0.0007854917149587,0.0024252382925539,0.0110541923717942,0.0581074564831741,0.228900262052284
2008,4,0,0,1,4,6,0.0,0.0,0.005714556324025,0.0345671225401119,0.190747697242729
2008,4,0,2,3,3,9,0.0,0.0010054022156362,0.0160546328522563,0.0210636382859204,0.160946693334138
2008,4,0,2,4,7,15,0.0,0.0004850476585107,0.0110541923717942,0.0271168130254812,0.171675196539213
2008,5,0,1,2,4,9,0.0,0.0004685920243015,0.0114291126480502,0.0345671225401119,0.286121545864093
2008,5,0,2,2,5,14,0.0,0.0010054022156362,0.0107030885681709,0.0351060638098673,0.250361522964215
2008,5,0,3,4,9,23,0.0,0.0007275714877661,0.0110541923717942,0.0348644738899044,0.263235301360127
2008,6,0,6,1,8,6,0.0,0.0028115521458093,0.005714556324025,0.0691342450802239,0.190747697242729
2008,6,1,3,3,7,8,0.0016025375919812,0.0015081033234543,0.0160546328522563,0.0491484893338142,0.143063727408123
2008,6,1,9,4,15,14,0.0007854917149587,0.0021827144632985,0.0110541923717942,0.0581074564831741,0.160230183436599
2008,7,1,6,2,12,6,0.001540647883811,0.0028115521458093,0.0114291126480502,0.103701367620336,0.190747697242729
2008,7,0,3,1,10,10,0.0,0.0015081033234543,0.0053515442840854,0.0702121276197346,0.178829659260154
2008,7,1,9,3,22,16,0.0007854917149587,0.0021827144632985,0.0082906442788456,0.0852242695086553,0.183120209641827
2008,8,0,3,3,6,5,0.0,0.0014057760729046,0.0171436689720753,0.0518506838101679,0.158956414368941
2008,8,1,2,3,6,8,0.0016025375919812,0.0010054022156362,0.0160546328522563,0.0421272765718408,0.143063727408123
2008,8,1,5,6,12,13,0.0007854917149587,0.0012126191462769,0.0165812885576914,0.0464859651865392,0.148785170333985
2008,9,1,3,3,6,12,0.001540647883811,0.0014057760729046,0.0171436689720753,0.0518506838101679,0.381495394485458
2008,9,0,3,0,5,5,0.0,0.0015081033234543,0.0,0.0351060638098673,0.0894148296300769
2008,9,1,6,3,11,17,0.0007854917149587,0.0014551429755323,0.0082906442788456,0.0426121347543276,0.194565222744442
2008,10,1,2,5,9,5,0.001540647883811,0.0009371840486031,0.0285727816201254,0.0777760257152519,0.158956414368941
2008,10,1,3,3,4,8,0.0016025375919812,0.0015081033234543,0.0160546328522563,0.0280848510478938,0.143063727408123
2008,10,2,5,8,13,13,0.0015709834299175,0.0012126191462769,0.0221083847435885,0.0503597956187508,0.148785170333985
2008,11,0,1,0,6,8,0.0,0.0004685920243015,0.0,0.0518506838101679,0.254330262990305
2008,11,1,2,1,11,12,0.0016025375919812,0.0010054022156362,0.0053515442840854,0.0772333403817081,0.214595591112184
2008,11,1,3,1,17,20,0.0007854917149587,0.0007275714877661,0.0027635480929485,0.0658551173475973,0.228900262052284
2008,12,0,4,6,6,6,0.0,0.0018743680972062,0.0342873379441505,0.0518506838101679,0.190747697242729
2008,12,0,3,2,7,9,0.0,0.0015081033234543,0.0107030885681709,0.0491484893338142,0.160946693334138
2008,12,0,7,8,13,15,0.0,0.0016976668047877,0.0221083847435885,0.0503597956187508,0.171675196539213
2008,13,1,7,4,7,9,0.001540647883811,0.0032801441701109,0.0228582252961004,0.0604924644451959,0.286121545864093
2008,13,0,5,0,4,7,0.0,0.0025135055390906,0.0,0.0280848510478938,0.125180761482108
2008,13,1,12,4,11,16,0.0007854917149587,0.0029102859510647,0.0110541923717942,0.0426121347543276,0.183120209641827
2008,14,0,3,3,5,11,0.0,0.0014057760729046,0.0171436689720753,0.0432089031751399,0.349704111611669
2008,14,0,5,3,8,7,0.0,0.0025135055390906,0.0160546328522563,0.0561697020957877,0.125180761482108
2008,14,0,8,6,13,18,0.0,0.0019401906340431,0.0165812885576914,0.0503597956187508,0.206010235847056
2008,15,0,6,1,6,7,0.0,0.0028115521458093,0.005714556324025,0.0518506838101679,0.222538980116517
2008,15,0,5,2,3,10,0.0,0.0025135055390906,0.0107030885681709,0.0210636382859204,0.178829659260154
2008,15,0,11,3,9,17,0.0,0.0026677621218093,0.0082906442788456,0.0348644738899044,0.194565222744442
2008,16,0,2,5,10,7,0.0,0.0009371840486031,0.0285727816201254,0.0864178063502798,0.222538980116517
2008,16,0,6,2,3,14,0.0,0.0030162066469087,0.0107030885681709,0.0210636382859204,0.250361522964215
2008,16,0,8,7,13,21,0.0,0.0019401906340431,0.0193448366506399,0.0503597956187508,0.240345275154898
2008,17,0,4,3,7,6,0.0,0.0018743680972062,0.0171436689720753,0.0604924644451959,0.190747697242729
2008,17,0,2,3,5,11,0.0,0.0010054022156362,0.0160546328522563,0.0351060638098673,0.196712625186169
2008,17,0,6,6,12,17,0.0,0.0014551429755323,0.0165812885576914,0.0464859651865392,0.194565222744442
2008,18,0,2,4,6,7,0.0,0.0009371840486031,0.0228582252961004,0.0518506838101679,0.222538980116517
2008,18,0,7,1,5,9,0.0,0.0035189077547269,0.0053515442840854,0.0351060638098673,0.160946693334138
2008,18,0,9,5,11,16,0.0,0.0021827144632985,0.0138177404647428,0.0426121347543276,0.183120209641827
2008,19,0,1,3,9,6,0.0,0.0004685920243015,0.0171436689720753,0.0777760257152519,0.190747697242729
2008,19,0,1,3,7,6,0.0,0.0005027011078181,0.0160546328522563,0.0491484893338142,0.107297795556092
2008,19,0,2,6,16,12,0.0,0.0004850476585107,0.0165812885576914,0.0619812869153857,0.137340157231371
2008,20,0,5,6,5,3,0.0,0.0023429601215077,0.0342873379441505,0.0432089031751399,0.0953738486213644
2008,20,0,3,2,7,3,0.0,0.0015081033234543,0.0107030885681709,0.0491484893338142,0.0536488977780461
2008,20,0,8,8,12,6,0.0,0.0019401906340431,0.0221083847435885,0.0464859651865392,0.0686700786156853
2008,21,0,4,5,6,7,0.0,0.0018743680972062,0.0285727816201254,0.0518506838101679,0.222538980116517
2008,21,0,3,1,7,6,0.0,0.0015081033234543,0.0053515442840854,0.0491484893338142,0.107297795556092
2008,21,0,7,6,13,13,0.0,0.0016976668047877,0.0165812885576914,0.0503597956187508,0.148785170333985
2008,22,0,6,5,2,6,0.0,0.0028115521458093,0.0285727816201254,0.017283561270056,0.190747697242729
2008,22,0,1,6,4,4,0.0,0.0005027011078181,0.0321092657045126,0.0280848510478938,0.0715318637040615
2008,22,0,7,11,6,10,0.0,0.0016976668047877,0.0303990290224342,0.0232429825932696,0.114450131026142
2008,23,0,2,6,5,5,0.0,0.0009371840486031,0.0342873379441505,0.0432089031751399,0.158956414368941
2008,23,0,3,2,6,11,0.0,0.0015081033234543,0.0107030885681709,0.0421272765718408,0.196712625186169
2008,23,0,5,8,11,16,0.0,0.0012126191462769,0.0221083847435885,0.0426121347543276,0.183120209641827
2008,24,0,4,3,6,1,0.0,0.0018743680972062,0.0171436689720753,0.0518506838101679,0.0317912828737881
2008,24,0,3,5,7,8,0.0,0.0015081033234543,0.0267577214204272,0.0491484893338142,0.143063727408123
2008,24,0,7,8,13,9,0.0,0.0016976668047877,0.0221083847435885,0.0503597956187508,0.103005117923528
2008,25,0,4,6,6,4,0.0,0.0018743680972062,0.0342873379441505,0.0518506838101679,0.127165131495153
2008,25,0,0,8,6,6,0.0,0.0,0.0428123542726835,0.0421272765718408,0.107297795556092
2008,25,0,4,14,12,10,0.0,0.0009700953170215,0.0386896733012798,0.0464859651865392,0.114450131026142
2008,26,1,3,4,4,4,0.001540647883811,0.0014057760729046,0.0228582252961004,0.0345671225401119,0.127165131495153
2008,26,0,0,0,7,11,0.0,0.0,0.0,0.0491484893338142,0.196712625186169
2008,26,1,3,4,11,15,0.0007854917149587,0.0007275714877661,0.0110541923717942,0.0426121347543276,0.171675196539213
2008,27,1,5,2,5,3,0.001540647883811,0.0023429601215077,0.0114291126480502,0.0432089031751399,0.0953738486213644
2008,27,0,0,4,3,15,0.0,0.0,0.0214061771363417,0.0210636382859204,0.268244488890231
2008,27,1,5,6,8,18,0.0007854917149587,0.0012126191462769,0.0165812885576914,0.0309906434576928,0.206010235847056
2008,28,0,1,9,8,0,0.0,0.0004685920243015,0.0514310069162258,0.0691342450802239,0.0
2008,28,0,2,2,9,6,0.0,0.0010054022156362,0.0107030885681709,0.0631909148577612,0.107297795556092
2008,28,0,3,11,17,6,0.0,0.0007275714877661,0.0303990290224342,0.0658551173475973,0.0686700786156853
2008,29,0,6,1,4,3,0.0,0.0028115521458093,0.005714556324025,0.0345671225401119,0.0953738486213644
2008,29,0,0,1,7,1,0.0,0.0,0.0053515442840854,0.0491484893338142,0.0178829659260154
2008,29,0,6,2,11,4,0.0,0.0014551429755323,0.0055270961858971,0.0426121347543276,0.0457800524104568
2008,30,0,2,5,6,3,0.0,0.0009371840486031,0.0285727816201254,0.0518506838101679,0.0953738486213644
2008,30,0,2,3,7,7,0.0,0.0010054022156362,0.0160546328522563,0.0491484893338142,0.125180761482108
2008,30,0,4,8,13,10,0.0,0.0009700953170215,0.0221083847435885,0.0503597956187508,0.114450131026142
2008,31,0,3,3,4,2,0.0,0.0014057760729046,0.0171436689720753,0.0345671225401119,0.0635825657475763
2008,31,0,4,2,7,12,0.0,0.0020108044312725,0.0107030885681709,0.0491484893338142,0.214595591112184
2008,31,0,7,5,11,14,0.0,0.0016976668047877,0.0138177404647428,0.0426121347543276,0.160230183436599
2008,32,1,8,3,4,4,0.001540647883811,0.0037487361944124,0.0171436689720753,0.0345671225401119,0.127165131495153
2008,32,1,2,0,4,8,0.0016025375919812,0.0010054022156362,0.0,0.0280848510478938,0.143063727408123
2008,32,2,10,3,8,12,0.0015709834299175,0.0024252382925539,0.0082906442788456,0.0309906434576928,0.137340157231371
2008,33,0,2,3,5,5,0.0,0.0009371840486031,0.0171436689720753,0.0432089031751399,0.158956414368941
2008,33,1,0,6,6,7,0.0016025375919812,0.0,0.0321092657045126,0.0421272765718408,0.125180761482108
2008,33,1,2,9,11,12,0.0007854917149587,0.0004850476585107,0.024871932836537,0.0426121347543276,0.137340157231371
2008,34,0,2,5,9,3,0.0,0.0009371840486031,0.0285727816201254,0.0777760257152519,0.0953738486213644
2008,34,0,3,4,5,12,0.0,0.0015081033234543,0.0214061771363417,0.0351060638098673,0.214595591112184
2008,34,0,5,9,14,15,0.0,0.0012126191462769,0.024871932836537,0.0542336260509624,0.171675196539213
2008,35,0,5,2,4,4,0.0,0.0023429601215077,0.0114291126480502,0.0345671225401119,0.127165131495153
2008,35,1,4,1,5,9,0.0016025375919812,0.0020108044312725,0.0053515442840854,0.0351060638098673,0.160946693334138
2008,35,1,9,3,9,13,0.0007854917149587,0.0021827144632985,0.0082906442788456,0.0348644738899044,0.148785170333985
2008,36,0,4,10,8,6,0.0,0.0018743680972062,0.0571455632402509,0.0691342450802239,0.190747697242729
2008,36,0,0,6,8,9,0.0,0.0,0.0321092657045126,0.0561697020957877,0.160946693334138
2008,36,0,4,16,16,15,0.0,0.0009700953170215,0.044216769487177,0.0619812869153857,0.171675196539213
2008,37,0,4,3,11,3,0.0,0.0018743680972062,0.0171436689720753,0.0950595869853078,0.0953738486213644
2008,37,0,0,3,6,9,0.0,0.0,0.0160546328522563,0.0421272765718408,0.160946693334138
2008,37,0,4,6,17,12,0.0,0.0009700953170215,0.0165812885576914,0.0658551173475973,0.137340157231371
2008,38,0,2,6,4,3,0.0,0.0009371840486031,0.0342873379441505,0.0345671225401119,0.0953738486213644
2008,38,0,5,2,6,9,0.0,0.0025135055390906,0.0107030885681709,0.0421272765718408,0.160946693334138
2008,38,0,7,8,10,12,0.0,0.0016976668047877,0.0221083847435885,0.038738304322116,0.137340157231371
2008,39,0,4,4,10,5,0.0,0.0018743680972062,0.0228582252961004,0.0864178063502798,0.158956414368941
2008,39,0,2,3,10,3,0.0,0.0010054022156362,0.0160546328522563,0.0702121276197346,0.0536488977780461
2008,39,0,6,7,20,8,0.0,0.0014551429755323,0.0193448366506399,0.0774766086442321,0.0915601048209137
2008,40,0,2,4,1,3,0.0,0.0009371840486031,0.0228582252961004,0.0086417806350279,0.0953738486213644
2008,40,0,2,1,5,5,0.0,0.0010054022156362,0.0053515442840854,0.0351060638098673,0.0894148296300769
2008,40,0,4,5,6,8,0.0,0.0009700953170215,0.0138177404647428,0.0232429825932696,0.0915601048209137
2008,41,0,6,2,3,5,0.0,0.0028115521458093,0.0114291126480502,0.025925341905084,0.158956414368941
2008,41,0,1,2,8,12,0.0,0.0005027011078181,0.0107030885681709,0.0561697020957877,0.214595591112184
2008,41,0,7,4,11,17,0.0,0.0016976668047877,0.0110541923717942,0.0426121347543276,0.194565222744442
2008,42,1,0,5,3,3,0.001540647883811,0.0,0.0285727816201254,0.025925341905084,0.0953738486213644
2008,42,0,0,0,6,7,0.0,0.0,0.0,0.0421272765718408,0.125180761482108
2008,42,1,0,5,9,10,0.0007854917149587,0.0,0.0138177404647428,0.0348644738899044,0.114450131026142
2008,43,1,3,0,6,3,0.001540647883811,0.0014057760729046,0.0,0.0518506838101679,0.0953738486213644
2008,43,0,3,1,9,8,0.0,0.0015081033234543,0.0053515442840854,0.0631909148577612,0.143063727408123
2008,43,1,6,1,15,11,0.0007854917149587,0.0014551429755323,0.0027635480929485,0.0581074564831741,0.125895144128756
2008,44,0,3,1,4,2,0.0,0.0014057760729046,0.005714556324025,0.0345671225401119,0.0635825657475763
2008,44,1,5,3,4,2,0.0016025375919812,0.0025135055390906,0.0160546328522563,0.0280848510478938,0.0357659318520307
2008,44,1,8,4,8,4,0.0007854917149587,0.0019401906340431,0.0110541923717942,0.0309906434576928,0.0457800524104568
2008,45,0,3,7,5,7,0.0,0.0014057760729046,0.0400018942681756,0.0432089031751399,0.222538980116517
2008,45,0,1,2,6,5,0.0,0.0005027011078181,0.0107030885681709,0.0421272765718408,0.0894148296300769
2008,45,0,4,9,11,12,0.0,0.0009700953170215,0.024871932836537,0.0426121347543276,0.137340157231371
2008,46,1,5,1,2,4,0.001540647883811,0.0023429601215077,0.005714556324025,0.017283561270056,0.127165131495153
2008,46,0,0,2,7,7,0.0,0.0,0.0107030885681709,0.0491484893338142,0.125180761482108
2008,46,1,5,3,9,11,0.0007854917149587,0.0012126191462769,0.0082906442788456,0.0348644738899044,0.125895144128756
2008,47,1,5,2,8,3,0.001540647883811,0.0023429601215077,0.0114291126480502,0.0691342450802239,0.0953738486213644
2008,47,0,2,3,4,9,0.0,0.0010054022156362,0.0160546328522563,0.0280848510478938,0.160946693334138
2008,47,1,7,5,12,12,0.0007854917149587,0.0016976668047877,0.0138177404647428,0.0464859651865392,0.137340157231371
2008,48,0,6,7,9,8,0.0,0.0028115521458093,0.0400018942681756,0.0777760257152519,0.254330262990305
2008,48,0,3,4,2,7,0.0,0.0015081033234543,0.0214061771363417,0.0140424255239469,0.125180761482108
2008,48,0,9,11,11,15,0.0,0.0021827144632985,0.0303990290224342,0.0426121347543276,0.171675196539213
2008,49,0,3,2,11,8,0.0,0.0014057760729046,0.0114291126480502,0.0950595869853078,0.254330262990305
2008,49,0,2,1,5,5,0.0,0.0010054022156362,0.0053515442840854,0.0351060638098673,0.0894148296300769
2008,49,0,5,3,16,13,0.0,0.0012126191462769,0.0082906442788456,0.0619812869153857,0.148785170333985
2008,50,0,6,3,6,1,0.0,0.0028115521458093,0.0171436689720753,0.0518506838101679,0.0317912828737881
2008,50,0,2,3,3,10,0.0,0.0010054022156362,0.0160546328522563,0.0210636382859204,0.178829659260154
2008,50,0,8,6,9,11,0.0,0.0019401906340431,0.0165812885576914,0.0348644738899044,0.125895144128756
2008,51,0,1,1,7,11,0.0,0.0004685920243015,0.005714556324025,0.0604924644451959,0.349704111611669
2008,51,0,4,2,3,14,0.0,0.0020108044312725,0.0107030885681709,0.0210636382859204,0.250361522964215
2008,51,0,5,3,10,25,0.0,0.0012126191462769,0.0082906442788456,0.038738304322116,0.286125327565355
2008,52,0,6,4,7,3,0.0,0.0028115521458093,0.0228582252961004,0.0604924644451959,0.0953738486213644
2008,52,0,1,3,5,12,0.0,0.0005027011078181,0.0160546328522563,0.0351060638098673,0.214595591112184
2008,52,0,7,7,12,15,0.0,0.0016976668047877,0.0193448366506399,0.0464859651865392,0.171675196539213
2009,1,0,3,4,7,2,0.0,0.0014199585883969,0.0222075165498645,0.0596163839711994,0.0605430523981634
2009,1,0,0,3,6,6,0.0,0.0,0.0156889709217929,0.0419805882603939,0.103736547621141
2009,1,0,3,7,13,8,0.0,0.0007276197914544,0.0188508355440053,0.0499345883323049,0.0880347866929426
2009,2,0,4,6,6,4,0.0,0.0018932781178625,0.0333112748247968,0.0510997576895995,0.121086104796327
2009,2,0,2,3,8,14,0.0,0.0009948789778706,0.0156889709217929,0.0559741176805251,0.24205194444933
2009,2,0,6,9,14,18,0.0,0.0014552395829089,0.0242367885565783,0.0537757105117129,0.198078270059121
2009,3,0,5,4,10,8,0.0,0.0023665976473282,0.0222075165498645,0.0851662628159991,0.242172209592654
2009,3,0,2,1,15,13,0.0,0.0009948789778706,0.0052296569739309,0.104951470650985,0.224762519845806
2009,3,0,7,5,25,21,0.0,0.0016977795133938,0.0134648825314324,0.0960280544852016,0.231091315068974
2009,4,1,4,2,7,8,0.0015323903874794,0.0018932781178625,0.0111037582749323,0.0596163839711994,0.242172209592654
2009,4,0,2,1,3,9,0.0,0.0009948789778706,0.0052296569739309,0.0209902941301969,0.155604821431712
2009,4,1,6,3,10,17,0.0007820930367194,0.0014552395829089,0.0080789295188594,0.0384112217940807,0.187073921722503
2009,5,0,2,4,5,9,0.0,0.0009466390589312,0.0222075165498645,0.0425831314079996,0.272443735791735
2009,5,0,1,2,4,10,0.0,0.0004974394889353,0.0104593139478619,0.0279870588402626,0.172894246035236
2009,5,0,3,6,9,19,0.0,0.0007276197914544,0.0161578590377188,0.0345700996146726,0.209082618395739
2009,6,0,0,1,4,10,0.0,0.0,0.0055518791374661,0.0340665051263997,0.302715261990817
2009,6,0,2,3,6,9,0.0,0.0009948789778706,0.0156889709217929,0.0419805882603939,0.155604821431712
2009,6,0,2,4,10,19,0.0,0.0004850798609696,0.0107719060251459,0.0384112217940807,0.209082618395739
2009,7,0,5,3,5,7,0.0,0.0023665976473282,0.0166556374123984,0.0425831314079996,0.211900683393572
2009,7,0,4,3,5,10,0.0,0.0019897579557412,0.0156889709217929,0.0349838235503282,0.172894246035236
2009,7,0,9,6,10,17,0.0,0.0021828593743634,0.0161578590377188,0.0384112217940807,0.187073921722503
2009,8,0,6,5,6,0,0.0,0.0028399171767938,0.0277593956873307,0.0510997576895995,0.0
2009,8,0,4,0,5,5,0.0,0.0019897579557412,0.0,0.0349838235503282,0.0864471230176179
2009,8,0,10,5,11,5,0.0,0.0024253993048483,0.0134648825314324,0.0422523439734887,0.0550217416830891
2009,9,1,2,3,11,10,0.0015323903874794,0.0009466390589312,0.0166556374123984,0.0936828890975991,0.302715261990817
2009,9,0,2,5,8,16,0.0,0.0009948789778706,0.0261482848696549,0.0559741176805251,0.276630793656377
2009,9,1,4,8,19,26,0.0007820930367194,0.0009701597219393,0.0215438120502918,0.0729813214087533,0.286113056752063
2009,10,1,6,2,12,2,0.0015323903874794,0.0028399171767938,0.0111037582749323,0.102199515379199,0.0605430523981634
2009,10,1,2,5,4,7,0.0015973291793841,0.0009948789778706,0.0261482848696549,0.0279870588402626,0.121025972224665
2009,10,2,8,7,16,9,0.0015641860734389,0.0019403194438786,0.0188508355440053,0.0614579548705291,0.0990391350295604
2009,11,0,2,2,6,0,0.0,0.0009466390589312,0.0111037582749323,0.0510997576895995,0.0
2009,11,0,4,6,3,11,0.0,0.0019897579557412,0.0313779418435858,0.0209902941301969,0.190183670638759
2009,11,0,6,8,9,11,0.0,0.0014552395829089,0.0215438120502918,0.0345700996146726,0.121047831702796
2009,12,0,6,2,7,8,0.0,0.0028399171767938,0.0111037582749323,0.0596163839711994,0.242172209592654
2009,12,0,1,1,5,11,0.0,0.0004974394889353,0.0052296569739309,0.0349838235503282,0.190183670638759
2009,12,0,7,3,12,19,0.0,0.0016977795133938,0.0080789295188594,0.0460934661528968,0.209082618395739
2009,13,1,5,2,3,9,0.0015323903874794,0.0023665976473282,0.0111037582749323,0.0255498788447997,0.272443735791735
2009,13,0,4,4,6,6,0.0,0.0019897579557412,0.0209186278957239,0.0419805882603939,0.103736547621141
2009,13,1,9,6,9,15,0.0007820930367194,0.0021828593743634,0.0161578590377188,0.0345700996146726,0.165065225049267
2009,14,0,5,2,11,5,0.0,0.0023665976473282,0.0111037582749323,0.0936828890975991,0.151357630995408
2009,14,0,3,1,6,5,0.0,0.0014923184668059,0.0052296569739309,0.0419805882603939,0.0864471230176179
2009,14,0,8,3,17,10,0.0,0.0019403194438786,0.0080789295188594,0.0652990770499371,0.110043483366178
2009,15,0,1,4,9,6,0.0,0.0004733195294656,0.0222075165498645,0.0766496365343992,0.18162915719449
2009,15,0,4,3,8,14,0.0,0.0019897579557412,0.0156889709217929,0.0559741176805251,0.24205194444933
2009,15,0,5,7,17,20,0.0,0.0012126996524241,0.0188508355440053,0.0652990770499371,0.220086966732357
2009,16,1,2,2,2,4,0.0015323903874794,0.0009466390589312,0.0111037582749323,0.0170332525631998,0.121086104796327
2009,16,0,4,2,4,5,0.0,0.0019897579557412,0.0104593139478619,0.0279870588402626,0.0864471230176179
2009,16,1,6,4,6,9,0.0007820930367194,0.0014552395829089,0.0107719060251459,0.0230467330764484,0.0990391350295604
2009,17,0,3,1,3,4,0.0,0.0014199585883969,0.0055518791374661,0.0255498788447997,0.121086104796327
2009,17,1,1,3,4,11,0.0015973291793841,0.0004974394889353,0.0156889709217929,0.0279870588402626,0.190183670638759
2009,17,1,4,4,7,15,0.0007820930367194,0.0009701597219393,0.0107719060251459,0.0268878552558565,0.165065225049267
2009,18,1,5,0,3,6,0.0015323903874794,0.0023665976473282,0.0,0.0255498788447997,0.18162915719449
2009,18,0,0,2,4,6,0.0,0.0,0.0104593139478619,0.0279870588402626,0.103736547621141
2009,18,1,5,2,7,12,0.0007820930367194,0.0012126996524241,0.0053859530125729,0.0268878552558565,0.132052180039414
2009,19,0,1,7,5,7,0.0,0.0004733195294656,0.0388631539622629,0.0425831314079996,0.211900683393572
2009,19,0,1,1,2,7,0.0,0.0004974394889353,0.0052296569739309,0.0139935294201313,0.121025972224665
2009,19,0,2,8,7,14,0.0,0.0004850798609696,0.0215438120502918,0.0268878552558565,0.15406087671265
2009,20,0,4,1,4,5,0.0,0.0018932781178625,0.0055518791374661,0.0340665051263997,0.151357630995408
2009,20,0,1,1,7,7,0.0,0.0004974394889353,0.0052296569739309,0.0489773529704595,0.121025972224665
2009,20,0,5,2,11,12,0.0,0.0012126996524241,0.0053859530125729,0.0422523439734887,0.132052180039414
2009,21,0,6,3,3,3,0.0,0.0028399171767938,0.0166556374123984,0.0255498788447997,0.0908145785972451
2009,21,0,1,2,8,6,0.0,0.0004974394889353,0.0104593139478619,0.0559741176805251,0.103736547621141
2009,21,0,7,5,11,9,0.0,0.0016977795133938,0.0134648825314324,0.0422523439734887,0.0990391350295604
2009,22,0,6,1,10,4,0.0,0.0028399171767938,0.0055518791374661,0.0851662628159991,0.121086104796327
2009,22,0,1,4,6,6,0.0,0.0004974394889353,0.0209186278957239,0.0419805882603939,0.103736547621141
2009,22,0,7,5,16,10,0.0,0.0016977795133938,0.0134648825314324,0.0614579548705291,0.110043483366178
2009,23,1,4,5,7,4,0.0015323903874794,0.0018932781178625,0.0277593956873307,0.0596163839711994,0.121086104796327
2009,23,0,1,4,2,4,0.0,0.0004974394889353,0.0209186278957239,0.0139935294201313,0.0691576984140943
2009,23,1,5,9,9,8,0.0007820930367194,0.0012126996524241,0.0242367885565783,0.0345700996146726,0.0880347866929426
2009,24,0,4,3,7,4,0.0,0.0018932781178625,0.0166556374123984,0.0596163839711994,0.121086104796327
2009,24,0,2,1,5,9,0.0,0.0009948789778706,0.0052296569739309,0.0349838235503282,0.155604821431712
2009,24,0,6,4,12,13,0.0,0.0014552395829089,0.0107719060251459,0.0460934661528968,0.143056528376032
2009,25,0,4,5,9,7,0.0,0.0018932781178625,0.0277593956873307,0.0766496365343992,0.211900683393572
2009,25,0,2,2,8,11,0.0,0.0009948789778706,0.0104593139478619,0.0559741176805251,0.190183670638759
2009,25,0,6,7,17,18,0.0,0.0014552395829089,0.0188508355440053,0.0652990770499371,0.198078270059121
2009,26,0,4,4,6,7,0.0,0.0018932781178625,0.0222075165498645,0.0510997576895995,0.211900683393572
2009,26,0,5,3,6,9,0.0,0.0024871974446765,0.0156889709217929,0.0419805882603939,0.155604821431712
2009,26,0,9,7,12,16,0.0,0.0021828593743634,0.0188508355440053,0.0460934661528968,0.176069573385885
2009,27,0,5,5,4,8,0.0,0.0023665976473282,0.0277593956873307,0.0340665051263997,0.242172209592654
2009,27,0,0,1,6,9,0.0,0.0,0.0052296569739309,0.0419805882603939,0.155604821431712
2009,27,0,5,6,10,17,0.0,0.0012126996524241,0.0161578590377188,0.0384112217940807,0.187073921722503
2009,28,0,5,7,4,5,0.0,0.0023665976473282,0.0388631539622629,0.0340665051263997,0.151357630995408
2009,28,0,1,4,6,5,0.0,0.0004974394889353,0.0209186278957239,0.0419805882603939,0.0864471230176179
2009,28,0,6,11,10,10,0.0,0.0014552395829089,0.0296227415691512,0.0384112217940807,0.110043483366178
2009,29,0,2,2,6,6,0.0,0.0009466390589312,0.0111037582749323,0.0510997576895995,0.18162915719449
2009,29,0,2,3,9,8,0.0,0.0009948789778706,0.0156889709217929,0.0629708823905908,0.138315396828189
2009,29,0,4,5,15,14,0.0,0.0009701597219393,0.0134648825314324,0.057616832691121,0.15406087671265
2009,30,0,9,6,5,5,0.0,0.0042598757651907,0.0333112748247968,0.0425831314079996,0.151357630995408
2009,30,0,3,1,4,10,0.0,0.0014923184668059,0.0052296569739309,0.0279870588402626,0.172894246035236
2009,30,0,12,7,9,15,0.0,0.0029104791658179,0.0188508355440053,0.0345700996146726,0.165065225049267
2009,31,0,4,4,6,4,0.0,0.0018932781178625,0.0222075165498645,0.0510997576895995,0.121086104796327
2009,31,0,1,0,8,8,0.0,0.0004974394889353,0.0,0.0559741176805251,0.138315396828189
2009,31,0,5,4,14,12,0.0,0.0012126996524241,0.0107719060251459,0.0537757105117129,0.132052180039414
2009,32,0,6,0,8,1,0.0,0.0028399171767938,0.0,0.0681330102527993,0.0302715261990817
2009,32,0,2,3,5,9,0.0,0.0009948789778706,0.0156889709217929,0.0349838235503282,0.155604821431712
2009,32,0,8,3,13,10,0.0,0.0019403194438786,0.0080789295188594,0.0499345883323049,0.110043483366178
2009,33,0,3,3,8,7,0.0,0.0014199585883969,0.0166556374123984,0.0681330102527993,0.211900683393572
2009,33,0,5,1,5,7,0.0,0.0024871974446765,0.0052296569739309,0.0349838235503282,0.121025972224665
2009,33,0,8,4,13,14,0.0,0.0019403194438786,0.0107719060251459,0.0499345883323049,0.15406087671265
2009,34,0,3,3,4,2,0.0,0.0014199585883969,0.0166556374123984,0.0340665051263997,0.0605430523981634
2009,34,0,3,1,3,10,0.0,0.0014923184668059,0.0052296569739309,0.0209902941301969,0.172894246035236
2009,34,0,6,4,7,12,0.0,0.0014552395829089,0.0107719060251459,0.0268878552558565,0.132052180039414
2009,35,0,7,2,7,5,0.0,0.0033132367062594,0.0111037582749323,0.0596163839711994,0.151357630995408
2009,35,1,2,1,5,8,0.0015973291793841,0.0009948789778706,0.0052296569739309,0.0349838235503282,0.138315396828189
2009,35,1,9,3,12,13,0.0007820930367194,0.0021828593743634,0.0080789295188594,0.0460934661528968,0.143056528376032
2009,36,0,5,4,5,5,0.0,0.0023665976473282,0.0222075165498645,0.0425831314079996,0.151357630995408
2009,36,0,1,2,8,14,0.0,0.0004974394889353,0.0104593139478619,0.0559741176805251,0.24205194444933
2009,36,0,6,6,13,19,0.0,0.0014552395829089,0.0161578590377188,0.0499345883323049,0.209082618395739
2009,37,0,5,1,3,6,0.0,0.0023665976473282,0.0055518791374661,0.0255498788447997,0.18162915719449
2009,37,0,2,1,10,7,0.0,0.0009948789778706,0.0052296569739309,0.0699676471006564,0.121025972224665
2009,37,0,7,2,13,13,0.0,0.0016977795133938,0.0053859530125729,0.0499345883323049,0.143056528376032
2009,38,0,8,1,5,7,0.0,0.0037865562357251,0.0055518791374661,0.0425831314079996,0.211900683393572
2009,38,1,2,3,6,3,0.0015973291793841,0.0009948789778706,0.0156889709217929,0.0419805882603939,0.0518682738105707
2009,38,1,10,4,11,10,0.0007820930367194,0.0024253993048483,0.0107719060251459,0.0422523439734887,0.110043483366178
2009,39,0,5,3,12,9,0.0,0.0023665976473282,0.0166556374123984,0.102199515379199,0.272443735791735
2009,39,0,4,2,1,9,0.0,0.0019897579557412,0.0104593139478619,0.0069967647100656,0.155604821431712
2009,39,0,9,5,13,18,0.0,0.0021828593743634,0.0134648825314324,0.0499345883323049,0.198078270059121
2009,40,1,4,4,4,12,0.0015323903874794,0.0018932781178625,0.0222075165498645,0.0340665051263997,0.36325831438898
2009,40,0,5,3,4,5,0.0,0.0024871974446765,0.0156889709217929,0.0279870588402626,0.0864471230176179
2009,40,1,9,7,8,17,0.0007820930367194,0.0021828593743634,0.0188508355440053,0.0307289774352645,0.187073921722503
2009,41,0,4,6,10,5,0.0,0.0018932781178625,0.0333112748247968,0.0851662628159991,0.151357630995408
2009,41,0,2,5,5,6,0.0,0.0009948789778706,0.0261482848696549,0.0349838235503282,0.103736547621141
2009,41,0,6,11,15,11,0.0,0.0014552395829089,0.0296227415691512,0.057616832691121,0.121047831702796
2009,42,0,4,3,4,8,0.0,0.0018932781178625,0.0166556374123984,0.0340665051263997,0.242172209592654
2009,42,0,1,3,3,10,0.0,0.0004974394889353,0.0156889709217929,0.0209902941301969,0.172894246035236
2009,42,0,5,6,7,18,0.0,0.0012126996524241,0.0161578590377188,0.0268878552558565,0.198078270059121
2009,43,0,3,4,10,2,0.0,0.0014199585883969,0.0222075165498645,0.0851662628159991,0.0605430523981634
2009,43,0,1,6,6,7,0.0,0.0004974394889353,0.0313779418435858,0.0419805882603939,0.121025972224665
2009,43,0,4,10,16,9,0.0,0.0009701597219393,0.0269297650628647,0.0614579548705291,0.0990391350295604
2009,44,1,10,4,9,6,0.0015323903874794,0.0047331952946564,0.0222075165498645,0.0766496365343992,0.18162915719449
2009,44,0,6,1,3,8,0.0,0.0029846369336118,0.0052296569739309,0.0209902941301969,0.138315396828189
2009,44,1,16,5,12,14,0.0007820930367194,0.0038806388877572,0.0134648825314324,0.0460934661528968,0.15406087671265
2009,45,0,5,2,9,0,0.0,0.0023665976473282,0.0111037582749323,0.0766496365343992,0.0
2009,45,0,1,1,9,10,0.0,0.0004974394889353,0.0052296569739309,0.0629708823905908,0.172894246035236
2009,45,0,6,3,18,10,0.0,0.0014552395829089,0.0080789295188594,0.0691401992293452,0.110043483366178
2009,46,0,4,2,9,6,0.0,0.0018932781178625,0.0111037582749323,0.0766496365343992,0.18162915719449
2009,46,0,1,3,4,11,0.0,0.0004974394889353,0.0156889709217929,0.0279870588402626,0.190183670638759
2009,46,0,5,5,13,17,0.0,0.0012126996524241,0.0134648825314324,0.0499345883323049,0.187073921722503
2009,47,0,6,3,7,5,0.0,0.0028399171767938,0.0166556374123984,0.0596163839711994,0.151357630995408
2009,47,0,1,2,2,8,0.0,0.0004974394889353,0.0104593139478619,0.0139935294201313,0.138315396828189
2009,47,0,7,5,9,13,0.0,0.0016977795133938,0.0134648825314324,0.0345700996146726,0.143056528376032
2009,48,0,3,3,5,9,0.0,0.0014199585883969,0.0166556374123984,0.0425831314079996,0.272443735791735
2009,48,0,2,1,3,9,0.0,0.0009948789778706,0.0052296569739309,0.0209902941301969,0.155604821431712
2009,48,0,5,4,8,18,0.0,0.0012126996524241,0.0107719060251459,0.0307289774352645,0.198078270059121
2009,49,0,2,3,12,5,0.0,0.0009466390589312,0.0166556374123984,0.102199515379199,0.151357630995408
2009,49,0,7,1,5,7,0.0,0.0034820764225471,0.0052296569739309,0.0349838235503282,0.121025972224665
2009,49,0,9,4,17,12,0.0,0.0021828593743634,0.0107719060251459,0.0652990770499371,0.132052180039414
2009,50,0,6,4,6,4,0.0,0.0028399171767938,0.0222075165498645,0.0510997576895995,0.121086104796327
2009,50,0,1,6,9,9,0.0,0.0004974394889353,0.0313779418435858,0.0629708823905908,0.155604821431712
2009,50,0,7,10,15,13,0.0,0.0016977795133938,0.0269297650628647,0.057616832691121,0.143056528376032
2009,51,0,4,2,2,12,0.0,0.0018932781178625,0.0111037582749323,0.0170332525631998,0.36325831438898
2009,51,0,0,3,4,6,0.0,0.0,0.0156889709217929,0.0279870588402626,0.103736547621141
2009,51,0,4,5,6,18,0.0,0.0009701597219393,0.0134648825314324,0.0230467330764484,0.198078270059121
2009,52,0,8,7,0,4,0.0,0.0037865562357251,0.0388631539622629,0.0,0.121086104796327
2009,52,0,2,2,4,8,0.0,0.0009948789778706,0.0104593139478619,0.0279870588402626,0.138315396828189
2009,52,0,10,9,4,12,0.0,0.0024253993048483,0.0242367885565783,0.0153644887176323,0.132052180039414
2009,53,0,2,4,6,4,0.0,0.0009466390589312,0.0222075165498645,0.0510997576895995,0.121086104796327
2009,53,0,1,1,8,6,0.0,0.0004974394889353,0.0052296569739309,0.0559741176805251,0.103736547621141
2009,53,0,3,5,14,10,0.0,0.0007276197914544,0.0134648825314324,0.0537757105117129,0.110043483366178
2010,1,0,6,3,11,6,0.0,0.0029308806653948,0.0159599611850759,0.0925111472438074,0.178752000788957
2010,1,0,1,1,2,9,0.0,0.0005026675399587,0.0050662345777078,0.0138114487655007,0.152490297929834
2010,1,0,7,4,13,15,0.0,0.0017341529974504,0.0103800220486956,0.0492962036642098,0.16201117446225
2010,2,0,2,2,10,10,0.0,0.0009769602217982,0.0106399741233839,0.0841010429489158,0.297920001314928
2010,2,0,0,1,4,10,0.0,0.0,0.0050662345777078,0.0276228975310014,0.169433664366482
2010,2,0,2,3,14,20,0.0,0.0004954722849858,0.0077850165365216,0.0530882193306875,0.216014899283
2010,3,0,9,1,7,6,0.0,0.0043963209980922,0.0053199870616919,0.0588707300642411,0.178752000788957
2010,3,0,3,1,6,9,0.0,0.0015080026198762,0.0050662345777078,0.0414343462965022,0.152490297929834
2010,3,0,12,2,13,15,0.0,0.0029728337099149,0.0051900110243477,0.0492962036642098,0.16201117446225
2010,4,0,5,1,8,5,0.0,0.0024424005544956,0.0053199870616919,0.0672808343591326,0.148960000657464
2010,4,0,2,2,5,14,0.0,0.0010053350799175,0.0101324691554157,0.0345286219137518,0.237207130113074
2010,4,0,7,3,13,19,0.0,0.0017341529974504,0.0077850165365216,0.0492962036642098,0.20521415431885
2010,5,0,1,4,5,5,0.0,0.0004884801108991,0.0212799482467679,0.0420505214744579,0.148960000657464
2010,5,0,2,1,4,7,0.0,0.0010053350799175,0.0050662345777078,0.0276228975310014,0.118603565056537
2010,5,0,3,5,9,12,0.0,0.0007432084274787,0.0129750275608695,0.0341281409982991,0.1296089395698
2010,6,0,3,4,9,5,0.0,0.0014654403326974,0.0212799482467679,0.0756909386540242,0.148960000657464
2010,6,0,2,1,5,10,0.0,0.0010053350799175,0.0050662345777078,0.0345286219137518,0.169433664366482
2010,6,0,5,5,14,15,0.0,0.0012386807124645,0.0129750275608695,0.0530882193306875,0.16201117446225
2010,7,0,4,5,7,5,0.0,0.0019539204435965,0.0265999353084599,0.0588707300642411,0.148960000657464
2010,7,0,1,2,8,9,0.0,0.0005026675399587,0.0101324691554157,0.0552457950620029,0.152490297929834
2010,7,0,5,7,15,14,0.0,0.0012386807124645,0.0181650385852172,0.0568802349971652,0.1512104294981
2010,8,0,4,3,2,8,0.0,0.0019539204435965,0.0159599611850759,0.0168202085897832,0.238336001051943
2010,8,0,0,1,6,6,0.0,0.0,0.0050662345777078,0.0414343462965022,0.101660198619889
2010,8,0,4,4,8,14,0.0,0.0009909445699716,0.0103800220486956,0.0303361253318214,0.1512104294981
2010,9,1,5,2,6,6,0.0015371433859444,0.0024424005544956,0.0106399741233839,0.0504606257693495,0.178752000788957
2010,9,0,1,1,5,9,0.0,0.0005026675399587,0.0050662345777078,0.0345286219137518,0.152490297929834
2010,9,1,6,3,11,15,0.0007847560440886,0.0014864168549574,0.0077850165365216,0.0417121723312544,0.16201117446225
2010,10,0,3,3,8,8,0.0,0.0014654403326974,0.0159599611850759,0.0672808343591326,0.238336001051943
2010,10,1,1,0,7,8,0.0016032733349493,0.0005026675399587,0.0,0.0483400706792525,0.135546931493185
2010,10,1,4,3,15,16,0.0007847560440886,0.0009909445699716,0.0077850165365216,0.0568802349971652,0.1728119194264
2010,11,0,0,1,7,8,0.0,0.0,0.0053199870616919,0.0588707300642411,0.238336001051943
2010,11,0,0,1,6,8,0.0,0.0,0.0050662345777078,0.0414343462965022,0.135546931493185
2010,11,0,0,2,13,16,0.0,0.0,0.0051900110243477,0.0492962036642098,0.1728119194264
2010,12,0,5,3,3,3,0.0,0.0024424005544956,0.0159599611850759,0.0252303128846747,0.0893760003944785
2010,12,0,3,3,2,8,0.0,0.0015080026198762,0.0151987037331236,0.0138114487655007,0.135546931493185
2010,12,0,8,6,5,11,0.0,0.0019818891399433,0.0155700330730434,0.0189600783323884,0.11880819460565
2010,13,0,6,5,11,7,0.0,0.0029308806653948,0.0265999353084599,0.0925111472438074,0.20854400092045
2010,13,0,4,3,6,8,0.0,0.002010670159835,0.0151987037331236,0.0414343462965022,0.135546931493185
2010,13,0,10,8,17,15,0.0,0.0024773614249291,0.0207600440973911,0.0644642663301205,0.16201117446225
2010,14,0,7,6,8,7,0.0,0.0034193607762939,0.0319199223701518,0.0672808343591326,0.20854400092045
2010,14,1,5,4,7,10,0.0016032733349493,0.0025133376997937,0.0202649383108315,0.0483400706792525,0.169433664366482
2010,14,1,12,10,15,17,0.0007847560440886,0.0029728337099149,0.0259500551217389,0.0568802349971652,0.18361266439055
2010,15,0,4,2,8,7,0.0,0.0019539204435965,0.0106399741233839,0.0672808343591326,0.20854400092045
2010,15,1,1,4,4,9,0.0016032733349493,0.0005026675399587,0.0202649383108315,0.0276228975310014,0.152490297929834
2010,15,1,5,6,12,16,0.0007847560440886,0.0012386807124645,0.0155700330730434,0.0455041879977321,0.1728119194264
2010,16,0,2,2,7,4,0.0,0.0009769602217982,0.0106399741233839,0.0588707300642411,0.119168000525971
2010,16,0,6,3,8,5,0.0,0.0030160052397525,0.0151987037331236,0.0552457950620029,0.0847168321832409
2010,16,0,8,5,15,9,0.0,0.0019818891399433,0.0129750275608695,0.0568802349971652,0.0972067046773501
2010,17,0,1,4,4,8,0.0,0.0004884801108991,0.0212799482467679,0.0336404171795663,0.238336001051943
2010,17,1,0,5,5,12,0.0016032733349493,0.0,0.0253311728885393,0.0345286219137518,0.203320397239778
2010,17,1,1,9,9,20,0.0007847560440886,0.0002477361424929,0.023355049609565,0.0341281409982991,0.216014899283
2010,18,1,6,0,7,10,0.0015371433859444,0.0029308806653948,0.0,0.0588707300642411,0.297920001314928
2010,18,0,2,3,7,10,0.0,0.0010053350799175,0.0151987037331236,0.0483400706792525,0.169433664366482
2010,18,1,8,3,14,20,0.0007847560440886,0.0019818891399433,0.0077850165365216,0.0530882193306875,0.216014899283
2010,19,1,7,1,8,9,0.0015371433859444,0.0034193607762939,0.0053199870616919,0.0672808343591326,0.268128001183436
2010,19,0,3,1,5,12,0.0,0.0015080026198762,0.0050662345777078,0.0345286219137518,0.203320397239778
2010,19,1,10,2,13,21,0.0007847560440886,0.0024773614249291,0.0051900110243477,0.0492962036642098,0.22681564424715
2010,20,1,5,5,3,11,0.0015371433859444,0.0024424005544956,0.0265999353084599,0.0252303128846747,0.327712001446421
2010,20,0,2,2,7,7,0.0,0.0010053350799175,0.0101324691554157,0.0483400706792525,0.118603565056537
2010,20,1,7,7,10,18,0.0007847560440886,0.0017341529974504,0.0181650385852172,0.0379201566647768,0.1944134093547
2010,21,0,3,2,4,7,0.0,0.0014654403326974,0.0106399741233839,0.0336404171795663,0.20854400092045
2010,21,0,6,2,2,11,0.0,0.0030160052397525,0.0101324691554157,0.0138114487655007,0.18637703080313
2010,21,0,9,4,6,18,0.0,0.0022296252824362,0.0103800220486956,0.0227520939988661,0.1944134093547
2010,22,0,3,1,5,8,0.0,0.0014654403326974,0.0053199870616919,0.0420505214744579,0.238336001051943
2010,22,0,2,1,5,7,0.0,0.0010053350799175,0.0050662345777078,0.0345286219137518,0.118603565056537
2010,22,0,5,2,10,15,0.0,0.0012386807124645,0.0051900110243477,0.0379201566647768,0.16201117446225
2010,23,0,4,2,15,6,0.0,0.0019539204435965,0.0106399741233839,0.126151564423374,0.178752000788957
2010,23,0,3,2,5,7,0.0,0.0015080026198762,0.0101324691554157,0.0345286219137518,0.118603565056537
2010,23,0,7,4,20,13,0.0,0.0017341529974504,0.0103800220486956,0.0758403133295535,0.14040968453395
2010,24,0,6,9,12,10,0.0,0.0029308806653948,0.0478798835552277,0.100921251538699,0.297920001314928
2010,24,0,1,4,4,4,0.0,0.0005026675399587,0.0202649383108315,0.0276228975310014,0.0677734657465927
2010,24,0,7,13,16,14,0.0,0.0017341529974504,0.0337350716582606,0.0606722506636428,0.1512104294981
2010,25,0,1,1,4,4,0.0,0.0004884801108991,0.0053199870616919,0.0336404171795663,0.119168000525971
2010,25,0,3,1,3,5,0.0,0.0015080026198762,0.0050662345777078,0.0207171731482511,0.0847168321832409
2010,25,0,4,2,7,9,0.0,0.0009909445699716,0.0051900110243477,0.0265441096653437,0.0972067046773501
2010,26,0,2,4,6,10,0.0,0.0009769602217982,0.0212799482467679,0.0504606257693495,0.297920001314928
2010,26,0,4,3,3,6,0.0,0.002010670159835,0.0151987037331236,0.0207171731482511,0.101660198619889
2010,26,0,6,7,9,16,0.0,0.0014864168549574,0.0181650385852172,0.0341281409982991,0.1728119194264
2010,27,0,2,3,8,4,0.0,0.0009769602217982,0.0159599611850759,0.0672808343591326,0.119168000525971
2010,27,0,1,2,3,10,0.0,0.0005026675399587,0.0101324691554157,0.0207171731482511,0.169433664366482
2010,27,0,3,5,11,14,0.0,0.0007432084274787,0.0129750275608695,0.0417121723312544,0.1512104294981
2010,28,1,7,5,5,6,0.0015371433859444,0.0034193607762939,0.0265999353084599,0.0420505214744579,0.178752000788957
2010,28,0,0,2,5,8,0.0,0.0,0.0101324691554157,0.0345286219137518,0.135546931493185
2010,28,1,7,7,10,14,0.0007847560440886,0.0017341529974504,0.0181650385852172,0.0379201566647768,0.1512104294981
2010,29,0,5,4,9,3,0.0,0.0024424005544956,0.0212799482467679,0.0756909386540242,0.0893760003944785
2010,29,0,1,3,7,6,0.0,0.0005026675399587,0.0151987037331236,0.0483400706792525,0.101660198619889
2010,29,0,6,7,16,9,0.0,0.0014864168549574,0.0181650385852172,0.0606722506636428,0.0972067046773501
2010,30,0,0,4,5,5,0.0,0.0,0.0212799482467679,0.0420505214744579,0.148960000657464
2010,30,0,2,0,12,8,0.0,0.0010053350799175,0.0,0.0828686925930043,0.135546931493185
2010,30,0,2,4,17,13,0.0,0.0004954722849858,0.0103800220486956,0.0644642663301205,0.14040968453395
2010,31,0,2,3,8,9,0.0,0.0009769602217982,0.0159599611850759,0.0672808343591326,0.268128001183436
2010,31,0,3,2,4,9,0.0,0.0015080026198762,0.0101324691554157,0.0276228975310014,0.152490297929834
2010,31,0,5,5,12,18,0.0,0.0012386807124645,0.0129750275608695,0.0455041879977321,0.1944134093547
2010,32,0,6,7,8,7,0.0,0.0029308806653948,0.0372399094318438,0.0672808343591326,0.20854400092045
2010,32,0,3,2,7,8,0.0,0.0015080026198762,0.0101324691554157,0.0483400706792525,0.135546931493185
2010,32,0,9,9,15,15,0.0,0.0022296252824362,0.023355049609565,0.0568802349971652,0.16201117446225
2010,33,0,1,3,9,2,0.0,0.0004884801108991,0.0159599611850759,0.0756909386540242,0.0595840002629857
2010,33,1,0,1,6,7,0.0016032733349493,0.0,0.0050662345777078,0.0414343462965022,0.118603565056537
2010,33,1,1,4,15,9,0.0007847560440886,0.0002477361424929,0.0103800220486956,0.0568802349971652,0.0972067046773501
2010,34,0,4,3,3,7,0.0,0.0019539204435965,0.0159599611850759,0.0252303128846747,0.20854400092045
2010,34,0,4,3,6,7,0.0,0.002010670159835,0.0151987037331236,0.0414343462965022,0.118603565056537
2010,34,0,8,6,9,14,0.0,0.0019818891399433,0.0155700330730434,0.0341281409982991,0.1512104294981
2010,35,0,4,3,9,4,0.0,0.0019539204435965,0.0159599611850759,0.0756909386540242,0.119168000525971
2010,35,0,4,1,4,9,0.0,0.002010670159835,0.0050662345777078,0.0276228975310014,0.152490297929834
2010,35,0,8,4,13,13,0.0,0.0019818891399433,0.0103800220486956,0.0492962036642098,0.14040968453395
2010,36,0,4,5,1,8,0.0,0.0019539204435965,0.0265999353084599,0.0084101042948915,0.238336001051943
2010,36,0,3,3,2,9,0.0,0.0015080026198762,0.0151987037331236,0.0138114487655007,0.152490297929834
2010,36,0,7,8,3,17,0.0,0.0017341529974504,0.0207600440973911,0.011376046999433,0.18361266439055
2010,37,0,4,3,5,2,0.0,0.0019539204435965,0.0159599611850759,0.0420505214744579,0.0595840002629857
2010,37,0,5,3,8,8,0.0,0.0025133376997937,0.0151987037331236,0.0552457950620029,0.135546931493185
2010,37,0,9,6,13,10,0.0,0.0022296252824362,0.0155700330730434,0.0492962036642098,0.1080074496415
2010,38,3,4,2,9,2,0.0046114301578334,0.0019539204435965,0.0106399741233839,0.0756909386540242,0.0595840002629857
2010,38,0,2,1,6,7,0.0,0.0010053350799175,0.0050662345777078,0.0414343462965022,0.118603565056537
2010,38,3,6,3,15,9,0.0023542681322659,0.0014864168549574,0.0077850165365216,0.0568802349971652,0.0972067046773501
2010,39,0,5,2,6,6,0.0,0.0024424005544956,0.0106399741233839,0.0504606257693495,0.178752000788957
2010,39,0,6,5,6,8,0.0,0.0030160052397525,0.0253311728885393,0.0414343462965022,0.135546931493185
2010,39,0,11,7,12,14,0.0,0.002725097567422,0.0181650385852172,0.0455041879977321,0.1512104294981
2010,40,0,5,3,5,4,0.0,0.0024424005544956,0.0159599611850759,0.0420505214744579,0.119168000525971
2010,40,0,3,2,8,8,0.0,0.0015080026198762,0.0101324691554157,0.0552457950620029,0.135546931493185
2010,40,0,8,5,13,12,0.0,0.0019818891399433,0.0129750275608695,0.0492962036642098,0.1296089395698
2010,41,0,4,4,7,6,0.0,0.0019539204435965,0.0212799482467679,0.0588707300642411,0.178752000788957
2010,41,0,4,3,3,10,0.0,0.002010670159835,0.0151987037331236,0.0207171731482511,0.169433664366482
2010,41,0,8,7,10,16,0.0,0.0019818891399433,0.0181650385852172,0.0379201566647768,0.1728119194264
2010,42,0,6,2,7,6,0.0,0.0029308806653948,0.0106399741233839,0.0588707300642411,0.178752000788957
2010,42,1,3,5,7,10,0.0016032733349493,0.0015080026198762,0.0253311728885393,0.0483400706792525,0.169433664366482
2010,42,1,9,7,14,16,0.0007847560440886,0.0022296252824362,0.0181650385852172,0.0530882193306875,0.1728119194264
2010,43,0,3,5,8,10,0.0,0.0014654403326974,0.0265999353084599,0.0672808343591326,0.297920001314928
2010,43,0,3,0,7,6,0.0,0.0015080026198762,0.0,0.0483400706792525,0.101660198619889
2010,43,0,6,5,15,16,0.0,0.0014864168549574,0.0129750275608695,0.0568802349971652,0.1728119194264
2010,44,0,2,2,6,5,0.0,0.0009769602217982,0.0106399741233839,0.0504606257693495,0.148960000657464
2010,44,1,0,2,4,7,0.0016032733349493,0.0,0.0101324691554157,0.0276228975310014,0.118603565056537
2010,44,1,2,4,10,12,0.0007847560440886,0.0004954722849858,0.0103800220486956,0.0379201566647768,0.1296089395698
2010,45,0,2,2,7,8,0.0,0.0009769602217982,0.0106399741233839,0.0588707300642411,0.238336001051943
2010,45,0,1,5,6,7,0.0,0.0005026675399587,0.0253311728885393,0.0414343462965022,0.118603565056537
2010,45,0,3,7,13,15,0.0,0.0007432084274787,0.0181650385852172,0.0492962036642098,0.16201117446225
2010,46,0,6,2,6,9,0.0,0.0029308806653948,0.0106399741233839,0.0504606257693495,0.268128001183436
2010,46,0,0,0,2,0,0.0,0.0,0.0,0.0138114487655007,0.0
2010,46,0,6,2,8,9,0.0,0.0014864168549574,0.0051900110243477,0.0303361253318214,0.0972067046773501
2010,47,1,3,3,7,4,0.0015371433859444,0.0014654403326974,0.0159599611850759,0.0588707300642411,0.119168000525971
2010,47,0,2,2,8,11,0.0,0.0010053350799175,0.0101324691554157,0.0552457950620029,0.18637703080313
2010,47,1,5,5,15,15,0.0007847560440886,0.0012386807124645,0.0129750275608695,0.0568802349971652,0.16201117446225
2010,48,0,2,3,7,4,0.0,0.0009769602217982,0.0159599611850759,0.0588707300642411,0.119168000525971
2010,48,0,1,4,8,8,0.0,0.0005026675399587,0.0202649383108315,0.0552457950620029,0.135546931493185
2010,48,0,3,7,15,12,0.0,0.0007432084274787,0.0181650385852172,0.0568802349971652,0.1296089395698
2010,49,0,6,5,8,4,0.0,0.0029308806653948,0.0265999353084599,0.0672808343591326,0.119168000525971
2010,49,1,2,4,5,8,0.0016032733349493,0.0010053350799175,0.0202649383108315,0.0345286219137518,0.135546931493185
2010,49,1,8,9,13,12,0.0007847560440886,0.0019818891399433,0.023355049609565,0.0492962036642098,0.1296089395698
2010,50,0,4,5,7,7,0.0,0.0019539204435965,0.0265999353084599,0.0588707300642411,0.20854400092045
2010,50,1,2,0,5,10,0.0016032733349493,0.0010053350799175,0.0,0.0345286219137518,0.169433664366482
2010,50,1,6,5,12,17,0.0007847560440886,0.0014864168549574,0.0129750275608695,0.0455041879977321,0.18361266439055
2010,51,0,6,2,6,2,0.0,0.0029308806653948,0.0106399741233839,0.0504606257693495,0.0595840002629857
2010,51,1,1,4,6,13,0.0016032733349493,0.0005026675399587,0.0202649383108315,0.0414343462965022,0.220263763676426
2010,51,1,7,6,12,15,0.0007847560440886,0.0017341529974504,0.0155700330730434,0.0455041879977321,0.16201117446225
2010,52,0,3,4,10,11,0.0,0.0014654403326974,0.0212799482467679,0.0841010429489158,0.327712001446421
2010,52,0,4,3,4,10,0.0,0.002010670159835,0.0151987037331236,0.0276228975310014,0.169433664366482
2010,52,0,7,7,14,21,0.0,0.0017341529974504,0.0181650385852172,0.0530882193306875,0.22681564424715
2011,1,0,4,7,9,8,0.0,0.0019925514680962,0.0356147408215864,0.0753996177068063,0.228597231497114
2011,1,0,1,4,9,11,0.0,0.0005063840522998,0.0196564870110883,0.0620015780334925,0.179966807942886
2011,1,0,5,11,18,19,0.0,0.0012555677823209,0.027497044695245,0.0680473740531348,0.197672805405514
2011,2,1,3,4,6,6,0.0015425458284879,0.0014944136010721,0.0203512804694779,0.0502664118045375,0.171447923622836
2011,2,0,4,2,6,12,0.0,0.0020255362091994,0.0098282435055441,0.0413343853556617,0.196327426846785
2011,2,1,7,6,12,18,0.0007880081030715,0.0017577948952492,0.0149983880155882,0.0453649160354232,0.187268973542066
2011,3,0,5,4,12,7,0.0,0.0024906893351203,0.0203512804694779,0.100532823609075,0.200022577559975
2011,3,0,1,2,4,8,0.0,0.0005063840522998,0.0098282435055441,0.0275562569037744,0.13088495123119
2011,3,0,6,6,16,15,0.0,0.001506681338785,0.0149983880155882,0.0604865547138976,0.156057477951721
2011,4,0,5,5,11,1,0.0,0.0024906893351203,0.0254391005868474,0.0921550883083188,0.0285746539371393
2011,4,0,2,0,10,6,0.0,0.0010127681045997,0.0,0.0688906422594361,0.0981637134233924
2011,4,0,7,5,21,7,0.0,0.0017577948952492,0.0124986566796568,0.0793886030619906,0.0728268230441367
2011,5,0,2,5,9,6,0.0,0.0009962757340481,0.0254391005868474,0.0753996177068063,0.171447923622836
2011,5,0,2,1,9,10,0.0,0.0010127681045997,0.004914121752772,0.0620015780334925,0.163606189038987
2011,5,0,4,6,18,16,0.0,0.0010044542258567,0.0149983880155882,0.0680473740531348,0.16646130981517
2011,6,0,5,2,10,1,0.0,0.0024906893351203,0.010175640234739,0.0837773530075625,0.0285746539371393
2011,6,0,1,1,9,17,0.0,0.0005063840522998,0.004914121752772,0.0620015780334925,0.278130521366278
2011,6,0,6,3,19,18,0.0,0.001506681338785,0.007499194007794,0.0718277837227534,0.187268973542066
2011,7,0,6,3,11,8,0.0,0.0029888272021443,0.0152634603521085,0.0921550883083188,0.228597231497114
2011,7,0,3,1,5,6,0.0,0.0015191521568996,0.004914121752772,0.0344453211297181,0.0981637134233924
2011,7,0,9,4,16,14,0.0,0.0022600220081776,0.0099989253437254,0.0604865547138976,0.145653646088273
2011,8,0,5,6,11,8,0.0,0.0024906893351203,0.0305269207042169,0.0921550883083188,0.228597231497114
2011,8,0,4,2,2,10,0.0,0.0020255362091994,0.0098282435055441,0.0137781284518872,0.163606189038987
2011,8,0,9,8,13,18,0.0,0.0022600220081776,0.0199978506874509,0.0491453257050418,0.187268973542066
2011,9,1,2,1,8,6,0.0015425458284879,0.0009962757340481,0.0050878201173694,0.06702188240605,0.171447923622836
2011,9,0,3,2,5,9,0.0,0.0015191521568996,0.0098282435055441,0.0344453211297181,0.147245570135089
2011,9,1,5,3,13,15,0.0007880081030715,0.0012555677823209,0.007499194007794,0.0491453257050418,0.156057477951721
2011,10,0,1,1,5,6,0.0,0.000498137867024,0.0050878201173694,0.0418886765037813,0.171447923622836
2011,10,0,1,1,5,12,0.0,0.0005063840522998,0.004914121752772,0.0344453211297181,0.196327426846785
2011,10,0,2,2,10,18,0.0,0.0005022271129283,0.0049994626718627,0.037804096696186,0.187268973542066
2011,11,0,9,4,3,6,0.0,0.0044832408032165,0.0203512804694779,0.0251332059022688,0.171447923622836
2011,11,0,0,5,6,8,0.0,0.0,0.0245706087638604,0.0413343853556617,0.13088495123119
2011,11,0,9,9,9,14,0.0,0.0022600220081776,0.0224975820233823,0.0340236870265674,0.145653646088273
2011,12,0,2,3,7,6,0.0,0.0009962757340481,0.0152634603521085,0.0586441471052938,0.171447923622836
2011,12,0,3,4,3,6,0.0,0.0015191521568996,0.0196564870110883,0.0206671926778308,0.0981637134233924
2011,12,0,5,7,10,12,0.0,0.0012555677823209,0.0174981193515195,0.037804096696186,0.124845982361377
2011,13,0,5,2,7,5,0.0,0.0024906893351203,0.010175640234739,0.0586441471052938,0.142873269685696
2011,13,0,2,4,5,9,0.0,0.0010127681045997,0.0196564870110883,0.0344453211297181,0.147245570135089
2011,13,0,7,6,12,14,0.0,0.0017577948952492,0.0149983880155882,0.0453649160354232,0.145653646088273
2011,14,0,6,4,8,10,0.0,0.0029888272021443,0.0203512804694779,0.06702188240605,0.285746539371393
2011,14,0,6,1,5,9,0.0,0.0030383043137992,0.004914121752772,0.0344453211297181,0.147245570135089
2011,14,0,12,5,13,19,0.0,0.0030133626775701,0.0124986566796568,0.0491453257050418,0.197672805405514
2011,15,0,7,1,6,7,0.0,0.0034869650691684,0.0050878201173694,0.0502664118045375,0.200022577559975
2011,15,0,2,0,5,5,0.0,0.0010127681045997,0.0,0.0344453211297181,0.0818030945194937
2011,15,0,9,1,11,12,0.0,0.0022600220081776,0.0024997313359313,0.0415845063658046,0.124845982361377
2011,16,0,3,4,5,3,0.0,0.0014944136010721,0.0203512804694779,0.0418886765037813,0.0857239618114178
2011,16,0,2,2,2,6,0.0,0.0010127681045997,0.0098282435055441,0.0137781284518872,0.0981637134233924
2011,16,0,5,6,7,9,0.0,0.0012555677823209,0.0149983880155882,0.0264628676873302,0.0936344867710329
2011,17,1,0,1,2,8,0.0015425458284879,0.0,0.0050878201173694,0.0167554706015125,0.228597231497114
2011,17,0,3,1,5,12,0.0,0.0015191521568996,0.004914121752772,0.0344453211297181,0.196327426846785
2011,17,1,3,2,7,20,0.0007880081030715,0.0007533406693925,0.0049994626718627,0.0264628676873302,0.208076637268962
2011,18,1,7,3,11,4,0.0015425458284879,0.0034869650691684,0.0152634603521085,0.0921550883083188,0.114298615748557
2011,18,0,0,4,6,9,0.0,0.0,0.0196564870110883,0.0413343853556617,0.147245570135089
2011,18,1,7,7,17,13,0.0007880081030715,0.0017577948952492,0.0174981193515195,0.0642669643835162,0.135249814224825
2011,19,0,4,1,8,8,0.0,0.0019925514680962,0.0050878201173694,0.06702188240605,0.228597231497114
2011,19,0,2,1,3,13,0.0,0.0010127681045997,0.004914121752772,0.0206671926778308,0.212688045750684
2011,19,0,6,2,11,21,0.0,0.001506681338785,0.0049994626718627,0.0415845063658046,0.21848046913241
2011,20,0,5,4,3,4,0.0,0.0024906893351203,0.0203512804694779,0.0251332059022688,0.114298615748557
2011,20,0,2,2,7,5,0.0,0.0010127681045997,0.0098282435055441,0.0482234495816053,0.0818030945194937
2011,20,0,7,6,10,9,0.0,0.0017577948952492,0.0149983880155882,0.037804096696186,0.0936344867710329
2011,21,1,4,6,8,4,0.0015425458284879,0.0019925514680962,0.0305269207042169,0.06702188240605,0.114298615748557
2011,21,0,2,0,8,4,0.0,0.0010127681045997,0.0,0.0551125138075489,0.0654424756155949
2011,21,1,6,6,16,8,0.0007880081030715,0.001506681338785,0.0149983880155882,0.0604865547138976,0.0832306549075848
2011,22,0,1,4,5,6,0.0,0.000498137867024,0.0203512804694779,0.0418886765037813,0.171447923622836
2011,22,0,2,2,8,9,0.0,0.0010127681045997,0.0098282435055441,0.0551125138075489,0.147245570135089
2011,22,0,3,6,13,15,0.0,0.0007533406693925,0.0149983880155882,0.0491453257050418,0.156057477951721
2011,23,0,3,4,4,6,0.0,0.0014944136010721,0.0203512804694779,0.033510941203025,0.171447923622836
2011,23,0,3,1,2,6,0.0,0.0015191521568996,0.004914121752772,0.0137781284518872,0.0981637134233924
2011,23,0,6,5,6,12,0.0,0.001506681338785,0.0124986566796568,0.0226824580177116,0.124845982361377
2011,24,0,3,5,6,4,0.0,0.0014944136010721,0.0254391005868474,0.0502664118045375,0.114298615748557
2011,24,0,3,1,6,9,0.0,0.0015191521568996,0.004914121752772,0.0413343853556617,0.147245570135089
2011,24,0,6,6,12,13,0.0,0.001506681338785,0.0149983880155882,0.0453649160354232,0.135249814224825
2011,25,1,3,1,3,7,0.0015425458284879,0.0014944136010721,0.0050878201173694,0.0251332059022688,0.200022577559975
2011,25,0,2,4,9,7,0.0,0.0010127681045997,0.0196564870110883,0.0620015780334925,0.114524332327291
2011,25,1,5,5,12,14,0.0007880081030715,0.0012555677823209,0.0124986566796568,0.0453649160354232,0.145653646088273
2011,26,2,4,2,4,5,0.0030850916569758,0.0019925514680962,0.010175640234739,0.033510941203025,0.142873269685696
2011,26,0,5,1,4,2,0.0,0.0025319202614993,0.004914121752772,0.0275562569037744,0.0327212378077975
2011,26,2,9,3,8,7,0.0015760162061431,0.0022600220081776,0.007499194007794,0.0302432773569488,0.0728268230441367
2011,27,0,2,2,0,5,0.0,0.0009962757340481,0.010175640234739,0.0,0.142873269685696
2011,27,0,3,4,4,13,0.0,0.0015191521568996,0.0196564870110883,0.0275562569037744,0.212688045750684
2011,27,0,5,6,4,18,0.0,0.0012555677823209,0.0149983880155882,0.0151216386784744,0.187268973542066
2011,28,0,4,5,7,9,0.0,0.0019925514680962,0.0254391005868474,0.0586441471052938,0.257171885434254
2011,28,0,1,1,7,6,0.0,0.0005063840522998,0.004914121752772,0.0482234495816053,0.0981637134233924
2011,28,0,5,6,14,15,0.0,0.0012555677823209,0.0149983880155882,0.0529257353746604,0.156057477951721
2011,29,0,6,2,4,2,0.0,0.0029888272021443,0.010175640234739,0.033510941203025,0.0571493078742786
2011,29,0,2,4,6,7,0.0,0.0010127681045997,0.0196564870110883,0.0413343853556617,0.114524332327291
2011,29,0,8,6,10,9,0.0,0.0020089084517134,0.0149983880155882,0.037804096696186,0.0936344867710329
2011,30,0,2,3,2,5,0.0,0.0009962757340481,0.0152634603521085,0.0167554706015125,0.142873269685696
2011,30,0,1,3,7,6,0.0,0.0005063840522998,0.0147423652583163,0.0482234495816053,0.0981637134233924
2011,30,0,3,6,9,11,0.0,0.0007533406693925,0.0149983880155882,0.0340236870265674,0.114442150497929
2011,31,0,7,4,4,6,0.0,0.0034869650691684,0.0203512804694779,0.033510941203025,0.171447923622836
2011,31,1,4,4,2,8,0.0016109712891254,0.0020255362091994,0.0196564870110883,0.0137781284518872,0.13088495123119
2011,31,1,11,8,6,14,0.0007880081030715,0.002762249121106,0.0199978506874509,0.0226824580177116,0.145653646088273
2011,32,0,3,4,11,2,0.0,0.0014944136010721,0.0203512804694779,0.0921550883083188,0.0571493078742786
2011,32,1,3,1,6,6,0.0016109712891254,0.0015191521568996,0.004914121752772,0.0413343853556617,0.0981637134233924
2011,32,1,6,5,17,8,0.0007880081030715,0.001506681338785,0.0124986566796568,0.0642669643835162,0.0832306549075848
2011,33,0,1,3,9,7,0.0,0.000498137867024,0.0152634603521085,0.0753996177068063,0.200022577559975
2011,33,1,3,2,8,7,0.0016109712891254,0.0015191521568996,0.0098282435055441,0.0551125138075489,0.114524332327291
2011,33,1,4,5,17,14,0.0007880081030715,0.0010044542258567,0.0124986566796568,0.0642669643835162,0.145653646088273
2011,34,0,0,4,5,6,0.0,0.0,0.0203512804694779,0.0418886765037813,0.171447923622836
2011,34,0,5,1,7,6,0.0,0.0025319202614993,0.004914121752772,0.0482234495816053,0.0981637134233924
2011,34,0,5,5,12,12,0.0,0.0012555677823209,0.0124986566796568,0.0453649160354232,0.124845982361377
2011,35,0,3,5,4,8,0.0,0.0014944136010721,0.0254391005868474,0.033510941203025,0.228597231497114
2011,35,0,1,5,4,13,0.0,0.0005063840522998,0.0245706087638604,0.0275562569037744,0.212688045750684
2011,35,0,4,10,8,21,0.0,0.0010044542258567,0.0249973133593136,0.0302432773569488,0.21848046913241
2011,36,0,4,2,8,5,0.0,0.0019925514680962,0.010175640234739,0.06702188240605,0.142873269685696
2011,36,0,2,2,6,5,0.0,0.0010127681045997,0.0098282435055441,0.0413343853556617,0.0818030945194937
2011,36,0,6,4,14,10,0.0,0.001506681338785,0.0099989253437254,0.0529257353746604,0.104038318634481
2011,37,0,0,3,5,6,0.0,0.0,0.0152634603521085,0.0418886765037813,0.171447923622836
2011,37,0,3,1,6,5,0.0,0.0015191521568996,0.004914121752772,0.0413343853556617,0.0818030945194937
2011,37,0,3,4,11,11,0.0,0.0007533406693925,0.0099989253437254,0.0415845063658046,0.114442150497929
2011,38,1,2,3,5,4,0.0015425458284879,0.0009962757340481,0.0152634603521085,0.0418886765037813,0.114298615748557
2011,38,0,4,4,7,10,0.0,0.0020255362091994,0.0196564870110883,0.0482234495816053,0.163606189038987
2011,38,1,6,7,12,14,0.0007880081030715,0.001506681338785,0.0174981193515195,0.0453649160354232,0.145653646088273
2011,39,1,4,1,11,3,0.0015425458284879,0.0019925514680962,0.0050878201173694,0.0921550883083188,0.0857239618114178
2011,39,0,2,2,3,14,0.0,0.0010127681045997,0.0098282435055441,0.0206671926778308,0.229048664654582
2011,39,1,6,3,14,17,0.0007880081030715,0.001506681338785,0.007499194007794,0.0529257353746604,0.176865141678618
2011,40,0,3,3,5,7,0.0,0.0014944136010721,0.0152634603521085,0.0418886765037813,0.200022577559975
2011,40,0,2,3,5,6,0.0,0.0010127681045997,0.0147423652583163,0.0344453211297181,0.0981637134233924
2011,40,0,5,6,10,13,0.0,0.0012555677823209,0.0149983880155882,0.037804096696186,0.135249814224825
2011,41,0,6,5,4,3,0.0,0.0029888272021443,0.0254391005868474,0.033510941203025,0.0857239618114178
2011,41,0,4,4,4,11,0.0,0.0020255362091994,0.0196564870110883,0.0275562569037744,0.179966807942886
2011,41,0,10,9,8,14,0.0,0.0025111355646418,0.0224975820233823,0.0302432773569488,0.145653646088273
2011,42,0,1,3,5,6,0.0,0.000498137867024,0.0152634603521085,0.0418886765037813,0.171447923622836
2011,42,0,2,1,8,14,0.0,0.0010127681045997,0.004914121752772,0.0551125138075489,0.229048664654582
2011,42,0,3,4,13,20,0.0,0.0007533406693925,0.0099989253437254,0.0491453257050418,0.208076637268962
2011,43,0,7,2,5,6,0.0,0.0034869650691684,0.010175640234739,0.0418886765037813,0.171447923622836
2011,43,0,3,4,5,7,0.0,0.0015191521568996,0.0196564870110883,0.0344453211297181,0.114524332327291
2011,43,0,10,6,10,13,0.0,0.0025111355646418,0.0149983880155882,0.037804096696186,0.135249814224825
2011,44,0,2,7,4,4,0.0,0.0009962757340481,0.0356147408215864,0.033510941203025,0.114298615748557
2011,44,0,4,2,6,7,0.0,0.0020255362091994,0.0098282435055441,0.0413343853556617,0.114524332327291
2011,44,0,6,9,10,11,0.0,0.001506681338785,0.0224975820233823,0.037804096696186,0.114442150497929
2011,45,0,5,1,8,7,0.0,0.0024906893351203,0.0050878201173694,0.06702188240605,0.200022577559975
2011,45,0,2,4,3,8,0.0,0.0010127681045997,0.0196564870110883,0.0206671926778308,0.13088495123119
2011,45,0,7,5,11,15,0.0,0.0017577948952492,0.0124986566796568,0.0415845063658046,0.156057477951721
2011,46,0,1,3,5,3,0.0,0.000498137867024,0.0152634603521085,0.0418886765037813,0.0857239618114178
2011,46,1,1,1,3,7,0.0016109712891254,0.0005063840522998,0.004914121752772,0.0206671926778308,0.114524332327291
2011,46,1,2,4,8,10,0.0007880081030715,0.0005022271129283,0.0099989253437254,0.0302432773569488,0.104038318634481
2011,47,0,1,4,7,8,0.0,0.000498137867024,0.0203512804694779,0.0586441471052938,0.228597231497114
2011,47,0,5,4,4,11,0.0,0.0025319202614993,0.0196564870110883,0.0275562569037744,0.179966807942886
2011,47,0,6,8,11,19,0.0,0.001506681338785,0.0199978506874509,0.0415845063658046,0.197672805405514
2011,48,0,2,3,8,4,0.0,0.0009962757340481,0.0152634603521085,0.06702188240605,0.114298615748557
2011,48,0,3,2,7,12,0.0,0.0015191521568996,0.0098282435055441,0.0482234495816053,0.196327426846785
2011,48,0,5,5,15,16,0.0,0.0012555677823209,0.0124986566796568,0.056706145044279,0.16646130981517
2011,49,0,4,1,6,4,0.0,0.0019925514680962,0.0050878201173694,0.0502664118045375,0.114298615748557
2011,49,0,1,2,5,6,0.0,0.0005063840522998,0.0098282435055441,0.0344453211297181,0.0981637134233924
2011,49,0,5,3,11,10,0.0,0.0012555677823209,0.007499194007794,0.0415845063658046,0.104038318634481
2011,50,0,8,5,5,4,0.0,0.0039851029361924,0.0254391005868474,0.0418886765037813,0.114298615748557
2011,50,1,3,3,4,5,0.0016109712891254,0.0015191521568996,0.0147423652583163,0.0275562569037744,0.0818030945194937
2011,50,1,11,8,9,9,0.0007880081030715,0.002762249121106,0.0199978506874509,0.0340236870265674,0.0936344867710329
2011,51,0,5,5,7,9,0.0,0.0024906893351203,0.0254391005868474,0.0586441471052938,0.257171885434254
2011,51,0,3,2,7,15,0.0,0.0015191521568996,0.0098282435055441,0.0482234495816053,0.245409283558481
2011,51,0,8,7,14,24,0.0,0.0020089084517134,0.0174981193515195,0.0529257353746604,0.249691964722754
2011,52,0,2,3,6,8,0.0,0.0009962757340481,0.0152634603521085,0.0502664118045375,0.228597231497114
2011,52,0,1,1,7,6,0.0,0.0005063840522998,0.004914121752772,0.0482234495816053,0.0981637134233924
2011,52,0,3,4,13,14,0.0,0.0007533406693925,0.0099989253437254,0.0491453257050418,0.145653646088273
2012,1,0,6,5,6,8,0.0,0.0029824771875378,0.0241701659775492,0.0498158338283583,0.215007334876792
2012,1,0,2,4,11,15,0.0,0.0010070995082462,0.0189625597437084,0.0758579795269742,0.235470824795591
2012,1,0,8,9,17,23,0.0,0.0020011748958463,0.0215409648489095,0.0640418427567322,0.227925440232445
2012,2,0,4,2,10,5,0.0,0.0019883181250252,0.0096680663910196,0.0830263897139305,0.134379584297995
2012,2,0,1,3,8,9,0.0,0.0005035497541231,0.0142219198077813,0.0551694396559812,0.141282494877355
2012,2,0,5,5,18,14,0.0,0.0012507343099039,0.0119672026938386,0.0678090099777165,0.138737224489315
2012,3,1,5,3,9,8,0.0015455415804222,0.0024853976562815,0.0145020995865295,0.0747237507425375,0.215007334876792
2012,3,0,2,4,6,5,0.0,0.0010070995082462,0.0189625597437084,0.0413770797419859,0.0784902749318636
2012,3,1,7,7,15,13,0.0007893964179556,0.0017510280338655,0.016754083771374,0.0565075083147637,0.128827422740078
2012,4,0,6,9,4,6,0.0,0.0029824771875378,0.0435062987595885,0.0332105558855722,0.161255501157594
2012,4,0,3,4,5,9,0.0,0.0015106492623693,0.0189625597437084,0.0344808997849883,0.141282494877355
2012,4,0,9,13,9,15,0.0,0.0022513217578271,0.0311147270039803,0.0339045049888582,0.148647026238551
2012,5,0,2,3,11,4,0.0,0.0009941590625126,0.0145020995865295,0.0913290286853236,0.107503667438396
2012,5,0,2,1,5,9,0.0,0.0010070995082462,0.0047406399359271,0.0344808997849883,0.141282494877355
2012,5,0,4,4,16,13,0.0,0.0010005874479231,0.0095737621550708,0.060274675535748,0.128827422740078
2012,6,0,7,1,8,6,0.0,0.0034795567187941,0.0048340331955098,0.0664211117711444,0.161255501157594
2012,6,0,6,3,7,9,0.0,0.0030212985247386,0.0142219198077813,0.0482732596989836,0.141282494877355
2012,6,0,13,4,15,15,0.0,0.0032519092057502,0.0095737621550708,0.0565075083147637,0.148647026238551
2012,7,0,3,1,7,6,0.0,0.0014912385937689,0.0048340331955098,0.0581184727997514,0.161255501157594
2012,7,1,4,3,4,11,0.001613506305333,0.0020141990164924,0.0142219198077813,0.0275847198279906,0.1726786048501
2012,7,1,7,4,11,17,0.0007893964179556,0.0017510280338655,0.0095737621550708,0.0414388394308267,0.168466629737025
2012,8,0,6,4,3,4,0.0,0.0029824771875378,0.0193361327820393,0.0249079169141792,0.107503667438396
2012,8,0,5,3,8,14,0.0,0.0025177487706155,0.0142219198077813,0.0551694396559812,0.219772769809218
2012,8,0,11,7,11,18,0.0,0.0027516154817887,0.016754083771374,0.0414388394308267,0.178376431486262
2012,9,0,7,3,7,6,0.0,0.0034795567187941,0.0145020995865295,0.0581184727997514,0.161255501157594
2012,9,0,3,4,7,15,0.0,0.0015106492623693,0.0189625597437084,0.0482732596989836,0.235470824795591
2012,9,0,10,7,14,21,0.0,0.0025014686198079,0.016754083771374,0.0527403410937795,0.208105836733972
2012,10,0,3,1,3,8,0.0,0.0014912385937689,0.0048340331955098,0.0249079169141792,0.215007334876792
2012,10,0,5,1,4,9,0.0,0.0025177487706155,0.0047406399359271,0.0275847198279906,0.141282494877355
2012,10,0,8,2,7,17,0.0,0.0020011748958463,0.0047868810775354,0.0263701705468897,0.168466629737025
2012,11,0,7,2,6,10,0.0,0.0034795567187941,0.0096680663910196,0.0498158338283583,0.26875916859599
2012,11,0,4,2,3,3,0.0,0.0020141990164924,0.0094812798718542,0.020688539870993,0.0470941649591182
2012,11,0,11,4,9,13,0.0,0.0027516154817887,0.0095737621550708,0.0339045049888582,0.128827422740078
2012,12,0,3,1,5,8,0.0,0.0014912385937689,0.0048340331955098,0.0415131948569653,0.215007334876792
2012,12,0,2,1,8,9,0.0,0.0010070995082462,0.0047406399359271,0.0551694396559812,0.141282494877355
2012,12,0,5,2,13,17,0.0,0.0012507343099039,0.0047868810775354,0.0489731738727952,0.168466629737025
2012,13,0,10,5,7,9,0.0,0.004970795312563,0.0241701659775492,0.0581184727997514,0.241883251736391
2012,13,0,2,3,5,9,0.0,0.0010070995082462,0.0142219198077813,0.0344808997849883,0.141282494877355
2012,13,0,12,8,12,18,0.0,0.0030017623437695,0.0191475243101417,0.045206006651811,0.178376431486262
2012,14,0,2,5,8,5,0.0,0.0009941590625126,0.0241701659775492,0.0664211117711444,0.134379584297995
2012,14,0,2,1,4,9,0.0,0.0010070995082462,0.0047406399359271,0.0275847198279906,0.141282494877355
2012,14,0,4,6,12,14,0.0,0.0010005874479231,0.0143606432326063,0.045206006651811,0.138737224489315
2012,15,0,2,1,2,4,0.0,0.0009941590625126,0.0048340331955098,0.0166052779427861,0.107503667438396
2012,15,0,0,3,3,6,0.0,0.0,0.0142219198077813,0.020688539870993,0.0941883299182364
2012,15,0,2,4,5,10,0.0,0.0005002937239615,0.0095737621550708,0.0188358361049212,0.0990980174923675
2012,16,0,4,1,7,3,0.0,0.0019883181250252,0.0048340331955098,0.0581184727997514,0.0806277505787969
2012,16,0,2,4,6,13,0.0,0.0010070995082462,0.0189625597437084,0.0413770797419859,0.204074714822845
2012,16,0,6,5,13,16,0.0,0.0015008811718847,0.0119672026938386,0.0489731738727952,0.158556827987788
2012,17,0,5,4,3,6,0.0,0.0024853976562815,0.0193361327820393,0.0249079169141792,0.161255501157594
2012,17,0,1,3,6,7,0.0,0.0005035497541231,0.0142219198077813,0.0413770797419859,0.109886384904609
2012,17,0,6,7,9,13,0.0,0.0015008811718847,0.016754083771374,0.0339045049888582,0.128827422740078
2012,18,0,2,3,5,3,0.0,0.0009941590625126,0.0145020995865295,0.0415131948569653,0.0806277505787969
2012,18,0,2,1,6,12,0.0,0.0010070995082462,0.0047406399359271,0.0413770797419859,0.188376659836473
2012,18,0,4,4,11,15,0.0,0.0010005874479231,0.0095737621550708,0.0414388394308267,0.148647026238551
2012,19,0,3,2,5,2,0.0,0.0014912385937689,0.0096680663910196,0.0415131948569653,0.053751833719198
2012,19,0,2,0,6,4,0.0,0.0010070995082462,0.0,0.0413770797419859,0.0627922199454909
2012,19,0,5,2,11,6,0.0,0.0012507343099039,0.0047868810775354,0.0414388394308267,0.0594588104954205
2012,20,0,10,3,6,4,0.0,0.004970795312563,0.0145020995865295,0.0498158338283583,0.107503667438396
2012,20,0,1,3,7,10,0.0,0.0005035497541231,0.0142219198077813,0.0482732596989836,0.156980549863727
2012,20,0,11,6,13,14,0.0,0.0027516154817887,0.0143606432326063,0.0489731738727952,0.138737224489315
2012,21,0,1,4,9,5,0.0,0.0004970795312563,0.0193361327820393,0.0747237507425375,0.134379584297995
2012,21,1,1,5,3,12,0.001613506305333,0.0005035497541231,0.0237031996796355,0.020688539870993,0.188376659836473
2012,21,1,2,9,12,17,0.0007893964179556,0.0005002937239615,0.0215409648489095,0.045206006651811,0.168466629737025
2012,22,1,3,0,3,2,0.0015455415804222,0.0014912385937689,0.0,0.0249079169141792,0.053751833719198
2012,22,0,1,1,6,8,0.0,0.0005035497541231,0.0047406399359271,0.0413770797419859,0.125584439890982
2012,22,1,4,1,9,10,0.0007893964179556,0.0010005874479231,0.0023934405387677,0.0339045049888582,0.0990980174923675
2012,23,0,1,4,6,7,0.0,0.0004970795312563,0.0193361327820393,0.0498158338283583,0.188131418017193
2012,23,0,0,3,1,5,0.0,0.0,0.0142219198077813,0.0068961799569976,0.0784902749318636
2012,23,0,1,7,7,12,0.0,0.0002501468619807,0.016754083771374,0.0263701705468897,0.118917620990841
2012,24,1,1,4,3,2,0.0015455415804222,0.0004970795312563,0.0193361327820393,0.0249079169141792,0.053751833719198
2012,24,0,1,5,5,5,0.0,0.0005035497541231,0.0237031996796355,0.0344808997849883,0.0784902749318636
2012,24,1,2,9,8,7,0.0007893964179556,0.0005002937239615,0.0215409648489095,0.030137337767874,0.0693686122446573
2012,25,1,6,1,2,7,0.0015455415804222,0.0029824771875378,0.0048340331955098,0.0166052779427861,0.188131418017193
2012,25,0,1,4,10,7,0.0,0.0005035497541231,0.0189625597437084,0.0689617995699765,0.109886384904609
2012,25,1,7,5,12,14,0.0007893964179556,0.0017510280338655,0.0119672026938386,0.045206006651811,0.138737224489315
2012,26,0,2,2,4,6,0.0,0.0009941590625126,0.0096680663910196,0.0332105558855722,0.161255501157594
2012,26,1,3,4,7,9,0.001613506305333,0.0015106492623693,0.0189625597437084,0.0482732596989836,0.141282494877355
2012,26,1,5,6,11,15,0.0007893964179556,0.0012507343099039,0.0143606432326063,0.0414388394308267,0.148647026238551
2012,27,0,4,0,4,6,0.0,0.0019883181250252,0.0,0.0332105558855722,0.161255501157594
2012,27,0,1,2,4,10,0.0,0.0005035497541231,0.0094812798718542,0.0275847198279906,0.156980549863727
2012,27,0,5,2,8,16,0.0,0.0012507343099039,0.0047868810775354,0.030137337767874,0.158556827987788
2012,28,0,1,3,3,7,0.0,0.0004970795312563,0.0145020995865295,0.0249079169141792,0.188131418017193
2012,28,0,0,0,2,12,0.0,0.0,0.0,0.0137923599139953,0.188376659836473
2012,28,0,1,3,5,19,0.0,0.0002501468619807,0.0071803216163031,0.0188358361049212,0.188286233235498
2012,29,0,4,3,6,7,0.0,0.0019883181250252,0.0145020995865295,0.0498158338283583,0.188131418017193
2012,29,0,3,3,4,6,0.0,0.0015106492623693,0.0142219198077813,0.0275847198279906,0.0941883299182364
2012,29,0,7,6,10,13,0.0,0.0017510280338655,0.0143606432326063,0.0376716722098425,0.128827422740078
2012,30,0,4,2,9,5,0.0,0.0019883181250252,0.0096680663910196,0.0747237507425375,0.134379584297995
2012,30,0,2,2,8,9,0.0,0.0010070995082462,0.0094812798718542,0.0551694396559812,0.141282494877355
2012,30,0,6,4,17,14,0.0,0.0015008811718847,0.0095737621550708,0.0640418427567322,0.138737224489315
2012,31,0,2,8,3,3,0.0,0.0009941590625126,0.0386722655640787,0.0249079169141792,0.0806277505787969
2012,31,0,2,2,5,10,0.0,0.0010070995082462,0.0094812798718542,0.0344808997849883,0.156980549863727
2012,31,0,4,10,8,13,0.0,0.0010005874479231,0.0239344053876772,0.030137337767874,0.128827422740078
2012,32,0,4,1,10,2,0.0,0.0019883181250252,0.0048340331955098,0.0830263897139305,0.053751833719198
2012,32,1,3,0,9,8,0.001613506305333,0.0015106492623693,0.0,0.0620656196129789,0.125584439890982
2012,32,1,7,1,19,10,0.0007893964179556,0.0017510280338655,0.0023934405387677,0.0715761771987007,0.0990980174923675
2012,33,0,1,2,3,6,0.0,0.0004970795312563,0.0096680663910196,0.0249079169141792,0.161255501157594
2012,33,0,7,4,3,10,0.0,0.0035248482788617,0.0189625597437084,0.020688539870993,0.156980549863727
2012,33,0,8,6,6,16,0.0,0.0020011748958463,0.0143606432326063,0.0226030033259055,0.158556827987788
2012,34,0,8,5,7,6,0.0,0.0039766362500504,0.0241701659775492,0.0581184727997514,0.161255501157594
2012,34,0,2,2,5,7,0.0,0.0010070995082462,0.0094812798718542,0.0344808997849883,0.109886384904609
2012,34,0,10,7,12,13,0.0,0.0025014686198079,0.016754083771374,0.045206006651811,0.128827422740078
2012,35,0,3,3,9,8,0.0,0.0014912385937689,0.0145020995865295,0.0747237507425375,0.215007334876792
2012,35,0,1,6,3,7,0.0,0.0005035497541231,0.0284438396155626,0.020688539870993,0.109886384904609
2012,35,0,4,9,12,15,0.0,0.0010005874479231,0.0215409648489095,0.045206006651811,0.148647026238551
2012,36,0,2,1,2,5,0.0,0.0009941590625126,0.0048340331955098,0.0166052779427861,0.134379584297995
2012,36,0,1,1,7,7,0.0,0.0005035497541231,0.0047406399359271,0.0482732596989836,0.109886384904609
2012,36,0,3,2,9,12,0.0,0.0007504405859423,0.0047868810775354,0.0339045049888582,0.118917620990841
2012,37,0,3,2,4,5,0.0,0.0014912385937689,0.0096680663910196,0.0332105558855722,0.134379584297995
2012,37,0,3,1,9,10,0.0,0.0015106492623693,0.0047406399359271,0.0620656196129789,0.156980549863727
2012,37,0,6,3,13,15,0.0,0.0015008811718847,0.0071803216163031,0.0489731738727952,0.148647026238551
2012,38,0,4,2,7,5,0.0,0.0019883181250252,0.0096680663910196,0.0581184727997514,0.134379584297995
2012,38,0,5,4,4,8,0.0,0.0025177487706155,0.0189625597437084,0.0275847198279906,0.125584439890982
2012,38,0,9,6,11,13,0.0,0.0022513217578271,0.0143606432326063,0.0414388394308267,0.128827422740078
2012,39,0,4,3,3,8,0.0,0.0019883181250252,0.0145020995865295,0.0249079169141792,0.215007334876792
2012,39,0,1,3,6,5,0.0,0.0005035497541231,0.0142219198077813,0.0413770797419859,0.0784902749318636
2012,39,0,5,6,9,13,0.0,0.0012507343099039,0.0143606432326063,0.0339045049888582,0.128827422740078
2012,40,0,2,3,8,5,0.0,0.0009941590625126,0.0145020995865295,0.0664211117711444,0.134379584297995
2012,40,0,2,3,4,9,0.0,0.0010070995082462,0.0142219198077813,0.0275847198279906,0.141282494877355
2012,40,0,4,6,12,14,0.0,0.0010005874479231,0.0143606432326063,0.045206006651811,0.138737224489315
2012,41,0,6,1,7,3,0.0,0.0029824771875378,0.0048340331955098,0.0581184727997514,0.0806277505787969
2012,41,0,6,5,11,8,0.0,0.0030212985247386,0.0237031996796355,0.0758579795269742,0.125584439890982
2012,41,0,12,6,18,11,0.0,0.0030017623437695,0.0143606432326063,0.0678090099777165,0.109007819241604
2012,42,1,6,2,4,6,0.0015455415804222,0.0029824771875378,0.0096680663910196,0.0332105558855722,0.161255501157594
2012,42,0,3,0,8,14,0.0,0.0015106492623693,0.0,0.0551694396559812,0.219772769809218
2012,42,1,9,2,12,20,0.0007893964179556,0.0022513217578271,0.0047868810775354,0.045206006651811,0.198196034984735
2012,43,0,4,1,5,6,0.0,0.0019883181250252,0.0048340331955098,0.0415131948569653,0.161255501157594
2012,43,0,3,1,8,10,0.0,0.0015106492623693,0.0047406399359271,0.0551694396559812,0.156980549863727
2012,43,0,7,2,13,16,0.0,0.0017510280338655,0.0047868810775354,0.0489731738727952,0.158556827987788
2012,44,0,6,3,5,4,0.0,0.0029824771875378,0.0145020995865295,0.0415131948569653,0.107503667438396
2012,44,0,0,3,4,7,0.0,0.0,0.0142219198077813,0.0275847198279906,0.109886384904609
2012,44,0,6,6,9,11,0.0,0.0015008811718847,0.0143606432326063,0.0339045049888582,0.109007819241604
2012,45,0,3,3,6,5,0.0,0.0014912385937689,0.0145020995865295,0.0498158338283583,0.134379584297995
2012,45,1,2,1,11,5,0.001613506305333,0.0010070995082462,0.0047406399359271,0.0758579795269742,0.0784902749318636
2012,45,1,5,4,17,10,0.0007893964179556,0.0012507343099039,0.0095737621550708,0.0640418427567322,0.0990980174923675
2012,46,0,10,1,4,6,0.0,0.004970795312563,0.0048340331955098,0.0332105558855722,0.161255501157594
2012,46,0,3,4,8,5,0.0,0.0015106492623693,0.0189625597437084,0.0551694396559812,0.0784902749318636
2012,46,0,13,5,12,11,0.0,0.0032519092057502,0.0119672026938386,0.045206006651811,0.109007819241604
2012,47,0,2,5,3,6,0.0,0.0009941590625126,0.0241701659775492,0.0249079169141792,0.161255501157594
2012,47,0,1,2,4,8,0.0,0.0005035497541231,0.0094812798718542,0.0275847198279906,0.125584439890982
2012,47,0,3,7,7,14,0.0,0.0007504405859423,0.016754083771374,0.0263701705468897,0.138737224489315
2012,48,0,1,5,2,1,0.0,0.0004970795312563,0.0241701659775492,0.0166052779427861,0.026875916859599
2012,48,0,2,3,4,4,0.0,0.0010070995082462,0.0142219198077813,0.0275847198279906,0.0627922199454909
2012,48,0,3,8,6,5,0.0,0.0007504405859423,0.0191475243101417,0.0226030033259055,0.0495490087461838
2012,49,0,2,3,7,6,0.0,0.0009941590625126,0.0145020995865295,0.0581184727997514,0.161255501157594
2012,49,0,3,2,5,7,0.0,0.0015106492623693,0.0094812798718542,0.0344808997849883,0.109886384904609
2012,49,0,5,5,12,13,0.0,0.0012507343099039,0.0119672026938386,0.045206006651811,0.128827422740078
2012,50,0,3,3,5,8,0.0,0.0014912385937689,0.0145020995865295,0.0415131948569653,0.215007334876792
2012,50,0,1,1,2,10,0.0,0.0005035497541231,0.0047406399359271,0.0137923599139953,0.156980549863727
2012,50,0,4,4,7,18,0.0,0.0010005874479231,0.0095737621550708,0.0263701705468897,0.178376431486262
2012,51,0,5,6,9,5,0.0,0.0024853976562815,0.029004199173059,0.0747237507425375,0.134379584297995
2012,51,0,4,1,3,9,0.0,0.0020141990164924,0.0047406399359271,0.020688539870993,0.141282494877355
2012,51,0,9,7,12,14,0.0,0.0022513217578271,0.016754083771374,0.045206006651811,0.138737224489315
2012,52,0,5,3,14,9,0.0,0.0024853976562815,0.0145020995865295,0.116236945599503,0.241883251736391
2012,52,0,4,1,3,8,0.0,0.0020141990164924,0.0047406399359271,0.020688539870993,0.125584439890982
2012,52,0,9,4,17,17,0.0,0.0022513217578271,0.0095737621550708,0.0640418427567322,0.168466629737025
2013,1,0,2,4,3,8,0.0,0.0009867838226558,0.0183366593877298,0.0247044502078067,0.204858560740301
2013,1,0,1,2,7,10,0.0,0.0004997004844537,0.0089967929438648,0.0486297566105964,0.151621902443627
2013,1,0,3,6,10,18,0.0,0.0007447892406488,0.013622627087383,0.0376817581495163,0.171420627873442
2013,2,0,2,14,10,10,0.0,0.0009867838226558,0.0641783078570543,0.0823481673593556,0.256073200925376
2013,2,0,1,2,3,12,0.0,0.0004997004844537,0.0089967929438648,0.0208413242616842,0.181946282932352
2013,2,0,3,16,13,22,0.0,0.0007447892406488,0.0363270055663546,0.0489862855943711,0.209514100734207
2013,3,0,3,4,5,2,0.0,0.0014801757339838,0.0183366593877298,0.0411740836796778,0.0512146401850753
2013,3,0,3,3,5,7,0.0,0.0014991014533611,0.0134951894157973,0.0347355404361403,0.106135331710539
2013,3,0,6,7,10,9,0.0,0.0014895784812976,0.0158930649352801,0.0376817581495163,0.085710313936721
2013,4,0,5,3,6,5,0.0,0.0024669595566396,0.0137524945407973,0.0494089004156134,0.128036600462688
2013,4,0,3,1,7,7,0.0,0.0014991014533611,0.0044983964719324,0.0486297566105964,0.106135331710539
2013,4,0,8,4,13,12,0.0,0.0019861046417302,0.0090817513915886,0.0489862855943711,0.114280418582295
2013,5,0,1,10,3,6,0.0,0.0004933919113279,0.0458416484693245,0.0247044502078067,0.153643920555226
2013,5,0,5,3,8,12,0.0,0.0024985024222685,0.0134951894157973,0.0555768646978245,0.181946282932352
2013,5,0,6,13,11,18,0.0,0.0014895784812976,0.0295156920226631,0.0414499339644679,0.171420627873442
2013,6,0,3,4,10,9,0.0,0.0014801757339838,0.0183366593877298,0.0823481673593556,0.230465880832839
2013,6,0,2,0,13,10,0.0,0.0009994009689074,0.0,0.0903124051339648,0.151621902443627
2013,6,0,5,4,23,19,0.0,0.0012413154010813,0.0090817513915886,0.0866680437438874,0.180943996088633
2013,7,0,6,1,1,11,0.0,0.0029603514679676,0.0045841648469324,0.0082348167359355,0.281680521017914
2013,7,0,4,5,7,10,0.0,0.0019988019378148,0.0224919823596621,0.0486297566105964,0.151621902443627
2013,7,0,10,6,8,21,0.0,0.0024826308021627,0.013622627087383,0.030145406519613,0.199990732519016
2013,8,0,5,3,6,7,0.0,0.0024669595566396,0.0137524945407973,0.0494089004156134,0.179251240647764
2013,8,0,2,4,5,9,0.0,0.0009994009689074,0.0179935858877297,0.0347355404361403,0.136459712199264
2013,8,0,7,7,11,16,0.0,0.0017378415615139,0.0158930649352801,0.0414499339644679,0.15237389144306
2013,9,1,5,4,5,8,0.0015408935432078,0.0024669595566396,0.0183366593877298,0.0411740836796778,0.204858560740301
2013,9,0,5,3,8,6,0.0,0.0024985024222685,0.0134951894157973,0.0555768646978245,0.090973141466176
2013,9,1,10,7,13,14,0.0007855764219115,0.0024826308021627,0.0158930649352801,0.0489862855943711,0.133327155012677
2013,10,0,6,4,6,8,0.0,0.0029603514679676,0.0183366593877298,0.0494089004156134,0.204858560740301
2013,10,0,4,2,3,8,0.0,0.0019988019378148,0.0089967929438648,0.0208413242616842,0.121297521954901
2013,10,0,10,6,9,16,0.0,0.0024826308021627,0.013622627087383,0.0339135823345646,0.15237389144306
2013,11,0,3,3,7,7,0.0,0.0014801757339838,0.0137524945407973,0.0576437171515489,0.179251240647764
2013,11,1,0,1,5,11,0.0016026243839705,0.0,0.0044983964719324,0.0347355404361403,0.166784092687989
2013,11,1,3,4,12,18,0.0007855764219115,0.0007447892406488,0.0090817513915886,0.0452181097794195,0.171420627873442
2013,12,0,5,8,5,7,0.0,0.0024669595566396,0.0366733187754596,0.0411740836796778,0.179251240647764
2013,12,1,4,3,7,9,0.0016026243839705,0.0019988019378148,0.0134951894157973,0.0486297566105964,0.136459712199264
2013,12,1,9,11,12,16,0.0007855764219115,0.0022343677219464,0.0249748163268688,0.0452181097794195,0.15237389144306
2013,13,0,2,3,6,8,0.0,0.0009867838226558,0.0137524945407973,0.0494089004156134,0.204858560740301
2013,13,1,2,5,1,9,0.0016026243839705,0.0009994009689074,0.0224919823596621,0.006947108087228,0.136459712199264
2013,13,1,4,8,7,17,0.0007855764219115,0.0009930523208651,0.0181635027831773,0.0263772307046614,0.161897259658251
2013,14,0,4,4,8,8,0.0,0.0019735676453117,0.0183366593877298,0.0658785338874845,0.204858560740301
2013,14,0,6,0,5,7,0.0,0.0029982029067223,0.0,0.0347355404361403,0.106135331710539
2013,14,0,10,4,13,15,0.0,0.0024826308021627,0.0090817513915886,0.0489862855943711,0.142850523227868
2013,15,0,1,5,9,3,0.0,0.0004933919113279,0.0229208242346622,0.07411335062342,0.076821960277613
2013,15,0,4,5,3,10,0.0,0.0019988019378148,0.0224919823596621,0.0208413242616842,0.151621902443627
2013,15,0,5,10,12,13,0.0,0.0012413154010813,0.0227043784789716,0.0452181097794195,0.123803786797486
2013,16,0,5,2,5,8,0.0,0.0024669595566396,0.0091683296938649,0.0411740836796778,0.204858560740301
2013,16,0,2,0,3,12,0.0,0.0009994009689074,0.0,0.0208413242616842,0.181946282932352
2013,16,0,7,2,8,20,0.0,0.0017378415615139,0.0045408756957943,0.030145406519613,0.190467364303824
2013,17,1,5,5,9,7,0.0015408935432078,0.0024669595566396,0.0229208242346622,0.07411335062342,0.179251240647764
2013,17,0,3,1,2,6,0.0,0.0014991014533611,0.0044983964719324,0.0138942161744561,0.090973141466176
2013,17,1,8,6,11,13,0.0007855764219115,0.0019861046417302,0.013622627087383,0.0414499339644679,0.123803786797486
2013,18,0,4,3,9,5,0.0,0.0019735676453117,0.0137524945407973,0.07411335062342,0.128036600462688
2013,18,0,2,9,8,16,0.0,0.0009994009689074,0.0404855682473918,0.0555768646978245,0.242595043909803
2013,18,0,6,12,17,21,0.0,0.0014895784812976,0.0272452541747659,0.0640589888541776,0.199990732519016
2013,19,0,3,4,8,7,0.0,0.0014801757339838,0.0183366593877298,0.0658785338874845,0.179251240647764
2013,19,0,3,2,7,9,0.0,0.0014991014533611,0.0089967929438648,0.0486297566105964,0.136459712199264
2013,19,0,6,6,15,16,0.0,0.0014895784812976,0.013622627087383,0.0565226372242744,0.15237389144306
2013,20,0,5,2,5,7,0.0,0.0024669595566396,0.0091683296938649,0.0411740836796778,0.179251240647764
2013,20,0,1,3,6,12,0.0,0.0004997004844537,0.0134951894157973,0.0416826485233684,0.181946282932352
2013,20,0,6,5,11,19,0.0,0.0014895784812976,0.0113521892394858,0.0414499339644679,0.180943996088633
2013,21,0,3,3,7,0,0.0,0.0014801757339838,0.0137524945407973,0.0576437171515489,0.0
2013,21,0,2,3,5,7,0.0,0.0009994009689074,0.0134951894157973,0.0347355404361403,0.106135331710539
2013,21,0,5,6,12,7,0.0,0.0012413154010813,0.013622627087383,0.0452181097794195,0.0666635775063386
2013,22,0,7,2,5,8,0.0,0.0034537433792955,0.0091683296938649,0.0411740836796778,0.204858560740301
2013,22,1,2,0,3,3,0.0016026243839705,0.0009994009689074,0.0,0.0208413242616842,0.045486570733088
2013,22,1,9,2,8,11,0.0007855764219115,0.0022343677219464,0.0045408756957943,0.030145406519613,0.104757050367103
2013,23,0,5,3,7,4,0.0,0.0024669595566396,0.0137524945407973,0.0576437171515489,0.102429280370151
2013,23,0,1,0,1,12,0.0,0.0004997004844537,0.0,0.006947108087228,0.181946282932352
2013,23,0,6,3,8,16,0.0,0.0014895784812976,0.0068113135436914,0.030145406519613,0.15237389144306
2013,24,1,3,6,6,5,0.0015408935432078,0.0014801757339838,0.0275049890815947,0.0494089004156134,0.128036600462688
2013,24,0,2,2,3,6,0.0,0.0009994009689074,0.0089967929438648,0.0208413242616842,0.090973141466176
2013,24,1,5,8,9,11,0.0007855764219115,0.0012413154010813,0.0181635027831773,0.0339135823345646,0.104757050367103
2013,25,0,2,3,9,7,0.0,0.0009867838226558,0.0137524945407973,0.07411335062342,0.179251240647764
2013,25,0,3,4,4,11,0.0,0.0014991014533611,0.0179935858877297,0.0277884323489122,0.166784092687989
2013,25,0,5,7,13,18,0.0,0.0012413154010813,0.0158930649352801,0.0489862855943711,0.171420627873442
2013,26,0,4,1,4,4,0.0,0.0019735676453117,0.0045841648469324,0.0329392669437422,0.102429280370151
2013,26,0,3,2,7,8,0.0,0.0014991014533611,0.0089967929438648,0.0486297566105964,0.121297521954901
2013,26,0,7,3,11,12,0.0,0.0017378415615139,0.0068113135436914,0.0414499339644679,0.114280418582295
2013,27,0,4,1,6,10,0.0,0.0019735676453117,0.0045841648469324,0.0494089004156134,0.256073200925376
2013,27,0,4,5,8,10,0.0,0.0019988019378148,0.0224919823596621,0.0555768646978245,0.151621902443627
2013,27,0,8,6,14,20,0.0,0.0019861046417302,0.013622627087383,0.0527544614093228,0.190467364303824
2013,28,0,1,2,6,8,0.0,0.0004933919113279,0.0091683296938649,0.0494089004156134,0.204858560740301
2013,28,0,3,3,6,4,0.0,0.0014991014533611,0.0134951894157973,0.0416826485233684,0.0606487609774507
2013,28,0,4,5,12,12,0.0,0.0009930523208651,0.0113521892394858,0.0452181097794195,0.114280418582295
2013,29,0,4,3,13,5,0.0,0.0019735676453117,0.0137524945407973,0.107052617567162,0.128036600462688
2013,29,0,2,1,6,6,0.0,0.0009994009689074,0.0044983964719324,0.0416826485233684,0.090973141466176
2013,29,0,6,4,19,11,0.0,0.0014895784812976,0.0090817513915886,0.0715953404840809,0.104757050367103
2013,30,0,4,9,7,8,0.0,0.0019735676453117,0.041257483622392,0.0576437171515489,0.204858560740301
2013,30,0,2,1,2,6,0.0,0.0009994009689074,0.0044983964719324,0.0138942161744561,0.090973141466176
2013,30,0,6,10,9,14,0.0,0.0014895784812976,0.0227043784789716,0.0339135823345646,0.133327155012677
2013,31,0,3,3,6,12,0.0,0.0014801757339838,0.0137524945407973,0.0494089004156134,0.307287841110452
2013,31,0,2,4,4,7,0.0,0.0009994009689074,0.0179935858877297,0.0277884323489122,0.106135331710539
2013,31,0,5,7,10,19,0.0,0.0012413154010813,0.0158930649352801,0.0376817581495163,0.180943996088633
2013,32,0,6,6,11,4,0.0,0.0029603514679676,0.0275049890815947,0.0905829840952912,0.102429280370151
2013,32,0,1,3,5,5,0.0,0.0004997004844537,0.0134951894157973,0.0347355404361403,0.0758109512218133
2013,32,0,7,9,16,9,0.0,0.0017378415615139,0.0204339406310745,0.060290813039226,0.085710313936721
2013,33,0,4,3,7,6,0.0,0.0019735676453117,0.0137524945407973,0.0576437171515489,0.153643920555226
2013,33,0,2,2,8,4,0.0,0.0009994009689074,0.0089967929438648,0.0555768646978245,0.0606487609774507
2013,33,0,6,5,15,10,0.0,0.0014895784812976,0.0113521892394858,0.0565226372242744,0.0952336821519122
2013,34,0,1,3,2,4,0.0,0.0004933919113279,0.0137524945407973,0.0164696334718711,0.102429280370151
2013,34,2,1,2,8,12,0.003205248767941,0.0004997004844537,0.0089967929438648,0.0555768646978245,0.181946282932352
2013,34,2,2,5,10,16,0.0015711528438231,0.0004965261604325,0.0113521892394858,0.0376817581495163,0.15237389144306
2013,35,1,5,2,5,10,0.0015408935432078,0.0024669595566396,0.0091683296938649,0.0411740836796778,0.256073200925376
2013,35,0,3,4,5,8,0.0,0.0014991014533611,0.0179935858877297,0.0347355404361403,0.121297521954901
2013,35,1,8,6,10,18,0.0007855764219115,0.0019861046417302,0.013622627087383,0.0376817581495163,0.171420627873442
2013,36,0,4,4,5,15,0.0,0.0019735676453117,0.0183366593877298,0.0411740836796778,0.384109801388065
2013,36,0,3,6,6,14,0.0,0.0014991014533611,0.0269903788315945,0.0416826485233684,0.212270663421077
2013,36,0,7,10,11,29,0.0,0.0017378415615139,0.0227043784789716,0.0414499339644679,0.276177678240545
2013,37,0,5,4,5,5,0.0,0.0024669595566396,0.0183366593877298,0.0411740836796778,0.128036600462688
2013,37,0,2,2,5,11,0.0,0.0009994009689074,0.0089967929438648,0.0347355404361403,0.166784092687989
2013,37,0,7,6,10,16,0.0,0.0017378415615139,0.013622627087383,0.0376817581495163,0.15237389144306
2013,38,0,1,6,11,6,0.0,0.0004933919113279,0.0275049890815947,0.0905829840952912,0.153643920555226
2013,38,0,2,2,6,3,0.0,0.0009994009689074,0.0089967929438648,0.0416826485233684,0.045486570733088
2013,38,0,3,8,17,9,0.0,0.0007447892406488,0.0181635027831773,0.0640589888541776,0.085710313936721
2013,39,0,7,5,6,7,0.0,0.0034537433792955,0.0229208242346622,0.0494089004156134,0.179251240647764
2013,39,0,4,1,4,12,0.0,0.0019988019378148,0.0044983964719324,0.0277884323489122,0.181946282932352
2013,39,0,11,6,10,19,0.0,0.002730893882379,0.013622627087383,0.0376817581495163,0.180943996088633
2013,40,0,2,1,6,6,0.0,0.0009867838226558,0.0045841648469324,0.0494089004156134,0.153643920555226
2013,40,0,1,2,9,12,0.0,0.0004997004844537,0.0089967929438648,0.0625239727850525,0.181946282932352
2013,40,0,3,3,15,18,0.0,0.0007447892406488,0.0068113135436914,0.0565226372242744,0.171420627873442
2013,41,1,2,5,7,8,0.0015408935432078,0.0009867838226558,0.0229208242346622,0.0576437171515489,0.204858560740301
2013,41,0,5,3,5,7,0.0,0.0024985024222685,0.0134951894157973,0.0347355404361403,0.106135331710539
2013,41,1,7,8,12,15,0.0007855764219115,0.0017378415615139,0.0181635027831773,0.0452181097794195,0.142850523227868
2013,42,0,0,3,5,5,0.0,0.0,0.0137524945407973,0.0411740836796778,0.128036600462688
2013,42,1,0,1,2,10,0.0016026243839705,0.0,0.0044983964719324,0.0138942161744561,0.151621902443627
2013,42,1,0,4,7,15,0.0007855764219115,0.0,0.0090817513915886,0.0263772307046614,0.142850523227868
2013,43,0,2,2,7,9,0.0,0.0009867838226558,0.0091683296938649,0.0576437171515489,0.230465880832839
2013,43,0,2,5,6,8,0.0,0.0009994009689074,0.0224919823596621,0.0416826485233684,0.121297521954901
2013,43,0,4,7,13,17,0.0,0.0009930523208651,0.0158930649352801,0.0489862855943711,0.161897259658251
2013,44,0,4,6,8,8,0.0,0.0019735676453117,0.0275049890815947,0.0658785338874845,0.204858560740301
2013,44,0,1,4,8,11,0.0,0.0004997004844537,0.0179935858877297,0.0555768646978245,0.166784092687989
2013,44,0,5,10,16,19,0.0,0.0012413154010813,0.0227043784789716,0.060290813039226,0.180943996088633
2013,45,0,6,0,7,7,0.0,0.0029603514679676,0.0,0.0576437171515489,0.179251240647764
2013,45,0,5,1,5,9,0.0,0.0024985024222685,0.0044983964719324,0.0347355404361403,0.136459712199264
2013,45,0,11,1,12,16,0.0,0.002730893882379,0.0022704378478971,0.0452181097794195,0.15237389144306
2013,46,0,2,1,4,5,0.0,0.0009867838226558,0.0045841648469324,0.0329392669437422,0.128036600462688
2013,46,0,2,3,7,14,0.0,0.0009994009689074,0.0134951894157973,0.0486297566105964,0.212270663421077
2013,46,0,4,4,11,19,0.0,0.0009930523208651,0.0090817513915886,0.0414499339644679,0.180943996088633
2013,47,0,4,3,10,8,0.0,0.0019735676453117,0.0137524945407973,0.0823481673593556,0.204858560740301
2013,47,0,1,4,4,13,0.0,0.0004997004844537,0.0179935858877297,0.0277884323489122,0.197108473176715
2013,47,0,5,7,14,21,0.0,0.0012413154010813,0.0158930649352801,0.0527544614093228,0.199990732519016
2013,48,0,5,0,5,3,0.0,0.0024669595566396,0.0,0.0411740836796778,0.076821960277613
2013,48,0,3,4,7,9,0.0,0.0014991014533611,0.0179935858877297,0.0486297566105964,0.136459712199264
2013,48,0,8,4,12,12,0.0,0.0019861046417302,0.0090817513915886,0.0452181097794195,0.114280418582295
2013,49,0,9,3,6,6,0.0,0.0044405272019514,0.0137524945407973,0.0494089004156134,0.153643920555226
2013,49,1,2,3,8,11,0.0016026243839705,0.0009994009689074,0.0134951894157973,0.0555768646978245,0.166784092687989
2013,49,1,11,6,14,17,0.0007855764219115,0.002730893882379,0.013622627087383,0.0527544614093228,0.161897259658251
2013,50,0,5,3,8,2,0.0,0.0024669595566396,0.0137524945407973,0.0658785338874845,0.0512146401850753
2013,50,0,2,4,3,12,0.0,0.0009994009689074,0.0179935858877297,0.0208413242616842,0.181946282932352
2013,50,0,7,7,11,14,0.0,0.0017378415615139,0.0158930649352801,0.0414499339644679,0.133327155012677
2013,51,1,6,3,6,5,0.0015408935432078,0.0029603514679676,0.0137524945407973,0.0494089004156134,0.128036600462688
2013,51,1,4,5,7,12,0.0016026243839705,0.0019988019378148,0.0224919823596621,0.0486297566105964,0.181946282932352
2013,51,2,10,8,13,17,0.0015711528438231,0.0024826308021627,0.0181635027831773,0.0489862855943711,0.161897259658251
2013,52,0,6,2,9,8,0.0,0.0029603514679676,0.0091683296938649,0.07411335062342,0.204858560740301
2013,52,0,2,2,10,16,0.0,0.0009994009689074,0.0089967929438648,0.0694710808722806,0.242595043909803
2013,52,0,8,4,19,24,0.0,0.0019861046417302,0.0090817513915886,0.0715953404840809,0.228560837164589
2014,1,0,4,5,6,11,0.0,0.0019554696979557,0.0217978649174161,0.0490901096814987,0.270736181918655
2014,1,0,3,4,8,12,0.0,0.001485309796804,0.0171197321508983,0.0558785117970465,0.175749097202035
2014,1,0,7,9,14,23,0.0,0.0017218795490938,0.019437236755112,0.0527521656173934,0.211185262199708
2014,2,0,3,4,5,5,0.0,0.0014666022734668,0.0174382919339328,0.0409084247345823,0.123061900872116
2014,2,0,2,2,9,10,0.0,0.0009902065312027,0.0085598660754491,0.0628633257716773,0.146457581001696
2014,2,0,5,6,14,15,0.0,0.0012299139636384,0.0129581578367413,0.0527521656173934,0.137729518825896
2014,3,0,3,3,7,10,0.0,0.0014666022734668,0.0130787189504496,0.0572717946284152,0.246123801744232
2014,3,0,1,1,8,13,0.0,0.0004951032656013,0.0042799330377245,0.0558785117970465,0.190394855302204
2014,3,0,4,4,15,23,0.0,0.0009839311709107,0.0086387718911608,0.0565201774472072,0.211185262199708
2014,4,0,3,1,3,7,0.0,0.0014666022734668,0.0043595729834832,0.0245450548407494,0.172286661220962
2014,4,1,2,3,6,6,0.0015962043573567,0.0009902065312027,0.0128397991131737,0.0419088838477849,0.0878745486010174
2014,4,1,5,4,9,13,0.0007824105261163,0.0012299139636384,0.0086387718911608,0.0339121064683243,0.119365582982444
2014,5,0,5,3,11,5,0.0,0.0024443371224446,0.0130787189504496,0.089998534416081,0.123061900872116
2014,5,0,3,5,4,11,0.0,0.001485309796804,0.0213996651886228,0.0279392558985232,0.161103339101865
2014,5,0,8,8,15,16,0.0,0.0019678623418214,0.0172775437823218,0.0565201774472072,0.146911486747623
2014,6,0,6,4,7,5,0.0,0.0029332045469336,0.0174382919339328,0.0572717946284152,0.123061900872116
2014,6,0,1,4,8,5,0.0,0.0004951032656013,0.0171197321508983,0.0558785117970465,0.0732287905008478
2014,6,0,7,8,15,10,0.0,0.0017218795490938,0.0172775437823218,0.0565201774472072,0.0918196792172642
2014,7,0,7,3,5,8,0.0,0.0034220719714225,0.0130787189504496,0.0409084247345823,0.196899041395385
2014,7,0,0,3,2,8,0.0,0.0,0.0128397991131737,0.0139696279492616,0.117166064801357
2014,7,0,7,6,7,16,0.0,0.0017218795490938,0.0129581578367413,0.0263760828086967,0.146911486747623
2014,8,0,5,3,3,12,0.0,0.0024443371224446,0.0130787189504496,0.0245450548407494,0.295348562093078
2014,8,0,2,2,6,10,0.0,0.0009902065312027,0.0085598660754491,0.0419088838477849,0.146457581001696
2014,8,0,7,5,9,22,0.0,0.0017218795490938,0.0107984648639511,0.0339121064683243,0.202003294277981
2014,9,0,4,3,8,6,0.0,0.0019554696979557,0.0130787189504496,0.0654534795753316,0.147674281046539
2014,9,0,2,3,12,12,0.0,0.0009902065312027,0.0128397991131737,0.0838177676955697,0.175749097202035
2014,9,0,6,6,20,18,0.0,0.0014758967563661,0.0129581578367413,0.0753602365962763,0.165275422591076
2014,10,0,2,3,8,6,0.0,0.0009777348489778,0.0130787189504496,0.0654534795753316,0.147674281046539
2014,10,0,5,2,5,10,0.0,0.0024755163280068,0.0085598660754491,0.034924069873154,0.146457581001696
2014,10,0,7,5,13,16,0.0,0.0017218795490938,0.0107984648639511,0.0489841537875796,0.146911486747623
2014,11,0,5,8,5,3,0.0,0.0024443371224446,0.0348765838678657,0.0409084247345823,0.0738371405232695
2014,11,0,3,4,9,8,0.0,0.001485309796804,0.0171197321508983,0.0628633257716773,0.117166064801357
2014,11,0,8,12,14,11,0.0,0.0019678623418214,0.0259163156734827,0.0527521656173934,0.101001647138991
2014,12,0,0,4,7,6,0.0,0.0,0.0174382919339328,0.0572717946284152,0.147674281046539
2014,12,0,8,2,3,8,0.0,0.0039608261248109,0.0085598660754491,0.0209544419238924,0.117166064801357
2014,12,0,8,6,10,14,0.0,0.0019678623418214,0.0129581578367413,0.0376801182981382,0.12854755090417
2014,13,0,5,4,4,3,0.0,0.0024443371224446,0.0174382919339328,0.0327267397876658,0.0738371405232695
2014,13,0,1,2,5,12,0.0,0.0004951032656013,0.0085598660754491,0.034924069873154,0.175749097202035
2014,13,0,6,6,9,15,0.0,0.0014758967563661,0.0129581578367413,0.0339121064683243,0.137729518825896
2014,14,0,1,3,6,8,0.0,0.0004888674244889,0.0130787189504496,0.0490901096814987,0.196899041395385
2014,14,0,1,1,7,9,0.0,0.0004951032656013,0.0042799330377245,0.0488936978224157,0.131811822901526
2014,14,0,2,4,13,17,0.0,0.0004919655854553,0.0086387718911608,0.0489841537875796,0.156093454669349
2014,15,0,5,4,5,7,0.0,0.0024443371224446,0.0174382919339328,0.0409084247345823,0.172286661220962
2014,15,0,3,0,4,4,0.0,0.001485309796804,0.0,0.0279392558985232,0.0585830324006783
2014,15,0,8,4,9,11,0.0,0.0019678623418214,0.0086387718911608,0.0339121064683243,0.101001647138991
2014,16,0,3,0,5,3,0.0,0.0014666022734668,0.0,0.0409084247345823,0.0738371405232695
2014,16,0,2,2,10,10,0.0,0.0009902065312027,0.0085598660754491,0.0698481397463081,0.146457581001696
2014,16,0,5,2,15,13,0.0,0.0012299139636384,0.0043193859455804,0.0565201774472072,0.119365582982444
2014,17,0,4,1,3,8,0.0,0.0019554696979557,0.0043595729834832,0.0245450548407494,0.196899041395385
2014,17,0,1,2,7,8,0.0,0.0004951032656013,0.0085598660754491,0.0488936978224157,0.117166064801357
2014,17,0,5,3,10,16,0.0,0.0012299139636384,0.0064790789183706,0.0376801182981382,0.146911486747623
2014,18,0,3,4,8,6,0.0,0.0014666022734668,0.0174382919339328,0.0654534795753316,0.147674281046539
2014,18,0,1,3,4,8,0.0,0.0004951032656013,0.0128397991131737,0.0279392558985232,0.117166064801357
2014,18,0,4,7,12,14,0.0,0.0009839311709107,0.0151178508095316,0.0452161419577658,0.12854755090417
2014,19,0,4,5,10,7,0.0,0.0019554696979557,0.0217978649174161,0.0818168494691646,0.172286661220962
2014,19,1,3,0,4,9,0.0015962043573567,0.001485309796804,0.0,0.0279392558985232,0.131811822901526
2014,19,1,7,5,14,16,0.0007824105261163,0.0017218795490938,0.0107984648639511,0.0527521656173934,0.146911486747623
2014,20,0,6,6,3,4,0.0,0.0029332045469336,0.0261574379008993,0.0245450548407494,0.0984495206976926
2014,20,0,1,3,3,10,0.0,0.0004951032656013,0.0128397991131737,0.0209544419238924,0.146457581001696
2014,20,0,7,9,6,14,0.0,0.0017218795490938,0.019437236755112,0.0226080709788829,0.12854755090417
2014,21,0,7,2,9,4,0.0,0.0034220719714225,0.0087191459669664,0.0736351645222481,0.0984495206976926
2014,21,0,6,2,4,14,0.0,0.0029706195936081,0.0085598660754491,0.0279392558985232,0.205040613402374
2014,21,0,13,4,13,18,0.0,0.0031977763054599,0.0086387718911608,0.0489841537875796,0.165275422591076
2014,22,0,1,3,4,3,0.0,0.0004888674244889,0.0130787189504496,0.0327267397876658,0.0738371405232695
2014,22,0,5,4,3,6,0.0,0.0024755163280068,0.0171197321508983,0.0209544419238924,0.0878745486010174
2014,22,0,6,7,7,9,0.0,0.0014758967563661,0.0151178508095316,0.0263760828086967,0.0826377112955378
2014,23,0,2,5,6,11,0.0,0.0009777348489778,0.0217978649174161,0.0490901096814987,0.270736181918655
2014,23,1,2,4,5,8,0.0015962043573567,0.0009902065312027,0.0171197321508983,0.034924069873154,0.117166064801357
2014,23,1,4,9,11,19,0.0007824105261163,0.0009839311709107,0.019437236755112,0.041448130127952,0.174457390512802
2014,24,1,4,3,5,4,0.0015346480190506,0.0019554696979557,0.0130787189504496,0.0409084247345823,0.0984495206976926
2014,24,0,4,3,7,7,0.0,0.0019804130624054,0.0128397991131737,0.0488936978224157,0.102520306701187
2014,24,1,8,6,12,11,0.0007824105261163,0.0019678623418214,0.0129581578367413,0.0452161419577658,0.101001647138991
2014,25,0,4,2,5,7,0.0,0.0019554696979557,0.0087191459669664,0.0409084247345823,0.172286661220962
2014,25,0,2,3,5,6,0.0,0.0009902065312027,0.0128397991131737,0.034924069873154,0.0878745486010174
2014,25,0,6,5,10,13,0.0,0.0014758967563661,0.0107984648639511,0.0376801182981382,0.119365582982444
2014,26,0,1,1,6,4,0.0,0.0004888674244889,0.0043595729834832,0.0490901096814987,0.0984495206976926
2014,26,0,3,2,9,13,0.0,0.001485309796804,0.0085598660754491,0.0628633257716773,0.190394855302204
2014,26,0,4,3,15,17,0.0,0.0009839311709107,0.0064790789183706,0.0565201774472072,0.156093454669349
2014,27,0,8,3,8,6,0.0,0.0039109393959114,0.0130787189504496,0.0654534795753316,0.147674281046539
2014,27,1,4,2,1,4,0.0015962043573567,0.0019804130624054,0.0085598660754491,0.0069848139746308,0.0585830324006783
2014,27,1,12,5,9,10,0.0007824105261163,0.0029517935127322,0.0107984648639511,0.0339121064683243,0.0918196792172642
2014,28,1,7,3,5,7,0.0015346480190506,0.0034220719714225,0.0130787189504496,0.0409084247345823,0.172286661220962
2014,28,0,4,3,5,6,0.0,0.0019804130624054,0.0128397991131737,0.034924069873154,0.0878745486010174
2014,28,1,11,6,10,13,0.0007824105261163,0.0027058107200045,0.0129581578367413,0.0376801182981382,0.119365582982444
2014,29,0,4,2,6,4,0.0,0.0019554696979557,0.0087191459669664,0.0490901096814987,0.0984495206976926
2014,29,0,4,2,3,6,0.0,0.0019804130624054,0.0085598660754491,0.0209544419238924,0.0878745486010174
2014,29,0,8,4,9,10,0.0,0.0019678623418214,0.0086387718911608,0.0339121064683243,0.0918196792172642
2014,30,0,3,2,3,6,0.0,0.0014666022734668,0.0087191459669664,0.0245450548407494,0.147674281046539
2014,30,1,4,0,5,12,0.0015962043573567,0.0019804130624054,0.0,0.034924069873154,0.175749097202035
2014,30,1,7,2,8,18,0.0007824105261163,0.0017218795490938,0.0043193859455804,0.0301440946385105,0.165275422591076
2014,31,0,10,7,6,9,0.0,0.0048886742448893,0.0305170108843825,0.0490901096814987,0.221511421569808
2014,31,0,4,3,8,8,0.0,0.0019804130624054,0.0128397991131737,0.0558785117970465,0.117166064801357
2014,31,0,14,10,14,17,0.0,0.0034437590981876,0.0215969297279022,0.0527521656173934,0.156093454669349
2014,32,1,3,3,5,10,0.0015346480190506,0.0014666022734668,0.0130787189504496,0.0409084247345823,0.246123801744232
2014,32,0,1,1,1,8,0.0,0.0004951032656013,0.0042799330377245,0.0069848139746308,0.117166064801357
2014,32,1,4,4,6,18,0.0007824105261163,0.0009839311709107,0.0086387718911608,0.0226080709788829,0.165275422591076
2014,33,0,5,1,6,8,0.0,0.0024443371224446,0.0043595729834832,0.0490901096814987,0.196899041395385
2014,33,0,2,2,4,6,0.0,0.0009902065312027,0.0085598660754491,0.0279392558985232,0.0878745486010174
2014,33,0,7,3,10,14,0.0,0.0017218795490938,0.0064790789183706,0.0376801182981382,0.12854755090417
2014,34,0,2,2,8,6,0.0,0.0009777348489778,0.0087191459669664,0.0654534795753316,0.147674281046539
2014,34,0,5,5,1,5,0.0,0.0024755163280068,0.0213996651886228,0.0069848139746308,0.0732287905008478
2014,34,0,7,7,9,11,0.0,0.0017218795490938,0.0151178508095316,0.0339121064683243,0.101001647138991
2014,35,0,5,6,7,8,0.0,0.0024443371224446,0.0261574379008993,0.0572717946284152,0.196899041395385
2014,35,0,1,4,5,8,0.0,0.0004951032656013,0.0171197321508983,0.034924069873154,0.117166064801357
2014,35,0,6,10,12,16,0.0,0.0014758967563661,0.0215969297279022,0.0452161419577658,0.146911486747623
2014,36,0,5,2,6,2,0.0,0.0024443371224446,0.0087191459669664,0.0490901096814987,0.0492247603488463
2014,36,1,3,2,2,8,0.0015962043573567,0.001485309796804,0.0085598660754491,0.0139696279492616,0.117166064801357
2014,36,1,8,4,8,10,0.0007824105261163,0.0019678623418214,0.0086387718911608,0.0301440946385105,0.0918196792172642
2014,37,0,2,2,6,3,0.0,0.0009777348489778,0.0087191459669664,0.0490901096814987,0.0738371405232695
2014,37,0,6,3,3,7,0.0,0.0029706195936081,0.0128397991131737,0.0209544419238924,0.102520306701187
2014,37,0,8,5,9,10,0.0,0.0019678623418214,0.0107984648639511,0.0339121064683243,0.0918196792172642
2014,38,1,7,6,5,6,0.0015346480190506,0.0034220719714225,0.0261574379008993,0.0409084247345823,0.147674281046539
2014,38,0,3,0,6,11,0.0,0.001485309796804,0.0,0.0419088838477849,0.161103339101865
2014,38,1,10,6,11,17,0.0007824105261163,0.0024598279272768,0.0129581578367413,0.041448130127952,0.156093454669349
2014,39,0,5,4,5,7,0.0,0.0024443371224446,0.0174382919339328,0.0409084247345823,0.172286661220962
2014,39,0,1,8,3,12,0.0,0.0004951032656013,0.0342394643017965,0.0209544419238924,0.175749097202035
2014,39,0,6,12,8,19,0.0,0.0014758967563661,0.0259163156734827,0.0301440946385105,0.174457390512802
2014,40,0,3,5,7,10,0.0,0.0014666022734668,0.0217978649174161,0.0572717946284152,0.246123801744232
2014,40,0,4,1,4,11,0.0,0.0019804130624054,0.0042799330377245,0.0279392558985232,0.161103339101865
2014,40,0,7,6,11,21,0.0,0.0017218795490938,0.0129581578367413,0.041448130127952,0.192821326356255
2014,41,0,0,3,10,4,0.0,0.0,0.0130787189504496,0.0818168494691646,0.0984495206976926
2014,41,0,2,2,6,7,0.0,0.0009902065312027,0.0085598660754491,0.0419088838477849,0.102520306701187
2014,41,0,2,5,16,11,0.0,0.0004919655854553,0.0107984648639511,0.0602881892770211,0.101001647138991
2014,42,0,1,0,8,9,0.0,0.0004888674244889,0.0,0.0654534795753316,0.221511421569808
2014,42,0,5,0,6,7,0.0,0.0024755163280068,0.0,0.0419088838477849,0.102520306701187
2014,42,0,6,0,14,16,0.0,0.0014758967563661,0.0,0.0527521656173934,0.146911486747623
2014,43,0,10,4,9,3,0.0,0.0048886742448893,0.0174382919339328,0.0736351645222481,0.0738371405232695
2014,43,0,2,1,6,6,0.0,0.0009902065312027,0.0042799330377245,0.0419088838477849,0.0878745486010174
2014,43,0,12,5,15,9,0.0,0.0029517935127322,0.0107984648639511,0.0565201774472072,0.0826377112955378
2014,44,0,3,3,2,5,0.0,0.0014666022734668,0.0130787189504496,0.0163633698938329,0.123061900872116
2014,44,0,4,3,5,10,0.0,0.0019804130624054,0.0128397991131737,0.034924069873154,0.146457581001696
2014,44,0,7,6,7,15,0.0,0.0017218795490938,0.0129581578367413,0.0263760828086967,0.137729518825896
2014,45,0,6,2,7,6,0.0,0.0029332045469336,0.0087191459669664,0.0572717946284152,0.147674281046539
2014,45,1,1,3,3,14,0.0015962043573567,0.0004951032656013,0.0128397991131737,0.0209544419238924,0.205040613402374
2014,45,1,7,5,10,20,0.0007824105261163,0.0017218795490938,0.0107984648639511,0.0376801182981382,0.183639358434528
2014,46,0,4,4,8,5,0.0,0.0019554696979557,0.0174382919339328,0.0654534795753316,0.123061900872116
2014,46,1,2,0,11,4,0.0015962043573567,0.0009902065312027,0.0,0.0768329537209389,0.0585830324006783
2014,46,1,6,4,19,9,0.0007824105261163,0.0014758967563661,0.0086387718911608,0.0715922247664625,0.0826377112955378
2014,47,0,3,4,4,10,0.0,0.0014666022734668,0.0174382919339328,0.0327267397876658,0.246123801744232
2014,47,0,2,4,5,5,0.0,0.0009902065312027,0.0171197321508983,0.034924069873154,0.0732287905008478
2014,47,0,5,8,9,15,0.0,0.0012299139636384,0.0172775437823218,0.0339121064683243,0.137729518825896
2014,48,0,2,3,7,4,0.0,0.0009777348489778,0.0130787189504496,0.0572717946284152,0.0984495206976926
2014,48,0,2,3,5,14,0.0,0.0009902065312027,0.0128397991131737,0.034924069873154,0.205040613402374
2014,48,0,4,6,12,18,0.0,0.0009839311709107,0.0129581578367413,0.0452161419577658,0.165275422591076
2014,49,0,6,7,6,12,0.0,0.0029332045469336,0.0305170108843825,0.0490901096814987,0.295348562093078
2014,49,0,2,3,5,8,0.0,0.0009902065312027,0.0128397991131737,0.034924069873154,0.117166064801357
2014,49,0,8,10,11,20,0.0,0.0019678623418214,0.0215969297279022,0.041448130127952,0.183639358434528
2014,50,0,2,1,1,11,0.0,0.0009777348489778,0.0043595729834832,0.0081816849469164,0.270736181918655
2014,50,0,2,1,3,7,0.0,0.0009902065312027,0.0042799330377245,0.0209544419238924,0.102520306701187
2014,50,0,4,2,4,18,0.0,0.0009839311709107,0.0043193859455804,0.0150720473192553,0.165275422591076
2014,51,0,4,0,7,6,0.0,0.0019554696979557,0.0,0.0572717946284152,0.147674281046539
2014,51,0,4,7,4,10,0.0,0.0019804130624054,0.029959531264072,0.0279392558985232,0.146457581001696
2014,51,0,8,7,11,16,0.0,0.0019678623418214,0.0151178508095316,0.041448130127952,0.146911486747623
2014,52,0,2,5,5,19,0.0,0.0009777348489778,0.0217978649174161,0.0409084247345823,0.46763522331404
2014,52,0,1,2,9,6,0.0,0.0004951032656013,0.0085598660754491,0.0628633257716773,0.0878745486010174
2014,52,0,3,7,14,25,0.0,0.000737948378183,0.0151178508095316,0.0527521656173934,0.229549198043161
1,1,0,5,1,7,9,0.0,0.0024228198839079,0.00411049114783,0.056881944136815,0.212678666503137
1,1,0,5,1,9,12,0.0,0.0024564391010579,0.0040921320814638,0.0630002958441924,0.170230627767199
1,1,0,10,2,16,21,0.0,0.0024395136704118,0.004101291069066,0.0601688405623326,0.186153769062087
1,2,1,4,2,2,8,0.001534810628752,0.0019382559071263,0.00822098229566,0.01625198403909,0.189047703558344
1,2,0,1,4,7,13,0.0,0.0004912878202115,0.0163685283258552,0.0490002301010386,0.184416513414466
1,2,1,5,6,9,21,0.0007835593065785,0.0012197568352059,0.0123038732071981,0.0338449728163121,0.186153769062087
1,3,0,2,1,7,5,0.0,0.0009691279535631,0.00411049114783,0.056881944136815,0.118154814723965
1,3,1,2,6,8,12,0.0016008160205496,0.0009825756404231,0.0245527924887828,0.0560002629726155,0.170230627767199
1,3,1,4,7,15,17,0.0007835593065785,0.0009758054681647,0.0143545187417311,0.0564082880271868,0.150695908288356
1,4,0,8,4,14,4,0.0,0.0038765118142526,0.0164419645913201,0.11376388827363,0.0945238517791719
1,4,0,2,1,7,8,0.0,0.0009825756404231,0.0040921320814638,0.0490002301010386,0.113487085178133
1,4,0,10,5,21,12,0.0,0.0024395136704118,0.0102532276726651,0.0789716032380615,0.106373582321193
1,5,0,5,3,4,8,0.0,0.0024228198839079,0.01233147344349,0.03250396807818,0.189047703558344
1,5,0,3,2,6,13,0.0,0.0014738634606347,0.0081842641629276,0.0420001972294616,0.184416513414466
1,5,0,8,5,10,21,0.0,0.0019516109363294,0.0102532276726651,0.0376055253514579,0.186153769062087
1,6,0,1,8,7,11,0.0,0.0004845639767815,0.0328839291826401,0.056881944136815,0.259940592392723
1,6,0,1,2,6,21,0.0,0.0004912878202115,0.0081842641629276,0.0420001972294616,0.297903598592599
1,6,0,2,10,13,32,0.0,0.0004879027340823,0.0205064553453302,0.0488871829568952,0.283662886189847
1,7,0,6,5,5,11,0.0,0.0029073838606894,0.0205524557391501,0.040629960097725,0.259940592392723
1,7,0,3,3,9,8,0.0,0.0014738634606347,0.0122763962443914,0.0630002958441924,0.113487085178133
1,7,0,9,8,14,19,0.0,0.0021955623033706,0.0164051642762641,0.052647735492041,0.168424838675222
1,8,0,6,0,9,5,0.0,0.0029073838606894,0.0,0.073133928175905,0.118154814723965
1,8,0,5,4,5,13,0.0,0.0024564391010579,0.0163685283258552,0.0350001643578847,0.184416513414466
1,8,0,11,4,14,18,0.0,0.002683465037453,0.008202582138132,0.052647735492041,0.159560373481789
1,9,0,4,4,7,7,0.0,0.0019382559071263,0.0164419645913201,0.056881944136815,0.165416740613551
1,9,0,3,3,7,12,0.0,0.0014738634606347,0.0122763962443914,0.0490002301010386,0.170230627767199
1,9,0,7,7,14,19,0.0,0.0017076595692883,0.0143545187417311,0.052647735492041,0.168424838675222
1,10,0,8,3,2,6,0.0,0.0038765118142526,0.01233147344349,0.01625198403909,0.141785777668758
1,10,0,1,3,3,15,0.0,0.0004912878202115,0.0122763962443914,0.0210000986147308,0.212788284708999
1,10,0,9,6,5,21,0.0,0.0021955623033706,0.0123038732071981,0.0188027626757289,0.186153769062087
1,11,0,3,2,7,0,0.0,0.0014536919303447,0.00822098229566,0.056881944136815,0.0
1,11,0,6,2,11,15,0.0,0.0029477269212695,0.0081842641629276,0.0770003615873463,0.212788284708999
1,11,0,9,4,18,15,0.0,0.0021955623033706,0.008202582138132,0.0676899456326241,0.132966977901491
1,12,0,1,2,7,14,0.0,0.0004845639767815,0.00822098229566,0.056881944136815,0.330833481227102
1,12,0,1,2,3,15,0.0,0.0004912878202115,0.0081842641629276,0.0210000986147308,0.212788284708999
1,12,0,2,4,10,29,0.0,0.0004879027340823,0.008202582138132,0.0376055253514579,0.257069490609549
1,13,0,6,3,8,3,0.0,0.0029073838606894,0.01233147344349,0.06500793615636,0.070892888834379
1,13,0,1,1,7,13,0.0,0.0004912878202115,0.0040921320814638,0.0490002301010386,0.184416513414466
1,13,0,7,4,15,16,0.0,0.0017076595692883,0.008202582138132,0.0564082880271868,0.141831443094924
1,14,1,2,4,3,14,0.001534810628752,0.0009691279535631,0.0164419645913201,0.024377976058635,0.330833481227102
1,14,0,1,3,5,8,0.0,0.0004912878202115,0.0122763962443914,0.0350001643578847,0.113487085178133
1,14,1,3,7,8,22,0.0007835593065785,0.0007318541011235,0.0143545187417311,0.0300844202811663,0.19501823425552
1,15,1,2,5,6,10,0.001534810628752,0.0009691279535631,0.0205524557391501,0.04875595211727,0.23630962944793
1,15,0,2,2,4,7,0.0,0.0009825756404231,0.0081842641629276,0.0280001314863077,0.0993011995308663
1,15,1,4,7,10,17,0.0007835593065785,0.0009758054681647,0.0143545187417311,0.0376055253514579,0.150695908288356
1,16,0,1,8,8,9,0.0,0.0004845639767815,0.0328839291826401,0.06500793615636,0.212678666503137
1,16,1,1,4,5,10,0.0016008160205496,0.0004912878202115,0.0163685283258552,0.0350001643578847,0.141858856472666
1,16,1,2,12,13,19,0.0007835593065785,0.0004879027340823,0.0246077464143962,0.0488871829568952,0.168424838675222
1,17,0,4,3,6,12,0.0,0.0019382559071263,0.01233147344349,0.04875595211727,0.283571555337516
1,17,0,3,3,4,6,0.0,0.0014738634606347,0.0122763962443914,0.0280001314863077,0.0851153138835997
1,17,0,7,6,10,18,0.0,0.0017076595692883,0.0123038732071981,0.0376055253514579,0.159560373481789
1,18,1,3,3,4,5,0.001534810628752,0.0014536919303447,0.01233147344349,0.03250396807818,0.118154814723965
1,18,0,0,6,9,10,0.0,0.0,0.0245527924887828,0.0630002958441924,0.141858856472666
1,18,1,3,9,13,15,0.0007835593065785,0.0007318541011235,0.0184558098107972,0.0488871829568952,0.132966977901491
1,19,0,3,2,3,9,0.0,0.0014536919303447,0.00822098229566,0.024377976058635,0.212678666503137
1,19,0,4,2,5,9,0.0,0.0019651512808463,0.0081842641629276,0.0350001643578847,0.1276729708254
1,19,0,7,4,8,18,0.0,0.0017076595692883,0.008202582138132,0.0300844202811663,0.159560373481789
1,20,0,2,5,9,13,0.0,0.0009691279535631,0.0205524557391501,0.073133928175905,0.307202518282309
1,20,0,2,6,7,9,0.0,0.0009825756404231,0.0245527924887828,0.0490002301010386,0.1276729708254
1,20,0,4,11,16,22,0.0,0.0009758054681647,0.0225571008798632,0.0601688405623326,0.19501823425552
1,21,0,5,5,7,7,0.0,0.0024228198839079,0.0205524557391501,0.056881944136815,0.165416740613551
1,21,0,4,6,5,11,0.0,0.0019651512808463,0.0245527924887828,0.0350001643578847,0.156044742119933
1,21,0,9,11,12,18,0.0,0.0021955623033706,0.0225571008798632,0.0451266304217494,0.159560373481789
1,22,1,2,0,3,12,0.001534810628752,0.0009691279535631,0.0,0.024377976058635,0.283571555337516
1,22,0,1,1,7,12,0.0,0.0004912878202115,0.0040921320814638,0.0490002301010386,0.170230627767199
1,22,1,3,1,10,24,0.0007835593065785,0.0007318541011235,0.002050645534533,0.0376055253514579,0.212747164642386
1,23,0,2,1,2,6,0.0,0.0009691279535631,0.00411049114783,0.01625198403909,0.141785777668758
1,23,0,5,7,5,9,0.0,0.0024564391010579,0.0286449245702466,0.0350001643578847,0.1276729708254
1,23,0,7,8,7,15,0.0,0.0017076595692883,0.0164051642762641,0.0263238677460205,0.132966977901491
1,24,0,7,5,5,3,0.0,0.003391947837471,0.0205524557391501,0.040629960097725,0.070892888834379
1,24,1,2,3,3,12,0.0016008160205496,0.0009825756404231,0.0122763962443914,0.0210000986147308,0.170230627767199
1,24,1,9,8,8,15,0.0007835593065785,0.0021955623033706,0.0164051642762641,0.0300844202811663,0.132966977901491
1,25,0,3,6,10,4,0.0,0.0014536919303447,0.0246629468869801,0.08125992019545,0.0945238517791719
1,25,0,0,1,2,6,0.0,0.0,0.0040921320814638,0.0140000657431539,0.0851153138835997
1,25,0,3,7,12,10,0.0,0.0007318541011235,0.0143545187417311,0.0451266304217494,0.0886446519343273
1,26,0,1,4,3,4,0.0,0.0004845639767815,0.0164419645913201,0.024377976058635,0.0945238517791719
1,26,0,5,2,4,9,0.0,0.0024564391010579,0.0081842641629276,0.0280001314863077,0.1276729708254
1,26,0,6,6,7,13,0.0,0.0014637082022471,0.0123038732071981,0.0263238677460205,0.115238047514626
1,27,0,2,5,6,7,0.0,0.0009691279535631,0.0205524557391501,0.04875595211727,0.165416740613551
1,27,0,3,6,5,8,0.0,0.0014738634606347,0.0245527924887828,0.0350001643578847,0.113487085178133
1,27,0,5,11,11,15,0.0,0.0012197568352059,0.0225571008798632,0.0413660778866036,0.132966977901491
1,28,0,3,5,6,6,0.0,0.0014536919303447,0.0205524557391501,0.04875595211727,0.141785777668758
1,28,0,5,1,5,4,0.0,0.0024564391010579,0.0040921320814638,0.0350001643578847,0.0567435425890665
1,28,0,8,6,11,10,0.0,0.0019516109363294,0.0123038732071981,0.0413660778866036,0.0886446519343273
1,29,1,2,2,3,5,0.001534810628752,0.0009691279535631,0.00822098229566,0.024377976058635,0.118154814723965
1,29,0,1,7,6,6,0.0,0.0004912878202115,0.0286449245702466,0.0420001972294616,0.0851153138835997
1,29,1,3,9,9,11,0.0007835593065785,0.0007318541011235,0.0184558098107972,0.0338449728163121,0.0975091171277601
1,30,0,4,5,5,6,0.0,0.0019382559071263,0.0205524557391501,0.040629960097725,0.141785777668758
1,30,1,5,4,7,19,0.0016008160205496,0.0024564391010579,0.0163685283258552,0.0490002301010386,0.269531827298066
1,30,1,9,9,12,25,0.0007835593065785,0.0021955623033706,0.0184558098107972,0.0451266304217494,0.221611629835818
1,31,0,3,5,7,8,0.0,0.0014536919303447,0.0205524557391501,0.056881944136815,0.189047703558344
1,31,0,2,3,4,10,0.0,0.0009825756404231,0.0122763962443914,0.0280001314863077,0.141858856472666
1,31,0,5,8,11,18,0.0,0.0012197568352059,0.0164051642762641,0.0413660778866036,0.159560373481789
1,32,0,3,4,2,8,0.0,0.0014536919303447,0.0164419645913201,0.01625198403909,0.189047703558344
1,32,0,3,2,6,4,0.0,0.0014738634606347,0.0081842641629276,0.0420001972294616,0.0567435425890665
1,32,0,6,6,8,12,0.0,0.0014637082022471,0.0123038732071981,0.0300844202811663,0.106373582321193
1,33,1,4,5,7,10,0.001534810628752,0.0019382559071263,0.0205524557391501,0.056881944136815,0.23630962944793
1,33,1,2,3,5,11,0.0016008160205496,0.0009825756404231,0.0122763962443914,0.0350001643578847,0.156044742119933
1,33,2,6,8,12,21,0.0015671186131571,0.0014637082022471,0.0164051642762641,0.0451266304217494,0.186153769062087
1,34,1,7,3,12,7,0.001534810628752,0.003391947837471,0.01233147344349,0.09751190423454,0.165416740613551
1,34,0,2,0,2,12,0.0,0.0009825756404231,0.0,0.0140000657431539,0.170230627767199
1,34,1,9,3,14,19,0.0007835593065785,0.0021955623033706,0.006151936603599,0.052647735492041,0.168424838675222
1,35,1,0,6,3,2,0.001534810628752,0.0,0.0246629468869801,0.024377976058635,0.047261925889586
1,35,0,3,3,0,7,0.0,0.0014738634606347,0.0122763962443914,0.0,0.0993011995308663
1,35,1,3,9,3,9,0.0007835593065785,0.0007318541011235,0.0184558098107972,0.0112816576054374,0.0797801867408946
1,36,0,6,4,10,9,0.0,0.0029073838606894,0.0164419645913201,0.08125992019545,0.212678666503137
1,36,0,2,3,5,9,0.0,0.0009825756404231,0.0122763962443914,0.0350001643578847,0.1276729708254
1,36,0,8,7,15,18,0.0,0.0019516109363294,0.0143545187417311,0.0564082880271868,0.159560373481789
1,37,0,0,1,7,5,0.0,0.0,0.00411049114783,0.056881944136815,0.118154814723965
1,37,0,6,2,8,9,0.0,0.0029477269212695,0.0081842641629276,0.0560002629726155,0.1276729708254
1,37,0,6,3,15,14,0.0,0.0014637082022471,0.006151936603599,0.0564082880271868,0.124102512708058
1,38,0,4,4,5,5,0.0,0.0019382559071263,0.0164419645913201,0.040629960097725,0.118154814723965
1,38,0,4,4,5,7,0.0,0.0019651512808463,0.0163685283258552,0.0350001643578847,0.0993011995308663
1,38,0,8,8,10,12,0.0,0.0019516109363294,0.0164051642762641,0.0376055253514579,0.106373582321193
1,39,0,1,5,7,8,0.0,0.0004845639767815,0.0205524557391501,0.056881944136815,0.189047703558344
1,39,0,5,3,8,8,0.0,0.0024564391010579,0.0122763962443914,0.0560002629726155,0.113487085178133
1,39,0,6,8,15,16,0.0,0.0014637082022471,0.0164051642762641,0.0564082880271868,0.141831443094924
1,40,0,2,2,5,6,0.0,0.0009691279535631,0.00822098229566,0.040629960097725,0.141785777668758
1,40,0,0,0,5,12,0.0,0.0,0.0,0.0350001643578847,0.170230627767199
1,40,0,2,2,10,18,0.0,0.0004879027340823,0.004101291069066,0.0376055253514579,0.159560373481789
1,41,0,6,3,2,2,0.0,0.0029073838606894,0.01233147344349,0.01625198403909,0.047261925889586
1,41,0,4,0,6,4,0.0,0.0019651512808463,0.0,0.0420001972294616,0.0567435425890665
1,41,0,10,3,8,6,0.0,0.0024395136704118,0.006151936603599,0.0300844202811663,0.0531867911605964
1,42,1,4,4,6,9,0.001534810628752,0.0019382559071263,0.0164419645913201,0.04875595211727,0.212678666503137
1,42,0,6,2,2,5,0.0,0.0029477269212695,0.0081842641629276,0.0140000657431539,0.0709294282363331
1,42,1,10,6,8,14,0.0007835593065785,0.0024395136704118,0.0123038732071981,0.0300844202811663,0.124102512708058
1,43,0,5,6,5,10,0.0,0.0024228198839079,0.0246629468869801,0.040629960097725,0.23630962944793
1,43,1,4,1,6,14,0.0016008160205496,0.0019651512808463,0.0040921320814638,0.0420001972294616,0.198602399061733
1,43,1,9,7,11,24,0.0007835593065785,0.0021955623033706,0.0143545187417311,0.0413660778866036,0.212747164642386
1,44,0,4,4,7,4,0.0,0.0019382559071263,0.0164419645913201,0.056881944136815,0.0945238517791719
1,44,0,3,2,5,9,0.0,0.0014738634606347,0.0081842641629276,0.0350001643578847,0.1276729708254
1,44,0,7,6,12,13,0.0,0.0017076595692883,0.0123038732071981,0.0451266304217494,0.115238047514626
1,45,0,1,5,4,2,0.0,0.0004845639767815,0.0205524557391501,0.03250396807818,0.047261925889586
1,45,1,2,2,2,11,0.0016008160205496,0.0009825756404231,0.0081842641629276,0.0140000657431539,0.156044742119933
1,45,1,3,7,6,13,0.0007835593065785,0.0007318541011235,0.0143545187417311,0.0225633152108747,0.115238047514626
1,46,0,5,4,4,2,0.0,0.0024228198839079,0.0164419645913201,0.03250396807818,0.047261925889586
1,46,0,5,5,8,12,0.0,0.0024564391010579,0.020460660407319,0.0560002629726155,0.170230627767199
1,46,0,10,9,12,14,0.0,0.0024395136704118,0.0184558098107972,0.0451266304217494,0.124102512708058
1,47,0,5,2,3,10,0.0,0.0024228198839079,0.00822098229566,0.024377976058635,0.23630962944793
1,47,0,3,3,7,10,0.0,0.0014738634606347,0.0122763962443914,0.0490002301010386,0.141858856472666
1,47,0,8,5,10,20,0.0,0.0019516109363294,0.0102532276726651,0.0376055253514579,0.177289303868655
1,48,0,9,6,7,11,0.0,0.0043610757910342,0.0246629468869801,0.056881944136815,0.259940592392723
1,48,0,1,2,6,11,0.0,0.0004912878202115,0.0081842641629276,0.0420001972294616,0.156044742119933
1,48,0,10,8,13,22,0.0,0.0024395136704118,0.0164051642762641,0.0488871829568952,0.19501823425552
1,49,0,0,6,3,9,0.0,0.0,0.0246629468869801,0.024377976058635,0.212678666503137
1,49,0,2,3,5,7,0.0,0.0009825756404231,0.0122763962443914,0.0350001643578847,0.0993011995308663
1,49,0,2,9,8,16,0.0,0.0004879027340823,0.0184558098107972,0.0300844202811663,0.141831443094924
1,50,0,6,3,5,5,0.0,0.0029073838606894,0.01233147344349,0.040629960097725,0.118154814723965
1,50,0,2,2,8,9,0.0,0.0009825756404231,0.0081842641629276,0.0560002629726155,0.1276729708254
1,50,0,8,5,13,14,0.0,0.0019516109363294,0.0102532276726651,0.0488871829568952,0.124102512708058
1,51,0,4,5,7,7,0.0,0.0019382559071263,0.0205524557391501,0.056881944136815,0.165416740613551
1,51,0,2,3,9,8,0.0,0.0009825756404231,0.0122763962443914,0.0630002958441924,0.113487085178133
1,51,0,6,8,16,15,0.0,0.0014637082022471,0.0164051642762641,0.0601688405623326,0.132966977901491
1,52,0,4,3,3,8,0.0,0.0019382559071263,0.01233147344349,0.024377976058635,0.189047703558344
1,52,0,1,2,6,6,0.0,0.0004912878202115,0.0081842641629276,0.0420001972294616,0.0851153138835997
1,52,0,5,5,9,14,0.0,0.0012197568352059,0.0102532276726651,0.0338449728163121,0.124102512708058
1,53,1,6,7,7,11,0.001534810628752,0.0029073838606894,0.0287734380348101,0.056881944136815,0.259940592392723
1,53,0,3,1,9,5,0.0,0.0014738634606347,0.0040921320814638,0.0630002958441924,0.0709294282363331
1,53,1,9,8,16,16,0.0007835593065785,0.0021955623033706,0.0164051642762641,0.0601688405623326,0.141831443094924
2,1,1,3,5,10,7,0.0015376117655711,0.0014235467521354,0.0194842358835115,0.0811626641799807,0.159174672514894
2,1,0,2,3,2,11,0.0,0.0009726060895125,0.0117266662530086,0.0140177712772132,0.151114612422853
2,1,1,5,8,12,18,0.0007848296749852,0.001200842523179,0.015611434703369,0.0451322271062034,0.154150137079504
2,2,0,3,7,9,7,0.0,0.0014235467521354,0.027277930236916,0.0730463977619826,0.159174672514894
2,2,0,5,3,7,15,0.0,0.0024315152237814,0.0117266662530086,0.0490621994702463,0.206065380576618
2,2,0,8,10,16,22,0.0,0.0019213480370864,0.0195142933792113,0.0601763028082712,0.188405723097172
2,3,0,3,7,8,10,0.0,0.0014235467521354,0.027277930236916,0.0649301313439846,0.227392389306991
2,3,0,2,3,5,13,0.0,0.0009726060895125,0.0117266662530086,0.0350444281930331,0.178589996499736
2,3,0,5,10,13,23,0.0,0.001200842523179,0.0195142933792113,0.0488932460317203,0.196969619601589
2,4,0,6,1,4,8,0.0,0.0028470935042708,0.0038968471767022,0.0324650656719923,0.181913911445593
2,4,0,1,3,2,10,0.0,0.0004863030447562,0.0117266662530086,0.0140177712772132,0.137376920384412
2,4,0,7,4,6,18,0.0,0.0016811795324506,0.0078057173516845,0.0225661135531017,0.154150137079504
2,5,0,3,4,8,8,0.0,0.0014235467521354,0.0155873887068092,0.0649301313439846,0.181913911445593
2,5,0,0,0,8,15,0.0,0.0,0.0,0.0560710851088529,0.206065380576618
2,5,0,3,4,16,23,0.0,0.0007205055139074,0.0078057173516845,0.0601763028082712,0.196969619601589
2,6,0,1,7,6,9,0.0,0.0004745155840451,0.027277930236916,0.0486975985079884,0.204653150376292
2,6,0,3,5,5,9,0.0,0.0014589091342688,0.0195444437550143,0.0350444281930331,0.123639228345971
2,6,0,4,12,11,18,0.0,0.0009606740185432,0.0234171520550536,0.0413712081806864,0.154150137079504
2,7,0,5,1,9,10,0.0,0.0023725779202256,0.0038968471767022,0.0730463977619826,0.227392389306991
2,7,0,1,3,4,6,0.0,0.0004863030447562,0.0117266662530086,0.0280355425544264,0.0824261522306472
2,7,0,6,4,13,16,0.0,0.0014410110278148,0.0078057173516845,0.0488932460317203,0.13702234407067
2,8,0,3,4,10,7,0.0,0.0014235467521354,0.0155873887068092,0.0811626641799807,0.159174672514894
2,8,0,1,6,2,7,0.0,0.0004863030447562,0.0234533325060171,0.0140177712772132,0.0961638442690884
2,8,0,4,10,12,14,0.0,0.0009606740185432,0.0195142933792113,0.0451322271062034,0.119894551061837
2,9,0,3,9,7,4,0.0,0.0014235467521354,0.0350716245903206,0.0568138649259865,0.0909569557227963
2,9,0,1,1,5,9,0.0,0.0004863030447562,0.0039088887510028,0.0350444281930331,0.123639228345971
2,9,0,4,10,12,13,0.0,0.0009606740185432,0.0195142933792113,0.0451322271062034,0.11133065455742
2,10,0,3,5,10,9,0.0,0.0014235467521354,0.0194842358835115,0.0811626641799807,0.204653150376292
2,10,0,3,3,7,11,0.0,0.0014589091342688,0.0117266662530086,0.0490621994702463,0.151114612422853
2,10,0,6,8,17,20,0.0,0.0014410110278148,0.015611434703369,0.0639373217337881,0.171277930088338
2,11,0,5,0,11,6,0.0,0.0023725779202256,0.0,0.0892789305979788,0.136435433584194
2,11,0,2,5,4,11,0.0,0.0009726060895125,0.0195444437550143,0.0280355425544264,0.151114612422853
2,11,0,7,5,15,17,0.0,0.0016811795324506,0.0097571466896056,0.0564152838827542,0.145586240575087
2,12,0,9,1,5,9,0.0,0.0042706402564062,0.0038968471767022,0.0405813320899903,0.204653150376292
2,12,0,2,3,1,12,0.0,0.0009726060895125,0.0117266662530086,0.0070088856386066,0.164852304461294
2,12,0,11,4,6,21,0.0,0.0026418535509938,0.0078057173516845,0.0225661135531017,0.179841826592755
2,13,0,2,4,6,9,0.0,0.0009490311680902,0.0155873887068092,0.0486975985079884,0.204653150376292
2,13,1,3,2,5,11,0.001603071270316,0.0014589091342688,0.0078177775020057,0.0350444281930331,0.151114612422853
2,13,1,5,6,11,20,0.0007848296749852,0.001200842523179,0.0117085760275268,0.0413712081806864,0.171277930088338
2,14,0,6,1,1,9,0.0,0.0028470935042708,0.0038968471767022,0.008116266417998,0.204653150376292
2,14,0,4,5,6,16,0.0,0.0019452121790251,0.0195444437550143,0.0420533138316397,0.219803072615059
2,14,0,10,6,7,25,0.0,0.002401685046358,0.0117085760275268,0.0263271324786186,0.214097412610423
2,15,0,4,10,5,5,0.0,0.0018980623361805,0.0389684717670229,0.0405813320899903,0.113696194653495
2,15,0,2,5,5,11,0.0,0.0009726060895125,0.0195444437550143,0.0350444281930331,0.151114612422853
2,15,0,6,15,10,16,0.0,0.0014410110278148,0.0292714400688169,0.0376101892551695,0.13702234407067
2,16,0,4,7,6,12,0.0,0.0018980623361805,0.027277930236916,0.0486975985079884,0.272870867168389
2,16,0,5,5,8,6,0.0,0.0024315152237814,0.0195444437550143,0.0560710851088529,0.0824261522306472
2,16,0,9,12,14,18,0.0,0.0021615165417222,0.0234171520550536,0.0526542649572373,0.154150137079504
2,17,0,7,4,8,7,0.0,0.0033216090883159,0.0155873887068092,0.0649301313439846,0.159174672514894
2,17,0,2,7,4,10,0.0,0.0009726060895125,0.02736222125702,0.0280355425544264,0.137376920384412
2,17,0,9,11,12,17,0.0,0.0021615165417222,0.0214657227171324,0.0451322271062034,0.145586240575087
2,18,0,2,3,3,9,0.0,0.0009490311680902,0.0116905415301069,0.0243487992539942,0.204653150376292
2,18,0,2,5,4,9,0.0,0.0009726060895125,0.0195444437550143,0.0280355425544264,0.123639228345971
2,18,0,4,8,7,18,0.0,0.0009606740185432,0.015611434703369,0.0263271324786186,0.154150137079504
2,19,0,5,5,2,5,0.0,0.0023725779202256,0.0194842358835115,0.0162325328359961,0.113696194653495
2,19,0,4,6,1,11,0.0,0.0019452121790251,0.0234533325060171,0.0070088856386066,0.151114612422853
2,19,0,9,11,3,16,0.0,0.0021615165417222,0.0214657227171324,0.0112830567765508,0.13702234407067
2,20,0,2,4,5,9,0.0,0.0009490311680902,0.0155873887068092,0.0405813320899903,0.204653150376292
2,20,0,2,2,0,10,0.0,0.0009726060895125,0.0078177775020057,0.0,0.137376920384412
2,20,0,4,6,5,19,0.0,0.0009606740185432,0.0117085760275268,0.0188050946275847,0.162714033583921
2,21,0,2,2,9,6,0.0,0.0009490311680902,0.0077936943534045,0.0730463977619826,0.136435433584194
2,21,0,3,1,8,9,0.0,0.0014589091342688,0.0039088887510028,0.0560710851088529,0.123639228345971
2,21,0,5,3,17,15,0.0,0.001200842523179,0.0058542880137633,0.0639373217337881,0.128458447566253
2,22,0,3,6,4,10,0.0,0.0014235467521354,0.0233810830602138,0.0324650656719923,0.227392389306991
2,22,0,4,2,7,9,0.0,0.0019452121790251,0.0078177775020057,0.0490621994702463,0.123639228345971
2,22,0,7,8,11,19,0.0,0.0016811795324506,0.015611434703369,0.0413712081806864,0.162714033583921
2,23,0,5,7,3,7,0.0,0.0023725779202256,0.027277930236916,0.0243487992539942,0.159174672514894
2,23,0,3,4,6,10,0.0,0.0014589091342688,0.0156355550040114,0.0420533138316397,0.137376920384412
2,23,0,8,11,9,17,0.0,0.0019213480370864,0.0214657227171324,0.0338491703296525,0.145586240575087
2,24,0,2,4,3,9,0.0,0.0009490311680902,0.0155873887068092,0.0243487992539942,0.204653150376292
2,24,0,4,4,6,8,0.0,0.0019452121790251,0.0156355550040114,0.0420533138316397,0.10990153630753
2,24,0,6,8,9,17,0.0,0.0014410110278148,0.015611434703369,0.0338491703296525,0.145586240575087
2,25,0,4,5,0,10,0.0,0.0018980623361805,0.0194842358835115,0.0,0.227392389306991
2,25,0,3,1,3,7,0.0,0.0014589091342688,0.0039088887510028,0.0210266569158198,0.0961638442690884
2,25,0,7,6,3,17,0.0,0.0016811795324506,0.0117085760275268,0.0112830567765508,0.145586240575087
2,26,1,1,4,9,6,0.0015376117655711,0.0004745155840451,0.0155873887068092,0.0730463977619826,0.136435433584194
2,26,0,7,3,5,12,0.0,0.003404121313294,0.0117266662530086,0.0350444281930331,0.164852304461294
2,26,1,8,7,14,18,0.0007848296749852,0.0019213480370864,0.0136600053654479,0.0526542649572373,0.154150137079504
2,27,1,5,4,8,10,0.0015376117655711,0.0023725779202256,0.0155873887068092,0.0649301313439846,0.227392389306991
2,27,0,2,3,6,7,0.0,0.0009726060895125,0.0117266662530086,0.0420533138316397,0.0961638442690884
2,27,1,7,7,14,17,0.0007848296749852,0.0016811795324506,0.0136600053654479,0.0526542649572373,0.145586240575087
2,28,0,5,5,5,4,0.0,0.0023725779202256,0.0194842358835115,0.0405813320899903,0.0909569557227963
2,28,0,4,1,6,11,0.0,0.0019452121790251,0.0039088887510028,0.0420533138316397,0.151114612422853
2,28,0,9,6,11,15,0.0,0.0021615165417222,0.0117085760275268,0.0413712081806864,0.128458447566253
2,29,0,7,8,5,9,0.0,0.0033216090883159,0.0311747774136183,0.0405813320899903,0.204653150376292
2,29,0,1,1,12,11,0.0,0.0004863030447562,0.0039088887510028,0.0841066276632793,0.151114612422853
2,29,0,8,9,17,20,0.0,0.0019213480370864,0.0175628640412902,0.0639373217337881,0.171277930088338
2,30,0,3,9,10,4,0.0,0.0014235467521354,0.0350716245903206,0.0811626641799807,0.0909569557227963
2,30,0,4,3,3,7,0.0,0.0019452121790251,0.0117266662530086,0.0210266569158198,0.0961638442690884
2,30,0,7,12,13,11,0.0,0.0016811795324506,0.0234171520550536,0.0488932460317203,0.0942028615485859
2,31,0,1,4,1,9,0.0,0.0004745155840451,0.0155873887068092,0.008116266417998,0.204653150376292
2,31,0,0,0,11,7,0.0,0.0,0.0,0.0770977420246727,0.0961638442690884
2,31,0,1,4,12,16,0.0,0.0002401685046358,0.0078057173516845,0.0451322271062034,0.13702234407067
2,32,0,3,1,7,12,0.0,0.0014235467521354,0.0038968471767022,0.0568138649259865,0.272870867168389
2,32,0,3,5,2,10,0.0,0.0014589091342688,0.0195444437550143,0.0140177712772132,0.137376920384412
2,32,0,6,6,9,22,0.0,0.0014410110278148,0.0117085760275268,0.0338491703296525,0.188405723097172
2,33,0,5,4,6,9,0.0,0.0023725779202256,0.0155873887068092,0.0486975985079884,0.204653150376292
2,33,0,1,3,8,8,0.0,0.0004863030447562,0.0117266662530086,0.0560710851088529,0.10990153630753
2,33,0,6,7,14,17,0.0,0.0014410110278148,0.0136600053654479,0.0526542649572373,0.145586240575087
2,34,0,7,5,2,5,0.0,0.0033216090883159,0.0194842358835115,0.0162325328359961,0.113696194653495
2,34,0,3,4,4,7,0.0,0.0014589091342688,0.0156355550040114,0.0280355425544264,0.0961638442690884
2,34,0,10,9,6,12,0.0,0.002401685046358,0.0175628640412902,0.0225661135531017,0.102766758053003
2,35,0,5,6,4,9,0.0,0.0023725779202256,0.0233810830602138,0.0324650656719923,0.204653150376292
2,35,1,2,1,5,9,0.001603071270316,0.0009726060895125,0.0039088887510028,0.0350444281930331,0.123639228345971
2,35,1,7,7,9,18,0.0007848296749852,0.0016811795324506,0.0136600053654479,0.0338491703296525,0.154150137079504
2,36,1,2,4,6,9,0.0015376117655711,0.0009490311680902,0.0155873887068092,0.0486975985079884,0.204653150376292
2,36,0,2,2,3,8,0.0,0.0009726060895125,0.0078177775020057,0.0210266569158198,0.10990153630753
2,36,1,4,6,9,17,0.0007848296749852,0.0009606740185432,0.0117085760275268,0.0338491703296525,0.145586240575087
2,37,0,3,4,11,8,0.0,0.0014235467521354,0.0155873887068092,0.0892789305979788,0.181913911445593
2,37,0,4,5,6,10,0.0,0.0019452121790251,0.0195444437550143,0.0420533138316397,0.137376920384412
2,37,0,7,9,17,18,0.0,0.0016811795324506,0.0175628640412902,0.0639373217337881,0.154150137079504
2,38,0,6,3,9,11,0.0,0.0028470935042708,0.0116905415301069,0.0730463977619826,0.25013162823769
2,38,0,3,4,11,10,0.0,0.0014589091342688,0.0156355550040114,0.0770977420246727,0.137376920384412
2,38,0,9,7,20,21,0.0,0.0021615165417222,0.0136600053654479,0.075220378510339,0.179841826592755
2,39,0,6,5,7,11,0.0,0.0028470935042708,0.0194842358835115,0.0568138649259865,0.25013162823769
2,39,0,4,4,4,14,0.0,0.0019452121790251,0.0156355550040114,0.0280355425544264,0.192327688538177
2,39,0,10,9,11,25,0.0,0.002401685046358,0.0175628640412902,0.0413712081806864,0.214097412610423
2,40,0,2,6,4,8,0.0,0.0009490311680902,0.0233810830602138,0.0324650656719923,0.181913911445593
2,40,0,3,5,11,8,0.0,0.0014589091342688,0.0195444437550143,0.0770977420246727,0.10990153630753
2,40,0,5,11,15,16,0.0,0.001200842523179,0.0214657227171324,0.0564152838827542,0.13702234407067
2,41,1,0,3,10,6,0.0015376117655711,0.0,0.0116905415301069,0.0811626641799807,0.136435433584194
2,41,0,3,1,5,12,0.0,0.0014589091342688,0.0039088887510028,0.0350444281930331,0.164852304461294
2,41,1,3,4,15,18,0.0007848296749852,0.0007205055139074,0.0078057173516845,0.0564152838827542,0.154150137079504
2,42,0,3,6,11,7,0.0,0.0014235467521354,0.0233810830602138,0.0892789305979788,0.159174672514894
2,42,0,2,4,4,13,0.0,0.0009726060895125,0.0156355550040114,0.0280355425544264,0.178589996499736
2,42,0,5,10,15,20,0.0,0.001200842523179,0.0195142933792113,0.0564152838827542,0.171277930088338
2,43,0,6,5,4,8,0.0,0.0028470935042708,0.0194842358835115,0.0324650656719923,0.181913911445593
2,43,0,2,5,3,15,0.0,0.0009726060895125,0.0195444437550143,0.0210266569158198,0.206065380576618
2,43,0,8,10,7,23,0.0,0.0019213480370864,0.0195142933792113,0.0263271324786186,0.196969619601589
2,44,0,1,3,4,9,0.0,0.0004745155840451,0.0116905415301069,0.0324650656719923,0.204653150376292
2,44,0,3,2,9,9,0.0,0.0014589091342688,0.0078177775020057,0.0630799707474595,0.123639228345971
2,44,0,4,5,13,18,0.0,0.0009606740185432,0.0097571466896056,0.0488932460317203,0.154150137079504
2,45,0,7,4,3,11,0.0,0.0033216090883159,0.0155873887068092,0.0243487992539942,0.25013162823769
2,45,0,1,4,3,15,0.0,0.0004863030447562,0.0156355550040114,0.0210266569158198,0.206065380576618
2,45,0,8,8,6,26,0.0,0.0019213480370864,0.015611434703369,0.0225661135531017,0.222661309114839
2,46,0,6,1,9,7,0.0,0.0028470935042708,0.0038968471767022,0.0730463977619826,0.159174672514894
2,46,1,3,5,7,10,0.001603071270316,0.0014589091342688,0.0195444437550143,0.0490621994702463,0.137376920384412
2,46,1,9,6,16,17,0.0007848296749852,0.0021615165417222,0.0117085760275268,0.0601763028082712,0.145586240575087
2,47,0,3,2,2,6,0.0,0.0014235467521354,0.0077936943534045,0.0162325328359961,0.136435433584194
2,47,0,4,3,7,11,0.0,0.0019452121790251,0.0117266662530086,0.0490621994702463,0.151114612422853
2,47,0,7,5,9,17,0.0,0.0016811795324506,0.0097571466896056,0.0338491703296525,0.145586240575087
2,48,0,7,3,3,5,0.0,0.0033216090883159,0.0116905415301069,0.0243487992539942,0.113696194653495
2,48,1,0,2,4,5,0.001603071270316,0.0,0.0078177775020057,0.0280355425544264,0.068688460192206
2,48,1,7,5,7,10,0.0007848296749852,0.0016811795324506,0.0097571466896056,0.0263271324786186,0.085638965044169
2,49,0,4,1,7,7,0.0,0.0018980623361805,0.0038968471767022,0.0568138649259865,0.159174672514894
2,49,0,1,4,8,11,0.0,0.0004863030447562,0.0156355550040114,0.0560710851088529,0.151114612422853
2,49,0,5,5,15,18,0.0,0.001200842523179,0.0097571466896056,0.0564152838827542,0.154150137079504
2,50,0,2,3,11,17,0.0,0.0009490311680902,0.0116905415301069,0.0892789305979788,0.386567061821884
2,50,0,3,2,3,7,0.0,0.0014589091342688,0.0078177775020057,0.0210266569158198,0.0961638442690884
2,50,0,5,5,14,24,0.0,0.001200842523179,0.0097571466896056,0.0526542649572373,0.205533516106006
2,51,1,6,5,8,11,0.0015376117655711,0.0028470935042708,0.0194842358835115,0.0649301313439846,0.25013162823769
2,51,0,3,4,3,11,0.0,0.0014589091342688,0.0156355550040114,0.0210266569158198,0.151114612422853
2,51,1,9,9,11,22,0.0007848296749852,0.0021615165417222,0.0175628640412902,0.0413712081806864,0.188405723097172
2,52,0,6,4,5,7,0.0,0.0028470935042708,0.0155873887068092,0.0405813320899903,0.159174672514894
2,52,0,1,2,11,9,0.0,0.0004863030447562,0.0078177775020057,0.0770977420246727,0.123639228345971
2,52,0,7,6,16,16,0.0,0.0016811795324506,0.0117085760275268,0.0601763028082712,0.13702234407067
3,1,0,0,3,3,3,0.0,0.0,0.0112346882122358,0.0238846643853163,0.0660587775326396
3,1,0,2,3,4,17,0.0,0.0009544924348346,0.0112958502459677,0.0276865576918618,0.23009990541332
3,1,0,2,6,7,20,0.0,0.0004668975970114,0.0112651862130128,0.0259184335777155,0.16765154574903
3,2,0,4,4,5,11,0.0,0.0018279530036839,0.0149795842829811,0.0398077739755271,0.242215517619678
3,2,0,2,3,9,15,0.0,0.0009544924348346,0.0112958502459677,0.062294754806689,0.203029328305871
3,2,0,6,7,14,26,0.0,0.0014006927910342,0.0131427172485149,0.051836867155431,0.21794700947374
3,3,0,3,2,5,9,0.0,0.0013709647527629,0.0074897921414905,0.0398077739755271,0.198176332597919
3,3,0,1,1,8,17,0.0,0.0004772462174173,0.0037652834153225,0.0553731153837236,0.23009990541332
3,3,0,4,3,13,26,0.0,0.0009337951940228,0.0056325931065064,0.0481342337871859,0.21794700947374
3,4,0,6,5,9,4,0.0,0.0027419295055259,0.0187244803537264,0.0716539931559489,0.0880783700435194
3,4,1,1,1,10,16,0.0015945107949968,0.0004772462174173,0.0037652834153225,0.0692163942296544,0.216564616859595
3,4,1,7,6,19,20,0.0007798980005665,0.0016341415895399,0.0112651862130128,0.0703500339966563,0.16765154574903
3,5,1,6,1,5,12,0.0015265605811769,0.0027419295055259,0.0037448960707452,0.0398077739755271,0.264235110130558
3,5,0,2,1,4,16,0.0,0.0009544924348346,0.0037652834153225,0.0276865576918618,0.216564616859595
3,5,1,8,2,9,28,0.0007798980005665,0.0018675903880456,0.0037550620710042,0.0333237003142056,0.234712164048643
3,6,0,5,1,9,10,0.0,0.0022849412546049,0.0037448960707452,0.0716539931559489,0.220195925108799
3,6,0,4,4,7,15,0.0,0.0019089848696692,0.0150611336612903,0.0484514759607581,0.203029328305871
3,6,0,9,5,16,25,0.0,0.0021010391865513,0.0093876551775106,0.0592421338919211,0.209564432186288
3,7,0,6,8,8,6,0.0,0.0027419295055259,0.0299591685659622,0.0636924383608434,0.132117555065279
3,7,0,1,3,9,15,0.0,0.0004772462174173,0.0112958502459677,0.062294754806689,0.203029328305871
3,7,0,7,11,17,21,0.0,0.0016341415895399,0.0206528413905235,0.0629447672601662,0.176034123036482
3,8,0,4,2,6,8,0.0,0.0018279530036839,0.0074897921414905,0.0477693287706326,0.176156740087039
3,8,0,3,3,10,10,0.0,0.0014317386522519,0.0112958502459677,0.0692163942296544,0.135352885537247
3,8,0,7,5,16,18,0.0,0.0016341415895399,0.0093876551775106,0.0592421338919211,0.150886391174127
3,9,0,1,1,5,12,0.0,0.0004569882509209,0.0037448960707452,0.0398077739755271,0.264235110130558
3,9,0,2,2,5,7,0.0,0.0009544924348346,0.0075305668306451,0.0346081971148272,0.094747019876073
3,9,0,3,3,10,19,0.0,0.0007003463955171,0.0056325931065064,0.0370263336824507,0.159268968461579
3,10,0,3,3,7,6,0.0,0.0013709647527629,0.0112346882122358,0.055730883565738,0.132117555065279
3,10,0,3,2,6,10,0.0,0.0014317386522519,0.0075305668306451,0.0415298365377927,0.135352885537247
3,10,0,6,5,13,16,0.0,0.0014006927910342,0.0093876551775106,0.0481342337871859,0.134121236599224
3,11,0,5,3,4,3,0.0,0.0022849412546049,0.0112346882122358,0.0318462191804217,0.0660587775326396
3,11,0,1,2,6,18,0.0,0.0004772462174173,0.0075305668306451,0.0415298365377927,0.243635193967045
3,11,0,6,5,10,21,0.0,0.0014006927910342,0.0093876551775106,0.0370263336824507,0.176034123036482
3,12,0,4,2,6,14,0.0,0.0018279530036839,0.0074897921414905,0.0477693287706326,0.308274295152318
3,12,1,4,3,7,7,0.0015945107949968,0.0019089848696692,0.0112958502459677,0.0484514759607581,0.094747019876073
3,12,1,8,5,13,21,0.0007798980005665,0.0018675903880456,0.0093876551775106,0.0481342337871859,0.176034123036482
3,13,1,4,5,7,8,0.0015265605811769,0.0018279530036839,0.0187244803537264,0.055730883565738,0.176156740087039
3,13,0,3,6,5,9,0.0,0.0014317386522519,0.0225917004919354,0.0346081971148272,0.121817596983522
3,13,1,7,11,12,17,0.0007798980005665,0.0016341415895399,0.0206528413905235,0.0444316004189408,0.142503813886676
3,14,0,2,3,3,4,0.0,0.0009139765018419,0.0112346882122358,0.0238846643853163,0.0880783700435194
3,14,0,3,1,7,12,0.0,0.0014317386522519,0.0037652834153225,0.0484514759607581,0.162423462644697
3,14,0,5,4,10,16,0.0,0.0011672439925285,0.0075101241420085,0.0370263336824507,0.134121236599224
3,15,0,6,6,5,7,0.0,0.0027419295055259,0.0224693764244717,0.0398077739755271,0.154137147576159
3,15,0,2,3,7,7,0.0,0.0009544924348346,0.0112958502459677,0.0484514759607581,0.094747019876073
3,15,0,8,9,12,14,0.0,0.0018675903880456,0.0168977793195192,0.0444316004189408,0.117356082024321
3,16,1,8,5,11,4,0.0015265605811769,0.0036559060073679,0.0187244803537264,0.0875771027461597,0.0880783700435194
3,16,0,4,3,4,11,0.0,0.0019089848696692,0.0112958502459677,0.0276865576918618,0.148888174090972
3,16,1,12,8,15,15,0.0007798980005665,0.0028013855820685,0.0150202482840171,0.055539500523676,0.125738659311773
3,17,0,3,7,7,3,0.0,0.0013709647527629,0.0262142724952169,0.055730883565738,0.0660587775326396
3,17,0,2,4,5,7,0.0,0.0009544924348346,0.0150611336612903,0.0346081971148272,0.094747019876073
3,17,0,5,11,12,10,0.0,0.0011672439925285,0.0206528413905235,0.0444316004189408,0.0838257728745152
3,18,0,5,3,12,6,0.0,0.0022849412546049,0.0112346882122358,0.0955386575412651,0.132117555065279
3,18,0,1,2,4,13,0.0,0.0004772462174173,0.0075305668306451,0.0276865576918618,0.175958751198421
3,18,0,6,5,16,19,0.0,0.0014006927910342,0.0093876551775106,0.0592421338919211,0.159268968461579
3,19,1,4,4,9,4,0.0015265605811769,0.0018279530036839,0.0149795842829811,0.0716539931559489,0.0880783700435194
3,19,0,1,4,6,12,0.0,0.0004772462174173,0.0150611336612903,0.0415298365377927,0.162423462644697
3,19,1,5,8,15,16,0.0007798980005665,0.0011672439925285,0.0150202482840171,0.055539500523676,0.134121236599224
3,20,0,4,5,6,7,0.0,0.0018279530036839,0.0187244803537264,0.0477693287706326,0.154137147576159
3,20,0,2,3,4,10,0.0,0.0009544924348346,0.0112958502459677,0.0276865576918618,0.135352885537247
3,20,0,6,8,10,17,0.0,0.0014006927910342,0.0150202482840171,0.0370263336824507,0.142503813886676
3,21,1,8,4,2,4,0.0015265605811769,0.0036559060073679,0.0149795842829811,0.0159231095902109,0.0880783700435194
3,21,0,0,0,8,14,0.0,0.0,0.0,0.0553731153837236,0.189494039752146
3,21,1,8,4,10,18,0.0007798980005665,0.0018675903880456,0.0075101241420085,0.0370263336824507,0.150886391174127
3,22,0,3,4,7,7,0.0,0.0013709647527629,0.0149795842829811,0.055730883565738,0.154137147576159
3,22,0,1,3,7,9,0.0,0.0004772462174173,0.0112958502459677,0.0484514759607581,0.121817596983522
3,22,0,4,7,14,16,0.0,0.0009337951940228,0.0131427172485149,0.051836867155431,0.134121236599224
3,23,0,3,8,6,7,0.0,0.0013709647527629,0.0299591685659622,0.0477693287706326,0.154137147576159
3,23,0,3,5,4,8,0.0,0.0014317386522519,0.0188264170766128,0.0276865576918618,0.108282308429798
3,23,0,6,13,10,15,0.0,0.0014006927910342,0.0244079034615277,0.0370263336824507,0.125738659311773
3,24,0,6,5,5,7,0.0,0.0027419295055259,0.0187244803537264,0.0398077739755271,0.154137147576159
3,24,0,1,3,4,9,0.0,0.0004772462174173,0.0112958502459677,0.0276865576918618,0.121817596983522
3,24,0,7,8,9,16,0.0,0.0016341415895399,0.0150202482840171,0.0333237003142056,0.134121236599224
3,25,1,3,2,10,5,0.0015265605811769,0.0013709647527629,0.0074897921414905,0.0796155479510543,0.110097962554399
3,25,0,4,8,6,8,0.0,0.0019089848696692,0.0301222673225805,0.0415298365377927,0.108282308429798
3,25,1,7,10,16,13,0.0007798980005665,0.0016341415895399,0.0187753103550213,0.0592421338919211,0.10897350473687
3,26,0,4,8,4,8,0.0,0.0018279530036839,0.0299591685659622,0.0318462191804217,0.176156740087039
3,26,0,3,2,7,7,0.0,0.0014317386522519,0.0075305668306451,0.0484514759607581,0.094747019876073
3,26,0,7,10,11,15,0.0,0.0016341415895399,0.0187753103550213,0.0407289670506958,0.125738659311773
3,27,0,3,6,10,2,0.0,0.0013709647527629,0.0224693764244717,0.0796155479510543,0.0440391850217597
3,27,1,2,5,8,10,0.0015945107949968,0.0009544924348346,0.0188264170766128,0.0553731153837236,0.135352885537247
3,27,1,5,11,18,12,0.0007798980005665,0.0011672439925285,0.0206528413905235,0.0666474006284112,0.100590927449418
3,28,1,6,3,5,5,0.0015265605811769,0.0027419295055259,0.0112346882122358,0.0398077739755271,0.110097962554399
3,28,0,2,2,5,6,0.0,0.0009544924348346,0.0075305668306451,0.0346081971148272,0.0812117313223483
3,28,1,8,5,10,11,0.0007798980005665,0.0018675903880456,0.0093876551775106,0.0370263336824507,0.0922083501619668
3,29,1,6,5,6,10,0.0015265605811769,0.0027419295055259,0.0187244803537264,0.0477693287706326,0.220195925108799
3,29,0,5,2,5,6,0.0,0.0023862310870865,0.0075305668306451,0.0346081971148272,0.0812117313223483
3,29,1,11,7,11,16,0.0007798980005665,0.0025679367835628,0.0131427172485149,0.0407289670506958,0.134121236599224
3,30,0,1,3,10,4,0.0,0.0004569882509209,0.0112346882122358,0.0796155479510543,0.0880783700435194
3,30,1,2,3,4,12,0.0015945107949968,0.0009544924348346,0.0112958502459677,0.0276865576918618,0.162423462644697
3,30,1,3,6,14,16,0.0007798980005665,0.0007003463955171,0.0112651862130128,0.051836867155431,0.134121236599224
3,31,0,0,2,7,4,0.0,0.0,0.0074897921414905,0.055730883565738,0.0880783700435194
3,31,0,5,1,6,6,0.0,0.0023862310870865,0.0037652834153225,0.0415298365377927,0.0812117313223483
3,31,0,5,3,13,10,0.0,0.0011672439925285,0.0056325931065064,0.0481342337871859,0.0838257728745152
3,32,0,4,4,2,8,0.0,0.0018279530036839,0.0149795842829811,0.0159231095902109,0.176156740087039
3,32,0,1,3,4,12,0.0,0.0004772462174173,0.0112958502459677,0.0276865576918618,0.162423462644697
3,32,0,5,7,6,20,0.0,0.0011672439925285,0.0131427172485149,0.0222158002094704,0.16765154574903
3,33,0,4,3,8,7,0.0,0.0018279530036839,0.0112346882122358,0.0636924383608434,0.154137147576159
3,33,1,3,3,1,10,0.0015945107949968,0.0014317386522519,0.0112958502459677,0.0069216394229654,0.135352885537247
3,33,1,7,6,9,17,0.0007798980005665,0.0016341415895399,0.0112651862130128,0.0333237003142056,0.142503813886676
3,34,0,7,4,6,6,0.0,0.0031989177564469,0.0149795842829811,0.0477693287706326,0.132117555065279
3,34,2,1,3,7,8,0.0031890215899937,0.0004772462174173,0.0112958502459677,0.0484514759607581,0.108282308429798
3,34,2,8,7,13,14,0.001559796001133,0.0018675903880456,0.0131427172485149,0.0481342337871859,0.117356082024321
3,35,0,3,3,7,8,0.0,0.0013709647527629,0.0112346882122358,0.055730883565738,0.176156740087039
3,35,0,3,2,5,9,0.0,0.0014317386522519,0.0075305668306451,0.0346081971148272,0.121817596983522
3,35,0,6,5,12,17,0.0,0.0014006927910342,0.0093876551775106,0.0444316004189408,0.142503813886676
3,36,0,8,3,5,3,0.0,0.0036559060073679,0.0112346882122358,0.0398077739755271,0.0660587775326396
3,36,0,5,2,3,7,0.0,0.0023862310870865,0.0075305668306451,0.0207649182688963,0.094747019876073
3,36,0,13,5,8,10,0.0,0.0030348343805742,0.0093876551775106,0.0296210669459606,0.0838257728745152
3,37,0,5,4,10,6,0.0,0.0022849412546049,0.0149795842829811,0.0796155479510543,0.132117555065279
3,37,1,1,3,5,10,0.0015945107949968,0.0004772462174173,0.0112958502459677,0.0346081971148272,0.135352885537247
3,37,1,6,7,15,16,0.0007798980005665,0.0014006927910342,0.0131427172485149,0.055539500523676,0.134121236599224
3,38,0,1,6,3,4,0.0,0.0004569882509209,0.0224693764244717,0.0238846643853163,0.0880783700435194
3,38,0,2,2,8,10,0.0,0.0009544924348346,0.0075305668306451,0.0553731153837236,0.135352885537247
3,38,0,3,8,11,14,0.0,0.0007003463955171,0.0150202482840171,0.0407289670506958,0.117356082024321
3,39,0,4,5,5,5,0.0,0.0018279530036839,0.0187244803537264,0.0398077739755271,0.110097962554399
3,39,0,3,2,8,15,0.0,0.0014317386522519,0.0075305668306451,0.0553731153837236,0.203029328305871
3,39,0,7,7,13,20,0.0,0.0016341415895399,0.0131427172485149,0.0481342337871859,0.16765154574903
3,40,0,5,5,5,7,0.0,0.0022849412546049,0.0187244803537264,0.0398077739755271,0.154137147576159
3,40,0,1,0,4,8,0.0,0.0004772462174173,0.0,0.0276865576918618,0.108282308429798
3,40,0,6,5,9,15,0.0,0.0014006927910342,0.0093876551775106,0.0333237003142056,0.125738659311773
3,41,0,7,1,7,12,0.0,0.0031989177564469,0.0037448960707452,0.055730883565738,0.264235110130558
3,41,1,2,3,3,9,0.0015945107949968,0.0009544924348346,0.0112958502459677,0.0207649182688963,0.121817596983522
3,41,1,9,4,10,21,0.0007798980005665,0.0021010391865513,0.0075101241420085,0.0370263336824507,0.176034123036482
3,42,0,4,6,10,8,0.0,0.0018279530036839,0.0224693764244717,0.0796155479510543,0.176156740087039
3,42,0,2,1,10,6,0.0,0.0009544924348346,0.0037652834153225,0.0692163942296544,0.0812117313223483
3,42,0,6,7,20,14,0.0,0.0014006927910342,0.0131427172485149,0.0740526673649014,0.117356082024321
3,43,0,6,6,5,8,0.0,0.0027419295055259,0.0224693764244717,0.0398077739755271,0.176156740087039
3,43,0,1,3,6,3,0.0,0.0004772462174173,0.0112958502459677,0.0415298365377927,0.0406058656611741
3,43,0,7,9,11,11,0.0,0.0016341415895399,0.0168977793195192,0.0407289670506958,0.0922083501619668
3,44,0,5,3,6,6,0.0,0.0022849412546049,0.0112346882122358,0.0477693287706326,0.132117555065279
3,44,1,1,2,5,10,0.0015945107949968,0.0004772462174173,0.0075305668306451,0.0346081971148272,0.135352885537247
3,44,1,6,5,11,16,0.0007798980005665,0.0014006927910342,0.0093876551775106,0.0407289670506958,0.134121236599224
3,45,0,5,2,8,3,0.0,0.0022849412546049,0.0074897921414905,0.0636924383608434,0.0660587775326396
3,45,0,3,1,4,11,0.0,0.0014317386522519,0.0037652834153225,0.0276865576918618,0.148888174090972
3,45,0,8,3,12,14,0.0,0.0018675903880456,0.0056325931065064,0.0444316004189408,0.117356082024321
3,46,0,11,5,5,7,0.0,0.0050268707601309,0.0187244803537264,0.0398077739755271,0.154137147576159
3,46,0,3,1,10,9,0.0,0.0014317386522519,0.0037652834153225,0.0692163942296544,0.121817596983522
3,46,0,14,6,15,16,0.0,0.0032682831790799,0.0112651862130128,0.055539500523676,0.134121236599224
3,47,0,4,5,9,4,0.0,0.0018279530036839,0.0187244803537264,0.0716539931559489,0.0880783700435194
3,47,0,2,4,6,13,0.0,0.0009544924348346,0.0150611336612903,0.0415298365377927,0.175958751198421
3,47,0,6,9,15,17,0.0,0.0014006927910342,0.0168977793195192,0.055539500523676,0.142503813886676
3,48,0,5,3,7,8,0.0,0.0022849412546049,0.0112346882122358,0.055730883565738,0.176156740087039
3,48,0,1,1,10,12,0.0,0.0004772462174173,0.0037652834153225,0.0692163942296544,0.162423462644697
3,48,0,6,4,17,20,0.0,0.0014006927910342,0.0075101241420085,0.0629447672601662,0.16765154574903
3,49,0,5,8,2,7,0.0,0.0022849412546049,0.0299591685659622,0.0159231095902109,0.154137147576159
3,49,1,2,5,3,10,0.0015945107949968,0.0009544924348346,0.0188264170766128,0.0207649182688963,0.135352885537247
3,49,1,7,13,5,17,0.0007798980005665,0.0016341415895399,0.0244079034615277,0.0185131668412253,0.142503813886676
3,50,0,5,4,5,5,0.0,0.0022849412546049,0.0149795842829811,0.0398077739755271,0.110097962554399
3,50,0,0,2,4,11,0.0,0.0,0.0075305668306451,0.0276865576918618,0.148888174090972
3,50,0,5,6,9,16,0.0,0.0011672439925285,0.0112651862130128,0.0333237003142056,0.134121236599224
3,51,0,5,6,9,5,0.0,0.0022849412546049,0.0224693764244717,0.0716539931559489,0.110097962554399
3,51,0,3,1,3,12,0.0,0.0014317386522519,0.0037652834153225,0.0207649182688963,0.162423462644697
3,51,0,8,7,12,17,0.0,0.0018675903880456,0.0131427172485149,0.0444316004189408,0.142503813886676
3,52,0,4,1,4,6,0.0,0.0018279530036839,0.0037448960707452,0.0318462191804217,0.132117555065279
3,52,0,3,1,6,12,0.0,0.0014317386522519,0.0037652834153225,0.0415298365377927,0.162423462644697
3,52,0,7,2,10,18,0.0,0.0016341415895399,0.0037550620710042,0.0370263336824507,0.150886391174127
4,1,0,6,4,8,12,0.0,0.0026502609418123,0.0143792488885357,0.0615012719834576,0.256377081411251
4,1,0,3,3,10,16,0.0,0.001401594327803,0.010894395898311,0.0674181526372153,0.214893227568521
4,1,0,9,7,18,28,0.0,0.0020434354275506,0.0126456603176284,0.0646536363712879,0.23090567502894
4,2,0,4,2,6,11,0.0,0.0017668406278748,0.0071896244442678,0.0461259539875932,0.23501232462698
4,2,1,1,3,6,13,0.001586643444748,0.0004671981092676,0.010894395898311,0.0404508915823292,0.174600747399424
4,2,1,5,5,12,24,0.0007738042353104,0.0011352419041947,0.0090326145125917,0.0431024242475253,0.197919150024806
4,3,0,6,1,11,9,0.0,0.0026502609418123,0.0035948122221339,0.0845642489772542,0.192282811058438
4,3,0,0,1,5,8,0.0,0.0,0.003631465299437,0.0337090763186077,0.107446613784261
4,3,0,6,2,16,17,0.0,0.0013622902850337,0.0036130458050366,0.0574698989967004,0.140192731267571
4,4,1,4,9,3,8,0.0015104480729012,0.0017668406278748,0.0323533099992052,0.0230629769937966,0.170918054274167
4,4,0,3,5,9,8,0.0,0.001401594327803,0.018157326497185,0.0606763373734938,0.107446613784261
4,4,1,7,14,12,16,0.0007738042353104,0.0015893386658727,0.0252913206352568,0.0431024242475253,0.131946100016537
4,5,0,1,2,7,7,0.0,0.0004417101569687,0.0071896244442678,0.0538136129855254,0.149553297489896
4,5,1,4,4,6,15,0.001586643444748,0.0018687924370707,0.014525861197748,0.0404508915823292,0.201462400845489
4,5,1,5,6,13,22,0.0007738042353104,0.0011352419041947,0.01083913741511,0.0466942929348191,0.181425887522739
4,6,0,5,5,5,10,0.0,0.0022085507848436,0.0179740611106696,0.038438294989661,0.213647567842709
4,6,0,1,2,4,14,0.0,0.0004671981092676,0.007262930598874,0.0269672610548861,0.188031574122456
4,6,0,6,7,9,24,0.0,0.0013622902850337,0.0126456603176284,0.032326818185644,0.197919150024806
4,7,1,1,9,5,6,0.0015104480729012,0.0004417101569687,0.0323533099992052,0.038438294989661,0.128188540705625
4,7,0,2,3,2,15,0.0,0.0009343962185353,0.010894395898311,0.0134836305274431,0.201462400845489
4,7,1,3,12,7,21,0.0007738042353104,0.0006811451425168,0.0216782748302201,0.0251430808110564,0.173179256271705
4,8,1,3,5,9,9,0.0015104480729012,0.0013251304709061,0.0179740611106696,0.0691889309813898,0.192282811058438
4,8,0,3,4,10,13,0.0,0.001401594327803,0.014525861197748,0.0674181526372153,0.174600747399424
4,8,1,6,9,19,22,0.0007738042353104,0.0013622902850337,0.0162587061226651,0.0682455050585817,0.181425887522739
4,9,0,7,4,5,7,0.0,0.003091971098781,0.0143792488885357,0.038438294989661,0.149553297489896
4,9,0,0,1,9,17,0.0,0.0,0.003631465299437,0.0606763373734938,0.228324054291554
4,9,0,7,5,14,24,0.0,0.0015893386658727,0.0090326145125917,0.0502861616221128,0.197919150024806
4,10,0,5,5,4,6,0.0,0.0022085507848436,0.0179740611106696,0.0307506359917288,0.128188540705625
4,10,0,3,3,2,15,0.0,0.001401594327803,0.010894395898311,0.0134836305274431,0.201462400845489
4,10,0,8,8,6,21,0.0,0.0018163870467116,0.0144521832201467,0.0215512121237626,0.173179256271705
4,11,0,5,2,5,9,0.0,0.0022085507848436,0.0071896244442678,0.038438294989661,0.192282811058438
4,11,0,0,4,5,7,0.0,0.0,0.014525861197748,0.0337090763186077,0.0940157870612281
4,11,0,5,6,10,16,0.0,0.0011352419041947,0.01083913741511,0.0359186868729377,0.131946100016537
4,12,1,4,5,5,9,0.0015104480729012,0.0017668406278748,0.0179740611106696,0.038438294989661,0.192282811058438
4,12,0,1,0,4,7,0.0,0.0004671981092676,0.0,0.0269672610548861,0.0940157870612281
4,12,1,5,5,9,16,0.0007738042353104,0.0011352419041947,0.0090326145125917,0.032326818185644,0.131946100016537
4,13,0,6,2,4,14,0.0,0.0026502609418123,0.0071896244442678,0.0307506359917288,0.299106594979792
4,13,0,5,4,8,12,0.0,0.0023359905463384,0.014525861197748,0.0539345221097723,0.161169920676391
4,13,0,11,6,12,26,0.0,0.0024975321892285,0.01083913741511,0.0431024242475253,0.214412412526873
4,14,0,5,2,13,12,0.0,0.0022085507848436,0.0071896244442678,0.0999395669731186,0.256377081411251
4,14,0,4,2,5,12,0.0,0.0018687924370707,0.007262930598874,0.0337090763186077,0.161169920676391
4,14,0,9,4,18,24,0.0,0.0020434354275506,0.0072260916100733,0.0646536363712879,0.197919150024806
4,15,0,6,6,8,10,0.0,0.0026502609418123,0.0215688733328035,0.0615012719834576,0.213647567842709
4,15,0,3,1,5,12,0.0,0.001401594327803,0.003631465299437,0.0337090763186077,0.161169920676391
4,15,0,9,7,13,22,0.0,0.0020434354275506,0.0126456603176284,0.0466942929348191,0.181425887522739
4,16,0,7,4,6,8,0.0,0.003091971098781,0.0143792488885357,0.0461259539875932,0.170918054274167
4,16,0,4,3,5,8,0.0,0.0018687924370707,0.010894395898311,0.0337090763186077,0.107446613784261
4,16,0,11,7,11,16,0.0,0.0024975321892285,0.0126456603176284,0.0395105555602315,0.131946100016537
4,17,0,5,3,6,7,0.0,0.0022085507848436,0.0107844366664017,0.0461259539875932,0.149553297489896
4,17,0,3,3,5,9,0.0,0.001401594327803,0.010894395898311,0.0337090763186077,0.120877440507293
4,17,0,8,6,11,16,0.0,0.0018163870467116,0.01083913741511,0.0395105555602315,0.131946100016537
4,18,0,3,4,5,3,0.0,0.0013251304709061,0.0143792488885357,0.038438294989661,0.0640942703528127
4,18,0,2,1,3,11,0.0,0.0009343962185353,0.003631465299437,0.0202254457911646,0.147739093953358
4,18,0,5,5,8,14,0.0,0.0011352419041947,0.0090326145125917,0.0287349494983502,0.11545283751447
4,19,0,2,1,8,11,0.0,0.0008834203139374,0.0035948122221339,0.0615012719834576,0.23501232462698
4,19,0,5,1,5,10,0.0,0.0023359905463384,0.003631465299437,0.0337090763186077,0.134308267230326
4,19,0,7,2,13,21,0.0,0.0015893386658727,0.0036130458050366,0.0466942929348191,0.173179256271705
4,20,0,2,4,5,7,0.0,0.0008834203139374,0.0143792488885357,0.038438294989661,0.149553297489896
4,20,0,5,2,7,6,0.0,0.0023359905463384,0.007262930598874,0.0471927068460507,0.0805849603381955
4,20,0,7,6,12,13,0.0,0.0015893386658727,0.01083913741511,0.0431024242475253,0.107206206263436
4,21,0,8,6,5,9,0.0,0.0035336812557497,0.0215688733328035,0.038438294989661,0.192282811058438
4,21,0,1,4,8,10,0.0,0.0004671981092676,0.014525861197748,0.0539345221097723,0.134308267230326
4,21,0,9,10,13,19,0.0,0.0020434354275506,0.0180652290251834,0.0466942929348191,0.156685993769638
4,22,0,4,6,8,6,0.0,0.0017668406278748,0.0215688733328035,0.0615012719834576,0.128188540705625
4,22,0,1,6,6,13,0.0,0.0004671981092676,0.021788791796622,0.0404508915823292,0.174600747399424
4,22,0,5,12,14,19,0.0,0.0011352419041947,0.0216782748302201,0.0502861616221128,0.156685993769638
4,23,0,11,6,6,4,0.0,0.0048588117266559,0.0215688733328035,0.0461259539875932,0.0854590271370836
4,23,0,4,1,9,13,0.0,0.0018687924370707,0.003631465299437,0.0606763373734938,0.174600747399424
4,23,0,15,7,15,17,0.0,0.0034057257125843,0.0126456603176284,0.0538780303094066,0.140192731267571
4,24,0,3,4,3,5,0.0,0.0013251304709061,0.0143792488885357,0.0230629769937966,0.106823783921354
4,24,0,0,3,6,11,0.0,0.0,0.010894395898311,0.0404508915823292,0.147739093953358
4,24,0,3,7,9,16,0.0,0.0006811451425168,0.0126456603176284,0.032326818185644,0.131946100016537
4,25,0,6,2,2,9,0.0,0.0026502609418123,0.0071896244442678,0.0153753179958644,0.192282811058438
4,25,0,3,2,4,8,0.0,0.001401594327803,0.007262930598874,0.0269672610548861,0.107446613784261
4,25,0,9,4,6,17,0.0,0.0020434354275506,0.0072260916100733,0.0215512121237626,0.140192731267571
4,26,0,4,7,6,8,0.0,0.0017668406278748,0.0251636855549374,0.0461259539875932,0.170918054274167
4,26,0,3,4,6,14,0.0,0.001401594327803,0.014525861197748,0.0404508915823292,0.188031574122456
4,26,0,7,11,12,22,0.0,0.0015893386658727,0.0198717519277017,0.0431024242475253,0.181425887522739
4,27,0,8,4,8,5,0.0,0.0035336812557497,0.0143792488885357,0.0615012719834576,0.106823783921354
4,27,0,2,2,5,6,0.0,0.0009343962185353,0.007262930598874,0.0337090763186077,0.0805849603381955
4,27,0,10,6,13,11,0.0,0.0022704838083895,0.01083913741511,0.0466942929348191,0.0907129437613693
4,28,0,2,4,7,7,0.0,0.0008834203139374,0.0143792488885357,0.0538136129855254,0.149553297489896
4,28,0,2,3,6,7,0.0,0.0009343962185353,0.010894395898311,0.0404508915823292,0.0940157870612281
4,28,0,4,7,13,14,0.0,0.0009081935233558,0.0126456603176284,0.0466942929348191,0.11545283751447
4,29,0,3,3,4,6,0.0,0.0013251304709061,0.0107844366664017,0.0307506359917288,0.128188540705625
4,29,0,3,2,5,7,0.0,0.001401594327803,0.007262930598874,0.0337090763186077,0.0940157870612281
4,29,0,6,5,9,13,0.0,0.0013622902850337,0.0090326145125917,0.032326818185644,0.107206206263436
4,30,0,2,1,8,4,0.0,0.0008834203139374,0.0035948122221339,0.0615012719834576,0.0854590271370836
4,30,0,2,1,6,6,0.0,0.0009343962185353,0.003631465299437,0.0404508915823292,0.0805849603381955
4,30,0,4,2,14,10,0.0,0.0009081935233558,0.0036130458050366,0.0502861616221128,0.0824663125103357
4,31,0,3,2,6,8,0.0,0.0013251304709061,0.0071896244442678,0.0461259539875932,0.170918054274167
4,31,0,2,1,8,11,0.0,0.0009343962185353,0.003631465299437,0.0539345221097723,0.147739093953358
4,31,0,5,3,14,19,0.0,0.0011352419041947,0.005419568707555,0.0502861616221128,0.156685993769638
4,32,0,3,5,4,5,0.0,0.0013251304709061,0.0179740611106696,0.0307506359917288,0.106823783921354
4,32,0,4,2,7,15,0.0,0.0018687924370707,0.007262930598874,0.0471927068460507,0.201462400845489
4,32,0,7,7,11,20,0.0,0.0015893386658727,0.0126456603176284,0.0395105555602315,0.164932625020671
4,33,0,0,1,4,4,0.0,0.0,0.0035948122221339,0.0307506359917288,0.0854590271370836
4,33,0,5,0,6,5,0.0,0.0023359905463384,0.0,0.0404508915823292,0.067154133615163
4,33,0,5,1,10,9,0.0,0.0011352419041947,0.0018065229025183,0.0359186868729377,0.0742196812593022
4,34,0,3,3,6,7,0.0,0.0013251304709061,0.0107844366664017,0.0461259539875932,0.149553297489896
4,34,1,2,1,2,13,0.001586643444748,0.0009343962185353,0.003631465299437,0.0134836305274431,0.174600747399424
4,34,1,5,4,8,20,0.0007738042353104,0.0011352419041947,0.0072260916100733,0.0287349494983502,0.164932625020671
4,35,0,6,1,4,9,0.0,0.0026502609418123,0.0035948122221339,0.0307506359917288,0.192282811058438
4,35,1,1,4,6,5,0.001586643444748,0.0004671981092676,0.014525861197748,0.0404508915823292,0.067154133615163
4,35,1,7,5,10,14,0.0007738042353104,0.0015893386658727,0.0090326145125917,0.0359186868729377,0.11545283751447
4,36,0,2,4,4,7,0.0,0.0008834203139374,0.0143792488885357,0.0307506359917288,0.149553297489896
4,36,0,4,3,7,10,0.0,0.0018687924370707,0.010894395898311,0.0471927068460507,0.134308267230326
4,36,0,6,7,11,17,0.0,0.0013622902850337,0.0126456603176284,0.0395105555602315,0.140192731267571
4,37,0,9,6,6,5,0.0,0.0039753914127185,0.0215688733328035,0.0461259539875932,0.106823783921354
4,37,0,2,2,4,12,0.0,0.0009343962185353,0.007262930598874,0.0269672610548861,0.161169920676391
4,37,0,11,8,10,17,0.0,0.0024975321892285,0.0144521832201467,0.0359186868729377,0.140192731267571
4,38,0,4,4,4,4,0.0,0.0017668406278748,0.0143792488885357,0.0307506359917288,0.0854590271370836
4,38,0,5,1,6,5,0.0,0.0023359905463384,0.003631465299437,0.0404508915823292,0.067154133615163
4,38,0,9,5,10,9,0.0,0.0020434354275506,0.0090326145125917,0.0359186868729377,0.0742196812593022
4,39,0,6,1,6,7,0.0,0.0026502609418123,0.0035948122221339,0.0461259539875932,0.149553297489896
4,39,0,4,4,8,14,0.0,0.0018687924370707,0.014525861197748,0.0539345221097723,0.188031574122456
4,39,0,10,5,14,21,0.0,0.0022704838083895,0.0090326145125917,0.0502861616221128,0.173179256271705
4,40,0,6,3,6,6,0.0,0.0026502609418123,0.0107844366664017,0.0461259539875932,0.128188540705625
4,40,0,2,3,6,10,0.0,0.0009343962185353,0.010894395898311,0.0404508915823292,0.134308267230326
4,40,0,8,6,12,16,0.0,0.0018163870467116,0.01083913741511,0.0431024242475253,0.131946100016537
4,41,0,8,4,4,13,0.0,0.0035336812557497,0.0143792488885357,0.0307506359917288,0.277741838195522
4,41,0,2,2,7,11,0.0,0.0009343962185353,0.007262930598874,0.0471927068460507,0.147739093953358
4,41,0,10,6,11,24,0.0,0.0022704838083895,0.01083913741511,0.0395105555602315,0.197919150024806
4,42,0,3,5,4,2,0.0,0.0013251304709061,0.0179740611106696,0.0307506359917288,0.0427295135685418
4,42,0,5,3,3,12,0.0,0.0023359905463384,0.010894395898311,0.0202254457911646,0.161169920676391
4,42,0,8,8,7,14,0.0,0.0018163870467116,0.0144521832201467,0.0251430808110564,0.11545283751447
4,43,1,14,7,9,5,0.0015104480729012,0.0061839421975621,0.0251636855549374,0.0691889309813898,0.106823783921354
4,43,0,3,3,6,6,0.0,0.001401594327803,0.010894395898311,0.0404508915823292,0.0805849603381955
4,43,1,17,10,15,11,0.0007738042353104,0.0038598224742622,0.0180652290251834,0.0538780303094066,0.0907129437613693
4,44,0,5,1,6,11,0.0,0.0022085507848436,0.0035948122221339,0.0461259539875932,0.23501232462698
4,44,0,3,1,4,9,0.0,0.001401594327803,0.003631465299437,0.0269672610548861,0.120877440507293
4,44,0,8,2,10,20,0.0,0.0018163870467116,0.0036130458050366,0.0359186868729377,0.164932625020671
4,45,0,5,3,4,6,0.0,0.0022085507848436,0.0107844366664017,0.0307506359917288,0.128188540705625
4,45,0,2,3,8,8,0.0,0.0009343962185353,0.010894395898311,0.0539345221097723,0.107446613784261
4,45,0,7,6,12,14,0.0,0.0015893386658727,0.01083913741511,0.0431024242475253,0.11545283751447
4,46,0,1,6,6,7,0.0,0.0004417101569687,0.0215688733328035,0.0461259539875932,0.149553297489896
4,46,0,3,2,11,9,0.0,0.001401594327803,0.007262930598874,0.0741599679009369,0.120877440507293
4,46,0,4,8,17,16,0.0,0.0009081935233558,0.0144521832201467,0.0610617676839942,0.131946100016537
4,47,0,8,5,2,5,0.0,0.0035336812557497,0.0179740611106696,0.0153753179958644,0.106823783921354
4,47,1,0,8,6,7,0.001586643444748,0.0,0.029051722395496,0.0404508915823292,0.0940157870612281
4,47,1,8,13,8,12,0.0007738042353104,0.0018163870467116,0.0234847977327384,0.0287349494983502,0.0989595750124029
4,48,0,1,2,6,8,0.0,0.0004417101569687,0.0071896244442678,0.0461259539875932,0.170918054274167
4,48,0,2,2,5,6,0.0,0.0009343962185353,0.007262930598874,0.0337090763186077,0.0805849603381955
4,48,0,3,4,11,14,0.0,0.0006811451425168,0.0072260916100733,0.0395105555602315,0.11545283751447
4,49,0,2,8,8,4,0.0,0.0008834203139374,0.0287584977770713,0.0615012719834576,0.0854590271370836
4,49,0,3,0,9,9,0.0,0.001401594327803,0.0,0.0606763373734938,0.120877440507293
4,49,0,5,8,17,13,0.0,0.0011352419041947,0.0144521832201467,0.0610617676839942,0.107206206263436
4,50,1,4,4,5,8,0.0015104480729012,0.0017668406278748,0.0143792488885357,0.038438294989661,0.170918054274167
4,50,0,2,3,8,7,0.0,0.0009343962185353,0.010894395898311,0.0539345221097723,0.0940157870612281
4,50,1,6,7,13,15,0.0007738042353104,0.0013622902850337,0.0126456603176284,0.0466942929348191,0.123699468765504
4,51,0,3,3,3,7,0.0,0.0013251304709061,0.0107844366664017,0.0230629769937966,0.149553297489896
4,51,0,3,0,8,15,0.0,0.001401594327803,0.0,0.0539345221097723,0.201462400845489
4,51,0,6,3,11,22,0.0,0.0013622902850337,0.005419568707555,0.0395105555602315,0.181425887522739
4,52,0,3,6,6,10,0.0,0.0013251304709061,0.0215688733328035,0.0461259539875932,0.213647567842709
4,52,0,2,3,4,12,0.0,0.0009343962185353,0.010894395898311,0.0269672610548861,0.161169920676391
4,52,0,5,9,10,22,0.0,0.0011352419041947,0.0162587061226651,0.0359186868729377,0.181425887522739
5,1,0,5,4,5,12,0.0,0.0021692106576349,0.0138433872684998,0.0369329286361401,0.250586603584992
5,1,0,2,2,4,5,0.0,0.0009197248738587,0.0070003770605972,0.0261988150673758,0.0663526796028406
5,1,0,7,6,9,17,0.0,0.0015626572227762,0.010441219499543,0.0312435770971092,0.137939380509628
5,2,0,2,3,6,7,0.0,0.0008676842630539,0.0103825404513749,0.0443195143633682,0.146175518757912
5,2,0,2,3,7,11,0.0,0.0009197248738587,0.0105005655908958,0.0458479263679077,0.145975895126249
5,2,0,4,6,13,18,0.0,0.0008929469844435,0.010441219499543,0.0451296113624911,0.146053461716076
5,3,0,3,2,7,6,0.0,0.0013015263945809,0.0069216936342499,0.0517061000905962,0.125293301792496
5,3,1,3,5,5,8,0.0015822695744589,0.0013795873107881,0.017500942651493,0.0327485188342198,0.106164287364545
5,3,1,6,7,12,14,0.0007698225985065,0.0013394204766653,0.0121814227494669,0.0416581027961456,0.113597136890282
5,4,0,1,7,6,7,0.0,0.0004338421315269,0.0242259277198747,0.0443195143633682,0.146175518757912
5,4,0,1,1,4,10,0.0,0.0004598624369293,0.0035001885302986,0.0261988150673758,0.132705359205681
5,4,0,2,8,10,17,0.0,0.0004464734922217,0.0139216259993907,0.0347150856634547,0.137939380509628
5,5,0,3,6,4,11,0.0,0.0013015263945809,0.0207650809027497,0.0295463429089121,0.229704386619576
5,5,0,2,3,7,7,0.0,0.0009197248738587,0.0105005655908958,0.0458479263679077,0.0928937514439769
5,5,0,5,9,11,18,0.0,0.0011161837305544,0.0156618292493145,0.0381865942298002,0.146053461716076
5,6,0,5,2,4,5,0.0,0.0021692106576349,0.0069216936342499,0.0295463429089121,0.10441108482708
5,6,0,5,3,3,9,0.0,0.0022993121846468,0.0105005655908958,0.0196491113005319,0.119434823285113
5,6,0,10,5,7,14,0.0,0.0022323674611088,0.0087010162496191,0.0243005599644183,0.113597136890282
5,7,0,5,3,7,8,0.0,0.0021692106576349,0.0103825404513749,0.0517061000905962,0.167057735723328
5,7,0,3,2,3,16,0.0,0.0013795873107881,0.0070003770605972,0.0196491113005319,0.21232857472909
5,7,0,8,5,10,24,0.0,0.0017858939688871,0.0087010162496191,0.0347150856634547,0.194737948954769
5,8,1,2,1,8,5,0.0014992570732631,0.0008676842630539,0.0034608468171249,0.0590926858178242,0.10441108482708
5,8,0,3,2,5,14,0.0,0.0013795873107881,0.0070003770605972,0.0327485188342198,0.185787502887954
5,8,1,5,3,13,19,0.0007698225985065,0.0011161837305544,0.0052206097497715,0.0451296113624911,0.154167542922525
5,9,0,3,6,6,8,0.0,0.0013015263945809,0.0207650809027497,0.0443195143633682,0.167057735723328
5,9,0,4,5,5,10,0.0,0.0018394497477174,0.017500942651493,0.0327485188342198,0.132705359205681
5,9,0,7,11,11,18,0.0,0.0015626572227762,0.0191422357491622,0.0381865942298002,0.146053461716076
5,10,0,4,5,4,12,0.0,0.0017353685261079,0.0173042340856248,0.0295463429089121,0.250586603584992
5,10,0,4,2,5,11,0.0,0.0018394497477174,0.0070003770605972,0.0327485188342198,0.145975895126249
5,10,0,8,7,9,23,0.0,0.0017858939688871,0.0121814227494669,0.0312435770971092,0.18662386774832
5,11,0,4,3,6,8,0.0,0.0017353685261079,0.0103825404513749,0.0443195143633682,0.167057735723328
5,11,0,2,6,11,17,0.0,0.0009197248738587,0.0210011311817916,0.0720467414352836,0.225599110649658
5,11,0,6,9,17,25,0.0,0.0013394204766653,0.0156618292493145,0.059015645627873,0.202852030161217
5,12,0,2,6,5,4,0.0,0.0008676842630539,0.0207650809027497,0.0369329286361401,0.083528867861664
5,12,0,4,2,5,9,0.0,0.0018394497477174,0.0070003770605972,0.0327485188342198,0.119434823285113
5,12,0,6,8,10,13,0.0,0.0013394204766653,0.0139216259993907,0.0347150856634547,0.105483055683833
5,13,0,8,6,2,13,0.0,0.0034707370522158,0.0207650809027497,0.0147731714544561,0.271468820550408
5,13,0,2,1,5,11,0.0,0.0009197248738587,0.0035001885302986,0.0327485188342198,0.145975895126249
5,13,0,10,7,7,24,0.0,0.0022323674611088,0.0121814227494669,0.0243005599644183,0.194737948954769
5,14,0,3,4,4,7,0.0,0.0013015263945809,0.0138433872684998,0.0295463429089121,0.146175518757912
5,14,0,2,6,5,7,0.0,0.0009197248738587,0.0210011311817916,0.0327485188342198,0.0928937514439769
5,14,0,5,10,9,14,0.0,0.0011161837305544,0.0174020324992384,0.0312435770971092,0.113597136890282
5,15,0,2,2,6,14,0.0,0.0008676842630539,0.0069216936342499,0.0443195143633682,0.292351037515824
5,15,0,7,2,4,5,0.0,0.0032190370585055,0.0070003770605972,0.0261988150673758,0.0663526796028406
5,15,0,9,4,10,19,0.0,0.0020091307149979,0.0069608129996953,0.0347150856634547,0.154167542922525
5,16,0,5,4,8,9,0.0,0.0021692106576349,0.0138433872684998,0.0590926858178242,0.187939952688744
5,16,0,1,3,6,11,0.0,0.0004598624369293,0.0105005655908958,0.0392982226010638,0.145975895126249
5,16,0,6,7,14,20,0.0,0.0013394204766653,0.0121814227494669,0.0486011199288366,0.162281624128974
5,17,0,7,6,7,8,0.0,0.0030368949206889,0.0207650809027497,0.0517061000905962,0.167057735723328
5,17,0,4,2,5,14,0.0,0.0018394497477174,0.0070003770605972,0.0327485188342198,0.185787502887954
5,17,0,11,8,12,22,0.0,0.0024556042072197,0.0139216259993907,0.0416581027961456,0.178509786541871
5,18,0,7,2,8,11,0.0,0.0030368949206889,0.0069216936342499,0.0590926858178242,0.229704386619576
5,18,0,3,3,2,9,0.0,0.0013795873107881,0.0105005655908958,0.0130994075336879,0.119434823285113
5,18,0,10,5,10,20,0.0,0.0022323674611088,0.0087010162496191,0.0347150856634547,0.162281624128974
5,19,1,8,3,5,6,0.0014992570732631,0.0034707370522158,0.0103825404513749,0.0369329286361401,0.125293301792496
5,19,0,0,3,4,14,0.0,0.0,0.0105005655908958,0.0261988150673758,0.185787502887954
5,19,1,8,6,9,20,0.0007698225985065,0.0017858939688871,0.010441219499543,0.0312435770971092,0.162281624128974
5,20,0,6,2,8,7,0.0,0.0026030527891619,0.0069216936342499,0.0590926858178242,0.146175518757912
5,20,0,2,2,4,15,0.0,0.0009197248738587,0.0070003770605972,0.0261988150673758,0.199058038808522
5,20,0,8,4,12,22,0.0,0.0017858939688871,0.0069608129996953,0.0416581027961456,0.178509786541871
5,21,0,5,3,4,7,0.0,0.0021692106576349,0.0103825404513749,0.0295463429089121,0.146175518757912
5,21,0,4,2,8,3,0.0,0.0018394497477174,0.0070003770605972,0.0523976301347517,0.0398116077617044
5,21,0,9,5,12,10,0.0,0.0020091307149979,0.0087010162496191,0.0416581027961456,0.0811408120644869
5,22,0,8,3,3,5,0.0,0.0034707370522158,0.0103825404513749,0.0221597571816841,0.10441108482708
5,22,0,0,1,9,9,0.0,0.0,0.0035001885302986,0.0589473339015957,0.119434823285113
5,22,0,8,4,12,14,0.0,0.0017858939688871,0.0069608129996953,0.0416581027961456,0.113597136890282
5,23,0,6,1,6,8,0.0,0.0026030527891619,0.0034608468171249,0.0443195143633682,0.167057735723328
5,23,0,3,2,11,8,0.0,0.0013795873107881,0.0070003770605972,0.0720467414352836,0.106164287364545
5,23,0,9,3,17,16,0.0,0.0020091307149979,0.0052206097497715,0.059015645627873,0.129825299303179
5,24,0,2,6,1,8,0.0,0.0008676842630539,0.0207650809027497,0.007386585727228,0.167057735723328
5,24,0,5,4,8,8,0.0,0.0022993121846468,0.0140007541211944,0.0523976301347517,0.106164287364545
5,24,0,7,10,9,16,0.0,0.0015626572227762,0.0174020324992384,0.0312435770971092,0.129825299303179
5,25,0,3,3,7,7,0.0,0.0013015263945809,0.0103825404513749,0.0517061000905962,0.146175518757912
5,25,0,4,2,6,7,0.0,0.0018394497477174,0.0070003770605972,0.0392982226010638,0.0928937514439769
5,25,0,7,5,13,14,0.0,0.0015626572227762,0.0087010162496191,0.0451296113624911,0.113597136890282
5,26,0,6,6,7,12,0.0,0.0026030527891619,0.0207650809027497,0.0517061000905962,0.250586603584992
5,26,0,5,4,5,16,0.0,0.0022993121846468,0.0140007541211944,0.0327485188342198,0.21232857472909
5,26,0,11,10,12,28,0.0,0.0024556042072197,0.0174020324992384,0.0416581027961456,0.227194273780563
5,27,0,5,1,5,6,0.0,0.0021692106576349,0.0034608468171249,0.0369329286361401,0.125293301792496
5,27,0,4,2,4,13,0.0,0.0018394497477174,0.0070003770605972,0.0261988150673758,0.172516966967386
5,27,0,9,3,9,19,0.0,0.0020091307149979,0.0052206097497715,0.0312435770971092,0.154167542922525
5,28,1,6,4,3,3,0.0014992570732631,0.0026030527891619,0.0138433872684998,0.0221597571816841,0.062646650896248
5,28,0,5,2,9,9,0.0,0.0022993121846468,0.0070003770605972,0.0589473339015957,0.119434823285113
5,28,1,11,6,12,12,0.0007698225985065,0.0024556042072197,0.010441219499543,0.0416581027961456,0.0973689744773843
5,29,0,4,4,3,3,0.0,0.0017353685261079,0.0138433872684998,0.0221597571816841,0.062646650896248
5,29,0,1,4,6,5,0.0,0.0004598624369293,0.0140007541211944,0.0392982226010638,0.0663526796028406
5,29,0,5,8,9,8,0.0,0.0011161837305544,0.0139216259993907,0.0312435770971092,0.0649126496515895
5,30,0,5,7,7,9,0.0,0.0021692106576349,0.0242259277198747,0.0517061000905962,0.187939952688744
5,30,0,6,4,8,10,0.0,0.0027591746215762,0.0140007541211944,0.0523976301347517,0.132705359205681
5,30,0,11,11,15,19,0.0,0.0024556042072197,0.0191422357491622,0.052072628495182,0.154167542922525
5,31,0,3,2,4,8,0.0,0.0013015263945809,0.0069216936342499,0.0295463429089121,0.167057735723328
5,31,0,0,4,4,8,0.0,0.0,0.0140007541211944,0.0261988150673758,0.106164287364545
5,31,0,3,6,8,16,0.0,0.0006697102383326,0.010441219499543,0.0277720685307637,0.129825299303179
5,32,0,6,4,6,5,0.0,0.0026030527891619,0.0138433872684998,0.0443195143633682,0.10441108482708
5,32,0,5,2,2,6,0.0,0.0022993121846468,0.0070003770605972,0.0130994075336879,0.0796232155234087
5,32,0,11,6,8,11,0.0,0.0024556042072197,0.010441219499543,0.0277720685307637,0.0892548932709356
5,33,0,6,3,5,3,0.0,0.0026030527891619,0.0103825404513749,0.0369329286361401,0.062646650896248
5,33,0,4,4,3,9,0.0,0.0018394497477174,0.0140007541211944,0.0196491113005319,0.119434823285113
5,33,0,10,7,8,12,0.0,0.0022323674611088,0.0121814227494669,0.0277720685307637,0.0973689744773843
5,34,0,4,6,12,10,0.0,0.0017353685261079,0.0207650809027497,0.0886390287267363,0.20882216965416
5,34,0,3,2,3,13,0.0,0.0013795873107881,0.0070003770605972,0.0196491113005319,0.172516966967386
5,34,0,7,8,15,23,0.0,0.0015626572227762,0.0139216259993907,0.052072628495182,0.18662386774832
5,35,0,0,4,6,9,0.0,0.0,0.0138433872684998,0.0443195143633682,0.187939952688744
5,35,0,2,5,2,8,0.0,0.0009197248738587,0.017500942651493,0.0130994075336879,0.106164287364545
5,35,0,2,9,8,17,0.0,0.0004464734922217,0.0156618292493145,0.0277720685307637,0.137939380509628
5,36,0,7,0,8,7,0.0,0.0030368949206889,0.0,0.0590926858178242,0.146175518757912
5,36,0,1,0,7,4,0.0,0.0004598624369293,0.0,0.0458479263679077,0.0530821436822725
5,36,0,8,0,15,11,0.0,0.0017858939688871,0.0,0.052072628495182,0.0892548932709356
5,37,0,4,2,1,6,0.0,0.0017353685261079,0.0069216936342499,0.007386585727228,0.125293301792496
5,37,0,2,3,7,8,0.0,0.0009197248738587,0.0105005655908958,0.0458479263679077,0.106164287364545
5,37,0,6,5,8,14,0.0,0.0013394204766653,0.0087010162496191,0.0277720685307637,0.113597136890282
5,38,0,6,5,7,9,0.0,0.0026030527891619,0.0173042340856248,0.0517061000905962,0.187939952688744
5,38,0,5,2,1,11,0.0,0.0022993121846468,0.0070003770605972,0.0065497037668439,0.145975895126249
5,38,0,11,7,8,20,0.0,0.0024556042072197,0.0121814227494669,0.0277720685307637,0.162281624128974
5,39,1,3,5,9,4,0.0014992570732631,0.0013015263945809,0.0173042340856248,0.0664792715450523,0.083528867861664
5,39,0,2,3,11,15,0.0,0.0009197248738587,0.0105005655908958,0.0720467414352836,0.199058038808522
5,39,1,5,8,20,19,0.0007698225985065,0.0011161837305544,0.0139216259993907,0.0694301713269094,0.154167542922525
5,40,0,6,6,9,9,0.0,0.0026030527891619,0.0207650809027497,0.0664792715450523,0.187939952688744
5,40,0,4,1,8,13,0.0,0.0018394497477174,0.0035001885302986,0.0523976301347517,0.172516966967386
5,40,0,10,7,17,22,0.0,0.0022323674611088,0.0121814227494669,0.059015645627873,0.178509786541871
5,41,0,3,4,6,6,0.0,0.0013015263945809,0.0138433872684998,0.0443195143633682,0.125293301792496
5,41,0,2,3,6,18,0.0,0.0009197248738587,0.0105005655908958,0.0392982226010638,0.238869646570226
5,41,0,5,7,12,24,0.0,0.0011161837305544,0.0121814227494669,0.0416581027961456,0.194737948954769
5,42,0,2,0,5,11,0.0,0.0008676842630539,0.0,0.0369329286361401,0.229704386619576
5,42,0,0,5,4,11,0.0,0.0,0.017500942651493,0.0261988150673758,0.145975895126249
5,42,0,2,5,9,22,0.0,0.0004464734922217,0.0087010162496191,0.0312435770971092,0.178509786541871
5,43,0,5,6,6,6,0.0,0.0021692106576349,0.0207650809027497,0.0443195143633682,0.125293301792496
5,43,0,1,3,3,8,0.0,0.0004598624369293,0.0105005655908958,0.0196491113005319,0.106164287364545
5,43,0,6,9,9,14,0.0,0.0013394204766653,0.0156618292493145,0.0312435770971092,0.113597136890282
5,44,0,2,8,6,8,0.0,0.0008676842630539,0.0276867745369996,0.0443195143633682,0.167057735723328
5,44,0,4,1,7,14,0.0,0.0018394497477174,0.0035001885302986,0.0458479263679077,0.185787502887954
5,44,0,6,9,13,22,0.0,0.0013394204766653,0.0156618292493145,0.0451296113624911,0.178509786541871
5,45,0,4,7,1,2,0.0,0.0017353685261079,0.0242259277198747,0.007386585727228,0.041764433930832
5,45,0,1,0,5,18,0.0,0.0004598624369293,0.0,0.0327485188342198,0.238869646570226
5,45,0,5,7,6,20,0.0,0.0011161837305544,0.0121814227494669,0.0208290513980728,0.162281624128974
5,46,1,7,5,8,3,0.0014992570732631,0.0030368949206889,0.0173042340856248,0.0590926858178242,0.062646650896248
5,46,0,2,1,5,13,0.0,0.0009197248738587,0.0035001885302986,0.0327485188342198,0.172516966967386
5,46,1,9,6,13,16,0.0007698225985065,0.0020091307149979,0.010441219499543,0.0451296113624911,0.129825299303179
5,47,0,10,4,10,11,0.0,0.0043384213152698,0.0138433872684998,0.0738658572722803,0.229704386619576
5,47,0,3,3,2,8,0.0,0.0013795873107881,0.0105005655908958,0.0130994075336879,0.106164287364545
5,47,0,13,7,12,19,0.0,0.0029020776994415,0.0121814227494669,0.0416581027961456,0.154167542922525
5,48,0,4,6,9,9,0.0,0.0017353685261079,0.0207650809027497,0.0664792715450523,0.187939952688744
5,48,0,2,5,5,18,0.0,0.0009197248738587,0.017500942651493,0.0327485188342198,0.238869646570226
5,48,0,6,11,14,27,0.0,0.0013394204766653,0.0191422357491622,0.0486011199288366,0.219080192574115
5,49,0,4,5,9,7,0.0,0.0017353685261079,0.0173042340856248,0.0664792715450523,0.146175518757912
5,49,0,2,3,4,11,0.0,0.0009197248738587,0.0105005655908958,0.0261988150673758,0.145975895126249
5,49,0,6,8,13,18,0.0,0.0013394204766653,0.0139216259993907,0.0451296113624911,0.146053461716076
5,50,0,5,2,4,10,0.0,0.0021692106576349,0.0069216936342499,0.0295463429089121,0.20882216965416
5,50,0,6,2,8,9,0.0,0.0027591746215762,0.0070003770605972,0.0523976301347517,0.119434823285113
5,50,0,11,4,12,19,0.0,0.0024556042072197,0.0069608129996953,0.0416581027961456,0.154167542922525
5,51,0,3,3,7,6,0.0,0.0013015263945809,0.0103825404513749,0.0517061000905962,0.125293301792496
5,51,0,1,1,5,10,0.0,0.0004598624369293,0.0035001885302986,0.0327485188342198,0.132705359205681
5,51,0,4,4,12,16,0.0,0.0008929469844435,0.0069608129996953,0.0416581027961456,0.129825299303179
5,52,0,8,5,7,10,0.0,0.0034707370522158,0.0173042340856248,0.0517061000905962,0.20882216965416
5,52,0,3,2,2,12,0.0,0.0013795873107881,0.0070003770605972,0.0130994075336879,0.159246431046817
5,52,0,11,7,9,22,0.0,0.0024556042072197,0.0121814227494669,0.0312435770971092,0.178509786541871
6,1,0,6,7,4,12,0.0,0.0025853328474886,0.0235183616721423,0.027910705606597,0.245353468363701
6,1,0,5,4,8,11,0.0,0.002275943542582,0.0135261711369886,0.0502325160932291,0.145117645428085
6,1,0,11,11,12,23,0.0,0.0024348805605265,0.0185384055738216,0.0396597751021291,0.184428467531807
6,2,0,8,5,5,10,0.0,0.0034471104633181,0.0167988297658159,0.0348883820082462,0.204461223636417
6,2,0,1,5,8,13,0.0,0.0004551887085164,0.0169077139212357,0.0502325160932291,0.171502671869555
6,2,0,9,10,13,23,0.0,0.0019921750040671,0.0168530959762015,0.0429647563606399,0.184428467531807
6,3,0,6,2,10,8,0.0,0.0025853328474886,0.0067195319063263,0.0697767640164925,0.163568978909134
6,3,0,4,3,2,17,0.0,0.0018207548340656,0.0101446283527414,0.0125581290233073,0.224272724752496
6,3,0,10,5,12,25,0.0,0.0022135277822968,0.0084265479881007,0.0396597751021291,0.200465725578051
6,4,0,2,5,6,11,0.0,0.0008617776158295,0.0167988297658159,0.0418660584098955,0.224907346000059
6,4,0,4,5,8,14,0.0,0.0018207548340656,0.0169077139212357,0.0502325160932291,0.18469518509029
6,4,0,6,10,14,25,0.0,0.0013281166693781,0.0168530959762015,0.0462697376191506,0.200465725578051
6,5,0,2,6,6,7,0.0,0.0008617776158295,0.0201585957189791,0.0418660584098955,0.143122856545492
6,5,0,1,3,4,10,0.0,0.0004551887085164,0.0101446283527414,0.0251162580466145,0.13192513220735
6,5,0,3,9,10,17,0.0,0.000664058334689,0.0151677863785813,0.0330498125851076,0.136316693393075
6,6,0,5,3,4,6,0.0,0.0021544440395738,0.0100792978594896,0.027910705606597,0.12267673418185
6,6,0,2,4,5,18,0.0,0.0009103774170328,0.0135261711369886,0.0313953225582682,0.237465237973231
6,6,0,7,7,9,24,0.0,0.0015494694476078,0.011797167183341,0.0297448313265968,0.192447096554929
6,7,0,4,2,8,8,0.0,0.001723555231659,0.0067195319063263,0.055821411213194,0.163568978909134
6,7,0,2,3,11,11,0.0,0.0009103774170328,0.0101446283527414,0.06906970962819,0.145117645428085
6,7,0,6,5,19,19,0.0,0.0013281166693781,0.0084265479881007,0.0627946439117044,0.152353951439319
6,8,0,0,6,5,6,0.0,0.0,0.0201585957189791,0.0348883820082462,0.12267673418185
6,8,0,2,2,10,17,0.0,0.0009103774170328,0.0067630855684942,0.0627906451165364,0.224272724752496
6,8,0,2,8,15,23,0.0,0.0004427055564593,0.0134824767809612,0.0495747188776614,0.184428467531807
6,9,0,1,3,6,13,0.0,0.0004308888079147,0.0100792978594896,0.0418660584098955,0.265799590727342
6,9,0,2,2,4,12,0.0,0.0009103774170328,0.0067630855684942,0.0251162580466145,0.15831015864882
6,9,0,3,5,10,25,0.0,0.000664058334689,0.0084265479881007,0.0330498125851076,0.200465725578051
6,10,0,5,2,9,7,0.0,0.0021544440395738,0.0067195319063263,0.0627990876148432,0.143122856545492
6,10,1,4,4,5,13,0.0015690027222493,0.0018207548340656,0.0135261711369886,0.0313953225582682,0.171502671869555
6,10,1,9,6,14,20,0.0007625483709908,0.0019921750040671,0.0101118575857209,0.0462697376191506,0.160372580462441
6,11,0,7,3,7,4,0.0,0.0030162216554034,0.0100792978594896,0.0488437348115447,0.0817844894545669
6,11,0,1,2,7,11,0.0,0.0004551887085164,0.0067630855684942,0.0439534515815755,0.145117645428085
6,11,0,8,5,14,15,0.0,0.0017708222258374,0.0084265479881007,0.0462697376191506,0.120279435346831
6,12,0,2,4,8,4,0.0,0.0008617776158295,0.0134390638126528,0.055821411213194,0.0817844894545669
6,12,0,3,2,3,13,0.0,0.0013655661255492,0.0067630855684942,0.0188371935349609,0.171502671869555
6,12,0,5,6,11,17,0.0,0.0011067638911484,0.0101118575857209,0.0363547938436183,0.136316693393075
6,13,1,5,5,10,5,0.0014835811451252,0.0021544440395738,0.0167988297658159,0.0697767640164925,0.102230611818209
6,13,0,4,1,4,8,0.0,0.0018207548340656,0.0033815427842471,0.0251162580466145,0.10554010576588
6,13,1,9,6,14,13,0.0007625483709908,0.0019921750040671,0.0101118575857209,0.0462697376191506,0.104242177300587
6,14,1,4,4,15,8,0.0014835811451252,0.001723555231659,0.0134390638126528,0.104665146024739,0.163568978909134
6,14,0,2,4,4,8,0.0,0.0009103774170328,0.0135261711369886,0.0251162580466145,0.10554010576588
6,14,1,6,8,19,16,0.0007625483709908,0.0013281166693781,0.0134824767809612,0.0627946439117044,0.128298064369953
6,15,0,7,5,4,8,0.0,0.0030162216554034,0.0167988297658159,0.027910705606597,0.163568978909134
6,15,1,4,2,9,10,0.0015690027222493,0.0018207548340656,0.0067630855684942,0.0565115806048827,0.13192513220735
6,15,1,11,7,13,18,0.0007625483709908,0.0024348805605265,0.011797167183341,0.0429647563606399,0.144335322416197
6,16,0,3,4,6,10,0.0,0.0012926664237443,0.0134390638126528,0.0418660584098955,0.204461223636417
6,16,0,4,8,6,19,0.0,0.0018207548340656,0.0270523422739771,0.0376743870699218,0.250657751193966
6,16,0,7,12,12,29,0.0,0.0015494694476078,0.0202237151714418,0.0396597751021291,0.232540241670539
6,17,0,2,3,8,7,0.0,0.0008617776158295,0.0100792978594896,0.055821411213194,0.143122856545492
6,17,0,2,1,7,5,0.0,0.0009103774170328,0.0033815427842471,0.0439534515815755,0.0659625661036752
6,17,0,4,4,15,12,0.0,0.0008854111129187,0.0067412383904806,0.0495747188776614,0.0962235482774646
6,18,0,2,7,6,6,0.0,0.0008617776158295,0.0235183616721423,0.0418660584098955,0.12267673418185
6,18,0,4,2,5,12,0.0,0.0018207548340656,0.0067630855684942,0.0313953225582682,0.15831015864882
6,18,0,6,9,11,18,0.0,0.0013281166693781,0.0151677863785813,0.0363547938436183,0.144335322416197
6,19,0,6,1,7,4,0.0,0.0025853328474886,0.0033597659531631,0.0488437348115447,0.0817844894545669
6,19,0,2,3,6,8,0.0,0.0009103774170328,0.0101446283527414,0.0376743870699218,0.10554010576588
6,19,0,8,4,13,12,0.0,0.0017708222258374,0.0067412383904806,0.0429647563606399,0.0962235482774646
6,20,1,4,3,9,5,0.0014835811451252,0.001723555231659,0.0100792978594896,0.0627990876148432,0.102230611818209
6,20,0,2,4,3,11,0.0,0.0009103774170328,0.0135261711369886,0.0188371935349609,0.145117645428085
6,20,1,6,7,12,16,0.0007625483709908,0.0013281166693781,0.011797167183341,0.0396597751021291,0.128298064369953
6,21,2,2,3,9,4,0.0029671622902504,0.0008617776158295,0.0100792978594896,0.0627990876148432,0.0817844894545669
6,21,0,4,7,5,14,0.0,0.0018207548340656,0.02367079948973,0.0313953225582682,0.18469518509029
6,21,2,6,10,14,18,0.0015250967419816,0.0013281166693781,0.0168530959762015,0.0462697376191506,0.144335322416197
6,22,0,4,3,11,15,0.0,0.001723555231659,0.0100792978594896,0.0767544404181417,0.306691835454626
6,22,0,4,2,4,7,0.0,0.0018207548340656,0.0067630855684942,0.0251162580466145,0.0923475925451452
6,22,0,8,5,15,22,0.0,0.0017708222258374,0.0084265479881007,0.0495747188776614,0.176409838508685
6,23,0,4,5,3,4,0.0,0.001723555231659,0.0167988297658159,0.0209330292049477,0.0817844894545669
6,23,0,1,4,4,9,0.0,0.0004551887085164,0.0135261711369886,0.0251162580466145,0.118732618986615
6,23,0,5,9,7,13,0.0,0.0011067638911484,0.0151677863785813,0.0231348688095753,0.104242177300587
6,24,0,5,8,5,6,0.0,0.0021544440395738,0.0268781276253055,0.0348883820082462,0.12267673418185
6,24,0,2,0,5,9,0.0,0.0009103774170328,0.0,0.0313953225582682,0.118732618986615
6,24,0,7,8,10,15,0.0,0.0015494694476078,0.0134824767809612,0.0330498125851076,0.120279435346831
6,25,0,6,5,4,2,0.0,0.0025853328474886,0.0167988297658159,0.027910705606597,0.0408922447272834
6,25,0,1,3,4,6,0.0,0.0004551887085164,0.0101446283527414,0.0251162580466145,0.0791550793244102
6,25,0,7,8,8,8,0.0,0.0015494694476078,0.0134824767809612,0.0264398500680861,0.0641490321849764
6,26,0,9,0,3,5,0.0,0.0038779992712329,0.0,0.0209330292049477,0.102230611818209
6,26,0,5,4,3,6,0.0,0.002275943542582,0.0135261711369886,0.0188371935349609,0.0791550793244102
6,26,0,14,4,6,11,0.0,0.0030989388952156,0.0067412383904806,0.0198298875510646,0.0882049192543426
6,27,0,3,4,5,5,0.0,0.0012926664237443,0.0134390638126528,0.0348883820082462,0.102230611818209
6,27,0,4,1,5,8,0.0,0.0018207548340656,0.0033815427842471,0.0313953225582682,0.10554010576588
6,27,0,7,5,10,13,0.0,0.0015494694476078,0.0084265479881007,0.0330498125851076,0.104242177300587
6,28,0,8,3,10,3,0.0,0.0034471104633181,0.0100792978594896,0.0697767640164925,0.0613383670909252
6,28,1,4,3,4,10,0.0015690027222493,0.0018207548340656,0.0101446283527414,0.0251162580466145,0.13192513220735
6,28,1,12,6,14,13,0.0007625483709908,0.0026562333387562,0.0101118575857209,0.0462697376191506,0.104242177300587
6,29,0,6,1,7,5,0.0,0.0025853328474886,0.0033597659531631,0.0488437348115447,0.102230611818209
6,29,0,7,3,6,7,0.0,0.0031863209596149,0.0101446283527414,0.0376743870699218,0.0923475925451452
6,29,0,13,4,13,12,0.0,0.0028775861169859,0.0067412383904806,0.0429647563606399,0.0962235482774646
6,30,1,6,4,4,4,0.0014835811451252,0.0025853328474886,0.0134390638126528,0.027910705606597,0.0817844894545669
6,30,0,3,2,5,6,0.0,0.0013655661255492,0.0067630855684942,0.0313953225582682,0.0791550793244102
6,30,1,9,6,9,10,0.0007625483709908,0.0019921750040671,0.0101118575857209,0.0297448313265968,0.0801862902312205
6,31,1,5,5,4,6,0.0014835811451252,0.0021544440395738,0.0167988297658159,0.027910705606597,0.12267673418185
6,31,0,2,0,6,7,0.0,0.0009103774170328,0.0,0.0376743870699218,0.0923475925451452
6,31,1,7,5,10,13,0.0007625483709908,0.0015494694476078,0.0084265479881007,0.0330498125851076,0.104242177300587
6,32,0,7,1,2,4,0.0,0.0030162216554034,0.0033597659531631,0.0139553528032985,0.0817844894545669
6,32,0,2,5,6,10,0.0,0.0009103774170328,0.0169077139212357,0.0376743870699218,0.13192513220735
6,32,0,9,6,8,14,0.0,0.0019921750040671,0.0101118575857209,0.0264398500680861,0.112260806323709
6,33,0,5,4,6,4,0.0,0.0021544440395738,0.0134390638126528,0.0418660584098955,0.0817844894545669
6,33,1,7,4,0,12,0.0015690027222493,0.0031863209596149,0.0135261711369886,0.0,0.15831015864882
6,33,1,12,8,6,16,0.0007625483709908,0.0026562333387562,0.0134824767809612,0.0198298875510646,0.128298064369953
6,34,0,6,4,6,3,0.0,0.0025853328474886,0.0134390638126528,0.0418660584098955,0.0613383670909252
6,34,0,3,3,3,6,0.0,0.0013655661255492,0.0101446283527414,0.0188371935349609,0.0791550793244102
6,34,0,9,7,9,9,0.0,0.0019921750040671,0.011797167183341,0.0297448313265968,0.0721676612080984
6,35,0,3,4,4,3,0.0,0.0012926664237443,0.0134390638126528,0.027910705606597,0.0613383670909252
6,35,0,1,2,2,9,0.0,0.0004551887085164,0.0067630855684942,0.0125581290233073,0.118732618986615
6,35,0,4,6,6,12,0.0,0.0008854111129187,0.0101118575857209,0.0198298875510646,0.0962235482774646
6,36,1,5,6,11,9,0.0014835811451252,0.0021544440395738,0.0201585957189791,0.0767544404181417,0.184015101272776
6,36,0,5,2,2,14,0.0,0.002275943542582,0.0067630855684942,0.0125581290233073,0.18469518509029
6,36,1,10,8,13,23,0.0007625483709908,0.0022135277822968,0.0134824767809612,0.0429647563606399,0.184428467531807
6,37,2,6,4,4,8,0.0029671622902504,0.0025853328474886,0.0134390638126528,0.027910705606597,0.163568978909134
6,37,0,4,2,3,8,0.0,0.0018207548340656,0.0067630855684942,0.0188371935349609,0.10554010576588
6,37,2,10,6,7,16,0.0015250967419816,0.0022135277822968,0.0101118575857209,0.0231348688095753,0.128298064369953
6,38,0,3,5,6,10,0.0,0.0012926664237443,0.0167988297658159,0.0418660584098955,0.204461223636417
6,38,0,6,2,5,8,0.0,0.0027311322510985,0.0067630855684942,0.0313953225582682,0.10554010576588
6,38,0,9,7,11,18,0.0,0.0019921750040671,0.011797167183341,0.0363547938436183,0.144335322416197
6,39,0,3,6,7,6,0.0,0.0012926664237443,0.0201585957189791,0.0488437348115447,0.12267673418185
6,39,1,2,3,2,7,0.0015690027222493,0.0009103774170328,0.0101446283527414,0.0125581290233073,0.0923475925451452
6,39,1,5,9,9,13,0.0007625483709908,0.0011067638911484,0.0151677863785813,0.0297448313265968,0.104242177300587
6,40,0,4,2,7,6,0.0,0.001723555231659,0.0067195319063263,0.0488437348115447,0.12267673418185
6,40,0,1,1,5,12,0.0,0.0004551887085164,0.0033815427842471,0.0313953225582682,0.15831015864882
6,40,0,5,3,12,18,0.0,0.0011067638911484,0.0050559287928604,0.0396597751021291,0.144335322416197
6,41,1,5,5,12,7,0.0014835811451252,0.0021544440395738,0.0167988297658159,0.0837321168197909,0.143122856545492
6,41,0,3,2,6,12,0.0,0.0013655661255492,0.0067630855684942,0.0376743870699218,0.15831015864882
6,41,1,8,7,18,19,0.0007625483709908,0.0017708222258374,0.011797167183341,0.0594896626531937,0.152353951439319
6,42,0,7,4,5,8,0.0,0.0030162216554034,0.0134390638126528,0.0348883820082462,0.163568978909134
6,42,0,3,1,7,12,0.0,0.0013655661255492,0.0033815427842471,0.0439534515815755,0.15831015864882
6,42,0,10,5,12,20,0.0,0.0022135277822968,0.0084265479881007,0.0396597751021291,0.160372580462441
6,43,1,7,6,4,13,0.0014835811451252,0.0030162216554034,0.0201585957189791,0.027910705606597,0.265799590727342
6,43,0,1,3,6,9,0.0,0.0004551887085164,0.0101446283527414,0.0376743870699218,0.118732618986615
6,43,1,8,9,10,22,0.0007625483709908,0.0017708222258374,0.0151677863785813,0.0330498125851076,0.176409838508685
6,44,0,4,8,9,9,0.0,0.001723555231659,0.0268781276253055,0.0627990876148432,0.184015101272776
6,44,0,1,4,9,12,0.0,0.0004551887085164,0.0135261711369886,0.0565115806048827,0.15831015864882
6,44,0,5,12,18,21,0.0,0.0011067638911484,0.0202237151714418,0.0594896626531937,0.168391209485563
6,45,0,2,5,4,17,0.0,0.0008617776158295,0.0167988297658159,0.027910705606597,0.347584080181909
6,45,0,4,2,5,11,0.0,0.0018207548340656,0.0067630855684942,0.0313953225582682,0.145117645428085
6,45,0,6,7,9,28,0.0,0.0013281166693781,0.011797167183341,0.0297448313265968,0.224521612647417
6,46,0,5,3,10,11,0.0,0.0021544440395738,0.0100792978594896,0.0697767640164925,0.224907346000059
6,46,0,2,2,9,11,0.0,0.0009103774170328,0.0067630855684942,0.0565115806048827,0.145117645428085
6,46,0,7,5,19,22,0.0,0.0015494694476078,0.0084265479881007,0.0627946439117044,0.176409838508685
6,47,0,9,3,7,6,0.0,0.0038779992712329,0.0100792978594896,0.0488437348115447,0.12267673418185
6,47,0,5,0,7,8,0.0,0.002275943542582,0.0,0.0439534515815755,0.10554010576588
6,47,0,14,3,14,14,0.0,0.0030989388952156,0.0050559287928604,0.0462697376191506,0.112260806323709
6,48,2,2,1,4,7,0.0029671622902504,0.0008617776158295,0.0033597659531631,0.027910705606597,0.143122856545492
6,48,0,4,2,5,8,0.0,0.0018207548340656,0.0067630855684942,0.0313953225582682,0.10554010576588
6,48,2,6,3,9,15,0.0015250967419816,0.0013281166693781,0.0050559287928604,0.0297448313265968,0.120279435346831
6,49,0,0,4,7,5,0.0,0.0,0.0134390638126528,0.0488437348115447,0.102230611818209
6,49,0,0,3,6,14,0.0,0.0,0.0101446283527414,0.0376743870699218,0.18469518509029
6,49,0,0,7,13,19,0.0,0.0,0.011797167183341,0.0429647563606399,0.152353951439319
6,50,0,5,7,3,3,0.0,0.0021544440395738,0.0235183616721423,0.0209330292049477,0.0613383670909252
6,50,0,2,2,3,21,0.0,0.0009103774170328,0.0067630855684942,0.0188371935349609,0.277042777635436
6,50,0,7,9,6,24,0.0,0.0015494694476078,0.0151677863785813,0.0198298875510646,0.192447096554929
6,51,0,2,5,6,9,0.0,0.0008617776158295,0.0167988297658159,0.0418660584098955,0.184015101272776
6,51,0,2,2,7,10,0.0,0.0009103774170328,0.0067630855684942,0.0439534515815755,0.13192513220735
6,51,0,4,7,13,19,0.0,0.0008854111129187,0.011797167183341,0.0429647563606399,0.152353951439319
6,52,1,4,5,10,5,0.0014835811451252,0.001723555231659,0.0167988297658159,0.0697767640164925,0.102230611818209
6,52,0,1,7,7,13,0.0,0.0004551887085164,0.02367079948973,0.0439534515815755,0.171502671869555
6,52,1,5,12,17,18,0.0007625483709908,0.0011067638911484,0.0202237151714418,0.0561846813946829,0.144335322416197
6,53,0,3,4,9,13,0.0,0.0012926664237443,0.0134390638126528,0.0627990876148432,0.265799590727342
6,53,0,2,3,5,7,0.0,0.0009103774170328,0.0101446283527414,0.0313953225582682,0.0923475925451452
6,53,0,5,7,14,20,0.0,0.0011067638911484,0.011797167183341,0.0462697376191506,0.160372580462441
7,1,0,4,3,3,15,0.0,0.0017043325977495,0.0097796177766983,0.0197798901554094,0.300076814183939
7,1,0,0,3,5,12,0.0,0.0,0.0097766655760686,0.0301670159577768,0.157740179969263
7,1,0,4,6,8,27,0.0,0.0008751427727069,0.0097781414535526,0.0252037461870798,0.214180889432778
7,2,0,7,3,8,7,0.0,0.0029825820460616,0.0097796177766983,0.0527463737477585,0.140035846619172
7,2,1,4,3,6,18,0.0015535847965583,0.0017987851637382,0.0097766655760686,0.0362004191493321,0.236610269953894
7,2,1,11,6,14,25,0.0007540576870329,0.002406642624944,0.0097781414535526,0.0441065558273897,0.198315638363683
7,3,1,8,5,2,11,0.0014652318155889,0.003408665195499,0.0162993629611639,0.0131865934369396,0.220056330401556
7,3,0,3,2,8,8,0.0,0.0013490888728036,0.0065177770507124,0.0482672255324429,0.105160119979508
7,3,1,11,7,10,19,0.0007540576870329,0.002406642624944,0.0114078316958114,0.0315046827338498,0.150719885156399
7,4,0,4,5,8,6,0.0,0.0017043325977495,0.0162993629611639,0.0527463737477585,0.120030725673576
7,4,0,1,2,5,11,0.0,0.0004496962909345,0.0065177770507124,0.0301670159577768,0.144595164971824
7,4,0,5,7,13,17,0.0,0.0010939284658836,0.0114078316958114,0.0409560875540047,0.134854634087305
7,5,0,1,4,4,14,0.0,0.0004260831494373,0.0130394903689311,0.0263731868738793,0.280071693238344
7,5,0,4,2,3,10,0.0,0.0017987851637382,0.0065177770507124,0.0181002095746661,0.131450149974386
7,5,0,5,6,7,24,0.0,0.0010939284658836,0.0097781414535526,0.0220532779136948,0.190383012829136
7,6,0,4,2,6,5,0.0,0.0017043325977495,0.0065197451844655,0.0395597803108189,0.10002560472798
7,6,0,5,4,7,13,0.0,0.0022484814546728,0.0130355541014249,0.0422338223408875,0.170885194966701
7,6,0,9,6,13,18,0.0,0.0019690712385906,0.0097781414535526,0.0409560875540047,0.142787259621852
7,7,1,5,4,15,6,0.0014652318155889,0.0021304157471869,0.0130394903689311,0.0988994507770472,0.120030725673576
7,7,0,3,5,5,11,0.0,0.0013490888728036,0.0162944426267811,0.0301670159577768,0.144595164971824
7,7,1,8,9,20,17,0.0007540576870329,0.0017502855454138,0.0146672121803289,0.0630093654676995,0.134854634087305
7,8,0,5,5,5,8,0.0,0.0021304157471869,0.0162993629611639,0.0329664835923491,0.160040967564768
7,8,2,1,2,2,16,0.0031071695931167,0.0004496962909345,0.0065177770507124,0.0120668063831107,0.210320239959017
7,8,2,6,7,7,24,0.001508115374066,0.0013127141590604,0.0114078316958114,0.0220532779136948,0.190383012829136
7,9,1,5,2,6,5,0.0014652318155889,0.0021304157471869,0.0065197451844655,0.0395597803108189,0.10002560472798
7,9,0,4,5,4,14,0.0,0.0017987851637382,0.0162944426267811,0.0241336127662214,0.18403020996414
7,9,1,9,7,10,19,0.0007540576870329,0.0019690712385906,0.0114078316958114,0.0315046827338498,0.150719885156399
7,10,0,4,4,7,5,0.0,0.0017043325977495,0.0130394903689311,0.0461530770292887,0.10002560472798
7,10,0,1,2,5,12,0.0,0.0004496962909345,0.0065177770507124,0.0301670159577768,0.157740179969263
7,10,0,5,6,12,17,0.0,0.0010939284658836,0.0097781414535526,0.0378056192806197,0.134854634087305
7,11,0,7,5,6,6,0.0,0.0029825820460616,0.0162993629611639,0.0395597803108189,0.120030725673576
7,11,0,0,3,3,12,0.0,0.0,0.0097766655760686,0.0181002095746661,0.157740179969263
7,11,0,7,8,9,18,0.0,0.0015314998522371,0.0130375219380701,0.0283542144604648,0.142787259621852
7,12,0,5,4,4,4,0.0,0.0021304157471869,0.0130394903689311,0.0263731868738793,0.0800204837823839
7,12,1,2,4,5,8,0.0015535847965583,0.0008993925818691,0.0130355541014249,0.0301670159577768,0.105160119979508
7,12,1,7,8,9,12,0.0007540576870329,0.0015314998522371,0.0130375219380701,0.0283542144604648,0.095191506414568
7,13,0,8,2,6,4,0.0,0.003408665195499,0.0065197451844655,0.0395597803108189,0.0800204837823839
7,13,1,4,7,8,12,0.0015535847965583,0.0017987851637382,0.0228122196774936,0.0482672255324429,0.157740179969263
7,13,1,12,9,14,16,0.0007540576870329,0.0026254283181208,0.0146672121803289,0.0441065558273897,0.126922008552757
7,14,0,6,3,4,9,0.0,0.0025564988966243,0.0097796177766983,0.0263731868738793,0.180046088510364
7,14,0,1,4,4,9,0.0,0.0004496962909345,0.0130355541014249,0.0241336127662214,0.118305134976947
7,14,0,7,7,8,18,0.0,0.0015314998522371,0.0114078316958114,0.0252037461870798,0.142787259621852
7,15,0,6,7,3,11,0.0,0.0025564988966243,0.0228191081456295,0.0197798901554094,0.220056330401556
7,15,0,6,3,5,13,0.0,0.0026981777456073,0.0097766655760686,0.0301670159577768,0.170885194966701
7,15,0,12,10,8,24,0.0,0.0026254283181208,0.0162969024225877,0.0252037461870798,0.190383012829136
7,16,0,7,3,6,1,0.0,0.0029825820460616,0.0097796177766983,0.0395597803108189,0.020005120945596
7,16,0,2,6,9,11,0.0,0.0008993925818691,0.0195533311521373,0.0543006287239982,0.144595164971824
7,16,0,9,9,15,12,0.0,0.0019690712385906,0.0146672121803289,0.0472570241007747,0.095191506414568
7,17,1,4,5,6,7,0.0014652318155889,0.0017043325977495,0.0162993629611639,0.0395597803108189,0.140035846619172
7,17,0,2,8,5,9,0.0,0.0008993925818691,0.0260711082028498,0.0301670159577768,0.118305134976947
7,17,1,6,13,11,16,0.0007540576870329,0.0013127141590604,0.021185973149364,0.0346551510072347,0.126922008552757
7,18,0,7,8,6,9,0.0,0.0029825820460616,0.0260789807378623,0.0395597803108189,0.180046088510364
7,18,2,4,3,3,12,0.0031071695931167,0.0017987851637382,0.0097766655760686,0.0181002095746661,0.157740179969263
7,18,2,11,11,9,21,0.001508115374066,0.002406642624944,0.0179265926648464,0.0283542144604648,0.166585136225494
7,19,0,7,2,7,6,0.0,0.0029825820460616,0.0065197451844655,0.0461530770292887,0.120030725673576
7,19,0,4,3,3,9,0.0,0.0017987851637382,0.0097766655760686,0.0181002095746661,0.118305134976947
7,19,0,11,5,10,15,0.0,0.002406642624944,0.0081484512112938,0.0315046827338498,0.11898938301821
7,20,0,3,2,3,10,0.0,0.0012782494483121,0.0065197451844655,0.0197798901554094,0.20005120945596
7,20,0,4,3,8,9,0.0,0.0017987851637382,0.0097766655760686,0.0482672255324429,0.118305134976947
7,20,0,7,5,11,19,0.0,0.0015314998522371,0.0081484512112938,0.0346551510072347,0.150719885156399
7,21,0,1,5,6,6,0.0,0.0004260831494373,0.0162993629611639,0.0395597803108189,0.120030725673576
7,21,0,1,2,5,9,0.0,0.0004496962909345,0.0065177770507124,0.0301670159577768,0.118305134976947
7,21,0,2,7,11,15,0.0,0.0004375713863534,0.0114078316958114,0.0346551510072347,0.11898938301821
7,22,0,6,5,3,3,0.0,0.0025564988966243,0.0162993629611639,0.0197798901554094,0.0600153628367879
7,22,0,5,3,7,6,0.0,0.0022484814546728,0.0097766655760686,0.0422338223408875,0.0788700899846313
7,22,0,11,8,10,9,0.0,0.002406642624944,0.0130375219380701,0.0315046827338498,0.071393629810926
7,23,0,2,3,11,11,0.0,0.0008521662988747,0.0097796177766983,0.072526263903168,0.220056330401556
7,23,1,1,1,7,8,0.0015535847965583,0.0004496962909345,0.0032588885253562,0.0422338223408875,0.105160119979508
7,23,1,3,4,18,19,0.0007540576870329,0.0006563570795302,0.006518760969035,0.0567084289209296,0.150719885156399
7,24,0,1,9,7,10,0.0,0.0004260831494373,0.0293388533300951,0.0461530770292887,0.20005120945596
7,24,0,5,2,9,9,0.0,0.0022484814546728,0.0065177770507124,0.0543006287239982,0.118305134976947
7,24,0,6,11,16,19,0.0,0.0013127141590604,0.0179265926648464,0.0504074923741596,0.150719885156399
7,25,0,4,2,8,5,0.0,0.0017043325977495,0.0065197451844655,0.0527463737477585,0.10002560472798
7,25,0,4,2,5,14,0.0,0.0017987851637382,0.0065177770507124,0.0301670159577768,0.18403020996414
7,25,0,8,4,13,19,0.0,0.0017502855454138,0.006518760969035,0.0409560875540047,0.150719885156399
7,26,0,2,3,8,8,0.0,0.0008521662988747,0.0097796177766983,0.0527463737477585,0.160040967564768
7,26,0,2,2,6,14,0.0,0.0008993925818691,0.0065177770507124,0.0362004191493321,0.18403020996414
7,26,0,4,5,14,22,0.0,0.0008751427727069,0.0081484512112938,0.0441065558273897,0.174517761760041
7,27,0,4,7,1,6,0.0,0.0017043325977495,0.0228191081456295,0.0065932967184698,0.120030725673576
7,27,0,2,1,8,14,0.0,0.0008993925818691,0.0032588885253562,0.0482672255324429,0.18403020996414
7,27,0,6,8,9,20,0.0,0.0013127141590604,0.0130375219380701,0.0283542144604648,0.158652510690947
7,28,2,4,4,4,8,0.0029304636311778,0.0017043325977495,0.0130394903689311,0.0263731868738793,0.160040967564768
7,28,0,1,5,4,15,0.0,0.0004496962909345,0.0162944426267811,0.0241336127662214,0.197175224961578
7,28,2,5,9,8,23,0.001508115374066,0.0010939284658836,0.0146672121803289,0.0252037461870798,0.182450387294589
7,29,0,3,2,5,11,0.0,0.0012782494483121,0.0065197451844655,0.0329664835923491,0.220056330401556
7,29,0,1,0,5,11,0.0,0.0004496962909345,0.0,0.0301670159577768,0.144595164971824
7,29,0,4,2,10,22,0.0,0.0008751427727069,0.0032593804845175,0.0315046827338498,0.174517761760041
7,30,0,6,4,10,6,0.0,0.0025564988966243,0.0130394903689311,0.0659329671846982,0.120030725673576
7,30,0,4,6,8,12,0.0,0.0017987851637382,0.0195533311521373,0.0482672255324429,0.157740179969263
7,30,0,10,10,18,18,0.0,0.0021878569317673,0.0162969024225877,0.0567084289209296,0.142787259621852
7,31,0,5,6,6,5,0.0,0.0021304157471869,0.0195592355533967,0.0395597803108189,0.10002560472798
7,31,0,4,4,7,10,0.0,0.0017987851637382,0.0130355541014249,0.0422338223408875,0.131450149974386
7,31,0,9,10,13,15,0.0,0.0019690712385906,0.0162969024225877,0.0409560875540047,0.11898938301821
7,32,1,6,3,6,11,0.0014652318155889,0.0025564988966243,0.0097796177766983,0.0395597803108189,0.220056330401556
7,32,0,1,1,5,13,0.0,0.0004496962909345,0.0032588885253562,0.0301670159577768,0.170885194966701
7,32,1,7,4,11,24,0.0007540576870329,0.0015314998522371,0.006518760969035,0.0346551510072347,0.190383012829136
7,33,0,3,7,10,5,0.0,0.0012782494483121,0.0228191081456295,0.0659329671846982,0.10002560472798
7,33,0,6,2,4,7,0.0,0.0026981777456073,0.0065177770507124,0.0241336127662214,0.0920151049820699
7,33,0,9,9,14,12,0.0,0.0019690712385906,0.0146672121803289,0.0441065558273897,0.095191506414568
7,34,0,3,7,4,10,0.0,0.0012782494483121,0.0228191081456295,0.0263731868738793,0.20005120945596
7,34,0,1,5,7,8,0.0,0.0004496962909345,0.0162944426267811,0.0422338223408875,0.105160119979508
7,34,0,4,12,11,18,0.0,0.0008751427727069,0.0195562829071052,0.0346551510072347,0.142787259621852
7,35,0,5,2,4,9,0.0,0.0021304157471869,0.0065197451844655,0.0263731868738793,0.180046088510364
7,35,0,2,1,2,11,0.0,0.0008993925818691,0.0032588885253562,0.0120668063831107,0.144595164971824
7,35,0,7,3,6,20,0.0,0.0015314998522371,0.0048890707267763,0.0189028096403099,0.158652510690947
7,36,0,9,4,6,6,0.0,0.0038347483449364,0.0130394903689311,0.0395597803108189,0.120030725673576
7,36,1,2,4,5,6,0.0015535847965583,0.0008993925818691,0.0130355541014249,0.0301670159577768,0.0788700899846313
7,36,1,11,8,11,12,0.0007540576870329,0.002406642624944,0.0130375219380701,0.0346551510072347,0.095191506414568
7,37,1,3,5,9,7,0.0014652318155889,0.0012782494483121,0.0162993629611639,0.0593396704662283,0.140035846619172
7,37,0,3,0,7,8,0.0,0.0013490888728036,0.0,0.0422338223408875,0.105160119979508
7,37,1,6,5,16,15,0.0007540576870329,0.0013127141590604,0.0081484512112938,0.0504074923741596,0.11898938301821
7,38,0,5,4,1,4,0.0,0.0021304157471869,0.0130394903689311,0.0065932967184698,0.0800204837823839
7,38,0,1,2,5,10,0.0,0.0004496962909345,0.0065177770507124,0.0301670159577768,0.131450149974386
7,38,0,6,6,6,14,0.0,0.0013127141590604,0.0097781414535526,0.0189028096403099,0.111056757483663
7,39,0,3,5,2,12,0.0,0.0012782494483121,0.0162993629611639,0.0131865934369396,0.240061451347152
7,39,0,1,3,2,7,0.0,0.0004496962909345,0.0097766655760686,0.0120668063831107,0.0920151049820699
7,39,0,4,8,4,19,0.0,0.0008751427727069,0.0130375219380701,0.0126018730935399,0.150719885156399
7,40,1,4,4,4,5,0.0014652318155889,0.0017043325977495,0.0130394903689311,0.0263731868738793,0.10002560472798
7,40,0,6,2,7,9,0.0,0.0026981777456073,0.0065177770507124,0.0422338223408875,0.118305134976947
7,40,1,10,6,11,14,0.0007540576870329,0.0021878569317673,0.0097781414535526,0.0346551510072347,0.111056757483663
7,41,0,4,4,7,5,0.0,0.0017043325977495,0.0130394903689311,0.0461530770292887,0.10002560472798
7,41,0,2,3,10,8,0.0,0.0008993925818691,0.0097766655760686,0.0603340319155536,0.105160119979508
7,41,0,6,7,17,13,0.0,0.0013127141590604,0.0114078316958114,0.0535579606475446,0.103124131949115
7,42,0,2,6,5,4,0.0,0.0008521662988747,0.0195592355533967,0.0329664835923491,0.0800204837823839
7,42,0,3,3,3,5,0.0,0.0013490888728036,0.0097766655760686,0.0181002095746661,0.0657250749871928
7,42,0,5,9,8,9,0.0,0.0010939284658836,0.0146672121803289,0.0252037461870798,0.071393629810926
7,43,0,2,0,10,9,0.0,0.0008521662988747,0.0,0.0659329671846982,0.180046088510364
7,43,0,3,2,3,10,0.0,0.0013490888728036,0.0065177770507124,0.0181002095746661,0.131450149974386
7,43,0,5,2,13,19,0.0,0.0010939284658836,0.0032593804845175,0.0409560875540047,0.150719885156399
7,44,0,7,4,6,6,0.0,0.0029825820460616,0.0130394903689311,0.0395597803108189,0.120030725673576
7,44,0,1,1,8,17,0.0,0.0004496962909345,0.0032588885253562,0.0482672255324429,0.223465254956455
7,44,0,8,5,14,23,0.0,0.0017502855454138,0.0081484512112938,0.0441065558273897,0.182450387294589
7,45,0,5,5,8,8,0.0,0.0021304157471869,0.0162993629611639,0.0527463737477585,0.160040967564768
7,45,0,4,3,5,20,0.0,0.0017987851637382,0.0097766655760686,0.0301670159577768,0.262900299948771
7,45,0,9,8,13,28,0.0,0.0019690712385906,0.0130375219380701,0.0409560875540047,0.222113514967325
7,46,0,6,0,5,7,0.0,0.0025564988966243,0.0,0.0329664835923491,0.140035846619172
7,46,1,1,4,7,10,0.0015535847965583,0.0004496962909345,0.0130355541014249,0.0422338223408875,0.131450149974386
7,46,1,7,4,12,17,0.0007540576870329,0.0015314998522371,0.006518760969035,0.0378056192806197,0.134854634087305
7,47,0,4,12,5,5,0.0,0.0017043325977495,0.0391184711067934,0.0329664835923491,0.10002560472798
7,47,0,1,6,0,10,0.0,0.0004496962909345,0.0195533311521373,0.0,0.131450149974386
7,47,0,5,18,5,15,0.0,0.0010939284658836,0.0293344243606578,0.0157523413669249,0.11898938301821
7,48,0,5,2,9,8,0.0,0.0021304157471869,0.0065197451844655,0.0593396704662283,0.160040967564768
7,48,1,3,3,5,7,0.0015535847965583,0.0013490888728036,0.0097766655760686,0.0301670159577768,0.0920151049820699
7,48,1,8,5,14,15,0.0007540576870329,0.0017502855454138,0.0081484512112938,0.0441065558273897,0.11898938301821
7,49,0,4,3,6,8,0.0,0.0017043325977495,0.0097796177766983,0.0395597803108189,0.160040967564768
7,49,0,3,2,7,12,0.0,0.0013490888728036,0.0065177770507124,0.0422338223408875,0.157740179969263
7,49,0,7,5,13,20,0.0,0.0015314998522371,0.0081484512112938,0.0409560875540047,0.158652510690947
7,50,1,7,6,11,11,0.0014652318155889,0.0029825820460616,0.0195592355533967,0.072526263903168,0.220056330401556
7,50,0,4,3,3,15,0.0,0.0017987851637382,0.0097766655760686,0.0181002095746661,0.197175224961578
7,50,1,11,9,14,26,0.0007540576870329,0.002406642624944,0.0146672121803289,0.0441065558273897,0.206248263898231
7,51,1,8,2,7,9,0.0014652318155889,0.003408665195499,0.0065197451844655,0.0461530770292887,0.180046088510364
7,51,0,2,5,7,9,0.0,0.0008993925818691,0.0162944426267811,0.0422338223408875,0.118305134976947
7,51,1,10,7,14,18,0.0007540576870329,0.0021878569317673,0.0114078316958114,0.0441065558273897,0.142787259621852
7,52,0,3,3,9,14,0.0,0.0012782494483121,0.0097796177766983,0.0593396704662283,0.280071693238344
7,52,0,3,5,3,16,0.0,0.0013490888728036,0.0162944426267811,0.0181002095746661,0.210320239959017
7,52,0,6,8,12,30,0.0,0.0013127141590604,0.0130375219380701,0.0378056192806197,0.23797876603642
8,1,0,5,7,7,10,0.0,0.0020736642846491,0.0220895810376403,0.0438598827824561,0.194457427290403
8,1,1,4,2,7,8,0.0015396095890671,0.0017623901955231,0.0062922905312066,0.0405583096298537,0.105496105299611
8,1,1,9,9,14,18,0.0007459245506051,0.0019227336134203,0.014179017038828,0.0421445343802587,0.141445693129168
8,2,0,6,3,7,12,0.0,0.002488397141579,0.0094669633018458,0.0438598827824561,0.233348912748484
8,2,0,3,3,8,12,0.0,0.0013217926466423,0.0094384357968099,0.0463523538626899,0.158244157949417
8,2,0,9,6,15,24,0.0,0.0019227336134203,0.0094526780258853,0.0451548582645629,0.188594257505557
8,3,0,5,1,19,11,0.0,0.0020736642846491,0.0031556544339486,0.119048253266667,0.213903170019444
8,3,0,1,2,9,16,0.0,0.0004405975488807,0.0062922905312066,0.0521463980955262,0.210992210599223
8,3,0,6,3,28,27,0.0,0.0012818224089468,0.0047263390129426,0.0842890687605175,0.212168539693752
8,4,0,5,3,3,10,0.0,0.0020736642846491,0.0094669633018458,0.0187970926210526,0.194457427290403
8,4,0,2,3,6,10,0.0,0.0008811950977615,0.0094384357968099,0.0347642653970174,0.131870131624514
8,4,0,7,6,9,20,0.0,0.0014954594771046,0.0094526780258853,0.0270929149587378,0.157161881254631
8,5,0,4,3,7,8,0.0,0.0016589314277193,0.0094669633018458,0.0438598827824561,0.155565941832323
8,5,0,3,3,6,16,0.0,0.0013217926466423,0.0094384357968099,0.0347642653970174,0.210992210599223
8,5,0,7,6,13,24,0.0,0.0014954594771046,0.0094526780258853,0.0391342104959546,0.188594257505557
8,6,0,4,5,6,6,0.0,0.0016589314277193,0.0157782721697431,0.0375941852421052,0.116674456374242
8,6,0,2,4,8,14,0.0,0.0008811950977615,0.0125845810624132,0.0463523538626899,0.18461818427432
8,6,0,6,9,14,20,0.0,0.0012818224089468,0.014179017038828,0.0421445343802587,0.157161881254631
8,7,0,6,3,9,12,0.0,0.002488397141579,0.0094669633018458,0.0563912778631579,0.233348912748484
8,7,0,2,2,9,12,0.0,0.0008811950977615,0.0062922905312066,0.0521463980955262,0.158244157949417
8,7,0,8,5,18,24,0.0,0.0017090965452624,0.0078772316882377,0.0541858299174755,0.188594257505557
8,8,0,6,8,13,10,0.0,0.002488397141579,0.0252452354715889,0.0814540680245614,0.194457427290403
8,8,0,7,5,8,13,0.0,0.0030841828421655,0.0157307263280165,0.0463523538626899,0.171431171111869
8,8,0,13,13,21,23,0.0,0.0027772818860515,0.0204808023894182,0.0632168015703881,0.180736163442825
8,9,0,10,6,10,11,0.0,0.0041473285692983,0.0189339266036917,0.0626569754035088,0.213903170019444
8,9,0,6,4,8,23,0.0,0.0026435852932847,0.0125845810624132,0.0463523538626899,0.303301302736383
8,9,0,16,10,18,34,0.0,0.0034181930905249,0.0157544633764755,0.0541858299174755,0.267175198132872
8,10,0,8,5,6,8,0.0,0.0033178628554387,0.0157782721697431,0.0375941852421052,0.155565941832323
8,10,1,0,6,15,23,0.0015396095890671,0.0,0.0188768715936198,0.0869106634925436,0.303301302736383
8,10,1,8,11,21,31,0.0007459245506051,0.0017090965452624,0.0173299097141231,0.0632168015703881,0.243600915944678
8,11,0,3,5,8,16,0.0,0.0012441985707895,0.0157782721697431,0.050125580322807,0.311131883664645
8,11,0,2,5,6,22,0.0,0.0008811950977615,0.0157307263280165,0.0347642653970174,0.290114289573931
8,11,0,5,10,14,38,0.0,0.001068185340789,0.0157544633764755,0.0421445343802587,0.298607574383799
8,12,0,9,6,9,11,0.0,0.0037325957123685,0.0189339266036917,0.0563912778631579,0.213903170019444
8,12,0,1,6,6,10,0.0,0.0004405975488807,0.0188768715936198,0.0347642653970174,0.131870131624514
8,12,0,10,12,15,21,0.0,0.0021363706815781,0.0189053560517706,0.0451548582645629,0.165019975317362
8,13,0,7,6,8,11,0.0,0.0029031299985088,0.0189339266036917,0.050125580322807,0.213903170019444
8,13,0,3,3,9,20,0.0,0.0013217926466423,0.0094384357968099,0.0521463980955262,0.263740263249029
8,13,0,10,9,17,31,0.0,0.0021363706815781,0.014179017038828,0.0511755060331713,0.243600915944678
8,14,0,5,5,8,11,0.0,0.0020736642846491,0.0157782721697431,0.050125580322807,0.213903170019444
8,14,0,3,7,7,10,0.0,0.0013217926466423,0.0220230168592231,0.0405583096298537,0.131870131624514
8,14,0,8,12,15,21,0.0,0.0017090965452624,0.0189053560517706,0.0451548582645629,0.165019975317362
8,15,0,1,2,7,7,0.0,0.0004147328569298,0.0063113088678972,0.0438598827824561,0.136120199103282
8,15,1,1,3,9,18,0.0015396095890671,0.0004405975488807,0.0094384357968099,0.0521463980955262,0.237366236924126
8,15,1,2,5,16,25,0.0007459245506051,0.0004272741363156,0.0078772316882377,0.0481651821488671,0.196452351568289
8,16,0,2,5,9,4,0.0,0.0008294657138596,0.0157782721697431,0.0563912778631579,0.0777829709161614
8,16,0,3,3,9,12,0.0,0.0013217926466423,0.0094384357968099,0.0521463980955262,0.158244157949417
8,16,0,5,8,18,16,0.0,0.001068185340789,0.0126035707011804,0.0541858299174755,0.125729505003705
8,17,0,6,3,7,9,0.0,0.002488397141579,0.0094669633018458,0.0438598827824561,0.175011684561363
8,17,0,2,1,10,11,0.0,0.0008811950977615,0.0031461452656033,0.0579404423283624,0.145057144786966
8,17,0,8,4,17,20,0.0,0.0017090965452624,0.0063017853505902,0.0511755060331713,0.157161881254631
8,18,0,7,3,8,8,0.0,0.0029031299985088,0.0094669633018458,0.050125580322807,0.155565941832323
8,18,0,5,3,8,9,0.0,0.0022029877444039,0.0094384357968099,0.0463523538626899,0.118683118462063
8,18,0,12,6,16,17,0.0,0.0025636448178937,0.0094526780258853,0.0481651821488671,0.133587599066436
8,19,0,5,5,5,11,0.0,0.0020736642846491,0.0157782721697431,0.0313284877017544,0.213903170019444
8,19,0,5,4,0,11,0.0,0.0022029877444039,0.0125845810624132,0.0,0.145057144786966
8,19,0,10,9,5,22,0.0,0.0021363706815781,0.014179017038828,0.015051619421521,0.172878069380094
8,20,1,6,7,8,3,0.0014469626302365,0.002488397141579,0.0220895810376403,0.050125580322807,0.058337228187121
8,20,0,0,3,8,10,0.0,0.0,0.0094384357968099,0.0463523538626899,0.131870131624514
8,20,1,6,10,16,13,0.0007459245506051,0.0012818224089468,0.0157544633764755,0.0481651821488671,0.10215522281551
8,21,0,1,2,12,6,0.0,0.0004147328569298,0.0063113088678972,0.0751883704842105,0.116674456374242
8,21,0,3,0,9,13,0.0,0.0013217926466423,0.0,0.0521463980955262,0.171431171111869
8,21,0,4,2,21,19,0.0,0.0008545482726312,0.0031508926752951,0.0632168015703881,0.149303787191899
8,22,0,8,3,10,9,0.0,0.0033178628554387,0.0094669633018458,0.0626569754035088,0.175011684561363
8,22,0,0,5,3,4,0.0,0.0,0.0157307263280165,0.0173821326985087,0.0527480526498057
8,22,0,8,8,13,13,0.0,0.0017090965452624,0.0126035707011804,0.0391342104959546,0.10215522281551
8,23,0,4,3,8,6,0.0,0.0016589314277193,0.0094669633018458,0.050125580322807,0.116674456374242
8,23,0,4,3,3,13,0.0,0.0017623901955231,0.0094384357968099,0.0173821326985087,0.171431171111869
8,23,0,8,6,11,19,0.0,0.0017090965452624,0.0094526780258853,0.0331135627273462,0.149303787191899
8,24,1,5,10,11,6,0.0014469626302365,0.0020736642846491,0.0315565443394862,0.0689226729438596,0.116674456374242
8,24,1,0,8,4,11,0.0015396095890671,0.0,0.0251691621248264,0.023176176931345,0.145057144786966
8,24,2,5,18,15,17,0.0014918491012103,0.001068185340789,0.0283580340776559,0.0451548582645629,0.133587599066436
8,25,1,3,4,7,5,0.0014469626302365,0.0012441985707895,0.0126226177357945,0.0438598827824561,0.0972287136452017
8,25,0,3,4,6,14,0.0,0.0013217926466423,0.0125845810624132,0.0347642653970174,0.18461818427432
8,25,1,6,8,13,19,0.0007459245506051,0.0012818224089468,0.0126035707011804,0.0391342104959546,0.149303787191899
8,26,0,4,6,9,5,0.0,0.0016589314277193,0.0189339266036917,0.0563912778631579,0.0972287136452017
8,26,0,1,3,7,15,0.0,0.0004405975488807,0.0094384357968099,0.0405583096298537,0.197805197436771
8,26,0,5,9,16,20,0.0,0.001068185340789,0.014179017038828,0.0481651821488671,0.157161881254631
8,27,1,6,8,8,9,0.0014469626302365,0.002488397141579,0.0252452354715889,0.050125580322807,0.175011684561363
8,27,0,5,6,7,15,0.0,0.0022029877444039,0.0188768715936198,0.0405583096298537,0.197805197436771
8,27,1,11,14,15,24,0.0007459245506051,0.0023500077497359,0.0220562487270657,0.0451548582645629,0.188594257505557
8,28,0,3,1,14,6,0.0,0.0012441985707895,0.0031556544339486,0.0877197655649122,0.116674456374242
8,28,0,2,5,8,16,0.0,0.0008811950977615,0.0157307263280165,0.0463523538626899,0.210992210599223
8,28,0,5,6,22,22,0.0,0.001068185340789,0.0094526780258853,0.0662271254546923,0.172878069380094
8,29,0,6,4,7,5,0.0,0.002488397141579,0.0126226177357945,0.0438598827824561,0.0972287136452017
8,29,0,4,3,7,15,0.0,0.0017623901955231,0.0094384357968099,0.0405583096298537,0.197805197436771
8,29,0,10,7,14,20,0.0,0.0021363706815781,0.0110281243635329,0.0421445343802587,0.157161881254631
8,30,0,5,5,5,13,0.0,0.0020736642846491,0.0157782721697431,0.0313284877017544,0.252794655477524
8,30,0,3,5,10,10,0.0,0.0013217926466423,0.0157307263280165,0.0579404423283624,0.131870131624514
8,30,0,8,10,15,23,0.0,0.0017090965452624,0.0157544633764755,0.0451548582645629,0.180736163442825
8,31,1,5,4,10,8,0.0014469626302365,0.0020736642846491,0.0126226177357945,0.0626569754035088,0.155565941832323
8,31,0,4,0,6,4,0.0,0.0017623901955231,0.0,0.0347642653970174,0.0527480526498057
8,31,1,9,4,16,12,0.0007459245506051,0.0019227336134203,0.0063017853505902,0.0481651821488671,0.0942971287527785
8,32,0,9,5,6,9,0.0,0.0037325957123685,0.0157782721697431,0.0375941852421052,0.175011684561363
8,32,1,3,2,9,7,0.0015396095890671,0.0013217926466423,0.0062922905312066,0.0521463980955262,0.09230909213716
8,32,1,12,7,15,16,0.0007459245506051,0.0025636448178937,0.0110281243635329,0.0451548582645629,0.125729505003705
8,33,0,1,2,12,7,0.0,0.0004147328569298,0.0063113088678972,0.0751883704842105,0.136120199103282
8,33,0,5,5,4,4,0.0,0.0022029877444039,0.0157307263280165,0.023176176931345,0.0527480526498057
8,33,0,6,7,16,11,0.0,0.0012818224089468,0.0110281243635329,0.0481651821488671,0.0864390346900469
8,34,0,3,9,5,5,0.0,0.0012441985707895,0.0284008899055375,0.0313284877017544,0.0972287136452017
8,34,0,3,9,3,6,0.0,0.0013217926466423,0.0283153073904297,0.0173821326985087,0.0791220789747086
8,34,0,6,18,8,11,0.0,0.0012818224089468,0.0283580340776559,0.0240825910744336,0.0864390346900469
8,35,0,3,5,3,7,0.0,0.0012441985707895,0.0157782721697431,0.0187970926210526,0.136120199103282
8,35,0,0,3,6,8,0.0,0.0,0.0094384357968099,0.0347642653970174,0.105496105299611
8,35,0,3,8,9,15,0.0,0.0006409112044734,0.0126035707011804,0.0270929149587378,0.117871410940973
8,36,1,7,4,8,9,0.0014469626302365,0.0029031299985088,0.0126226177357945,0.050125580322807,0.175011684561363
8,36,0,7,4,5,5,0.0,0.0030841828421655,0.0125845810624132,0.0289702211641812,0.0659350658122572
8,36,1,14,8,13,14,0.0007459245506051,0.0029909189542093,0.0126035707011804,0.0391342104959546,0.110013316878242
8,37,0,5,4,6,8,0.0,0.0020736642846491,0.0126226177357945,0.0375941852421052,0.155565941832323
8,37,0,3,2,2,12,0.0,0.0013217926466423,0.0062922905312066,0.0115880884656725,0.158244157949417
8,37,0,8,6,8,20,0.0,0.0017090965452624,0.0094526780258853,0.0240825910744336,0.157161881254631
8,38,0,6,9,8,6,0.0,0.002488397141579,0.0284008899055375,0.050125580322807,0.116674456374242
8,38,1,0,5,4,15,0.0015396095890671,0.0,0.0157307263280165,0.023176176931345,0.197805197436771
8,38,1,6,14,12,21,0.0007459245506051,0.0012818224089468,0.0220562487270657,0.0361238866116503,0.165019975317362
8,39,0,4,3,9,7,0.0,0.0016589314277193,0.0094669633018458,0.0563912778631579,0.136120199103282
8,39,0,1,4,11,9,0.0,0.0004405975488807,0.0125845810624132,0.0637344865611986,0.118683118462063
8,39,0,5,7,20,16,0.0,0.001068185340789,0.0110281243635329,0.0602064776860839,0.125729505003705
8,40,0,9,2,7,5,0.0,0.0037325957123685,0.0063113088678972,0.0438598827824561,0.0972287136452017
8,40,0,4,3,7,13,0.0,0.0017623901955231,0.0094384357968099,0.0405583096298537,0.171431171111869
8,40,0,13,5,14,18,0.0,0.0027772818860515,0.0078772316882377,0.0421445343802587,0.141445693129168
8,41,0,5,1,8,7,0.0,0.0020736642846491,0.0031556544339486,0.050125580322807,0.136120199103282
8,41,0,5,2,5,15,0.0,0.0022029877444039,0.0062922905312066,0.0289702211641812,0.197805197436771
8,41,0,10,3,13,22,0.0,0.0021363706815781,0.0047263390129426,0.0391342104959546,0.172878069380094
8,42,0,5,7,6,3,0.0,0.0020736642846491,0.0220895810376403,0.0375941852421052,0.058337228187121
8,42,0,3,2,4,7,0.0,0.0013217926466423,0.0062922905312066,0.023176176931345,0.09230909213716
8,42,0,8,9,10,10,0.0,0.0017090965452624,0.014179017038828,0.030103238843042,0.0785809406273154
8,43,0,6,5,9,6,0.0,0.002488397141579,0.0157782721697431,0.0563912778631579,0.116674456374242
8,43,0,2,2,3,9,0.0,0.0008811950977615,0.0062922905312066,0.0173821326985087,0.118683118462063
8,43,0,8,7,12,15,0.0,0.0017090965452624,0.0110281243635329,0.0361238866116503,0.117871410940973
8,44,0,5,2,5,7,0.0,0.0020736642846491,0.0063113088678972,0.0313284877017544,0.136120199103282
8,44,0,3,3,2,12,0.0,0.0013217926466423,0.0094384357968099,0.0115880884656725,0.158244157949417
8,44,0,8,5,7,19,0.0,0.0017090965452624,0.0078772316882377,0.0210722671901294,0.149303787191899
8,45,0,2,4,8,11,0.0,0.0008294657138596,0.0126226177357945,0.050125580322807,0.213903170019444
8,45,1,4,3,8,16,0.0015396095890671,0.0017623901955231,0.0094384357968099,0.0463523538626899,0.210992210599223
8,45,1,6,7,16,27,0.0007459245506051,0.0012818224089468,0.0110281243635329,0.0481651821488671,0.212168539693752
8,46,0,6,4,2,11,0.0,0.002488397141579,0.0126226177357945,0.0125313950807017,0.213903170019444
8,46,0,3,4,8,14,0.0,0.0013217926466423,0.0125845810624132,0.0463523538626899,0.18461818427432
8,46,0,9,8,10,25,0.0,0.0019227336134203,0.0126035707011804,0.030103238843042,0.196452351568289
8,47,0,4,5,9,7,0.0,0.0016589314277193,0.0157782721697431,0.0563912778631579,0.136120199103282
8,47,0,3,6,4,14,0.0,0.0013217926466423,0.0188768715936198,0.023176176931345,0.18461818427432
8,47,0,7,11,13,21,0.0,0.0014954594771046,0.0173299097141231,0.0391342104959546,0.165019975317362
8,48,0,3,3,4,4,0.0,0.0012441985707895,0.0094669633018458,0.0250627901614035,0.0777829709161614
8,48,0,6,4,5,7,0.0,0.0026435852932847,0.0125845810624132,0.0289702211641812,0.09230909213716
8,48,0,9,7,9,11,0.0,0.0019227336134203,0.0110281243635329,0.0270929149587378,0.0864390346900469
8,49,0,4,7,7,10,0.0,0.0016589314277193,0.0220895810376403,0.0438598827824561,0.194457427290403
8,49,0,3,3,10,9,0.0,0.0013217926466423,0.0094384357968099,0.0579404423283624,0.118683118462063
8,49,0,7,10,17,19,0.0,0.0014954594771046,0.0157544633764755,0.0511755060331713,0.149303787191899
8,50,0,3,6,9,11,0.0,0.0012441985707895,0.0189339266036917,0.0563912778631579,0.213903170019444
8,50,0,3,1,5,11,0.0,0.0013217926466423,0.0031461452656033,0.0289702211641812,0.145057144786966
8,50,0,6,7,14,22,0.0,0.0012818224089468,0.0110281243635329,0.0421445343802587,0.172878069380094
8,51,0,6,7,10,17,0.0,0.002488397141579,0.0220895810376403,0.0626569754035088,0.330577626393686
8,51,0,2,1,11,20,0.0,0.0008811950977615,0.0031461452656033,0.0637344865611986,0.263740263249029
8,51,0,8,8,21,37,0.0,0.0017090965452624,0.0126035707011804,0.0632168015703881,0.290749480321067
8,52,0,6,10,7,9,0.0,0.002488397141579,0.0315565443394862,0.0438598827824561,0.175011684561363
8,52,1,0,9,8,12,0.0015396095890671,0.0,0.0283153073904297,0.0463523538626899,0.158244157949417
8,52,1,6,19,15,21,0.0007459245506051,0.0012818224089468,0.0299334804153035,0.0451548582645629,0.165019975317362
9,1,0,5,5,13,16,0.0,0.0020336409548019,0.0153563421653433,0.0775217045135222,0.306909476516525
9,1,0,4,3,7,14,0.0,0.0017375703031987,0.0091791136856487,0.0384899891232146,0.18861296496609
9,1,0,9,8,20,30,0.0,0.0018904744972825,0.0122619023677516,0.0572147119376393,0.237419326981534
9,2,0,3,2,7,10,0.0,0.0012201845728811,0.0061425368661373,0.0417424562765119,0.191818422822828
9,2,1,5,4,11,12,0.0015431087513649,0.0021719628789984,0.0122388182475317,0.0604842686221943,0.16166825568522
9,2,1,8,6,18,22,0.0007465500696604,0.0016804217753622,0.0091964267758136,0.0514932407438754,0.174107506453125
9,3,0,5,8,11,12,0.0,0.0020336409548019,0.0245701474645493,0.0655952884345188,0.230182107387394
9,3,0,1,3,3,13,0.0,0.0004343925757996,0.0091791136856487,0.0164957096242348,0.175140610325655
9,3,0,6,11,14,25,0.0,0.0012603163315217,0.0168601157556584,0.0400502983563475,0.197849439151278
9,4,0,8,6,16,12,0.0,0.0032538255276831,0.018427610598412,0.0954113286320273,0.230182107387394
9,4,0,2,2,4,12,0.0,0.0008687851515993,0.0061194091237658,0.0219942794989798,0.16166825568522
9,4,0,10,8,20,24,0.0,0.0021005272192028,0.0122619023677516,0.0572147119376393,0.189935461585227
9,5,1,4,5,5,5,0.001446231109251,0.0016269127638415,0.0153563421653433,0.0298160401975085,0.0959092114114141
9,5,0,4,5,7,9,0.0,0.0017375703031987,0.0152985228094146,0.0384899891232146,0.121251191763915
9,5,1,8,10,12,14,0.0007465500696604,0.0016804217753622,0.0153273779596894,0.0343288271625836,0.110795685924716
9,6,0,8,5,10,15,0.0,0.0032538255276831,0.0153563421653433,0.0596320803950171,0.287727634234242
9,6,0,5,2,2,13,0.0,0.0021719628789984,0.0061194091237658,0.0109971397494899,0.175140610325655
9,6,0,13,7,12,28,0.0,0.0027306853849636,0.0107291645717826,0.0343288271625836,0.221591371849432
9,7,0,8,5,3,8,0.0,0.0032538255276831,0.0153563421653433,0.0178896241185051,0.153454738258263
9,7,0,2,5,8,11,0.0,0.0008687851515993,0.0152985228094146,0.0439885589979595,0.148195901044785
9,7,0,10,10,11,19,0.0,0.0021005272192028,0.0153273779596894,0.0314680915657016,0.150365573754972
9,8,0,3,4,6,8,0.0,0.0012201845728811,0.0122850737322747,0.0357792482370102,0.153454738258263
9,8,1,3,8,3,12,0.0015431087513649,0.001303177727399,0.0244776364950634,0.0164957096242348,0.16166825568522
9,8,1,6,12,9,20,0.0007465500696604,0.0012603163315217,0.0183928535516273,0.0257466203719377,0.158279551321023
9,9,0,8,2,9,11,0.0,0.0032538255276831,0.0061425368661373,0.0536688723555154,0.211000265105111
9,9,0,2,2,6,10,0.0,0.0008687851515993,0.0061194091237658,0.0329914192484696,0.13472354640435
9,9,0,10,4,15,21,0.0,0.0021005272192028,0.0061309511838757,0.0429110339532295,0.166193528887074
9,10,1,5,3,9,10,0.001446231109251,0.0020336409548019,0.009213805299206,0.0536688723555154,0.191818422822828
9,10,0,3,2,5,5,0.0,0.001303177727399,0.0061194091237658,0.0274928493737247,0.0673617732021749
9,10,1,8,5,14,15,0.0007465500696604,0.0016804217753622,0.0076636889798447,0.0400502983563475,0.118709663490767
9,11,0,7,5,8,6,0.0,0.0028470973367227,0.0153563421653433,0.0477056643160136,0.115091053693697
9,11,0,6,3,6,14,0.0,0.0026063554547981,0.0091791136856487,0.0329914192484696,0.18861296496609
9,11,0,13,8,14,20,0.0,0.0027306853849636,0.0122619023677516,0.0400502983563475,0.158279551321023
9,12,0,1,2,7,5,0.0,0.0004067281909603,0.0061425368661373,0.0417424562765119,0.0959092114114141
9,12,0,8,2,5,9,0.0,0.0034751406063974,0.0061194091237658,0.0274928493737247,0.121251191763915
9,12,0,9,4,12,14,0.0,0.0018904744972825,0.0061309511838757,0.0343288271625836,0.110795685924716
9,13,1,6,5,10,7,0.001446231109251,0.0024403691457623,0.0153563421653433,0.0596320803950171,0.13427289597598
9,13,0,2,4,6,7,0.0,0.0008687851515993,0.0122388182475317,0.0329914192484696,0.0943064824830448
9,13,1,8,9,16,14,0.0007465500696604,0.0016804217753622,0.0137946401637205,0.0457717695501114,0.110795685924716
9,14,0,3,5,4,6,0.0,0.0012201845728811,0.0153563421653433,0.0238528321580068,0.115091053693697
9,14,0,3,5,6,9,0.0,0.001303177727399,0.0152985228094146,0.0329914192484696,0.121251191763915
9,14,0,6,10,10,15,0.0,0.0012603163315217,0.0153273779596894,0.0286073559688197,0.118709663490767
9,15,0,6,0,5,8,0.0,0.0024403691457623,0.0,0.0298160401975085,0.153454738258263
9,15,0,4,3,8,10,0.0,0.0017375703031987,0.0091791136856487,0.0439885589979595,0.13472354640435
9,15,0,10,3,13,18,0.0,0.0021005272192028,0.0045982133879068,0.0371895627594655,0.14245159618892
9,16,0,4,4,3,6,0.0,0.0016269127638415,0.0122850737322747,0.0178896241185051,0.115091053693697
9,16,0,3,0,4,10,0.0,0.001303177727399,0.0,0.0219942794989798,0.13472354640435
9,16,0,7,4,7,16,0.0,0.0014703690534419,0.0061309511838757,0.0200251491781738,0.126623641056818
9,17,1,11,6,7,15,0.001446231109251,0.0044740101005643,0.018427610598412,0.0417424562765119,0.287727634234242
9,17,0,5,2,4,5,0.0,0.0021719628789984,0.0061194091237658,0.0219942794989798,0.0673617732021749
9,17,1,16,8,11,20,0.0007465500696604,0.0033608435507245,0.0122619023677516,0.0314680915657016,0.158279551321023
9,18,0,1,3,9,6,0.0,0.0004067281909603,0.009213805299206,0.0536688723555154,0.115091053693697
9,18,0,2,2,3,9,0.0,0.0008687851515993,0.0061194091237658,0.0164957096242348,0.121251191763915
9,18,0,3,5,12,15,0.0,0.0006301581657608,0.0076636889798447,0.0343288271625836,0.118709663490767
9,19,0,3,7,6,10,0.0,0.0012201845728811,0.0214988790314807,0.0357792482370102,0.191818422822828
9,19,0,1,2,3,10,0.0,0.0004343925757996,0.0061194091237658,0.0164957096242348,0.13472354640435
9,19,0,4,9,9,20,0.0,0.0008402108876811,0.0137946401637205,0.0257466203719377,0.158279551321023
9,20,0,5,6,12,4,0.0,0.0020336409548019,0.018427610598412,0.0715584964740205,0.0767273691291313
9,20,0,5,0,10,8,0.0,0.0021719628789984,0.0,0.0549856987474494,0.10777883712348
9,20,0,10,6,22,12,0.0,0.0021005272192028,0.0091964267758136,0.0629361831314032,0.0949677307926137
9,21,2,3,8,6,9,0.0028924622185021,0.0012201845728811,0.0245701474645493,0.0357792482370102,0.172636580540545
9,21,0,2,5,5,11,0.0,0.0008687851515993,0.0152985228094146,0.0274928493737247,0.148195901044785
9,21,2,5,13,11,20,0.0014931001393208,0.0010502636096014,0.0199255913475963,0.0314680915657016,0.158279551321023
9,22,0,4,6,4,10,0.0,0.0016269127638415,0.018427610598412,0.0238528321580068,0.191818422822828
9,22,0,1,1,7,8,0.0,0.0004343925757996,0.0030597045618829,0.0384899891232146,0.10777883712348
9,22,0,5,7,11,18,0.0,0.0010502636096014,0.0107291645717826,0.0314680915657016,0.14245159618892
9,23,0,5,3,5,10,0.0,0.0020336409548019,0.009213805299206,0.0298160401975085,0.191818422822828
9,23,0,3,0,5,5,0.0,0.001303177727399,0.0,0.0274928493737247,0.0673617732021749
9,23,0,8,3,10,15,0.0,0.0016804217753622,0.0045982133879068,0.0286073559688197,0.118709663490767
9,24,0,9,6,6,8,0.0,0.0036605537186435,0.018427610598412,0.0357792482370102,0.153454738258263
9,24,1,5,0,3,11,0.0015431087513649,0.0021719628789984,0.0,0.0164957096242348,0.148195901044785
9,24,1,14,6,9,19,0.0007465500696604,0.0029407381068839,0.0091964267758136,0.0257466203719377,0.150365573754972
9,25,0,8,4,12,6,0.0,0.0032538255276831,0.0122850737322747,0.0715584964740205,0.115091053693697
9,25,0,3,3,5,12,0.0,0.001303177727399,0.0091791136856487,0.0274928493737247,0.16166825568522
9,25,0,11,7,17,18,0.0,0.0023105799411231,0.0107291645717826,0.0486325051469934,0.14245159618892
9,26,0,4,5,6,10,0.0,0.0016269127638415,0.0153563421653433,0.0357792482370102,0.191818422822828
9,26,0,1,4,10,14,0.0,0.0004343925757996,0.0122388182475317,0.0549856987474494,0.18861296496609
9,26,0,5,9,16,24,0.0,0.0010502636096014,0.0137946401637205,0.0457717695501114,0.189935461585227
9,27,0,8,5,9,7,0.0,0.0032538255276831,0.0153563421653433,0.0536688723555154,0.13427289597598
9,27,0,5,1,6,12,0.0,0.0021719628789984,0.0030597045618829,0.0329914192484696,0.16166825568522
9,27,0,13,6,15,19,0.0,0.0027306853849636,0.0091964267758136,0.0429110339532295,0.150365573754972
9,28,0,6,1,7,7,0.0,0.0024403691457623,0.0030712684330686,0.0417424562765119,0.13427289597598
9,28,0,2,3,3,10,0.0,0.0008687851515993,0.0091791136856487,0.0164957096242348,0.13472354640435
9,28,0,8,4,10,17,0.0,0.0016804217753622,0.0061309511838757,0.0286073559688197,0.134537618622869
9,29,0,6,7,8,7,0.0,0.0024403691457623,0.0214988790314807,0.0477056643160136,0.13427289597598
9,29,0,4,4,5,7,0.0,0.0017375703031987,0.0122388182475317,0.0274928493737247,0.0943064824830448
9,29,0,10,11,13,14,0.0,0.0021005272192028,0.0168601157556584,0.0371895627594655,0.110795685924716
9,30,0,7,4,8,9,0.0,0.0028470973367227,0.0122850737322747,0.0477056643160136,0.172636580540545
9,30,0,2,4,5,12,0.0,0.0008687851515993,0.0122388182475317,0.0274928493737247,0.16166825568522
9,30,0,9,8,13,21,0.0,0.0018904744972825,0.0122619023677516,0.0371895627594655,0.166193528887074
9,31,0,6,3,9,3,0.0,0.0024403691457623,0.009213805299206,0.0536688723555154,0.0575455268468485
9,31,0,3,4,8,14,0.0,0.001303177727399,0.0122388182475317,0.0439885589979595,0.18861296496609
9,31,0,9,7,17,17,0.0,0.0018904744972825,0.0107291645717826,0.0486325051469934,0.134537618622869
9,32,0,4,8,4,5,0.0,0.0016269127638415,0.0245701474645493,0.0238528321580068,0.0959092114114141
9,32,0,4,1,5,13,0.0,0.0017375703031987,0.0030597045618829,0.0274928493737247,0.175140610325655
9,32,0,8,9,9,18,0.0,0.0016804217753622,0.0137946401637205,0.0257466203719377,0.14245159618892
9,33,1,5,7,2,9,0.001446231109251,0.0020336409548019,0.0214988790314807,0.0119264160790034,0.172636580540545
9,33,0,4,0,6,10,0.0,0.0017375703031987,0.0,0.0329914192484696,0.13472354640435
9,33,1,9,7,8,19,0.0007465500696604,0.0018904744972825,0.0107291645717826,0.0228858847750557,0.150365573754972
9,34,0,5,6,5,10,0.0,0.0020336409548019,0.018427610598412,0.0298160401975085,0.191818422822828
9,34,0,1,2,3,7,0.0,0.0004343925757996,0.0061194091237658,0.0164957096242348,0.0943064824830448
9,34,0,6,8,8,17,0.0,0.0012603163315217,0.0122619023677516,0.0228858847750557,0.134537618622869
9,35,0,5,5,4,11,0.0,0.0020336409548019,0.0153563421653433,0.0238528321580068,0.211000265105111
9,35,0,6,3,5,8,0.0,0.0026063554547981,0.0091791136856487,0.0274928493737247,0.10777883712348
9,35,0,11,8,9,19,0.0,0.0023105799411231,0.0122619023677516,0.0257466203719377,0.150365573754972
9,36,1,8,6,7,12,0.001446231109251,0.0032538255276831,0.018427610598412,0.0417424562765119,0.230182107387394
9,36,0,5,1,5,19,0.0,0.0021719628789984,0.0030597045618829,0.0274928493737247,0.255974738168264
9,36,1,13,7,12,31,0.0007465500696604,0.0027306853849636,0.0107291645717826,0.0343288271625836,0.245333304547585
9,37,0,5,4,10,9,0.0,0.0020336409548019,0.0122850737322747,0.0596320803950171,0.172636580540545
9,37,0,4,5,10,5,0.0,0.0017375703031987,0.0152985228094146,0.0549856987474494,0.0673617732021749
9,37,0,9,9,20,14,0.0,0.0018904744972825,0.0137946401637205,0.0572147119376393,0.110795685924716
9,38,1,3,2,6,10,0.001446231109251,0.0012201845728811,0.0061425368661373,0.0357792482370102,0.191818422822828
9,38,0,4,4,6,6,0.0,0.0017375703031987,0.0122388182475317,0.0329914192484696,0.0808341278426098
9,38,1,7,6,12,16,0.0007465500696604,0.0014703690534419,0.0091964267758136,0.0343288271625836,0.126623641056818
9,39,0,3,6,4,10,0.0,0.0012201845728811,0.018427610598412,0.0238528321580068,0.191818422822828
9,39,0,4,3,5,10,0.0,0.0017375703031987,0.0091791136856487,0.0274928493737247,0.13472354640435
9,39,0,7,9,9,20,0.0,0.0014703690534419,0.0137946401637205,0.0257466203719377,0.158279551321023
9,40,0,8,7,4,9,0.0,0.0032538255276831,0.0214988790314807,0.0238528321580068,0.172636580540545
9,40,1,2,3,8,9,0.0015431087513649,0.0008687851515993,0.0091791136856487,0.0439885589979595,0.121251191763915
9,40,1,10,10,12,18,0.0007465500696604,0.0021005272192028,0.0153273779596894,0.0343288271625836,0.14245159618892
9,41,0,4,2,5,10,0.0,0.0016269127638415,0.0061425368661373,0.0298160401975085,0.191818422822828
9,41,0,2,4,7,4,0.0,0.0008687851515993,0.0122388182475317,0.0384899891232146,0.0538894185617399
9,41,0,6,6,12,14,0.0,0.0012603163315217,0.0091964267758136,0.0343288271625836,0.110795685924716
9,42,0,3,2,5,15,0.0,0.0012201845728811,0.0061425368661373,0.0298160401975085,0.287727634234242
9,42,0,6,2,10,18,0.0,0.0026063554547981,0.0061194091237658,0.0549856987474494,0.242502383527829
9,42,0,9,4,15,33,0.0,0.0018904744972825,0.0061309511838757,0.0429110339532295,0.261161259679688
9,43,0,4,8,13,10,0.0,0.0016269127638415,0.0245701474645493,0.0775217045135222,0.191818422822828
9,43,0,5,6,6,12,0.0,0.0021719628789984,0.0183582273712975,0.0329914192484696,0.16166825568522
9,43,0,9,14,19,22,0.0,0.0018904744972825,0.0214583291435652,0.0543539763407573,0.174107506453125
9,44,1,7,8,7,12,0.001446231109251,0.0028470973367227,0.0245701474645493,0.0417424562765119,0.230182107387394
9,44,3,5,1,6,8,0.0046293262540947,0.0021719628789984,0.0030597045618829,0.0329914192484696,0.10777883712348
9,44,4,12,9,13,20,0.0029862002786416,0.0025206326630434,0.0137946401637205,0.0371895627594655,0.158279551321023
9,45,0,4,5,4,7,0.0,0.0016269127638415,0.0153563421653433,0.0238528321580068,0.13427289597598
9,45,0,3,6,5,12,0.0,0.001303177727399,0.0183582273712975,0.0274928493737247,0.16166825568522
9,45,0,7,11,9,19,0.0,0.0014703690534419,0.0168601157556584,0.0257466203719377,0.150365573754972
9,46,0,4,6,9,10,0.0,0.0016269127638415,0.018427610598412,0.0536688723555154,0.191818422822828
9,46,0,5,2,4,14,0.0,0.0021719628789984,0.0061194091237658,0.0219942794989798,0.18861296496609
9,46,0,9,8,13,24,0.0,0.0018904744972825,0.0122619023677516,0.0371895627594655,0.189935461585227
9,47,1,4,3,5,10,0.001446231109251,0.0016269127638415,0.009213805299206,0.0298160401975085,0.191818422822828
9,47,0,3,3,5,10,0.0,0.001303177727399,0.0091791136856487,0.0274928493737247,0.13472354640435
9,47,1,7,6,10,20,0.0007465500696604,0.0014703690534419,0.0091964267758136,0.0286073559688197,0.158279551321023
9,48,0,7,5,5,8,0.0,0.0028470973367227,0.0153563421653433,0.0298160401975085,0.153454738258263
9,48,0,0,5,10,10,0.0,0.0,0.0152985228094146,0.0549856987474494,0.13472354640435
9,48,0,7,10,15,18,0.0,0.0014703690534419,0.0153273779596894,0.0429110339532295,0.14245159618892
9,49,0,5,2,8,7,0.0,0.0020336409548019,0.0061425368661373,0.0477056643160136,0.13427289597598
9,49,0,4,5,11,13,0.0,0.0017375703031987,0.0152985228094146,0.0604842686221943,0.175140610325655
9,49,0,9,7,19,20,0.0,0.0018904744972825,0.0107291645717826,0.0543539763407573,0.158279551321023
9,50,0,5,2,10,7,0.0,0.0020336409548019,0.0061425368661373,0.0596320803950171,0.13427289597598
9,50,0,4,4,7,11,0.0,0.0017375703031987,0.0122388182475317,0.0384899891232146,0.148195901044785
9,50,0,9,6,17,18,0.0,0.0018904744972825,0.0091964267758136,0.0486325051469934,0.14245159618892
9,51,0,7,1,7,11,0.0,0.0028470973367227,0.0030712684330686,0.0417424562765119,0.211000265105111
9,51,0,2,1,9,13,0.0,0.0008687851515993,0.0030597045618829,0.0494871288727044,0.175140610325655
9,51,0,9,2,16,24,0.0,0.0018904744972825,0.0030654755919378,0.0457717695501114,0.189935461585227
9,52,0,3,5,12,18,0.0,0.0012201845728811,0.0153563421653433,0.0715584964740205,0.345273161081091
9,52,0,3,2,5,13,0.0,0.001303177727399,0.0061194091237658,0.0274928493737247,0.175140610325655
9,52,0,6,7,17,31,0.0,0.0012603163315217,0.0107291645717826,0.0486325051469934,0.245333304547585
10,1,0,6,7,6,5,0.0,0.002434254684968,0.0209827465406793,0.0340613660898075,0.0951635407727418
10,1,0,3,7,10,22,0.0,0.0013003783624827,0.0208497182872897,0.0523532052763388,0.301433273401132
10,1,0,9,14,16,27,0.0,0.0018860645170692,0.0209160208974474,0.0435773845772235,0.215095268256943
10,2,0,3,3,11,16,0.0,0.001217127342484,0.0089926056602911,0.0624458378313137,0.304523330472774
10,2,0,1,5,11,9,0.0,0.0004334594541609,0.0148926559194927,0.0575885258039727,0.123313611845918
10,2,0,4,8,22,25,0.0,0.0008382508964752,0.0119520119413985,0.0599189037936823,0.199162285423095
10,3,0,7,7,11,13,0.0,0.0028399637991294,0.0209827465406793,0.0624458378313137,0.247425206009129
10,3,0,1,2,11,9,0.0,0.0004334594541609,0.005957062367797,0.0575885258039727,0.123313611845918
10,3,0,8,9,22,22,0.0,0.0016765017929504,0.0134460134340733,0.0599189037936823,0.175262811172324
10,4,0,3,3,7,9,0.0,0.001217127342484,0.0089926056602911,0.0397382604381087,0.171294373390935
10,4,0,3,2,13,11,0.0,0.0013003783624827,0.005957062367797,0.0680591668592404,0.150716636700566
10,4,0,6,5,20,20,0.0,0.0012573763447128,0.007470007463374,0.0544717307215294,0.159329828338476
10,5,1,3,6,7,7,0.0014607488918706,0.001217127342484,0.0179852113205822,0.0397382604381087,0.133228957081838
10,5,0,3,4,4,12,0.0,0.0013003783624827,0.0119141247355941,0.0209412821105355,0.16441814912789
10,5,1,6,10,11,19,0.0007548396248471,0.0012573763447128,0.0149400149267481,0.0299594518968412,0.151363336921553
10,6,0,7,7,7,8,0.0,0.0028399637991294,0.0209827465406793,0.0397382604381087,0.152261665236387
10,6,0,1,4,3,11,0.0,0.0004334594541609,0.0119141247355941,0.0157059615829016,0.150716636700566
10,6,0,8,11,10,19,0.0,0.0016765017929504,0.0164340164194229,0.0272358653607647,0.151363336921553
10,7,1,3,5,4,8,0.0014607488918706,0.001217127342484,0.0149876761004852,0.022707577393205,0.152261665236387
10,7,0,1,3,5,11,0.0,0.0004334594541609,0.0089355935516956,0.0261766026381694,0.150716636700566
10,7,1,4,8,9,19,0.0007548396248471,0.0008382508964752,0.0119520119413985,0.0245122788246882,0.151363336921553
10,8,0,3,6,7,8,0.0,0.001217127342484,0.0179852113205822,0.0397382604381087,0.152261665236387
10,8,1,5,3,9,11,0.001562001233083,0.0021672972708046,0.0089355935516956,0.0471178847487049,0.150716636700566
10,8,1,8,9,16,19,0.0007548396248471,0.0016765017929504,0.0134460134340733,0.0435773845772235,0.151363336921553
10,9,0,6,6,10,4,0.0,0.002434254684968,0.0179852113205822,0.0567689434830124,0.0761308326181934
10,9,0,4,1,10,6,0.0,0.0017338378166437,0.0029785311838985,0.0523532052763388,0.0822090745639451
10,9,0,10,7,20,10,0.0,0.002095627241188,0.0104580104487237,0.0544717307215294,0.0796649141692382
10,10,0,3,7,7,6,0.0,0.001217127342484,0.0209827465406793,0.0397382604381087,0.11419624892729
10,10,0,1,1,10,15,0.0,0.0004334594541609,0.0029785311838985,0.0523532052763388,0.205522686409863
10,10,0,4,8,17,21,0.0,0.0008382508964752,0.0119520119413985,0.0463009711133,0.1672963197554
10,11,0,3,6,12,8,0.0,0.001217127342484,0.0179852113205822,0.0681227321796149,0.152261665236387
10,11,0,3,4,3,10,0.0,0.0013003783624827,0.0119141247355941,0.0157059615829016,0.137015124273242
10,11,0,6,10,15,18,0.0,0.0012573763447128,0.0149400149267481,0.040853798041147,0.143396845504629
10,12,0,4,5,8,15,0.0,0.0016228364566453,0.0149876761004852,0.0454151547864099,0.285490622318225
10,12,1,4,2,4,17,0.001562001233083,0.0017338378166437,0.005957062367797,0.0209412821105355,0.232925711264511
10,12,1,8,7,12,32,0.0007548396248471,0.0016765017929504,0.0104580104487237,0.0326830384329176,0.254927725341562
10,13,0,4,9,7,4,0.0,0.0016228364566453,0.0269778169808734,0.0397382604381087,0.0761308326181934
10,13,0,3,4,10,22,0.0,0.0013003783624827,0.0119141247355941,0.0523532052763388,0.301433273401132
10,13,0,7,13,17,26,0.0,0.0014669390688316,0.0194220194047726,0.0463009711133,0.207128776840019
10,14,0,6,5,6,9,0.0,0.002434254684968,0.0149876761004852,0.0340613660898075,0.171294373390935
10,14,0,1,3,3,10,0.0,0.0004334594541609,0.0089355935516956,0.0157059615829016,0.137015124273242
10,14,0,7,8,9,19,0.0,0.0014669390688316,0.0119520119413985,0.0245122788246882,0.151363336921553
10,15,0,4,6,8,5,0.0,0.0016228364566453,0.0179852113205822,0.0454151547864099,0.0951635407727418
10,15,0,3,4,6,17,0.0,0.0013003783624827,0.0119141247355941,0.0314119231658033,0.232925711264511
10,15,0,7,10,14,22,0.0,0.0014669390688316,0.0149400149267481,0.0381302115050706,0.175262811172324
10,16,0,3,1,8,12,0.0,0.001217127342484,0.002997535220097,0.0454151547864099,0.22839249785458
10,16,0,2,4,5,12,0.0,0.0008669189083218,0.0119141247355941,0.0261766026381694,0.16441814912789
10,16,0,5,5,13,24,0.0,0.001047813620594,0.007470007463374,0.0354066249689941,0.191195794006172
10,17,0,4,1,11,6,0.0,0.0016228364566453,0.002997535220097,0.0624458378313137,0.11419624892729
10,17,0,3,3,9,9,0.0,0.0013003783624827,0.0089355935516956,0.0471178847487049,0.123313611845918
10,17,0,7,4,20,15,0.0,0.0014669390688316,0.0059760059706992,0.0544717307215294,0.119497371253857
10,18,0,7,3,9,8,0.0,0.0028399637991294,0.0089926056602911,0.0510920491347112,0.152261665236387
10,18,0,2,3,7,9,0.0,0.0008669189083218,0.0089355935516956,0.0366472436934372,0.123313611845918
10,18,0,9,6,16,17,0.0,0.0018860645170692,0.0089640089560488,0.0435773845772235,0.135430354087705
10,19,0,2,6,4,16,0.0,0.0008114182283226,0.0179852113205822,0.022707577393205,0.304523330472774
10,19,0,1,6,6,17,0.0,0.0004334594541609,0.0178711871033912,0.0314119231658033,0.232925711264511
10,19,0,3,12,10,33,0.0,0.0006286881723564,0.0179280179120977,0.0272358653607647,0.262894216758486
10,20,0,3,8,6,10,0.0,0.001217127342484,0.0239802817607763,0.0340613660898075,0.190327081545484
10,20,0,4,2,4,6,0.0,0.0017338378166437,0.005957062367797,0.0209412821105355,0.0822090745639451
10,20,0,7,10,10,16,0.0,0.0014669390688316,0.0149400149267481,0.0272358653607647,0.127463862670781
10,21,0,7,7,10,8,0.0,0.0028399637991294,0.0209827465406793,0.0567689434830124,0.152261665236387
10,21,0,2,4,5,11,0.0,0.0008669189083218,0.0119141247355941,0.0261766026381694,0.150716636700566
10,21,0,9,11,15,19,0.0,0.0018860645170692,0.0164340164194229,0.040853798041147,0.151363336921553
10,22,0,7,6,5,4,0.0,0.0028399637991294,0.0179852113205822,0.0283844717415062,0.0761308326181934
10,22,0,0,2,5,7,0.0,0.0,0.005957062367797,0.0261766026381694,0.0959105869912693
10,22,0,7,8,10,11,0.0,0.0014669390688316,0.0119520119413985,0.0272358653607647,0.087631405586162
10,23,3,7,6,4,10,0.0043822466756118,0.0028399637991294,0.0179852113205822,0.022707577393205,0.190327081545484
10,23,0,3,3,4,11,0.0,0.0013003783624827,0.0089355935516956,0.0209412821105355,0.150716636700566
10,23,3,10,9,8,21,0.0022645188745413,0.002095627241188,0.0134460134340733,0.0217886922886117,0.1672963197554
10,24,0,4,2,11,11,0.0,0.0016228364566453,0.005995070440194,0.0624458378313137,0.209359789700032
10,24,0,4,3,3,15,0.0,0.0017338378166437,0.0089355935516956,0.0157059615829016,0.205522686409863
10,24,0,8,5,14,26,0.0,0.0016765017929504,0.007470007463374,0.0381302115050706,0.207128776840019
10,25,0,6,6,6,9,0.0,0.002434254684968,0.0179852113205822,0.0340613660898075,0.171294373390935
10,25,0,2,6,4,12,0.0,0.0008669189083218,0.0178711871033912,0.0209412821105355,0.16441814912789
10,25,0,8,12,10,21,0.0,0.0016765017929504,0.0179280179120977,0.0272358653607647,0.1672963197554
10,26,0,1,6,6,11,0.0,0.0004057091141613,0.0179852113205822,0.0340613660898075,0.209359789700032
10,26,0,3,4,3,6,0.0,0.0013003783624827,0.0119141247355941,0.0157059615829016,0.0822090745639451
10,26,0,4,10,9,17,0.0,0.0008382508964752,0.0149400149267481,0.0245122788246882,0.135430354087705
10,27,0,4,3,7,8,0.0,0.0016228364566453,0.0089926056602911,0.0397382604381087,0.152261665236387
10,27,0,4,5,5,9,0.0,0.0017338378166437,0.0148926559194927,0.0261766026381694,0.123313611845918
10,27,0,8,8,12,17,0.0,0.0016765017929504,0.0119520119413985,0.0326830384329176,0.135430354087705
10,28,1,7,5,11,14,0.0014607488918706,0.0028399637991294,0.0149876761004852,0.0624458378313137,0.266457914163677
10,28,0,1,3,3,6,0.0,0.0004334594541609,0.0089355935516956,0.0157059615829016,0.0822090745639451
10,28,1,8,8,14,20,0.0007548396248471,0.0016765017929504,0.0119520119413985,0.0381302115050706,0.159329828338476
10,29,0,4,6,5,5,0.0,0.0016228364566453,0.0179852113205822,0.0283844717415062,0.0951635407727418
10,29,0,1,3,3,9,0.0,0.0004334594541609,0.0089355935516956,0.0157059615829016,0.123313611845918
10,29,0,5,9,8,14,0.0,0.001047813620594,0.0134460134340733,0.0217886922886117,0.111530879836933
10,30,0,4,6,10,10,0.0,0.0016228364566453,0.0179852113205822,0.0567689434830124,0.190327081545484
10,30,0,2,1,7,8,0.0,0.0008669189083218,0.0029785311838985,0.0366472436934372,0.109612099418594
10,30,0,6,7,17,18,0.0,0.0012573763447128,0.0104580104487237,0.0463009711133,0.143396845504629
10,31,0,3,3,5,10,0.0,0.001217127342484,0.0089926056602911,0.0283844717415062,0.190327081545484
10,31,0,2,3,6,9,0.0,0.0008669189083218,0.0089355935516956,0.0314119231658033,0.123313611845918
10,31,0,5,6,11,19,0.0,0.001047813620594,0.0089640089560488,0.0299594518968412,0.151363336921553
10,32,1,8,8,9,5,0.0014607488918706,0.0032456729132907,0.0239802817607763,0.0510920491347112,0.0951635407727418
10,32,0,6,3,8,10,0.0,0.0026007567249655,0.0089355935516956,0.041882564221071,0.137015124273242
10,32,1,14,11,17,15,0.0007548396248471,0.0029338781376632,0.0164340164194229,0.0463009711133,0.119497371253857
10,33,0,2,6,5,3,0.0,0.0008114182283226,0.0179852113205822,0.0283844717415062,0.0570981244636451
10,33,0,4,4,2,4,0.0,0.0017338378166437,0.0119141247355941,0.0104706410552678,0.0548060497092968
10,33,0,6,10,7,7,0.0,0.0012573763447128,0.0149400149267481,0.0190651057525353,0.0557654399184667
10,34,1,9,5,11,7,0.0014607488918706,0.0036513820274521,0.0149876761004852,0.0624458378313137,0.133228957081838
10,34,0,5,5,7,13,0.0,0.0021672972708046,0.0148926559194927,0.0366472436934372,0.178119661555214
10,34,1,14,10,18,20,0.0007548396248471,0.0029338781376632,0.0149400149267481,0.0490245576493764,0.159329828338476
10,35,1,9,3,5,12,0.0014607488918706,0.0036513820274521,0.0089926056602911,0.0283844717415062,0.22839249785458
10,35,0,2,2,6,11,0.0,0.0008669189083218,0.005957062367797,0.0314119231658033,0.150716636700566
10,35,1,11,5,11,23,0.0007548396248471,0.0023051899653068,0.007470007463374,0.0299594518968412,0.183229302589248
10,36,0,3,7,5,8,0.0,0.001217127342484,0.0209827465406793,0.0283844717415062,0.152261665236387
10,36,1,3,4,10,8,0.001562001233083,0.0013003783624827,0.0119141247355941,0.0523532052763388,0.109612099418594
10,36,1,6,11,15,16,0.0007548396248471,0.0012573763447128,0.0164340164194229,0.040853798041147,0.127463862670781
10,37,0,3,4,5,7,0.0,0.001217127342484,0.0119901408803882,0.0283844717415062,0.133228957081838
10,37,1,3,4,7,9,0.001562001233083,0.0013003783624827,0.0119141247355941,0.0366472436934372,0.123313611845918
10,37,1,6,8,12,16,0.0007548396248471,0.0012573763447128,0.0119520119413985,0.0326830384329176,0.127463862670781
10,38,0,3,7,5,7,0.0,0.001217127342484,0.0209827465406793,0.0283844717415062,0.133228957081838
10,38,0,1,2,3,7,0.0,0.0004334594541609,0.005957062367797,0.0157059615829016,0.0959105869912693
10,38,0,4,9,8,14,0.0,0.0008382508964752,0.0134460134340733,0.0217886922886117,0.111530879836933
10,39,0,8,7,6,12,0.0,0.0032456729132907,0.0209827465406793,0.0340613660898075,0.22839249785458
10,39,0,5,6,11,14,0.0,0.0021672972708046,0.0178711871033912,0.0575885258039727,0.191821173982539
10,39,0,13,13,17,26,0.0,0.0027243154135444,0.0194220194047726,0.0463009711133,0.207128776840019
10,40,0,4,1,3,9,0.0,0.0016228364566453,0.002997535220097,0.0170306830449037,0.171294373390935
10,40,1,3,3,10,14,0.001562001233083,0.0013003783624827,0.0089355935516956,0.0523532052763388,0.191821173982539
10,40,1,7,4,13,23,0.0007548396248471,0.0014669390688316,0.0059760059706992,0.0354066249689941,0.183229302589248
10,41,0,6,3,7,10,0.0,0.002434254684968,0.0089926056602911,0.0397382604381087,0.190327081545484
10,41,0,5,5,8,15,0.0,0.0021672972708046,0.0148926559194927,0.041882564221071,0.205522686409863
10,41,0,11,8,15,25,0.0,0.0023051899653068,0.0119520119413985,0.040853798041147,0.199162285423095
10,42,0,4,6,9,12,0.0,0.0016228364566453,0.0179852113205822,0.0510920491347112,0.22839249785458
10,42,0,2,0,9,7,0.0,0.0008669189083218,0.0,0.0471178847487049,0.0959105869912693
10,42,0,6,6,18,19,0.0,0.0012573763447128,0.0089640089560488,0.0490245576493764,0.151363336921553
10,43,1,6,5,10,10,0.0014607488918706,0.002434254684968,0.0149876761004852,0.0567689434830124,0.190327081545484
10,43,0,2,1,5,9,0.0,0.0008669189083218,0.0029785311838985,0.0261766026381694,0.123313611845918
10,43,1,8,6,15,19,0.0007548396248471,0.0016765017929504,0.0089640089560488,0.040853798041147,0.151363336921553
10,44,0,8,11,7,4,0.0,0.0032456729132907,0.0329728874210674,0.0397382604381087,0.0761308326181934
10,44,0,3,6,11,14,0.0,0.0013003783624827,0.0178711871033912,0.0575885258039727,0.191821173982539
10,44,0,11,17,18,18,0.0,0.0023051899653068,0.0253980253754718,0.0490245576493764,0.143396845504629
10,45,0,5,3,12,6,0.0,0.0020285455708067,0.0089926056602911,0.0681227321796149,0.11419624892729
10,45,0,6,2,7,14,0.0,0.0026007567249655,0.005957062367797,0.0366472436934372,0.191821173982539
10,45,0,11,5,19,20,0.0,0.0023051899653068,0.007470007463374,0.0517481441854529,0.159329828338476
10,46,0,4,3,4,9,0.0,0.0016228364566453,0.0089926056602911,0.022707577393205,0.171294373390935
10,46,0,3,2,4,15,0.0,0.0013003783624827,0.005957062367797,0.0209412821105355,0.205522686409863
10,46,0,7,5,8,24,0.0,0.0014669390688316,0.007470007463374,0.0217886922886117,0.191195794006172
10,47,0,4,5,12,10,0.0,0.0016228364566453,0.0149876761004852,0.0681227321796149,0.190327081545484
10,47,0,2,4,7,4,0.0,0.0008669189083218,0.0119141247355941,0.0366472436934372,0.0548060497092968
10,47,0,6,9,19,14,0.0,0.0012573763447128,0.0134460134340733,0.0517481441854529,0.111530879836933
10,48,0,3,2,4,9,0.0,0.001217127342484,0.005995070440194,0.022707577393205,0.171294373390935
10,48,0,2,8,8,10,0.0,0.0008669189083218,0.0238282494711883,0.041882564221071,0.137015124273242
10,48,0,5,10,12,19,0.0,0.001047813620594,0.0149400149267481,0.0326830384329176,0.151363336921553
10,49,0,4,4,10,15,0.0,0.0016228364566453,0.0119901408803882,0.0567689434830124,0.285490622318225
10,49,0,4,4,10,11,0.0,0.0017338378166437,0.0119141247355941,0.0523532052763388,0.150716636700566
10,49,0,8,8,20,26,0.0,0.0016765017929504,0.0119520119413985,0.0544717307215294,0.207128776840019
10,50,0,3,2,3,6,0.0,0.001217127342484,0.005995070440194,0.0170306830449037,0.11419624892729
10,50,0,1,1,12,16,0.0,0.0004334594541609,0.0029785311838985,0.0628238463316066,0.219224198837187
10,50,0,4,3,15,22,0.0,0.0008382508964752,0.0044820044780244,0.040853798041147,0.175262811172324
10,51,0,5,4,5,10,0.0,0.0020285455708067,0.0119901408803882,0.0283844717415062,0.190327081545484
10,51,0,1,5,7,9,0.0,0.0004334594541609,0.0148926559194927,0.0366472436934372,0.123313611845918
10,51,0,6,9,12,19,0.0,0.0012573763447128,0.0134460134340733,0.0326830384329176,0.151363336921553
10,52,1,4,2,9,10,0.0014607488918706,0.0016228364566453,0.005995070440194,0.0510920491347112,0.190327081545484
10,52,0,1,1,3,12,0.0,0.0004334594541609,0.0029785311838985,0.0157059615829016,0.16441814912789
10,52,1,5,3,12,22,0.0007548396248471,0.001047813620594,0.0044820044780244,0.0326830384329176,0.175262811172324
