Year,Week,0-14,15-64,65-74,75-84,85+,0-14.1,15-64.1,65-74.1,75-84.1,85+.1
2000,1,15.3865336658354,120.373466334165,112.421271154569,139.670323735015,115.148405110415,0.0008717134875446,0.003227845056788,0.0382102414942454,0.0839808797127672,0.232842329132491
2000,1,12.3834142141515,58.1388259643855,74.8948851151766,153.449154647396,162.13372005889,0.0007385520790446,0.0015282091779021,0.0201015700274963,0.0653178999609841,0.20471239586161
2000,1,27.7699478799869,178.512292298551,187.316156269746,293.119478382411,277.282125169305,0.0008068423828282,0.0023695492987222,0.0280918089953092,0.0730536403835256,0.215525266595912
2000,2,12.3092269326683,118.958599154288,101.20265153621,143.834370502732,110.695151874101,0.0006973707900357,0.0031899050341929,0.0343972071774549,0.0864846349942503,0.223837377177091
2000,2,6.19170710707577,45.2554628494443,80.1509377544794,155.188157727902,168.213734561099,0.0003692760395223,0.0011895633000758,0.0215122793173853,0.0660581323168113,0.21238911070642
2000,2,18.5009340397441,164.214062003732,181.353589290689,299.022528230634,278.9088864352,0.0005375356759648,0.0021797564215382,0.0271976026650439,0.074524846879791,0.216789712168471
2000,3,16.1558603491272,110.037183129134,112.244338996354,156.507705942341,124.054911583044,0.0009152991619218,0.0029506749987596,0.0381501050056246,0.0941048497302925,0.250852233043292
2000,3,9.72982545397621,62.6422742805269,93.5971662209248,174.901398809936,187.129335234636,0.0005802909192493,0.0016465846513448,0.0251212080540848,0.0744493646560305,0.236272223556942
2000,3,25.8856858031034,172.679457409661,205.841505217279,331.409104752277,311.18424681768,0.000752096060993,0.0022921249956528,0.030870056075375,0.0825964950947859,0.24187663634963
2000,4,12.3092269326683,103.883816545593,96.8174867962784,134.02399041249,118.965479312971,0.0006973707900357,0.0027856709117779,0.0329067578880632,0.0805858561537412,0.240560859379977
2000,4,9.72982545397621,57.2873164137371,91.1806504617861,164.992930444698,162.809277225802,0.0005802909192493,0.0015058268079663,0.0244726222303643,0.0702316786939647,0.2055653641777
2000,4,22.0390523866445,161.17113295933,187.998137258065,299.016920857188,281.774756538773,0.0006403339905341,0.0021393649712331,0.0281940857024754,0.0745234493641926,0.219017289650159
2000,5,13.0785536159601,104.062315949257,104.448073646516,151.811429070185,126.599627718081,0.0007409564644129,0.0027904574185996,0.0355002756742971,0.0912810754842569,0.255997919874949
2000,5,12.3834142141515,56.9886855203515,80.0833761061393,147.628560930611,170.915963228747,0.0007385520790446,0.0014979771401323,0.0214941459668475,0.0628402782433531,0.215800983970781
2000,5,25.4619678301116,161.051001469609,184.531449752655,299.439990000796,297.515590946828,0.0007397851405529,0.0021377703612286,0.0276741864840217,0.0746288901259088,0.231252292285712
2000,6,10.001246882793,82.7517965954679,82.816719590562,125.82451732715,105.605719604027,0.000566613766904,0.0022190104324112,0.0281481148791294,0.0756556824097864,0.213546003513776
2000,6,7.07623669380088,59.6234824181311,72.6223182682103,149.815342392583,166.862620227275,0.000422029759454,0.0015672341423903,0.019491619674462,0.0637711140833931,0.21068317407424
2000,6,17.0774835765939,142.375279013599,155.439037858772,275.639859719733,272.468339831302,0.0004961780123318,0.0018898712138984,0.0233111966895967,0.0686972264636069,0.211783617661005
2000,7,9.23192019950125,87.446340670064,91.2138038164069,120.589617351425,93.5183179626026,0.0005230280925267,0.0023448958234906,0.0310021532014315,0.0725080452209175,0.189103991063404
2000,7,11.4988846274264,54.3783134179004,74.4448393348154,134.890972070537,135.786990549321,0.0006857983591128,0.0014293621562806,0.0199807790448331,0.0574183353410397,0.171446631534098
2000,7,20.7308048269276,141.824654087964,165.658643151222,255.480589421962,229.305308511924,0.0006023234914517,0.0018825622891762,0.0248438311702527,0.063672967786378,0.17823394753165
2000,8,13.8478802992519,83.7260327442264,75.1805059110159,109.910188880348,97.3353921651578,0.0007845421387901,0.0022451348220519,0.0255526846211319,0.0660867255457932,0.19682252131089
2000,8,10.6143550407013,65.6928710934324,67.5102145410801,125.151140444586,129.0314188802,0.0006330446391811,0.0017267711699102,0.0181195458552593,0.0532724320987406,0.162916948373198
2000,8,24.4622353399532,149.418903837659,142.690720452096,235.061329324934,226.366811045358,0.00071073839736,0.0019833673874527,0.021399331185138,0.0585839123191059,0.175949918406129
2000,9,11.5399002493766,94.8027084462756,81.3456199617378,116.701990481285,91.609780861325,0.0006537851156584,0.0025421586928379,0.0276481109963928,0.0701704955122995,0.185244725939661
2000,9,9.72982545397621,63.7548796135524,71.7897883558281,122.85411670086,116.871389875784,0.0005802909192493,0.0016758300592647,0.0192681710596734,0.0522946700025891,0.147563518683577
2000,9,21.2697257033528,158.557588059828,153.135408317566,239.556107182145,208.481170737109,0.0006179815764423,0.0021046731110589,0.0229657213053254,0.0597041377200127,0.16204780555511
2000,10,13.0785536159601,75.5475333405616,87.825210523734,117.483637793456,89.0650647262882,0.0007409564644129,0.0020258262844147,0.0298504230465501,0.0706404838902586,0.180099039108004
2000,10,7.07623669380088,59.8658349518954,78.8278250727318,115.709827739612,115.520275541959,0.000422029759454,0.0015736045043686,0.0211571597096108,0.0492535978459167,0.145857582051397
2000,10,20.154790309761,135.413368292457,166.653035596466,233.193465533068,204.585340268247,0.0005855876686989,0.0017974597028779,0.0249929602320189,0.0581183879858565,0.159019662648671
2000,11,6.92394014962593,91.4708424590697,75.4781019343657,108.064081359299,96.0630340976394,0.000392271069395,0.0024528138605903,0.0256538328807374,0.0649766992387291,0.194249677895062
2000,11,8.8452958672511,50.8168881336724,74.4313270051474,128.252855948289,125.65363304564,0.0005275371993176,0.0013357482465483,0.0199771523747255,0.0545927231322354,0.158652106792748
2000,11,15.769236016877,142.287730592742,149.909428939513,236.316937307588,221.716667143279,0.0004581675132493,0.0018887091073758,0.0224819210912073,0.0588968452382475,0.172335464342085
2000,12,13.0785536159601,101.95796812317,80.040198832513,104.675288904624,85.247990523733,0.0007409564644129,0.0027340287974503,0.0272044186587498,0.0629390883569244,0.172380508860518
2000,12,7.96076628052599,61.8788966537924,68.882689827324,113.406257362574,116.871389875784,0.0004747834793858,0.001626518874714,0.0184879142429671,0.0482730490785662,0.147563518683577
2000,12,21.0393198964861,163.836864776962,148.922888659837,218.081546267198,202.119380399517,0.0006112872473412,0.0021747495538729,0.0223339696189225,0.0543520715279872,0.157102926552544
2000,13,10.001246882793,97.2370139867722,68.3976924963618,105.935160941544,88.428885692529,0.000566613766904,0.0026074352138595,0.0232473118396055,0.0636966233805191,0.17881261740009
2000,13,7.07623669380088,49.6234824181311,66.0701776064961,123.820898566811,132.409204714761,0.000422029759454,0.0013043789586895,0.0177330441170137,0.0527061949885001,0.167181789953648
2000,13,17.0774835765939,146.860496404903,134.467870102858,229.756059508355,220.83809040729,0.0004961780123318,0.0019494074149484,0.020166150097036,0.0572616894649416,0.171652566066066
2000,14,15.3865336658354,76.1352054645994,74.4365158526416,103.610828695746,81.4309163211778,0.0008717134875446,0.0020415848616025,0.0252998139721182,0.0622990504278194,0.164661978613032
2000,14,5.30717752035066,48.6450907469932,53.6274526239415,105.522217732195,118.89806137652,0.0003165223195905,0.0012786614264446,0.0143934528060041,0.0449170911194047,0.150122423631847
2000,14,20.6937111861861,124.780296211593,128.063968476583,209.133046427941,200.328977697698,0.0006012457536895,0.0016563176662817,0.0192057567978536,0.0521218530080966,0.155711286109121
2000,15,11.5399002493766,91.8548823593191,81.6488428143957,111.89130985062,89.0650647262882,0.0006537851156584,0.0024631119880048,0.0277511717277619,0.0672779326501495,0.180099039108004
2000,15,7.96076628052599,38.7764879424145,59.7565721646305,114.554769234437,122.951404377992,0.0004747834793858,0.0010192600861378,0.0160384907210044,0.0487619301266419,0.155240233528388
2000,15,19.5006665299026,130.631370301734,141.405414979026,226.446079085057,212.01646910428,0.0005665824191577,0.0017339840741718,0.021206573888762,0.0564367489974758,0.164795714828438
2000,16,8.46259351620948,80.7008847446601,78.5578455450725,105.84775987288,81.4309163211778,0.0004794424181495,0.0021640147105038,0.026700589832486,0.063644070923863,0.164661978613032
2000,16,4.42264793362555,43.062057133903,64.0091213200424,106.11925557415,105.386918038279,0.0002637685996588,0.0011319084938469,0.0171798625852035,0.0451712290983552,0.133063057310047
2000,16,12.885241449835,123.762941878563,142.566966865115,211.96701544703,186.817834359457,0.0003743744482212,0.0016428134351985,0.021380771856369,0.0528281580094602,0.145209373055
2000,17,10.001246882793,72.8039705085113,72.9822967117419,89.9604341159232,71.2520517810305,0.000566613766904,0.0019522569506145,0.0248055475046724,0.0540913502193283,0.144079231286403
2000,17,7.96076628052599,39.5990090090196,54.6579807671683,111.453053730734,126.329190212552,0.0004747834793858,0.0010408804787438,0.0146700435719092,0.0474416390931471,0.159505075108838
2000,17,17.962013163319,112.402979517531,127.64027747891,201.413487846657,197.581241993583,0.0005218775909741,0.0014920227501454,0.0191422158475337,0.0501979213075191,0.153575531884781
2000,18,9.23192019950125,81.5211232787596,77.5275131219648,105.288527078597,81.4309163211778,0.0005230280925267,0.0021860096150148,0.0263503958673941,0.0633078157998521,0.164661978613032
2000,18,6.19170710707577,41.9755752046715,52.8219473708952,99.6238522790787,105.386918038279,0.0003692760395223,0.0011033497531373,0.0141772575314307,0.0424063647130894,0.133063057310047
2000,18,15.423627306577,123.496698483431,130.34946049286,204.912379357676,186.817834359457,0.0004481260195977,0.00163927935448,0.0195485120970233,0.0510699437455962,0.145209373055
2000,19,13.8478802992519,81.9573370920525,78.2715031803391,101.400900208456,79.5223792199002,0.0007845421387901,0.002197706799152,0.0266032665164078,0.0609702660912341,0.160802713489289
2000,19,7.96076628052599,53.4864036759941,66.6371476396938,98.7154648706603,91.2002175331259,0.0004747834793858,0.0014059178463752,0.017885217230148,0.0420196961908337,0.115150722672156
2000,19,21.8086465797779,135.443740768047,144.908650820033,200.116365079116,170.722596753026,0.000633639661433,0.0017978628632278,0.0217319542620885,0.0498746417332098,0.132698900647403
2000,20,10.7705735660848,90.3407307817413,76.4915538695489,102.236552900317,73.1605888823081,0.0006101994412812,0.0024225096290817,0.0259982894305385,0.0614727267881101,0.147938496410146
2000,20,6.19170710707577,39.1530541380664,53.825450854786,90.98068470077,89.8491031993018,0.0003692760395223,0.0010291583237911,0.0144465949571206,0.0387272727264098,0.113444786039976
2000,20,16.9622806731606,129.493784919808,130.317004724335,193.217237601087,163.00969208161,0.0004928308477812,0.0017188839115484,0.0195436447045444,0.0481551846008438,0.126703830339424
2000,21,10.001246882793,71.6996226824244,71.9350838007096,93.5652480893568,66.7987985447161,0.000566613766904,0.0019226435833172,0.0244496161242896,0.0562588503768005,0.135074279331003
2000,21,4.42264793362555,48.5296203337183,56.4940141634414,100.246814033144,99.3069035360704,0.0002637685996588,0.0012756262267753,0.0151628296123878,0.042671537588268,0.125386342465236
2000,21,14.4238948164185,120.229243016143,128.429097964151,193.812062122501,166.105702080787,0.0004190792764047,0.0015959075692017,0.0192605152769276,0.048303431646446,0.129110290474742
2000,22,11.5399002493766,90.2131432288843,62.1006609218896,80.6218857513006,72.5244098485489,0.0006537851156584,0.0024190883364635,0.0211070487498326,0.048476274046174,0.146652074702232
2000,22,2.65358876017533,57.8686514183617,57.2860070868197,106.644805691948,117.546947042696,0.0001582611597952,0.0015211074999095,0.0153753982168537,0.0453949372712523,0.148416486999667
2000,22,14.1934890095519,148.081794647246,119.386668008709,187.266691443249,190.071356891245,0.0004123849473036,0.0019656187713565,0.0179044218132333,0.0466721406847613,0.147738264200116
2000,23,10.7705735660848,76.9824699121761,76.6459787105319,92.1639696040831,60.4370082071241,0.0006101994412812,0.002064304472844,0.0260507760321049,0.0554162905776327,0.12221006225186
2000,23,10.6143550407013,38.552927271046,49.5458770400381,94.5754797768479,104.711360871367,0.0006330446391811,0.0010133836780037,0.0132979697527065,0.0402574503653746,0.132210088993956
2000,23,21.3849286067861,115.535397183222,126.19185575057,186.739449380931,165.148369078491,0.0006213287409929,0.0015336020609451,0.0189249960019663,0.0465407370938837,0.128366176693824
2000,24,12.3092269326683,100.033381762984,69.4449054073941,91.4157179808864,73.7967679160674,0.0006973707900357,0.002682420525642,0.0236032432199883,0.0549663823374128,0.149224918118061
2000,24,10.6143550407013,48.1228991822392,50.3378699634163,92.5379577753644,105.386918038279,0.0006330446391811,0.0012649353504766,0.0135105383571724,0.0393901490200722,0.133063057310047
2000,24,22.9235819733696,148.156280945223,119.78277537081,183.953675756251,179.183685954346,0.0006660335691765,0.0019666074929334,0.0179638260449845,0.0458464437439829,0.13927551825192
2000,25,11.5399002493766,94.623578011493,62.2494589335644,74.6053384634051,62.9817243421609,0.0006537851156584,0.0025373552647566,0.0211576228796354,0.044858648479346,0.127355749083517
2000,25,6.19170710707577,47.1530541380664,55.0539772288574,95.3477009914023,95.2535605345981,0.0003692760395223,0.0012394424707518,0.0147763278741422,0.0405861577352908,0.120268532568696
2000,25,17.7316073564524,141.776632149559,117.303436162422,169.953039454807,158.235284876759,0.000515183261873,0.0018819248521179,0.0175919994771985,0.0423570903405499,0.122992789156965
2000,26,9.23192019950125,96.2898189309335,74.4365158526416,97.7896932358931,71.2520517810305,0.0005230280925267,0.0025820359379899,0.0252998139721182,0.0587989219554812,0.144079231286403
2000,26,10.6143550407013,37.7304062044409,55.8729948115717,98.7997832403037,99.9824607029824,0.0006330446391811,0.0009917632853977,0.0149961498188232,0.042055587550717,0.126239310781326
2000,26,19.8462752402026,134.020225135374,130.309510664213,196.589476476197,171.234512484013,0.0005766239128094,0.0017789672990866,0.0195425208201464,0.0489956416302747,0.133096801429245
2000,27,10.001246882793,97.8039705085113,74.3045983288912,99.2783727898307,84.6118114899738,0.000566613766904,0.0026226382969129,0.0252549772576063,0.0596940342113049,0.171094087152604
2000,27,12.3834142141515,52.5313189421838,59.1220404830928,103.874079654645,108.089146705927,0.0007385520790446,0.0013808129490597,0.0158681842573323,0.0442155367946599,0.136474930574407
2000,27,22.3846610969445,150.335289450695,133.426638811984,203.152452444476,192.700958195901,0.0006503754841858,0.0019955313726817,0.0200099966123304,0.0506313203264781,0.149782195167108
2000,28,10.001246882793,70.5431009432939,56.4800974540936,88.4511448712705,72.5244098485489,0.000566613766904,0.0018916311592971,0.0191967066479101,0.0531838457823269,0.146652074702232
2000,28,5.30717752035066,40.6075556359847,58.3030229003785,103.990868569711,110.791375373575,0.0003165223195905,0.001067390649634,0.0156483623126513,0.0442652497219704,0.139886803838767
2000,28,15.3084244031437,111.150656579279,114.783120354472,192.442013440981,183.315785222124,0.0004447788550471,0.0014753995758984,0.017214027647674,0.0479619768777627,0.142487307673055
2000,29,11.5399002493766,91.623578011493,74.5909406936246,89.1723938046225,61.0731872408833,0.0006537851156584,0.0024569095032008,0.0253523005736845,0.0536175178630884,0.123496483959774
2000,29,8.8452958672511,42.4994653778911,55.0539772288574,100.53878632081,106.062475205191,0.0005275371993176,0.0011171204779094,0.0147763278741422,0.0427958199065442,0.133916025626137
2000,29,20.3851961166277,134.123043389384,129.644917922482,189.711180125433,167.135662446074,0.0005922819978,0.0017803320954183,0.0194428518287888,0.0472813762022894,0.129910855899492
2000,30,12.3092269326683,78.5707730673317,67.670582925912,91.8335443268167,70.6158727472713,0.0006973707900357,0.0021068952251433,0.0230001786058826,0.0552176126858508,0.142792809578489
2000,30,8.8452958672511,43.4994653778911,55.4634860202146,102.102606028716,108.089146705927,0.0005275371993176,0.0011434059962795,0.0148862388464827,0.0434614828714056,0.136474930574407
2000,30,21.1545227999194,122.070238445223,123.134068946127,193.936150355533,178.705019453198,0.0006146344118918,0.001620344706677,0.0184664196326375,0.0483343579335756,0.138903461361461
2000,31,14.6172069825436,71.5462712783259,70.1832686364603,84.3077077942685,62.3455453084017,0.0008281278131674,0.0019185314264877,0.0238542013972384,0.0506924826820215,0.126069327375603
2000,31,11.4988846274264,49.6308625733123,64.0496583090465,114.02921911664,110.791375373575,0.0006857983591128,0.0013045729498941,0.0171907425955262,0.0485382219537448,0.139886803838767
2000,31,26.11609160997,121.177133851638,134.232926945507,198.336926910908,173.136920681977,0.0007587903900941,0.0016084897507175,0.0201309156654072,0.0494311555590997,0.134575501268948
2000,32,7.69326683291771,74.9032549062127,66.0394316267966,97.9310996842464,74.4329469498265,0.0004358567437723,0.0020085497946463,0.0224457756498161,0.0588839467310541,0.150511339825975
2000,32,3.53811834690044,44.4141499204434,56.9035229547986,112.192804399866,122.951404377992,0.000211014879727,0.0011674489536256,0.0152727405847283,0.0477565248956362,0.155240233528388
2000,32,11.2313851798182,119.317404826656,122.942954581595,210.123904084112,197.384351327819,0.0003263224554871,0.0015838039458902,0.018437758206247,0.0523688026795571,0.153422493122534
2000,33,8.46259351620948,70.4921890924862,54.4250594371863,88.3701368017363,78.2500211523817,0.0004794424181495,0.0018902659450936,0.0184982311894898,0.0531351373039516,0.158229870073461
2000,33,12.3834142141515,45.8862768089736,63.9956089903744,103.05001061587,102.684689370631,0.0007385520790446,0.0012061445719972,0.0171762359150959,0.0438647596322875,0.129651184045686
2000,33,20.846007730361,116.37846590146,118.420668427561,191.420147417606,180.934710523013,0.0006056706560023,0.0015447928471053,0.0177595508300593,0.0477072990467166,0.140636550942893
2000,34,11.5399002493766,96.72792583758,70.3489471360596,85.4055636921205,76.9776630848634,0.0006537851156584,0.0025937838859059,0.023910512942332,0.0513526007488657,0.155657026657632
2000,34,6.19170710707577,53.7605611602681,51.9894174585129,101.862481565272,116.195832708871,0.0003692760395223,0.0014131242179644,0.0139538089166421,0.0433592703455856,0.146710550367487
2000,34,17.7316073564524,150.488486997848,122.338364594573,187.268045257392,193.173495793734,0.000515183261873,0.0019975648972965,0.0183470878296274,0.0466724780934254,0.1501494881965
2000,35,11.5399002493766,86.2131432288843,62.9821953333224,75.919215880015,62.3455453084017,0.0006537851156584,0.0023118273210558,0.0214066685851219,0.0456486558218577,0.126069327375603
2000,35,5.30717752035066,39.9625135027745,67.2716793212315,104.205069121045,95.2535605345981,0.0003165223195905,0.001050435382792,0.0180555236938201,0.0443564273515623,0.120268532568696
2000,35,16.8470777697273,126.175656731659,130.253874654554,180.12428500106,157.599105843,0.0004894836832306,0.0016748395030651,0.0195341770862809,0.0448920515737269,0.122498301256709
2000,36,16.1558603491272,76.9032700856554,66.050685285413,94.5487002287003,76.3414840511041,0.0009152991619218,0.0020621807093908,0.0224496005933433,0.0568501798275301,0.154370604949718
2000,36,11.4988846274264,39.2759047065226,51.3954227659792,100.065084027233,108.764703872839,0.0006857983591128,0.0010323875146651,0.0137943824632926,0.0425941815261032,0.137327898890497
2000,36,27.6547449765536,116.179174792178,117.446108051392,194.613784255933,185.106187923943,0.0008034952182777,0.0015421474824519,0.0176133959842259,0.0485032434117593,0.143878948116477
2000,37,11.5399002493766,93.1609693158408,72.3758510064261,94.1244808836404,66.7987985447161,0.0006537851156584,0.0024981350412966,0.0245994260419342,0.0565951055008114,0.135074279331003
2000,37,7.07623669380088,51.0535105069379,60.7735879781894,100.545332954122,92.55133186695,0.000422029759454,0.0013419679882875,0.016311454816802,0.0427986065777432,0.116856659304336
2000,37,18.6161369431775,144.214479822779,133.149438984616,194.669813837762,159.350130411666,0.0005408828405153,0.001914284529819,0.0199684249467622,0.048517207563662,0.123859333947681
2000,38,13.8478802992519,88.5990762224873,78.4259280213222,94.9665265746305,73.1605888823081,0.0007845421387901,0.002375806719953,0.0266557531179741,0.0571014101759681,0.147938496410146
2000,38,9.72982545397621,57.0723023693337,68.6441546074754,106.411227861815,112.142489707399,0.0005802909192493,0.0015001750523523,0.0184238920815279,0.0452955114166314,0.141592740470947
2000,38,23.5777057532281,145.671378591821,147.070082628798,201.377754436446,185.303078589707,0.0006850388187177,0.0019336232174357,0.0220561042485999,0.0501890155339632,0.144031986878724
2000,39,13.8478802992519,97.3677718746612,74.8941635462825,93.8210582962187,75.0691259835857,0.0007845421387901,0.0026109415198164,0.0254553613050536,0.0564126637684879,0.151797761533889
2000,39,10.6143550407013,65.225307893617,62.3305491656098,89.3584705353302,86.4713173647416,0.0006330446391811,0.0017144810288323,0.0167293386855187,0.0380367532978931,0.109179944459525
2000,39,24.4622353399532,162.593079768278,137.224712711892,183.179528831549,161.540443348327,0.00071073839736,0.0021582397110092,0.0205795938572827,0.045653504498344,0.125561815776664
2000,40,13.8478802992519,97.3155979616177,74.1501734879082,104.257462558693,88.428885692529,0.0007845421387901,0.0026095424630937,0.0252024906560399,0.0626878580084864,0.17881261740009
2000,40,11.4988846274264,53.5182572402868,72.7527548507148,102.732114416094,88.4979888654777,0.0006857983591128,0.0014067551338246,0.0195266284750407,0.0437294424177833,0.111738849407795
2000,40,25.3467649266783,150.833855201904,146.902928338623,206.989576974787,176.926874558007,0.0007364379760024,0.0020021492705919,0.0220310361152053,0.0515876399715972,0.137521348640172
2000,41,12.3092269326683,77.0333817629839,71.2079742302598,90.0144394956127,67.4349775784753,0.0006973707900357,0.0020656696870474,0.0242024828905668,0.0541238225382451,0.136360701038917
2000,41,9.72982545397621,50.539865569149,64.8146265730887,102.284336034628,98.6313463691584,0.0005802909192493,0.0013284665648396,0.017396057859777,0.0435388389335704,0.124533374149146
2000,41,22.0390523866445,127.573247332133,136.022600803348,192.298775530241,166.066323947634,0.0006403339905341,0.0016933909416501,0.0203993131020169,0.0479262779509009,0.129079682722293
2000,42,10.001246882793,79.9309270302505,62.2438321042563,97.2162437500241,98.6077502326762,0.000566613766904,0.0021433680989367,0.0211557104078718,0.0584541186285734,0.199395364726719
2000,42,3.53811834690044,45.0591920536536,52.0299544475169,98.0925031165947,97.2802320353343,0.000211014879727,0.0011844042204676,0.0139646889269647,0.0417545233156551,0.122827437516966
2000,42,13.5393652296934,124.990119083904,114.273786551773,195.308746866619,195.88798226801,0.0003933796977624,0.0016591028282083,0.0171376428435802,0.0486764476932393,0.152259398529458
2000,43,4.61596009975062,80.9057790306842,74.4365158526416,98.1535142021339,71.8882308147898,0.0002615140462633,0.0021695090027964,0.0252998139721182,0.0590176799850023,0.145365652994318
2000,43,7.96076628052599,38.0290370978264,54.6850054265043,99.4227449943692,93.9024462007741,0.0004747834793858,0.0009996129532316,0.0146772969121244,0.0423207604258956,0.118562595936516
2000,43,12.5767263802766,118.934816128511,129.121521279146,197.576259196503,165.790677015564,0.0003654106923317,0.0015787255125246,0.0193643580201063,0.0492415757127988,0.128865428455147
2000,44,10.001246882793,81.2891878998157,71.7862857890348,101.764721174697,80.1585582536594,0.000566613766904,0.0021797902089512,0.0243990419944869,0.0611890241207553,0.162089135197204
2000,44,14.1524733876018,47.0148089241455,52.0029297881809,106.87838352208,122.951404377992,0.0008440595189081,0.0012358086236418,0.0139574355867496,0.0454943631258732,0.155240233528388
2000,44,24.1537202703948,128.303996823961,123.789215577216,208.643104696777,203.109962631651,0.0007017746414705,0.0017030908167882,0.018564671990528,0.0519997457116629,0.157872884224844
2000,45,17.6945137157107,96.2376601973328,72.3814778357343,100.983073862526,82.7032743886962,0.0010024705106763,0.0025806372883078,0.0246013385136979,0.0607190357427961,0.167234822028861
2000,45,7.96076628052599,50.5990090090196,63.6671741770254,113.737246828974,104.035803704455,0.0004747834793858,0.0013300211808148,0.0170880849634008,0.0484139396354686,0.131357120677866
2000,45,25.6552799962367,146.836669206352,136.04865201276,214.7203206915,186.739078093151,0.0007454017318919,0.0019490911357673,0.0204032200025932,0.0535143593233598,0.145148157550102
2000,46,6.15461346633416,74.187995229318,72.5302758474091,104.062050730651,89.0650647262882,0.0003486853950178,0.0019893699248403,0.0246519126435006,0.0625703609139966,0.180099039108004
2000,46,8.8452958672511,63.2844513334877,64.8686758917607,123.9701580273,129.0314188802,0.0005275371993176,0.0016634646080673,0.0174105645402072,0.0527697294832377,0.162916948373198
2000,46,14.9999093335853,137.472446562806,137.39895173917,228.032208757951,218.096483606488,0.0004358150991576,0.0018247916440495,0.0206057244888912,0.0568320572429895,0.169521575702792
2000,47,14.6172069825436,83.3671408435433,80.1777431855716,106.043171700923,80.7947372874186,0.0008281278131674,0.0022355110446296,0.0272511678450254,0.0637615680183528,0.163375556905118
2000,47,13.2679438008766,46.6092542444502,61.7500668027442,105.879131110706,113.493604041223,0.0007913057989764,0.0012251484086585,0.0165735389022768,0.0450690165725352,0.143298677103127
2000,47,27.8851507834202,129.976395087993,141.927809988316,211.922302811629,194.288341328642,0.0008101895473788,0.0017252900170936,0.0212849174823596,0.0528170143597607,0.151016032987216
2000,48,9.23192019950125,91.5732971918031,96.342958614713,124.693265740323,80.1585582536594,0.0005230280925267,0.0024555612102569,0.0327454731398369,0.0749754842052029,0.162089135197204
2000,48,8.8452958672511,53.1069724000928,62.6366460337985,118.18858148925,118.222504209608,0.0005275371993176,0.0013959442986023,0.0168114941974957,0.0503087160042329,0.149269455315757
2000,48,18.0772160667523,144.680269591896,158.979604648511,242.881847229573,198.381062463267,0.0005252247555247,0.0019204673635419,0.023842175586309,0.0605330059302547,0.154197214655902
2000,49,11.5399002493766,101.981838881058,78.8441879098059,113.932829199712,89.7012437600474,0.0006537851156584,0.0027346688978827,0.0267979131485643,0.0685054560517033,0.181385460815918
2000,49,10.6143550407013,45.3003781156341,66.9027075188784,116.066741118123,110.115818206663,0.0006330446391811,0.0011907439211304,0.0179564927318023,0.0494055232990472,0.139033835522677
2000,49,22.1542552900779,147.282216996692,145.746895428684,229.999570317835,199.81706196671,0.0006436811550847,0.0019550052800571,0.0218576658286,0.0573223792260023,0.155313385327279
2000,50,12.3092269326683,112.010773067332,80.3490485144791,97.6276770968247,82.7032743886962,0.0006973707900357,0.003003597313952,0.0273093918618825,0.0587015049987306,0.167234822028861
2000,50,8.8452958672511,59.2093811114707,75.8578516100634,125.216081535431,116.871389875784,0.0005275371993176,0.001556349274887,0.0203600274428636,0.0533000752335949,0.147563518683577
2000,50,21.1545227999194,171.220154178803,156.206900124542,222.843758632256,199.57466426448,0.0006146344118918,0.0022727543915181,0.0234263530142528,0.0555389491502686,0.155124974951517
2000,51,12.3092269326683,92.0855556760273,78.1227051686643,104.506879766426,83.9756324562146,0.0006973707900357,0.0024692975515492,0.026552692386605,0.062837827421893,0.16980766544469
2000,51,10.6143550407013,54.8328149158188,70.322726761908,121.225355902108,127.004747379464,0.0006330446391811,0.0014413089637533,0.0188744159812127,0.0516013639028734,0.160358043424928
2000,51,22.9235819733696,146.918370591846,148.445431930572,225.732235668534,210.980379835679,0.0006660335691765,0.0019501756294916,0.0222623654203893,0.0562588390867165,0.16399038554262
2000,52,23.8491271820449,102.314351078825,82.5247503965204,113.791422751359,86.5203485912514,0.0013511559056942,0.0027435852968747,0.0280488790912876,0.0684204312761304,0.174953352276347
2000,52,11.4988846274264,48.7708063956987,70.9572584434458,121.523874823085,120.249175710344,0.0006857983591128,0.0012819659274381,0.0190447224448848,0.0517284328923486,0.151828360264027
2000,52,35.3480118094713,151.085157474524,153.482008839966,235.315297574444,206.769524301595,0.0010270193591955,0.0020054850247643,0.0230177009949946,0.0586472083691361,0.160717380616587
2001,1,14.2122015915119,99.6574249060215,82.2824927205815,125.629343739466,101.218537042419,0.0007911634159118,0.0026004109476691,0.027368695230064,0.0729593924365446,0.204300226671238
2001,1,10.1748251748252,50.4942031652558,73.9141007448864,127.775875200902,118.640995714131,0.0005962998362846,0.0012920743790969,0.01966722620603,0.051714769096212,0.147140350897424
2001,1,24.3870267663371,150.151628071277,156.196593465468,253.405218940368,219.85953275655,0.0006962362108793,0.001939851477813,0.0230900101438541,0.0604397860899351,0.168895108859815
2001,2,6.73209549071618,90.1509207178814,89.143498209827,127.126261973675,101.8472236079,0.0003747616180635,0.002352352987229,0.0296507939122784,0.0738287295009935,0.205569172178513
2001,2,5.93531468531468,54.1178229665072,71.3028672501389,121.654194818861,115.989800279178,0.000347841571166,0.0013847976227821,0.0189724234647342,0.0492371395206737,0.143852298363404
2001,2,12.6674101760309,144.268743684389,160.446365459966,248.780456792536,217.837023887078,0.0003616475984185,0.0018638488255721,0.023718239455934,0.0593367321114077,0.167341426600071
2001,3,13.4641909814324,92.8134693427396,72.7585308892981,98.348495577575,83.6153132089549,0.000749523236127,0.0024218281979251,0.0242008474884027,0.0571160070633556,0.168769752467544
2001,3,11.0227272727273,57.7986290025764,65.6770097377683,109.82582800144,112.675805985488,0.0006459914893083,0.0014789841803572,0.0174754829461642,0.0444498409967042,0.139742232695878
2001,3,24.4869182541597,150.612098345316,138.435540627066,208.174323579015,196.291119194443,0.0006990880579555,0.0019458004239088,0.0204644542267535,0.0496517460814153,0.150789959065683
2001,4,6.73209549071618,91.1308361512852,77.1031995753394,118.73088396053,94.3029848221296,0.0003747616180635,0.0023779224099109,0.0256459655106247,0.0689531036250476,0.190341826091215
2001,4,6.78321678321678,52.0381394920869,68.9041339207748,123.365933491242,129.90857631268,0.0003975332241897,0.0013315814996336,0.0183341632339918,0.0499299320376966,0.161114574167012
2001,4,13.515312273933,143.168975643372,146.007333496114,242.096817451772,224.21156113481,0.0003858547373,0.0018496406102699,0.021583766564331,0.0577426144616322,0.172238317578088
2001,5,8.22811671087533,97.450882584403,88.2219103234559,127.509239904328,100.589850476938,0.0004580419776331,0.0025428345371303,0.0293442565535299,0.0740511443947219,0.203031281163963
2001,5,15.2622377622378,56.0292602134707,63.2746784948797,136.257666618183,141.176156911229,0.0008944497544269,0.001433708565806,0.0168362653746919,0.0551476071337311,0.1750887974366
2001,5,23.4903544731131,153.480142797874,151.496588818336,263.766906522511,241.766007388167,0.0006706367097258,0.0019828535037934,0.0223952244729846,0.062911156583464,0.185723564607233
2001,6,14.9602122015915,107.126820920325,87.0047028951143,120.575786636992,99.3324773459765,0.0008328035956966,0.002795313627388,0.0289393906089458,0.0700245330727602,0.200493390149414
2001,6,14.4143356643357,63.7182554287817,65.8030706715885,123.469756216305,126.594582018989,0.0008447581014032,0.0016304589469575,0.0175090255162042,0.049971952241003,0.157004508499486
2001,6,29.3745478659272,170.845076349107,152.807773566703,244.045542853297,225.927059364965,0.0008386271970922,0.0022071960063968,0.0225890524462365,0.058207405782461,0.173556155639046
2001,7,12.7161803713528,85.9695137794576,83.3456586651369,125.176378832016,113.792268352036,0.0007078830563421,0.0022432454481812,0.0277223240975599,0.0726963325218869,0.229679136816733
2001,7,13.5664335664336,56.7184854619065,76.5253342396338,136.257963571775,125.931783160251,0.0007950664483795,0.0014513448533224,0.0203620289473257,0.0551477273198494,0.156182495365981
2001,7,26.2826139377864,142.687999241364,159.870992904771,261.434342403791,239.724051512287,0.0007503541827947,0.0018434267396898,0.0236331840917855,0.0623548157276363,0.184154943244222
2001,8,10.4721485411141,92.0095286963771,92.9168131824817,124.585390412706,88.0161191673209,0.0005829625169876,0.0024008505732268,0.0309058690088037,0.0723531152867534,0.177652371018468
2001,8,8.47902097902098,51.5806956201693,68.1369745772803,134.883129087064,127.920179736465,0.0004969165302372,0.001319876165759,0.0181300357915617,0.0545912901378652,0.158648534766497
2001,8,18.9511695201351,143.590224316546,161.053787759762,259.46851949977,215.936298903786,0.0005410454740897,0.0018550828413777,0.0238080326246115,0.0618859464742462,0.165881298176523
2001,9,14.2122015915119,88.2895602125755,95.7759622137179,130.444753892082,111.277522090113,0.0007911634159118,0.0023037835781747,0.0318568754242141,0.0757559476728453,0.224603354787634
2001,9,7.63111888111888,39.0379094589621,71.8971481305073,133.89725862935,136.536564900061,0.0004472248772134,0.0009989242222587,0.0191305510261377,0.0541922784856321,0.169334705502064
2001,9,21.8433204726308,127.327469671538,167.673110344225,264.342012521432,247.814086990174,0.0006236147942348,0.0016449797007281,0.0247865445257336,0.0630483253588317,0.190369672283196
2001,10,14.2122015915119,99.4601028482344,75.6102579755817,106.958691548313,86.7587460363592,0.0007911634159118,0.0025952621246911,0.0251493852261795,0.0621163887264755,0.175114480003918
2001,10,7.63111888111888,56.2696908354803,69.0518046624858,139.266446969876,151.780938651039,0.0004472248772134,0.001439860841259,0.0183734557891602,0.056365351726788,0.188241007572683
2001,10,21.8433204726308,155.729793683715,144.662062638067,246.225138518189,238.539684687398,0.0006236147942348,0.0020119173817647,0.0213848997576398,0.058727262067582,0.183245117951174
2001,11,5.23607427055703,98.4496198802534,89.4664250673045,120.059642221679,91.7882385602061,0.0002914812584938,0.0025688950880669,0.0297582054217221,0.069724781582942,0.185266044062116
2001,11,11.0227272727273,44.8052079499448,60.8975549734064,119.993922078623,123.280587725298,0.0006459914893083,0.0011465011350464,0.0162037551290778,0.0485651768261266,0.152894442831961
2001,11,16.2588015432843,143.254827830198,150.363980040711,240.053564300302,215.068826285504,0.000464179848097,0.0018507497590259,0.0222277947769576,0.0572552772871303,0.165214909594411
2001,12,12.7161803713528,86.1534461261807,77.9105167190332,108.119289836402,81.1005669470314,0.0007078830563421,0.0022480448867428,0.0259144942842339,0.0627904075778155,0.163693970438445
2001,12,11.0227272727273,56.0304103790946,62.0248852239951,110.629785975099,121.292191149084,0.0006459914893083,0.001433737996898,0.0165037176372297,0.0447752271535624,0.150428403431445
2001,12,23.7389076440801,142.183856505275,139.935401943028,218.749075811501,202.392758096115,0.0006777327661502,0.0018369135766679,0.0206861736140434,0.0521739347149332,0.15547721075589
2001,13,12.7161803713528,85.9494292128614,73.9285456315783,109.389725616887,88.0161191673209,0.0007078830563421,0.0022427213715566,0.0245900162634043,0.0635282146849356,0.177652371018468
2001,13,5.93531468531468,46.4290577843209,69.4119755695801,128.943064235486,123.280587725298,0.000347841571166,0.0011880531278491,0.018469290854882,0.0521871658715835,0.152894442831961
2001,13,18.6514950566675,132.378486997182,143.340521201158,238.332789852373,211.296706892619,0.0005324899328611,0.0017102352264222,0.021189540790413,0.056844854644784,0.162317184362733
2001,14,11.9681697612732,85.5068126206859,75.4959872329044,95.9874484857988,71.0415818993376,0.0006662428765573,0.0022311719558157,0.0251113766410401,0.0557448261258248,0.143390842322049
2001,14,10.1748251748252,46.1100938535149,66.4405711677384,111.901094688339,107.373415115582,0.0005962998362846,0.0011798912974405,0.0176786530478644,0.0452897643183585,0.133166127627837
2001,14,22.1429949360984,131.616906474201,141.936558400643,207.888543174138,178.41499701492,0.0006321703354634,0.0017003961516019,0.02098199775387,0.0495835844760162,0.137057602030043
2001,15,6.73209549071618,81.9402089490301,73.4242699748076,92.6339630789937,67.2694625064524,0.0003747616180635,0.0021381067853829,0.0244222847532644,0.0537972854435084,0.1357771692784
2001,15,11.8706293706294,54.6460710342289,59.9647129938345,111.226395452223,121.292191149084,0.000695683142332,0.0013983147346747,0.0159555424870808,0.0450166930899262,0.150428403431445
2001,15,18.6027248613456,136.586279983259,133.388982968642,203.860358531217,188.561653655536,0.0005310975705891,0.0017645968976689,0.0197184388051667,0.0486228204508436,0.144852218239737
2001,16,11.9681697612732,91.7041346784731,78.2334435765107,114.791267161613,94.3029848221296,0.0006662428765573,0.0023928817746325,0.0260219057936775,0.0666651664319837,0.190341826091215
2001,16,8.47902097902098,56.3423352962827,72.5346486266571,127.723815361574,127.920179736465,0.0004969165302372,0.001441719709024,0.0193001785577979,0.0516936989014997,0.158648534766497
2001,16,20.4471907402942,148.046469974756,150.768092203168,242.515082523187,222.223164558595,0.0005837560577003,0.0019126543431764,0.0222875333008483,0.0578423750409562,0.17071084022932
2001,17,12.7161803713528,79.1467512706486,68.7964451723977,99.4974293695312,79.8431938160697,0.0007078830563421,0.0020652156993894,0.0228829837135475,0.0577832517445407,0.161156079423896
2001,17,7.63111888111888,35.3557232241443,54.3352575679395,119.397312601499,123.280587725298,0.0004472248772134,0.0009047023473734,0.014457644627781,0.0483237108897628,0.152894442831961
2001,17,20.3472992524717,114.502474494793,123.131702740337,218.89474197103,203.123781541368,0.0005809042106241,0.0014792899498668,0.0182021400225542,0.0522086776123341,0.156038779694097
2001,18,8.97612732095491,94.4921602054722,68.1307060868882,103.355394695517,93.0456116911679,0.000499682157418,0.0024656311167876,0.0226615464486858,0.0600237697465205,0.187803935076666
2001,18,6.78321678321678,44.654030180346,68.2882432325157,118.982318654838,121.292191149084,0.0003975332241897,0.0011426327123257,0.0181702856874599,0.0481557502626556,0.150428403431445
2001,18,15.7593441041717,139.146190385818,136.418949319404,222.337713350355,214.337802840252,0.000449920612716,0.0017976691063506,0.0201663484056414,0.0530298621741608,0.164653340656203
2001,19,18.7002652519894,78.1827509566082,78.2135582059563,100.802858638415,81.1005669470314,0.0010410044946208,0.0020400615578636,0.0260152915477031,0.0585413813621255,0.163693970438445
2001,19,8.47902097902098,40.8919304379831,53.7409766875711,107.828651073533,104.059420821892,0.0004969165302372,0.0010463659651745,0.0142995170663774,0.0436415229671183,0.129056061960311
2001,19,27.1792862310104,119.074681394591,131.954534893527,208.631509711948,185.159987768923,0.0007759536839482,0.0015383595878412,0.0195063892343638,0.0497607897396055,0.142239073733238
2001,20,10.4721485411141,76.3907831008873,68.7964451723977,91.3285338101102,66.0120893754907,0.0005829625169876,0.0019933028458631,0.0228829837135475,0.0530391558259237,0.133239278263851
2001,20,8.47902097902098,55.733023555392,49.8151204982668,93.2506152866906,104.72221968063,0.0004969165302372,0.0014261282937736,0.0132549166322345,0.0377413500791805,0.129878075093816
2001,20,18.9511695201351,132.123806656279,118.611565670665,184.579149096801,170.734309056121,0.0005410454740897,0.0017069449388507,0.0175339435627292,0.0440240510227933,0.131157331922783
2001,21,6.73209549071618,84.5321751223916,67.6463158006719,95.3896525975549,76.6997609886654,0.0003747616180635,0.0022057402529299,0.0225004291845203,0.0553976554449225,0.154811351887522
2001,21,9.32692307692308,59.1897773279352,65.2087897912201,111.226692405816,106.047817398106,0.0005466081832609,0.0015145816746445,0.0173508979548007,0.0450168132760445,0.131522101360826
2001,21,16.0590185676393,143.721952450327,132.855105591892,206.616345003371,182.747578386771,0.0004584761539446,0.0018567846745065,0.0196395175318455,0.0492801519515138,0.140385871645048
2001,22,10.4721485411141,106.206850754164,73.7943895183466,87.400581507327,64.1260296790481,0.0005829625169876,0.0027713083864953,0.0245453934322905,0.0507579928030147,0.129432441742027
2001,22,20.3496503496504,48.8623941847626,56.6727593871557,97.9977581376123,94.1174379408191,0.0011925996725692,0.0012503187231382,0.0150796122438682,0.039662662658853,0.116725864957733
2001,22,30.8217988907645,155.069244938927,130.467148905502,185.398339644939,158.243467619867,0.0008799454184309,0.0020033835651474,0.0192865140322909,0.0442194365073679,0.12156192344685
2001,23,9.72413793103448,67.9280819421156,60.9467737401652,90.7307379218663,71.6702684648185,0.0005413223372028,0.0017724813590459,0.0202720362570277,0.0526919851450213,0.144659787829324
2001,23,5.08741258741259,38.1312108943688,37.3712457992644,88.0367156033719,107.373415115582,0.0002981499181423,0.000975723103884,0.0099438231315575,0.0356311268638068,0.133166127627837
2001,23,14.8115505184471,106.059292836484,98.3180195394296,178.767453525238,179.043683580401,0.0004228616267583,0.0013702100908756,0.014534017792078,0.0426379010506899,0.137540556235322
2001,24,8.97612732095491,89.4854653499401,70.820969744433,98.7897959888917,72.9276415957802,0.000499682157418,0.0023349889280471,0.0235563784317407,0.0573722928078584,0.147197678843873
2001,24,5.93531468531468,41.3561832903938,50.7695722857294,94.4958940802667,95.4430356582954,0.000347841571166,0.0010582455311132,0.0135088792593598,0.0382453521466204,0.118369891224744
2001,24,14.9114420062696,130.841648640334,121.590542030162,193.285690069158,168.370677254076,0.0004257134738345,0.0016903803757223,0.0179743154865529,0.0461006517974458,0.129341600553277
2001,25,14.9602122015915,83.7053973826227,71.7425576308042,103.233892706988,82.3579400779932,0.0008328035956966,0.0021841667285506,0.0238629157904892,0.0599532073205856,0.166231861452995
2001,25,8.47902097902098,59.5012421788738,53.4672450120399,89.4118470416753,90.1406447883901,0.0004969165302372,0.0015225516143339,0.0142266819411689,0.0361876842319092,0.111793786156702
2001,25,23.4392331806125,143.206639561497,125.209802642844,192.645739748663,172.498584866383,0.0006691772249216,0.0018501272011126,0.0185093384496405,0.0459480169754771,0.132512640702425
2001,26,12.7161803713528,84.7588020106063,72.8728016319755,92.2393206522087,70.4128953338568,0.0007078830563421,0.0022116537414803,0.0242388560735421,0.0535680963796251,0.142121896814774
2001,26,6.78321678321678,45.1241718807508,50.9604626432219,97.3751187408242,98.7570299519862,0.0003975332241897,0.001154662965455,0.0135596717847849,0.039410661625133,0.122479956892269
2001,26,19.4993971545696,129.882973891357,123.833264275197,189.614439393033,169.169925285843,0.0005566970717426,0.0016779949846851,0.0183058494735547,0.0452250202438598,0.129955579313438
2001,27,11.2201591511936,96.6561622018719,69.5366842594756,88.6593527916787,72.9276415957802,0.0006246026967725,0.0025220975013799,0.0231292010715998,0.0514890257399799,0.147197678843873
2001,27,6.78321678321678,49.1241718807508,58.6248825778625,106.687491958613,94.7802367995572,0.0003975332241897,0.001257017239657,0.0155990374683755,0.0431796612891031,0.117547878091238
2001,27,18.0033759344104,145.780334082623,128.161566837338,195.346844750292,167.707878395337,0.000513986488132,0.0018833774907323,0.0189456876918421,0.0465922586733692,0.128832441437021
2001,28,13.4641909814324,102.208113458314,72.9870723746528,89.1006532029954,62.2399699826055,0.000749523236127,0.0026669673376393,0.0242768646586814,0.0517453114844827,0.125625605220202
2001,28,11.0227272727273,54.8052079499448,53.2331350387658,96.1818997865759,98.7570299519862,0.0006459914893083,0.0014023868205514,0.0141643894454872,0.0389277297524054,0.122479956892269
2001,28,24.4869182541597,157.013321408259,126.220207413419,185.282552989571,160.996999934592,0.0006990880579555,0.0020284996405471,0.0186587031437375,0.0441918201831589,0.123677174644802
2001,29,8.97612732095491,82.1042109454299,75.2674457475498,90.0114400450938,66.6407759409716,0.000499682157418,0.0021423861713622,0.0250353594707614,0.0522742520381841,0.134508223771126
2001,29,10.1748251748252,44.1895472948105,60.1339935434363,103.756207458727,100.745426528201,0.0005962998362846,0.0011307472601687,0.0160005850273776,0.0419932816158781,0.124945996292785
2001,29,19.1509524957801,126.29375824024,135.401439290986,193.767647503821,167.386202469173,0.0005467491682421,0.0016316248895057,0.0200159333654899,0.0462156036693025,0.128585331430527
2001,30,11.9681697612732,81.8947618807282,71.4196307733266,98.0471691198535,71.6702684648185,0.0006662428765573,0.0021369209123377,0.0237555042810456,0.0569410113607114,0.144659787829324
2001,30,10.1748251748252,42.0437983069562,47.8593993940356,94.7813323357929,90.1406447883901,0.0005962998362846,0.0010758406151008,0.0127345340669974,0.0383608776591834,0.111793786156702
2001,30,22.1429949360984,123.938560187684,119.279030167362,192.828501455646,161.810913253209,0.0006321703354634,0.0016011974177461,0.01763261256477,0.0459916075476116,0.124302419212671
2001,31,10.4721485411141,77.3974779564194,76.1617263184139,100.669692153753,72.2989550302993,0.0005829625169876,0.0020195710373778,0.0253328139059018,0.0584640447660357,0.145928733336599
2001,31,6.78321678321678,39.4288277511962,57.8829309557831,107.880413959269,110.024610550535,0.0003975332241897,0.0010089272617772,0.0154016173518036,0.0436624729757124,0.136454180161857
2001,31,17.2553653243309,116.826305707616,134.044657274197,208.550106113022,182.323565580834,0.0004926311963266,0.0015093121845257,0.0198153649034281,0.0497413741327502,0.140060146905625
2001,32,7.48010610079576,99.3761306856736,65.8031400279297,98.7548025004929,78.585820685108,0.0004164017978483,0.0025930709971255,0.0218873544670233,0.0573519702973938,0.158618188409346
2001,32,14.4143356643357,45.8771623113728,51.576353331481,103.107538142275,110.024610550535,0.0008447581014032,0.0011739309127068,0.0137235493313168,0.041730745484802,0.136454180161857
2001,32,21.8944417651315,145.253292997046,117.379493359411,201.862340642768,188.610431235643,0.000625074279039,0.0018765684974376,0.0173518105114658,0.0481462723580826,0.144889688958422
2001,33,14.2122015915119,79.6574249060215,75.2873311181042,98.8014604850247,71.0415818993376,0.0007911634159118,0.0020785409615398,0.0250419737167358,0.0573790669780133,0.143390842322049
2001,33,6.78321678321678,42.5082811924917,60.450944834749,116.232946639008,110.024610550535,0.0003975332241897,0.0010877260672579,0.0160849201228427,0.0470429960848055,0.136454180161857
2001,33,20.9954183747287,122.165706098513,135.738275952853,215.034407124033,181.066192449873,0.0005994076553532,0.0015782934128478,0.0200657267813819,0.0512879475130738,0.139094238495066
2001,34,16.4562334217507,89.0120541046764,66.8191132864237,89.784957591369,72.9276415957802,0.0009160839552663,0.0023226359720472,0.0222252861649368,0.0521427220808552,0.147197678843873
2001,34,5.93531468531468,44.6608391608392,66.5666321015586,117.114994371658,104.72221968063,0.000347841571166,0.0011428069443899,0.0177121956179045,0.0473999875337322,0.129878075093816
2001,34,22.3915481070654,133.672893265516,133.385745387982,206.899951963027,177.64986127641,0.0006392663918877,0.0017269580281977,0.0197179602046504,0.0493477951675727,0.136469828180859
2001,35,5.23607427055703,85.8107897181674,62.9241056261391,106.012911217815,88.0161191673209,0.0002914812584938,0.002239103781998,0.0209297338056385,0.0615671256623094,0.177652371018468
2001,35,6.78321678321678,58.654030180346,67.0780716638882,115.506484517156,117.978196855393,0.0003975332241897,0.0015008726720327,0.0178482805795246,0.0467489748477792,0.146318337763919
2001,35,12.0192910537738,144.464819898513,130.002177290027,221.519395734971,205.994316022714,0.0003431441536894,0.001866381989805,0.0192177788628501,0.0528346848931472,0.158243911432686
2001,36,4.48806366047745,91.1708510682047,64.3772764847879,90.9222268871923,71.0415818993376,0.000249841078709,0.0023789665391178,0.0214130855981349,0.0528031925918855,0.143390842322049
2001,36,8.47902097902098,44.276039749724,50.7263526699479,102.796366920678,104.72221968063,0.0004969165302372,0.0011329604782803,0.0134973792891032,0.0416048050610012,0.129878075093816
2001,36,12.9670846394984,135.446890817929,115.103629154736,193.71859380787,175.763801579968,0.0003702031396471,0.001749876805822,0.0170153772615076,0.0462039038515065,0.13502096556502
2001,37,5.9840848806366,84.4908975013225,71.1240112313561,95.1864991360959,79.2145072505889,0.0003331214382786,0.0022046631753531,0.02365717569521,0.0552796738279034,0.159887133916621
2001,37,5.08741258741259,48.276959882223,53.6797451774232,94.5476569660023,101.408225386939,0.0002981499181423,0.0012353382973559,0.0142832244517223,0.0382663021552145,0.12576800942629
2001,37,11.0714974680492,132.767857383546,124.803756408779,189.734156102098,180.622732637528,0.0003160851677317,0.0017152656128995,0.0184493140185347,0.0452535739268406,0.138753574652376
2001,38,8.22811671087533,79.6348149311261,69.6708403727073,100.623034169222,79.8431938160697,0.0004580419776331,0.0020779509881756,0.0231738239027135,0.0584369480854161,0.161156079423896
2001,38,11.8706293706294,57.8844313581156,49.5161811013204,107.750561314542,117.978196855393,0.000695683142332,0.0014811797398137,0.0131753741811678,0.0436099176750498,0.146318337763919
2001,38,20.0987460815047,137.519246289242,119.187021474028,208.373595483764,197.821390671463,0.0005738081541998,0.0017766501540382,0.0176190112331706,0.0496992745078113,0.151965506764051
2001,39,13.4641909814324,71.0040965449947,67.6935084867334,89.0539952184637,69.7842087683759,0.000749523236127,0.0018527453439528,0.0225161263541028,0.0517182148038631,0.140852951307499
2001,39,10.1748251748252,43.4213286713287,60.1123837355455,109.592449585242,108.699012833059,0.0005962998362846,0.00111108964526,0.0159948350422492,0.0443553856788536,0.134810153894847
2001,39,23.6390161562576,114.425425216323,127.805892222279,198.646444803706,178.483221601435,0.000674880919074,0.001478294528381,0.0188931095255235,0.0473792476795334,0.137110011851996
2001,40,13.4641909814324,91.8201641982717,89.3049616385658,112.824862496622,78.585820685108,0.000749523236127,0.0023959093908269,0.0297044996670002,0.0655231745583362,0.158618188409346
2001,40,10.1748251748252,36.9643448656607,61.0236159072266,120.824206925538,112.013007126749,0.0005962998362846,0.0009458646725192,0.0162372976991179,0.0489012182664593,0.138920219562373
2001,40,23.6390161562576,128.784509063932,150.328577545792,233.64906942216,190.598827811857,0.000674880919074,0.0016638036059689,0.0222225613467742,0.0557277385013562,0.146417166307189
2001,41,11.2201591511936,77.846789404127,73.2156138600074,111.414452762542,94.3029848221296,0.0006246026967725,0.0020312951453269,0.0243528818289601,0.0647040774093575,0.190341826091215
2001,41,5.08741258741259,48.276959882223,59.7306030205605,106.19440825296,106.710616256844,0.0002981499181423,0.0012353382973559,0.0158932499913991,0.0429800953699274,0.132344114494331
2001,41,16.3075717386062,126.12374928635,132.946216880568,217.608861015502,201.013601078974,0.0004655722103689,0.0016294284956025,0.0196529862031722,0.0519019816010434,0.154417748509134
2001,42,13.4641909814324,83.398740660569,60.0524931693011,83.414306723879,71.6702684648185,0.000749523236127,0.0021761649815864,0.0199745818218873,0.0484429589293313,0.144659787829324
2001,42,7.63111888111888,53.8921604711078,65.6734118242439,125.441497131733,109.361811691797,0.0004472248772134,0.0013790232425493,0.0174745256054343,0.0507699755454692,0.135632167028352
2001,42,21.0953098625513,137.290901131677,125.725904993545,208.855803855612,181.032080156616,0.0006022595024294,0.001773700098171,0.0185856321014325,0.0498142862308024,0.13906803358409
2001,43,11.2201591511936,82.6494673463398,66.5433791150077,94.971681178504,83.6153132089549,0.0006246026967725,0.0021566138188812,0.0221335718250756,0.0551549180407294,0.168769752467544
2001,43,11.8706293706294,66.9507269046743,70.9210865351539,116.570147780269,110.687409409273,0.000695683142332,0.0017131732649059,0.018870838413884,0.0471794716059625,0.137276193295362
2001,43,23.090788521823,149.600194251014,137.464465650162,211.541828958773,194.302722618228,0.0006592293214211,0.0019327273478592,0.0203209035220313,0.0504549312157245,0.149262481716915
2001,44,11.9681697612732,100.118863360644,76.5119604913984,99.2709469158064,86.1300594708784,0.0006662428765573,0.0026124514916648,0.0254493083389536,0.0576517217872119,0.173845534496643
2001,44,11.0227272727273,59.2621917556128,68.4575237821174,115.558544356484,108.699012833059,0.0006459914893083,0.0015164346561912,0.0182153282277567,0.0467700450424915,0.134810153894847
2001,44,22.9908970340005,159.381055116257,144.969484273516,214.82949127229,194.829072303937,0.0006563774743449,0.0020590890639954,0.0214303448504133,0.0512390729464901,0.149666821189266
2001,45,9.72413793103448,88.1588782775631,83.8971270079691,110.347170443517,84.8726863399166,0.0005413223372028,0.0023003736291941,0.0279057527772823,0.0640842519192565,0.171307643482094
2001,45,8.47902097902098,44.5078211262422,53.5284765221878,110.111266256967,107.373415115582,0.0004969165302372,0.0011388914319221,0.014242974555824,0.0445653665092671,0.133166127627837
2001,45,18.2031589100555,132.666699403805,137.425603530157,220.458436700484,192.246101455499,0.0005196901822843,0.0017139587242629,0.0203151586672607,0.0525816351045015,0.147682594546195
2001,46,8.22811671087533,89.2535605266159,85.9216515800045,116.323178884222,89.2734922982827,0.0004580419776331,0.0023289377197005,0.0285791474954755,0.0675548260068972,0.180190262033017
2001,46,5.93531468531468,42.3561832903938,49.9627912399778,96.3374853973749,101.408225386939,0.000347841571166,0.0010838340996637,0.0132942091874029,0.0389906999643058,0.12576800942629
2001,46,14.16343139619,131.60974381701,135.884442819982,212.660664281597,190.681717685222,0.0004043581820291,0.0017003036152017,0.0200873341312595,0.0507217851024128,0.14648084193685
2001,47,6.73209549071618,97.9602935156263,90.7109398111532,120.036313229413,95.5603579530913,0.0003747616180635,0.0025561268509108,0.0301721542899142,0.0697112332426323,0.192879717105765
2001,47,10.1748251748252,49.8054379830696,59.1147123323013,114.287235643244,122.61778886656,0.0005962998362846,0.0012744498640173,0.0157293724448673,0.0462555078776954,0.152072429698455
2001,47,16.9069206655414,147.765731498696,149.825652143455,234.323548872657,218.178146819651,0.0004826832928261,0.0019090274031647,0.0221482155983559,0.0558886088807452,0.167603475709833
2001,48,16.4562334217507,117.821426902421,79.3164948916206,107.90447187881,85.5013729053975,0.0009160839552663,0.0030743733211647,0.0263821489071479,0.0626656517906416,0.172576588989369
2001,48,11.0227272727273,59.493973132131,65.612180314096,116.881319001867,115.989800279178,0.0006459914893083,0.001522365609833,0.0174582329907792,0.0473054120297633,0.143852298363404
2001,48,27.478960694478,177.315400034552,144.928675205717,224.785790880677,201.491173184576,0.0007845092251768,0.0022907879535795,0.0214243121849848,0.0536137541827112,0.1547846172628
2001,49,10.4721485411141,80.2068507541643,85.5987247225269,114.10696277324,83.6153132089549,0.0005829625169876,0.0020928774045273,0.0284717359860318,0.0662677558356111,0.168769752467544
2001,49,11.0227272727273,50.1893172616857,63.1270077531687,121.368756563335,121.292191149084,0.0006459914893083,0.0012842727852533,0.0167969728195235,0.0491216140081107,0.150428403431445
2001,49,21.4948758138414,130.39616801585,148.725732475696,235.475719336575,204.907504358039,0.0006136668907342,0.0016846250851614,0.0219856182220463,0.0561634135460538,0.157409027577008
2001,50,11.9681697612732,102.704134678473,76.9218507760462,111.98891965852,92.416925125687,0.0006662428765573,0.0026799102670036,0.0255856455099285,0.0650376997499501,0.186534989569391
2001,50,8.47902097902098,56.0376794258373,67.629132928475,125.596785788939,127.257380877727,0.0004969165302372,0.0014339240013988,0.0179949081706714,0.0508328255712513,0.157826521632992
2001,50,20.4471907402942,158.74181410431,144.550983704521,237.585705447459,219.674306003414,0.0005837560577003,0.0020508305280233,0.0213684793374152,0.0566666672269678,0.168752818497225
2001,51,6.73209549071618,93.1442258623494,76.5318458619529,111.402788266409,96.1890445185722,0.0003747616180635,0.0024304587929402,0.025455922584928,0.0646973032392026,0.19414866261304
2001,51,13.5664335664336,62.6456109679794,68.3710845505544,132.833892319829,128.582978595204,0.0007950664483795,0.0016030115106419,0.0181923282872434,0.0537619019135671,0.159470547900002
2001,51,20.2985290571498,155.789836830329,144.902930412507,244.236680586238,224.772023113776,0.0005795118483522,0.0020126930962088,0.0214205064199347,0.0582529941240941,0.172668861961415
2001,52,8.97612732095491,94.9001940321106,80.4666242633463,121.295084513765,104.361969869823,0.000499682157418,0.00247627814716,0.0267647034361751,0.0704422661795975,0.210644954207612
2001,52,7.63111888111888,61.4285977180714,66.9268030086529,132.418898373168,126.594582018989,0.0004472248772134,0.0015718698836698,0.0178080306836263,0.0535939412864599,0.157004508499486
2001,52,16.6072462020738,156.328791750182,147.393427271999,253.713982886933,230.956551888812,0.0004741277515975,0.0020196560077082,0.0217886680838548,0.0605134295095959,0.177419789281282
2002,1,10.5044359949303,94.7331049290421,77.4718036202661,115.155474145574,84.1351813101874,0.0005754167943341,0.0024186139930352,0.0251146475233545,0.0644650404619153,0.17103057686094
2002,1,13.9406987461524,63.8873560712099,72.4287349748153,132.364366821444,121.378843386378,0.0008040469554654,0.0016005141679645,0.018948917431136,0.0511400182540368,0.150127374246984
2002,1,24.4451347410827,158.620461000252,149.900538595081,247.519840967018,205.514024696565,0.0006867861619107,0.0020056930154717,0.0217025693994599,0.0565811608261202,0.158034662933851
2002,2,8.25348542458809,99.609373796947,95.7457782712988,136.086847166613,116.304515340553,0.0004521131955482,0.0025431091431367,0.0310386664665684,0.076182605942293,0.236424620954829
2002,2,13.0694050745179,54.9327000789395,71.5336970038863,142.249496635205,150.214701207451,0.0007537940207489,0.0013761809874068,0.0187147562157736,0.0549592162093383,0.185792993543228
2002,2,21.322890499106,154.542073875887,167.279475275185,278.336343801818,266.519216548004,0.0005990666969862,0.0019541234227587,0.0242186883068615,0.0636255799570566,0.204945986604786
2002,3,12.0050697084918,100.857789513043,89.001081156833,126.306108437261,113.829951184371,0.0006576191935247,0.0025749822219547,0.0288521846400722,0.0707072629539255,0.231394309870684
2002,3,11.3268177312488,61.5012370861135,75.1497226096493,151.136920020861,150.885302552128,0.0006532881513157,0.0015407368117402,0.019660786415753,0.0583929424083758,0.186622426550118
2002,3,23.3318874397406,162.359026599156,164.150803766482,277.443028458122,264.715253736499,0.0006555094743635,0.0020529656993507,0.0237657198840518,0.0634213748358322,0.203558788552087
2002,4,14.256020278834,89.5893780478303,94.1051080750174,158.278952281628,131.770541316691,0.0007809227923106,0.0022872904201346,0.0305067974283355,0.0886059402630393,0.267864065230737
2002,4,10.4555240596143,52.8514323261916,86.3918086760397,169.909473220277,180.391761717877,0.0006030352165991,0.001324040803019,0.0226019583235576,0.0656458665627148,0.223117478853252
2002,4,24.7115443384483,142.440810374022,180.496916751057,328.188425501905,312.162303034568,0.0006942709406533,0.0018011077302622,0.0261323067875013,0.075021388233151,0.240044271497093
2002,5,12.0050697084918,109.461281692018,114.779205641341,165.221183719551,130.5332592386,0.0006576191935247,0.0027946364451391,0.0372088832063646,0.0924922620715529,0.265348909688664
2002,5,11.3268177312488,64.1541889906521,87.8290458206827,161.72201666709,164.967930790326,0.0006532881513157,0.0016071989001918,0.0229779705235812,0.0624825780762527,0.204040519694795
2002,5,23.3318874397406,173.61547068267,202.608251462024,326.943200386641,295.501190028926,0.0006555094743635,0.002195298984319,0.0293335813164454,0.0747367392036582,0.227232331378471
2002,6,18.7579214195184,112.510176070478,107.883823014494,153.408025452137,127.440054043372,0.0010275299898823,0.0028724772233185,0.0349735524651218,0.0858791528699085,0.259061020833483
2002,6,10.4555240596143,73.0254826622866,82.7757830702767,167.280624285775,192.462585922047,0.0006030352165991,0.0018294436772929,0.0216559281235783,0.0646301900198057,0.238047272977261
2002,6,29.2134454791327,185.535658732765,190.659606084771,320.688649737912,319.902639965419,0.0008207518718677,0.0023460250493199,0.0276036588761409,0.0733069962999448,0.245996378851652
2002,7,8.25348542458809,82.199770304768,90.0546747120733,134.89940045229,112.59266910628,0.0004521131955482,0.0020986276638173,0.029193736398728,0.0755178628976993,0.228879154328611
2002,7,14.8119924177869,58.4506619514487,80.8780859622779,164.303355771683,151.555903896804,0.000854299890182,0.0014643134155673,0.0211594496772644,0.0634798988212444,0.187451859557007
2002,7,23.065477842375,140.650432256217,170.932760674351,299.202756223973,264.148573003084,0.0006480246956208,0.0017784691068255,0.024747610221716,0.0683954837858144,0.203123026570253
2002,8,13.5057034220532,95.5423140388416,94.1039030435959,138.153667013957,102.694412481552,0.0007398215927153,0.0024392737663818,0.0305064067837656,0.0773396297492386,0.20875790999203
2002,8,2.61388101490357,52.9536245866805,76.6892841905935,141.916927825837,140.826282381986,0.0001507588041497,0.0013266009365231,0.0200635688927299,0.054830725623917,0.174180931446777
2002,8,16.1195844369568,148.495938625522,170.793187234189,280.070594839794,243.520694863538,0.000452879791595,0.0018776724329824,0.0247274028075211,0.0640220166083942,0.187260752578798
2002,9,15.0063371356147,94.028584654127,73.8758368573059,122.488034066628,99.6012072863248,0.0008220239919058,0.0024006270116462,0.0239489145271265,0.0685698715653206,0.202470021136848
2002,9,12.1981114028833,47.629943414479,68.5416097821953,134.815857052485,138.814478347957,0.0007035410860323,0.0011932313988585,0.0179319617388261,0.0520871708614612,0.171692632426108
2002,9,27.204448538498,141.658528068606,142.417446639501,257.303891119113,238.415685634282,0.0007643090944904,0.0017912160798017,0.0206191688726132,0.0588177205823955,0.183335140134533
2002,10,15.0063371356147,116.649537727972,90.5031161549495,124.858442734185,98.9825662472793,0.0008220239919058,0.0029781585269615,0.0293391112092578,0.0698968470460707,0.201212443365812
2002,10,9.58423038797976,62.0265246534459,70.147622077394,125.874583528831,119.36703935235,0.0005527822818825,0.0015538963826705,0.0183521291542268,0.0486326392364141,0.147639075226315
2002,10,24.5905675235945,178.676062381418,160.650738232343,250.733026263016,218.349605599629,0.0006908720965384,0.0022592881655402,0.0232589811100005,0.0573156706467741,0.167904873517147
2002,11,11.254752851711,100.401122011876,85.1073584633767,104.143918870441,76.0928478025959,0.0006165179939294,0.0025633231254929,0.0275899257480608,0.0583006756184105,0.154682065837468
2002,11,13.0694050745179,54.6710982864326,59.0743111615592,134.6764977168,143.50868776069,0.0007537940207489,0.0013696273060366,0.0154551124617992,0.0520333282817554,0.177498663474334
2002,11,24.3241579262289,155.072220298309,144.181669624936,238.820416587241,219.601535563286,0.0006833873177958,0.0019608269146659,0.0208745927165591,0.0545925383059868,0.168867573411305
2002,12,12.7553865652725,81.2926308956224,75.2187511230914,99.4031015353268,77.3301298806869,0.00069872039312,0.0020754676494777,0.0243842576695761,0.0556467246569103,0.157197221379541
2002,12,8.71293671634523,52.3756673167953,61.5600729315831,128.231054100052,134.120268935225,0.0005025293471659,0.0013121218775071,0.0161054412926153,0.0495430802480038,0.165886601377882
2002,12,21.4683232816177,133.668298212418,136.778824054674,227.634155635379,211.450398815912,0.0006031526316139,0.0016901827823726,0.0198028102450093,0.0520354437818165,0.162599572235712
2002,13,12.0050697084918,93.6377094839418,72.0736358658503,100.716172982938,78.5674119587779,0.0006576191935247,0.0023906476474435,0.0233646807730177,0.0563817935246972,0.159712376921613
2002,13,9.58423038797976,56.8092248775093,65.5342340644007,115.387676696465,116.684633973645,0.0005527822818825,0.0014231919252721,0.0171451674619316,0.044580939978418,0.144321343198758
2002,13,21.5893000964716,150.446934361451,137.607869930251,216.103849679403,195.252045932423,0.0006065514757288,0.0019023420026967,0.0199228393377575,0.0493997031756468,0.150143481991723
2002,14,9.00380228136882,110.044215179526,73.4201652259005,103.684789768744,87.8470275444603,0.0004932143951435,0.0028095192159609,0.0238011958491771,0.0580436511361816,0.178576043487158
2002,14,4.35646835817262,49.8196871313798,59.7547084936214,114.925259013545,138.143877003281,0.0002512646735829,0.0012480891368936,0.0156331190619434,0.0444022812554294,0.170863199419219
2002,14,13.3602706395414,159.863902310906,133.174873719522,218.610048782289,225.990904547741,0.0003753568590153,0.0020214158392247,0.0192810310506587,0.0499726013075649,0.173780823372271
2002,15,9.75411913814956,117.906120949155,97.5455691999113,125.235316934051,91.5588737787333,0.0005343155947388,0.003010240128894,0.0316221189315373,0.07010782451565,0.186121510113376
2002,15,13.9406987461524,38.5392553990198,59.0590226654555,123.670152909472,134.790870279901,0.0008040469554654,0.0009654903267585,0.0154511126618522,0.0477809400607149,0.166716034384772
2002,15,23.694817884302,156.445376348175,156.604591865367,248.905469843523,226.349744058634,0.0006657060067083,0.0019781899300109,0.0226731808643664,0.0568979050919558,0.174056761139706
2002,16,9.00380228136882,82.8372308215777,69.976089006742,98.8527480096246,77.3301298806869,0.0004932143951435,0.0021149025544917,0.0226847024122655,0.055338631945157,0.157197221379541
2002,16,13.0694050745179,55.627848846591,53.1771726583749,115.675905829968,133.449667590548,0.0007537940207489,0.0013935959427264,0.0139122939849106,0.0446922995799683,0.165057168370993
2002,16,22.0732073558867,138.465079668169,123.153261665117,214.528653839593,210.779797471235,0.0006201468521886,0.001750836187374,0.017830104101739,0.0490396253378592,0.162083898146678
2002,17,8.25348542458809,84.5875476783584,65.4796242637647,86.8661104163752,66.8132322169135,0.0004521131955482,0.0021595895817481,0.021227047861268,0.0486284075013385,0.135818399271923
2002,17,8.71293671634523,52.2016169807003,53.9034354787482,104.238802399407,103.943208424799,0.0005025293471659,0.0013077615463557,0.0141022999848959,0.0402734843636255,0.128562116067859
2002,17,16.9664221409333,136.789164659059,119.383059742513,191.104912815782,170.756440641713,0.0004766717003995,0.0017296449046914,0.017284255036471,0.0436851355610408,0.13130703162687
2002,18,5.25221799746515,78.1923072844556,75.5201221478519,100.798427884768,74.2369246854595,0.000287708397167,0.0019963138407376,0.0244819554990692,0.0564278405373468,0.150909332524359
2002,18,6.97034937307619,53.3788038758426,47.581710734255,100.10231952397,107.966816492856,0.0004020234777327,0.0013372525821394,0.0124484006002466,0.0386753215435464,0.133538714109195
2002,18,12.2225673705413,131.571111160298,123.101832882107,200.900747408738,182.203741178316,0.0003433930809553,0.0016636646812648,0.0178226582530258,0.0459243891512367,0.140109692586264
2002,19,11.254752851711,81.7932646091839,72.520872277305,96.8636983030222,78.5674119587779,0.0006165179939294,0.0020882492394605,0.0235096649389776,0.0542251445424236,0.159712376921613
2002,19,8.71293671634523,57.1583675408587,55.0031223222798,103.488155582984,108.637417837532,0.0005025293471659,0.00143193869167,0.0143900017541652,0.0399834660390866,0.134368147116085
2002,19,19.9676895680562,138.951632150043,127.523994599585,200.351853886006,187.20482979631,0.0005609923212091,0.0017569884511387,0.0184628979244018,0.0457989162494896,0.143955392923329
2002,20,9.00380228136882,94.8372308215777,66.3789172123602,100.933022140233,87.8470275444603,0.0004932143951435,0.0024212724126121,0.0215185787714675,0.0565031875774148,0.178576043487158
2002,20,2.61388101490357,56.6055239144904,62.9308593619717,114.494500390313,117.355235318321,0.0001507588041497,0.0014180887828448,0.0164640685542151,0.0442358542601272,0.145150776205647
2002,20,11.6176832962724,151.442754736068,129.309776574332,215.427522530546,205.202262862781,0.0003263988603806,0.0019149337576156,0.0187214430744225,0.0492450999122032,0.157794926612252
2002,21,11.254752851711,78.5950106986709,77.7659444564975,98.0032904247976,72.381001568323,0.0006165179939294,0.0020065951897274,0.0252100014854281,0.0548630981680365,0.14713659921125
2002,21,7.84164304471071,47.8123614365566,59.3301222523124,103.766874254354,99.2489990120662,0.0004522764124493,0.0011978013583431,0.0155220381541828,0.0400911511984983,0.122756085019633
2002,21,19.0963958964217,126.407372135228,137.09606670881,201.770164679152,171.630000580389,0.0005365133218918,0.0015983712428837,0.0198487405717604,0.0461231313539227,0.131978775322538
2002,22,10.5044359949303,82.3365971080162,75.8214931726124,108.295497609481,81.0419761149599,0.0005754167943341,0.0021021209645088,0.0245796533285622,0.0606247656660513,0.164742688005758
2002,22,7.84164304471071,44.333459868113,53.141298936328,115.010768211231,114.672829939617,0.0004522764124493,0.0011106474738868,0.013902908646381,0.0444353184091255,0.141833044178089
2002,22,18.346079039641,126.670056976129,128.96279210894,223.306265820712,195.714806054577,0.0005154331666894,0.001601692788839,0.0186712067343048,0.0510461209514337,0.150499331866357
2002,23,14.256020278834,94.184139779369,81.0677703832264,117.356888248383,84.1351813101874,0.0007809227923106,0.0024045984617837,0.0262803805195826,0.0656974113089288,0.17103057686094
2002,23,11.3268177312488,37.3261341732898,46.1085998675651,110.589226356336,110.64922187156,0.0006532881513157,0.0009350990595557,0.0120630030616935,0.0427270208015424,0.136856446136753
2002,23,25.5828380100828,131.510273952659,127.176370250792,227.946114604719,194.784403181747,0.0007187499399707,0.0016628954188275,0.0184125689420957,0.0521067552392998,0.149783877509325
2002,24,10.5044359949303,93.3453275554517,80.0141768279861,103.424570779991,76.7114888416414,0.0005754167943341,0.0023831828966144,0.0259388287609268,0.0578979782729205,0.155939643608504
2002,24,13.9406987461524,45.5392553990198,51.6734847994775,105.467717668972,121.378843386378,0.0008040469554654,0.0011408552168514,0.0135188968464634,0.0407482854813839,0.150127374246984
2002,24,24.4451347410827,138.884582954472,131.687661627464,208.892288448963,198.090332228019,0.0006867861619107,0.00175614064057,0.0190657127873482,0.0477511949017533,0.152326046508654
2002,25,18.0076045627376,91.0316824507218,66.9792491990382,93.2191032582249,71.7623605292775,0.000986428790287,0.002324113636408,0.0217131931413138,0.0521848683959928,0.145879021440214
2002,25,9.58423038797976,51.4611242053192,57.6064970247088,105.369527855108,109.978620526884,0.0005527822818825,0.0012892106271887,0.0150711006618817,0.040710349071503,0.136027013129864
2002,25,27.5918349507174,142.492806656041,124.585746223747,198.588631113333,181.740981056162,0.0007751927173479,0.0018017652026905,0.0180374989239237,0.0453958568790442,0.13975384271163
2002,26,6.00253485424588,78.6402443381877,72.9729288144458,103.342315878161,81.0419761149599,0.0003288095967623,0.0020077500417042,0.0236562116832172,0.057851931260271,0.164742688005758
2002,26,8.71293671634523,50.6362165325735,48.359135772779,98.0309079322077,101.260803046095,0.0005025293471659,0.001268544935279,0.0126517917387086,0.0378750153194606,0.125244384040301
2002,26,14.7154715705911,129.276460870761,121.332064587225,201.373223810369,182.302779161055,0.0004134312347924,0.001634649735591,0.0175664315603093,0.0460323936779153,0.1401858500857
2002,27,15.0063371356147,93.6408072805366,70.1231594248576,86.272387059214,64.957309099777,0.0008220239919058,0.0023907267367354,0.0227323793933023,0.0482960359790417,0.132045665958814
2002,27,10.4555240596143,43.5455285171144,52.092774310947,105.363187547019,92.5429855653049,0.0006030352165991,0.0010909081174913,0.0136285920155884,0.0407078994434107,0.114461754950739
2002,27,25.461861195229,137.186335797651,122.215933735805,191.635574606233,157.500294665082,0.0007153510958557,0.0017346669767091,0.0176943979553395,0.0438064408268832,0.121113418007012
2002,28,7.50316856780735,84.1352454009085,61.4340110265067,78.3939583735463,57.5336166312311,0.0004110119959529,0.002148041933034,0.0199155494099402,0.0438856227723205,0.116954732706378
2002,28,3.48517468653809,42.472628450349,45.8069232885007,95.3038691838416,101.931404390771,0.0002010117388663,0.0010640296885929,0.0119840779694688,0.0368214023666707,0.126073817047191
2002,28,10.9883432543454,126.607873851257,107.240934315007,173.697827557388,159.465021022002,0.0003087175492932,0.0016009065078104,0.0155263205939591,0.0397060077195259,0.122624238828275
2002,29,11.254752851711,98.7845341617484,74.6232392620995,102.956472156118,72.381001568323,0.0006165179939294,0.002522050309636,0.0241912058780095,0.0576359325738168,0.14713659921125
2002,29,11.3268177312488,56.5877359657967,55.0695730365342,110.354847360832,112.661025905589,0.0006532881513157,0.0014176431568923,0.0144073866925889,0.0426364666260019,0.139344745157421
2002,29,22.5815705829598,155.372270127545,129.692812298634,213.31131951695,185.042027473912,0.0006344293191611,0.0019646209261257,0.0187768989084511,0.0487613519323031,0.142292257103195
2002,30,9.00380228136882,96.4407230005519,70.1243644562792,91.9060318106136,70.5250784511865,0.0004932143951435,0.0024622108852263,0.0227327700378722,0.0514497995282059,0.143363865898141
2002,30,6.97034937307619,43.5528542119376,55.2383481870899,108.283435769069,105.955012458827,0.0004020234777327,0.0010910916417295,0.014451541907966,0.0418361604019161,0.131050415088527
2002,30,15.974151654445,139.993577212489,125.362712643369,200.189467579683,176.480090910014,0.0004487938569673,0.0017701634344988,0.0181499879636626,0.0457617959698459,0.135708362106567
2002,31,9.00380228136882,118.638976911065,68.9261105457663,93.0501086934772,72.381001568323,0.0004932143951435,0.0030289505436501,0.0223443225873195,0.0520902637622561,0.14713659921125
2002,31,6.97034937307619,52.5961036517792,61.9129117287982,131.471190515292,122.049444731054,0.0004020234777327,0.001317644276601,0.0161977515233166,0.0507949325357459,0.150956807253873
2002,31,15.974151654445,171.235080562844,130.839022274565,224.521299208769,194.430446299377,0.0004487938569673,0.0021651998923902,0.0189428469549501,0.0513238683807719,0.149511694349655
2002,32,6.75285171102662,106.889927481407,70.7246964429572,104.02277889824,86.6097454663694,0.0003699107963576,0.0027289876597489,0.0229273844077185,0.0582328604036549,0.176060887945085
2002,32,11.3268177312488,50.9790860778284,53.3459478089306,112.945696927557,125.402451454435,0.0006532881513157,0.0012771345467247,0.0139564492002878,0.0436374618131322,0.15510397228832
2002,32,18.0796694422754,157.869013559235,124.070644251888,216.968475825797,212.012196920804,0.0005079483879467,0.0019961912596803,0.017962922565514,0.0495973501636719,0.163031579609781
2002,33,10.5044359949303,88.9400892869904,61.1314349703247,86.2379867499312,79.1860529978234,0.0005754167943341,0.0022707135446731,0.0198174609358772,0.048276778385373,0.160969954692649
2002,33,10.4555240596143,48.6763294133678,58.9055360110035,118.301584610426,112.661025905589,0.0006030352165991,0.001219445593957,0.0154109572464221,0.0457067513088311,0.139344745157421
2002,33,20.9599600545446,137.616418700358,120.036970981328,204.539571360357,191.847078903412,0.0005888701646414,0.0017401052049716,0.0173789281722348,0.0467561967446002,0.147525155492959
2002,34,14.256020278834,90.9815206451384,63.9824093913344,87.5854585068253,66.194591177868,0.0007809227923106,0.002322832964303,0.0207416838703621,0.0490311048468285,0.134560821500887
2002,34,7.84164304471071,42.8988603162397,49.3564981800093,102.924377932156,109.978620526884,0.0004522764124493,0.0010747077034952,0.0129127232310245,0.039765646092171,0.136027013129864
2002,34,22.0976633235447,133.880380961378,113.338907571344,190.509836438981,176.173211704752,0.0006208339427013,0.001692864484882,0.0164091839180808,0.0435491056086618,0.135472380392732
2002,35,15.7566539923954,96.282633021064,63.3820774046564,87.2908392087887,69.2877963730955,0.0008631251915011,0.0024581747181774,0.0205470695005158,0.0488661743898988,0.140848710356068
2002,35,10.4555240596143,48.4590296374312,57.4018481521062,115.010768211231,114.672829939617,0.0006030352165991,0.0012140017723393,0.0150175601079748,0.0444353184091255,0.141833044178089
2002,35,26.2121780520097,144.741662658495,120.783925556763,202.30160742002,183.960626312713,0.0007364312510581,0.0018302010977099,0.0174870721032943,0.0462446151391152,0.141460689193128
2002,36,9.00380228136882,76.8372308215777,65.4796242637647,88.7729052211478,69.906437412141,0.0004932143951435,0.0019617176254314,0.021227047861268,0.0496958478914223,0.142106288127105
2002,36,6.09905570144166,52.1635986677939,55.2230596909862,97.9358882723882,98.57839766739,0.0003517705430161,0.0013068091067465,0.014447542108019,0.0378383037236259,0.121926652012744
2002,36,15.1028579828105,129.000829489372,120.702683954751,186.708793493536,168.484835079531,0.0004243148576499,0.0016311644857499,0.0174753099607276,0.0426802159820242,0.129560229091772
2002,37,9.75411913814956,76.2895330990276,69.5252375010227,94.5755445372952,74.8555657245049,0.0005343155947388,0.0019477344526355,0.0225385463125958,0.0529442160743231,0.152166910295395
2002,37,16.5545797610559,57.5772737119262,54.2409857798596,115.577716016104,122.049444731054,0.0009548057596152,0.0014424331823341,0.0141906104156502,0.0446543631700874,0.150956807253873
2002,37,26.3086988992055,133.866806810954,123.766223280882,210.153260553399,196.905010455559,0.0007391430046603,0.0016926928451167,0.0179188485594309,0.0480394435736966,0.151414566491387
2002,38,12.0050697084918,80.4350903497112,66.2294367314014,103.771529431662,91.5588737787333,0.0006576191935247,0.0020535739348624,0.0214701205012909,0.0580922087572686,0.186121510113376
2002,38,11.3268177312488,49.1531364139234,57.8928851076695,114.589520050132,120.037640697026,0.0006532881513157,0.0012313906235639,0.0151460259541592,0.0442725658559618,0.148468508233205
2002,38,23.3318874397406,129.588226763635,124.122321839071,218.361049481794,211.596514475759,0.0006555094743635,0.0016385918920433,0.0179704044360446,0.0499156819534968,0.162711931180983
2002,39,6.00253485424588,75.6271486670346,57.2413273711331,93.1802181878541,77.9487709197324,0.0003288095967623,0.0019308232339313,0.0185563739775756,0.0521631001938867,0.158454799150577
2002,39,7.84164304471071,51.1161600921764,50.0827610003826,114.215781718943,126.743654143787,0.0004522764124493,0.0012805685423619,0.0131027292310097,0.0441281691007155,0.156762838302099
2002,39,13.8441778989566,126.743308759211,107.324088371516,207.395999906797,204.692425063519,0.000388952235475,0.0016026190286745,0.0155383596212977,0.0474091546745303,0.157402875291783
2002,40,7.50316856780735,86.7387375798827,71.9241553848916,108.130987805821,89.7029506615968,0.0004110119959529,0.0022145112271582,0.0233162225028411,0.0605326716407521,0.182348776800267
2002,40,7.84164304471071,54.8123614365566,61.6623973678844,115.010768211231,114.672829939617,0.0004522764124493,0.001373166248436,0.0161322115695687,0.0444353184091255,0.141833044178089
2002,40,15.3448116125181,141.551099016439,133.586552752776,223.141756017052,204.375780601214,0.0004311125458798,0.0017898576819113,0.0193406338571145,0.0510085152563832,0.157159384362421
2002,41,9.75411913814956,80.6860409200534,66.2294367314014,91.9494016420726,72.381001568323,0.0005343155947388,0.0020599809090816,0.0214701205012909,0.0514740783387494,0.14713659921125
2002,41,6.09905570144166,55.0327977715405,55.0184108183836,107.906527283835,103.943208424799,0.0003517705430161,0.0013786886475298,0.0143940015541122,0.0416905388326236,0.128562116067859
2002,41,15.8531748395912,135.718838691594,121.247847549785,199.855928925908,176.324209993122,0.0004453950128523,0.0017161110560083,0.0175542386348082,0.0456855515599544,0.135588493945768
2002,42,10.5044359949303,91.7462006001952,71.620374297288,90.892064422127,74.2369246854595,0.0005754167943341,0.0023423558717479,0.0232177433842082,0.0508821717257862,0.150909332524359
2002,42,10.4555240596143,53.8071303096213,56.7779097680341,104.992619369875,107.966816492856,0.0006030352165991,0.0013479830704227,0.014854324384943,0.0405647275022105,0.133538714109195
2002,42,20.9599600545446,145.553330909817,128.398284065322,195.884683792002,182.203741178316,0.0005888701646414,0.001840464321838,0.0185894773749042,0.0447777550022175,0.140109692586264
2002,43,8.25348542458809,79.5831824546407,68.3293936533529,92.4952704066868,64.3386680607315,0.0004521131955482,0.0020318240264504,0.0221508801511829,0.0517796604420653,0.130788088187778
2002,43,11.3268177312488,53.9790860778284,51.7910977318826,106.218364485395,116.684633973645,0.0006532881513157,0.0013522909281931,0.0135496669233638,0.0410383038059227,0.144321343198758
2002,43,19.5803031558369,133.562268532469,120.120491385235,198.713634892082,181.023302034377,0.0005501086983515,0.0016888420789907,0.0173910202392751,0.0454244317960353,0.139201967176761
2002,44,9.75411913814956,69.2938983227453,83.7620341347482,102.995357226489,66.194591177868,0.0005343155947388,0.0017691301498128,0.0271538013164713,0.0576577007759229,0.134560821500887
2002,44,6.97034937307619,38.5528542119376,50.9625104752079,101.559273480951,105.955012458827,0.0004020234777327,0.0009658310059489,0.0133328906464251,0.0392382272087529,0.131050415088527
2002,44,16.7244685112258,107.846752534683,134.724544609956,204.55463070744,172.149603636695,0.0004698740121697,0.0013636795463593,0.0195053920860571,0.0467596391972776,0.132378335858535
2002,45,15.7566539923954,94.8773947526027,67.431305736179,107.324900052454,86.6097454663694,0.0008631251915011,0.0024222978307663,0.0218597398855534,0.0600814166741751,0.176060887945085
2002,45,10.4555240596143,50.1109289652411,59.1919240939642,122.580596975592,112.661025905589,0.0006030352165991,0.0012553853643487,0.0154858825386997,0.0473599815226623,0.139344745157421
2002,45,26.2121780520097,144.988323717844,126.623229830143,229.905497028046,199.270771371958,0.0007364312510581,0.0018333200292828,0.0183324853848298,0.0525546552200893,0.153233771918157
2002,46,6.75285171102662,90.2908005261505,73.1224092954045,100.503808586731,77.3301298806869,0.0003699107963576,0.0023051983122318,0.0237046699533938,0.0562629100804171,0.157197221379541
2002,46,6.97034937307619,54.6404056683495,64.705646807726,115.669565521879,116.014032628969,0.0004020234777327,0.0013688583906656,0.0169283911849929,0.0446898499518759,0.143491910191868
2002,46,13.7232010841028,144.9312061945,137.828056103131,216.17337410861,193.344162509656,0.0003855533913601,0.0018325978007827,0.019954717846951,0.0494155959335564,0.148676371831824
2002,47,11.254752851711,78.5906454749532,78.8171279488947,113.634523062844,89.7029506615968,0.0006165179939294,0.0020064837419798,0.025550771954944,0.0636135987582858,0.182348776800267
2002,47,12.1981114028833,63.4991425182255,57.0642978509948,115.20080753087,120.037640697026,0.0007035410860323,0.0015907885926714,0.0149292496772205,0.0445087416007949,0.148468508233205
2002,47,23.4528642545943,142.089787993179,135.881425799889,228.835330593714,209.740591358623,0.0006589083184784,0.0017966691910404,0.0196728851087425,0.0523100232790898,0.161284777074683
2002,48,12.0050697084918,99.8490590656079,82.1105186556729,107.662889181949,85.3724633882784,0.0006576191935247,0.0025492285049495,0.0266184164771091,0.0602706259416483,0.173545732403013
2002,48,8.71293671634523,46.3324178769537,64.2146098521627,116.090813682978,110.64922187156,0.0005025293471659,0.0011607256241041,0.0167999253388085,0.0448526025050396,0.136856446136753
2002,48,20.718006424837,146.181476942562,146.325128507836,223.753702864927,196.021685259838,0.0005820724764115,0.0018484069800716,0.0211849222563793,0.0511484016706657,0.150735313580191
2002,49,15.0063371356147,85.438188146306,75.5201221478519,106.90017126004,84.1351813101874,0.0008220239919058,0.0021813071317045,0.0244819554990692,0.0598436497856148,0.17103057686094
2002,49,12.1981114028833,51.2818427422889,64.5009979351234,126.299001843974,122.72004607573,0.0007035410860323,0.0012847192451801,0.0168748506310861,0.0487966166036239,0.151786240260762
2002,49,27.204448538498,136.720030888595,140.021120082975,233.199173104014,206.855227385917,0.0007643090944904,0.0017287707354973,0.020272229202588,0.0533075646233735,0.159066011111917
2002,50,11.254752851711,79.1897724302097,65.6278997133019,94.029675772681,82.8978992320964,0.0006165179939294,0.0020217799453363,0.0212751154868747,0.0526386339710072,0.168515421318867
2002,50,11.3268177312488,42.2396352936066,52.9725237857723,114.776389215727,116.684633973645,0.0006532881513157,0.0010581927144037,0.0138587534310038,0.044344764233585,0.144321343198758
2002,50,22.5815705829598,121.429407723816,118.600423499074,208.806064988408,199.582533205741,0.0006344293191611,0.0015354268510425,0.0171709451207966,0.047731484871763,0.153473508239755
2002,51,16.5069708491762,86.7305700747962,74.7739247744798,113.378788835179,86.6097454663694,0.0009042263910964,0.0022143027040436,0.024240054792756,0.0634704365034621,0.176060887945085
2002,51,13.0694050745179,40.8883980623692,55.9134487893126,127.667276449224,135.461471624577,0.0007537940207489,0.0010243413474686,0.0146281627694746,0.0493252603010882,0.167545467391661
2002,51,29.5763759236941,127.618968137165,130.687373563792,241.046065284403,222.071217090946,0.0008309484042125,0.0016136913952987,0.0189208912855394,0.0551013047401627,0.170766690945274
2002,52,21.0088719898606,90.2417646052649,86.0090614748153,122.613658799916,97.1266431301428,0.0011508335886682,0.002303946384888,0.0278822379474002,0.0686401973885137,0.197439710052703
2002,52,5.22776202980714,42.3386909950483,57.6370740169163,128.041014780413,128.755458177816,0.0003015176082995,0.0010606742704317,0.0150791002617757,0.0494696570563345,0.159251137322767
2002,52,26.2366340196677,132.580455600313,143.646135491732,250.654673580329,225.882101307959,0.0007371183415709,0.0016764274426436,0.0207970581939978,0.0572977598169879,0.173697156657308
2003,1,10.3163538873995,96.6470830413026,74.7951705693852,123.704695341605,93.536697160308,0.0005560345080695,0.0024221722173772,0.023660143969057,0.0671007652124964,0.189521920340689
2003,1,9.70458835622839,57.7666673491107,64.7707862521894,140.998940031772,148.7590180107,0.0005505820438194,0.001422127955795,0.0166439196256051,0.0525015531049442,0.183252689346922
2003,1,20.0209422436279,154.413750390413,139.565956821575,264.703635373377,242.295715171008,0.0005533781574287,0.0019176859243542,0.0197887610221245,0.0584440433565517,0.185623097519912
2003,2,7.14209115281501,87.1248192676603,87.129799602478,135.485619542451,94.1176704345956,0.0003849469671251,0.0021835249449169,0.0275619881189698,0.073491056434703,0.190699075125414
2003,2,7.05788244089337,53.8868261887638,72.6512192019254,141.651446325464,133.752625842954,0.0004004233045959,0.0013266121361818,0.0186689265804333,0.0527445165897893,0.164766672439118
2003,2,14.1999735937084,141.011645456424,159.781018804403,277.137065867915,227.87029627755,0.0003924867834491,0.0017512433120632,0.0226550117879688,0.0611892264737706,0.174571763260302
2003,3,15.8713136729223,94.6277722502953,86.3295292259791,122.644859193412,75.5265256573915,0.0008554377047224,0.0023715641871882,0.0273088365828747,0.0665258814835706,0.153030122014221
2003,3,11.4690589664517,43.8451115037744,54.015769389426,132.002723297112,137.667336843235,0.0006506878699684,0.0010794003125996,0.0138802410199619,0.0491517736631139,0.169589111632458
2003,3,27.340372639374,138.47288375407,140.345298615405,254.647582490524,213.193862500626,0.0007556869627055,0.0017197140760361,0.0198992622422206,0.0562237625891485,0.163328126135743
2003,4,15.8713136729223,103.011684498924,71.3970324325912,125.239913652351,107.480055743211,0.0008554377047224,0.0025816820581319,0.0225852024062364,0.0679335090556857,0.217773635174084
2003,4,10.5868236613401,45.5160688129196,65.2864107419948,126.516914941918,118.093781841828,0.0006006349568939,0.001120536753584,0.0167764178252085,0.0471091096642293,0.145476915665758
2003,4,26.4581373342624,148.527753311844,136.683443174586,251.756828594269,225.573837585039,0.0007313020091094,0.0018445869048704,0.0193800555254381,0.0555855116417917,0.172812442937492
2003,5,15.0777479892761,75.8765481716014,90.1466984833459,127.914960761208,85.9840445945688,0.0008126658194863,0.0019016204229691,0.028516331311425,0.0693845267999036,0.174218908139267
2003,5,6.1756471357817,55.4537924141599,54.7290348552318,126.407025917929,142.234499676897,0.0003503703915214,0.0013651884740109,0.0140635263214305,0.0470681920202577,0.175215290691355
2003,5,21.2533951250578,131.330340585761,144.875733338578,254.321986679137,228.218544271466,0.0005874431128311,0.0016310098352329,0.0205416229733394,0.0561518741328733,0.174838556551675
2003,6,11.1099195710456,74.0052541035431,78.8029594547151,126.126142984676,92.9557238860204,0.0005988063933057,0.0018547219925193,0.02492793788279,0.0684142237625004,0.188344765555964
2003,6,5.29341183067003,43.0727541814306,63.2582963650032,141.268971445577,148.10656617732,0.0003003174784469,0.0010603860438115,0.0162552604541871,0.0526021004467092,0.182448949481365
2003,6,16.4033314017156,117.078008284974,142.061255819718,267.395114430253,241.06229006334,0.0004533875177459,0.0014540081305704,0.0201425641749674,0.0590382963159848,0.184678168762577
2003,7,14.28418230563,102.982728114845,94.0402816223709,147.927351328257,98.7654566288966,0.0007698939342502,0.0025809563523287,0.0297479982348846,0.080239787524423,0.200116313403212
2003,7,7.05788244089337,53.4133732644458,69.3598312870929,147.019702330389,146.149210677179,0.0004004233045959,0.001314956441465,0.0178231502809475,0.0547434094726721,0.180037729884695
2003,7,21.3420647465234,156.396101379291,163.400112909464,294.947053658646,244.914667306076,0.0005898939381294,0.0019423050180482,0.0231681554656436,0.0651215022702587,0.187629480535083
2003,8,8.72922252010724,86.3055123976258,89.2257853577069,135.78375583854,92.9557238860204,0.0004704907375973,0.00216299145052,0.0282250165517989,0.0736527736076035,0.188344765555964
2003,8,13.2335295766751,54.8693628975846,64.5215699028442,133.970459946562,134.405077676334,0.0007507936961174,0.0013508007034876,0.0165798793826514,0.0498844687470226,0.165570412304675
2003,8,21.9627520967823,141.17487529521,153.747355260551,269.754215785102,227.360801562354,0.0006070497152175,0.0017532704862202,0.021799511430458,0.0595591634422364,0.17418143862275
2003,9,11.1099195710456,87.2374296062853,79.2984044569461,124.627281948291,87.7269644174317,0.0005988063933057,0.0021863471887449,0.0250846632434289,0.0676012010861107,0.177750372493441
2003,9,6.1756471357817,52.5057879560345,70.4727089635888,132.270200268824,126.575655675771,0.0003503703915214,0.0012926130642444,0.0181091225173908,0.0492513698475355,0.155925533917995
2003,9,17.2855667068273,139.74321756232,149.771113420535,256.897482217115,214.302620093203,0.000477772471342,0.0017354905289566,0.0212357285328933,0.0567205190352143,0.164177546929617
2003,10,12.6970509383378,86.1146492444776,71.6511919365419,124.095544348897,96.4415635317461,0.0006843501637779,0.0021582080322074,0.0226656013198133,0.0673127722620219,0.195407694264313
2003,10,14.9980001868984,67.6834349049177,63.971561830809,133.935533233295,149.41146984408,0.0008508995222664,0.0016662637700874,0.0164385457556557,0.049871463637261,0.184056429212479
2003,10,27.6950511252362,153.798084149395,135.622753767351,258.031077582192,245.853033375826,0.0007654902638987,0.0019100398793517,0.0192296626239277,0.0569708061027564,0.188348364137096
2003,11,14.28418230563,94.3666403634742,83.8587412176594,122.830284615818,83.6601514974183,0.0007698939342502,0.002365019691675,0.0265272460129376,0.0666264612368205,0.169510289000368
2003,11,12.3512942715634,47.9097820472987,66.7172719322957,131.495032740676,113.526619008166,0.0007007407830429,0.001179466352001,0.0171441011593901,0.048962732932002,0.139850736606861
2003,11,26.6354765771934,142.276422410773,150.576013149955,254.325317356494,197.186770505584,0.000736203659706,0.0017669507536393,0.0213498535584727,0.0561526095147338,0.151065069827427
2003,12,19.0455764075067,99.5248075047419,89.5306107319748,137.552575452592,99.3464299031843,0.0010265252456669,0.0024942938378676,0.0283214427272551,0.0746122291019811,0.201293468187937
2003,12,10.5868236613401,62.5160688129196,71.7875578747746,148.48485730759,139.624692343376,0.0006006349568939,0.0015390510345345,0.0184469945869436,0.0552889661401558,0.172000331229128
2003,12,29.6324000688468,162.040876317662,161.318168606749,286.037432760182,238.97112224656,0.0008190385223007,0.0020124082660951,0.0228729609984107,0.0631543427737683,0.183076122076318
2003,13,18.2520107238606,100.863162950728,83.9858209696347,124.562746955509,81.3362584002678,0.0009837533604308,0.0025278357439059,0.0265674454697261,0.0675661955643984,0.164801669861469
2003,13,7.05788244089337,52.0450100333663,63.3743086441184,136.288299204725,142.234499676897,0.0004004233045959,0.0012812694088924,0.0162850717188158,0.0507475260215931,0.175215290691355
2003,13,25.309893164754,152.908172984094,147.360129613753,260.851046160234,223.570758077165,0.0006995645796184,0.0018989879483461,0.0208938802522154,0.0575934283255556,0.171277880831976
2003,14,17.4584450402145,86.2728163857453,82.0740178395337,133.334130477048,95.8605902574585,0.0009409814751946,0.0021621720220478,0.0259626799888222,0.0723240307026869,0.194230539479588
2003,14,4.41117652555836,46.3764468689857,67.250088213216,149.294951549004,137.667336843235,0.0002502645653724,0.0011417179596711,0.0172810170726897,0.0555906081654509,0.169589111632458
2003,14,21.8696215657729,132.649263254731,149.32410605275,282.629082026052,233.527927100693,0.0006044755905323,0.0016473897199983,0.0211723483062415,0.0624018113708699,0.178906082409425
2003,15,8.72922252010724,94.3950919223059,71.6576289393772,112.596397332256,72.6216592859534,0.0004704907375973,0.0023657327455322,0.0226676375530708,0.0610753245889419,0.147144348090597
2003,15,8.82235305111672,53.3856291163814,60.6801739159764,117.060706574557,120.051137341968,0.0005005291307449,0.0013142734225134,0.0155927694561699,0.0435880503877656,0.147888135262428
2003,15,17.551575571224,147.780721038687,132.337802855354,229.657103906813,192.672796627921,0.0004851249472369,0.0018353094067742,0.0187638964009366,0.0507061027663538,0.147606907916869
2003,16,12.6970509383378,87.5698594821375,82.3788432138016,114.989667256907,74.3645791088163,0.0006843501637779,0.0021946785566887,0.0260591061642784,0.0623734987840332,0.150675812444772
2003,16,8.82235305111672,38.7019968055864,62.3946350378524,134.200455762913,127.880559342531,0.0005005291307449,0.0009527846096726,0.0160333284606974,0.0499701086643393,0.157533013649108
2003,16,21.5194039894545,126.271856287724,144.773478251654,249.19012301982,202.245138451347,0.000594795588726,0.0015681878125025,0.0205271244414301,0.0550188074797389,0.154940292820228
2003,17,7.14209115281501,77.366135538227,68.3865705545586,107.483543468446,72.6216592859534,0.0003849469671251,0.0019389525081315,0.0216328954470386,0.0583019746709461,0.147144348090597
2003,17,5.29341183067003,46.2309380260331,58.5704308420996,118.293311293313,109.611908007884,0.0003003174784469,0.0011381357520958,0.015050636247912,0.0440470159805892,0.135028297413521
2003,17,12.435502983485,123.59707356426,126.957001396658,225.776854761759,182.233567293837,0.0003437168762569,0.0015349693124238,0.018000963973871,0.0498493806856469,0.139609399238906
2003,18,6.3485254691689,87.8379461944509,74.6616538145746,107.9107497501,84.241124771706,0.0003421750818889,0.0022013973542559,0.0236179082790111,0.0585337028872712,0.170687443785093
2003,18,6.1756471357817,37.6119762587624,55.0126347868069,117.368219143723,114.831522674926,0.0003503703915214,0.0009259499528859,0.0141364019917765,0.0437025539966356,0.141458216337975
2003,18,12.5241726049506,125.449922453213,129.674288601382,225.278968893823,199.072647446632,0.0003461677015552,0.0015579801014586,0.0183862423637257,0.0497394522246674,0.152509842877134
2003,19,7.14209115281501,94.3569947704025,79.4190472060862,115.231448116154,77.8504187545421,0.0003849469671251,0.0023647779535198,0.0251228264669599,0.0625046472471084,0.15773874115312
2003,19,12.3512942715634,59.9097820472987,60.2161247995159,128.642239539091,127.880559342531,0.0007007407830429,0.0014748881973777,0.0154735243976549,0.0479004832885881,0.157533013649108
2003,19,19.4933854243784,154.266776817701,139.635172005602,243.873687655245,205.730978097073,0.0005387965050258,0.0019158606390352,0.0197985748962741,0.0538449891507565,0.157610799610002
2003,20,9.52278820375335,81.5210874818042,78.6252138324225,120.642438276053,76.6884722059668,0.0005132626228334,0.0020430840436686,0.0248717111641223,0.0654397143380048,0.155384431583671
2003,20,7.94011774600505,49.7424159553006,56.1770878366477,120.571114954022,111.569263508025,0.0004504762176704,0.0012245830262511,0.0144356273693082,0.0448951658307113,0.137439517010191
2003,20,17.4629059497584,131.263503437105,134.80230166907,241.213553230075,188.257735713992,0.0004826741219386,0.0016301797753524,0.0191133324609515,0.0532576567876796,0.14422452337076
2003,21,10.3163538873995,92.3344687817047,66.5825361679272,93.8210887798647,74.9455523831039,0.0005560345080695,0.0023140893439458,0.0210622207231508,0.0508910905347112,0.151852967229496
2003,21,8.82235305111672,44.8601806501889,46.6165773472655,109.99729977608,120.703589175349,0.0005005291307449,0.0011043897793011,0.0119788968373448,0.0409579609200824,0.148691875127985
2003,21,19.1387069385162,137.194649431894,113.199113515193,203.818388555945,195.649141558453,0.0005289932038326,0.0017038395055301,0.0160502622292932,0.0450011603385188,0.149887090069092
2003,22,7.14209115281501,76.7500477868559,62.0921762860368,100.489159116901,75.5265256573915,0.0003849469671251,0.0019235120976413,0.0196417739152938,0.054508031838922,0.153030122014221
2003,22,9.70458835622839,45.3983041180312,55.7259002526126,106.906847431863,110.264359841264,0.0005505820438194,0.0011176375649604,0.0143196872932451,0.0398072178873217,0.135832037279078
2003,22,16.8466795090434,122.148351904887,117.818076538649,207.396006548764,185.790885498655,0.0004656416442374,0.0015169774358749,0.0167051752003559,0.0457910643411237,0.14233466585609
2003,23,11.9034852546917,82.8369169390926,57.2205771482203,91.4841742920554,68.55484636594,0.0006415782785418,0.0020760614026737,0.0181007287370714,0.0496234850494453,0.138904264597524
2003,23,11.4690589664517,44.0021967388874,56.3575370215331,104.126462098905,105.044745174222,0.0006506878699684,0.0010832675134361,0.0144819967574772,0.0387719296207744,0.129402118354625
2003,23,23.3725442211434,126.83911367798,113.578114169753,195.61063639096,173.599591540162,0.0006460163212165,0.0015752326612289,0.0161039999283076,0.0431889667782998,0.13299489793756
2003,24,7.93565683646113,90.3403943518387,68.7549358048142,112.213727880906,80.7552851259802,0.0004277188523612,0.002264113788229,0.0217494213508891,0.0608677543513033,0.163624515076744
2003,24,5.29341183067003,49.3360277192716,58.5532390509847,114.16276889133,107.654552507743,0.0003003174784469,0.0012145783626989,0.0150462185342159,0.0425089910052166,0.132617077816851
2003,24,13.2290686671312,139.67642207111,127.308174855799,226.376496772236,188.409837633723,0.0003656510045547,0.0017346609864257,0.0180507561138635,0.0499817759344288,0.14434104887126
2003,25,10.3163538873995,84.4953462954159,68.6278560528388,101.681704301255,70.8787394630905,0.0005560345080695,0.0021176250110617,0.0217092218941006,0.0551549005305242,0.143612883736423
2003,25,7.94011774600505,40.2158688796186,56.0266919753027,116.943154224288,112.874167174785,0.0004504762176704,0.0009900538498206,0.0143969806772872,0.0435442792717639,0.139046996741305
2003,25,18.2564716334046,124.711215175034,124.654548028141,218.624858525543,183.752906637875,0.0005046082502364,0.0015488059926373,0.0176745039938601,0.048270287986275,0.140773367305882
2003,26,10.3163538873995,82.4149075385603,76.0273460721274,105.686546135973,68.55484636594,0.0005560345080695,0.0020654849898812,0.0240499211373968,0.0573272348216559,0.138904264597524
2003,26,6.1756471357817,54.2436130276829,56.2931001157628,115.59044271317,105.697197007603,0.0003503703915214,0.0013353956883784,0.014465438633937,0.0430405914055952,0.130205858220181
2003,26,16.4920010231812,136.658520566243,132.32044618789,221.276988849143,174.252043373543,0.0004558383430442,0.0016971812462968,0.0187614354358675,0.0488558531199048,0.133494742229934
2003,27,12.6970509383378,77.034210487622,66.957338421018,95.851687415644,71.4597127373782,0.0006843501637779,0.0019306337921338,0.0211807828602587,0.0519925420351897,0.144790038521148
2003,27,7.05788244089337,44.6766468022868,57.3887860011439,104.008909748637,97.8677750070394,0.0004004233045959,0.0010998714536314,0.0147469931566841,0.0387281585047727,0.120560979833501
2003,27,19.7549333792312,121.710857289909,124.346124422162,199.860597164281,169.327487744418,0.0005460256815338,0.0015115441291713,0.0176307732648822,0.0441273176677738,0.129722033046273
2003,28,9.52278820375335,88.8958589626086,77.7485295742654,108.563377779118,77.2694454802544,0.0005132626228334,0.0022279107971328,0.024594387433118,0.0588877059428976,0.156561586368395
2003,28,10.5868236613401,55.1477055818401,58.1536268402944,108.719550575683,104.392293340842,0.0006006349568939,0.0013576530792735,0.0149435315992412,0.0404821855881237,0.128598378489068
2003,28,20.1096118650934,144.043564544449,135.90215641456,217.282928354801,181.661738821096,0.000555828982727,0.0017888971385145,0.0192692785327101,0.0479740025764819,0.139171320619623
2003,29,8.72922252010724,87.8503021599659,78.9300392066905,117.80196390727,76.6884722059668,0.0004704907375973,0.00220170701985,0.0249681373395785,0.0638989643835626,0.155384431583671
2003,29,15.8802354920101,45.644114364693,53.2165449680456,109.299649000747,108.959456174504,0.0009009524353409,0.0011236890413505,0.0136748671500125,0.0406981876961022,0.134224557547965
2003,29,24.6094580121173,133.494416524659,132.146584174736,227.101612908017,185.647928380471,0.0006802045760058,0.0016578857964524,0.0187367839097541,0.0501418746758697,0.14222514620127
2003,30,5.55495978552279,78.4084771431792,72.6356449381687,102.427045041477,67.9738730916524,0.0002994031966528,0.0019650757060293,0.0229770158078336,0.0555591934627756,0.137727109812799
2003,30,7.94011774600505,49.0056894931415,48.7950875856021,112.080034333705,114.179070841546,0.0004504762176704,0.0012064459353354,0.0125387009003873,0.0417334759626495,0.140654476472418
2003,30,13.4950775315278,127.414166636321,121.430732523771,214.507079375182,182.152943933198,0.0003730034804496,0.0015823743242038,0.0172174060306586,0.0473611215411034,0.139547633565816
2003,31,11.9034852546917,100.140390430866,64.3723446663934,93.5147729278347,65.0690067202143,0.0006415782785418,0.0025097215964117,0.0203630653000481,0.0507249365499237,0.131841335889175
2003,31,7.05788244089337,45.0461086428557,45.2544833214243,103.816395087646,99.8251305071802,0.0004004233045959,0.0011089670451929,0.0116288843579479,0.038656474854561,0.122972199430171
2003,31,18.9613676955851,145.186499073722,109.626827987818,197.331168015481,164.894137227395,0.000524091553236,0.0018030914020027,0.0155437554405755,0.0435688437857234,0.126325636808805
2003,32,11.9034852546917,63.8277761712681,72.572105062181,102.817894048769,70.8787394630905,0.0006415782785418,0.0015996537223265,0.0229569160794394,0.0557712005123011,0.143612883736423
2003,32,7.05788244089337,41.4664674158097,48.2450795135669,102.661307121705,111.569263508025,0.0004004233045959,0.0010208416937695,0.0123973672733915,0.0382263729532908,0.137439517010191
2003,32,18.9613676955851,105.294243587078,120.817184575748,205.479201170474,182.448002971115,0.000524091553236,0.0013076639116137,0.0171304123683391,0.0453678519569159,0.139773678721137
2003,33,15.0777479892761,107.180021663375,78.2946404468136,98.2449573402945,73.2026325602411,0.0008126658194863,0.0026861490544931,0.0247671400556362,0.053290716230281,0.148321502875322
2003,33,5.29341183067003,42.5993012571126,54.6130225761167,103.236296662582,95.2579676735183,0.0003003174784469,0.0010487303490947,0.0140337150568018,0.0384404727465825,0.117346020371275
2003,33,20.3711598199461,149.779322920488,132.90766302293,201.481254002877,168.460600233759,0.000563058159235,0.0018601303225762,0.018844695665521,0.0444851432730299,0.129057909271669
2003,34,15.8713136729223,85.0208252667487,61.6602711597935,99.921064243144,75.5265256573915,0.0008554377047224,0.0021307945814732,0.0195051482830491,0.0541998818480336,0.153030122014221
2003,34,10.5868236613401,53.8324365021245,57.0579409549134,120.996179873456,113.526619008166,0.0006006349568939,0.0013252731443821,0.0146619770764941,0.0450534405555831,0.139850736606861
2003,34,26.4581373342624,138.853261768873,118.718212114707,220.9172441166,189.053144665558,0.0007313020091094,0.0017244380437079,0.0168328035146509,0.0487764249068529,0.144833887317954
2003,35,5.55495978552279,78.2658811651171,60.186810158771,105.303876684622,76.6884722059668,0.0002994031966528,0.0019615019611681,0.0190390446676473,0.0571196645840173,0.155384431583671
2003,35,7.05788244089337,42.7297409536507,50.8060101714787,103.276332260036,101.130034173941,0.0004004233045959,0.0010519415770832,0.0130554405577126,0.0384553801710309,0.124579679161285
2003,35,12.6128422264162,120.995622118768,110.99282033025,208.580208944658,177.818506379908,0.0003486185268535,0.0015026615237243,0.015737436597772,0.0460525249594146,0.136227014692797
2003,36,9.52278820375335,95.7532629845465,66.1635050473544,103.776837929817,73.7836058345287,0.0005132626228334,0.0023997712711646,0.020929667557421,0.056291357552715,0.149498657660047
2003,36,3.52894122044669,50.3637718673359,53.4657613173908,112.15755108652,115.483974508306,0.0002002116522979,0.0012398798687652,0.0137389073929662,0.0417623396542028,0.142261956203531
2003,36,13.0517294242,146.117034851882,119.629266364745,215.934389016337,189.267580342835,0.0003607493539581,0.0018146478557471,0.0169619799645731,0.047676257925359,0.144998166800185
2003,37,8.72922252010724,90.2433551764193,65.9222195490741,108.740623645583,74.3645791088163,0.0004704907375973,0.0022616817893801,0.020853341110359,0.0589838488842605,0.150675812444772
2003,37,8.82235305111672,52.8601806501889,48.528679445142,104.048945346091,103.739841507462,0.0005005291307449,0.001301337676219,0.0124702429437375,0.0387430659292211,0.127794638623511
2003,37,17.551575571224,143.103535826608,114.450898994216,212.789568991674,178.104420616278,0.0004851249472369,0.0017772227906269,0.0162277502375403,0.0469819115949405,0.136446054002439
2003,38,14.28418230563,75.9918688826698,64.4358845423811,105.694725691914,79.5933385774049,0.0007698939342502,0.0019045105942361,0.0203831650284423,0.0573316716335428,0.161270205507295
2003,38,14.9980001868984,42.0528967454867,52.60209999024,112.735095069491,109.611908007884,0.0008508995222664,0.0010352786966658,0.0135169753994765,0.041977390604838,0.135028297413521
2003,38,29.2821824925284,118.044765628157,117.037984532621,218.429820761405,189.205246585289,0.0008093585204944,0.0014660144249878,0.0165945676092633,0.0482272255042378,0.144950412818454
2003,39,8.72922252010724,96.7790041709348,68.3865705545586,110.835757274145,77.2694454802544,0.0004704907375973,0.0024254784288533,0.0216328954470386,0.0601203059064513,0.156561586368395
2003,39,8.82235305111672,46.1754497299044,51.9188878479747,106.946883029317,116.136426341687,0.0005005291307449,0.0011367697141925,0.0133414127941559,0.0398221253117701,0.143065696069088
2003,39,17.551575571224,142.954453900839,120.305458402533,217.782640303462,193.405871821941,0.0004851249472369,0.0017753713213769,0.017057855799523,0.0480843342187056,0.148168517882332
2003,40,7.93565683646113,87.9473413353853,75.284178568781,101.85895016772,67.9738730916524,0.0004277188523612,0.0022041390186988,0.0238148330964384,0.0552510434718872,0.137727109812799
2003,40,5.29341183067003,60.7574851017151,56.0438837664176,130.457497125004,132.447722176193,0.0003003174784469,0.0014957573641,0.0144013983909833,0.0485764021467335,0.163159192708005
2003,40,13.2290686671312,148.7048264371,131.328062335199,232.316447292724,200.421595267845,0.0003656510045547,0.0018467860007348,0.0186207274340714,0.051293260475491,0.153543273752252
2003,41,7.14209115281501,78.366135538227,65.7951397970987,101.141787145919,68.55484636594,0.0003849469671251,0.001964014539402,0.0208131416535706,0.0548620348945485,0.138904264597524
2003,41,4.41117652555836,44.5346307135882,52.2368713617797,125.979406556401,129.837914842672,0.0002502645653724,0.0010963752323817,0.0134231238918941,0.0469089661380425,0.159944233245778
2003,41,11.5532676783734,122.900766251815,118.032011158878,227.12119370232,198.392761208612,0.0003193319226608,0.0015263217746966,0.0167355085364393,0.0501461979288903,0.151988981047723
2003,42,15.0777479892761,86.501776690797,69.860031555581,105.871971558379,76.6884722059668,0.0008126658194863,0.0021679102323727,0.0220989990624404,0.0574278145749057,0.155384431583671
2003,42,6.1756471357817,51.0854291830804,53.714977666736,105.97920084018,105.044745174222,0.0003503703915214,0.0012576459800941,0.0138029476359198,0.0394618047460248,0.129402118354625
2003,42,21.2533951250578,137.587205873877,123.575009222317,211.851172398559,181.733217380189,0.0005874431128311,0.0017087147187893,0.0175214384761001,0.0467747225584307,0.139226080447033
2003,43,7.93565683646113,61.1795168381275,73.1881928135521,109.941348385879,80.7552851259802,0.0004277188523612,0.0015332829641071,0.0231518046636093,0.0596351543877497,0.163624515076744
2003,43,9.70458835622839,46.2412188829182,50.3247692639033,122.891508654278,129.837914842672,0.0005505820438194,0.0011383888512385,0.0129317777855014,0.0457591742626252,0.159944233245778
2003,43,17.6402451926895,107.420735721046,123.512962077455,232.832857040157,210.593199968652,0.0004875757725352,0.0013340731143126,0.0175126409430216,0.0514072788327612,0.161335754811932
2003,44,11.9034852546917,67.3725659336081,70.9144614360307,110.025881541141,73.7836058345287,0.0006415782785418,0.0016884933541973,0.0224325495121124,0.0596810074524876,0.149498657660047
2003,44,10.5868236613401,53.200799733204,46.9818059757259,101.618662621846,109.611908007884,0.0006006349568939,0.0013097232027252,0.0120727483449272,0.0378381398533356,0.135028297413521
2003,44,22.4903089160318,120.573365666812,117.896267411757,211.644544162987,183.395513842413,0.0006216313676204,0.0014974174618947,0.0167162617184242,0.0467291010106139,0.140499568168831
2003,45,15.0777479892761,71.1270052099926,70.3048106874948,116.963910455845,75.5265256573915,0.0008126658194863,0.001782587228745,0.0222396971612,0.0634443815746863,0.153030122014221
2003,45,8.82235305111672,47.0703600366659,59.2020676110201,130.457497125004,132.447722176193,0.0005005291307449,0.0011588010520484,0.0152129457121442,0.0485764021467335,0.163159192708005
2003,45,23.9001010403928,118.197365246659,129.506878298515,247.421407580849,207.974247833585,0.0006605979736194,0.0014679095809549,0.0183625056119309,0.0546282919446771,0.159329371796762
2003,46,10.3163538873995,80.111434046787,79.2413015837936,126.508812436026,84.8220980459936,0.0005560345080695,0.0020077552651997,0.0250665997482922,0.0686217940001389,0.171864598569818
2003,46,9.70458835622839,48.8197615004747,51.6868632897445,108.219523345528,111.569263508025,0.0005505820438194,0.0012018686694436,0.0132817902648984,0.040295998329042,0.137439517010191
2003,46,20.0209422436279,128.931195547262,130.928164873538,234.728335781554,196.391361554019,0.0005533781574287,0.0016012145180466,0.0185640268210969,0.0518257824985208,0.150455705880233
2003,47,11.1099195710456,89.389166352172,80.2828574585728,133.128706892162,101.089349726047,0.0005988063933057,0.002240274082356,0.0253960777314493,0.0722126034064113,0.204824932542111
2003,47,11.4690589664517,47.7920173524104,56.391920603763,123.509088234703,129.837914842672,0.0006506878699684,0.0011765671633773,0.0144908321848696,0.0459891326377087,0.159944233245778
2003,47,22.5789785374973,137.181183704582,136.674778062336,256.637795126865,230.927264568719,0.0006240821929187,0.0017036722727827,0.0193788269175494,0.0566631825972757,0.176913711085614
2003,48,11.1099195710456,85.8535173576564,76.5227910743584,131.424422270892,101.089349726047,0.0005988063933057,0.0021516635366942,0.0242066464980357,0.071288153433746,0.204824932542111
2003,48,10.5868236613401,58.0946114304761,77.356276515944,153.465529548441,145.496758843799,0.0006006349568939,0.0014302014429364,0.0198779685004045,0.0571435405652718,0.179233990019139
2003,48,21.6967432323857,143.948128788132,153.879067590302,284.889951819333,246.586108569846,0.0005996972393226,0.0017877119085327,0.021818186642354,0.0629009899032526,0.188909974102559
2003,49,11.9034852546917,82.7473374144125,88.6096976063357,130.336408404279,85.4030713202812,0.0006415782785418,0.002073816357825,0.028030127967629,0.0706979853499076,0.173041753354542
2003,49,16.7624707971218,54.3935158285018,63.6751003668084,149.452539496727,150.716373510841,0.0009510053484154,0.0013390860685489,0.0163623651028579,0.055649286705901,0.185663908943592
2003,49,28.6659560518135,137.140853242914,152.284797973144,279.788947901006,236.119444831122,0.0007923260427932,0.0017031714031485,0.0215921385345113,0.0617747367872192,0.180891447887558
2003,50,14.28418230563,116.679254623072,76.9546962006017,130.3164102418,98.7654566288966,0.0007698939342502,0.0029242191279742,0.0243432721302804,0.0706871378068819,0.200116313403212
2003,50,10.5868236613401,58.200799733204,59.6016798217103,138.333552606989,140.277144176756,0.0006006349568939,0.0014328156382989,0.0153156326471189,0.0515090847970552,0.172804071094685
2003,50,24.8710059669701,174.880054356276,136.556376022312,268.649962848789,239.042600805653,0.0006874337525138,0.0021718598106802,0.019362038943405,0.0593153549036969,0.183130881903728
2003,51,12.6970509383378,79.1055084766531,85.7070044717727,124.92541824438,86.5650178688565,0.0006843501637779,0.0019825447271053,0.0271119117654473,0.0677629182590112,0.175396062923992
2003,51,7.94011774600505,50.4260482660956,58.2868309105245,138.106111232732,157.240891844643,0.0004504762176704,0.0012414130194856,0.0149777605775661,0.0514243960370819,0.193701307599159
2003,51,20.6371686843428,129.531556742749,143.993835382297,263.031529477112,243.805909713499,0.0005704106351299,0.0016086704875519,0.0204165805324736,0.0580748582890319,0.186780059741209
2003,52,12.6970509383378,88.7307369958487,76.2179657000905,133.007816462539,99.3464299031843,0.0006843501637779,0.0022237725052385,0.0241102203225795,0.0721470291748737,0.201293468187937
2003,52,12.3512942715634,53.1199614337757,73.1840354828457,153.890594467876,147.454114343939,0.0007007407830429,0.0013077330860924,0.0188058424937329,0.0573018152901436,0.181645209615809
2003,52,25.0483452099012,141.850698429624,149.402001182936,286.898410930415,246.800544247123,0.0006923354031104,0.0017616636280806,0.0211833928915483,0.0633444385593406,0.18907425358479
2004,1,10.9173807553679,92.7282309467597,93.493165642975,140.789789435441,105.071433219457,0.0005787827419703,0.0022826359879226,0.0290356720632499,0.0745175343126844,0.206562710939943
2004,1,13.4431137724551,58.4964683845184,72.966408037015,163.456212420822,168.63779738519,0.0007500444161441,0.0014159066238345,0.0185341432631995,0.0591423340801357,0.202709354637047
2004,1,24.360494527823,151.224699331278,166.45957367999,304.246001856263,273.709230604647,0.0006622264290851,0.0018456193682422,0.0232589198045886,0.0653852640876571,0.204171455999363
2004,2,2.33943873329313,86.6416117986218,87.8266088305744,133.584998302496,97.6073423350144,0.0001240248732793,0.0021328052861992,0.0272758398423479,0.0707041663644988,0.191888857157324
2004,2,6.27345309381238,50.313785754296,66.6041915505273,164.277356027864,154.531213573501,0.0003500207275339,0.0012178448458019,0.0169180813656174,0.0594394433108965,0.185752678583758
2004,2,8.61289182710551,136.955397552918,154.430800381102,297.86235433036,252.138555908515,0.0002341366507254,0.001671469908201,0.0215781737392149,0.0640133595210332,0.188080964458874
2004,3,14.8164453108565,97.6872116040371,89.4165904591868,127.362340338083,90.7174122878369,0.0007854908641025,0.0024047082802131,0.0277696319269081,0.0674106240540892,0.178343761357983
2004,3,8.06586826347305,49.6975422390679,64.1223281459349,146.636339683868,147.477921667656,0.0004500266496864,0.0012029286756603,0.0162876650803992,0.0530565052342228,0.177274340557113
2004,3,22.8823135743296,147.384753843105,153.538918605122,273.998680021951,238.195333955493,0.0006220429059939,0.0017987548163713,0.0214535536513216,0.0588848364270984,0.177680117102787
2004,4,14.0366323997588,99.6089793023689,85.9501637414994,125.796882221359,97.6073423350144,0.0007441492396761,0.0024520152984086,0.0266930823340703,0.0665820548844368,0.191888857157324
2004,4,7.16966067864271,50.5350259390874,65.9563664626366,153.2198168969,148.119130022733,0.0004000236886101,0.0012231999629868,0.0167535277948513,0.0554385634195654,0.178045098559535
2004,4,21.2062930784015,150.144005241456,151.906530204136,279.016699118259,245.726472357747,0.0005764812255106,0.0018324300549082,0.021225464692128,0.0599632548838971,0.183297916288895
2004,5,10.9173807553679,100.01845701059,82.4281156023274,133.454543459436,98.1815031722792,0.0005787827419703,0.0024620951688374,0.0255992586940569,0.0706351189336945,0.193017615140602
2004,5,11.6506986027944,53.1132765524851,52.7442320500072,142.067163032901,140.424629761812,0.0006500384939915,0.0012856065017443,0.0133975233182147,0.05140326876214,0.168796002530468
2004,5,22.5680793581623,153.131733563075,135.172347652335,275.521706492337,238.606132934091,0.0006135006244474,0.0018688937363161,0.0188872452592467,0.059212148823551,0.177986549682347
2004,6,10.9173807553679,86.689334670164,70.6512959833218,122.747058815104,88.9949297760425,0.0005787827419703,0.0021339800518873,0.0219417948564188,0.064967837537891,0.174957487408148
2004,6,4.4810379241517,43.5178327703712,59.3767421811966,138.764590782776,137.859796341505,0.0002500148053813,0.0010533488495316,0.0150822423042956,0.0502083198002868,0.16571297052078
2004,6,15.3984186795196,130.207167440535,130.028038164518,261.51164959788,226.854726117548,0.0004185974058962,0.0015891112442271,0.0181684456180971,0.0562012587400719,0.169220671255542
2004,7,11.6971936664656,94.0451600569386,91.2838356101073,129.978880890446,88.9949297760425,0.0006201243663967,0.0023150540525157,0.0283495322596325,0.0687955124836629,0.174957487408148
2004,7,17.0279441117764,45.559294736332,55.6557796980438,136.179601822496,136.577379631351,0.0009500562604491,0.001102762422688,0.0141370833798661,0.0492730094904608,0.164171454515935
2004,7,28.725137778242,139.604454793271,146.939615308151,266.158482712942,225.572309407394,0.0007808768165251,0.0017038002839398,0.020531451889572,0.0571999059155347,0.168264061621546
2004,8,12.4770065775634,86.4588311883941,87.7525875327808,137.575036552571,94.7365381486904,0.0006614659908232,0.0021283058840804,0.027252851444066,0.0728160227242615,0.186245067240932
2004,8,8.96207584830339,55.0362301934809,68.8671810611788,135.198341620762,135.936171276275,0.0005000296107627,0.001332151581692,0.0174929016551437,0.0489179662785143,0.163400696513513
2004,8,21.4390824258668,141.495061381875,156.61976859396,272.773378173333,230.672709424965,0.0005828094738195,0.0017268741611112,0.0218840320025284,0.0586215077901725,0.172068668778807
2004,9,8.57794202207481,93.8352893609039,82.6129579505328,138.069824982415,99.9039856840735,0.0004547578686909,0.0023098877897855,0.025656664192833,0.0730779054498927,0.196403889090437
2004,9,6.27345309381238,46.8428653703322,66.6570774002767,133.603058446377,118.623545689202,0.0003500207275339,0.0011338312412514,0.0169315148611425,0.0483407549932741,0.142590230448113
2004,9,14.8513951158872,140.678154731236,149.27003535081,271.672883428792,218.527531373276,0.0004037268760408,0.0017169042372619,0.0208570748122127,0.0583850013478203,0.163009059496697
2004,10,7.7981291109771,85.0861793996612,89.5922328692376,125.954368006817,89.5690906133073,0.0004134162442645,0.002094516127284,0.0278241802501311,0.0666654093128275,0.176086245391427
2004,10,6.27345309381238,53.4312335239177,62.1810520307457,149.14788119833,151.966380153194,0.0003500207275339,0.0012933026480995,0.0157945629721785,0.0539652405163182,0.182669646574069
2004,10,14.0715822047895,138.517412923579,151.773284899983,275.102249205147,241.535470766501,0.0003825280978763,0.0016905334992303,0.0212068467071416,0.0591220035945946,0.180171668426921
2004,11,9.35775493317252,116.481340811508,79.7566796989462,107.059959061009,72.3442654953636,0.0004960994931174,0.0028673522372112,0.0247696051434993,0.0566649343310624,0.142223505893075
2004,11,9.85828343313373,45.7876792997855,57.974587256422,123.167987872225,112.211462138434,0.000550032571839,0.0011082904695104,0.0147260819703541,0.0445650989878759,0.13488265042389
2004,11,19.2160383663063,162.269020111294,137.731266955368,230.227946933234,184.555727633798,0.0005223772634807,0.0019804096004649,0.0192447957295494,0.049478103307009,0.137668033850279
2004,12,10.9173807553679,99.0184570105895,71.3354657472162,101.661948479668,74.066748007158,0.0005787827419703,0.0024374787606021,0.0221542737982046,0.053807863230038,0.14560977984291
2004,12,8.96207584830339,62.5071505774448,61.2636663476477,128.307852921404,126.9592543052,0.0005000296107627,0.0015129851593408,0.0155615385142729,0.0464248240565248,0.152610084479602
2004,12,19.8794566036713,161.525607588034,132.599132094864,229.969801401072,201.026002312358,0.0005404119174907,0.0019713366344905,0.0185276972142289,0.0494226254578656,0.149953918233507
2004,13,13.2568194886611,91.2016246602751,75.1439773468508,119.086879518258,95.3106989859552,0.0007028076152496,0.0022450564243599,0.0233370628619353,0.0630305696618823,0.18737382522421
2004,13,7.16966067864271,51.7111975935199,66.1172231603678,137.424538936118,136.577379631351,0.0004000236886101,0.0012516691899721,0.0167943868855042,0.0497234572623266,0.164171454515935
2004,13,20.4264801673038,142.912822253795,141.261200507219,256.511418454376,231.888078617306,0.0005552824473461,0.0017441772004714,0.0197380232416891,0.0551266630779347,0.17297526479323
2004,14,13.2568194886611,86.3951087028283,75.1623772231599,114.525659880074,78.6600347052763,0.0007028076152496,0.0021267372653619,0.0233427772130415,0.0606163971408568,0.154639843709137
2004,14,12.5469061876248,43.2757928524656,52.797850949251,129.985029125766,124.394420884893,0.0007000414550678,0.0010474902749465,0.0134111430150989,0.0470316661821348,0.149527052469913
2004,14,25.8037256762859,129.670901555294,127.960228172411,244.51068900584,203.054455590169,0.0007014598612595,0.0015825663960065,0.0178795164462008,0.0525475959432817,0.151467028544922
2004,15,10.1375678442702,81.946541198283,70.3924323373228,114.030871450231,73.4925871698932,0.0005374411175438,0.0020172295116077,0.0218614009593608,0.0603545144152256,0.144481021859632
2004,15,11.6506986027944,46.7603685908815,44.9240425910182,122.346844265183,126.318045950123,0.0006500384939915,0.0011318344072596,0.0114111227857294,0.0442679897571151,0.151839326477179
2004,15,21.7882664470646,128.706909789165,115.316474928341,236.377715715414,199.810633120016,0.0005923018462829,0.0015708013742722,0.0161128409932276,0.0507997451805177,0.149047322219083
2004,16,8.57794202207481,88.3578957438826,71.3354657472162,107.197857595226,81.5308388916002,0.0004547578686909,0.0021750540324434,0.0221542737982046,0.0567379215753532,0.160283633625529
2004,16,10.7544910179641,48.3031035613696,53.767389432604,117.345428523477,121.829587464586,0.0006000355329152,0.0011691762968448,0.0136574147671706,0.0424583589312881,0.146444020460224
2004,16,19.3324330400389,136.660999305252,125.10285517982,224.543286118703,203.360426356186,0.0005255413876352,0.0016678769296051,0.0174802638960638,0.0482564174135573,0.15169526526406
2004,17,10.1375678442702,77.9917539642404,75.7909255655698,123.103948710731,84.975803915189,0.0005374411175438,0.0019198768545708,0.0235379821076517,0.0651567330192314,0.1670561815252
2004,17,4.4810379241517,36.6945690775423,51.1797543285128,118.715593241513,110.929045428281,0.0002500148053813,0.0008881917977359,0.0130001314909021,0.0429541170202513,0.133341134419046
2004,17,14.6186057684219,114.686323041783,126.970679894083,241.819541952244,195.90484934347,0.0003973986277318,0.0013996873527565,0.0177412496974667,0.0519692436897615,0.146133830559651
2004,18,9.35775493317252,91.3393860242743,80.5608704514069,111.249401421253,73.4925871698932,0.0004960994931174,0.0022484476143351,0.0250193583613325,0.0588823317437749,0.144481021859632
2004,18,12.5469061876248,43.4519645068981,53.7137705333603,121.892937887224,124.394420884893,0.0007000414550678,0.0010517545086572,0.0136437950702863,0.0441037556650071,0.149527052469913
2004,18,21.9046611207973,134.791350531172,134.274640984767,233.142339308477,197.887008054786,0.0005954659704374,0.001645058831738,0.0187618112759233,0.0501044330334398,0.14761240776809
2004,19,9.35775493317252,79.1522184710828,67.0924480915317,105.885865473466,77.5117130307467,0.0004960994931174,0.0019484433226138,0.0208365425141929,0.0560435074538231,0.152382327742581
2004,19,9.85828343313373,42.0818633765783,49.5073057590366,116.722959966666,121.829587464586,0.000550032571839,0.0010185912200123,0.0125753140684619,0.0422331350453552,0.146444020460224
2004,19,19.2160383663063,121.234081847661,116.599753850568,222.608825440132,199.341300495333,0.0005223772634807,0.0014795993679507,0.0162921498841442,0.0478406840216184,0.148697226882079
2004,20,10.1375678442702,90.230450772751,63.9032848961524,103.365305130609,76.3633913562171,0.0005374411175438,0.0022211496114771,0.0198461011695193,0.0547094196439811,0.150124811776024
2004,20,5.37724550898204,29.5041774159191,46.8109667574693,104.714273505347,102.593336812283,0.0003000177664576,0.0007141484159246,0.0118904189957067,0.0378881074930806,0.123321280387557
2004,20,15.5148133532522,119.73462818867,110.714251653622,208.079578635956,178.9567281685,0.0004217615300507,0.0014612993103077,0.0154697855071233,0.0447182152513152,0.133491499977292
2004,21,9.35775493317252,82.6296120881041,70.3832323991682,105.452582619575,67.1768179599805,0.0004960994931174,0.0020340442634852,0.0218585437838077,0.055814178536851,0.13206468404357
2004,21,11.6506986027944,58.0539880149357,55.7630174965313,118.473583616844,116.058712268895,0.0006500384939915,0.0014051963894647,0.0141643227736347,0.0428665521986958,0.139507198438424
2004,21,21.0084535359669,140.68360010304,126.146249895699,223.926166236419,183.235530228875,0.0005711030681185,0.001716970695213,0.0176260544534025,0.0481237926749224,0.136683241975434
2004,22,12.4770065775634,68.032966826692,67.0924480915317,101.201634683379,71.195943820834,0.0006614659908232,0.0016747272848644,0.0208365425141929,0.0535642273154796,0.139965989926519
2004,22,4.4810379241517,49.2823725783892,52.7963848502623,111.099075668148,117.341128979048,0.0002500148053813,0.0011928794968157,0.0134107706123807,0.0401982803335953,0.141048714443268
2004,22,16.9580445017151,117.315339405081,119.888832941794,212.300710351527,188.537072799882,0.000460994962225,0.0014317731399393,0.0167517234918529,0.0456253752806581,0.14063788999141
2004,23,6.23850328878168,63.3166828814311,70.7161173429609,96.5518785268459,67.1768179599805,0.0003307329954116,0.0015586293139143,0.0219619260791475,0.0511031939882087,0.13206468404357
2004,23,5.37724550898204,41.56290130073,49.8848372022257,113.039928784398,114.135087203664,0.0003000177664576,0.0010060297464566,0.0126712105507292,0.0409005270191246,0.137194924431157
2004,23,11.6157487977637,104.879584182161,120.600954545187,209.591807311244,181.311905163644,0.0003157676392286,0.0012800011688285,0.0168512262053241,0.0450432071022889,0.135248327524439
2004,24,9.35775493317252,91.9135216625722,77.2052647841313,122.97349386767,85.5499647524538,0.0004960994931174,0.0022625807715899,0.023977225868989,0.065087685588427,0.168184939508478
2004,24,6.27345309381238,44.1370494471249,48.7515098231641,97.6034424685391,103.234545167359,0.0003500207275339,0.0010683369850279,0.0123833349025682,0.0353152401878995,0.124092038389979
2004,24,15.6312080269849,136.050571109697,125.956774607295,220.576936336209,188.784509919813,0.0004249256542052,0.0016604269686819,0.017599579613653,0.0474040123649779,0.140822463953102
2004,25,15.5962582219542,85.3911087993224,60.1779945324659,96.4903729508939,72.3442654953636,0.000826832488529,0.002102022393869,0.0186891576796236,0.0510706401795496,0.142223505893075
2004,25,6.27345309381238,43.9021539078816,51.934817214891,116.013822260979,103.875753522436,0.0003500207275339,0.0010626513400803,0.0131919244554367,0.0419765522059672,0.124862796392401
2004,25,21.8697113157666,129.293262707204,112.112811747357,212.504195211873,176.2200190178,0.0005945158795205,0.001577957508865,0.0156652023061872,0.0456691060486892,0.131450071229306
2004,26,10.1375678442702,86.7982699216872,68.2295237877851,95.6386946254235,71.195943820834,0.0005374411175438,0.00213666164651,0.021189678027366,0.0506198619725781,0.139965989926519
2004,26,8.06586826347305,50.1097387382209,50.4246914421346,107.783281714963,93.616419841208,0.0004500266496864,0.0012129058891501,0.0128083385263676,0.0389985474460176,0.112530668353646
2004,26,18.2034361077433,136.908008659908,118.65421522992,203.421976340386,164.812363662042,0.0004948502370074,0.0016708915512317,0.0165792138925852,0.0437172536799123,0.122940611762489
2004,27,10.9173807553679,83.4958506276108,71.0766021012172,103.165901020441,72.3442654953636,0.0005787827419703,0.0020553679450029,0.0220738799011466,0.0546038785910314,0.142223505893075
2004,27,17.0279441117764,45.6180186211428,50.4239583926403,107.130700286774,105.799378587667,0.0009500562604491,0.0011041838339249,0.0128081523250084,0.0387624280090817,0.127175070399668
2004,27,27.9453248671443,129.113869248754,121.500560493858,210.296601307215,178.143644083031,0.0007596780383607,0.001575768104337,0.0169769255697602,0.0451946738143338,0.1328849856803
2004,28,8.57794202207481,76.4094249992018,60.6217005266704,96.194988631219,71.195943820834,0.0004547578686909,0.0018809255988048,0.0188269570754577,0.0509142985068682,0.139965989926519
2004,28,9.85828343313373,47.4934952229927,55.1159254581349,124.573041580539,126.9592543052,0.000550032571839,0.0011495797324593,0.0139999554042278,0.0450734807409274,0.152610084479602
2004,28,18.4362254552085,123.902920222194,115.737625984805,220.768030211758,198.155198126034,0.0005011784853163,0.001512171162218,0.0161716872249664,0.0474450801964105,0.147812462246378
2004,29,10.1375678442702,88.4239348153042,47.5045629868969,85.0346338817538,68.8993004717749,0.0005374411175438,0.002176679677185,0.0147532378747641,0.0450073210099926,0.135450957993405
2004,29,3.58483033932136,44.2965925855798,46.4334353142802,105.168179883306,104.516961877513,0.000200011844305,0.0010721987256212,0.0117945225134394,0.0380523415851886,0.125633554394824
2004,29,13.7223981835916,132.720527400884,93.9379983011771,190.20281376506,173.416262349288,0.0003730357254129,0.0016197855047328,0.0131256876416793,0.0408763340598288,0.12935862886175
2004,30,16.3760711330519,87.0371602499268,70.1891901128083,102.479152171585,72.9184263326284,0.0008681741129554,0.0021425422683534,0.0217982811094785,0.0542403946259369,0.143352263876354
2004,30,11.6506986027944,47.5249083988995,46.2718455670547,108.470752133431,107.08179529782,0.0006500384939915,0.0011503400881709,0.0117534772214275,0.0392472905470418,0.128716586404512
2004,30,28.0267697358463,134.562068648826,116.461035679863,210.949904305016,180.000221630448,0.0007618920715983,0.0016422605647571,0.0162727671911783,0.0453350746372858,0.134269886511722
2004,31,7.7981291109771,77.0472831230655,58.3199493197,97.7678904390995,74.066748007158,0.0004134162442645,0.0018966273747781,0.0181121145224523,0.051746807490007,0.14560977984291
2004,31,8.06586826347305,47.5213705846354,51.1254023797748,115.434688278606,112.852670493511,0.0004500266496864,0.0011502544554004,0.0129863255926587,0.0417670077967619,0.135653408426313
2004,31,15.8639973744502,124.568653707701,109.445351699475,213.202578717706,186.919418500669,0.0004312539025141,0.0015202960956473,0.0152924857482624,0.0458191950874431,0.139431212259554
2004,32,12.4770065775634,87.31687640116,64.5966545982013,88.3034486494188,64.3060137736565,0.0006614659908232,0.0021494278753221,0.0200614372868583,0.0467374465935881,0.126420894127178
2004,32,8.96207584830339,39.4489913453725,40.0161338295601,105.643753548483,110.929045428281,0.0005000296107627,0.0009548625702041,0.0101644685162547,0.0382244154156604,0.133341134419046
2004,32,21.4390824258668,126.765867746533,104.612788427761,193.947202197902,175.235059201938,0.0005828094738195,0.0015471119584275,0.0146172455136366,0.0416810375728886,0.130715347452322
2004,33,11.6971936664656,85.1934313335343,63.2747365537425,99.4712470900404,76.3633913562171,0.0006201243663967,0.0020971562846722,0.0196508962749091,0.0526483639039501,0.150124811776024
2004,33,3.58483033932136,50.2965925855798,52.0964069621165,112.35245836593,100.669711747052,0.000200011844305,0.0012174286852688,0.0132329697474486,0.0406517839181003,0.12100900638029
2004,33,15.282024005787,135.490023919114,115.371143515859,211.82370545597,177.033103103269,0.0004154332817417,0.0016535857796676,0.016120479678494,0.0455228625413722,0.132056585526298
2004,34,7.7981291109771,81.2344506762569,70.4572536969618,109.127649298733,80.3825172170707,0.0004134162442645,0.001999700400617,0.0218815321820895,0.0577593260398323,0.158026117658973
2004,34,6.27345309381238,48.0196016775033,54.6847751157021,111.27608343116,98.7460866818221,0.0003500207275339,0.0011623141356525,0.0138904392250762,0.0402623259400595,0.118696732373023
2004,34,14.0715822047895,129.25405235376,125.142028812664,220.403732729893,179.128603898893,0.0003825280978763,0.001577478966748,0.0174857375156618,0.0473667893169483,0.133619709457285
2004,35,8.57794202207481,71.6481218077124,59.8267097123642,91.6412126841921,64.3060137736565,0.0004547578686909,0.0017637194157111,0.0185800610331775,0.048504065799329,0.126420894127178
2004,35,4.4810379241517,44.576556655182,58.6752981940622,120.414436733093,112.852670493511,0.0002500148053813,0.0010789752540431,0.0149040690366453,0.0435687988842251,0.135653408426313
2004,35,13.0589799462265,116.224678462894,118.502007906426,212.055649417285,177.158684267168,0.000355001071403,0.0014184621863187,0.0165579463989077,0.0455727094319527,0.132150261903315
2004,36,12.4770065775634,83.1297088479686,59.5586461282106,104.155477880128,82.6791605661298,0.0006614659908232,0.0020463548494832,0.0184968099605665,0.0551276440422937,0.162541149592086
2004,36,8.96207584830339,56.2722550382014,48.2131216822439,106.318002263892,103.234545167359,0.0005000296107627,0.0013620695547457,0.0122465793296481,0.0384683745909601,0.124092038389979
2004,36,21.4390824258668,139.40196388617,107.771767810454,210.47348014402,185.913705733489,0.0005828094738195,0.0017013289869778,0.0150586406614318,0.0452326867031982,0.138681007965973
2004,37,14.8164453108565,78.3128764976542,61.148627756823,91.1193933119507,66.6026571227157,0.0007854908641025,0.0019277817379468,0.0189906020451267,0.0482278760761116,0.130935926060292
2004,37,10.7544910179641,46.362392098919,45.8406952246219,116.342501034523,116.699920623972,0.0006000355329152,0.0011222013889482,0.0116439610422759,0.0420954759809778,0.140277956440846
2004,37,25.5709363288206,124.675268596573,106.989322981445,207.461894346474,183.302577746688,0.0006951316129505,0.0015215972753138,0.014949311884918,0.0445854692163823,0.136733255595006
2004,38,16.3760711330519,74.1854315265226,53.7164469057591,98.7844982411845,76.9375521934819,0.0008681741129554,0.0018261788675687,0.0166824294164414,0.0522848799388556,0.151253569759302
2004,38,7.16966067864271,46.887933900691,56.7876409781167,123.760343557657,124.394420884893,0.0004000236886101,0.0011349221247256,0.0144245866253089,0.0447794273228058,0.149527052469913
2004,38,23.5457318116946,121.073365427214,110.504087883876,222.544841798842,201.331973078375,0.0006400775600038,0.0014776379070274,0.0154404199250886,0.0478269333486184,0.150182154952645
2004,39,14.8164453108565,98.261347242335,75.8557469252088,97.3346075852079,63.7318529363917,0.0007854908641025,0.0024188414374678,0.0235581133303805,0.0515174785730348,0.1252921361439
2004,39,8.06586826347305,38.9330024310498,60.8868679539529,125.467632633397,109.646628718127,0.0004500266496864,0.0009423730620031,0.0154658282333647,0.0453971649994188,0.131799618414201
2004,39,22.8823135743296,137.194349673385,136.742614879162,222.802240218605,173.378481654519,0.0006220429059939,0.0016743861954448,0.0191066542045727,0.0478822506364358,0.1293304466209
2004,40,13.2568194886611,92.5370634900623,65.0403605924058,93.9698126080368,71.195943820834,0.0007028076152496,0.0022779301317672,0.0201992366826924,0.0497365523697076,0.139965989926519
2004,40,7.16966067864271,46.9466577855018,55.3311341046041,109.547127068201,109.00542036305,0.0004000236886101,0.0011363435359625,0.014054620393124,0.0396367485250827,0.131028860411779
2004,40,20.4264801673038,139.483721275564,120.37149469701,203.516939676238,180.201364183884,0.0005552824473461,0.0017023267936987,0.0168191644374779,0.0437376621742077,0.134419927370437
2004,41,8.57794202207481,84.2159409566486,71.6959505054725,105.720935996852,75.7892305189523,0.0004547578686909,0.0020730939825087,0.0222662276202038,0.0559562132119461,0.148996053792746
2004,41,7.16966067864271,32.300130399844,47.2428501493965,112.56435511922,107.723003652897,0.0004000236886101,0.0007818244390966,0.0120001213762174,0.0407284531886528,0.129487344406935
2004,41,15.7476027007175,116.516071356493,118.938800654869,218.285291116072,183.512234171849,0.0004280897783597,0.0014220184861201,0.0166189781994984,0.0469115167298679,0.136889647315849
2004,42,7.01831619987939,76.1110056086312,64.6982757104585,100.679815311138,73.4925871698932,0.000372074619838,0.0018735795852612,0.0200929972117995,0.0532880375922621,0.144481021859632
2004,42,7.16966067864271,59.3582896319163,64.3375367924041,125.152175562912,117.982337334125,0.0004000236886101,0.0014367670013317,0.0163423300692954,0.0452830251501328,0.14181947244569
2004,42,14.1879768785221,135.469295240547,129.035812502863,225.83199087405,191.474924504018,0.0003856922220308,0.0016533327968492,0.0180298047662535,0.0485333719182847,0.142829359598111
2004,43,10.9173807553679,97.3991086063342,76.391874093516,102.966496910272,68.3251396345101,0.0005787827419703,0.0023976162192078,0.0237246154756026,0.0544983375380817,0.134322200010127
2004,43,12.5469061876248,50.510688391709,53.0123265462259,118.970824569241,126.9592543052,0.0007000414550678,0.0012226108728162,0.013465621802636,0.0430464657675313,0.152610084479602
2004,43,23.4642869429927,147.909796998043,129.404200639742,221.937321479513,195.28439393971,0.0006378635267662,0.0018051626969636,0.0180812785862521,0.0476963716443543,0.145671006259249
2004,44,7.01831619987939,77.9175215660781,72.2228777356251,106.181249793141,78.6600347052763,0.000372074619838,0.0019180495195533,0.0224298725898728,0.0561998491265046,0.154639843709137
2004,44,14.3393213572854,52.4240891452555,48.6435389751824,107.839837992461,123.753212529816,0.0008000473772203,0.0012689247251874,0.0123559093074406,0.0390190108484697,0.14875629446749
2004,44,21.3576375571648,130.341610711334,120.866416710807,214.021087785602,202.413247235092,0.000580595440582,0.0015907520549255,0.0168883184739442,0.0459951002143339,0.150988723727924
2004,45,10.1375678442702,86.7530571557298,77.9170343624893,122.939019234116,83.2533214033946,0.0005374411175438,0.0021355486706057,0.0241982763374341,0.0650694387773543,0.163669907575364
2004,45,8.96207584830339,54.3897028078231,55.493456901324,114.790552434576,108.364212007974,0.0005000296107627,0.0013165023906703,0.0140958518864951,0.0415339441724652,0.130258102409357
2004,45,19.0996436925736,141.142759963553,133.410491263813,237.729571668692,191.617533411369,0.0005192131393263,0.0017225745042166,0.0186410661087065,0.0510902714585108,0.142935737699383
2004,46,7.01831619987939,74.3497024171419,66.5655208613791,110.109782467264,80.9566780543354,0.000372074619838,0.0018302226268734,0.0206728975445239,0.0582791516776083,0.159154875642251
2004,46,6.27345309381238,42.3725096391069,50.8014898358294,113.135043517433,115.417503913818,0.0003500207275339,0.0010256263108421,0.0129040488072757,0.040934941785219,0.138736440436001
2004,46,13.2917692936918,116.722212056249,117.367010697208,223.244825984697,196.374181968153,0.0003613293197119,0.0014245343269168,0.0163993564873512,0.0479773663882315,0.146483925896655
2004,47,6.23850328878168,85.7488637324949,60.1779945324659,102.452121229187,80.3825172170707,0.0003307329954116,0.0021108290353522,0.0186891576796236,0.0542260876283506,0.158026117658973
2004,47,3.58483033932136,37.1791448159581,42.928414527091,109.737356534272,111.570253783357,0.000200011844305,0.0008999209502253,0.0109042147792653,0.0397055780572714,0.134111892421468
2004,47,9.82333362810304,122.928008548453,103.106409059557,212.189477763459,191.952771000428,0.0002670418345908,0.0015002728686499,0.0144067634359418,0.0456014703744256,0.143185805797242
2004,48,11.6971936664656,77.5288701633216,72.6941835442932,118.419717920643,78.6600347052763,0.0006201243663967,0.0019084823179618,0.0225762435123662,0.0626774528808878,0.154639843709137
2004,48,8.06586826347305,45.4626466998245,48.8065948213965,127.369927294108,135.294962921198,0.0004500266496864,0.0011004230576143,0.0123973270021708,0.0460854603213059,0.162629938511091
2004,48,19.7630619299387,122.991516863146,121.50077836569,245.789645214751,213.954997626474,0.0005372477933362,0.0015010479548373,0.0169769560123677,0.0528224553957182,0.159598210433886
2004,49,8.57794202207481,89.261153722606,92.1804475366707,132.85633112893,86.1241255897186,0.0004547578686909,0.0021972889995895,0.0286279882268538,0.0703184957748453,0.169313697491756
2004,49,4.4810379241517,47.4585442328218,67.6809678323678,134.290528864845,132.088921145814,0.0002500148053813,0.0011487337439773,0.0171915925114576,0.0485894980942983,0.158776148498979
2004,49,13.0589799462265,136.719697955428,159.861415369038,267.146859993775,218.213046735533,0.000355001071403,0.0016685933163205,0.0223369780284584,0.0574123172837408,0.162774471915432
2004,50,10.9173807553679,87.0184570105895,81.0969976197141,124.972234838286,88.9949297760425,0.0005787827419703,0.0021420818617785,0.0251858605065546,0.0661455836750515,0.174957487408148
2004,50,5.37724550898204,62.5623366479914,66.5483735028006,133.140706484258,133.371337855968,0.0003000177664576,0.0015143209378073,0.0169039030646557,0.0481734650885269,0.160317664503824
2004,50,16.2946262643499,149.580793658581,147.645371122515,258.112941322544,222.36626763201,0.0004429603082151,0.0018255563483617,0.0206300651295618,0.0554708450722376,0.165872537536557
2004,51,13.2568194886611,89.7305475326155,77.0388223122349,136.792307494209,98.1815031722792,0.0007028076152496,0.0022088437892398,0.0239255347213191,0.0724017381394354,0.193017615140602
2004,51,15.2355289421158,59.5278815604252,65.2549224755021,144.915828905068,141.065838116889,0.0008500503382966,0.0014408719728207,0.0165753545272011,0.0524339836318852,0.169566760532891
2004,51,28.4923484307769,149.258429093041,142.293744787737,281.708136399277,239.247341289168,0.0007745485682162,0.001821622055297,0.01988229769875,0.0605416695099597,0.178464854499345
2004,52,12.4770065775634,94.8846955500962,95.1015471478964,148.316995830458,106.219754893986,0.0006614659908232,0.0023357204009433,0.0295351784989163,0.0785015509311377,0.208820226906499
2004,52,11.6506986027944,52.4656198613501,63.2592944115749,155.627798094168,167.996589030113,0.0006500384939915,0.0012699299758912,0.016068446520737,0.0563098281229272,0.201938596634624
2004,52,24.1277051803578,147.350315411446,158.360841559471,303.944793924626,274.216343924099,0.0006558981807762,0.0017983345130957,0.0221273071448559,0.0653205317328021,0.204549733577216
2004,53,11.6971936664656,114.612979205875,97.8286044727622,149.306572690145,116.554649964752,0.0006201243663967,0.0028213598851957,0.0303821060966496,0.0790253163824,0.22913787060551
2004,53,9.85828343313373,73.0812987238397,82.7822255599312,184.304686281908,176.973506001188,0.000550032571839,0.0017689323441089,0.0210274518021489,0.0666858063525682,0.212729208668536
2004,53,21.5554770995993,187.694277929715,180.610830032693,333.611258972053,293.52815596594,0.000585973597974,0.0022907117434332,0.0252362343522905,0.0716961279274554,0.218955242568851
2005,1,13.0909090909091,90.5376198838309,95.360499875321,160.334901996163,121.676069153776,0.0006828606519155,0.0021881494755949,0.0292614178691602,0.0830424442984988,0.226755022471431
2005,1,14.8568376068376,59.7267689505394,73.9677459827593,187.389867652561,192.058779807303,0.0008156871885713,0.0014201994673886,0.0186606895371066,0.0662361385925604,0.221990918139557
2005,1,27.9477466977467,150.26438883437,169.32824585808,347.724769648724,313.734848961079,0.0007475741801972,0.0018010501888327,0.023443759117599,0.0730533145411901,0.223814625794825
2005,2,14.7272727272727,131.901256247467,93.2018245400914,161.61550635778,127.554140127389,0.0007682182334049,0.0031878424135573,0.0285990272450487,0.0837057092211327,0.237709371383095
2005,2,6.11752136752137,52.9502381953202,85.5409934611303,199.798950420058,187.59229655597,0.000335871195294,0.0012590652634393,0.0215804050869129,0.0706223401321145,0.216828338647939
2005,2,20.8447940947941,184.851494442787,178.742818001222,361.414456777838,315.146436683359,0.0005575773254754,0.0022156069149502,0.0247472212801023,0.0759293737325556,0.224821635309021
2005,3,6.54545454545455,116.288869377279,95.8152087875463,162.215799409829,138.134667879891,0.0003414303259577,0.0028105159918265,0.029400945530056,0.0840166197073519,0.257427199424089
2005,3,8.73931623931624,51.7311755639625,72.4582524236841,177.516478006969,173.554777766068,0.0004798159932772,0.0012300780583688,0.0182798723269847,0.0627462209511419,0.200603088817141
2005,3,15.2847707847708,168.020044941242,168.27346121123,339.732277416798,311.689445645959,0.0004088522810981,0.0020138672643368,0.0232977225419741,0.0713741760386993,0.22235545994478
2005,4,9.81818181818182,112.814804808861,101.356042223018,155.800780067136,115.210191082803,0.0005121454889366,0.0027265534072863,0.0311011530867564,0.0806940811969778,0.214705238668602
2005,4,8.73931623931624,57.8442903180608,68.6842623671886,175.777903555369,186.954227520066,0.0004798159932772,0.0013754373749769,0.0173277646775667,0.062131692216092,0.216090827291994
2005,4,18.5574980574981,170.659095126922,170.040304590207,331.578683622505,302.164418602869,0.0004963944516487,0.0020454985901095,0.0235423447570412,0.0696611917934375,0.215560421489874
2005,5,13.9090909090909,99.3212211265703,87.8288102723436,151.386737564607,127.554140127389,0.0007255394426602,0.0024004350700008,0.0269503150852856,0.0784079109740009,0.237709371383095
2005,5,7.86538461538461,46.3154897015553,75.3513447285846,184.218655967649,195.249124986826,0.0004318343939495,0.0011013023969279,0.0190097458223393,0.065115219840125,0.225678474919283
2005,5,21.7744755244755,145.636710828126,163.180155000928,335.605393532256,322.803265114215,0.0005824453708372,0.0017455834184844,0.022592546371859,0.0705071611671474,0.230283923593865
2005,6,9.0,101.024517087667,81.3298104214755,146.08425301861,117.561419472247,0.0004694666981919,0.0024416010092959,0.0249560936768775,0.0756615889188995,0.219086978233267
2005,6,10.4871794871795,61.8385035729298,73.3387110458947,167.628001738307,162.707604155689,0.0005757791919327,0.0014704128715067,0.0185019956968542,0.059250970685985,0.18806539576607
2005,6,19.4871794871795,162.863020660597,154.66852146737,313.712254756917,280.269023627936,0.0005212624970105,0.001952055815686,0.0214140974648453,0.0659076431205485,0.199940512993344
2005,7,11.4545454545455,109.377549642037,99.7251986864326,160.178829965848,122.263876251137,0.000597503070426,0.0026434804471133,0.0306007279184148,0.0829616097283418,0.227850457362598
2005,7,10.4871794871795,61.1281210592686,56.4821263284145,157.795519215451,176.107053909686,0.0005757791919327,0.0014535212015692,0.0142493922155726,0.0557755123634446,0.203553134240922
2005,7,21.941724941725,170.505670701306,156.207325014847,317.974349181299,298.370930160823,0.0005869191249234,0.0020436596641146,0.0216271472104063,0.0668030643035236,0.212854192969437
2005,8,13.0909090909091,99.9336079967581,82.1932805555673,127.435523557857,89.3466787989081,0.0006828606519155,0.0024152354812617,0.0252210499265221,0.0660028305437619,0.166506103457283
2005,8,9.61324786324786,59.7124351968614,63.9039188752327,141.566795950205,144.203602114453,0.0005277975926049,0.0014198586354685,0.01612177273339,0.0500391938695856,0.166677566443654
2005,8,22.704156954157,159.64604319362,146.0971994308,269.002319508062,233.550280913361,0.000607313416199,0.0019134975257325,0.0202273845917128,0.0565145562658202,0.166611930105938
2005,9,12.2727272727273,95.7540186410914,83.4641114612321,126.399042533957,91.1101000909918,0.0006401818611708,0.0023142214909609,0.025611005036031,0.0654660047084504,0.169792408130782
2005,9,5.24358974358974,65.4214375788146,79.3767584704261,165.717093302814,158.241120904356,0.0002878895959663,0.0015556088574315,0.0200252830013743,0.0585755275707482,0.182902816274452
2005,9,17.516317016317,161.175456219906,162.840869931658,292.116135836771,249.351220995348,0.0004685439035628,0.0019318288791633,0.0225455718260834,0.0613705258195976,0.177884128598924
2005,10,9.81818181818182,91.0005403214913,63.6056988274134,107.458199597063,81.1173794358508,0.0005121454889366,0.0021993375222236,0.0195174410230894,0.0556559516571732,0.151170014980954
2005,10,5.24358974358974,58.3400168137873,63.7781704384444,144.520413782011,146.117809222167,0.0002878895959663,0.0013872248953395,0.0160900487365654,0.0510832003706187,0.16889010051149
2005,10,15.0617715617716,149.340557135279,127.383869265858,251.978613379074,227.235188658018,0.0004028872756499,0.0017899772575214,0.0176364949120152,0.0529380547708186,0.162106820091319
2005,11,10.6363636363636,76.3836957990004,62.813951129447,99.9266809729505,75.2393084622384,0.0005548242796813,0.0018460717668638,0.0192744928394344,0.0517551433612919,0.140215666069291
2005,11,7.86538461538461,49.7816099201345,49.1860822183845,129.448563777927,132.718359468169,0.0004318343939495,0.0011837207526305,0.0124087356945798,0.0457557984239576,0.153402362036637
2005,11,18.5017482517482,126.165305719135,112.000033347832,229.375244750878,207.957667930407,0.0004949032002866,0.0015122015898261,0.0155065788915708,0.0481893249068109,0.148354471245822
2005,12,7.36363636363636,84.464001080643,81.2093393944041,123.913887583519,94.049135577798,0.0003841091167024,0.0020413598226726,0.0249191270809717,0.0641788654831438,0.175269582586614
2005,12,5.24358974358974,52.6296343001261,61.2624698203704,140.612429919077,128.251876216837,0.0002878895959663,0.0012514418562268,0.0154553841597493,0.0497018569500516,0.148239782545019
2005,12,12.6072261072261,137.093635380769,142.471809214775,264.526317502596,222.301011794635,0.000337230647737,0.0016431871836411,0.0197254436751156,0.0555741953512882,0.158586838323465
2005,13,13.0909090909091,88.7322707010671,74.7820619796613,123.345622650564,94.049135577798,0.0006828606519155,0.0021445170731461,0.0229469137385532,0.0638845433583031,0.175269582586614
2005,13,5.24358974358974,55.3400168137873,58.4946868228737,136.527759325773,147.393947293977,0.0002878895959663,0.0013158900738344,0.0147571238770254,0.0482580605969601,0.170365123223381
2005,13,18.3344988344988,144.072287514854,133.276748802535,259.873381976337,241.443082871775,0.0004904294462005,0.0017268324361284,0.0184523732533209,0.0545966625661401,0.172242559035573
2005,14,9.0,84.2236255572065,78.4037616837524,120.316197836384,84.056414922657,0.0004694666981919,0.0020355503307042,0.024058234134069,0.0623155098025644,0.156647189436786
2005,14,7.86538461538461,43.6368011769651,53.8404577088599,137.006030527956,141.651325970835,0.0004318343939495,0.0010376078076714,0.0135829482498349,0.0484271136948115,0.163727521019872
2005,14,16.8653846153846,127.860426734172,132.244219392612,257.32222836434,225.707740893492,0.0004511321150114,0.0015325190985047,0.0183094179498782,0.0540606920413818,0.161017157432005
2005,15,9.0,95.8254086181278,74.7576876841883,107.414173943362,77.0027297543221,0.0004694666981919,0.0023159468725317,0.0229394344735952,0.0556331493985904,0.14350197074279
2005,15,4.36965811965812,51.3904511699594,48.4312256565008,139.567544149526,158.241120904356,0.0002399079966386,0.0012219762204259,0.0122182993934703,0.0493325242880866,0.182902816274452
2005,15,13.3696581196581,147.215859788087,123.188913340689,246.981718092888,235.243850658678,0.0003576249390125,0.0017645109006018,0.0170556967367301,0.0518882596600478,0.167820102166073
2005,16,12.2727272727273,95.3513440497096,75.9811704492007,109.331063960847,74.0636942675159,0.0006401818611708,0.0023044894900855,0.0233148607820725,0.0566259664990564,0.138024796286958
2005,16,6.11752136752137,54.4977791789267,53.0856011469761,133.009703299836,142.289395006739,0.000335871195294,0.0012958631167185,0.0133925119487255,0.0470145438079822,0.164465032375818
2005,16,18.3902486402487,149.849123228636,129.066771596177,242.340767260683,216.353089274255,0.0004919206975625,0.0017960728671704,0.0178694953582816,0.0509132447329899,0.154343662732472
2005,17,6.54545454545455,90.0763879508307,71.2564590071686,115.301862281805,85.8198362147407,0.0003414303259577,0.0021770022374234,0.0218650806739852,0.0597184290933683,0.159933494110285
2005,17,8.73931623931624,43.7311755639625,55.8530182033191,121.529166063803,123.1473239296,0.0004798159932772,0.0010398518676884,0.0140906799112878,0.0429565524928227,0.142339691697457
2005,17,15.2847707847708,133.807563514793,127.109477210488,236.831028345608,208.967160144341,0.0004088522810981,0.0016038007368546,0.017598504904989,0.049755706573113,0.149074630714407
2005,18,10.6363636363636,89.9854788599217,67.8025784708013,107.458199597063,81.1173794358508,0.0005548242796813,0.0021748051100873,0.0208052556754067,0.0556559516571732,0.151170014980954
2005,18,5.24358974358974,52.9689785624212,57.8657250742398,123.860175582436,125.061531037314,0.0002878895959663,0.00125951087702,0.0145984485008052,0.0437804874871257,0.144552225765293
2005,18,15.8799533799533,142.954457422343,125.668303545041,231.318375179499,206.178910473165,0.0004247728182875,0.0017134342643139,0.0173989721685094,0.0485975561597643,0.147085527308
2005,19,13.9090909090909,78.7149804133459,63.4608535048691,99.8586602500371,84.056414922657,0.0007255394426602,0.0019024151875643,0.0194729951622255,0.0517199133083006,0.156647189436786
2005,19,5.24358974358974,57.7427490542245,49.9406460273452,113.754105460669,119.318909714172,0.0002878895959663,0.0013730228989998,0.01259909813956,0.0402083249705665,0.137914623561784
2005,19,19.1526806526806,136.45772946757,113.401499532214,213.612765710706,203.375324636829,0.0005123149888381,0.0016355652948228,0.0157006140655114,0.0448777939496293,0.145085483267878
2005,20,9.0,68.4182763744428,51.7810328494499,93.507697145534,82.2929936305732,0.0004694666981919,0.0016535603184835,0.0158890362559497,0.0484305515206835,0.153360884763287
2005,20,10.4871794871795,62.5308532997058,53.2115691484567,131.79465991963,126.975738145028,0.0005757791919327,0.0014868757528996,0.0134242913376471,0.0465850660419991,0.146764759833129
2005,20,19.4871794871795,130.949129674149,104.992601997907,225.302357065164,209.268731775601,0.0005212624970105,0.0015695399060057,0.0145363891174534,0.0473336540683602,0.149289768248615
2005,21,6.54545454545455,77.2754964203701,71.7842908058129,105.209134934459,68.1856232939035,0.0003414303259577,0.0018676251616237,0.0220270461297551,0.0544910909522191,0.127070447375295
2005,21,5.24358974358974,52.2269020596889,53.5886680823602,113.450344615617,115.490495498744,0.0002878895959663,0.0012418655787315,0.0135194264000564,0.0401009555290707,0.133489555426112
2005,21,11.7890442890443,129.502398480059,125.372958888173,218.659479550076,183.676118792648,0.0003153451050993,0.0015521995666844,0.0173580812412031,0.0459380554141184,0.1310323093885
2005,22,11.4545454545455,93.1628393894367,59.2166257208289,94.9803661412854,68.1856232939035,0.000597503070426,0.0022515968325266,0.0181706517088767,0.0491932927050872,0.127070447375295
2005,22,8.73931623931624,38.7628695530335,47.4247990328097,111.944450640192,116.128564534648,0.0004798159932772,0.0009217141268642,0.0119643966346793,0.0395686716691615,0.134227066782057
2005,22,20.1938616938617,131.92570894247,106.641424753639,206.924816781477,184.314187828551,0.000540165536924,0.001581245063091,0.0147646711935896,0.0434727262656219,0.131487500078903
2005,23,10.6363636363636,79.5828042685398,59.0244322576321,94.868319764671,72.8880800727935,0.0005548242796813,0.0019233891022319,0.0181116770469813,0.0491352603935131,0.135833926504626
2005,23,8.73931623931624,53.278716547569,43.0219936041418,112.812649679373,123.1473239296,0.0004798159932772,0.001266875911648,0.0108536505371058,0.0398755513986021,0.142339691697457
2005,23,19.3756798756798,132.861520816109,102.046425861774,207.680969444044,196.035404002394,0.0005182799942863,0.0015924615872775,0.0141284864470896,0.0436315859820448,0.13984927315096
2005,24,5.72727272727273,74.2927867080913,56.3379251237583,90.166128270723,73.4758871701547,0.000298751535213,0.0017955378381316,0.0172873209670997,0.0466998488246309,0.136929361395792
2005,24,6.99145299145299,42.5107328008967,50.4439325274216,125.249729319773,130.804152360456,0.0003838527946218,0.0010108318454683,0.0127260679829878,0.0442716489094644,0.151189827968801
2005,24,12.7187257187257,116.803519508988,106.78185765118,215.415857590496,204.280039530611,0.0003402131504611,0.001399992390079,0.014784114346771,0.0452566045772819,0.145730895870505
2005,25,12.2727272727273,89.7495609887883,74.4464236442138,114.177329950504,79.3539581437671,0.0006401818611708,0.0021691033524459,0.0228439229446786,0.0591359987408912,0.147883710307455
2005,25,6.99145299145299,47.7686562981645,48.8086173433273,117.750432688788,118.680840678267,0.0003838527946218,0.00113585619019,0.0123135083120089,0.0416208948573957,0.137177112205839
2005,25,19.2641802641803,137.518217286953,123.255040987541,231.927762639292,198.034798822034,0.0005152974915622,0.0016482761693165,0.0170648522123329,0.0487255820516865,0.141275617099858
2005,26,6.54545454545455,67.2732675942186,52.8123221512655,92.0149975652943,79.3539581437671,0.0003414303259577,0.0016258872874803,0.0162054879025317,0.0476574358721055,0.147883710307455
2005,26,6.11752136752137,43.3846644248284,44.0282738513714,102.721666180677,109.747874175602,0.000335871195294,0.0010316124309352,0.0111075163678322,0.0363087215057814,0.126851953222604
2005,26,12.6629759129759,110.657932019047,96.8405960026369,194.736663745971,189.101832319369,0.000338721899099,0.0013263321463239,0.0134077312027041,0.0409121235847186,0.134902947434207
2005,27,14.7272727272727,69.6910036471701,64.7330848608274,104.372751594575,73.4758871701547,0.0007682182334049,0.00168432010119,0.019863380000619,0.0540579019456474,0.136929361395792
2005,27,9.61324786324786,48.0337466722713,43.9025986028138,113.131497147495,119.318909714172,0.0005277975926049,0.0011421595816966,0.0110758108350399,0.0399882534638364,0.137914623561784
2005,27,24.3405205905206,117.724750319441,108.635683463641,217.50424874207,192.794796884327,0.0006510845014743,0.0014110341474641,0.0150407794151008,0.0456953535793593,0.13753746344324
2005,28,6.54545454545455,75.8705930028367,58.7131682176576,101.631475771813,75.2393084622384,0.0003414303259577,0.0018336708928868,0.0180161655180647,0.0526381097358139,0.140215666069291
2005,28,7.86538461538461,36.4105716687684,42.518853480527,108.990832808386,114.214357426934,0.0004318343939495,0.0008657805436306,0.0107267176217425,0.0385246651681285,0.132014532714221
2005,28,14.4108391608392,112.281164671605,101.232021698185,210.622308580199,189.453665889172,0.0003854754870984,0.0013457880100724,0.0140157309234096,0.0442495303789968,0.135153941224117
2005,29,9.81818181818182,83.4032149128732,66.3395541019397,108.382634244348,84.056414922657,0.0005121454889366,0.002015722317515,0.0203563259040025,0.0561347451809105,0.156647189436786
2005,29,9.61324786324786,50.7441291859325,54.3435246442439,113.827362202783,108.471736103792,0.0005277975926049,0.0012066077993041,0.0137098627011658,0.0402342188130902,0.125376930510713
2005,29,19.4314296814297,134.147344098806,120.683078746184,222.209996447131,192.528151026449,0.0005197712456484,0.0016078733044785,0.016708760037986,0.046683981647462,0.137347241531017
2005,30,12.2727272727273,74.9464406321761,60.7513725258158,97.5535723991261,73.4758871701547,0.0006401818611708,0.0018113356080867,0.0186415895462705,0.0505260364475594,0.136929361395792
2005,30,4.36965811965812,54.9877189295222,50.5696077759791,113.030243532478,118.042771642362,0.0002399079966386,0.0013075130382708,0.0127577735157802,0.0399524636500045,0.136439600849894
2005,30,16.6423853923854,129.934159561698,111.320980301795,210.583815931604,191.518658812517,0.0004451671095631,0.0015573746010598,0.0154125629407253,0.0442414434786354,0.136627082062433
2005,31,9.81818181818182,91.4009860867216,64.2052530621831,104.160656375953,76.4149226569609,0.0005121454889366,0.0022090156559355,0.019701414544849,0.0539480512197034,0.142406535851624
2005,31,9.61324786324786,56.259976180468,47.2989774077906,108.889579193369,112.938219355125,0.0005277975926049,0.0013377651195724,0.0119326541738223,0.0384888753542966,0.130539510002331
2005,31,19.4314296814297,147.66096226719,111.504230469974,213.050235569322,189.353142012086,0.0005197712456484,0.0017698458433001,0.015437934211651,0.0447596122871641,0.135082228712715
2005,32,9.81818181818182,86.2018776171822,67.5630368669521,113.184874580304,85.2320291173794,0.0005121454889366,0.0020833615191713,0.0207317522124798,0.0586219751641626,0.158838059219119
2005,32,10.4871794871795,47.0150063051702,52.3308909615539,114.247463285923,105.919459960174,0.0005757791919327,0.0011179356942808,0.0132021125756806,0.0403827106921563,0.122426885086932
2005,32,20.3053613053613,133.216883922352,119.893927828506,227.432337866227,191.151489077553,0.0005431480396481,0.0015967209250658,0.016599500865497,0.0477811406180931,0.136365147638807
2005,33,8.18181818181818,81.0418073753884,64.5882395382831,91.0025116106068,68.1856232939035,0.0004267879074472,0.0019586508739379,0.0198189341397552,0.0471330378312026,0.127070447375295
2005,33,8.73931623931624,42.1339078043996,48.0537607814436,119.90693185029,130.166083324551,0.0004798159932772,0.0010018715975137,0.0121230720108995,0.0423831461953431,0.150452316612856
2005,33,16.9211344211344,123.175715179788,112.642000319727,210.909443460897,198.351706618455,0.0004526233663734,0.0014763687311749,0.0155954602177447,0.044309854395536,0.141501695267783
2005,34,9.81818181818182,81.6023233824125,62.1183001630789,104.40477971367,84.056414922657,0.0005121454889366,0.0019721976493933,0.0190610319867271,0.0540744903070259,0.156647189436786
2005,34,7.86538461538461,44.8630306851618,45.9150859090423,100.694417507096,111.662081283316,0.0004318343939495,0.0010667654287019,0.0115835240324604,0.0355921559529741,0.12906448729044
2005,34,17.6835664335664,126.465354067574,108.033386072121,205.099197220766,195.718496205973,0.000473017657649,0.0015157979318391,0.0149573904040566,0.043089182809296,0.139623194983035
2005,35,13.9090909090909,88.7105227610428,56.1701059560345,89.085621593122,71.1246587807097,0.0007255394426602,0.0021439914602172,0.0172358255701624,0.0461402207307366,0.132547621831127
2005,35,7.86538461538461,50.5236864228668,50.8213974024788,117.403588347764,110.385943211506,0.0004318343939495,0.001201366050919,0.0128212953655587,0.0414982968208533,0.127589464578549
2005,35,21.7744755244755,139.23420918391,106.991503358513,206.489209940886,181.510601992216,0.0005824453708372,0.001668843833778,0.0148131401211647,0.0433812098528735,0.129487456038781
2005,36,9.0,97.4205052005944,64.2769754983085,106.833911475801,83.4686078252957,0.0004694666981919,0.0023544978058888,0.0197234226108386,0.0553326133765454,0.15555175454562
2005,36,4.36965811965812,41.1325276726916,49.3117574669421,113.609768349679,113.57628839103,0.0002399079966386,0.0009780605065289,0.0124404412273721,0.0401573065616878,0.131277021358276
2005,36,13.3696581196581,138.553032873286,113.588732965251,220.44367982548,197.044896216326,0.0003576249390125,0.0016606793396327,0.0157265368256547,0.0463128971145104,0.140569432619544
2005,37,9.81818181818182,87.1974199648791,64.1579049215307,107.526220319976,72.3002729754322,0.0005121454889366,0.0021074221855423,0.0196868857438174,0.0556911817101645,0.134738491613459
2005,37,3.4957264957265,51.1195740507216,50.8212510260173,109.005919431456,106.557528996078,0.0001919263973109,0.0012155352301091,0.0128212584374941,0.038529997791867,0.123164396442877
2005,37,13.3139083139083,138.316994015601,114.979155947548,216.532139751432,178.85780197151,0.0003561336876505,0.0016578502073779,0.0159190430510831,0.0454911237111991,0.127594980765763
2005,38,9.81818181818182,73.4032149128732,67.6347593030775,105.553307114184,77.5905368516833,0.0005121454889366,0.0017740383105351,0.0207537602784694,0.0546693484539115,0.144597405633956
2005,38,10.4871794871795,50.6122740647331,53.7144897073793,112.162044493297,111.024012247411,0.0005757791919327,0.0012034725121257,0.0135511688609133,0.0396455839205639,0.128326975934494
2005,38,20.3053613053613,124.015488977606,121.349249010457,217.715351607481,188.614549099094,0.0005431480396481,0.0014864341549846,0.0168009923476505,0.0457397040696709,0.134555325510908
2005,39,7.36363636363636,90.6586518978792,68.4021327055709,99.2143415442874,69.361237488626,0.0003841091167024,0.0021910746258077,0.0209892291971663,0.0513862005634986,0.129261317157628
2005,39,12.2350427350427,47.298837046378,41.6383216700857,115.042405582989,123.785392965504,0.0006717423905881,0.0011246846993681,0.0105045757878408,0.0406636965790732,0.143077203053402
2005,39,19.5986790986791,137.957488944257,110.040454375657,214.256747127276,193.14663045413,0.0005242449997346,0.0016535412245134,0.0152352721337243,0.045013087667793,0.13778845723315
2005,40,7.36363636363636,83.6564230717277,67.1313017999062,107.258101913046,77.5905368516833,0.0003841091167024,0.0020218419537582,0.0205992740876574,0.0555523148284334,0.144597405633956
2005,40,6.11752136752137,44.3529704357573,55.8530182033191,126.958130525233,132.718359468169,0.000335871195294,0.0010546370764192,0.0140906799112878,0.0448755123970374,0.153402362036637
2005,40,13.4811577311577,128.009393507485,122.984320003225,234.216232438279,210.308896319852,0.0003606074417367,0.0015343045956361,0.0170273704708064,0.0492063654718964,0.15003180898463
2005,41,7.36363636363636,80.6631095501824,73.1024698521301,106.165597700839,81.705186533212,0.0003841091167024,0.0019494983531548,0.0224315300402956,0.0549864728373349,0.152265449872121
2005,41,6.11752136752137,60.1267409275606,48.305330843251,112.045704255209,117.404702606458,0.000335871195294,0.0014297101105845,0.0121865384685811,0.0396044614829935,0.135702089493948
2005,41,13.4811577311577,140.789850477743,121.407800695381,218.211301956048,199.10988913967,0.0003606074417367,0.0016874895559464,0.016809098919536,0.0458438980183714,0.142042573457859
2005,42,12.2727272727273,79.9442118060246,58.1853364190133,96.4730657215251,71.1246587807097,0.0006401818611708,0.0019321237444131,0.0178542000622947,0.0499664083536652,0.132547621831127
2005,42,4.36965811965812,47.1325276726916,46.6700156591568,100.565167019176,98.2626315293178,0.0002399079966386,0.0011207301495392,0.0117739787976022,0.035546470167834,0.113576748815587
2005,42,16.6423853923854,127.076739478716,104.85535207817,197.038232740701,169.387290310027,0.0004451671095631,0.0015231259209836,0.0145173866525019,0.0413956590080941,0.120838832921112
2005,43,9.0,85.4227340267459,66.4112765380651,108.582731928365,87.5832575068244,0.0004694666981919,0.0020645308646764,0.0203783339699921,0.0562383820096502,0.163219798783784
2005,43,12.2350427350427,54.1540283032086,44.4057387264286,116.953314018483,128.251876216837,0.0006717423905881,0.0012876893142646,0.0112027437504031,0.0413391396943101,0.148239782545019
2005,43,21.2350427350427,139.576762329955,110.817015264494,225.536045946848,215.835133723661,0.0005680160850099,0.001672949632984,0.01534278819713,0.0473827496429887,0.153974159541742
2005,44,12.2727272727273,112.150006754019,72.8873025437539,106.801883356707,72.8880800727935,0.0006401818611708,0.0027104863015136,0.0223655058423267,0.0553160250151669,0.135833926504626
2005,44,6.11752136752137,49.0136261734622,51.7019292129201,123.657668352401,122.509254893695,0.000335871195294,0.0011654594248012,0.0130434371994605,0.0437089078594619,0.141602180341511
2005,44,18.3902486402487,161.163632927481,124.589231756674,230.459551709108,195.397334966489,0.0004919206975625,0.0019316871666577,0.0172495730003501,0.0484171263871565,0.139394082460556
2005,45,8.18181818181818,95.2409158449277,67.7064817392029,114.821648656253,94.049135577798,0.0004267879074472,0.0023018206169839,0.020775768344459,0.0594697114856932,0.175269582586614
2005,45,4.36965811965812,57.4718719349867,51.9532797100352,117.677175946674,129.528014288646,0.0002399079966386,0.0013665819086829,0.0131068482650451,0.041595001014872,0.14971480525691
2005,45,12.5514763014763,152.712787779914,119.659761449238,232.498824602927,223.577149866444,0.0003357393963749,0.0018303963926633,0.0165670801659192,0.0488455561602151,0.159497219704272
2005,46,9.0,85.4294205052006,90.0835823391716,124.606196427693,82.8808007279345,0.0004694666981919,0.0020646924661669,0.0276421930403448,0.0645374338167628,0.154456319654453
2005,46,7.86538461538461,51.4919924337957,52.079174523285,117.692262569744,121.87118585779,0.0004318343939495,0.001224390696403,0.0131386091899344,0.0416003336386105,0.140864668985566
2005,46,16.8653846153846,136.921412938996,142.162756862457,242.298458997437,204.751986585724,0.0004511321150114,0.0016411229469734,0.0196826548960448,0.050904356212147,0.146067577160088
2005,47,9.0,80.4227340267459,73.3190376107998,120.560321174101,91.697907188353,0.0004694666981919,0.0019436888611864,0.022497983967149,0.0624419488898869,0.170887843021948
2005,47,11.3611111111111,48.3989981785064,53.7147092720715,129.463650400997,125.061531037314,0.0006237607912604,0.0011508446320305,0.0135512242530103,0.0457611310476961,0.144552225765293
2005,47,20.3611111111111,128.821732205252,127.033746882871,250.023971575098,216.759438225667,0.0005446392910102,0.0015440411857647,0.0175880199232924,0.0525274050990524,0.154633547132638
2005,48,6.54545454545455,78.6759421856004,62.0222034314806,105.17314233064,87.5832575068244,0.0003414303259577,0.0019014716960336,0.0190315446557794,0.0544724492606063,0.163219798783784
2005,48,4.36965811965812,58.8429101863528,60.8848585688516,143.318280651637,150.5842924735,0.0002399079966386,0.0013991828316622,0.0153601198491138,0.0506582859522053,0.174052680003107
2005,48,10.9151126651127,137.518852371953,122.907062000332,248.491422982277,238.167549980324,0.0002919683110996,0.001648283781366,0.0170166739800907,0.0522054327687116,0.169905833705868
2005,49,9.0,88.6218424962853,67.8025784708013,110.343549915534,85.2320291173794,0.0004694666981919,0.0021418482000445,0.0208052556754067,0.0571503645399593,0.158838059219119
2005,49,10.4871794871795,41.1281210592686,53.0856011469761,116.360878951451,112.938219355125,0.0005757791919327,0.0009779557248683,0.0133925119487255,0.041129733435057,0.130539510002331
2005,49,19.4871794871795,129.749963555554,120.888179617777,226.704428866985,198.170248472504,0.0005212624970105,0.0015551668507457,0.0167371565727997,0.0476282145980896,0.141372245233246
2005,50,7.36363636363636,95.4573146021883,67.0352050683078,113.384972264321,88.7588717015469,0.0003841091167024,0.00230705062886,0.0205697867567098,0.0587256119929023,0.165410668566117
2005,50,7.86538461538461,52.3471836906263,56.3561583269339,117.026570760598,117.404702606458,0.0004318343939495,0.0012447256682893,0.014217612826651,0.0413650335368338,0.135702089493948
2005,50,15.229020979021,147.804498292815,123.391363395242,230.411543024919,206.163574308005,0.0004073610297361,0.0017715662481683,0.0170837262617997,0.0484070402678664,0.147074586674285
2005,51,8.18181818181818,87.6391327840065,60.990914129665,99.6585625660208,80.5295723384895,0.0004267879074472,0.0021180976779484,0.0187150930091975,0.0516162764795609,0.150074580089788
2005,51,8.73931623931624,42.6497547989351,47.802263907867,106.993757380945,100.814907672936,0.0004798159932772,0.0010141375486067,0.0120596240172502,0.0378187648627982,0.116526794239369
2005,51,16.9211344211344,130.288887582942,108.793178037532,206.652319946966,181.344480011426,0.0004526233663734,0.0015616263267987,0.015062584783921,0.0434154775485312,0.12936894663796
2005,52,14.7272727272727,95.0981358908551,81.665448756923,124.338078020764,88.1710646041856,0.0007682182334049,0.0022983698538423,0.0250590844707521,0.0643985669350318,0.16431523367495
2005,52,13.1089743589744,45.3932114333754,50.0665408405951,127.160637755267,135.270635611788,0.0007197239899158,0.001079372211715,0.0126308590644492,0.0449470920247013,0.156352407460419
2005,52,27.8362470862471,140.491347324231,131.731989597518,251.498715776031,223.441700215974,0.0007445916774731,0.0016839117344468,0.0182384989377063,0.0528372333350087,0.159400591570883
2006,1,12.1313868613139,106.808803614877,85.0162500963049,132.445407823488,113.598151604017,0.0006227159476579,0.0025339382475942,0.0258329303926707,0.0674069709347531,0.199056748094095
2006,1,8.78859962116206,52.1727636671556,60.3293475610146,145.735918198217,146.97337095245,0.0004748510951124,0.0012181547297325,0.0151257277308839,0.0507011357362814,0.162756904329682
2006,1,20.919986482476,158.981567282033,145.34559765732,278.181326021705,260.571522556467,0.0005506776793441,0.0018707973636651,0.0199663484942583,0.0574841092139539,0.176813761375374
2006,2,14.5576642335766,88.9379548140424,77.7389795833704,132.516489967607,99.2489114014041,0.0007472591371894,0.0021099691948494,0.0236216681646106,0.0674431475912437,0.173912737808525
2006,2,7.03087969692965,46.7994466051877,51.2151685047709,127.708637522458,148.245867670653,0.0003798808760899,0.0010926959437048,0.0128406277510467,0.0444294930568525,0.164166055016519
2006,2,21.5885439305063,135.73740141923,128.954148088141,260.225127490065,247.494779072057,0.000568276145017,0.0015972743071237,0.0177146298340489,0.0537735938741151,0.167940388800601
2006,3,8.08759124087591,102.672027806743,84.9093293033455,114.627150467128,83.703901181907,0.0004151439651052,0.0024357971385547,0.0258004415755455,0.0583385194462065,0.146673393332491
2006,3,12.3040394696269,57.9000794352503,58.9515013460108,134.597244028575,141.247135720537,0.0006647915331573,0.0013518788474749,0.0147802751850546,0.0468260208162305,0.156415726238915
2006,3,20.3916307105028,160.572107241993,143.860830649356,249.224394495703,224.951036902444,0.0005367697482553,0.0018895138602676,0.0197623837647337,0.0515003739354334,0.152643076917173
2006,4,8.08759124087591,92.736789711505,74.9914248970279,120.739512732303,100.444681418288,0.0004151439651052,0.0022000929741372,0.0227867996673299,0.0614493545617613,0.17600807199899
2006,4,4.39429981058103,46.6884412860164,61.0229488454016,148.285958796332,154.608351261669,0.0002374255475562,0.0010901041382288,0.0152996269127178,0.0515882880326852,0.171211808450704
2006,4,12.4818910514569,139.425230997521,136.014373742429,269.025471528635,255.053032679957,0.0003285613403144,0.0016406704188281,0.0186845039006441,0.0555921197437993,0.173069127492882
2006,5,18.6014598540146,97.4682544316997,76.3117418437194,129.380207426951,102.238336443615,0.0009548311197421,0.0023123425173946,0.0231879895074076,0.0658469630988159,0.179151073284686
2006,5,9.66745958327827,48.1725258967596,56.87069749285,148.772220688139,156.517096338973,0.0005223362046236,0.0011247552581011,0.0142585776395531,0.0517574572428886,0.17332553448096
2006,5,28.2689194372929,145.640780328459,133.182439336569,278.15242811509,258.755432782588,0.0007441239489488,0.0017138111828855,0.0182954767118497,0.0574781376757357,0.175581433065801
2006,6,11.3226277372263,111.043467500869,82.1622183897828,129.862959810316,110.608726561806,0.0005812015511473,0.0026344016590665,0.0249657079225013,0.0660926558442944,0.193818412617935
2006,6,6.15201973481344,45.5472695811035,61.4563309349711,137.871008796662,146.97337095245,0.0003323957665786,0.0010634595134846,0.0154082841376884,0.0479649548136109,0.162756904329682
2006,6,17.4746474720397,156.590737081972,143.618549324754,267.733968606978,257.582097514256,0.0004599858764402,0.001842663543426,0.0197291012062067,0.0553252402373263,0.174785253114467
2006,7,8.8963503649635,94.2567924921794,93.6502174415504,132.328693375882,93.8679463254243,0.0004566583616158,0.0022361536082052,0.0284564368069111,0.0673475701030694,0.164483733951437
2006,7,8.78859962116206,45.6582749002747,67.8438363278955,132.277107484973,123.432181665694,0.0004748510951124,0.0010660513189607,0.0170097545887854,0.0460188515248286,0.136687616623196
2006,7,17.6849499861256,139.915067392454,161.494053769446,264.605800860855,217.300127991118,0.0004655216783163,0.0016464345124393,0.0221846867692099,0.0546788275577646,0.147451465918091
2006,8,8.08759124087591,81.3432659019812,77.3818373188728,127.959544052444,105.227761485826,0.0004151439651052,0.0019297923549117,0.0235131473671325,0.0651239284812541,0.184389408760846
2006,8,8.78859962116206,65.0417266809552,61.4853497016595,143.43845632557,148.245867670653,0.0004748510951124,0.0015186254554549,0.015415559700607,0.0499018549021935,0.164166055016519
2006,8,16.876190862038,146.384992582936,138.867187020532,271.398000378014,253.473629156479,0.0004442326780593,0.0017225686152563,0.0190763992522594,0.0560823852459499,0.171997405322416
2006,9,12.9401459854015,79.2267111574557,67.2145989865766,124.554827528258,95.0637163423087,0.0006642303441684,0.0018795790874772,0.0204237431670369,0.0633911267816076,0.166579068141901
2006,9,6.15201973481344,49.1734769783436,61.6201374759532,140.172249781135,148.882116029755,0.0003323957665786,0.0011481259444239,0.0154493535879577,0.0487655503905845,0.164870630359938
2006,9,19.0921657202149,128.400188135799,128.83473646253,264.727077309393,243.945832372064,0.0005025638769541,0.0015109344911189,0.0176982260752172,0.0547038884369852,0.165532210774123
2006,10,8.08759124087591,81.4080278067431,73.0295831925801,120.998391468145,91.4764062916556,0.0004151439651052,0.0019313287700939,0.022190676924501,0.0615811087064261,0.160293065570508
2006,10,6.15201973481344,57.930721361784,56.6778721851794,137.266015765773,146.97337095245,0.0003323957665786,0.0013525942898842,0.0142102326263653,0.0477544793580209,0.162756904329682
2006,10,14.2396109756893,139.338749168527,129.70745537776,258.264407233918,238.449777244106,0.0003748298754124,0.0016396527538217,0.0178181128160601,0.0533684255655365,0.161802800244658
2006,11,12.1313868613139,84.9707083767814,68.1418375559309,123.724075737032,104.031991468942,0.0006227159476579,0.0020158500104303,0.0207054927077705,0.0629683226786541,0.182294074570382
2006,11,13.1828994317431,57.4046712538146,58.5181192564413,145.739697310043,150.154612747958,0.0007122766426686,0.0013403118194521,0.0146716179600839,0.0507024504791671,0.166279781046775
2006,11,25.314286293057,142.375379630596,126.659956812372,269.463773047075,254.1866042169,0.000666349017089,0.0016753859545945,0.0173994732468333,0.0556826915040068,0.172481202634429
2006,12,11.3226277372263,88.9600389294404,69.5331391827422,118.326822782956,96.8573713676353,0.0005812015511473,0.0021104931196831,0.0211282518631075,0.0602214364031571,0.169722069427597
2006,12,10.5463195453945,54.6481401815622,63.5661535548202,137.629767406671,147.609619311552,0.0005698213141349,0.001275951008805,0.0159372572461084,0.047881027579952,0.1634614796731
2006,12,21.8689472826208,143.608179111003,133.099292737562,255.956590189627,244.466990679187,0.0005756572141851,0.0016898927811235,0.0182840547355487,0.05289153227828,0.165885848653084
2006,13,9.70510948905109,80.5775571776156,75.0987894627671,128.575977443836,101.042566426731,0.0004981727581263,0.0019116266367544,0.0228194233286915,0.0654376570459479,0.177055739094222
2006,13,7.03087969692965,51.4256540024277,64.0191980573082,147.187145649985,146.337122593349,0.0003798808760899,0.0012007108546577,0.0160508442161593,0.0512060138811204,0.162052328986263
2006,13,16.7359891859807,132.003211180043,139.117987520075,275.763123093821,247.37968902008,0.0004405421434753,0.0015533326516581,0.0191108521029623,0.0569844055020047,0.167862293140771
2006,14,14.5576642335766,87.9703357664234,60.1502825140012,98.5966663885136,77.7250510974851,0.0007472591371894,0.0020870133444805,0.0182771888847543,0.0501799400578045,0.13619672238017
2006,14,14.0617593938593,47.6471890999782,62.371776293717,138.943368160228,132.975907052217,0.0007597617521798,0.001112489442401,0.0156378038956286,0.048338025764976,0.147256246774474
2006,14,28.6194236274359,135.617524866402,122.522058807718,237.540034548742,210.700958149702,0.0007533502854089,0.0015958636735337,0.0168310438280806,0.0490858875538642,0.142973524391066
2006,15,12.1313868613139,89.1836607577337,63.9319965626574,107.255399611061,85.4975562072336,0.0006227159476579,0.0021157983368987,0.0194262957398938,0.0545867291511787,0.149816394618188
2006,15,3.51543984846483,43.698338234333,53.9418421680902,130.595975978692,134.24840377042,0.0001899404380449,0.0010202897768882,0.0135242572797869,0.0454339903749877,0.148665397461311
2006,15,15.6468267097787,132.881998992067,117.873838730748,237.851375589753,219.745959977654,0.0004118720740502,0.0015636736864715,0.0161925106806672,0.0491502238724094,0.149111112947009
2006,16,4.85255474452555,95.3977309697602,66.1436159658636,100.500082146386,83.1060161734649,0.0002490863790631,0.0022632212987761,0.0200983156188391,0.0511486674208447,0.145625726237259
2006,16,4.39429981058103,48.3146486832565,55.2616508497172,132.41851329501,140.610887361435,0.0002374255475562,0.001128073609141,0.0138551586997792,0.0460680462275292,0.155711150895497
2006,16,9.24685455510658,143.712379653017,121.405266815581,232.918595441396,223.7169035349,0.0002434053392866,0.0016911189490537,0.0166776283929383,0.0481309014152491,0.1518056417262
2006,17,8.8963503649635,69.2057448731317,59.1511717189676,95.2280269201255,79.5187061228117,0.0004566583616158,0.001641841102533,0.0179736003402886,0.0484654994707973,0.139339723665867
2006,17,6.15201973481344,46.5665879369447,40.3768174440191,107.10864157763,122.795933306593,0.0003323957665786,0.0010872590477434,0.0101232446891651,0.0372628096237058,0.135983041279778
2006,17,15.0483700997769,115.772332810076,99.5279891629867,202.336668497756,202.314639429405,0.0003961188756694,0.001362337651523,0.0136723130840618,0.0418113728777216,0.137282892726943
2006,18,5.66131386861314,80.6861147028154,59.6152347764246,103.127090495566,81.9102461565805,0.0002906007755736,0.0019142020617743,0.0181146099548918,0.0524856611177086,0.143530392046795
2006,18,9.66745958327827,40.2939037050394,52.8242151479037,116.417220207303,115.797201356476,0.0005223362046236,0.0009408014053236,0.0132440466908207,0.0405012392054439,0.128232712502174
2006,18,15.3287734518914,120.980018407855,112.439449924328,219.544310702869,197.707447513056,0.0004034999448374,0.0014236184946653,0.0154459803246664,0.0453672046007907,0.13415663040896
2006,19,11.3226277372263,80.5341341675356,64.2527589415355,100.795037938027,86.0954412156758,0.0005812015511473,0.0019105964667465,0.0195237621912694,0.0512987826781489,0.15086406171342
2006,19,8.78859962116206,48.5465562699155,53.8454295142549,119.204723083582,119.614691511085,0.0004748510951124,0.0011334882987931,0.013500084773193,0.0414710039926209,0.132460164562685
2006,19,20.1112273583884,129.080690437451,118.09818845579,219.999761021609,205.710132726761,0.0005293886790872,0.001518942223925,0.0162233299477589,0.0454613200334777,0.139586943206981
2006,20,12.1313868613139,83.6095655196385,55.5123145761105,100.455521810377,87.2912112325602,0.0006227159476579,0.0019835581783957,0.0168679018041403,0.0511259888144396,0.152959395903884
2006,20,6.15201973481344,46.697624923145,43.1708849944852,120.184805090847,129.794665256709,0.0003323957665786,0.0010903185621967,0.0108237711615807,0.0418119718987991,0.143733370057381
2006,20,18.2834065961273,130.307190442784,98.6831995705957,220.640326901224,217.085876489269,0.0004812748766972,0.0015333749221034,0.0135562630372914,0.0455936882247906,0.147306083132011
2006,21,7.27883211678832,89.4297393117831,67.5353613654547,107.237361083162,79.5187061228117,0.0003736295685947,0.0021216363187776,0.0205212096184125,0.0545775485948591,0.139339723665867
2006,21,5.27315977269724,47.1930331045807,46.3693158678324,106.729773489429,109.434717765461,0.0002849106570674,0.0011018855902195,0.0116256792960483,0.037131002430232,0.121186959067988
2006,21,12.5519918894856,136.622772416364,113.904677233287,213.967134572591,188.953423888273,0.0003304066076065,0.0016076928088131,0.0156472608556596,0.0442147224900636,0.128216488412317
2006,22,8.8963503649635,81.5345067778936,68.8192984265268,102.850173231825,84.8996711987914,0.0004566583616158,0.0019343293645362,0.0209113451123877,0.0523447264167241,0.148768727522955
2006,22,5.27315977269724,42.4454478990609,43.931880166019,101.277277987777,103.072234174446,0.0002849106570674,0.0009910366919359,0.0110145672870898,0.0352340938441503,0.114141205633803
2006,22,14.1695101376607,123.979954676954,112.751178592546,204.127451219602,187.971905373237,0.0003729846081204,0.0014589199007298,0.0154888029716926,0.0421814248543703,0.127550467894033
2006,23,9.70510948905109,83.6099381299965,64.3601235072747,100.187087826846,74.137741046832,0.0004981727581263,0.0019835670182254,0.019556385852631,0.0509893716072209,0.129910719808778
2006,23,5.27315977269724,42.8095813239002,55.097844308735,111.565938624714,106.253475969953,0.0002849106570674,0.0009995386539281,0.0138140892495099,0.0388134913320666,0.117664082350896
2006,23,14.9782692617483,126.419519453897,119.45796781601,211.75302645156,180.391217016785,0.0003942736083773,0.0014876271995143,0.0164101249317077,0.0437571934572524,0.122406505848724
2006,24,8.8963503649635,90.8122210636079,65.8228535869855,93.6906490980128,62.7779258864303,0.0004566583616158,0.0021544343959865,0.0200008491674635,0.0476830640215517,0.110005044999368
2006,24,6.15201973481344,54.0617583479844,47.2267236932015,123.948610862565,140.610887361435,0.0003323957665786,0.0012622598842834,0.0118406479281514,0.0431213898492687,0.155711150895497
2006,24,15.0483700997769,144.873979411592,113.049577280187,217.639259960578,203.388813247865,0.0003961188756694,0.0017047879410201,0.0155297944587669,0.0449735399846422,0.138011785552028
2006,25,10.5138686131387,97.3105123392423,75.8476787862625,113.438844020354,87.8890962410024,0.0005396871546368,0.0023086002348504,0.0230469798928044,0.0577337409232241,0.154007062999116
2006,25,11.4251795075107,42.536183780807,49.6641593950149,116.306047291872,124.068430024796,0.0006173064236461,0.0009931552368574,0.0124517599371098,0.0404625624458287,0.137392191966615
2006,25,21.9390481206494,139.846696120049,125.511838181277,229.744891312226,211.957526265798,0.0005775024814772,0.0016456299613309,0.0172417544230734,0.0474750789796347,0.143826182935068
2006,26,10.5138686131387,76.3428932916232,68.5340283877085,102.090503584718,79.5187061228117,0.0005396871546368,0.0018111632252822,0.0208246633186417,0.0519580989702612,0.139339723665867
2006,26,6.15201973481344,50.0520991700638,56.5814595313442,121.145991538983,124.068430024796,0.0003323957665786,0.0011686404371067,0.0141860601197714,0.042146366090549,0.137392191966615
2006,26,16.6658883479521,126.394992461687,125.115487919053,223.236495123701,203.587136147608,0.0004386968761833,0.0014873385809458,0.0171873071774126,0.0461301671458344,0.138146359804526
2006,27,8.08759124087591,89.0468849496003,60.4000602127597,103.761562414857,83.703901181907,0.0004151439651052,0.002112553459699,0.0183530860208707,0.052808570238722,0.146673393332491
2006,27,12.3040394696269,49.2835312159309,49.4329589668859,109.272255863892,110.707214483664,0.0006647915331573,0.0011506955435906,0.0123937935431652,0.0380155252408644,0.122596109754825
2006,27,20.3916307105028,138.330416165531,109.833019179646,213.033818278749,194.411115665571,0.0005367697482553,0.0016277873108276,0.0150879309209468,0.0440218595954414,0.131919867055171
2006,28,14.5576642335766,97.6926214807091,70.8530123566539,107.192800747153,83.703901181907,0.0007472591371894,0.0023176654142696,0.0215293068589487,0.054554869988454,0.146673393332491
2006,28,7.03087969692965,56.2946170162274,54.9050190010645,113.88229605649,120.887188229288,0.0003798808760899,0.0013143937402719,0.0137657442363221,0.0396193458805829,0.133869315249522
2006,28,21.5885439305063,153.987238496936,125.758031357718,221.075096803643,204.591089411195,0.000568276145017,0.0018120271723519,0.0172755743587093,0.0456835302027228,0.138827603675838
2006,29,16.9839416058394,81.021010775113,71.6733301330489,92.9670565067044,69.3546609792944,0.000871802326721,0.001922147155604,0.0217785675825572,0.0473147976877281,0.121529383046921
2006,29,3.51543984846483,49.8293752205334,47.2557424598899,124.059783777996,132.339658693116,0.0001899404380449,0.0011634401714226,0.0118479234910699,0.0431600666088839,0.146551671431056
2006,29,20.4993814543042,130.850385995646,118.929072592939,217.0268402847,201.69431967241,0.000539606075592,0.0015397669134872,0.0163374697807366,0.0448469879977193,0.136861967721733
2006,30,9.70510948905109,79.8228905109489,56.2971400124456,91.8413489238381,75.3335110637163,0.0004981727581263,0.001893722881014,0.0171063778701191,0.0467418783274705,0.132006053999242
2006,30,6.15201973481344,47.7996843755836,59.8089091713798,118.71468207995,114.524704638273,0.0003323957665786,0.0011160499752957,0.0149952438171576,0.0413005200395318,0.126823561815337
2006,30,15.8571292238645,127.622574886533,116.106049183825,210.556031003788,189.858215701989,0.0004174078759263,0.0015017840163717,0.0159496667092827,0.0435098432197926,0.12883044515738
2006,31,12.1313868613139,86.6419464720195,52.0518066791122,91.4392339322803,74.7356260552741,0.0006227159476579,0.0020554985598667,0.0158163962446128,0.0465372253010364,0.13095838690401
2006,31,8.78859962116206,56.6679340781953,52.9590029221974,114.606020226462,118.978443151984,0.0004748510951124,0.001323110126232,0.0132778405781714,0.0398711275815595,0.131755589219266
2006,31,20.919986482476,143.309880550215,105.01080960131,206.045254158742,193.714069207258,0.0005506776793441,0.0016863825870133,0.0144254965678925,0.0425777246174816,0.131446878276741
2006,32,21.0277372262774,87.4678818213417,67.0358059679379,106.96044381942,82.5081311650227,0.0010793743092737,0.0020750930979652,0.0203694153461796,0.0544366138938746,0.144578059142027
2006,32,6.15201973481344,45.3141731424645,45.9743088987213,112.672309994713,120.887188229288,0.0003323957665786,0.0010580170659458,0.0115266434518344,0.0391983949694028,0.133869315249522
2006,32,27.1797569610908,132.782054963806,113.010114866659,219.632753814133,203.395319394311,0.0007154538795237,0.0015624976065788,0.0155243734462724,0.0453854807142158,0.138016200371475
2006,33,10.5138686131387,80.6529885297185,59.9364409280825,105.98645577248,81.9102461565805,0.0005396871546368,0.0019134161745237,0.0182122112505039,0.0539409109091519,0.143530392046795
2006,33,6.15201973481344,38.7996843755836,56.2538464493799,130.00232028328,143.792129156943,0.0003323957665786,0.000905913655174,0.0141039212192329,0.0452274591480547,0.159234027612589
2006,33,16.6658883479521,119.452672905302,116.190287377462,235.98877605576,225.702375313523,0.0004386968761833,0.0014056456315942,0.0159612386396184,0.0487653314838184,0.153152906115796
2006,34,11.3226277372263,87.2053722627737,64.8596789047915,101.268235073703,72.3440860215054,0.0005812015511473,0.0020688653059827,0.0197081801248639,0.0515396123610734,0.126767718523082
2006,34,9.66745958327827,49.0414889105593,57.2366856952727,137.625988294845,144.428377516044,0.0005223362046236,0.0011450442236612,0.0143503379208485,0.0478797128370664,0.159938602956008
2006,34,20.9900873205046,136.246861173333,122.096364600064,238.894223368548,216.772463537549,0.0005525229466362,0.0016032693163639,0.0167725655594642,0.049365720636578,0.147093413219683
2006,35,6.47007299270073,82.2384984358707,62.8259649746644,98.1319525330478,75.3335110637163,0.0003321151720842,0.0019510309034334,0.0190902183783029,0.0499434278686457,0.132006053999242
2006,35,4.39429981058103,48.1932708749767,46.2729032139971,113.162350998345,125.9771751021,0.0002374255475562,0.0011252396218103,0.0116015067894544,0.0393688789224919,0.13950591799687
2006,35,10.8643728032818,130.431769310847,109.098868188661,211.294303531393,201.310686165816,0.0002859833398005,0.0015348408896488,0.014987079469168,0.0436624017657361,0.136601648855631
2006,36,7.27883211678832,66.9714535974974,68.7123776335674,92.2699857235056,65.7673509286412,0.0003736295685947,0.0015888346468104,0.0208788562952626,0.0469600294039899,0.115243380475529
2006,36,8.78859962116206,52.7893118864751,59.9727157123619,118.833413219032,112.615959560969,0.0004748510951124,0.0012325501935086,0.0150363132674269,0.0413418262849184,0.124709835785081
2006,36,16.0674317379504,119.760765483973,128.685093345929,211.103398942538,178.38331048961,0.0004229436778024,0.0014092710756868,0.0176776693699301,0.0436229527473849,0.121044018106101
2006,37,16.1751824817518,90.0427222801529,72.1728855305657,104.503193534065,83.1060161734649,0.0008302879302105,0.0021361787622477,0.02193036185479,0.0531860171288653,0.145625726237259
2006,37,7.90973965904586,44.1826606154722,51.2732060381478,121.383453817148,120.250939870187,0.0004273659856011,0.0010315979683243,0.0128551788768838,0.0422289785813222,0.133164739906103
2006,37,24.0849221407977,134.225382895625,123.446091568713,225.886647351213,203.356956043652,0.0006339884130799,0.00157948180252,0.0169579796309085,0.0466778014614032,0.137990168484865
2006,38,7.27883211678832,74.6750726451164,62.4337741428868,103.68092502305,75.9313960721585,0.0003736295685947,0.0017715957515976,0.0189710477674317,0.0527675305196776,0.133053721094474
2006,38,7.03087969692965,34.1925575637887,50.512210866614,129.014680052364,127.249671820303,0.0003798808760899,0.0007983442468891,0.0126643827513747,0.0448838617561052,0.140915068683707
2006,38,14.309711813718,108.867630208905,112.945985009501,232.695605075414,203.181067892461,0.0003766751427044,0.0012810873553786,0.0155155638290734,0.0480848221088661,0.137870817585396
2006,39,8.8963503649635,85.8122210636079,62.3978380300471,106.004494300379,87.8890962410024,0.0004566583616158,0.0020358141061867,0.0189601282655656,0.0539500914654716,0.154007062999116
2006,39,5.27315977269724,46.93095913218,57.7664804386775,124.415977195243,126.613423461202,0.0002849106570674,0.0010957665613128,0.014483167652413,0.0432839853450437,0.140210493340289
2006,39,14.1695101376607,132.743180195788,120.164318468725,230.420471495622,214.502519702204,0.0003729846081204,0.0015620401522037,0.0165071574082228,0.047614682617307,0.145553117090235
2006,40,12.1313868613139,60.0354702815433,52.2301559249711,97.3012007418225,84.3017861903492,0.0006227159476579,0.0014242849766133,0.0158705892212336,0.0495206237656922,0.147721060427723
2006,40,9.66745958327827,57.7987332939997,47.9493437442768,113.514765303766,117.069698074679,0.0005223362046236,0.0013495125691215,0.0120218226729037,0.039491482915766,0.129641863189011
2006,40,21.7988464445922,117.834203575543,100.179499669248,210.815966045588,201.371484265028,0.0005738119468931,0.001386600479335,0.013761812085238,0.043563556869609,0.136642904095269
2006,41,6.47007299270073,76.4190698644421,67.6422821584141,108.166788794094,84.3017861903492,0.0003321151720842,0.0018129704427109,0.0205536984355377,0.0550505729731766,0.147721060427723
2006,41,1.75771992423241,51.9512285696051,44.5964626837174,108.444917002142,127.249671820303,9.4970219022485e-05,0.001212982221935,0.0111811909060051,0.0377276962660439,0.140915068683707
2006,41,8.22779291693314,128.370298434047,112.238744842131,216.611705796236,211.551458010652,0.0002165805371536,0.0015105827674807,0.015418409158561,0.0447612035325482,0.143550640715937
2006,42,5.66131386861314,86.2278289885297,71.0672977153525,108.31850833002,77.7250510974851,0.0002906007755736,0.0020456740126861,0.0215944193374356,0.0551277893487116,0.13619672238017
2006,42,14.0617593938593,45.1423595110179,52.236382871122,111.217303431119,118.342194792882,0.0007597617521798,0.0010540054788059,0.013096665833419,0.0386922020816781,0.131051013875848
2006,42,19.7230732624724,131.370188499548,123.303680586474,219.535811761139,196.067245890367,0.0005191712825824,0.0015458836298497,0.0169384164150518,0.0453654483574741,0.133043652998856
2006,43,10.5138686131387,90.3752742440042,66.3579013245622,99.615214771463,74.137741046832,0.0005396871546368,0.0021440682443128,0.020163428097326,0.0506983216489322,0.129910719808778
2006,43,6.15201973481344,60.6879657452244,48.1805441724058,110.363510786588,112.615959560969,0.0003323957665786,0.0014169717552633,0.0120797890668483,0.0383951699066579,0.124709835785081
2006,43,16.6658883479521,151.063239989229,114.538445496968,209.978725558051,186.753700607801,0.0004386968761833,0.0017776193551873,0.0157343225776602,0.0433905473282705,0.126723841236642
2006,44,9.70510948905109,79.8228905109489,69.9972022401991,120.19416148503,90.2806362747712,0.0004981727581263,0.001893722881014,0.0212692614777107,0.0611718026535581,0.158197731380044
2006,44,4.39429981058103,50.5574042998161,62.5739579551575,129.133411191447,125.340926742999,0.0002374255475562,0.0011804385438295,0.0156884947266546,0.0449251680014918,0.138801342653452
2006,44,14.0994092996321,130.380294810765,132.571160195357,249.327572676477,215.62156301777,0.0003711393408283,0.0015342351693713,0.0182115043552221,0.0515216949417602,0.146312456621377
2006,45,8.08759124087591,81.5885992353146,71.4239962070703,110.391682151717,82.5081311650227,0.0004151439651052,0.0019356126571312,0.0217028052906772,0.0561829136436065,0.144578059142027
2006,45,7.90973965904586,60.1730014375516,49.1727397720685,111.584834183843,122.159684947491,0.0004273659856011,0.0014049481214179,0.0123285515863021,0.038820065046495,0.135278465936359
2006,45,15.9973308999218,141.761600672866,120.596735979139,221.97651633556,204.667816112514,0.0004210984105104,0.0016681633810872,0.0165665592672891,0.0458698018679037,0.138879667449059
2006,46,12.9401459854015,80.5230921098366,71.780694698788,119.702925821454,98.0531413845197,0.0006642303441684,0.0019103345043296,0.0218111912439188,0.0609217924143139,0.171817403618061
2006,46,11.4251795075107,63.1623911780471,49.827965935997,126.246072735213,139.338390643232,0.0006173064236461,0.0014747458280265,0.0124928293873791,0.0439206706833566,0.15430200020866
2006,46,24.3653254929122,143.685483287884,121.608660634785,245.948998556667,237.391532027752,0.000641369482248,0.001690802449161,0.0167055689149855,0.0508235376410238,0.161084715953154
2006,47,10.5138686131387,88.7040361487661,79.0229166444425,112.044702453957,80.7144761396961,0.0005396871546368,0.0021044196948765,0.0240118036585858,0.0570242043557477,0.141435057856331
2006,47,7.90973965904586,56.9205866430714,61.8803566707706,136.768416538489,135.520900488623,0.0004273659856011,0.0013290091795934,0.0155145955448208,0.0475813659191604,0.150074548148148
2006,47,18.4236082721846,145.624622791838,140.903273315213,248.813118992446,216.235376628319,0.0004849654112812,0.001713621050926,0.0193560995608978,0.0514153869009536,0.14672896680714
2006,48,8.08759124087591,88.8339325686479,54.3348545352179,98.4629853804871,90.2806362747712,0.0004151439651052,0.0021075013650705,0.0165101202830537,0.0501119042385892,0.158197731380044
2006,48,4.39429981058103,62.3146486832565,54.8666438806061,140.543559645685,155.880847979872,0.0002374255475562,0.0014549523293303,0.0137561228555653,0.048894728098287,0.172620959137541
2006,48,12.4818910514569,151.148581251904,109.201498415824,239.006545026172,246.161484254643,0.0003285613403144,0.0017786235987104,0.0150011779414616,0.0493889310746267,0.16703566648338
2006,49,8.8963503649635,93.3215543969413,75.5979010875041,123.554317673207,104.629876477384,0.0004566583616158,0.0022139659654274,0.0229710827566879,0.0628819257467995,0.183341741665614
2006,49,4.39429981058103,43.3146486832565,54.8666438806061,142.362317850177,159.062089775379,0.0002374255475562,0.0010113312090735,0.0137561228555653,0.0495274692079428,0.176143835854634
2006,49,13.2906501755445,136.636203080198,130.46454496811,265.916635523384,263.691966252763,0.0003498503405714,0.0016078508526097,0.0179221153785454,0.0549497018252069,0.178931173829694
2006,50,15.3664233576642,91.1291956899548,68.7483137464071,120.50715580457,99.2489114014041,0.0007887735337,0.0021619543203938,0.0208897757971286,0.0613310984671819,0.173912737808525
2006,50,9.66745958327827,45.5463184995195,57.4969048900901,145.498455920053,150.79086110706,0.0005223362046236,0.0010634373071753,0.0144155798777116,0.0506185232455082,0.166984356390193
2006,50,25.0338829409425,136.675514189474,126.245218636497,266.005611724623,250.039772508464,0.0006589679479209,0.0016083134415806,0.0173425000251681,0.0549680880977243,0.169667322955769
2006,51,9.70510948905109,96.0034619395203,81.2354235932083,144.034588467068,107.021416511153,0.0004981727581263,0.0022775916954108,0.0246840932260041,0.0733051864760612,0.187532410046542
2006,51,9.66745958327827,52.7890741160791,57.3040795824195,143.086042020148,157.153344698075,0.0005223362046236,0.0012325446419313,0.0143672348645238,0.0497792509089194,0.174030109824378
2006,51,19.3725690723294,148.792536055599,138.539503175628,287.120630487216,264.174761209228,0.0005099449461222,0.0017508991070144,0.0190313848180505,0.0593313502259265,0.179258779822046
2006,52,12.9401459854015,109.754711157456,111.09605760512,164.42573858891,117.783346663112,0.0006642303441684,0.0026038271288791,0.0337575077677761,0.0836830899925128,0.20639041776072
2006,52,11.4251795075107,54.7885985752871,68.5571000252009,187.537124006937,194.691997885064,0.0006173064236461,0.0012792304988036,0.0171885835156996,0.0652436633152792,0.215600055086072
2006,52,24.3653254929122,164.543309732743,179.653157630321,351.962862595847,312.475344548176,0.000641369482248,0.001936244530227,0.0246792308205853,0.0727305168972301,0.212033688350024
2007,1,13.1484375,110.023976293103,114.07884147904,179.774227923721,152.974516804136,0.000663603071569,0.0025619267713321,0.0344807715788246,0.0901714430184035,0.25267584621884
2007,1,10.6984815618221,74.0315521839596,80.0876332983858,201.385266344514,213.797066611319,0.0005683275281505,0.0016968411002903,0.0200560544000348,0.0693253712754733,0.224479574711185
2007,1,23.8469190618221,184.055528477063,194.166474777426,381.159494268235,366.771583415455,0.0006171849129696,0.0021259703031294,0.0265920750457354,0.0778095279323556,0.235437464733053
2007,2,13.921875,91.2677801724138,96.8653759583353,183.650742598169,163.294226271082,0.0007026385463672,0.002125185593737,0.0292779349703513,0.0921158314110786,0.269721439019317
2007,2,16.939262472885,62.9550007442128,70.0411841215205,183.994193191438,208.070359469944,0.0008998519195717,0.0014429608670927,0.0175401587127732,0.0633386244538196,0.218466728959993
2007,2,30.861137472885,154.222780916627,166.906560079856,367.644935789607,371.364585741026,0.0007987207234598,0.0017813811679971,0.0228586926571996,0.0750506791269359,0.238385797897186
2007,3,9.28125,115.21875,94.1157863024704,169.336448093689,142.047765603841,0.0004684256975781,0.0026828879497871,0.0284468608497677,0.0849360448189368,0.234627571488923
2007,3,13.3731019522777,60.5211612648202,76.9924864997764,201.953175736946,220.160074546179,0.0007104094101882,0.0013871760194391,0.0192809480569902,0.0695208698350049,0.231160514434732
2007,3,22.6543519522777,175.73991126482,171.108272802247,371.289623830635,362.20784015002,0.000586319943545,0.0020299190984104,0.023434138341953,0.0757947021939136,0.232507913500919
2007,4,7.734375,91.6104525862069,93.9532242314272,171.583765245028,148.118182937338,0.0003903547479818,0.002133164778459,0.028397725834314,0.0860632577281321,0.244654390783321
2007,4,12.4815618221258,53.3086519011588,70.186003717259,190.860942926664,192.162839632792,0.0006630487828423,0.001221861610063,0.0175764253568317,0.0657024516765914,0.201764379651125
2007,4,20.2159368221258,144.919104487366,164.139227948686,362.444708171692,340.28102257013,0.0005232110351789,0.0016739171870876,0.0224796926068928,0.0739891097257393,0.218432683646413
2007,5,11.6015625,106.786368534483,85.9569173286424,143.352430967172,112.302720669703,0.0005855321219727,0.0024865385307746,0.0259808111092485,0.071902940203368,0.185496156946371
2007,5,4.45770065075922,60.2577099229191,66.1509540922334,166.33242109285,171.801214241238,0.0002368031367294,0.0013811375797242,0.0165659425712456,0.0572586915454073,0.180385372535774
2007,5,16.0592631507592,167.044078457402,152.107871420876,309.684852060022,284.103934910941,0.0004156316757046,0.0019294761371882,0.0208319378332828,0.0632187640841873,0.182371571791998
2007,6,9.28125,108.684267241379,78.3514138692855,142.239513552637,124.443555336698,0.0004684256975781,0.0025307314209999,0.0236820182382477,0.071344721317447,0.205549795535167
2007,6,7.13232104121475,56.5830895324635,63.4476698340227,158.398713285921,165.438206306378,0.000378885018767,0.0012969133979727,0.0158889689373834,0.0545275719888974,0.173704432812227
2007,6,16.4135710412148,165.267356773842,141.799083703308,300.638226838558,289.881761643076,0.0004248015598296,0.0019089537569727,0.0194200975198077,0.0613719948223735,0.186080465662164
2007,7,11.6015625,89.7863685344828,74.0973069651155,129.390916130649,114.123845869753,0.0005855321219727,0.0020906906748798,0.0223961979534972,0.0649001013978733,0.18850420273469
2007,7,9.80694143167028,53.4011575559563,58.0240640927812,161.148817917438,175.619019002155,0.0005209669008047,0.0012239818870589,0.0145307550994815,0.0554742749333925,0.184393936369902
2007,7,21.4085039316703,143.187526090439,132.121371057897,290.539734048087,289.742864871908,0.0005540760046035,0.0016539162434601,0.0180946861106917,0.0593104983394815,0.185991305255136
2007,8,9.28125,107.908405172414,80.1740724837421,125.403969007638,106.232303336206,0.0004684256975781,0.002512665342384,0.0242329238622569,0.0629003221221003,0.175469337651972
2007,8,10.6984815618221,58.7778963909338,71.0038032476971,150.443237884724,145.076580914823,0.0005683275281505,0.0013472194955052,0.0177812239155515,0.0517889591009146,0.152325425696876
2007,8,19.9797315618221,166.686301563348,151.177875731439,275.847206892362,251.308884251029,0.0005170977790955,0.0019253435634036,0.0207045702473282,0.0563111801555935,0.161319822059206
2007,9,10.0546875,98.3160021551724,92.6285069706561,135.84174883767,117.159054536501,0.0005074611723763,0.0022893046266632,0.0279973249126096,0.068135720321567,0.193517612381889
2007,9,8.91540130151844,52.8894355938696,67.1306104432303,158.535248735462,163.529303925919,0.0004736062734588,0.0012122529575475,0.0168112743442015,0.0545745732959121,0.171700150895162
2007,9,18.9700888015184,151.205437749042,159.759117413886,294.376997573132,280.68835846242,0.0004909670962374,0.0017465287404622,0.0218798144446945,0.0600938335782089,0.180179050080928
2007,10,10.828125,94.4046336206897,82.280396631369,127.753125678632,97.7337190693094,0.0005464966471745,0.0021982277532521,0.0248695684920906,0.0640786158594523,0.161431790639814
2007,10,4.45770065075922,60.4219393942352,59.1939726390373,150.214888150965,159.711499165003,0.0002368031367294,0.0013849018033368,0.0148237310369694,0.0517103514134666,0.167691587061034
2007,10,15.2858256507592,154.826573014925,141.474369270406,277.968013829597,257.445218234312,0.0003956142489298,0.0017883553897489,0.0193756262454641,0.0567441196182159,0.165258848366332
2007,11,15.46875,92.6519396551724,80.7102000817225,134.150890393599,105.018219869506,0.0007807094959636,0.0021574159798232,0.0243949705047665,0.0672876168553322,0.173463973793093
2007,11,3.56616052060738,46.9703974096513,58.012705942901,147.374155212017,145.076580914823,0.0001894425093835,0.0010765855702122,0.0145279107193631,0.0507324503521736,0.152325425696876
2007,11,19.0349105206074,139.622337064824,138.722906024624,281.525045605616,250.094800784329,0.0004926447547622,0.0016127358124444,0.0189987995188044,0.0574702486206268,0.160540479421174
2007,12,5.4140625,97.5083512931034,89.4224345700217,133.921432567565,97.7337190693094,0.0002732483235872,0.0022704983406596,0.0270282771148042,0.067172525034195,0.161431790639814
2007,12,12.4815618221258,40.4728813724749,55.119169489431,148.396392118396,156.529995197573,0.0006630487828423,0.0009276591741496,0.0138032929209689,0.0510843477593304,0.164351117199261
2007,12,17.8956243221258,137.981232665578,144.541604059453,282.317824685961,254.263714266882,0.0004631587548544,0.0015937799068761,0.0197956994727641,0.0576320857699669,0.163216582111257
2007,13,7.734375,99.9207974137931,79.3440242120354,127.196666971365,103.804136402807,0.0003903547479818,0.0023266725538559,0.0239820385579792,0.0637995064164917,0.171458609934213
2007,13,7.13232104121475,50.0757779464118,53.7760459727359,134.029680472703,139.986174566935,0.000378885018767,0.0011477624829119,0.0134669393891266,0.0461387147598363,0.146980673918038
2007,13,14.8666960412147,149.996575360205,133.120070184771,261.226347444068,243.790310969742,0.00038476670628,0.0017325655329427,0.018231462977864,0.0533264921477002,0.156493510775023
2007,14,8.5078125,88.9232219827586,77.0821207693,136.791165811588,111.695678936354,0.0004293902227799,0.0020705921624196,0.023298369483757,0.0686119303965764,0.184493475016931
2007,14,7.13232104121475,58.9115484750957,52.6231746513,136.529667776192,150.803288056198,0.000378885018767,0.0013502828697403,0.0131782300218163,0.0469993166854103,0.158338271448068
2007,14,15.6401335412147,147.834770457854,129.7052954206,273.32083358778,262.498966992552,0.0004047841330548,0.001707595171761,0.0177637924034396,0.0557954487697394,0.168502943189485
2007,15,9.28125,111.106681034483,64.8731655712614,106.219267791646,96.5196356026099,0.0004684256975781,0.0025871377331229,0.019608165499024,0.0532776291894016,0.159426426780935
2007,15,5.34924078091106,47.4409729423735,48.5597296515738,129.209776503804,144.440280121337,0.0002841637640752,0.0010873714024845,0.0121606362859342,0.0444794988786487,0.151657331724521
2007,15,14.6304907809111,158.547653976857,113.432895222835,235.42904429545,240.959915723947,0.0003786534501966,0.0018313364818468,0.0155352053740401,0.0480602558080402,0.154676627703938
2007,16,7.734375,83.6966594827586,68.7364690320034,123.779067948983,108.053428536255,0.0003903547479818,0.0019488907765769,0.0207758639297098,0.0620853016660911,0.178477383440292
2007,16,5.34924078091106,38.5303992640833,60.738706500872,139.213283648115,136.168369806018,0.0002841637640752,0.0008831364891476,0.015210573113462,0.0479231313718512,0.14297211008391
2007,16,13.0836157809111,122.227058746842,129.475175532875,262.992351597098,244.221798342273,0.000338618596647,0.0014118081607477,0.0177322763277066,0.0536870025155127,0.156770490502043
2007,17,11.6015625,90.4070581896552,66.4019035119917,110.140257529241,90.4492182691124,0.0005855321219727,0.0021051435377725,0.0200702324612651,0.0552443254549491,0.149399607486536
2007,17,4.45770065075922,53.3325130725254,50.4906469788672,125.368574252746,132.350565045102,0.0002368031367294,0.0012224085203341,0.0126441888815501,0.0431571937416719,0.138963546249781
2007,17,16.0592631507592,143.739571262181,116.892550490859,235.508831781987,222.799783314214,0.0004156316757046,0.0016602927519563,0.0160090225591392,0.0480765435478334,0.143019302744494
2007,18,7.734375,95.5845905172414,64.5308035126843,108.34326310106,86.8069678690139,0.0003903547479818,0.0022257032478137,0.0195046852411076,0.054342986133087,0.143383515909897
2007,18,7.13232104121475,39.6432695099664,44.277637081888,133.14279303908,143.803979327851,0.000378885018767,0.0009086440452747,0.0110882874352243,0.0458334103960588,0.150989237752166
2007,18,14.8666960412147,135.227860027208,108.808440594572,241.48605614014,230.610947196865,0.00038476670628,0.0015619765238913,0.0149018630596095,0.0492967283068318,0.14803343334867
2007,19,5.4140625,83.8617995689655,72.0878655871903,106.541972208426,77.094300135418,0.0002732483235872,0.0019527360912268,0.0217888365159601,0.0534394917837543,0.12734060503886
2007,19,10.6984815618221,48.5844205754107,46.9979585649189,126.823371078802,134.895768219046,0.0005683275281505,0.0011135798079891,0.011769527639264,0.0436579966649809,0.1416359221392
2007,19,16.1125440618221,132.446220144376,119.085824152109,233.365343287228,211.990068354464,0.0004170106452215,0.001529846634429,0.0163094024154592,0.0476389738941485,0.136080346730206
2007,20,9.28125,77.2618534482759,71.6244000664861,95.0931144835145,63.7393820017235,0.0004684256975781,0.0017990552370564,0.0216487522676729,0.0476969555265232,0.105281602591183
2007,20,7.13232104121475,40.986351624702,47.003637639859,121.344929410039,128.532760284186,0.000378885018767,0.0009394281753667,0.0117709498293232,0.0417720841074638,0.134954982415653
2007,20,16.4135710412148,118.248205072978,118.628037706345,216.438043893553,192.272142285909,0.0004248015598296,0.0013658496132315,0.0162467062598297,0.0441834514821459,0.123423045201707
2007,21,16.2421875,74.0767780172414,55.3066621188301,87.5293643619588,72.8450080019697,0.0008197449707618,0.0017248902205718,0.0167166527866344,0.0439031177169085,0.120321831532781
2007,21,8.02386117136659,52.18423781626,50.3003947836079,120.14024991201,125.351256316755,0.0004262456461129,0.0011960894632321,0.0125965447170181,0.0413573822030758,0.131614512553879
2007,21,24.2660486713666,126.261015833501,105.607056902438,207.669614273969,198.196264318725,0.0006280324556194,0.0014584031912871,0.0144634174654923,0.0423934727995532,0.127225848731869
2007,22,7.734375,90.4983836206897,69.5422966112846,105.596851698963,88.6280930690632,0.0003903547479818,0.0021072700657762,0.0210194284359133,0.0529654367362155,0.146391561698217
2007,22,3.56616052060738,53.4777089957031,51.0784407894653,120.617530997011,127.260158697213,0.0001894425093835,0.001225736485273,0.0127913879453236,0.0415216826458093,0.133618794470943
2007,22,11.3005355206074,143.976092616393,120.62073740075,226.214382695974,215.888251766276,0.000292470487014,0.0016630247393042,0.0165196165028465,0.0461791837636768,0.138582662779325
2007,23,9.28125,82.1497844827586,61.2693069512643,93.8124001639089,76.4872584020682,0.0004684256975781,0.0019128715323365,0.0185188852760886,0.0470545728022199,0.12633792310942
2007,23,6.24078091106291,39.5348096401182,41.1881693582187,107.865105197969,108.171134892631,0.0003315243914211,0.0009061580894969,0.0103146032822389,0.0371317554717472,0.113575975300302
2007,23,15.5220309110629,121.684594122877,102.457476309483,201.677505361878,184.658393294699,0.0004017275050131,0.0014055423142904,0.0140320665662886,0.0411702495222106,0.118535638868556
2007,24,9.28125,89.3049568965517,59.2356448809136,93.8697646204172,78.3083836021174,0.0004684256975781,0.0020794809240164,0.0179042030404774,0.0470833457575042,0.12934596889774
2007,24,4.45770065075922,45.9000046360799,35.585669571598,102.795083901043,113.26154124052,0.0002368031367294,0.0010520516195106,0.0089115896599233,0.0353864385716387,0.11892072707914
2007,24,13.7389506507592,135.204961532632,94.8213144525116,196.66484852146,191.569924842637,0.0003555793953802,0.0015617120302363,0.0129862558031549,0.040146970636849,0.122972278833725
2007,25,10.828125,83.4908405172414,61.8953345430117,101.835065937531,81.9506340022159,0.0005464966471745,0.0019440982473886,0.0187081045398296,0.051078594254109,0.135362060474379
2007,25,8.91540130151844,51.6959597783466,41.9662153640761,108.342386282969,110.08003727309,0.0004736062734588,0.0011848978804724,0.0105094465105445,0.0372960559144808,0.115580257217366
2007,25,19.7435263015184,135.186800295588,103.861549907088,210.1774522205,192.030671275306,0.0005109845230122,0.0015615022552247,0.0142243615055671,0.0429054203954673,0.123268040492745
2007,26,12.375,99.1681034482759,64.157237985747,98.5278993637119,83.7717592022652,0.0006245675967708,0.0023091459484209,0.0193917736140518,0.0494197803868064,0.138370106262698
2007,26,5.34924078091106,49.6052024136896,48.1678671111751,127.891515127289,139.986174566935,0.0002841637640752,0.0011369766506396,0.0120625035767519,0.0440256972623543,0.146980673918038
2007,26,17.7242407809111,148.773305861965,112.325105096922,226.419414491001,223.7579337692,0.0004587231572959,0.001718435913216,0.0153834879460084,0.0462210387546244,0.143634357247501
2007,27,8.5078125,82.5008081896552,58.9347414312526,98.2496700100783,86.8069678690139,0.0004293902227799,0.0019210451783214,0.017813253807644,0.0492802256653261,0.143383515909897
2007,27,8.91540130151844,52.2178945365018,56.6922987259662,120.549856260633,119.624549175381,0.0004736062734588,0.0011968608925014,0.0141972459477575,0.0414983861241197,0.125601666802687
2007,27,17.4232138015184,134.718702726157,115.627040157219,218.799526270711,206.431517044395,0.0004509322426878,0.0015560954003488,0.0158357045555967,0.0446655221946701,0.132512209810097
2007,28,8.5078125,72.7680495689655,62.4244793650574,89.4898592307561,69.809799335221,0.0004293902227799,0.0016944162587954,0.0188680406112739,0.0448864658496823,0.115308421885582
2007,28,6.24078091106291,47.4600064905119,43.7182386459903,109.046831124943,114.534142827492,0.0003315243914211,0.0010878076611582,0.0109481993217467,0.037538555781027,0.120256915023849
2007,28,14.7485934110629,120.228056059477,106.142718011048,198.536690355699,184.343942162713,0.0003817100782383,0.0013887182792082,0.0145367789477747,0.0405290866058235,0.118333786869533
2007,29,10.0546875,91.5315193965517,59.6748897091924,98.360102458641,84.3788009356149,0.0005074611723763,0.0021313268058776,0.0180369664906904,0.0493356165484241,0.139372788192138
2007,29,9.80694143167028,61.908469142008,50.3174320084282,115.343299514166,126.623857903727,0.0005209669008047,0.0014189738266622,0.0126008112871956,0.0397060679169965,0.132950700498589
2007,29,19.8616289316703,153.43998853856,109.992321717621,213.703401972807,211.002658839342,0.0005140411510539,0.0017723393676064,0.0150640015323062,0.0436252043438297,0.135446510295199
2007,30,14.6953125,93.6236530172414,61.8953345430117,95.1547754044767,71.6309245352702,0.0007416740211654,0.0021800424887009,0.0187081045398296,0.0477278835092782,0.118316467673901
2007,30,10.6984815618221,52.270584804882,54.3808770081543,115.752905862789,120.897150762353,0.0005683275281505,0.0011980685804444,0.0136184050230777,0.0398470718380404,0.126937854747396
2007,30,25.3937940618221,145.894237822123,116.276211551166,210.907681267266,192.528075297623,0.0006572197665193,0.001685180660282,0.0159246118422185,0.0430544886418727,0.123587333336732
2007,31,13.1484375,86.1705280172414,57.9421310885027,96.78826939204,81.9506340022159,0.000663603071569,0.002006495220997,0.0175132334879125,0.0485472140202286,0.135362060474379
2007,31,7.13232104121475,57.5830895324635,51.4759824048042,120.094342769902,131.714264251616,0.000378885018767,0.0013198339102439,0.0128909428445652,0.0413415790128591,0.138295452277427
2007,31,20.2807585412148,143.753617549705,109.418113493307,216.882612161942,213.664898253832,0.0005248886937037,0.001660454996418,0.0149853608287021,0.0442742052154707,0.137155451027257
2007,32,11.6015625,81.5622306034483,61.7327724719685,103.68942482222,87.4140096023637,0.0005855321219727,0.0018991902415513,0.0186589695243758,0.0520087065312554,0.144386197839337
2007,32,8.02386117136659,42.9305820232341,46.6231332493404,114.88897200022,121.533451555839,0.0004262456461129,0.0009839909320744,0.0116756615002592,0.0395496690693713,0.127605948719751
2007,32,19.6254236713666,124.492812626682,108.355905721309,218.57839682244,208.947461158203,0.0005079278949705,0.001437979205446,0.0148398861332403,0.0446203810444674,0.134127240882158
2007,33,9.28125,72.0377155172414,61.0168448864541,92.8543902610835,69.809799335221,0.0004684256975781,0.0016774103077094,0.0184425776394036,0.0465740526722692,0.115308421885582
2007,33,8.02386117136659,49.9305820232341,47.0093167147991,120.95827663247,131.07796345813,0.0004262456461129,0.001144434517973,0.0117723720193824,0.0416389817815282,0.137627358305072
2007,33,17.3051111713666,121.968297540476,108.026161601253,213.812666893554,200.887762793351,0.0004478756146461,0.0014088192875261,0.0147947260179503,0.0436475095783331,0.128953571395925
2007,34,8.5078125,81.190463362069,66.0767793699053,93.0221871661545,69.2027576018712,0.0004293902227799,0.0018905335788812,0.0199719624303576,0.0466582165106515,0.114305739956142
2007,34,5.34924078091106,55.6800055632959,46.4101647543208,126.482625443342,131.07796345813,0.0002841637640752,0.0012762142507754,0.0116223285754905,0.043540697529262,0.137627358305072
2007,34,13.8570532809111,136.870468925365,112.486944124226,219.504812609496,200.280721060001,0.0003586360234218,0.0015809498074761,0.0154056526145709,0.0448094986609611,0.12856390007691
2007,35,6.9609375,80.8063038793103,70.8115897112701,89.0395365075976,67.381632401822,0.0003513192731836,0.0018815883607888,0.021403077190404,0.0446605922623491,0.111297694167822
2007,35,7.13232104121475,46.986351624702,52.0240226908216,123.869056261367,118.988248381895,0.000378885018767,0.0010769512489941,0.0130281865779244,0.0426409958917816,0.124933572830332
2007,35,14.0932585412147,127.792655504012,122.835612402092,212.908592768965,186.369880783717,0.0003647492795052,0.0014760947025475,0.0168229547713098,0.043462952767056,0.119634274350576
2007,36,8.5078125,76.0352909482759,63.2787483291895,96.620472486969,82.5576757355657,0.0004293902227799,0.001770494523189,0.0191262467136257,0.0484630501818463,0.136364742403818
2007,36,10.6984815618221,52.2559616327786,40.8303812674605,109.318716047239,127.8964594907,0.0005683275281505,0.0011977334098488,0.0102250037134117,0.0376321501314208,0.134286888443298
2007,36,19.2062940618221,128.291252581054,104.10912959665,205.939188534208,210.454135226266,0.0004970803523207,0.0014818538481043,0.0142582687889546,0.0420402253743742,0.135094402840183
2007,37,8.5078125,86.6818426724138,74.9031345443968,99.4199518811212,76.4872584020682,0.0004293902227799,0.0020184012686404,0.0226397624597008,0.0498672175065315,0.12633792310942
2007,37,7.13232104121475,47.8221221533859,45.4645828529644,114.138620016138,123.442353936297,0.000378885018767,0.0010961075376527,0.0113855299428897,0.0392913660126085,0.129610230636815
2007,37,15.6401335412147,134.5039648258,120.367717397361,213.558571897259,199.929612338365,0.0004047841330548,0.0015536150271544,0.0164849641411249,0.0435956388732636,0.128338516892918
2007,38,11.6015625,94.096713362069,64.3198000567902,99.8172066122254,83.1647174689154,0.0005855321219727,0.0021910577783014,0.0194409086295055,0.050066473166051,0.137367424333258
2007,38,10.6984815618221,48.2559616327786,47.0093167147991,115.139089328247,120.897150762353,0.0005683275281505,0.0011060513607639,0.0117723720193824,0.0396357700882922,0.126937854747396
2007,38,22.3000440618221,142.352674994848,111.329116771589,214.956295940472,204.061868231268,0.00057715005942,0.0016442731284097,0.0152470823367379,0.0438809688981418,0.130991088398032
2007,39,9.28125,78.8825431034483,70.0784242092651,113.557856551622,86.1999261356642,0.0004684256975781,0.0018367932679429,0.021181475078423,0.0569585302053497,0.142380833980457
2007,39,3.56616052060738,56.895594260045,53.9776563178753,123.209332584717,125.351256316755,0.0001894425093835,0.001304076166416,0.013517427933777,0.0424138909518168,0.131614512553879
2007,39,12.8474105206074,135.778137363493,124.05608052714,236.767189136339,211.551182452419,0.0003325053405637,0.0015683326126495,0.0169901040179005,0.0483334233925826,0.135798617750217
2007,40,7.734375,67.8949353448276,58.2672552305892,105.654216155471,90.4492182691124,0.0003903547479818,0.0015809449754333,0.01761150351882,0.0529942096914998,0.149399607486536
2007,40,12.4815618221258,43.6371108437909,43.1418029852724,117.752658510223,132.986865838588,0.0006630487828423,0.0010001849345759,0.0108038446380915,0.0405354717257726,0.139631640222136
2007,40,20.2159368221258,111.532046188618,101.409058215862,223.406874665694,223.4360841077,0.0005232110351789,0.0012882732727793,0.013888480436619,0.0456060618087279,0.143427755995509
2007,41,13.1484375,69.8601831896552,58.9347414312526,96.6778369434773,84.3788009356149,0.000663603071569,0.0016267061016496,0.017813253807644,0.0484918231371306,0.139372788192138
2007,41,7.13232104121475,45.404236889044,46.8133854445997,121.572093167012,131.07796345813,0.000378885018767,0.0010406883687809,0.0117233056647912,0.0418502835312764,0.137627358305072
2007,41,20.2807585412148,115.264420078699,105.748126875852,218.249930110489,215.456764393745,0.0005248886937037,0.0013313848061091,0.0144827377076918,0.0445533281697976,0.138305683052305
2007,42,10.0546875,75.6866918103448,64.6691448913021,103.067008729536,79.522467068817,0.0005074611723763,0.0017623773336998,0.0195464994584873,0.0516965140780693,0.131351332756619
2007,42,5.34924078091106,47.8588582067155,49.9142113181492,118.799034964441,124.078654729783,0.0002841637640752,0.0010969495468138,0.0124998341978949,0.0408956789916731,0.13027832460917
2007,42,15.4039282809111,123.54555001706,114.583356209451,221.866043693977,203.6011217986,0.0003986708769715,0.0014270376586531,0.0156927667910064,0.0452915180748428,0.130695326739013
2007,43,11.6015625,101.588092672414,74.9031345443968,101.384743214372,79.522467068817,0.0005855321219727,0.0023654958040481,0.0226397624597008,0.0508527206667759,0.131351332756619
2007,43,7.13232104121475,45.1652042681216,53.5971519273568,126.573253750775,135.532069012532,0.000378885018767,0.0010352096186599,0.013422139604713,0.04357189564606,0.142304016111555
2007,43,18.7338835412148,146.753296940536,128.500286471754,227.957996965147,215.054536081349,0.0004848538401541,0.0016951033949561,0.017598760368763,0.0465351234824052,0.138047485257284
2007,44,3.8671875,74.5638469827586,69.1757138602821,116.873616054349,96.5196356026099,0.0001951773739909,0.0017362317032584,0.0209086273799228,0.0586216541275936,0.159426426780935
2007,44,6.24078091106291,61.8778917548539,46.6174541744003,107.637941440996,105.625931718687,0.0003315243914211,0.0014182729772847,0.0116742393102,0.0370535560479346,0.110903599410883
2007,44,10.1079684110629,136.441738737612,115.793168034682,224.511557495345,202.145567321297,0.0002616055175894,0.0015759976734394,0.0158584566037541,0.0458315706856749,0.129760979392018
2007,45,7.734375,87.765625,73.0320345450894,114.520162918902,98.9478025360089,0.0003903547479818,0.0020436373222069,0.0220742152395433,0.057441205362771,0.163437154498694
2007,45,11.590021691974,47.6180772956526,46.0523766635626,115.934162477653,129.805361871158,0.0006156881554964,0.0010914307249872,0.0115327290066632,0.0399094680716364,0.136291170360362
2007,45,19.324396691974,135.383702295653,119.084411208652,230.454325396555,228.753164407167,0.0005001369803624,0.0015637766112749,0.016309208905748,0.0470447215371116,0.146840888206655
2007,46,6.9609375,75.1166487068966,70.258224196799,112.502303593596,100.161886002708,0.0003513192731836,0.0017491037842723,0.0212358203208856,0.056429084274713,0.165442518357574
2007,46,4.45770065075922,54.3325130725254,48.1735461861152,123.867870284582,136.168369806018,0.0002368031367294,0.0012453290326053,0.0120639257668111,0.0426405876281462,0.14297211008391
2007,46,11.4186381507592,129.449161779422,118.431770382914,236.370173878178,236.330255808726,0.0002955271150557,0.0014952285105761,0.0162198264629972,0.0482523770844518,0.151704763354837
2007,47,6.1875,72.8469827586207,83.9647138672078,118.158626838409,89.8421765357627,0.0003122837983854,0.0016962542313768,0.0253786598987202,0.0592661918793676,0.148396925557097
2007,47,8.02386117136659,59.9305820232341,45.8507663184231,118.389428615818,129.805361871158,0.0004262456461129,0.0013736396406852,0.0114822404620129,0.0407546750706291,0.136291170360362
2007,47,14.2113611713666,132.777564781855,129.815480185631,236.548055454227,219.647538406921,0.0003678059075468,0.0015336738971318,0.0177788827610513,0.04828868965614,0.140995818421418
2007,48,11.6015625,95.6311961206897,69.9815414395634,112.051980870438,97.7337190693094,0.0005855321219727,0.0022267884671195,0.0211521918861263,0.0562032106873798,0.161431790639814
2007,48,6.24078091106291,60.8030886052476,53.7817250476759,136.188922140732,146.985483295282,0.0003315243914211,0.001393637938505,0.0134683615791858,0.0468820175496914,0.15432970761394
2007,48,17.8423434110629,156.434284725937,123.763266487239,248.24090301117,244.719202364591,0.0004617797853376,0.0018069255863732,0.0169500016627827,0.0506756561682491,0.15708978334603
2007,49,3.8671875,84.9431573275862,67.6469759195518,105.4864192504,91.0562600024622,0.0001951773739909,0.0019779156882977,0.0204465604176817,0.0529100458531175,0.150402289415976
2007,49,6.24078091106291,55.2957770191958,42.1791838590958,120.389181263253,141.895076947393,0.0003315243914211,0.0012674075357154,0.0105627794353132,0.0414430749583613,0.148984955835102
2007,49,10.1079684110629,140.238934346782,109.826159778648,225.875600513653,232.951336949855,0.0002616055175894,0.0016198579430388,0.0150412448192538,0.0461100250989323,0.149535772828736
2007,50,15.46875,80.4278017241379,63.513972477509,123.107880328699,110.481595469654,0.0007807094959636,0.0018727748745196,0.019197344123302,0.061748646312562,0.182488111158051
2007,50,4.45770065075922,52.4365625663386,63.8622486741819,134.893614335272,139.349873773449,0.0002368031367294,0.0012018728757626,0.0159927904068025,0.0464361175285054,0.146312579945683
2007,50,19.9264506507592,132.864364290476,127.376221151691,258.001494663971,249.831469243103,0.0005157188095787,0.0015346764922681,0.0174448139710562,0.0526681738419935,0.160371442033182
2007,51,3.09375,104.182112068966,76.9195586982568,122.534235763616,92.2703434691616,0.0001561418991927,0.002425897981476,0.0232492344683032,0.0614609167597189,0.152407653274856
2007,51,12.4815618221258,47.6371108437909,48.9345549671523,140.780476375872,157.166295991059,0.0006630487828423,0.0010918669836608,0.012254502424939,0.048462625743431,0.165019211171615
2007,51,15.5753118221258,151.819222912757,125.854113665409,263.314712139488,249.436639460221,0.00040310647453,0.0017536183891207,0.017236353697215,0.0537528088826754,0.160117993491129
2007,52,5.4140625,84.8617995689655,67.2561724761239,115.306079452202,100.161886002708,0.0002732483235872,0.0019760212592206,0.020328438563617,0.0578354066268688,0.165442518357574
2007,52,8.91540130151844,49.2926976861081,49.9142113181492,135.165499257568,152.712190436656,0.0004736062734588,0.0011298138821962,0.0124998341978949,0.0465297118788993,0.160342553365132
2007,52,14.3294638015184,134.154497255074,117.170383794273,250.47157870977,252.874076439364,0.0003708625355885,0.0015495784318757,0.0160470732270676,0.0511310241328107,0.162324547881229
2008,1,10.9253294289898,105.34391592558,70.255355019107,110.606349337134,92.8690502891895,0.0005416733888118,0.0024077437113972,0.0211489236232214,0.0547385621895517,0.145141508839197
2008,1,12.9333333333333,64.7259830944506,51.8349898701478,136.421262554388,167.08443114768,0.0006745214514785,0.0014568296162608,0.0130001280835722,0.0467099545916983,0.163936652998061
2008,1,23.8586627623231,170.069899020031,122.090344889255,247.027611891522,259.953481436869,0.0006064167129737,0.0019286352641132,0.0167036470072864,0.0499931109600056,0.156687875234935
2008,2,10.1449487554905,104.593390266125,74.7079968720943,128.388728654563,113.164935451728,0.0005029824324681,0.0023905896743471,0.0224892994912926,0.0635389780967646,0.176861176333856
2008,2,5.54285714285714,52.3281461647504,53.7411277637381,150.854009577814,179.533859350841,0.0002890806220622,0.0011777834719882,0.0134781842541956,0.0516516546278559,0.176151540868505
2008,2,15.6878058983476,156.921536430875,128.449124635832,279.242738232377,292.698794802569,0.0003987376736666,0.0017795295381681,0.017573615982968,0.0565127642627959,0.176425228036727
2008,3,10.1449487554905,111.124296599079,72.8698453657958,137.860195957798,131.000713321837,0.0005029824324681,0.0025398602659587,0.0219359619442253,0.0682263627280408,0.204736035647345
2008,3,15.7047619047619,49.1662414028456,54.5284854211864,152.411418857041,180.189092414165,0.0008190617625096,0.00110661643395,0.013675652227471,0.0521849037369118,0.176794429703791
2008,3,25.8497106602524,160.290538001925,127.398330786982,290.271614814839,311.189805736002,0.0006570232676521,0.0018177348600518,0.017429852857845,0.0587447732537315,0.18757074991276
2008,4,10.1449487554905,103.469764934309,89.9040739373548,143.006437859762,109.474774513084,0.0005029824324681,0.0023649080599617,0.0270637646425737,0.0707732136464678,0.1710939640621
2008,4,7.39047619047619,67.8746836772195,65.1889419217535,164.632971113007,176.912927097544,0.0003854408294162,0.0015276994592884,0.0163492767479715,0.0563695017990257,0.173579985527359
2008,4,17.5354249459667,171.344448611528,155.093015859108,307.639408972769,286.387701610628,0.0004456986907549,0.0019430889758058,0.0212188686382687,0.0622596437324585,0.172621194418139
2008,5,12.4860907759883,124.412278583132,79.67646975236,128.800118144363,115.625042744156,0.0006190553014992,0.0028435707819211,0.0239849556365104,0.0637425728208156,0.180705984515027
2008,5,9.23809523809524,63.6742531632278,65.8176074434364,158.046650931048,178.223393224192,0.0004818010367703,0.0014331576496276,0.016506945001097,0.0541143788741589,0.174865763197932
2008,5,21.7241860140835,188.08653174636,145.494077195796,286.846769075411,293.848435968348,0.0005521646207051,0.0021329483931078,0.0199056011295071,0.0580516576470952,0.177118178292876
2008,6,6.24304538799414,114.495293633621,75.1437452632091,131.647792501697,117.470123213478,0.0003095276507496,0.002616907875588,0.0226204725447933,0.0651518734698172,0.183589590650905
2008,6,7.39047619047619,62.1982779440332,64.7159170251467,164.609138856261,186.086189984083,0.0003854408294162,0.0013999369195685,0.0162306429012588,0.0563613417541061,0.18258042922137
2008,6,13.6335215784703,176.693571577654,139.859662288356,296.256931357958,303.556313197561,0.0003465238359849,0.0020037493704082,0.0191347352777327,0.0599560734471784,0.182969635436975
2008,7,8.58418740849195,90.6850579460776,82.8920583614362,156.612580615549,140.226115668445,0.0004256005197807,0.0020727004124435,0.0249529421747403,0.0775068297169833,0.219154066326735
2008,7,7.39047619047619,47.3394025305822,58.6380041513562,161.304062636909,191.328054490677,0.0003854408294162,0.0010654985884417,0.0147063125977707,0.0552297002692129,0.187723539903662
2008,7,15.9746635989681,138.02446047666,141.530062512792,317.916643252458,331.554170159122,0.0004060287488469,0.0015652319623835,0.0193632691207257,0.0643395363799739,0.199845442193592
2008,8,10.1449487554905,94.3097345968038,68.8129105858415,125.952443787029,113.779962274835,0.0005029824324681,0.0021555461310116,0.0207147055178318,0.0623332721718141,0.177822378379149
2008,8,8.31428571428571,64.2039061269491,62.2433698599039,162.599917681536,192.638520617325,0.0004336209330933,0.0014450788918706,0.0156105322400751,0.0556733945230162,0.189009317574235
2008,8,18.4592344697762,158.513640723753,131.056280445745,288.552361468565,306.41848289216,0.000469179199299,0.0017975843997344,0.0179303109401432,0.0583968331078891,0.184694818287113
2008,9,12.4860907759883,93.3758735774436,73.8916167136223,125.461805358505,105.784613574441,0.0006190553014992,0.0021342017754603,0.0222435451055331,0.062090457520636,0.165326751790344
2008,9,12.9333333333333,58.3026093348034,66.9192978617262,159.758569486054,186.086189984083,0.0006745214514785,0.0013122545834534,0.0167832471009351,0.0547005311826168,0.18258042922137
2008,9,25.4194241093216,151.678482912247,140.810914575349,285.220374844559,291.870803558524,0.0006460866548817,0.0017200719976749,0.0192648797410907,0.057722510202301,0.175926153402199
2008,10,12.4860907759883,103.783154578581,72.434096974681,127.671614926593,115.625042744156,0.0006190553014992,0.0023720709030987,0.0218047888907247,0.063184081884832,0.180705984515027
2008,10,8.31428571428571,57.8097495668609,54.3386651604058,142.900537777525,173.636761780922,0.0004336209330933,0.001301161469494,0.0136280456260385,0.0489284258607146,0.170365541350926
2008,10,20.800376490274,161.592904145442,126.772762135087,270.572152704118,289.261804525078,0.000528684112161,0.0018325040184134,0.017344266418151,0.0547580229968972,0.174353570058513
2008,11,7.02342606149341,84.0603812953515,79.5412704924389,116.965979153956,90.4089429967606,0.0003482186070933,0.001921286603628,0.0239442566916228,0.0578859130814027,0.141296700658027
2008,11,6.46666666666667,47.798493201029,54.1659347174774,136.968203280335,156.600702134492,0.0003372607257392,0.0010758316394559,0.0135847251221158,0.0468972243471231,0.153650431633477
2008,11,13.4900927281601,131.858874496381,133.707205209916,253.934182434291,247.009645131253,0.0003428782983948,0.0014953126726444,0.0182929940953407,0.0513908532806065,0.148885932376138
2008,12,9.36456808199122,99.8428646066701,68.7026773383264,115.305276398571,105.784613574441,0.0004642914761244,0.0022820115169672,0.0206815220753483,0.0570640390967829,0.165326751790344
2008,12,8.31428571428571,54.2744684202237,58.4170557655603,140.427788775465,158.566401324465,0.0004336209330933,0.0012215906073765,0.0146508991150556,0.0480817690314184,0.155579098139336
2008,12,17.6788537962769,154.117333026894,127.119733103887,255.733065174036,264.351014898906,0.000449344228345,0.0017477291690033,0.0173917368433502,0.0517549087144242,0.159338503996021
2008,13,9.36456808199122,93.1883329418996,71.357209003097,112.995437337215,102.094452635798,0.0004642914761244,0.0021299153410526,0.0214806140081751,0.0559209106067308,0.159559539518588
2008,13,7.39047619047619,40.945245970494,49.1585841369614,120.906750403979,137.59894329809,0.0003854408294162,0.0009215811660651,0.0123288900371832,0.0413978636134385,0.135006655410168
2008,13,16.7550442724674,134.133578912394,120.515793140058,233.902187741194,239.693395933888,0.0004258637198009,0.0015211083906252,0.0164882265607544,0.0473368055335797,0.144476037439983
2008,14,7.02342606149341,92.8385382919385,69.5341328024742,100.955603601906,75.6482992421875,0.0003482186070933,0.0021219204240104,0.0209318145705266,0.0499624535052923,0.118227851571002
2008,14,7.39047619047619,56.804121383945,57.992248811821,137.420015175832,149.393138437926,0.0003854408294162,0.0012785271447642,0.0145443582471353,0.0470519224691572,0.146578654445325
2008,14,14.4139022519696,149.642659675884,127.526381614295,238.375618777738,225.041437680114,0.0003663588069389,0.0016969852521204,0.017447371981248,0.0482421324015741,0.135644518069189
2008,15,12.4860907759883,95.0304052422142,70.3655882666221,122.023463079378,102.094452635798,0.0006190553014992,0.0021720178009626,0.0211821070657049,0.0603888380946002,0.159559539518588
2008,15,5.54285714285714,52.510615845015,51.866117995163,122.96343589566,146.116973121305,0.0002890806220622,0.0011818904352442,0.0130079349648548,0.0421020623880801,0.143364210268892
2008,15,18.0289479188454,147.541021087229,122.231706261785,244.986898975038,248.211425757103,0.0004582425865286,0.0016731521439816,0.0167229871972855,0.0495801142650608,0.149610309875228
2008,16,11.705710102489,78.9708162532182,79.6915450580358,118.068066058818,88.563862527439,0.0005803643451555,0.0018049593519185,0.0239894937459293,0.058431330708344,0.138413094522148
2008,16,5.54285714285714,57.4692707512994,39.0022806580163,107.318046529683,133.667544918144,0.0002890806220622,0.0012934980923075,0.0097817062446779,0.0367451597090502,0.131149322398449
2008,16,17.2485672453461,136.440087004518,118.693825716052,225.386112588501,222.231407445583,0.0004384076155746,0.0015472647702613,0.0162389562295339,0.0456133338666177,0.133950762461991
2008,17,7.02342606149341,83.5548826226173,61.0245561695326,100.908406734454,85.4887284119029,0.0003482186070933,0.0019097329107574,0.0183701822760618,0.049939095997521,0.133607084295685
2008,17,7.39047619047619,42.1982779440332,48.9687638761808,118.635974994654,144.806506994656,0.0003854408294162,0.0009497839681224,0.0122812834357508,0.040620361527096,0.142078432598319
2008,17,14.4139022519696,125.753160566651,109.993320045713,219.544381729108,230.295235406559,0.0003663588069389,0.0014260723469588,0.0150486067745131,0.0444310923478826,0.138811263127269
2008,18,8.58418740849195,84.5250276085729,64.8511337477265,109.630708238448,90.4089429967606,0.0004256005197807,0.0019319065737407,0.019522094424503,0.0542557219975088,0.141296700658027
2008,18,11.0857142857143,46.391132461805,42.6869924344468,112.858149773241,134.978011044793,0.0005781612441244,0.0010441552599303,0.0107058257470574,0.0386420632129066,0.132435100069022
2008,18,19.6699016942062,130.916160070378,107.538126182173,222.488858011689,225.386954041554,0.0004999507830235,0.0014846220548663,0.0147127023123852,0.0450269914394337,0.135852779271285
2008,19,7.80380673499268,85.021752612751,51.9840732036369,100.476236690108,94.7141307585111,0.000386909563437,0.0019432597353789,0.0156487315950317,0.0497252170747409,0.148025114975075
2008,19,8.31428571428571,48.6272798865963,46.7653830396014,114.867370947966,128.42568041155,0.0004336209330933,0.0010944856780873,0.0117286792360745,0.0393300104439965,0.126006211716157
2008,19,16.1180924492784,133.649032499347,98.7494562432383,215.343607638074,223.139811170061,0.0004096742864371,0.0015156135129033,0.0135102907666018,0.043580945420408,0.134498306001924
2008,20,8.58418740849195,88.4378072824447,73.6311089005103,95.6188117512233,70.7280846573298,0.0004256005197807,0.0020213371836727,0.0221651246087431,0.0473213003132556,0.11053823520866
2008,20,6.46666666666667,50.2632120543918,52.3391428917698,127.469238329191,145.46174005798,0.0003372607257392,0.0011313066627722,0.0131265688115674,0.0436448264933858,0.142721321433606
2008,20,15.0508540751586,138.701019336837,125.97025179228,223.088050080414,216.18982471531,0.0003825482403028,0.0015729043093626,0.0172344719090266,0.045148255112546,0.130309177222085
2008,21,7.02342606149341,94.1840066271679,67.8311805560968,98.3928729281967,80.5685138270452,0.0003482186070933,0.0021526724887554,0.020419175968347,0.0486941701454434,0.125917467933343
2008,21,1.84761904761905,59.9528219667139,50.0875441123229,108.756694918251,113.355319955093,9.63602073540715e-05,0.0013493969877919,0.0125618716330987,0.0372377456860833,0.111219768504567
2008,21,8.87104510911246,154.136828593882,117.91872466842,207.149567846448,193.923833782138,0.0002254757556741,0.0017479502536173,0.0161329116909066,0.0419226468303161,0.116888272873988
2008,22,10.1449487554905,80.0878915933908,64.4705019803693,103.418304782348,76.8783528884019,0.0005029824324681,0.0018304912594978,0.0194075130922441,0.0511812327392852,0.120150255661587
2008,22,6.46666666666667,45.6160235207644,45.8052949392247,113.583432031712,122.528582841632,0.0003372607257392,0.0010267093810553,0.0114878907588764,0.038890396212653,0.120220212198578
2008,22,16.6116154221572,125.703915114155,110.275796919594,217.00173681406,199.406935730034,0.0004222181822107,0.0014255138911895,0.0150872535159348,0.0439165153400876,0.120193231858048
2008,23,8.58418740849195,89.7722782722058,52.3246636529124,95.4451690775942,84.8737015887957,0.0004256005197807,0.0020518378927588,0.0157512593154676,0.0472353653705857,0.132645882250392
2008,23,1.84761904761905,42.235071139812,39.9001125083625,107.936283829332,129.080913474874,9.63602073540715e-05,0.000950612096406,0.0100068809593109,0.0369568410529461,0.126649100551443
2008,23,10.431806456111,132.007349412018,92.2247761612749,203.381452906926,213.95461506367,0.0002651456975821,0.0014969964153865,0.0126176243315659,0.0411600608714465,0.128961896742961
2008,24,8.58418740849195,90.6486529403894,48.3478115091216,84.8508343149519,80.5685138270452,0.0004256005197807,0.0020718683385383,0.01455411011272,0.0419922789136392,0.125917467933343
2008,24,7.39047619047619,42.2688402373077,50.6539533839753,108.400011853203,117.286718335038,0.0003854408294162,0.0009513721593513,0.0127039261236591,0.03711561919744,0.115077101516286
2008,24,15.9746635989681,132.917493177697,99.0017648930969,193.250846168155,197.855232162083,0.0004060287488469,0.0015073176737163,0.0135448100779195,0.03910984250555,0.11925793707487
2008,25,10.9253294289898,69.1838855880751,60.0579014454637,93.7996111183912,75.0332724190803,0.0005416733888118,0.0015812689702212,0.0180791908359958,0.0464209864743816,0.117266649525709
2008,25,5.54285714285714,44.3281461647504,45.0801935318069,109.588821939008,126.459981221578,0.0002890806220622,0.0009977222914097,0.0113060365481661,0.0375226617953927,0.124077545210297
2008,25,16.4681865718469,113.512031752825,105.138094977271,203.388433057399,201.493253640658,0.0004185726446206,0.0012872548793238,0.0143843448645499,0.041161473504773,0.121450767316597
2008,26,9.36456808199122,83.9046772725784,64.5906259346146,102.501132067841,91.6389966429751,0.0004642914761244,0.0019177278277996,0.019443673927713,0.0507273282756404,0.143219104748612
2008,26,10.1619047619048,46.1738173990655,46.0091535071683,111.574210856987,129.080913474874,0.0005299811404473,0.001039264009086,0.0115390181440816,0.0382024489815631,0.126649100551443
2008,26,19.526472843896,130.078494671644,110.599779441783,214.075342924828,220.719910117849,0.0004963052454333,0.0014751227193764,0.015131578803836,0.0433242757386244,0.133039702131516
2008,27,6.24304538799414,76.5207012938413,53.4816342606599,99.5005955914224,92.2540234660823,0.0003095276507496,0.0017489594507015,0.0160995414216631,0.049242376882698,0.144180306793905
2008,27,8.31428571428571,42.9095290596944,36.577951435641,105.083019505477,127.115214284902,0.0004336209330933,0.0009657925575691,0.0091736885622866,0.035979897690087,0.124720434045584
2008,27,14.5573311022798,119.430230353536,90.0595856963009,204.583615096899,219.369237750984,0.0003700043445291,0.0013543687341983,0.0123213963434865,0.0414033528147846,0.132225579611853
2008,28,11.705710102489,86.3416922486676,64.6057012402903,103.318275289079,83.0286211194741,0.0005803643451555,0.0019734283154044,0.0194482120371318,0.0511317286134291,0.129762276114514
2008,28,6.46666666666667,52.1926497611172,50.6539533839753,105.297109423121,111.38962076512,0.0003372607257392,0.0011747337666879,0.0127039261236591,0.036053201001788,0.109291101998707
2008,28,18.1723767691557,138.534342009785,115.259654624266,208.6153847122,194.418241884594,0.0004618881241187,0.0015710141467146,0.0157691141488037,0.0422192968471117,0.117186279096657
2008,29,11.705710102489,81.8725985816217,61.4603045606474,100.702711989553,84.2586747656885,0.0005803643451555,0.0018712825761092,0.0185013553295625,0.0498372986354954,0.1316846802051
2008,29,3.6952380952381,44.9640783325458,49.0792380690788,106.664261041451,118.597184461687,0.0001927204147081,0.0010120356285224,0.0123089901771083,0.0365213068440624,0.116362879186859
2008,29,15.4009481977271,126.836676914167,110.539542629726,207.366973031004,202.855859227376,0.0003914465984863,0.0014383596938032,0.0151233375752085,0.0419666449948597,0.122272082626498
2008,30,8.58418740849195,70.6122479347011,53.4566682482539,104.85816799665,85.4887284119029,0.0004256005197807,0.0016139156629843,0.0160920259192589,0.0518938142734638,0.133607084295685
2008,30,2.77142857142857,59.4231690029926,48.1502780937173,111.229443920311,128.42568041155,0.0001445403110311,0.0013374757455488,0.0120760085811928,0.0380844025153795,0.126006211716157
2008,30,11.3556159799205,130.035416937694,101.606946341971,216.087611916961,213.914408823453,0.0002886262061262,0.0014746342070807,0.0139012349152103,0.0437315159909782,0.128937662290259
2008,31,14.8272327964861,88.1583568887623,61.7457783861654,96.7001181015411,80.5685138270452,0.0007351281705303,0.0020149500570681,0.0185872913287566,0.0478564337414678,0.125917467933343
2008,31,8.31428571428571,48.5567175933218,54.5284854211864,125.174830859656,128.42568041155,0.0004336209330933,0.0010928974868583,0.013675652227471,0.0428592329084113,0.126006211716157
2008,31,23.1415185107718,136.715074482084,116.274263807352,221.874948961197,208.994194238595,0.0005881890250229,0.0015503831971521,0.0159079267114187,0.0449027493636366,0.125971985644037
2008,32,10.9253294289898,86.652979255121,62.331801342877,104.911000622466,89.1788893505462,0.0005416733888118,0.0019805431005882,0.0187637014365638,0.0519199608915486,0.139374296567441
2008,32,6.46666666666667,57.8690554943036,46.4028323358924,110.456697344884,125.804748158253,0.0003372607257392,0.0013024963064079,0.0116377521307193,0.0378198179720815,0.123434656375011
2008,32,17.3919960956565,144.522034749425,108.734633678769,215.36769796735,214.983637508799,0.0004420531531647,0.0016389160825356,0.0148764010789244,0.0435858207883692,0.129582143641003
2008,33,9.36456808199122,78.2137406021195,56.6670722583846,96.4208101762801,87.3338088812246,0.0004642914761244,0.0017876556080623,0.0170584517410553,0.0477182055626286,0.136490690431563
2008,33,7.39047619047619,37.2274951435922,47.2384079362082,118.33887257147,125.804748158253,0.0003854408294162,0.0008379033406916,0.0118473130827871,0.0405186351507516,0.123434656375011
2008,33,16.7550442724674,115.441235745712,103.905480194593,214.75968274775,213.138557039478,0.0004258637198009,0.0013091325359449,0.014215706122113,0.0434627714980244,0.12847001489867
2008,34,11.705710102489,74.2180669168511,61.5003458787292,99.6270413975989,87.9488357043318,0.0005803643451555,0.0016963303701122,0.0185134089413854,0.0493049543175965,0.137451892476856
2008,34,5.54285714285714,49.3281461647504,47.0485876754276,113.99949554209,129.080913474874,0.0002890806220622,0.0011102605292713,0.0117997064813546,0.0390328542673077,0.126649100551443
2008,34,17.2485672453461,123.546213081602,108.548933554157,213.626536939689,217.029749179206,0.0004384076155746,0.0014010450095508,0.0148509947346835,0.0432334469958665,0.13081544464685
2008,35,10.9253294289898,84.5293539233045,66.6341686302675,112.351936789605,96.5592112278328,0.0005416733888118,0.0019320054561204,0.0200588402503285,0.0556024452116119,0.150908721110954
2008,35,5.54285714285714,36.6103953378485,39.2232290438122,104.060634823823,120.562883651659,0.0002890806220622,0.000824013875747,0.009837119727393,0.0356298383139961,0.118291545692718
2008,35,16.4681865718469,121.139749261153,105.85739767408,216.412571613428,217.122094879492,0.0004185726446206,0.0013737551069127,0.0144827554174055,0.0437972808908557,0.130871106342492
2008,36,12.4860907759883,99.190435579719,64.0046029779029,105.839444853699,101.479425812691,0.0006190553014992,0.0022670995795005,0.0192672638199058,0.05237944357582,0.158598337473295
2008,36,9.23809523809524,44.7740326560613,47.2695360612234,111.776384646258,117.941951398362,0.0004818010367703,0.0010077581474134,0.0118551199640697,0.0382716722708043,0.115719990351572
2008,36,21.7241860140835,143.96446823578,111.274139039126,217.615829499957,219.421377211053,0.0005521646207051,0.0016325931385785,0.0152238405193731,0.0440407945797673,0.132257006854792
2008,37,10.1449487554905,86.8660485899779,55.3348610726342,110.86487670785,97.7892648740472,0.0005029824324681,0.0019854130197153,0.0166574170781492,0.0548665061696619,0.152831125201539
2008,37,7.39047619047619,57.1982779440332,56.4486616219396,126.363640945461,137.59894329809,0.0003854408294162,0.001287398681707,0.0141572291818671,0.043266275506364,0.135006655410168
2008,37,17.5354249459667,144.064326534011,111.783522694574,237.228517653311,235.388208172137,0.0004456986907549,0.0016337255566988,0.0152935312453645,0.0480099836415358,0.141881070374539
2008,38,10.9253294289898,89.874822258534,64.4954679927752,97.675759200227,83.0286211194741,0.0005416733888118,0.0020541816411951,0.0194150285946482,0.0483392739335107,0.129762276114514
2008,38,13.8571428571429,46.1963301307293,48.3230085366457,113.369342114068,138.254176361414,0.0007227015551555,0.0010397707177162,0.0121193290851154,0.038817092900952,0.135649544245454
2008,38,24.7824722861327,136.071152389263,112.818476529421,211.045101314295,221.282797480888,0.0006298972215178,0.0015430809592916,0.0154351272375931,0.0427110195770519,0.133378984469355
2008,39,10.9253294289898,85.7766045869374,59.7724276199458,111.276266197651,100.249372166476,0.0005416733888118,0.0019605126548087,0.0179932548368016,0.0550701008937129,0.15667593338271
2008,39,6.46666666666667,51.0807423741272,45.5532184284137,120.645196169379,138.254176361414,0.0003372607257392,0.0011497073470885,0.0114246703948788,0.0413083087581859,0.135649544245454
2008,39,17.3919960956565,136.857346961065,105.32564604836,231.92146236703,238.50354852789,0.0004420531531647,0.0015519966027086,0.0144100044438569,0.0469359490355808,0.14375885273113
2008,40,8.58418740849195,81.3395896108482,70.2153137010252,113.991858990445,92.8690502891895,0.0004256005197807,0.001859100107039,0.0211368700113985,0.0564140349975027,0.145141508839197
2008,40,5.54285714285714,41.8634273113876,42.1828394128247,114.914835264923,143.496040868008,0.0002890806220622,0.0009422472680934,0.0105793850190621,0.0393462619875481,0.140792654927746
2008,40,14.1270445513491,123.203016922236,112.39815311385,228.906694255368,236.365091157198,0.0003590677317586,0.0013971530791194,0.0153776211836216,0.0463258243795921,0.142469890029641
2008,41,7.02342606149341,78.0857889555714,63.9796369654969,101.9576610135,79.953487003938,0.0003482186070933,0.0017847311413797,0.0192597483175017,0.0504583670063776,0.124956265888051
2008,41,6.46666666666667,58.1220874678427,46.2130120751118,108.530688872235,133.667544918144,0.0003372607257392,0.0013081914608928,0.0115901455292868,0.0371603623519225,0.131149322398449
2008,41,13.4900927281601,136.207876423414,110.192649040609,210.488349885735,213.621031922082,0.0003428782983948,0.0015446314440937,0.0150758777366196,0.0425983449827747,0.128760828331103
2008,42,3.90190336749634,78.9236559802473,56.7773055058997,102.448299442025,87.9488357043318,0.0001934547817185,0.0018038814553008,0.0170916351835388,0.0507011816575557,0.137451892476856
2008,42,6.46666666666667,49.4043366409408,48.6233029903242,112.63234392376,121.873349778308,0.0003372607257392,0.0011119753976577,0.0121946424279055,0.0385647484250333,0.119577323363291
2008,42,10.368570034163,128.327992621188,105.400608496224,215.080643365785,209.82218548264,0.0002635384145788,0.0014552715875543,0.014420260343036,0.0435277270698665,0.126471060278566
2008,43,14.0468521229868,84.3096135577109,57.9893927374048,111.634823061636,99.0193185202617,0.0006964372141866,0.001926983063714,0.0174565090109761,0.0552475489996792,0.154753529292124
2008,43,7.39047619047619,61.6629967973959,50.6850815089905,108.043328788154,121.218116714984,0.0003854408294162,0.0013878890001679,0.0127117330049417,0.0369934927087966,0.118934434528005
2008,43,21.437328313463,145.972610355107,108.674474246395,219.67815184979,220.237435235246,0.0005448735455248,0.0016553659733305,0.0148681704369072,0.0444581645623415,0.132748888699084
2008,44,7.02342606149341,69.2712269532961,61.6656957500018,112.71049365359,95.3291575816184,0.0003482186070933,0.0015832652470921,0.0185631841051107,0.0557798933175782,0.148986317020368
2008,44,10.1619047619048,49.1738173990655,48.7649053082373,113.060323562512,123.839048968281,0.0005299811404473,0.001106786951803,0.0122301560505455,0.0387112865021478,0.121505989869151
2008,44,17.1853308233982,118.445044352362,110.430601058239,225.770817216102,219.168206549899,0.0004368003325713,0.001343196478117,0.0151084328621766,0.0456911898641202,0.132104407348339
2008,45,12.4860907759883,82.8449672444895,69.6292907443136,113.480440007376,96.5592112278328,0.0006190553014992,0.0018935070635189,0.0209604599035913,0.0561609361475956,0.150908721110954
2008,45,3.6952380952381,44.1757652123694,52.5600912775656,123.177525813304,130.391379601523,0.0001927204147081,0.0009942925546368,0.0131819822942825,0.0421753656997811,0.127934878222016
2008,45,16.1813288712264,127.020732456859,122.189382021879,236.65796582068,226.950590829356,0.0004112815694403,0.0014404469297705,0.0167171966561589,0.047894516140317,0.136795266844699
2008,46,6.24304538799414,90.6189189654378,68.2268876291298,106.192365959321,86.7187820581173,0.0003095276507496,0.0020711887379123,0.0205382954100246,0.052554102571473,0.13552948838627
2008,46,9.23809523809524,36.9857195358849,46.0262433250205,124.116697792882,135.633244108117,0.0004818010367703,0.0008324615405217,0.0115433042415915,0.042496933464941,0.133077988904308
2008,46,15.4811406260894,127.604638501323,114.25313095415,230.309063752203,222.352026166234,0.0003934848530732,0.0014470685706063,0.0156314077961406,0.046609634004457,0.134023465820099
2008,47,12.4860907759883,84.8085622388012,60.3584505766574,112.172658357613,97.17423805094,0.0006190553014992,0.0019383870497786,0.0181696649446088,0.0555137211586287,0.151869923156246
2008,47,5.54285714285714,49.3281461647504,41.9307629020137,113.702192922371,143.496040868008,0.0002890806220622,0.0011102605292713,0.0105161646550645,0.0389310593446758,0.140792654927746
2008,47,18.0289479188454,134.136708403552,102.289213478671,225.874851279984,240.670278918948,0.0004582425865286,0.001521143879839,0.0139945784914484,0.0457122441359866,0.145064857095085
2008,48,10.1449487554905,96.2479219308956,65.9529877317165,112.019796238529,99.6343453433689,0.0005029824324681,0.002199845399025,0.0198537848094567,0.0554380704146879,0.155714731337417
2008,48,7.39047619047619,53.5510894104058,46.7653830396014,121.07317580813,140.219875551386,0.0003854408294162,0.0012053090475623,0.0117286792360745,0.0414548468353004,0.137578210751314
2008,48,17.5354249459667,149.799011341301,112.718370771318,233.092972046659,239.854220894755,0.0004456986907549,0.0016987583191785,0.015421431385982,0.0471730375657088,0.144572975250793
2008,49,14.8272327964861,102.627450555808,70.5559041503007,122.049879392286,103.939533105119,0.0007351281705303,0.0023456560971878,0.0212393977318344,0.0604019114036426,0.162443145654466
2008,49,7.39047619047619,57.945245970494,48.3712264795132,124.176078238212,146.116973121305,0.0003854408294162,0.0013042111747943,0.0121314220639078,0.0425172650309524,0.143364210268892
2008,49,22.2177089869623,160.572696526302,118.927130629814,246.225957630498,250.056506226424,0.0005647085164788,0.0018209346084101,0.0162708755670382,0.0498308732647291,0.150722438617561
2008,50,14.0468521229868,90.8769248963533,71.0868104832548,117.815174446465,97.17423805094,0.0006964372141866,0.0020770857292308,0.0213992161183998,0.0583061758385471,0.151869923156246
2008,50,7.39047619047619,55.8746836772195,53.7722558887533,135.672348235707,155.290236007844,0.0003854408294162,0.0012576076884208,0.0134859911354781,0.0464535300933199,0.152364653962904
2008,50,21.437328313463,146.751608573573,124.859066372008,253.487522682172,252.464474058784,0.0005448735455248,0.0016642000082978,0.0170824463820556,0.0513004588895582,0.152173849697732
2008,51,11.705710102489,79.6253479179888,71.3722843087727,121.512044096308,105.784613574441,0.0005803643451555,0.0018199193473384,0.0214851521175939,0.0601357392446931,0.165326751790344
2008,51,8.31428571428571,58.091998739959,51.2374524734801,135.410794001107,155.945469071168,0.0004336209330933,0.0013075142344097,0.0128502667117293,0.0463639752380673,0.15300754279819
2008,51,20.0199958167747,137.717346657948,122.609736782253,256.922838097415,261.730082645609,0.000508849141207,0.0015617492147352,0.0167747069985327,0.0519956933348974,0.1577587278621
2008,52,12.4860907759883,87.7831545785813,70.255355019107,121.000625113239,109.474774513084,0.0006190553014992,0.0020063744217796,0.0211489236232214,0.059882640394786,0.1710939640621
2008,52,8.31428571428571,57.5275003937628,61.3766661345729,137.83607868621,155.945469071168,0.0004336209330933,0.0012948087045784,0.0153931644067247,0.0471943805238119,0.15300754279819
2008,52,20.800376490274,145.310654972344,131.63202115368,258.836703799449,265.420243584252,0.000528684112161,0.001647859233444,0.0180090802282616,0.0523830188636984,0.159982985346766
2009,1,11.5418060200669,92.3371194434216,64.3388751355702,116.548575853296,113.233623547645,0.0005613595829091,0.0020744916743541,0.0190708234259774,0.0569819143663548,0.167425272204297
2009,1,7.26477024070022,62.3377426090999,63.2164421927272,133.638985028178,157.542059929294,0.0003714461934245,0.0013800032897911,0.0157360604088685,0.0458303296606864,0.143556567472236
2009,1,18.8065762607671,154.674862052521,127.555317328297,250.187560881474,270.775683476939,0.0004687754298952,0.001724686410632,0.017258243985961,0.0504277055994975,0.152657630009558
2009,2,9.89297658862876,115.732449064039,76.3750022463484,114.273150114509,105.726421986475,0.0004811653567792,0.0026001027916305,0.0226384775756435,0.0558694330370438,0.156325254157603
2009,2,8.17286652078775,61.4627702581957,52.8649707544309,132.832090220981,182.667302245604,0.0004178769676025,0.0013606335681396,0.0131593355217402,0.0455536120920253,0.166451364870825
2009,2,18.0658431094165,177.195219322235,129.239973000779,247.10524033549,288.393724232079,0.0004503118086253,0.0019757973774061,0.0174861780245962,0.0498064342920491,0.162590310494585
2009,3,6.59531772575251,96.6948828039486,70.155884194304,117.073892508935,109.48002276706,0.0003207769045195,0.0021723953545285,0.0207950555079445,0.0572387476092122,0.16187526318095
2009,3,6.35667396061269,51.4445824642874,51.0176986176273,138.774015377882,168.407029579591,0.0003250154192464,0.0011388556927354,0.0126995060070114,0.0475913437367431,0.153457020401355
2009,3,12.9519916863652,148.139465268236,121.173582811931,255.847907886817,277.887052346651,0.0003228432111506,0.0016518141295621,0.0163947948280274,0.0515686028981912,0.156666870070682
2009,4,9.0685618729097,103.632913723004,74.1902659530807,110.514638155798,97.593620295208,0.0004410682437143,0.0023282686096696,0.0219908952237072,0.0540318541133357,0.144300234607018
2009,4,7.26477024070022,53.9950812727207,55.5396624598476,148.854123177984,183.346362848748,0.0003714461934245,0.0011953174220013,0.0138251292423551,0.0510482291912121,0.167070143178895
2009,4,16.3333321136099,157.627994995725,129.729928412928,259.368761333782,280.939983143956,0.0004071269898898,0.0017576150209333,0.0175524690285482,0.0522782647233314,0.158388048184297
2009,5,12.366220735786,98.3606048412099,83.8606797717419,134.302070713325,115.110423937938,0.0006014566959741,0.0022098182947168,0.0248573232425872,0.0656617984096488,0.17020027671597
2009,5,6.35667396061269,51.9197395173999,53.3347651368112,146.400579742715,181.988241642461,0.0003250154192464,0.0011493744935295,0.0132762784012263,0.0502068077717704,0.165832586562755
2009,5,18.7228946963987,150.28034435861,137.195444908553,280.70265045604,297.098665580399,0.0004666895711633,0.0016756857854018,0.0185625539694299,0.0565783149582798,0.167497973171467
2009,6,10.7173913043478,97.6742091496817,62.9348864950505,114.316689893567,111.356823157353,0.0005212624698442,0.0021943973875456,0.0186546641537021,0.0558907201265142,0.164650267692623
2009,6,8.17286652078775,48.545580081154,56.4966202267338,139.69884298859,169.086090182734,0.0004178769676025,0.0010746789571272,0.0140633385547766,0.0479085053364749,0.154075798709425
2009,6,18.8902578251355,146.219789230836,119.431506721784,254.015532882157,280.442913340087,0.0004708612886271,0.0016304089759994,0.0161590918025825,0.0511992701185865,0.158107810693125
2009,7,5.77090301003344,93.5699974818319,71.2247820070649,116.835896165082,102.598421335988,0.0002806797914545,0.0021021901258717,0.0211118897921097,0.0571223885101358,0.151700246638147
2009,7,5.44857768052516,55.7615879391208,56.2126776367332,128.541945258336,148.035211485285,0.0002785846450683,0.0012344235061975,0.0139926585608712,0.0440823441241586,0.134893671159256
2009,7,11.2194806905586,149.331585420953,127.437459643798,245.377841423418,250.633632821273,0.000279658392415,0.0016651067447935,0.017242297832423,0.049458260452055,0.141301965877744
2009,8,5.77090301003344,95.9052226047982,74.7699591091735,119.32029172835,113.233623547645,0.0002806797914545,0.0021546544555425,0.0221627233105023,0.0583370375455429,0.167425272204297
2009,8,9.08096280087527,59.6871696948415,49.0897046853282,131.451375651939,165.690787167017,0.0004643077417806,0.0013213261675789,0.0122195829374072,0.0450801080179469,0.150981907169075
2009,8,14.8518658109087,155.59239229964,123.859663794502,250.771667380289,278.924410714662,0.00037019974735,0.0017349172388839,0.016758221786105,0.0505454378738649,0.157251710880232
2009,9,12.366220735786,87.5127047277025,63.8932183105809,116.743032418091,114.48482380784,0.0006014566959741,0.0019661039726181,0.0189387253344263,0.0570769863759608,0.169275275212079
2009,9,10.8971553610503,61.2467624002289,59.0905901366551,129.618735188489,154.146756913577,0.0005571692901367,0.0013558516889418,0.0147090387205161,0.0444516198820059,0.140462675931886
2009,9,23.2633760968363,148.759467127931,122.983808447236,246.36176760658,268.631580721417,0.0005798662648319,0.0016587273976122,0.0166397184920352,0.049656580223515,0.151448830013369
2009,10,6.59531772575251,87.1822078134075,83.5926071095349,146.628239900735,132.00162745057,0.0003207769045195,0.0019586788644792,0.0247778632520992,0.0716882016664876,0.195175317321031
2009,10,6.35667396061269,59.8700536236249,57.9688981751792,147.532375010696,179.271999229887,0.0003250154192464,0.0013253747649905,0.014429823189656,0.0505949471326691,0.163357473330475
2009,10,12.9519916863652,147.052261437032,141.561505284714,294.160614911431,311.273626680457,0.0003228432111506,0.001639691373166,0.0191532822652586,0.05929089693931,0.175489517830228
2009,11,7.41973244147157,84.8451181071474,76.5291160752578,122.977210869258,108.228822506865,0.0003608740175844,0.0019061726441522,0.0226841587849037,0.06012494659382,0.160025260173167
2009,11,5.44857768052516,58.7450259745291,49.7031156645083,124.449675322851,163.653605357586,0.0002785846450683,0.001300469438107,0.0123722753681899,0.0426789356789043,0.149125572244865
2009,11,12.8683101219967,143.590144081676,126.232231739766,247.426886192109,271.882427864451,0.0003207573524187,0.0016010873836388,0.017079230406759,0.0498712651034121,0.153281589196197
2009,12,9.89297658862876,88.0366488370239,63.1794888233846,100.0604683179,83.8304174330632,0.0004811653567792,0.001977875161704,0.0187271672523872,0.0489206924701059,0.123950201521413
2009,12,9.08096280087527,57.6043598718831,47.4386141437665,117.013063857324,156.862999326151,0.0004643077417806,0.0012752179145785,0.0118085876393277,0.0401286143415214,0.142937789164166
2009,12,18.973939389504,145.641008708907,110.618102967151,217.073532175224,240.693416759214,0.000472947147359,0.0016239553423083,0.014966637614626,0.0437532550995257,0.135697881322101
2009,13,9.89297658862876,79.549323827565,59.1015592329291,110.976117583817,109.48002276706,0.0004811653567792,0.0017871946945659,0.0175184194308054,0.0542574766149983,0.16187526318095
2009,13,3.63238512035011,57.4452847825625,57.6112729889464,121.164300194564,154.146756913577,0.0001857230967122,0.0012716963859283,0.0143408018632559,0.041552244802311,0.140462675931886
2009,13,13.5253617089789,136.994608610128,116.712832221876,232.140417778381,263.626779680637,0.0003371351149566,0.0015275445322169,0.0157912549391683,0.0467901305893398,0.148627228547003
2009,14,9.0685618729097,87.373738543284,59.1015592329291,110.601717713914,108.854422636963,0.0004410682437143,0.0019629818891664,0.0175184194308054,0.0540744282922766,0.160950261677059
2009,14,10.8971553610503,55.2633243648206,56.0934692413223,123.389900150665,147.356150882142,0.0005571692901367,0.0012233931842298,0.0139629847854045,0.0423154949845794,0.134274892851186
2009,14,19.96571723396,142.637062908105,115.195028474251,233.991617864579,256.210573519105,0.0004976683448247,0.0015904601483759,0.0155858959784605,0.0471632577449172,0.144446127638146
2009,15,8.24414715719064,69.1981532590031,61.7755001828649,105.690979626123,95.091219774818,0.0004009711306494,0.0015546401456073,0.0183110079801119,0.0516735130074229,0.140600228591453
2009,15,7.26477024070022,41.9950812727207,54.7474388875512,137.697225447729,162.295484151299,0.0003714461934245,0.0009296671307911,0.0136279261483724,0.0472220679788958,0.147888015628725
2009,15,15.5089173978909,111.193234531724,116.522939070416,243.388205073852,257.386703926117,0.0003865775098879,0.0012398489192508,0.0157655623815565,0.0490572301381079,0.145109205201874
2009,16,6.59531772575251,91.2836077377359,69.2411002104525,113.660753900754,98.2192204253055,0.0003207769045195,0.002050822956124,0.0205239024330394,0.0555700256152456,0.145225236110909
2009,16,3.63238512035011,58.0860614815916,48.5743845037691,121.844169568138,156.862999326151,0.0001857230967122,0.0012858815956532,0.0120913076149491,0.041785400101347,0.142937789164166
2009,16,10.2277028461026,149.369669219328,117.815484714222,235.504923468892,255.082219751456,0.0002549371949494,0.0016655313943367,0.0159404439039502,0.0474682790226638,0.143809985537903
2009,17,11.5418060200669,100.773744490716,66.0109364382968,104.207893406199,94.4656196447205,0.0005613595829091,0.0022640330909128,0.0195664426887406,0.0509484154130258,0.139675227087562
2009,17,9.08096280087527,47.162326747954,46.6534297707333,126.696251100847,168.407029579591,0.0004643077417806,0.0010440571528953,0.0116131367677256,0.0434493793371791,0.153457020401355
2009,17,20.6227688209422,147.93607123867,112.66436620903,230.904144507046,262.872649224312,0.0005140461073627,0.0016495462049999,0.015243497184478,0.0465409478388155,0.148202065671583
2009,18,7.41973244147157,92.9211680503937,53.3985090074928,86.7997718967012,89.4608186039406,0.0003608740175844,0.0020876132009935,0.0158279661300661,0.0424373882994734,0.132275215056433
2009,18,4.54048140043764,63.1448412723208,51.3997320052489,121.126309614703,152.78863570729,0.0002321538708903,0.0013978704560344,0.0127946031092414,0.0415392162627821,0.139225119315746
2009,18,11.9602138419092,156.066009322715,104.798241012742,207.926081511404,242.249454311231,0.0002981220136849,0.0017401982576138,0.0141792098563986,0.0419094985696814,0.136575142536426
2009,19,8.24414715719064,102.431978457641,71.6503613342484,102.710293926589,91.9632191243306,0.0004009711306494,0.0023012878003867,0.0212380366696446,0.0502162221221387,0.135975221071998
2009,19,2.72428884026258,45.5190007085667,46.2573179845851,116.143241584444,147.356150882142,0.0001392923225341,0.001007677982819,0.0115145352207343,0.039830316344841,0.134274892851186
2009,19,10.9684359974532,147.950979166208,117.907679318834,218.853535511033,239.319370006473,0.0002734008162193,0.0016497124343386,0.0159529178408578,0.0441120318663164,0.13492322268916
2009,20,13.190635451505,84.6375900498192,66.3895750977344,113.553376894076,108.228822506865,0.000641553809039,0.0019015102155458,0.0196786757826697,0.0555175277845805,0.160025260173167
2009,20,2.72428884026258,37.6183724961166,44.1190640585175,113.516760007836,129.021514597267,0.0001392923225341,0.0008327776340372,0.0109822734897194,0.0389295872912773,0.117567878533296
2009,20,15.9149242917676,122.255962545936,110.508639156252,227.070136901912,237.250337104132,0.0003966976962301,0.0013632027494559,0.0149518271528146,0.0457681667856858,0.133756745495834
2009,21,6.59531772575251,70.4357076242286,56.8498047741096,99.9095515321636,88.2096183437457,0.0003207769045195,0.0015824436578101,0.016850972081247,0.0488469075499703,0.130425212048651
2009,21,8.17286652078775,50.0704230280415,45.0689826261404,113.689698149176,145.998029675855,0.0004178769676025,0.001108435204868,0.0112187305797602,0.0389888949253993,0.133037336235046
2009,21,14.7681842465403,120.50613065227,101.91878740025,213.59924968134,234.207648019601,0.0003681138886181,0.0013436914258455,0.0137896195670127,0.0430529800972282,0.132041341444273
2009,22,12.366220735786,85.4620047655383,60.1503795478841,89.3189781682158,80.7024167825758,0.0006014566959741,0.0019200319267957,0.0178293025009545,0.043669056683095,0.119325194001957
2009,22,9.9890590809628,58.7625114501623,44.9568134299928,109.158556013324,135.133060025559,0.0005107385159587,0.0013008565232481,0.0111908090266741,0.0374349790693207,0.123136883305926
2009,22,22.3552798167488,144.224516215701,105.107192977877,198.47753418154,215.835476808135,0.0005572309260982,0.0016081608859799,0.0142210110804159,0.0400050531151808,0.121683498083826
2009,23,12.366220735786,75.5127047277025,66.1215024355274,104.538753497044,89.4608186039406,0.0006014566959741,0.0016965060011598,0.0195992157921817,0.0511101766462772,0.132275215056433
2009,23,8.17286652078775,41.1201089218165,46.7726381661443,122.541053699679,149.393332691572,0.0004178769676025,0.0009102974091396,0.0116428105431923,0.0420243904639054,0.136131227775396
2009,23,20.5390872565738,116.632813649519,112.894140601672,227.079807196723,238.854151295513,0.0005119602486307,0.0013005023962252,0.0152745856770081,0.0457701159264747,0.134660942173645
2009,24,8.24414715719064,69.2235032400852,64.3154048016972,109.002525416501,93.2144193845255,0.0004009711306494,0.001555209670897,0.0190638665341744,0.0532925651259584,0.13782522407978
2009,24,10.8971553610503,44.8544151700747,42.1840309269551,106.536035500644,138.528363041276,0.0005571692901367,0.0009929657043327,0.0105005981977345,0.0365356084282411,0.126230774846276
2009,24,19.1413025182409,114.07791841016,106.499435728652,215.538560917145,231.742782425802,0.0004771188648229,0.001272014295176,0.0144093816288481,0.0434438669011941,0.130651702112521
2009,25,7.41973244147157,75.4338430409348,65.3642251166523,103.444580406708,91.3376189942331,0.0003608740175844,0.0016947342552616,0.0193747496043235,0.0505752230710921,0.135050219568107
2009,25,8.17286652078775,52.5787040103373,38.619024851621,95.0031930357045,125.626211581549,0.0004178769676025,0.0011639623359834,0.0096131842748122,0.0325805202331199,0.114473986992947
2009,25,15.5925989622593,128.012547051272,103.983249968273,198.447773442412,216.963830575782,0.0003886633686199,0.0014273909629527,0.0140689415070548,0.0399990545523992,0.122319640184067
2009,26,9.89297658862876,66.7521236762218,47.7791616093471,88.0013219937139,77.5744161320884,0.0004811653567792,0.0014996864278035,0.0141623233631783,0.0430248397053236,0.114700186482501
2009,26,3.63238512035011,56.4784087117458,52.013142984429,101.928912205069,124.947150978406,0.0001857230967122,0.0012502921434469,0.0129472955400241,0.0349556354931047,0.113855208684877
2009,26,13.5253617089789,123.230532387968,99.7923045937761,189.930234198783,202.521567110494,0.0003371351149566,0.0013740695919438,0.0135019062840641,0.038282262718718,0.114177396079005
2009,27,10.7173913043478,80.8770089983385,56.5147139463509,108.671665325657,98.2192204253055,0.0005212624698442,0.0018170231302972,0.016751647093137,0.0531308038927071,0.145225236110909
2009,27,11.8052516411379,57.4214759430997,42.5205385153979,99.2684011125281,126.984332787836,0.0006036000643148,0.0012711693171669,0.0105843628569926,0.0340432363124962,0.115711543609086
2009,27,22.5226429454857,138.298484941438,99.0352524617488,207.940066438185,225.203553213142,0.0005614026435621,0.0015420832734184,0.0133994770739121,0.0419123173659799,0.126965022345433
2009,28,9.0685618729097,84.1962886757093,65.8333522755145,89.8297815641681,75.0720156116984,0.0004410682437143,0.001891595719274,0.0195138045876776,0.0439187942294622,0.111000180466937
2009,28,7.26477024070022,57.028205201904,39.2465142293277,100.797116937088,127.66339339098,0.0003714461934245,0.00126246327659,0.0097693811503562,0.0345674961322061,0.116330321917156
2009,28,16.3333321136099,141.224493877613,105.079866504842,190.626898501256,202.735409002678,0.0004071269898898,0.0015747094402218,0.0142173138065681,0.0384226820993739,0.114297955636046
2009,29,8.24414715719064,93.1474532968389,66.9457979199542,104.704183542466,86.9584180835507,0.0004009711306494,0.0020926970379445,0.0198435469776619,0.0511910572629029,0.128575209040869
2009,29,6.35667396061269,47.9031775528082,43.2601970892522,107.988770165481,136.491181231846,0.0003250154192464,0.0010604577555664,0.0107684812856227,0.0370338111688932,0.124374439922066
2009,29,14.6008211178033,141.050630849647,110.205995009206,212.692953707947,223.449599315397,0.0003639421711542,0.0015727707981072,0.0149108793770571,0.0428703074400775,0.125976180061896
2009,30,14.0150501672241,93.3765502868054,60.706602370104,94.6969798729007,83.2048173029658,0.0006816509221039,0.0020978440449247,0.0179941736959466,0.0462984224248455,0.123025200017522
2009,30,5.44857768052516,46.3526787443749,40.7187921777731,104.779376196916,129.70057520041,0.0002785846450683,0.001026133550568,0.0101358657852358,0.0359331773713578,0.118186656841366
2009,30,19.4636278477493,139.72922903118,101.425394547877,199.476356069817,212.905392503376,0.0004851531924332,0.0015580366407331,0.013722863477141,0.0402063752590592,0.120031578236559
2009,31,10.7173913043478,101.085484215894,64.7409841288807,89.2609251294712,73.195215221406,0.0005212624698442,0.0022710367907071,0.0191900134117094,0.0436406738971344,0.108225175955263
2009,31,9.9890590809628,63.7956353793456,39.7547952116236,101.118056333945,128.342453994123,0.0005107385159587,0.0014122774263719,0.0098959042504336,0.0346775595119597,0.116949100225226
2009,31,20.7064503853106,164.88111959524,104.495779340504,190.378981463416,201.537669215529,0.0005161319660946,0.0018384902534398,0.0141382867694963,0.0383727120394987,0.113622695158715
2009,32,4.12207357859532,83.2441768943521,61.7319523511861,100.687377791341,93.2144193845255,0.0002004855653247,0.0018702051022027,0.0182980998742928,0.0492271955883941,0.13782522407978
2009,32,9.9890590809628,49.7790734147539,38.790798245474,104.196463804959,141.24460545385,0.0005107385159587,0.0011019854457336,0.0096559427156315,0.035733272627386,0.128705888078556
2009,32,14.1111326595581,133.023250309106,100.52275059666,204.8838415963,234.459024838376,0.0003517361260801,0.0014832623030128,0.0136007356829507,0.0412963058983056,0.132183062402746
2009,33,9.0685618729097,94.9624634770714,56.8498047741096,95.042353223431,80.0768166524783,0.0004410682437143,0.0021334739598418,0.016850972081247,0.046467279354587,0.118400192498066
2009,33,8.17286652078775,54.0041751696748,46.7585597676176,100.759126357227,126.305272184693,0.0004178769676025,0.0011955187383658,0.011639306098431,0.0345544675926772,0.115092765301017
2009,33,17.2414283936975,148.966638646746,103.608364541727,195.801479580658,206.382088837171,0.0004297623286235,0.0016610374426863,0.0140182194807714,0.0394656686105875,0.1163538769573
2009,34,14.8394648829431,85.0648105616274,59.3026137295843,102.199490530637,97.593620295208,0.0007217480351689,0.0019111083641583,0.0175780144236714,0.0499664845757714,0.144300234607018
2009,34,6.35667396061269,47.8866155882166,46.6534297707333,110.649281258022,134.453999422415,0.0003250154192464,0.0010600911146733,0.0116131367677256,0.0379462103495018,0.122518104997856
2009,34,21.1961388435558,132.951426149844,105.956043500318,212.848771788659,232.047619717623,0.0005283380111687,0.0014824614349869,0.0143358606196648,0.0429017140706612,0.130823562960255
2009,35,4.94648829431438,83.5465120840435,51.257320545904,90.66566086209,87.5840182136482,0.0002405826783896,0.0018769975150228,0.0151932918839488,0.0443274650538466,0.12950021054476
2009,35,5.44857768052516,51.7284640099374,52.3041247736929,112.422955319716,133.095878216128,0.0002785846450683,0.0011451401273413,0.0130197277563101,0.0385544764699075,0.121280548381716
2009,35,10.3950659748395,135.274976093981,103.561445319597,203.088616181806,220.679896429776,0.0002591089124132,0.0015083699437122,0.0140118713065039,0.040934460975369,0.12441467988241
2009,36,5.77090301003344,87.6460474250782,61.9095365139684,100.838294577077,88.8352184738431,0.0002806797914545,0.0019690997160116,0.0183507379753559,0.0493009805085297,0.131350213552542
2009,36,6.35667396061269,44.8534916590332,42.3487651215449,96.8148576772598,125.626211581549,0.0003250154192464,0.0009929452600847,0.0105416044161732,0.0332018148930545,0.114473986992947
2009,36,12.1275769706461,132.499539084111,104.258301635513,197.653152254337,214.461430055392,0.0003022937311488,0.0014774227139493,0.0141061560182285,0.0398388910207103,0.120908839450884
2009,37,15.6638795986622,84.8037707986136,57.1848956018684,95.2658363075976,85.0816176932582,0.0007618451482338,0.0019052437149434,0.016950297069357,0.0465765427571732,0.125800204529195
2009,37,8.17286652078775,48.6118279395207,35.0014537778447,99.0064281174273,139.20742364442,0.0004178769676025,0.0010761455206994,0.0087126856865372,0.033953394948278,0.126849553154346
2009,37,23.8367461194499,133.415598738134,92.1863493797131,194.272264425025,224.289041337678,0.000594158168638,0.0014876371445016,0.0124728199740615,0.0391574406099833,0.126449439802233
2009,38,11.5418060200669,81.8497944339626,64.2718569700184,103.624523711816,90.7120188641356,0.0005613595829091,0.0018388782119729,0.0190509584283554,0.0506631993842079,0.134125218064215
2009,38,6.35667396061269,52.4445824642874,38.7382332470319,97.9086623653797,121.551847962688,0.0003250154192464,0.0011609932170029,0.0096428580502789,0.0335769257144242,0.110761317144527
2009,38,17.8984799806796,134.29437689825,103.01009021705,201.533186077196,212.263866826824,0.0004461400911615,0.0014974358715255,0.0139372729198434,0.0406209491000403,0.119669899565435
2009,39,3.29765886287625,73.6319665627764,54.7120091485878,96.641545520844,95.7168199049155,0.0001603884522597,0.0016542524016508,0.0162173035129165,0.0472491425209051,0.141525230095345
2009,39,19.0700218818381,52.7146725784703,42.131465928513,108.271718982477,135.812120628702,0.0009750462577393,0.00116697234346,0.0104875135323819,0.0371308460091179,0.123755661613996
2009,39,22.3676807447144,126.346639141247,96.8434750771008,204.913264503321,231.528940533617,0.0005575400334156,0.0014088154252366,0.0131029294296472,0.0413022363677818,0.13053114255548
2009,40,4.94648829431438,71.0591870745846,51.1903023803522,92.3432036468082,89.4608186039406,0.0002405826783896,0.0015964510573986,0.0151734268863268,0.0451476346578496,0.132275215056433
2009,40,10.8971553610503,48.8378532054831,46.3694871807327,111.046201814601,137.849302438133,0.0005571692901367,0.0010811491605097,0.0115424567738203,0.0380823308083131,0.125611996538206
2009,40,15.8436436553647,119.897040280068,97.5597895610849,203.389405461409,227.310121042074,0.0003949209448156,0.0013368998252335,0.0131998468329685,0.0409950879433361,0.128152660940191
2009,41,12.366220735786,89.8479298506688,70.5579931876145,101.018237882185,88.2096183437457,0.0006014566959741,0.002018568302289,0.0209142454936765,0.0493889568216455,0.130425212048651
2009,41,9.9890590809628,61.2211065386831,50.2710008445096,116.274228081994,141.24460545385,0.0005107385159587,0.0013552837316843,0.0125136353560006,0.0398752370269501,0.128705888078556
2009,41,22.3552798167488,151.069036389352,120.828994032124,217.292465964179,229.454223797596,0.0005572309260982,0.0016844800161484,0.0163481719403164,0.0437973833072444,0.12936146093638
2009,42,11.5418060200669,79.4892193299142,55.0671774741524,97.3177789622183,87.5840182136482,0.0005613595829091,0.0017858443570124,0.0163225797150426,0.047579760683898,0.12950021054476
2009,42,8.17286652078775,61.495894187379,44.890170033024,101.628948630107,135.812120628702,0.0004178769676025,0.0013613668499257,0.0111742199165601,0.0348527655893577,0.123755661613996
2009,42,19.7146725408547,140.985113517293,99.9573475071764,198.946727592325,223.39613884235,0.0004914107686289,0.001572040253717,0.0135242366026057,0.0400996235530753,0.125946040172635
2009,43,9.0685618729097,90.2723386189556,59.6377045573431,96.8069755662661,93.2144193845255,0.0004410682437143,0.0020281032808722,0.0176773394117814,0.0473300231375308,0.13782522407978
2009,43,8.17286652078775,52.0372990988582,45.5176594107308,113.841660468621,151.430514501003,0.0004178769676025,0.0011519769716169,0.0113304167921042,0.0390410090835148,0.137987562699606
2009,43,17.2414283936975,142.309637717814,105.155363968074,210.648636034887,244.644933885528,0.0004297623286235,0.0015868092268965,0.0142275286189967,0.0424582555802421,0.137925663491088
2009,44,15.6638795986622,85.4995710256284,73.054349974768,99.7005817076832,85.0816176932582,0.0007618451482338,0.0019208759090887,0.0216541959419199,0.0487447398438742,0.125800204529195
2009,44,5.44857768052516,53.1870590984583,51.6766353959862,110.480304180611,139.20742364442,0.0002785846450683,0.0011774298115099,0.0128635308807661,0.0378882611278638,0.126849553154346
2009,44,21.1124572791874,138.686630124087,124.730985370754,210.180885888294,224.289041337678,0.0005262521524368,0.0015464112470334,0.0168761116606172,0.0423639760461061,0.126449439802233
2009,45,10.7173913043478,76.750259092928,62.9784343267293,104.344296932249,88.2096183437457,0.0005212624698442,0.0017243095133627,0.0186675722595212,0.0510151046366712,0.130425212048651
2009,45,3.63238512035011,51.119185410775,48.5218195053269,116.840125715985,139.886484247563,0.0001857230967122,0.0011316522075667,0.0120782229495965,0.0400693067073994,0.127468331462416
2009,45,14.3497764246979,127.869444503703,111.500253832056,221.184422648234,228.096102591309,0.0003576845949584,0.0014257953124646,0.0150859926927038,0.044581844553751,0.128595780791268
2009,46,9.0685618729097,92.3230385811198,64.7175137950077,109.794864935365,100.096020815598,0.0004410682437143,0.0020741753266947,0.0191830565199065,0.0536799488608724,0.148000240622583
2009,46,9.9890590809628,53.7128255563873,54.3442879021396,120.746403816091,139.20742364442,0.0005107385159587,0.0011890689792314,0.0135275723790003,0.0414089308674932,0.126849553154346
2009,46,19.0576209538725,146.035864137507,119.061801697147,230.541268751456,239.303444460018,0.000475033006091,0.0016283581378423,0.0161090706850653,0.046467806745359,0.134914244201331
2009,47,9.89297658862876,80.4479239032365,69.4421547071077,114.992923334942,103.224021466085,0.0004811653567792,0.0018073830910287,0.0205834974259054,0.0562213382895071,0.152625248142038
2009,47,7.26477024070022,41.5033622550165,47.109145754587,116.236237502133,139.886484247563,0.0003714461934245,0.0009187816891039,0.0117265752024504,0.0398622084874212,0.127468331462416
2009,47,17.157746829329,121.951286158253,116.551300461695,231.229160837075,243.110505713648,0.0004276764698916,0.0013598054861999,0.0157693996799202,0.046606458001463,0.137060585190366
2009,48,7.41973244147157,92.8451181071474,66.7246659254931,111.90486062873,110.105622897158,0.0003608740175844,0.0020859046251244,0.0197780007707797,0.0547115495735578,0.162800264684841
2009,48,8.17286652078775,53.0041751696748,50.3235658429518,114.538544600161,143.960847866424,0.0004178769676025,0.0011733812140983,0.0125267200213533,0.0392799994460732,0.131181001310836
2009,48,15.5925989622593,145.849293276822,117.048231768445,226.443405228891,254.066470763582,0.0003886633686199,0.0016262777983238,0.0158366345229342,0.0456418429981017,0.143237327641956
2009,49,9.89297658862876,110.036648837024,77.8861640480315,130.334588930133,103.849621596183,0.0004811653567792,0.0024721381093776,0.0230864042735731,0.0637220517798446,0.153550249645929
2009,49,6.35667396061269,46.3948965705124,43.7684780715481,119.863527849171,161.616423548155,0.0003250154192464,0.0010270681487186,0.0108950043857,0.0411061562197744,0.147269237320656
2009,49,16.2496505492415,156.431545407536,121.65464211958,250.198116779304,265.466045144338,0.0004050411311578,0.0017442741307694,0.0164598821883743,0.0504298332420799,0.149664167695458
2009,50,9.89297658862876,79.9098989316134,77.2193752285811,127.995325963727,111.98242328745,0.0004811653567792,0.0017952955542834,0.0228887599751399,0.0625783597093389,0.165575269196514
2009,50,8.17286652078775,46.5290181165623,46.8181639653231,117.296012674319,156.183938723007,0.0004178769676025,0.0010300372676991,0.0116541429861643,0.0402256491817461,0.142319010856096
2009,50,18.0658431094165,126.438917048176,124.037539193904,245.291338638046,268.166362010457,0.0004503118086253,0.0014098443607079,0.0167822883409636,0.0494408249849243,0.151186549497854
2009,51,11.5418060200669,84.69769454747,77.1088092313506,127.664465872882,116.98722432823,0.0005613595829091,0.0019028605530994,0.0228559868716988,0.0624165984760875,0.172975281227643
2009,51,13.6214442013129,62.0970024006288,42.6327077115455,109.25551299494,149.393332691572,0.0006964616126709,0.0013746738975839,0.0106122844100786,0.037468229624385,0.136131227775396
2009,51,25.1632502213798,146.794696948099,119.741516942896,236.919978867822,266.380557019802,0.0006272228010313,0.0016368194263736,0.0162010362087127,0.0477534970279587,0.150179750238659
2009,52,9.89297658862876,102.397223941072,77.7320502191222,136.232123101582,125.745626149595,0.0004811653567792,0.0023005069881228,0.023040723064313,0.0666054228092183,0.185925302282119
2009,52,12.7133479212254,72.4140078754622,58.5227049566538,132.017273285929,164.33266596073,0.0006500308384928,0.0016030668566511,0.0145676787327054,0.0452741776983962,0.149744350552935
2009,52,22.6063245098542,174.811231816534,136.254755175776,268.249396387511,290.078292110325,0.000563488502294,0.0019492149657612,0.0184352785781456,0.0540682420045688,0.163540034401035
2009,53,9.89297658862876,81.9098989316134,77.6650320535704,124.805670439712,105.726421986475,0.0004811653567792,0.0018402285495264,0.023020858066691,0.0610189011179586,0.156325254157603
2009,53,9.9890590809628,44.2707924324581,47.2213149507346,126.865228178258,163.653605357586,0.0005107385159587,0.0009800457418157,0.0117544967555364,0.0435073285588171,0.149125572244865
2009,53,19.8820356695916,126.180691364071,124.886347004305,251.67089861797,269.380027344061,0.0004955824860928,0.0014069650413257,0.0168971321012703,0.0507266865656859,0.151870788463014
2010,1,9.75626043405676,99.4704961308829,74.7760241837234,128.403240791826,117.593978459511,0.0004637751694724,0.0021994703875569,0.0215590512466665,0.061627710428772,0.165099948873271
2010,1,8.21123595505618,55.953266209446,52.8968150194494,127.631992080829,157.30669073522,0.0004103160304836,0.0012196809184921,0.0129104831522383,0.0436299983618075,0.13375034067145
2010,1,17.9674963891129,155.423762340329,127.672839203173,256.035232872655,274.900669194731,0.0004377128118644,0.001706077117598,0.0168753810276093,0.0511164940330213,0.14557478150038
2010,2,6.50417362270451,95.7424551920577,67.8785048750773,123.765508632264,120.109357677896,0.0003091834463149,0.0021170367417274,0.0195703927980091,0.0594018101102664,0.168631498581791
2010,2,8.21123595505618,53.2692835254633,59.1371943726221,133.008117746764,176.374168400095,0.0004103160304836,0.0011611749064755,0.0144335675283598,0.0454677848773471,0.14996250317708
2010,2,14.7154095777607,149.011738717521,127.015699247699,256.773626379028,296.483526077991,0.0003584875246125,0.0016356927271056,0.0167885224035958,0.0512639115850475,0.157004072247973
2010,3,12.195325542571,93.9916865227236,77.9289237635825,120.238136998942,105.645927172181,0.0005797189618405,0.0020783241184527,0.0224680795663692,0.0577088322987058,0.148325087757805
2010,3,9.12359550561798,60.3785689965465,58.5228165727787,138.067111692525,185.907907232532,0.0004559067005374,0.0013161445877937,0.0142836168322532,0.0471971623944367,0.158068584429895
2010,3,21.318921048189,154.37025551927,136.451740336361,258.305248691467,291.553834404713,0.0005193581050932,0.0016945128377635,0.0180357476533605,0.0515696943553179,0.154393533720352
2010,4,10.5692821368948,105.69721892769,68.07574492472,123.950309964973,115.707444045722,0.0005024231002617,0.0023371543535149,0.0196272600677598,0.0594905063374707,0.162451286591882
2010,4,5.47415730337079,53.1145872853738,56.0653053734053,136.290800292581,177.055149745269,0.0002735440203224,0.0011578028057031,0.013683814047827,0.046589944233801,0.150541508980853
2010,4,16.0434394402656,158.811806213064,124.141050298125,260.241110257554,292.762593790991,0.0003908401503077,0.0017432674676298,0.0164085606462836,0.0519561820081358,0.155033637231411
2010,5,7.31719532554257,89.9095612393971,68.5681097452208,118.75537925331,114.449754436529,0.0003478313771043,0.0019880610351444,0.0197692162430594,0.0569971760786578,0.160685511737622
2010,5,4.56179775280899,47.1568169658057,49.9354352435352,124.168091409198,151.177858628653,0.0002279533502687,0.0010279340908307,0.01218770156907,0.0424458910062392,0.128539288437497
2010,5,11.8789930783516,137.066378205203,118.503544988756,242.923470662508,265.627613065182,0.000289388535266,0.0015045692365617,0.0156634135129189,0.0484987788566466,0.140664196437586
2010,6,10.5692821368948,102.577985428755,81.0818233434415,136.569276102702,135.201632988208,0.0005024231002617,0.0022681825279018,0.0233771078860718,0.0655470356450698,0.189820796832906
2010,6,9.12359550561798,53.5084391264167,57.2801531045286,143.903830411601,183.183981851836,0.0004559067005374,0.0011663880699384,0.0139803209577314,0.0491923990431788,0.155752561214805
2010,6,19.6928776425128,156.086424555172,138.36197644797,280.473106514303,318.385614840044,0.0004797454614672,0.0017133511201342,0.0182882364554996,0.0559954257650628,0.16860241355168
2010,7,4.87813021702838,92.2492650987984,76.8937811547614,128.034880150397,133.943943379015,0.0002318875847362,0.0020397960676875,0.0221696323997165,0.0614509140893388,0.188055021978646
2010,7,10.0359550561798,44.1718371516124,45.151783870936,134.646628617695,189.993795303577,0.0005014973705911,0.0009628668808518,0.0110201596210451,0.0460278970047928,0.16154261925253
2010,7,14.9140852732082,136.421102250411,122.045565025697,262.681508768092,323.937738682592,0.0003633275365663,0.001497486081937,0.0161315862120134,0.0524433986091579,0.171542563597911
2010,8,10.5692821368948,82.6872828027787,72.6330607287757,115.041343251296,93.0690310802545,0.0005024231002617,0.0018283635552894,0.0209412026855898,0.0552146078674298,0.130667339215209
2010,8,9.12359550561798,60.9110365290141,53.7322112658979,113.227074212907,143.006082486563,0.0004559067005374,0.0013277514256615,0.0131143776430739,0.0387057898406289,0.121591218792227
2010,8,19.6928776425128,143.598319331793,126.365271994674,228.268417464203,236.075113566817,0.0004797454614672,0.0015762699541468,0.0167025510427797,0.0455729513017439,0.125014548621643
2010,9,11.3823038397329,101.299740163106,76.6602019864659,121.723378792551,111.934375218144,0.0005410710310511,0.0022399182413125,0.0221022880160801,0.0584216807487043,0.157153962029103
2010,9,3.64943820224719,58.4501288973199,59.6271550805994,134.242661703917,160.030616115916,0.0001823626802149,0.0012741080499681,0.0145531518447931,0.0458898040744939,0.13606636388654
2010,9,15.0317420419801,159.749869060426,136.287357067065,255.966040496468,271.96499133406,0.000366193816541,0.0017535645260374,0.0180140200069696,0.0511026800292031,0.144020181199207
2010,10,7.31719532554257,87.8996251144858,71.3517357097042,113.558585505665,101.872858344603,0.0003478313771043,0.0019436177563876,0.0205717774312873,0.0545029516473819,0.143027763195027
2010,10,5.47415730337079,58.0063621771487,59.9517288162254,131.322415409727,170.245336293528,0.0002735440203224,0.0012644347308301,0.0146323702957323,0.0448915407162686,0.144751450943128
2010,10,12.7913526289134,145.905987291635,131.30346452593,244.881000915392,272.118194638131,0.0003116148630559,0.001601601083969,0.0173552652854702,0.0488895925832121,0.144101310639818
2010,11,7.31719532554257,71.9294334892197,62.1140128964677,110.220362289011,109.418995999759,0.0003478313771043,0.001590488286548,0.0179084031518025,0.0529007564654391,0.153622412320584
2010,11,9.12359550561798,49.4218590398366,58.9231298602987,126.629631584898,153.901784009349,0.0004559067005374,0.0010773079484164,0.0143813209747851,0.0432873492651161,0.130855311652587
2010,11,16.4407908311605,121.351292529056,121.037142756766,236.849993873909,263.320780009108,0.0004005201742154,0.0013320657038364,0.0159982962332588,0.0472862315187632,0.13944260349247
2010,12,7.31719532554257,105.849944489929,68.8632345160788,100.014060174406,94.9555654940434,0.0003478313771043,0.0023405313885618,0.0198543051486083,0.0480021960600423,0.133316001496599
2010,12,7.29887640449438,46.8223357167177,52.9037689537311,121.797160296404,151.177858628653,0.0003647253604299,0.0010206429990903,0.0129121803933927,0.0416354067469195,0.128539288437497
2010,12,14.6160717300369,152.672280206647,121.76700346981,221.81122047081,246.133424122696,0.0003560675186356,0.0016758742667786,0.0160947668507101,0.0442837956340667,0.130340968399828
2010,13,6.50417362270451,79.2176148797795,65.082275668639,116.344267760174,118.851668068703,0.0003091834463149,0.0017516429984596,0.0187641979057678,0.0558399523201748,0.166865723727531
2010,13,6.38651685393258,65.1372926698769,50.5776287805054,117.144020199073,162.754541496612,0.0003191346903761,0.0014198762348259,0.012344441229794,0.040044767193983,0.13838238710163
2010,13,12.8906904766371,144.354907549656,115.659904449144,233.488287959247,281.606209565315,0.0003140348690328,0.0015845749766639,0.0152875503464772,0.0466150792777235,0.149125728019169
2010,14,8.13021702838063,95.611443723926,63.0624034188164,117.086578150981,120.109357677896,0.0003864793078936,0.0021141398440965,0.018181838388516,0.0561962275164303,0.168631498581791
2010,14,10.0359550561798,38.6826596624349,44.6409613601135,115.505509328141,149.13491459313,0.0005014973705911,0.0008432126498243,0.0108954835811486,0.0394846550665373,0.12680227102618
2010,14,18.1661720845604,134.294103386361,107.70336477893,232.592087479122,269.244272271026,0.0004425528238182,0.0014741381457111,0.0142358807867325,0.0464361561428849,0.142579413214592
2010,15,9.75626043405676,103.490368380705,68.7653497948634,107.434369528505,90.5536518618692,0.0004637751694724,0.0022883569450706,0.0198260835128101,0.0515636067639024,0.12713578950669
2010,15,6.38651685393258,50.245517778102,49.1348086684953,110.036887664648,136.196269034822,0.0003191346903761,0.0010952622326694,0.0119922932840062,0.0376152495175863,0.115801160754502
2010,15,16.1427772879893,153.735886158807,117.900158463359,217.471257193153,226.749920896691,0.0003932601562846,0.0016875494041566,0.0155836598426273,0.043417337902852,0.120076354439071
2010,16,8.9432387312187,80.8282303958218,64.9102421029061,108.36272327601,94.9555654940434,0.000425127238683,0.0017872565851116,0.0187145980440438,0.0520091743023375,0.133316001496599
2010,16,9.12359550561798,51.0192616372392,44.1440467178544,109.259162891332,148.453933247956,0.0004559067005374,0.0011121284620198,0.010774202023561,0.0373493903859337,0.126223265222407
2010,16,18.0668342368367,131.847492033061,109.05428882076,217.621886167342,243.409498741999,0.0004401328178413,0.0014472818427709,0.0144144415369088,0.0434474104244106,0.128898502496489
2010,17,8.13021702838063,71.1263479112929,64.6514564507008,105.394102724775,93.6978758848508,0.0003864793078936,0.0015727306295941,0.0186399862523806,0.0505843715748033,0.131550226642339
2010,17,7.29887640449438,47.8656257600078,51.2677461322427,113.138352084652,131.429399618603,0.0003647253604299,0.0010433848521484,0.0125128776174933,0.0386754608749259,0.111748120128094
2010,17,15.429093432875,118.991973671301,115.919202582944,218.532454809427,225.127275503454,0.0003758738404486,0.001306167605272,0.0153218235312432,0.0436292021100219,0.119217075888513
2010,18,7.31719532554257,85.8996251144858,66.0306661909877,106.879655024381,101.872858344603,0.0003478313771043,0.0018993941831049,0.0190376331424813,0.0512973690535457,0.143027763195027
2010,18,10.0359550561798,50.0203220000973,51.0814973570462,108.303993861506,137.55823172517,0.0005014973705911,0.0010903533683266,0.0124674200285361,0.0370228733228751,0.116959172362047
2010,18,17.3531503817224,135.919947114583,117.112163548034,215.183648885887,239.431090069773,0.0004227465020052,0.0014919849327129,0.0154795052352189,0.0429606253048385,0.126791719799761
2010,19,6.50417362270451,80.2573593794247,59.7122637893147,99.086016932898,92.4401862756582,0.0003091834463149,0.0017746336069973,0.0172159427990626,0.047556777550351,0.12978445178808
2010,19,7.29887640449438,52.8439807383628,44.9585811614578,107.892479209122,143.006082486563,0.0003647253604299,0.0011519040679856,0.0109730047909335,0.0368822002571595,0.121591218792227
2010,19,13.8030500271989,133.101340117788,104.670844950773,206.97849614202,235.446268762221,0.0003362611968227,0.0014610452563833,0.0138350521696725,0.0413224966904047,0.124681541265586
2010,20,4.87813021702838,99.3983069724677,57.3105146821617,90.9209131400141,80.4921349883282,0.0002318875847362,0.0021978741562882,0.0165234824463227,0.0436378994202848,0.113009590672614
2010,20,4.56179775280899,53.0269468359356,49.9562970463803,109.215745294531,138.239213070345,0.0002279533502687,0.0011558924009831,0.0121927932925331,0.0373345484200093,0.11753817816582
2010,20,9.43992796983737,152.425253808403,107.266811728542,200.136658434545,218.731348058673,0.0002299695698271,0.0016731626731385,0.0141781786230614,0.0399565489166349,0.115830086169667
2010,21,4.87813021702838,74.8834027851008,56.6083065700633,88.8803358302867,81.7498245975208,0.0002318875847362,0.0016558058253636,0.016321025297259,0.0426585152024418,0.114775365526873
2010,21,8.21123595505618,45.4640887202685,48.7205875124119,105.070389716446,120.533698095818,0.0004103160304836,0.0009910356489498,0.0118911946591656,0.0359174910339081,0.102484027267734
2010,21,13.0893661720846,120.347491505369,105.328894082475,193.950725546733,202.283522693339,0.0003188748809866,0.0013210470414945,0.0139220309656457,0.0387215501315036,0.107120072510083
2010,22,8.9432387312187,80.8083581459992,62.9393122136912,88.8784727943037,70.4306181147872,0.000425127238683,0.0017868171741634,0.0181463493446911,0.0426576210299789,0.0988833918385369
2010,22,7.29887640449438,50.8439807383628,47.8094517140694,112.360627311336,143.687063831737,0.0003647253604299,0.0011083076525797,0.0116688144767373,0.0384096017432733,0.122170224596
2010,22,16.2421151357131,131.652338884362,110.748763927761,201.23910010564,214.117681946524,0.0003956801622616,0.0014451396586131,0.0146384117505493,0.0401766473478937,0.113386900279436
2010,23,13.008347245409,77.2978983188209,50.2899041683904,90.7367328192994,88.6671174480803,0.0006183668926298,0.0017091946354518,0.0144993349538404,0.0435495012505682,0.124487127225301
2010,23,6.38651685393258,56.158937691522,54.850457642282,115.917023980526,143.687063831737,0.0003191346903761,0.0012241641881769,0.0133873071379226,0.0396253281322529,0.122170224596
2010,23,19.3948640993416,133.456836010343,105.140361810672,206.653756799825,232.354181279817,0.0004724854435365,0.0014649475130174,0.0138971113825728,0.0412576636732401,0.12304411360508
2010,24,10.5692821368948,84.6872828027787,61.5474992314495,98.8999735762004,89.2959622526766,0.0005024231002617,0.0018725871285721,0.0177450687505771,0.0474674852081714,0.125370014652431
2010,24,2.73707865168539,50.8733109587042,49.341919246537,108.213384798599,134.834306344474,0.0001367720101612,0.0011089469988147,0.0120428425964265,0.036991899323318,0.114643149146957
2010,24,13.3063607885802,135.560593761483,110.889418477987,207.113358374799,224.130268597151,0.0003241611669381,0.0014880403329707,0.0146570030119573,0.0413494214399394,0.118689106775288
2010,25,13.008347245409,90.7531857567202,62.372798548673,103.910102955154,94.9555654940434,0.0006183668926298,0.0020067150804769,0.0179830149434656,0.0498721192397801,0.133316001496599
2010,25,8.21123595505618,59.953266209446,45.9732722488211,110.218105790462,141.644119796215,0.0004103160304836,0.0013068737493039,0.0112206596295719,0.0376771975167007,0.120433207184682
2010,25,21.2195832004652,150.706451966166,108.346070797494,214.128208745616,236.599685290258,0.0005169380991163,0.001654295490614,0.0143208315798667,0.04274991055661,0.125292337738144
2010,26,6.50417362270451,66.2275510046908,62.2986497041555,95.5601978295616,87.4094278388876,0.0003091834463149,0.0014644094775959,0.0179616367175398,0.0458645448825095,0.122721352371041
2010,26,9.12359550561798,59.4651490831266,43.8472887193553,90.435175321953,117.128791369947,0.0004559067005374,0.001296233670801,0.0107017725372392,0.0309145574461283,0.0995889982488717
2010,26,15.6277691283225,125.692700087817,106.145938423511,185.995373151515,204.538219208835,0.0003807138524024,0.0013797210686444,0.0140300252317518,0.0371332932393633,0.108314056335421
2010,27,3.25208681135225,76.9746697535874,58.8128156275737,83.8702064513326,76.090221356154,0.0001545917231574,0.001702047474381,0.0169566183802482,0.0402538811708332,0.106829378682705
2010,27,5.47415730337079,45.2444574152439,37.7174185894852,93.6253618702119,123.938604821688,0.0002735440203224,0.0009862480801448,0.0092056600584822,0.0320050977691709,0.105379056286597
2010,27,8.72624411472304,122.219127168831,96.5302342170589,177.495568321545,200.028826177842,0.000212583253991,0.0013415918715117,0.0127590526948723,0.0354363384179575,0.105926088684745
2010,28,6.50417362270451,74.7722635667916,63.5184291206643,102.795705850952,87.4094278388876,0.0003091834463149,0.0016533483386809,0.0183133174499298,0.0493372593591654,0.122721352371041
2010,28,5.47415730337079,39.7119898827764,42.1007566745644,103.835845759292,136.877250379996,0.0002735440203224,0.0008656502037623,0.0102754978639753,0.0354954718367614,0.116380166558275
2010,28,11.9783309260753,114.484253449568,105.619185795229,206.631551610244,224.286678218884,0.0002918085412429,0.0012566866365512,0.0139604007809678,0.0412532304886819,0.118771934134622
2010,29,10.5692821368948,81.1823147403231,62.0524672939051,99.2711287716041,89.9248070572729,0.0005024231002617,0.0017950860225903,0.01789065862989,0.0476456228062992,0.12625290207956
2010,29,12.7730337078652,52.434758499927,43.5227149837294,113.134578215348,149.13491459313,0.0006382693807523,0.0011429837566355,0.0106225540863,0.0386741708072176,0.12680227102618
2010,29,23.34231584476,133.61707324025,105.575182277634,212.405706986952,239.059721650403,0.0005686507726267,0.0014667064272736,0.0139545845389965,0.0424060194058464,0.12659506012387
2010,30,14.6343906510851,100.622174288588,58.4435420121981,93.8904652092407,87.4094278388876,0.0006956627542086,0.0022249360492596,0.0168501512487735,0.0450631492340505,0.122721352371041
2010,30,10.0359550561798,50.1069020866774,46.9949172704661,113.089273683895,147.772951902782,0.0005014973705911,0.0010922406590369,0.0114700117093648,0.038658683807439,0.125644259418635
2010,30,24.6703457072649,150.729076375265,105.438459282664,206.979738893136,235.18237974167,0.0006010033983219,0.0016545438373666,0.0139365129377871,0.0413227448011014,0.124541797747974
2010,31,13.008347245409,96.1886009447968,70.2676507402755,113.002939483549,107.53246158597,0.0006183668926298,0.0021269018214229,0.0202592194467356,0.0542362668507937,0.150973750039195
2010,31,16.4224719101124,49.7420302543898,46.7878066924244,124.164317539894,168.88337360318,0.0008206320609673,0.0010842871070517,0.0114194623969445,0.0424446009385309,0.143593439335583
2010,31,29.4308191555214,145.930631199187,117.0554574327,237.167257023443,276.41583518915,0.0007169750492251,0.0016018715986324,0.015472010005154,0.0473495719415171,0.14637714389266
2010,32,10.5692821368948,83.6872828027787,66.868568750166,108.548145620713,94.3267206894471,0.0005024231002617,0.0018504753419307,0.0192792130393832,0.0520981685870295,0.132433114069469
2010,32,11.8606741573034,43.2172479206187,47.6162490045912,100.281336024754,128.024492892733,0.0005926787106986,0.0009420585465236,0.0116216596466257,0.0342803904816359,0.108853091109232
2010,32,22.4299562941982,126.904530723397,114.484817754757,208.829481645467,222.35121358218,0.0005464244448368,0.0013930232592917,0.0151322312055227,0.0416920391489976,0.117747000865397
2010,33,10.5692821368948,100.172378615412,65.2795157182816,110.21943077102,103.759392758392,0.0005024231002617,0.0022149902633022,0.0188210651755185,0.0529003093792077,0.145676425476416
2010,33,10.9483146067416,51.2594776010506,39.4500427657127,108.483325052668,151.858839973827,0.0005470880406449,0.0011173647394925,0.0096285402494374,0.0370841762881353,0.12911829424127
2010,33,21.5175967436364,151.431856216463,104.729558483994,218.702755823688,255.618232732219,0.000524198117047,0.0016622582086296,0.0138428127337108,0.0436632020821414,0.135363687860456
2010,34,12.195325542571,101.526462959913,61.9783184493876,100.571258726507,98.7286343216213,0.0005797189618405,0.0022449314874222,0.0178692804039642,0.0482696260003496,0.138613326059378
2010,34,6.38651685393258,44.7779853105696,44.7514705834161,110.992056694474,147.091970557608,0.0003191346903761,0.0009760798243195,0.0109224554785132,0.037941766580645,0.125065253614862
2010,34,18.5818423965036,146.304448270483,106.729789032804,211.563315420981,245.820604879229,0.0004526791217235,0.0016059749657232,0.0141071967081324,0.0422378390231221,0.130175313681161
2010,35,11.3823038397329,79.8742610999406,61.1040767715564,104.281879162552,99.3574791262176,0.0005410710310511,0.0017661626195787,0.0176172233931766,0.0500505548953954,0.139496213486507
2010,35,6.38651685393258,67.6914052239895,45.9871801173845,117.051524201514,168.88337360318,0.0003191346903761,0.0014755513107772,0.0112240541118807,0.0400131481605717,0.143593439335583
2010,35,17.7688206936655,147.56566632393,107.091256888941,221.333403364066,268.240852729398,0.0004328727999106,0.0016198192790308,0.0141549743548082,0.0441884012033405,0.142048048263922
2010,36,16.2604340567613,88.0060670078235,60.5375631065382,105.95192228887,101.244013540007,0.0007729586157873,0.0019459713768228,0.0174538889919512,0.0508520995725983,0.142144875767897
2010,36,4.56179775280899,41.1135269225157,43.8333808507919,116.460678357967,160.030616115916,0.0002279533502687,0.0008962011992579,0.0106983780549305,0.0398111721295959,0.13606636388654
2010,36,20.8222318095703,129.119593930339,104.37094395733,222.412600646837,261.274629655923,0.0005072580752086,0.0014173378724145,0.0137954122308532,0.0444038589778283,0.138359056146243
2010,37,13.8213689482471,108.840802804769,73.8024271774649,106.322145966283,96.213255103236,0.0006570148234192,0.0024066646094941,0.0212783486019263,0.0510297900844946,0.135081776350858
2010,37,9.12359550561798,49.0192616372392,42.9222450524494,111.628207069474,157.30669073522,0.0004559067005374,0.0010685320466139,0.0104759978725022,0.0381592296113993,0.13375034067145
2010,37,22.9449644538651,157.860064442008,116.724672229914,217.950353035757,253.519945838456,0.0005589707487191,0.0017328202565148,0.0154282878918985,0.0435129876284969,0.134252531394452
2010,38,9.75626043405676,73.0152086929837,56.0417929050451,104.654276381945,107.53246158597,0.0004637751694724,0.0016144967161941,0.0161576908960336,0.0502292886084985,0.150973750039195
2010,38,8.21123595505618,56.8233960795759,53.3249440440962,111.677285470231,140.963138451041,0.0004103160304836,0.0012386481901297,0.0130149762593877,0.0381760066788862,0.11985420138091
2010,38,17.9674963891129,129.83860477256,109.366736949141,216.331561852176,248.495600037011,0.0004377128118644,0.0014252304103813,0.0144557399152537,0.0431898019132037,0.131591868383444
2010,39,7.31719532554257,84.939369614131,67.3119912100591,117.641292655105,108.790151195162,0.0003478313771043,0.0018781612183598,0.0194070583967837,0.056462465226787,0.152739524893454
2010,39,4.56179775280899,39.6892844982733,36.5922182788193,117.825475105526,174.331224364572,0.0002279533502687,0.0008651552670749,0.0089310333224792,0.040277717224516,0.148225485765763
2010,39,11.8789930783516,124.628654112404,103.904209488878,235.466767760631,283.121375559734,0.000289388535266,0.0013680411011582,0.0137337207854134,0.0470100755047162,0.149928090411448
2010,40,7.31719532554257,72.4741460513204,58.8995677140461,102.982370219644,94.3267206894471,0.0003478313771043,0.001602532854502,0.0169816303101874,0.0494268497588326,0.132433114069469
2010,40,9.12359550561798,54.4651490831266,45.8836248283637,112.220939847672,157.30669073522,0.0004559067005374,0.0011872426322862,0.0111987794556705,0.0383618506762292,0.13375034067145
2010,40,16.4407908311605,126.939295134447,104.78319254241,215.203310067316,251.633411424667,0.0004005201742154,0.0013934048661021,0.0138499019092745,0.0429645505875112,0.133253509326282
2010,41,13.008347245409,91.7333135068976,68.826895397426,111.331654333242,98.099789517025,0.0006183668926298,0.0020283874561701,0.0198438280347226,0.0534341260586155,0.137730438632248
2010,41,9.12359550561798,59.9759715939491,39.2637939905162,90.5692019816616,130.067436928255,0.0004559067005374,0.0013073686859912,0.0095830826604802,0.0309603734116099,0.110590108520549
2010,41,22.131942751027,151.709285100847,108.090689387942,201.900856314904,228.16722644528,0.0005391644269061,0.0016653035284975,0.0142870760949848,0.0403087645449788,0.120826894429241
2010,42,11.3823038397329,87.3196124129286,72.4232174371781,109.290456011521,95.5844102986397,0.0005410710310511,0.0019307926392815,0.0208807017118257,0.0524544437832849,0.134198888923729
2010,42,8.21123595505618,42.3125735687533,53.8357665549187,116.462565292619,151.177858628653,0.0004103160304836,0.0009223382670981,0.0131396522992841,0.0398118171634501,0.128539288437497
2010,42,19.5935397947891,129.632185981682,126.258983992097,225.75302130414,246.762268927293,0.0004773254554903,0.0014229645639596,0.0166885022399698,0.0450707616953997,0.130673975755884
2010,43,8.13021702838063,87.5716992242808,68.4324152981407,111.704362058632,108.161306390566,0.0003864793078936,0.0019363667290692,0.0197300934952211,0.0536130088004624,0.151856637466324
2010,43,2.73707865168539,51.4707135561068,40.264577209316,109.668790609065,151.858839973827,0.0001367720101612,0.0011219693047152,0.0098273430168099,0.0374894184177952,0.12911829424127
2010,43,10.867295680066,139.042412780388,108.696992507457,221.373152667697,260.020146364393,0.0002647422014992,0.0015262600470371,0.0143672152712097,0.0441963370058434,0.137694739352853
2010,44,7.31719532554257,75.939369614131,65.0948789105938,103.352593897056,89.2959622526766,0.0003478313771043,0.0016791551385875,0.0187678316097811,0.0496045402707289,0.125370014652431
2010,44,3.64943820224719,48.515063962255,42.3078672526061,109.349771954239,151.177858628653,0.0001823626802149,0.0010575414409712,0.0103260471763956,0.0373803643854909,0.128539288437497
2010,44,10.9666335277898,124.454433576386,107.4027461632,212.702365851295,240.47382088133,0.0002671622074761,0.0013661286930075,0.0141961459949311,0.0424652462587248,0.127343902195317
2010,45,10.5692821368948,86.627666053311,71.5979181199546,109.476499368218,98.7286343216213,0.0005024231002617,0.0019154924690103,0.0206427555189371,0.0525437361254645,0.138613326059378
2010,45,10.9483146067416,56.7053650469381,44.4477586506353,105.659348625341,138.239213070345,0.0005470880406449,0.0012360753251649,0.0108483287510371,0.0361188220310297,0.11753817816582
2010,45,21.5175967436364,143.333031100249,116.04567677059,215.135847993559,236.967847391966,0.000524198117047,0.0015733579014813,0.0153385404784029,0.0429510820322192,0.125487299495312
2010,46,11.3823038397329,81.3991014122189,59.9095038389573,100.384283851818,89.9248070572729,0.0005410710310511,0.0017998795632259,0.0172728100688133,0.0481798865719385,0.12625290207956
2010,46,7.29887640449438,46.7790456734277,52.0961884444095,113.500788336279,142.325101141389,0.0003647253604299,0.0010196993537352,0.0127150748671745,0.0387993568731546,0.121012212988455
2010,46,18.6811802442273,128.178147085647,112.005692283367,213.885072188097,232.249908198662,0.0004550991277004,0.0014070036680755,0.0148045484563486,0.042701369235745,0.122988895365525
2010,47,8.13021702838063,87.1462201611155,70.16976601906,130.444439113548,120.109357677896,0.0003864793078936,0.0019269586268041,0.0202309978109374,0.0626073927041026,0.168631498581791
2010,47,3.64943820224719,52.9825964297874,50.7638775557019,111.131744158138,133.472343654126,0.0001823626802149,0.0011549256416182,0.0123898988187512,0.037989517647689,0.113485137539412
2010,47,11.7796552306278,140.128816590903,120.933643574762,241.576183271686,253.581701332022,0.0002869685292891,0.0015381854351096,0.0159846160476902,0.0482297978765642,0.134285234270398
2010,48,6.50417362270451,124.197742629957,72.4232174371781,111.146231988539,98.7286343216213,0.0003091834463149,0.002746233986373,0.0208807017118257,0.0533451317739236,0.138613326059378
2010,48,6.38651685393258,73.6697602023445,48.6378940262362,115.594231456397,160.71159746109,0.0003191346903761,0.0016058687343174,0.0118710117264185,0.0395149840322403,0.136645369690312
2010,48,12.8906904766371,197.867502832302,121.061111463414,226.740463444936,259.440231782711,0.0003140348690328,0.0021719794567787,0.0160014643390199,0.0452679008927346,0.137387643197851
2010,49,10.5692821368948,88.1525063655892,70.8467676472486,119.497068632124,111.934375218144,0.0005024231002617,0.0019492094126576,0.0204261875519744,0.0573531532174256,0.157153962029103
2010,49,9.12359550561798,50.5084391264167,47.9130070030903,128.037845929258,178.417112435617,0.0004559067005374,0.0011009934468295,0.0116940891329474,0.0437687363259606,0.151699520588398
2010,49,19.6928776425128,138.660945492006,118.759774650339,247.534914561382,290.351487653761,0.0004797454614672,0.0015220727039821,0.015697281116998,0.049419436696959,0.15375682604674
2010,50,8.9432387312187,111.788485896177,65.4026069234068,123.58132831155,128.284340137648,0.000425127238683,0.0024718431490977,0.0188565542193434,0.0593134119405498,0.180109035134478
2010,50,5.47415730337079,59.0712972420838,54.4431904204803,137.336578385314,190.674776648751,0.0002735440203224,0.0012876484065658,0.0132879057542363,0.0469474352964168,0.162121625056303
2010,50,14.4173960345895,170.859783138261,119.845797343887,260.917906696864,318.959116786399,0.0003512275066818,0.0018755173722513,0.0158408280677248,0.052091301931919,0.168906113869235
2010,51,7.31719532554257,95.3847209271189,75.5271746564295,120.238447504939,107.53246158597,0.0003478313771043,0.0021091265979867,0.0217756192136293,0.0577089813274496,0.150973750039195
2010,51,10.0359550561798,58.5094994892748,56.8867937512903,147.273348151022,204.294403552233,0.0005014973705911,0.001275402222463,0.0138843140563538,0.0503442423314816,0.173701741131753
2010,51,17.3531503817224,153.894220416394,132.41396840772,267.511795655961,311.826865138203,0.0004227465020052,0.0016892874296022,0.0175020480801101,0.0534077476485901,0.165129200636054
2010,52,10.5692821368948,109.587921553666,84.9495342773538,140.093542676052,130.799719356033,0.0005024231002617,0.0024231847398655,0.0244922270588515,0.0672385231691922,0.183640584842997
2010,52,6.38651685393258,63.7130502456345,49.8527417573595,142.667399519796,208.380291623278,0.0003191346903761,0.001388830302643,0.0121675186363229,0.0487697348121779,0.177175775954388
2010,52,16.9557989908274,173.3009717993,134.802276034713,282.760942195848,339.180010979311,0.0004130664780976,0.0019023141506308,0.017817726821714,0.0564521837575161,0.17961417166516
2011,1,7.3030303030303,103.623117401561,76.7220004435573,135.643350762027,133.708501089825,0.0003396277442335,0.0022581991797869,0.02110465329008,0.0635150239163319,0.17970642175367
2011,1,7.23636363636364,64.5616684713526,60.7847394278643,144.886409021304,217.530819443116,0.0003537375446006,0.0013878783758608,0.0142533617525365,0.0490019357114645,0.175014799539106
2011,1,14.5393939393939,168.184785872914,137.506739871422,280.529759783331,351.239320532941,0.000346506747038,0.0018200684492419,0.0174061329567997,0.0550883687897762,0.176771622003191
2011,2,8.92592592592593,106.096030161898,70.8607599615584,127.59536976993,139.521914180687,0.0004151005762854,0.0023120899495988,0.019492345900971,0.0597465553381118,0.187519744438612
2011,2,5.42727272727273,54.4329033473,54.3126079454023,142.523793669457,206.303422310568,0.0002653031584504,0.0011701409099203,0.0127357171562478,0.0482028771499049,0.16598177762741
2011,2,14.3531986531987,160.528933509198,125.173367906961,270.119163439387,345.825336491255,0.0003420692908963,0.001737218057829,0.0158449272121227,0.0530440125291085,0.174046873705945
2011,3,10.5488215488215,88.0849109861086,77.7551563539587,120.759110142378,118.852000968733,0.0004905734083373,0.0019195839570199,0.0213888533520904,0.0565454755114712,0.159739041558818
2011,3,14.4727272727273,49.3874488018455,48.7475642500215,124.543631629934,183.848628045472,0.0007074750892012,0.0010616790714049,0.0114307748022041,0.0421218185447952,0.147915733804018
2011,3,25.0215488215488,137.472359787954,126.50272060398,245.302741772312,302.700629014205,0.0005963202815846,0.0014877035600708,0.016013201798608,0.0481707463562279,0.152343083601908
2011,4,8.92592592592593,105.096030161898,75.6817476158793,134.836577751989,141.459718544308,0.0004151005762854,0.0022902975230012,0.020818501011265,0.0631372523061516,0.190124185333593
2011,4,8.14090909090909,59.1532390188786,69.636188968864,143.817610234308,185.252052687041,0.0003979547376757,0.0012716136871967,0.0163289306129067,0.048640457986931,0.14904486154298
2011,4,17.066835016835,164.249269180777,145.317936584743,278.654187986297,326.711771231349,0.0004067414026038,0.0017774789264997,0.0183949043339041,0.0547200578094135,0.164427404199709
2011,5,17.040404040404,92.9496159196758,72.0840541139942,131.112142169492,140.813783756434,0.000792464736545,0.0020255976822036,0.0198288491048719,0.0613932846603498,0.189256038368599
2011,5,9.95,63.3519161056447,67.0384084886124,146.776800944586,197.882874461157,0.0004863891238258,0.0013618724006705,0.0157197792817137,0.0496412839023671,0.159207011193638
2011,5,26.990404040404,156.30153202532,139.122462602607,277.888943114078,338.696658217591,0.0006432425687251,0.0016914698052558,0.0176106573656151,0.0545697846556211,0.170459154599603
2011,6,8.11447811447811,98.327637653985,75.8912175648703,126.522796122186,120.14387054448,0.0003773641602595,0.0021427978260888,0.0208761219103889,0.0592443225304896,0.161475335488805
2011,6,6.33181818181818,67.5050539051834,52.1683713586913,132.006745130797,199.98801142351,0.0003095203515255,0.0014511521587751,0.0122329169461773,0.0446459131817388,0.160900702802081
2011,6,14.4462962962963,165.832691559168,128.059588923562,258.529541252983,320.13188196799,0.0003442880189671,0.0017946144664225,0.0162102761892321,0.0507681278542279,0.161115879465176
2011,7,13.7946127946128,96.7433113570838,72.2213351075627,123.053783166031,129.18695757471,0.0006415190724412,0.0021082715115569,0.0198666122986863,0.0576199565764013,0.173629392998715
2011,7,7.23636363636364,57.0888564568523,52.4875139891811,124.83007626821,187.357189649393,0.0003537375446006,0.0012272357771275,0.0123077524296529,0.0422186967947602,0.150738553151423
2011,7,21.0309764309764,153.832167813936,124.708849096744,247.883859434241,316.544147224103,0.0005012158870244,0.0016647467466421,0.0157861266312993,0.0486776072388664,0.159310245377763
2011,8,8.92592592592593,113.931359503216,80.5871590153027,110.038511192799,108.517044362757,0.0004151005762854,0.0024828407891374,0.0221678793672973,0.0515255530836148,0.145848690118921
2011,8,6.33181818181818,46.5128219010404,53.9431252105247,130.855045057223,187.357189649393,0.0003095203515255,0.0009998833866161,0.0126490774645901,0.0442563974683922,0.150738553151423
2011,8,15.2577441077441,160.444181404256,134.530284225827,240.893556250022,295.87423401215,0.0003636266614654,0.0017363008843082,0.0170293617326716,0.0473049029665567,0.148907497531656
2011,9,8.92592592592593,95.6758704812597,76.7870924817033,121.821305778757,120.789805332354,0.0004151005762854,0.0020850093846233,0.0211225587785849,0.0570428488133651,0.162343482453799
2011,9,10.8545454545455,48.52505060967,52.9856973190555,125.837448194784,162.797258421945,0.0005306063169009,0.0010431401483776,0.0124245710141631,0.0425593993818213,0.130978817719589
2011,9,19.7804713804714,144.20092109093,129.772789800759,247.658753973541,283.587063754299,0.0004714135143113,0.0015605189581627,0.0164271397573603,0.0486334026858621,0.142723614095673
2011,10,9.73737373737374,86.4811891368778,64.7320544096991,118.427055686684,115.622327029366,0.0004528369923114,0.0018846349663376,0.0178064643410379,0.0554534905841196,0.15539830673385
2011,10,5.42727272727273,54.4173673555859,58.3156595426096,139.272236800433,191.567463574099,0.0002653031584504,0.0011698069336235,0.0136743893141959,0.0471031702710171,0.154125936368309
2011,10,15.1646464646465,140.898556492464,123.047713952309,257.699292487117,307.189790603465,0.0003614079333946,0.001524781304591,0.0155758537442373,0.0506050897144006,0.154602387527118
2011,11,17.040404040404,100.401711728059,68.0023286759814,119.598271920213,125.957283635342,0.000792464736545,0.002187996933106,0.0187060499117261,0.0560019128006596,0.169288658173747
2011,11,8.14090909090909,57.7114989878066,54.5253696990621,125.211265234003,168.410956988219,0.0003979547376757,0.001240620686859,0.0127856074785649,0.0423476184605115,0.135495328675437
2011,11,25.1813131313131,158.113210715866,122.527698375043,244.809537154216,294.368240623561,0.0006001278275868,0.0017110754979331,0.0155100281688077,0.0480738944646087,0.148149561621682
2011,12,7.3030303030303,90.6869896570495,67.2630664596733,107.937999641743,109.808913938504,0.0003396277442335,0.0019762895654576,0.0185026939945779,0.0505419881639019,0.147584984048908
2011,12,5.42727272727273,50.4329033473,48.7475642500215,133.19397432719,204.198285348215,0.0002653031584504,0.0010841531460522,0.0114307748022041,0.0450474451760053,0.164288086018967
2011,12,12.730303030303,141.119893004349,116.010630709695,241.131973968933,314.007199286719,0.0003033920058997,0.0015271765723904,0.0146850726329729,0.0473517216828152,0.158033450965485
2011,13,10.5488215488215,103.861358091897,66.5959931987876,127.18004340406,140.813783756434,0.0004905734083373,0.0022633910225436,0.0183191957827393,0.0595520786909842,0.189256038368599
2011,13,7.23636363636364,61.5849724589238,57.7614354402931,129.375449702084,181.041778762335,0.0003537375446006,0.0013238885174049,0.0135444297767093,0.0437559845106741,0.145657478326094
2011,13,17.7851851851851,165.446330550821,124.357428639081,256.555493106144,321.855562518769,0.0004238613170312,0.0017904333303128,0.0157416424757187,0.0503804788133353,0.161983372906156
2011,14,5.68013468013468,90.2779491522006,76.375249500998,121.919948364542,111.746718302124,0.0002641549121816,0.0019673755802802,0.0210092691971417,0.0570890382222828,0.150189424943888
2011,14,11.7590909090909,50.6049691634104,55.0012333107696,127.030598911647,165.604107705082,0.000574823509976,0.0010878520347436,0.0128971923313812,0.0429629340895744,0.133237073197513
2011,14,17.4392255892256,140.882918315611,131.376482811768,248.950547276189,277.350826007206,0.0004156163148872,0.0015246120707798,0.0166301413978443,0.0488870755436416,0.139585042195242
2011,15,8.11447811447811,95.6839250791347,59.7015968063872,114.542716364658,125.957283635342,0.0003773641602595,0.0020851849138562,0.01642268833162,0.0536346479829038,0.169288658173747
2011,15,8.14090909090909,54.7037309919495,50.365597120637,124.537710109464,185.252052687041,0.0003979547376757,0.0011759628758095,0.0118101859512762,0.0421198158313086,0.14904486154298
2011,15,16.2553872053872,150.387656071084,110.067193927024,239.080426474122,311.209336322383,0.0003874027601055,0.0016274707997502,0.0139327295045108,0.0469488538905668,0.156625343315128
2011,16,5.68013468013468,79.5384281941168,60.3493383603164,108.560989190549,107.871109574883,0.0002641549121816,0.0017333353581079,0.0166008687862252,0.0508337031345933,0.144980543153927
2011,16,3.61818181818182,55.2419942563909,48.3500611289229,129.608600656132,197.181162140373,0.0001768687723003,0.00118753388943,0.0113375646340581,0.0438348383392593,0.158642447324157
2011,16,9.2983164983165,134.780422450508,108.699399489239,238.169589846681,305.052271715256,0.0002215999797647,0.0014585718512198,0.0137595888143605,0.0467699904998219,0.153526617649309
2011,17,8.11447811447811,77.327637653985,62.7430694167221,94.8002053610235,93.0146094537913,0.0003773641602595,0.0016851568675394,0.0172593352459508,0.0443902135781227,0.125013162959075
2011,17,8.14090909090909,51.2231509815922,41.8836303145149,103.568749757313,157.183559855671,0.0003979547376757,0.0011011410527959,0.0098212567825637,0.0350279177433294,0.126462306763741
2011,17,16.2553872053872,128.550788635577,104.626699731237,198.368955118336,250.198169309462,0.0003874027601055,0.0013911557654066,0.0132440507865722,0.0389542348891671,0.125919661112984
2011,18,5.68013468013468,87.2140768967116,63.9206032379685,104.54374954967,104.641435635515,0.0002641549121816,0.0019006063690481,0.0175832507185802,0.0489526299346565,0.140639808328959
2011,18,7.23636363636364,52.6238124382091,45.5675392812325,111.371601580681,164.200683063513,0.0003537375446006,0.0011312509894436,0.0106850934570362,0.0376669150516178,0.132107945458551
2011,18,12.9164983164983,139.837889334921,109.488142519201,215.915351130351,268.842118699028,0.0003078294620414,0.001513302936803,0.0138594309461796,0.0423998669504068,0.135302782482022
2011,19,8.92592592592593,87.7766688844533,60.7418496340652,107.91411992004,104.641435635515,0.0004151005762854,0.0019128666136453,0.016708840610435,0.050530806479827,0.140639808328959
2011,19,6.33181818181818,48.5361258886117,51.7148274651507,125.199422193064,171.217806271356,0.0003095203515255,0.0010433782329952,0.0121265658250548,0.0423436130335382,0.137753584153361
2011,19,15.2577441077441,136.312794773065,112.456677099216,233.113542113104,275.859241906871,0.0003636266614654,0.0014751549357259,0.0142351994913063,0.0457771210717044,0.138834358187625
2011,20,8.92592592592593,80.9363495231759,72.1562430694167,111.02906766407,94.952413817412,0.0004151005762854,0.0017637994560606,0.0198487068101814,0.051989381333284,0.127617603854056
2011,20,4.52272727272727,60.283072830846,55.0069339788237,117.0745966086,169.112669309003,0.0002210859653754,0.0012959016579551,0.0128985290761756,0.039595721194365,0.136059892544918
2011,20,13.4486531986532,141.219422354022,127.16317704824,228.10366427267,264.065083126415,0.0003205119203271,0.0015282536628547,0.0160968049201111,0.0447933181472706,0.132898597423081
2011,21,8.92592592592593,85.0002217786649,64.888667110224,104.189684337544,103.995500847642,0.0004151005762854,0.0018523610938903,0.0178495452920857,0.0487868388340252,0.139771661363966
2011,21,4.52272727272727,57.3374488018455,47.157551765627,110.500424624914,156.481847534887,0.0002210859653754,0.0012325797520927,0.0110579341296201,0.0373722748747496,0.12589774289426
2011,21,13.4486531986532,142.33767058051,112.046218875851,214.690108962458,260.477348382529,0.0003205119203271,0.001540355163623,0.0141832421078662,0.0421592629144791,0.131092963335669
2011,22,4.86868686868687,80.9935885804149,59.0080949212686,92.7609549637119,92.3686746659178,0.0002264184961557,0.001765046834014,0.0162319201457433,0.0434353342049062,0.124145015994081
2011,22,10.8545454545455,62.0367026034556,39.9464548134097,103.592435839192,151.569861289397,0.0005306063169009,0.0013335993336549,0.0093670101500159,0.035035928597276,0.121945795807893
2011,22,15.7232323232324,143.030291183871,98.9545497346783,196.353390802904,243.938535955315,0.0003747203018198,0.001547850591351,0.0125260481847846,0.0385584332087542,0.122769314678311
2011,23,10.5488215488215,97.4731345390028,63.848414282546,99.134128781988,103.995500847642,0.0004905734083373,0.0021241761296781,0.0175633930132707,0.0464195740162694,0.139771661363966
2011,23,6.33181818181818,52.5283578927546,40.3999987069503,106.820306626337,171.91951859214,0.0003095203515255,0.0011291990087149,0.0094733612711384,0.0361276246222173,0.138318148022842
2011,23,16.8806397306397,150.001492431757,104.248412989496,205.954435408325,275.915019439782,0.0004023039464621,0.0016232917995361,0.0131961657932352,0.0404438156594398,0.138862429887994
2011,24,8.92592592592593,74.7766688844533,55.0443187698677,93.5303465417089,91.7227398780442,0.0004151005762854,0.0016295650678767,0.0151415663891784,0.0437956019526651,0.123276869029088
2011,24,8.14090909090909,62.7425709712349,41.3517259303654,98.8257544922101,138.939039515281,0.0003979547376757,0.0013487733442876,0.009696530976771,0.0334237924797502,0.111783646157235
2011,24,17.066835016835,137.519239855688,96.3960447002331,192.356101033919,230.661779393325,0.0004067414026038,0.0014882108885532,0.012202182759411,0.0377734748744815,0.116087392538035
2011,25,11.3602693602694,96.789431238533,71.2268426110741,101.85762988185,100.765826908274,0.0005283098243633,0.0021092765756881,0.0195930477511428,0.0476948539066736,0.135430926538998
2011,25,9.04545454545454,52.349677510475,38.2500614521853,104.767821994646,158.586984497239,0.0004421719307507,0.0011253579270851,0.0089692243162734,0.0354334551645692,0.127591434502703
2011,25,20.4057239057239,149.139108749008,109.476904063259,206.625451876496,259.352811405513,0.0004863147006679,0.0016139592233226,0.0138580083391239,0.040575584933014,0.130527006696395
2011,26,5.68013468013468,86.5384281941168,60.3493383603164,96.5227719782498,85.9093267871823,0.0002641549121816,0.001885882344291,0.0166008687862252,0.0451968057131294,0.115463546344145
2011,26,7.23636363636364,52.1432324278518,35.4955599907159,93.3618319388087,148.76301200626,0.0003537375446006,0.001120919989331,0.0083233236157398,0.0315758428790749,0.119687540329969
2011,26,12.9164983164983,138.681660621969,95.8448983510323,189.884603917059,234.672338793442,0.0003078294620414,0.001500790417376,0.0121324165309205,0.0372881404673882,0.118105825694161
2011,27,6.49158249158249,68.1152039355632,50.8253123382864,93.9695526292824,95.5983486052855,0.0003018913282076,0.0014843955819456,0.0139810040022182,0.0440012602838675,0.128485750819049
2011,27,7.23636363636364,52.6393484299233,43.949506410617,103.920331120757,145.254450402339,0.0003537375446006,0.0011315849657403,0.010305682307964,0.0351468258416475,0.116864720982564
2011,27,13.7279461279461,120.754552365487,94.7748187489034,197.889883750039,240.852799007624,0.0003271681045397,0.0013067861621492,0.0119969617317854,0.0388601583810855,0.121216325894223
2011,28,7.3030303030303,79.4315006350934,54.6975678273083,90.4289005080179,89.13900072655,0.0003396277442335,0.0017310051471266,0.0150461822962401,0.0423433492775546,0.119804281169113
2011,28,10.8545454545455,59.5095146179558,41.0886240723177,93.4151256230375,136.132190232144,0.0005306063169009,0.0012792725227181,0.0096348364462718,0.0315938673004547,0.109525390679311
2011,28,18.1575757575758,138.941015253049,95.786191899626,183.844026131055,225.271190958694,0.0004327362293147,0.0015035971110894,0.0121249852421011,0.0361019362763045,0.113374418775031
2011,29,10.5488215488215,85.861358091897,65.7194499889111,105.520804310602,103.349566059768,0.0004905734083373,0.001871127343787,0.0180780766717768,0.0494101360059792,0.138903514398972
2011,29,9.95,48.933480062144,45.3267571413517,107.535312394166,145.254450402339,0.0004863891238258,0.0010519201322066,0.0106286326582309,0.0363694462458267,0.116864720982564
2011,29,20.4988215488215,134.794838154041,111.046207130263,213.056116704768,248.604016462107,0.0004885334287387,0.0014587278556231,0.0140566567679887,0.0418383915453924,0.125117356336513
2011,30,8.92592592592593,82.0002217786649,64.4503955052857,100.441369033344,98.1820877567797,0.0004151005762854,0.0017869838140976,0.0177289857366044,0.0470316895041485,0.131958338679023
2011,30,5.42727272727273,41.9600913327998,46.4128856278176,111.138450626634,148.061299685476,0.0002653031584504,0.0009020136063518,0.0108833180015103,0.0375880612230326,0.119122976460488
2011,30,14.3531986531987,123.960313111465,110.863281133103,211.579819659978,246.243387442256,0.0003420692908963,0.0013414783845121,0.0140335012904405,0.0415484872011636,0.123929299657227
2011,31,10.5488215488215,85.3453900280248,65.6736896577216,99.7093588873879,91.7227398780442,0.0004905734083373,0.0018598831476283,0.0180654889405053,0.046688925618811,0.123276869029088
2011,31,5.42727272727273,55.9212513535144,46.2841850328208,100.91968976719,142.447601119202,0.0002653031584504,0.0012021358391483,0.0108531391086578,0.0341319809318048,0.11460646550464
2011,31,15.9760942760942,141.266641381539,111.957874690542,200.629048654578,234.170340997246,0.0003807465758929,0.0015287646595049,0.014172059160493,0.0393980554175845,0.117853180390837
2011,32,8.11447811447811,91.6519889513902,56.1039033045021,95.9475418728499,98.1820877567797,0.0003773641602595,0.0019973192417462,0.0154330364252269,0.0449274541105878,0.131958338679023
2011,32,6.33181818181818,56.9778659196836,52.5155343754021,104.815194158405,147.359587364691,0.0003095203515255,0.0012248498201021,0.0123143229061411,0.0354494768724624,0.118558412591007
2011,32,14.4462962962963,148.629854871074,108.619437679904,200.762736031255,245.541675121471,0.0003442880189671,0.0016084481605289,0.0137494669404359,0.0394243079603258,0.123576142086667
2011,33,11.3602693602694,102.533942216577,56.0317143490796,92.6623123779266,101.411761696147,0.0005283098243633,0.0022344634095162,0.0154131787199173,0.0433891447959884,0.136299073503991
2011,33,7.23636363636364,53.6548844216374,46.3065047509877,115.61868733534,157.183559855671,0.0003537375446006,0.0011534158830041,0.0108583728403517,0.0391033190905934,0.126462306763741
2011,33,18.596632996633,156.188826638214,102.338219100067,208.280999713267,258.595321551818,0.0004431999595295,0.0016902501258534,0.0129543660905896,0.040900689228015,0.130145777425465
2011,34,13.7946127946128,95.9079820157664,58.1122200044356,95.6921192465087,88.4930659386765,0.0006415190724412,0.0020900676582015,0.0159854832775473,0.0448078524188742,0.11893613420412
2011,34,8.14090909090909,48.2386869733063,37.0855724751104,95.7718194544142,148.76301200626,0.0003979547376757,0.0010369842061916,0.0086961642883237,0.0323909231485277,0.119687540329969
2011,34,21.9355218855219,144.146668989073,95.197792479546,191.463938700923,237.256077944936,0.0005227732575936,0.0015599318507238,0.0120505033763599,0.0375982786041878,0.119406169174925
2011,35,8.92592592592593,101.904413395431,61.107932283581,96.3389885170175,91.7227398780442,0.0004151005762854,0.0022207444488903,0.0168095424606067,0.0451107490736405,0.123276869029088
2011,35,6.33181818181818,43.0788498658255,38.2220410659643,100.024826729543,140.342464156849,0.0003095203515255,0.0009260634924926,0.0089626538397852,0.03382932990099,0.112912773896197
2011,35,15.2577441077441,144.983263261256,99.3299733495453,196.36381524656,232.065204034893,0.0003636266614654,0.0015689853381229,0.01257357075249,0.0385604802842482,0.116793707679156
2011,36,9.73737373737374,95.8644226698119,68.8982035928144,96.8394557583351,93.6605442416649,0.0004528369923114,0.0020891183943521,0.018952486779922,0.0453450929513393,0.125881309924068
2011,36,11.7590909090909,50.1321571489101,41.9339704189028,104.815194158405,147.359587364691,0.000574823509976,0.0010776880227794,0.0098330609907458,0.0354494768724624,0.118558412591007
2011,36,21.4964646464646,145.996579818722,110.832174011717,201.65464991674,241.020131606356,0.0005123095273788,0.0015799512854038,0.0140295636311574,0.0395994554423266,0.121300540995331
2011,37,12.1717171717172,99.8502389161072,66.9163155171139,89.9658146987414,80.0959136963203,0.0005660462403893,0.002175979002331,0.0184073099016396,0.0421265092622773,0.107650223659203
2011,37,10.8545454545455,50.5017466220988,46.071423279161,97.9486560159724,132.623628628222,0.0005306063169009,0.0010856330658665,0.0108032487863407,0.0331271495893953,0.106702571331906
2011,37,23.0262626262627,150.351985538206,112.987738796275,187.914470714714,212.719542324542,0.0005487680843045,0.0016270847790343,0.0143024233271409,0.0369012602144711,0.107057428739557
2011,38,8.11447811447811,71.6519889513902,55.6656316995638,86.8882483867534,82.6796528478145,0.0003773641602595,0.0015614707097944,0.0153124768697456,0.0406854382712417,0.111122811519178
2011,38,6.33181818181818,59.5438938844687,45.1420157739129,116.167890530013,169.814381629787,0.0003095203515255,0.0012800115717808,0.010585312812402,0.0392890647365768,0.136624456414399
2011,38,14.4462962962963,131.195882835859,100.807647473477,203.056138916766,252.494034477601,0.0003442880189671,0.0014197805454318,0.0127606204366875,0.0398746695335086,0.127075123460015
2011,39,10.5488215488215,71.6378051976854,59.3812744880609,107.144728342043,105.287370423389,0.0004905734083373,0.0015611616113829,0.0163345742127197,0.0501705387320681,0.141507955293953
2011,39,9.04545454545454,62.3186055270467,38.7036053457259,90.3967197080608,137.535614873712,0.0004421719307507,0.0013396593841618,0.0090755754373959,0.0305730142501521,0.110654518418273
2011,39,19.594276094276,133.956410724732,98.0848798337868,197.541448050104,242.822985297101,0.0004669760581696,0.0014496545300952,0.0124159620178258,0.0387917351437349,0.122207880670923
2011,40,10.5488215488215,95.925230347386,65.4642197087307,108.731270941443,114.330457453618,0.0004905734083373,0.0020904435412022,0.0180078680413814,0.0509134375957357,0.153662012803863
2011,40,9.04545454545454,54.3108375311897,46.071423279161,110.77502622225,162.797258421945,0.0004421719307507,0.0011675168682773,0.0108032487863407,0.0374651476977413,0.130978817719589
2011,40,19.594276094276,150.236067878576,111.535642987892,219.506297163693,277.127715875563,0.0004669760581696,0.0016258303369401,0.0141186114446807,0.043105030493632,0.139472755393764
2011,41,4.05723905723906,73.2890683279905,55.0178901456347,87.9130625910916,91.7227398780442,0.0001886820801297,0.0015971466419434,0.0151342964151404,0.0411653077107142,0.123276869029088
2011,41,5.42727272727273,51.9290193493715,44.0839076736679,97.3224730551916,138.237327194496,0.0002653031584504,0.0011163150634285,0.0103371979456108,0.0329153686680855,0.111219082287754
2011,41,9.48451178451179,125.218087677362,99.1017978193026,185.235535646283,229.96006707254,0.0002260374359065,0.0013550898166745,0.0125446874146943,0.036375190669737,0.115734234967475
2011,42,7.3030303030303,75.8197241879877,61.8278627929327,110.637621019902,101.411761696147,0.0003396277442335,0.0016522957740162,0.0170075806205214,0.0518060863702313,0.136299073503991
2011,42,6.33181818181818,40.5283578927546,44.3750299179366,102.703494322015,148.061299685476,0.0003095203515255,0.0008712357171107,0.0104054629525982,0.0347352802799478,0.119122976460488
2011,42,13.6348484848485,116.348082080742,106.202892710869,213.341115341917,249.473061381623,0.0003249493764688,0.0012591000560834,0.0134435713671249,0.0418943574794165,0.125554729008181
2011,43,6.49158249158249,78.3387568297748,68.9968211724699,109.990751749393,98.1820877567797,0.0003018913282076,0.0017071916079592,0.0189796144592696,0.051503189715465,0.131958338679023
2011,43,8.14090909090909,51.2386869733063,43.0481192915898,112.564752297544,167.00753234665,0.0003979547376757,0.0011014750290927,0.0100943168105135,0.0380704497593709,0.134366200936475
2011,43,14.6324915824916,129.577443803081,112.04494046406,222.555504046937,265.18962010343,0.0003487254751089,0.0014022660609599,0.0141830802815758,0.0437038112911852,0.133464554062355
2011,44,9.73737373737374,91.6728059033448,59.5836475197753,96.9484763554852,102.057696484021,0.0004528369923114,0.0019977728936437,0.016390242895039,0.0453961418659853,0.137167220468985
2011,44,10.8545454545455,54.4939786262417,46.2841850328208,103.007703521701,147.359587364691,0.0005306063169009,0.0011714538415862,0.0108531391086578,0.0348381666703728,0.118558412591007
2011,44,20.5919191919192,146.166784529586,105.867832552596,199.956179877186,249.417283848712,0.0004907521568096,0.0015817932131534,0.0134011581612785,0.0392659224011633,0.125526657307812
2011,45,4.86868686868687,103.637301155265,73.4446292599985,114.532338353293,108.517044362757,0.0002264184961557,0.0022585082781983,0.0202031155025872,0.0536297884771755,0.145848690118921
2011,45,7.23636363636364,57.608276446495,51.5581064839329,114.115405898322,156.481847534887,0.0003537375446006,0.0012384017179819,0.0120898164557142,0.0385948952789288,0.12589774289426
2011,45,12.1050505050505,161.24557760176,125.002735743931,228.647744251615,264.998891897644,0.0002884908195431,0.0017449734638572,0.0158233279354678,0.044900160567677,0.133368564427005
2011,46,12.983164983165,107.427014657554,67.4725364086642,116.61934819401,119.497935756607,0.0006037826564152,0.0023410953315229,0.0185603148937019,0.0546070312185418,0.160607188523811
2011,46,5.42727272727273,48.4562073348712,48.5067821101407,112.653575104592,145.956162723123,0.0002653031584504,0.0010416602285633,0.0113743140033987,0.0381004904616706,0.117429284852045
2011,46,18.4104377104377,155.883221992425,115.979318518805,229.272923298602,265.45409847973,0.0004387625033878,0.0016869429219892,0.0146811090152019,0.045022928625963,0.133597660661845
2011,47,8.92592592592593,86.6439343535152,79.7634730538922,120.503687516037,109.16297915063,0.0004151005762854,0.0018881815795253,0.0219413002044109,0.0564258738197577,0.146716837083914
2011,47,1.80909090909091,64.5627371592675,47.6334153773345,123.35640243354,179.638354120767,8.84343861501598e-05,0.0013879013493818,0.0111695189824364,0.0417202865505287,0.144528350587132
2011,47,10.7350168350168,151.206671512783,127.396888431227,243.860089949577,288.801333271397,0.0002558398086196,0.0016363340518996,0.0161263890074772,0.047887449012989,0.145347850125684
2011,48,12.1717171717172,82.7544305328736,74.9689140238042,125.607002514998,119.497935756607,0.0005660462403893,0.0018034198530129,0.0206224150681549,0.0588155020056632,0.160607188523811
2011,48,10.8545454545455,59.4706746386705,61.2325826533508,135.698706170314,181.743491083119,0.0005306063169009,0.0012784375819762,0.0143583761288646,0.0458945688612444,0.146222042195575
2011,48,23.0262626262627,142.225105171544,136.201496677155,261.305708685312,301.241426839726,0.0005487680843045,0.0015391369990412,0.0172409102440687,0.0513132911746986,0.151608696760418
2011,49,5.68013468013468,85.9535978547955,77.3168847490205,120.905512171569,120.14387054448,0.0002641549121816,0.0018731374720493,0.0212682937966091,0.0566140282885387,0.161475335488805
2011,49,7.23636363636364,45.6393484299233,51.8995688325895,141.62300911134,205.601709989784,0.0003537375446006,0.0009811063789712,0.0121698856708837,0.0478982234056034,0.165417213757929
2011,49,12.9164983164983,131.592946284719,129.21645358161,262.528521282909,325.745580534264,0.0003078294620414,0.0014240775016152,0.0163567165751349,0.0515534181094995,0.163941140029659
2011,50,8.11447811447811,103.391509909474,73.8829008649368,122.52943620301,122.081674908101,0.0003773641602595,0.0022531518905161,0.0203236750580685,0.0573744310146276,0.164079776383786
2011,50,7.23636363636364,58.1121604444235,57.0167693024838,130.311763383021,173.322943233709,0.0003537375446006,0.0012492336825396,0.0133698136485994,0.0440726545358954,0.139447275761804
2011,50,15.3508417508418,161.503670353897,130.899670167421,252.841199586031,295.40461814181,0.0003658453895363,0.0017477665017215,0.0165697846161277,0.0496510931988198,0.148671149394459
2011,51,7.3030303030303,91.0432770821992,70.7956679234124,125.130414995383,122.727609695975,0.0003396277442335,0.0019840539330178,0.0194744404124661,0.0585923398120393,0.164947923348779
2011,51,7.23636363636364,56.0966244527094,54.2622678410144,131.433855854245,192.970888215667,0.0003537375446006,0.0012059058243088,0.0127239129480657,0.0444521566818088,0.155255064107271
2011,51,14.5393939393939,147.139901534909,125.057935764427,256.564270849628,315.698497911642,0.000346506747038,0.0015923241274071,0.015830315366752,0.0503822025219734,0.158884647240337
2011,52,10.5488215488215,87.9571664751305,74.7594440748133,123.298827781007,121.435740120228,0.0004905734083373,0.0019168000941412,0.020564794169031,0.0577346987623865,0.163211629418792
2011,52,3.61818181818182,61.7225742667483,57.6270341772422,137.166458484513,190.865751253315,0.0001768687723003,0.0013268465353446,0.0135129141390625,0.0463909763919892,0.153561372498828
2011,52,14.1670033670033,149.679740741879,132.386478252055,260.46528626552,312.301491373543,0.0003376318347546,0.0016198098549821,0.0167579905122649,0.0511482552076181,0.157175002788275
2012,1,7.53310696095076,95.0484857283443,86.1732951477085,120.429167919049,113.815944243948,0.0003430971837462,0.0020434262373408,0.0223088779601133,0.0546459871048321,0.147334849078248
2012,1,6.21330275229358,59.9879736345498,50.1665227268937,124.241190577556,188.391010308707,0.0002973632213689,0.0012735560402319,0.0111379206802938,0.041162249954145,0.14544285784108
2012,1,13.7464097132443,155.036459362894,136.339817874602,244.670358496605,302.206954552655,0.0003207966799678,0.0016560714930716,0.0162952294563329,0.0468525559013249,0.146149680003341
2012,2,14.2292020373514,97.3794794247896,69.6870584020286,120.526561685179,131.177698450652,0.0006480724581873,0.0020935397519528,0.018040856841152,0.0546901805388647,0.16980965656476
2012,2,10.651376146789,36.1552021546347,56.4489608418555,148.023975313622,216.720485543099,0.0005097655223468,0.0007675817884824,0.0125327412418909,0.0490417054339319,0.167313964283348
2012,2,24.8805781841404,133.534681579424,126.136019243884,268.550536998801,347.898183993751,0.0005806321100311,0.0014263933813301,0.0150756793453983,0.0514254326694083,0.168246320934918
2012,3,7.53310696095076,94.9786423863077,65.855404388078,123.027259548338,128.605586716325,0.0003430971837462,0.0020419246908771,0.0170489033405218,0.0558248981952647,0.166480055455647
2012,3,11.5389908256881,57.5655747118672,64.3902645953842,145.535263038803,220.969906828258,0.0005522459825424,0.0012221280523718,0.0142958614762042,0.0482171721511789,0.170594630249688
2012,3,19.0720977866389,152.544217098175,130.245668983462,268.562522587141,349.575493544583,0.0004450809904263,0.0016294498107564,0.0155668614999262,0.0514277278205298,0.169057481136322
2012,4,6.69609507640068,82.3815811638082,82.942492518795,137.159104856763,131.820726384234,0.0003049752744411,0.0017711032756995,0.0214724752040379,0.0622373699397406,0.170642056842039
2012,4,4.43807339449541,51.8334042687348,54.6177394711863,143.515007965064,214.59577490052,0.0002124023009778,0.0011004329883584,0.0121261753237066,0.0475478430508234,0.165673631300178
2012,4,11.1341684708961,134.214985432543,137.560231989981,280.674112821827,346.416501284754,0.0002598354300632,0.0014336602643743,0.0164410924063637,0.0537470073687814,0.167529767425728
2012,5,14.2292020373514,99.724453315129,83.7501931760234,131.191760290242,124.104391181254,0.0006480724581873,0.0021439538236413,0.0216815758930567,0.059529625297252,0.1606532535147
2012,5,2.66284403669725,55.0033317119527,58.1949763931521,150.919519744781,225.219328113417,0.0001274413805867,0.0011677311482696,0.0129203898501624,0.0500010259545632,0.173875296216028
2012,5,16.8920460740487,154.727785027082,141.945169569176,282.111280035023,349.323719294671,0.0003942056443435,0.0016527742894959,0.0169651767503107,0.0540222142128371,0.168935721112261
2012,6,12.5551782682513,98.1504353087722,91.5084222328139,153.887148396246,156.898815793917,0.0005718286395771,0.0021101143608915,0.0236900564196268,0.0698278936255151,0.20310566765589
2012,6,7.98853211009174,40.8617378948174,55.911916110305,150.230194941276,250.00761894351,0.0003823241417601,0.0008675024335269,0.0124135071133,0.0497726463026171,0.193012514353013
2012,6,20.543710378343,139.01217320359,147.420338343119,304.117343337522,406.906434737427,0.0004794236619649,0.0014849029588165,0.0176195646824232,0.0582362118437056,0.196783178984764
2012,7,15.9032258064516,78.2364608776215,83.6355757155976,137.619150884004,128.605586716325,0.0007243162767976,0.0016819882573505,0.0216519032789092,0.0624461206079272,0.166480055455647
2012,7,5.3256880733945,50.9457895898357,55.0121264726634,141.202989772185,207.513406091922,0.0002548827611734,0.001081588760637,0.0122137367272287,0.0467818501437093,0.160205854689611
2012,7,21.2289138798461,129.182250467457,138.647702188261,278.822140656189,336.118992808247,0.0004954140924096,0.0013799014972938,0.0165710660023691,0.0533923684580796,0.162549810657688
2012,8,5.85908319185059,84.4395460509693,84.6501256450172,138.585099724205,141.466145387958,0.0002668533651359,0.0018153470047155,0.0219145539123922,0.0628844299376159,0.183128061001212
2012,8,7.98853211009174,65.326637256624,62.7572087721321,150.875346224296,228.052275636856,0.0003823241417601,0.0013868968799156,0.0139332920726022,0.0499863908606535,0.176062406860255
2012,8,13.8476153019423,149.766183307593,147.407334417149,289.460445948501,369.518421024814,0.000323158490617,0.0015997753549137,0.017618010463261,0.0554295248854706,0.178702039031689
2012,9,9.20713073005093,97.622503734701,78.8538395010846,134.706157177552,146.610368856611,0.0004193410023565,0.0020987644774955,0.0204139888012956,0.06112431942579,0.189787263219438
2012,9,7.98853211009174,77.5107315128832,71.1225975291668,155.158810734442,225.219328113417,0.0003823241417601,0.0016455675082876,0.0157905672308369,0.0514055420778679,0.173875296216028
2012,9,17.1956628401427,175.133235247584,149.976437030251,289.864967911994,371.829696970028,0.000401291076291,0.001870741627968,0.0179250676181699,0.0555069878361293,0.179819790409358
2012,10,10.044142614601,111.47543963083,88.9903992322395,136.952956935117,139.537061587213,0.0004574629116616,0.0023965856627299,0.0230381808272604,0.0621438281768719,0.180630860169377
2012,10,7.98853211009174,43.8882474677188,55.7731465669458,146.003720239883,210.346353615361,0.0003823241417601,0.0009317558048921,0.0123826976395162,0.0483723763335764,0.162392965333838
2012,10,18.0326747246927,155.363687098549,144.763545799185,282.956677175,349.883415202574,0.0004208242227094,0.0016595668807178,0.0173020268948849,0.0541841014843602,0.169206394492231
2012,11,15.0662139219015,89.418446652511,81.4640943134245,132.159602528674,129.891642583489,0.0006861943674925,0.0019223872804689,0.0210897417239786,0.0599687937760746,0.168144856010204
2012,11,11.5389908256881,65.9867823701882,55.6027349282005,141.609821928525,220.261669947398,0.0005522459825424,0.0014009118856887,0.0123448630196906,0.0469166373815876,0.170047852588631
2012,11,26.6052047475896,155.405229022699,137.066829241625,273.769424457199,350.153312530887,0.0006208793081927,0.0016600106240581,0.0163821212919513,0.052424810844557,0.16933691898074
2012,12,10.8811544991511,100.134511297194,90.5861041151598,146.291447837099,133.106782251397,0.0004955848209668,0.0021527695689208,0.0234512831164604,0.0663812655205505,0.172306857396595
2012,12,7.10091743119266,53.2844532119099,63.2645555016537,143.377852167621,203.972221687623,0.0003398436815645,0.0011312390322083,0.0140459326807939,0.0475024020727488,0.157471966384328
2012,12,17.9820719303438,153.418964509104,153.850659616814,289.66930000472,337.07900393902,0.0004196433173849,0.001638793704811,0.0183881117016745,0.0554695188855789,0.163014079654309
2012,13,9.20713073005093,84.2775298443616,70.9335324694237,110.836778911471,115.745028044693,0.0004193410023565,0.0018118638543537,0.0183635488979231,0.0502933408558356,0.149832049910083
2012,13,7.98853211009174,60.7915366184306,66.4474054221424,146.383830399993,205.388695449342,0.0003823241417601,0.0012906158345511,0.0147525858037275,0.0484983103281544,0.158565521706441
2012,13,17.1956628401427,145.069066462792,137.380937891566,257.220609311464,321.133723494035,0.000401291076291,0.0015496016000546,0.0164196633145592,0.0492558356917005,0.155302815570239
2012,14,10.8811544991511,105.231443412076,77.7443685427757,125.319916091621,140.823117454376,0.0004955848209668,0.0022623473779063,0.0201267646425028,0.0568652149396621,0.182295660723934
2012,14,3.55045871559633,47.97531448028,57.1802829341089,149.867536305421,234.426407564594,0.0001699218407822,0.0010185250115399,0.0126951086337791,0.0496524941586485,0.180983405809765
2012,14,14.4316132147474,153.206757892356,134.924651476885,275.187452397042,375.24952501897,0.0003367871104126,0.0016365269520092,0.0161260898643253,0.0526963526599586,0.181473646376238
2012,15,5.02207130730051,80.1176153767726,68.7172797699298,116.395614431161,124.747419114836,0.0002287314558308,0.0017224307791918,0.0177897967753307,0.0528157202708547,0.161485653791978
2012,15,2.66284403669725,48.7927278827922,57.0673232060645,132.587251995422,196.889852879025,0.0001274413805867,0.0010358788528695,0.0126700294291096,0.0439273769190252,0.152004189773761
2012,15,7.68491534399776,128.910343259565,125.784602975994,248.982866426583,321.637271993861,0.0001793410337401,0.0013769970335464,0.0150336783451827,0.0476783691306254,0.155546335618362
2012,16,10.044142614601,87.9986119545896,61.8142118848123,110.327089302049,113.815944243948,0.0004574629116616,0.0018918625703466,0.0160027037004344,0.0500620638960657,0.147334849078248
2012,16,5.3256880733945,36.7351857606752,53.4900862840987,124.599213977424,184.849825904408,0.0002548827611734,0.0007798949502706,0.0118758149026538,0.0412808664017682,0.142708969535797
2012,16,15.3698306879955,124.733797715265,115.304298168911,234.926303279473,298.665770148356,0.0003586820674802,0.0013323839274173,0.0137810804301642,0.0449866417196011,0.144437135140543
2012,17,13.3921901528014,80.9335278628644,70.7965293603375,116.347864247212,112.529888376785,0.0006099505488822,0.0017399719001121,0.0183280809999448,0.0527940531284054,0.145670048523692
2012,17,7.10091743119266,44.959956402877,49.5462162693276,108.914901060568,161.478008836035,0.0003398436815645,0.0009545083885359,0.0110002008674326,0.0360845091740127,0.124665306720926
2012,17,20.4931075839941,125.893484265741,120.342745629665,225.26276530778,274.00789721282,0.0004782427566403,0.0013447714899625,0.0143832717691036,0.043136145992185,0.132512392229096
2012,18,7.53310696095076,95.792611054715,66.8475686688372,114.509573536478,118.317139779019,0.0003430971837462,0.0020594240220937,0.017305758690174,0.0519599096047929,0.153161651019196
2012,18,6.21330275229358,51.7336781019038,48.7871402684024,121.164316828469,172.101562048932,0.0002973632213689,0.0010983157829513,0.0108316715807877,0.0401428533615293,0.132866971636776
2012,18,13.7464097132443,147.526289156619,115.63470893724,235.673890364947,290.418701827951,0.0003207966799678,0.0015758492096304,0.0138205708693381,0.0451297990923556,0.140448787493888
2012,19,7.53310696095076,78.013564057326,70.7490688458928,103.391902497097,100.312357638734,0.0003430971837462,0.0016771962482267,0.0183157942372899,0.0469151507747546,0.129854443255405
2012,19,5.3256880733945,62.129883846095,40.8974561455032,95.7948311712347,167.852140763773,0.0002548827611734,0.0013190291996383,0.0090800118847028,0.0317377092625656,0.129586305670436
2012,19,12.8587950343453,140.143447903421,111.646524991396,199.186733668332,268.164498402507,0.0003000826282248,0.0014969870310981,0.0133439062124192,0.0381427796621605,0.129686478220852
2012,20,6.69609507640068,94.098617717333,70.4499877619362,117.367243466056,116.388055978274,0.0003049752744411,0.0020230052364081,0.0182383669625091,0.0532566070479451,0.150664450187361
2012,20,7.10091743119266,51.705660870231,46.5892858049279,109.834363938474,160.769771955175,0.0003398436815645,0.0010977209718173,0.010343706153838,0.0363891356881983,0.124118529059869
2012,20,13.7970125075933,145.804278587564,117.039273566864,227.20160740453,277.157827933449,0.0003219775852924,0.0015574550033521,0.0139884433462328,0.0435074198493044,0.134035723707467
2012,21,10.8811544991511,85.037579182311,67.0096466437076,98.9058765748922,86.165743099938,0.0004955848209668,0.001828203985887,0.0173477180669764,0.0448795698691262,0.111541637155284
2012,21,9.76376146788991,60.2971123661798,47.5742812619421,102.093915519131,152.270929384857,0.0004672850621512,0.0012801191140463,0.010562393849822,0.0338246538837901,0.117557197127189
2012,21,20.644915967041,145.334691548491,114.58392790565,200.999792094023,238.436672484795,0.0004817854726141,0.0015524389593059,0.0136949823341248,0.0384899668807678,0.115309865837792
2012,22,4.18505942275042,82.1406585929154,60.2659675163367,100.379621626284,108.028692841713,0.0001906095465257,0.001765923734976,0.0156018881738893,0.0455482970094509,0.139843246582744
2012,22,7.98853211009174,51.3531468295253,44.0822501593489,110.890982613822,170.685088287212,0.0003823241417601,0.0010902370319772,0.009787096633279,0.0367392031804585,0.131773416314663
2012,22,12.1735915328422,133.493805422441,104.348217675686,211.270604240106,278.713781128925,0.00028409219778,0.0014259567495945,0.0124716181735594,0.0404567511009046,0.134788195012952
2012,23,6.69609507640068,74.125706490179,57.4739382975899,101.250070098586,96.454190037244,0.0003049752744411,0.0015936120638089,0.0148790767855662,0.0459432720542408,0.124860041591736
2012,23,6.21330275229358,45.1283761873235,44.0822501593489,107.68158830328,162.894482597754,0.0002973632213689,0.0009580839724535,0.009787096633279,0.0356759013061136,0.125758862043039
2012,23,12.9093978286943,119.254082677502,101.556188456939,208.931658401866,259.348672634998,0.0003012635335493,0.0012738505998279,0.0121379170033693,0.0400088603498154,0.125423074962003
2012,24,11.7181663837012,85.3245881854894,56.9877043729786,90.2316862235663,88.7378548342645,0.0005337067302719,0.0018343743285595,0.014753198655159,0.040943565807369,0.114871238264397
2012,24,5.3256880733945,40.9457895898357,41.6029684224418,103.689886912275,166.435667002053,0.0002548827611734,0.000869286866929,0.0092366490074768,0.0343534138956578,0.128492750348323
2012,24,17.0438544570957,126.270377775325,98.5906727954204,193.921573135841,255.173521836317,0.0003977483603172,0.0013487973984469,0.01178348086788,0.0371345405371037,0.12340393892294
2012,25,5.02207130730051,78.3307354812112,67.034721509492,118.441946461773,104.170525240224,0.0002287314558308,0.001684015046068,0.0173542095458004,0.0537442647064698,0.134848844919074
2012,25,7.10091743119266,47.7758621466178,43.5471495211555,98.0534053716533,139.522665529381,0.0003398436815645,0.0010142906007258,0.0096682941303306,0.0324859956830791,0.107715199228168
2012,25,12.1229887384932,126.106597627829,110.581871030648,216.495351833426,243.693190769605,0.0002829112924554,0.0013470479284544,0.0132166595954555,0.0414572514483538,0.117851959769395
2012,26,8.37011884550085,89.3005730605044,66.4311809073309,107.011266743461,111.886860443203,0.0003812190930514,0.0019198531423524,0.0171979626062525,0.0485574749338608,0.144837648246413
2012,26,6.21330275229358,51.3826717199696,50.1942766355655,108.105871983875,155.103876908296,0.0002973632213689,0.0010908638509925,0.0111440825750506,0.0358164703946014,0.119744307771416
2012,26,14.5834215977944,140.683244780474,116.625457542896,215.117138727336,266.990737351499,0.0003403298263863,0.0015027530439689,0.0139389843754905,0.041193333877816,0.12911883806757
2012,27,14.2292020373514,76.282547309907,62.7839905169111,109.103455559791,110.60080457604,0.0006480724581873,0.0016399815044899,0.0162537637662557,0.0495068273627913,0.143172847691857
2012,27,6.21330275229358,54.917772358163,46.8984669870324,99.1983710879716,143.77208681454,0.0002973632213689,0.0011659147069862,0.0104123502474473,0.0328653333631587,0.110995865194509
2012,27,20.442504789645,131.20031966807,109.682457503944,208.301826647763,254.37289139058,0.0004770618513157,0.0014014581484707,0.0131091623872133,0.0398882522481685,0.123016747689638
2012,28,17.5772495755518,95.3414841059104,66.1320998233742,102.781032325083,95.1681341700808,0.0008005600954079,0.0020497253442401,0.0171205353314717,0.0466379620826843,0.123195241037179
2012,28,3.55045871559633,48.4402138420865,47.8557085353747,97.3815320924029,143.77208681454,0.0001699218407822,0.0010283949130294,0.0106248760486746,0.0322633978817424,0.110995865194509
2012,28,21.1277082911481,143.781697947997,113.987808358749,200.162564417486,238.940220984621,0.0004930522817605,0.0015358501617981,0.0136237345874901,0.0383296440007993,0.115553385885915
2012,29,6.69609507640068,92.2575602760797,73.2196313320226,98.4458305476509,89.3808827678461,0.0003049752744411,0.0019834247522891,0.0189553830670013,0.0446708192009396,0.115703638541675
2012,29,7.10091743119266,42.3109627848113,50.5054019110271,113.936499130691,150.146218742278,0.0003398436815645,0.0008982697523823,0.0112131582943024,0.0377482108334284,0.115916864144019
2012,29,13.7970125075933,134.568523060891,123.72503324305,212.382329678342,239.527101510124,0.0003219775852924,0.0014374366895483,0.0147875201655486,0.0406696382628883,0.115837205962555
2012,30,5.02207130730051,67.6486205987047,69.063821368331,106.808905618277,105.456581107387,0.0002287314558308,0.001454362635996,0.0178795108127664,0.04846565146926,0.136513645473631
2012,30,8.87614678899082,41.6761359797868,40.0828723272342,100.34333680429,148.021508099698,0.0004248046019556,0.000884792259094,0.0088991588085444,0.0332446710432384,0.114276531160849
2012,30,13.8982180962913,109.324756578492,109.146693695565,207.152242422567,253.478089207085,0.0003243393959416,0.0011677873295136,0.0130451283117097,0.0396681154097496,0.122584014257088
2012,31,6.69609507640068,83.877664714722,64.3546205340471,99.9767927741473,88.0948269006829,0.0003049752744411,0.0018032672429396,0.0166603745766316,0.0453655092293831,0.114038837987119
2012,31,9.76376146788991,48.9726155571469,47.6594870813147,104.87439091309,148.729744980558,0.0004672850621512,0.0010396979022615,0.0105813111597348,0.0347458509733017,0.114823308821906
2012,31,16.4598565442906,132.850280271869,112.014107615362,204.851183687237,236.824571881241,0.0003841197405216,0.0014190827300167,0.0133878394029944,0.0392274797573897,0.114530241200459
2012,32,6.69609507640068,87.9125863857403,68.8095115816952,100.12761691892,96.454190037244,0.0003049752744411,0.0018900131257908,0.0178136741056473,0.0454339472532668,0.124860041591736
2012,32,5.3256880733945,53.5947832079015,51.2922318206242,102.474025679241,147.313271218839,0.0002548827611734,0.0011378273967906,0.0113878494757041,0.0339505878783682,0.113729753499792
2012,32,12.0217831497952,141.507369593642,120.101743402319,202.601642598161,243.767461256083,0.0002805494818063,0.0015115561965656,0.0143544673695136,0.0387967093515429,0.11788787756569
2012,33,5.02207130730051,92.5245997109763,68.5552017950593,96.3021047509096,92.5960224357543,0.0002287314558308,0.0019891657736582,0.0177478373985283,0.043698081331292,0.119865639928066
2012,33,9.76376146788991,48.7620117279864,53.2364129193379,107.632779546807,146.605034337979,0.0004672850621512,0.0010352267430862,0.0118194945985579,0.0356597305158585,0.113182975838735
2012,33,14.7858327751904,141.286611438963,121.791614714397,203.934884297717,239.201056773733,0.0003450534476847,0.0015091980977782,0.0145564394801652,0.0390520152318393,0.115679528142199
2012,34,15.0662139219015,79.8525197595606,72.2749275657081,111.709120782004,97.0972179708257,0.0006861943674925,0.0017167315475264,0.0187108144800041,0.0506891750497595,0.125692441869014
2012,34,4.43807339449541,42.763202992348,52.1384577342792,114.723441447142,157.936824431736,0.0002124023009778,0.0009078708976294,0.0115757276979044,0.0380089320658848,0.121931418415643
2012,34,19.5042873163969,122.615722751909,124.413385299987,226.432562229146,255.034042402562,0.0004551668942481,0.0013097590327221,0.0148697914703618,0.0433601534117526,0.123336485562574
2012,35,6.69609507640068,66.8156542708578,63.6615373372445,104.871327743182,100.955385572315,0.0003049752744411,0.0014364548783279,0.0164809465017603,0.0475864553624809,0.130686843532683
2012,35,6.21330275229358,41.2687787400972,44.702556616915,110.170300578099,158.645061312595,0.0002973632213689,0.0008761439877538,0.0099248164461402,0.0365004345888666,0.122478196076699
2012,35,12.9093978286943,108.084433010955,108.36409395416,215.041628321281,259.60044688491,0.0003012635335493,0.0011545384168976,0.0129515925966305,0.0411788741960525,0.125544834986064
2012,36,7.53310696095076,94.3856267205114,68.3259668742078,109.513858004851,102.241441439479,0.0003430971837462,0.0020291755790806,0.0176884921702333,0.0496930517393947,0.13235164408724
2012,36,2.66284403669725,47.4682310737593,46.5040799855553,98.5927580894487,143.77208681454,0.0001274413805867,0.0010077595347927,0.0103247888439252,0.0326646882026867,0.110995865194509
2012,36,10.195950997648,141.853857794271,114.830046859763,208.1066160943,246.013528254019,0.0002379404729956,0.0015152573210244,0.0137243982809359,0.0398508708774751,0.118974093379288
2012,37,5.02207130730051,78.9237511470076,55.7886908200282,93.6009391607971,81.6645475648666,0.0002287314558308,0.0016967641578645,0.0144427933610428,0.0424723993594251,0.105714835214336
2012,37,7.98853211009174,46.2127442767516,52.9272317372334,117.685246159029,162.186245716894,0.0003823241417601,0.0009811053123397,0.0117508505049486,0.0389902052273807,0.125212084381983
2012,37,13.0106034173923,125.136495423759,108.715922557262,211.286185319826,243.850793281761,0.0003036253441985,0.0013366854716999,0.0129936428788314,0.0404597347619132,0.117928177594208
2012,38,9.20713073005093,79.9945663978864,66.3389490955654,108.286437466131,113.172916310366,0.0004193410023565,0.0017197853765849,0.0171740852759359,0.0491360969078524,0.14650244880097
2012,38,8.87614678899082,51.114525768692,53.7715135575313,123.387987980378,184.849825904408,0.0004248046019556,0.0010851710616679,0.0119382971015063,0.040879576080824,0.142708969535797
2012,38,18.0832775190418,131.109092166578,120.110462653097,231.674425446509,298.022742214774,0.000422005128034,0.0014004836727556,0.0143555094876147,0.0443639312740473,0.144126161732054
2012,39,7.53310696095076,77.040652830172,59.5281130222134,99.1578812822566,97.7402459044073,0.0003430971837462,0.0016562798463194,0.0154108695313562,0.0449939196253103,0.126524842146292
2012,39,8.87614678899082,48.7463372561736,37.4351230449389,101.422042239881,156.520350670016,0.0004248046019556,0.0010348939710813,0.0083113081885591,0.0336020560824534,0.120837863093529
2012,39,16.4092537499416,125.786990086346,96.9632360671523,200.579923522138,254.260596574423,0.000382938835197,0.0013436339383479,0.0115889708903385,0.0384095651686178,0.122962441025943
2012,40,10.8811544991511,95.7275269629899,71.8809254528621,105.841063379845,99.6693297051522,0.0004955848209668,0.0020580247936931,0.0186088136799135,0.0480264829904374,0.129022042978127
2012,40,9.76376146788991,47.4375149189535,45.8282657106455,100.948949802813,148.021508099698,0.0004672850621512,0.0010071074250094,0.0101747452415505,0.0334453162037105,0.114276531160849
2012,40,20.644915967041,143.165041881943,117.709191163508,206.790013182658,247.69083780485,0.0004817854726141,0.0015292631529344,0.0140685113786265,0.0395987512014482,0.119785253580692
2012,41,6.69609507640068,86.5676124954009,70.1034461635349,98.039214899052,83.5936313656115,0.0003049752744411,0.0018610978315071,0.0181486529250734,0.0444863131226041,0.108212036046171
2012,41,6.21330275229358,55.0581749109367,47.1243864431213,105.749680270511,150.854455623138,0.0002973632213689,0.0011688954797697,0.0104625086567864,0.0350358423935776,0.116463641805076
2012,41,12.9093978286943,141.625787406338,117.227832606656,203.788895169563,234.448086988749,0.0003012635335493,0.0015128211142804,0.0140109797766562,0.0390240593984076,0.113380954258719
2012,42,9.20713073005093,89.8705455101579,72.4119306747942,105.841063379845,99.6693297051522,0.0004193410023565,0.0019321068531744,0.0187462823779825,0.0480264829904374,0.129022042978127
2012,42,3.55045871559633,50.396522138601,50.3646882743108,115.125638367495,151.562692503997,0.0001699218407822,0.0010699277086321,0.0111819171948761,0.0381421836074177,0.117010419466132
2012,42,12.7575894456473,140.267067648759,122.776618949105,220.96670174734,251.232022209149,0.0002977208175756,0.001498307514919,0.01467416642355,0.0423134817374794,0.12149779844349
2012,43,8.37011884550085,92.0525312850475,75.0669567844548,115.836281239559,117.674111845438,0.0003812190930514,0.0019790168796493,0.0194336258683272,0.0525619170195016,0.152329250741917
2012,43,7.10091743119266,45.705660870231,45.8005118019737,106.872559226587,156.520350670016,0.0003398436815645,0.0009703398355925,0.0101685833467938,0.0354078625267023,0.120837863093529
2012,43,15.4710362766935,137.758192155278,120.867468586429,222.708840466146,274.194462515454,0.0003610438781294,0.0014715081594545,0.0144459862505718,0.042647088359108,0.132602616689086
2012,44,5.85908319185059,95.2185930483583,74.167024315461,108.442941805596,100.312357638734,0.0002668533651359,0.0020470833367487,0.0192006478489917,0.0492071123791378,0.129854443255405
2012,44,8.87614678899082,56.6761359797868,40.8716463301884,103.888667754457,153.687403146577,0.0004248046019556,0.001203245099656,0.0090742816155886,0.0344192718182516,0.118650752449302
2012,44,14.7352299808414,151.894729028145,115.038670645649,212.331609560053,253.999760785311,0.0003438725423601,0.0016225120963486,0.0137493328342752,0.0406599257370554,0.122836298769658
2012,45,9.20713073005093,96.1805977294791,74.9997998384737,116.300114063262,100.312357638734,0.0004193410023565,0.0020677652612505,0.0194162400168346,0.0527723859859561,0.129854443255405
2012,45,13.3142201834862,41.2817542887769,53.7437596488595,113.556388970581,155.103876908296,0.0006372069029335,0.0008764194611095,0.0119321352067496,0.0376222768388503,0.119744307771416
2012,45,22.5213509135371,137.462352018256,128.743559487333,229.856503033843,255.41623454703,0.0005255753867494,0.0014683480484752,0.0153873305361217,0.0440158126380708,0.123521316714777
2012,46,14.2292020373514,86.503500312518,60.1038895414662,107.05901692741,124.104391181254,0.0006480724581873,0.0018597194979583,0.0155599287970869,0.0485791420763101,0.1606532535147
2012,46,13.3142201834862,60.4221568415506,46.4763260768834,102.182262560101,146.605034337979,0.0006372069029335,0.0012827738319382,0.0103186269491685,0.0338539240716095,0.113182975838735
2012,46,27.5434222208376,146.925657154069,106.58021561835,209.241279487511,270.709425519233,0.0006427742652603,0.0015694333669226,0.0127383848392977,0.0400681504874216,0.130917225158135
2012,47,11.7181663837012,73.7315725196931,70.4276021132758,124.304323669239,122.818335314091,0.0005337067302719,0.0015851386653097,0.0182325716786782,0.0564043793183902,0.158988452960143
2012,47,4.43807339449541,46.6493100124756,41.5197066964263,112.416058490251,169.976851406352,0.0002124023009778,0.0009903736855819,0.0092181633232065,0.0372444748551161,0.131226638653606
2012,47,16.1562397781966,120.380882532169,111.947308809702,236.72038215949,292.795186720443,0.0003770343085741,0.0012858868726206,0.0133798556614683,0.0453301944962181,0.141598074435628
2012,48,8.37011884550085,97.707557394708,69.779290213794,106.043424505029,106.099609040968,0.0003812190930514,0.0021005930271995,0.0180647341714686,0.0481183064550382,0.137346045750909
2012,48,8.87614678899082,56.0443244923052,55.2361018353953,112.323076213293,156.520350670016,0.0004248046019556,0.0011898316221301,0.0122634635109253,0.0372136689709513,0.120837863093529
2012,48,17.2462656344917,153.751881887013,125.015392049189,218.366500718322,262.619959710984,0.0004024719816155,0.0016423498681894,0.0149417428508568,0.0418155625583221,0.127005095336293
2012,49,8.37011884550085,80.2656513894861,60.6599696291826,112.316204157556,116.388055978274,0.0003812190930514,0.001725613372477,0.0157038889739799,0.0509646454435619,0.150664450187361
2012,49,8.87614678899082,56.4390225777249,57.2357907514526,117.596899118059,167.852140763773,0.0004248046019556,0.0011982111372278,0.0127074324232926,0.0389609350395613,0.129586305670436
2012,49,17.2462656344917,136.704673967211,117.895760380635,229.913103275615,284.240196742047,0.0004024719816155,0.0014602546682057,0.014090809986986,0.0440266511638651,0.137460813433064
2012,50,13.3921901528014,81.0924704216112,78.3926804422576,113.952133743106,104.170525240224,0.0006099505488822,0.0017433889708028,0.0202946021497124,0.0517069655025737,0.134848844919074
2012,50,7.98853211009174,64.0021404475911,55.7434485649168,119.413738113628,167.852140763773,0.0003823241417601,0.0013587775618388,0.0123761041191169,0.0395628705209776,0.129586305670436
2012,50,21.3807222628931,145.094610869202,134.136129007174,233.365871856734,272.022666003997,0.0004989568083834,0.0015498744607961,0.0160318462693454,0.0446878306951954,0.131552318671783
2012,51,5.85908319185059,93.0945721606298,69.709444050689,115.731313880505,128.605586716325,0.0002668533651359,0.0020014194844802,0.0180466521249828,0.0525142869889334,0.166480055455647
2012,51,5.3256880733945,52.4808902280292,47.3780598078821,119.798483509726,182.016878380969,0.0002548827611734,0.0011141792378891,0.0105188289608823,0.0396903402119011,0.14052185889157
2012,51,11.1847712652451,145.575462388659,117.087503858571,235.529797390231,310.622465097294,0.0002610163353878,0.0015550108299898,0.01399420779335,0.0451022063582199,0.150219487645539
2012,52,14.2292020373514,99.6004324274005,82.8028001925849,129.405006559919,127.962558782744,0.0006480724581873,0.0021412875261825,0.0214363111110663,0.0587188672143566,0.165647655178369
2012,52,14.2018348623853,62.9729319515568,54.6435492865011,119.957726067411,191.223957832146,0.0006796873631291,0.0013369272705659,0.0121319055928208,0.0397430987369306,0.147629968485307
2012,52,28.4310368997367,162.573364378957,137.446349479086,249.36273262733,319.18651661489,0.0006634883170034,0.0017365793529285,0.0164274812568475,0.0477511106858955,0.154361130880327
2013,1,9.99272727272727,120.528614190687,85.3828713968958,127.14374061275,120.95204652694,0.0004459506785979,0.0025541825206829,0.0209120406656372,0.0558831267302286,0.150764546969739
2013,1,10.71,62.6288235294118,64.5391262295327,132.241986337158,183.880063903898,0.000502271434298,0.0013119105826063,0.0136310447933981,0.0427788979621988,0.136694016641515
2013,1,20.7027272727273,183.157437720099,149.921997626428,259.385726949908,304.832110430838,0.0004734126534905,0.0019294483170667,0.0170024530873061,0.0483345835451713,0.141950567629059
2013,2,6.66181818181818,94.5186696230599,83.7237250554324,128.892341512563,124.203445627126,0.0002973004523986,0.0020029926955559,0.0205056812261467,0.0566516843109159,0.154817357372151
2013,2,7.14,56.7489411764706,49.1133425078735,130.034542224363,210.963174091293,0.0003348476228653,0.0011887423758831,0.0103730281271144,0.0420648129043884,0.156827243898792
2013,2,13.8018181818182,151.267610799531,132.837067563306,258.926883736926,335.166619718419,0.0003156084356603,0.0015935090636608,0.0150648740362186,0.0482490815560187,0.156076378738772
2013,3,14.1563636363636,118.471075388027,88.8328713968958,151.423372229872,154.116317348842,0.000631763461347,0.0025105801804364,0.0217570174053053,0.0665546841665906,0.192103213074345
2013,3,3.57,58.4652941176471,60.717560487783,147.316989357611,225.930156036959,0.0001674238114326,0.001224695495551,0.0128239075287652,0.0476555035989864,0.167953501067287
2013,3,17.7263636363636,176.936369505674,149.550431884679,298.740361587483,380.046473385801,0.0004053516590002,0.0018639132793086,0.0169603143138574,0.0556680243560718,0.176975491677333
2013,4,9.16,100.126585365854,78.4757206208426,141.219697744238,158.017996269066,0.0004087881220481,0.0021218328603076,0.0192203358125516,0.0620698921379258,0.19696658555724
2013,4,4.4625,59.6513823529412,66.764574891413,152.009222368289,208.112320387357,0.0002092797642908,0.0012495409520054,0.0141010726999987,0.0491733918486903,0.154707956819079
2013,4,13.6225,159.777967718795,145.240295512256,293.228920112527,366.130316656423,0.0003115079374431,0.0016831603169209,0.0164715075167747,0.054641008600201,0.17049518242068
2013,5,8.32727272727273,104.72455654102,76.124667405765,134.111663097697,143.711840228245,0.0003716255654982,0.0022192707814607,0.0186445139921277,0.0589457178841155,0.179134219786625
2013,5,9.8175,66.5213235294118,63.7890627938564,142.770799307486,213.101314369246,0.0004604154814398,0.0013934483100458,0.0134726269639836,0.0461848587179031,0.158416709208577
2013,5,18.1447727272727,171.245880070432,139.913730199621,276.882462405183,356.813154597491,0.0004149194881737,0.0018039675550137,0.0158674288740247,0.0515949688854721,0.166156477941391
2013,6,14.9890909090909,86.8505432372505,79.5794345898004,137.617691935426,146.963239328432,0.0006689260178969,0.0018404935702442,0.0194906583142954,0.0604867127684442,0.183187030189038
2013,6,14.28,69.3623529411765,67.9856602534442,143.546952992038,208.825033813341,0.0006696952457306,0.001452960469795,0.0143589731433238,0.0464359363082668,0.155237778589007
2013,6,29.2690909090909,156.212896178427,147.565094843245,281.164644927464,355.788273141773,0.0006693010930391,0.0016456045322942,0.0167351598972681,0.0523929214610155,0.16567922341533
2013,7,9.99272727272727,103.528614190687,83.7261086474501,138.789310560703,146.963239328432,0.0004459506785979,0.0021939269652435,0.0205062650173965,0.0610016709708718,0.183187030189038
2013,7,9.8175,65.3749705882353,58.1853522993567,138.073423854972,204.548753257436,0.0004604154814398,0.0013694352044152,0.012289090197649,0.0446653069421083,0.152058847969437
2013,7,19.8102272727273,168.903584778922,141.911460946807,276.862734415675,351.511992585868,0.0004530037098922,0.0017792929484865,0.0160939888441949,0.0515912927226845,0.163687896283179
2013,8,7.49454545454546,89.579844789357,81.9304878048781,133.884401003123,141.110720948096,0.0003344630089484,0.0018983315729863,0.0200664801347193,0.0588458300219933,0.175891971464695
2013,8,7.14,69.6703529411765,52.0670893323582,134.02124335722,213.101314369246,0.0003348476228653,0.0014594122668538,0.0109968769088551,0.0433544689787721,0.158416709208577
2013,8,14.6345454545455,159.250197730534,133.997577137236,267.905644360343,354.212035317342,0.0003346505465195,0.0016776005923018,0.0151964858737109,0.0499222062132149,0.164945219856519
2013,9,7.49454545454546,82.2389911308204,79.8571507760532,130.151110070821,135.25820256776,0.0003344630089484,0.0017427678487418,0.0195586767831687,0.0572049472755424,0.168596912740353
2013,9,7.14,50.7381176470588,58.3743563443139,131.198772751191,204.548753257436,0.0003348476228653,0.0010628312928701,0.0123290089686869,0.0424414292899339,0.152058847969437
2013,9,14.6345454545455,132.977108777879,138.231507120367,261.349882822012,339.806955825196,0.0003346505465195,0.0014008301379056,0.0156766502061826,0.0487005892510839,0.158237234901253
2013,10,9.99272727272727,94.2103215077605,82.9024944567628,126.286534015026,134.607922747723,0.0004459506785979,0.001996458335465,0.0203045447757759,0.0555063611521222,0.167786350659871
2013,10,8.0325,65.0027941176471,62.5927190769736,139.2376543818,198.13433242358,0.0003767035757235,0.0013616390776025,0.0132199521023015,0.0450419233276538,0.147290452040082
2013,10,18.0252272727273,159.213115625408,145.495213533736,265.524188396826,332.742255171303,0.0004121858226956,0.0016772099556658,0.0165004174283951,0.0494784397670758,0.154947429681809
2013,11,14.1563636363636,114.024124168514,82.0669623059867,135.991549121002,141.761000768133,0.000631763461347,0.002416342599166,0.0200999055779061,0.0597719788417721,0.176702533545178
2013,11,6.2475,41.6414411764706,58.4891354538263,151.404480758728,225.217442610975,0.0002929916700071,0.0008722796354099,0.0123532509947959,0.0489777642698444,0.167423679297359
2013,11,20.4038636363636,155.665565344985,140.556097759813,287.39602987973,366.978443379108,0.0004665784897951,0.0016398387464839,0.0159402789192475,0.0535540932807571,0.170890127918831
2013,12,8.32727272727273,93.6410199556541,78.0662971175166,110.417840793214,110.547569406343,0.0003716255654982,0.001984393979767,0.019120059482991,0.0485316395489673,0.137795553682019
2013,12,3.57,65.4652941176471,53.5919578488589,120.503690147708,188.869057885786,0.0001674238114326,0.0013713272468873,0.0113189381493272,0.0389816820488028,0.140402769031013
2013,12,11.8972727272727,159.106314073301,131.658254966375,230.921530940922,299.416627292129,0.0002720568829855,0.0016760848685411,0.0149311864773857,0.0430304942407195,0.139428750277079
2013,13,8.32727272727273,103.126385809313,61.7525498891353,110.295382707825,112.498408866455,0.0003716255654982,0.0021854031411879,0.01512448355696,0.0484778158949521,0.140227239923467
2013,13,8.0325,63.8672647058824,39.4772969535949,115.317447584657,185.305490755866,0.0003767035757235,0.0013378526966967,0.0083378383708345,0.0373039868813518,0.137753660181371
2013,13,16.3597727272727,166.993650515195,101.22984684273,225.612830292482,297.803899622321,0.0003741016009771,0.0017591729932353,0.0114803414390691,0.042041257716314,0.138677754563941
2013,14,7.49454545454546,86.8981374722838,71.9851441241685,101.779640303331,98.842532645671,0.0003344630089484,0.0018415021636311,0.0176306586627759,0.044734915853638,0.123205436233335
2013,14,5.355,50.0054705882353,43.0168448139469,115.433322083682,173.189362514136,0.000251135717149,0.0010474842469635,0.0090854117925948,0.0373414710685415,0.128746690092589
2013,14,12.8495454545455,136.903608060519,115.001988938115,217.212962387013,272.031895159807,0.0002938326593229,0.0014421933362947,0.0130422216407455,0.0404760053725576,0.126676556077266
2013,15,16.6545454545455,91.7381374722838,68.2574279379157,105.250360988651,115.099528146604,0.0007432511309965,0.001944069039415,0.0167176634542345,0.0462603918461503,0.143469488245397
2013,15,5.355,48.7697058823529,46.2526095198292,107.963871159268,154.658813438549,0.000251135717149,0.0010215981979545,0.0097688244172082,0.0349251819021458,0.114971324074452
2013,15,22.0095454545455,140.507843354637,114.510037457745,213.214232147919,269.758341585153,0.0005032958787745,0.0014801616864153,0.0129864300818105,0.0397308720026964,0.125617834868398
2013,16,2.49818181818182,79.4475498891353,64.3908536585366,85.8756389291096,87.7877757050368,0.0001114876696494,0.0016836130125654,0.0157706590112565,0.0377446753586668,0.109425880865133
2013,16,5.355,37.4661764705882,42.8060754959177,117.343537833533,181.029210199961,0.000251135717149,0.0007848187245363,0.0090408960672825,0.0379594058630199,0.134574729561801
2013,16,7.85318181818182,116.913726359724,107.196929154454,203.219176762643,268.816985904998,0.0001795799941675,0.0012316125153023,0.0121570602573841,0.0378683684438496,0.125179475625502
2013,17,5.82909090909091,104.116640798226,71.0179046563193,110.286555669723,115.749807966641,0.0002601378958487,0.0022063881330148,0.017393761604219,0.0484739361719981,0.144280050325879
2013,17,8.925,56.5140588235294,43.0633517321671,112.711641745913,161.78594769839,0.0004185595285816,0.001183822202916,0.0090952343285122,0.0364610359761777,0.120269541773736
2013,17,14.7540909090909,160.630699621755,114.081256388486,222.998197415636,277.535755665031,0.0003373842119977,0.0016921433107624,0.0129378025946491,0.0415540405023527,0.129239527943201
2013,18,9.16,97.1040243902439,68.5279933481153,111.458174295,115.749807966641,0.0004087881220481,0.0020577802495359,0.0167839305493584,0.0489888943744256,0.144280050325879
2013,18,8.925,54.1211176470588,53.3317052405332,140.946289595131,211.675887517277,0.0004185595285816,0.0011336963235516,0.0112639712607289,0.0455946489291836,0.15735706566872
2013,18,18.085,151.225142037303,121.859698588649,252.404463890131,327.425695483918,0.0004135526554346,0.0015930616819829,0.0138199453134922,0.0470336775678784,0.152471677818295
2013,19,9.99272727272727,77.2261751662971,57.3305432372506,114.596828876562,124.853725447163,0.0004459506785979,0.0016365387428821,0.0140414421762354,0.0503684182967087,0.155627919452634
2013,19,8.0325,50.2493823529412,47.470718509784,116.7487380129,162.498661124375,0.0003767035757235,0.0010525935625678,0.0100260962331647,0.0377669943487985,0.120799363543664
2013,19,18.0252272727273,127.475557519238,104.801261747035,231.345566889462,287.352386571538,0.0004121858226956,0.0013428747583732,0.0118853708231962,0.0431095101573695,0.133810819095613
2013,20,8.32727272727273,74.5958980044346,67.6972283813747,104.236508601172,100.143092285746,0.0003716255654982,0.0015807992158288,0.0165804589339883,0.0458147761895542,0.1248265603943
2013,20,5.355,50.1518235294118,42.6200478230369,101.225321227113,159.647807420438,0.000251135717149,0.001050549959546,0.0090016059236132,0.0327453315539674,0.118680076463951
2013,20,13.6822727272727,124.747721533846,110.317276204412,205.461829828285,259.790899706184,0.0003128747701822,0.0013141387233164,0.0125109346398827,0.0382862700116759,0.120976315867891
2013,21,4.16363636363636,88.4412416851441,69.3587583148559,104.69103279032,105.345330846044,0.0001858127827491,0.0018742028615902,0.0169874021647285,0.0460145519137987,0.13131105703816
2013,21,4.4625,44.5836176470588,41.7057219875517,108.931663591412,180.316496773977,0.0002092797642908,0.000933910562356,0.0088084949048037,0.0352382526208336,0.134044907791873
2013,21,8.62613636363636,133.024859332203,111.064480302408,213.622696381732,285.661827620021,0.0001972552722877,0.0014013331599386,0.012595674056539,0.0398069862471716,0.133023579843032
2013,22,11.6581818181818,71.7954767184035,62.1667405764967,104.236508601172,100.143092285746,0.0005202757916975,0.0015214540790133,0.0152259274690202,0.0458147761895542,0.1248265603943
2013,22,8.925,46.0425294117647,48.7848177082556,114.334570921748,168.913081958231,0.0004185595285816,0.0009644709605137,0.0103036417483244,0.0369860365719486,0.125567759473019
2013,22,20.5831818181818,117.838006130168,110.951558284752,218.57107952292,269.056174243977,0.0004706789880123,0.0012413492208916,0.0125828677216575,0.0407290803082587,0.125290857987551
2013,23,6.66181818181818,74.0491574279379,63.2823725055432,99.40992193847,108.596729946231,0.0002973004523986,0.001569212961119,0.0154991689270131,0.0436933602799206,0.135363867440572
2013,23,6.2475,43.1915588235294,46.063605474872,112.827516244938,149.669819456661,0.0002929916700071,0.0009047505590336,0.0097289056461703,0.0364985201633674,0.111262571684954
2013,23,12.9093181818182,117.240716251467,109.345977980415,212.237438183408,258.266549402892,0.000295199492062,0.0012350571479864,0.012400781008336,0.0395488537781809,0.120266474668707
2013,24,7.49454545454546,75.8530155210643,56.2315964523282,89.7313879468015,91.6894546252606,0.0003344630089484,0.0016074394257821,0.0137722872569912,0.0394393817591329,0.114289253348028
2013,24,3.57,46.5547058823529,45.8775778019911,106.189756581043,151.807959734613,0.0001674238114326,0.0009751997223531,0.0096896155025009,0.0343512744116634,0.112852036994739
2013,24,11.0645454545455,122.407721403417,102.109174254319,195.921144527844,243.497414359874,0.0002530147721263,0.0012894882948664,0.0115800647838792,0.0365084349081222,0.113388960683112
2013,25,5.82909090909091,86.434933481153,70.184756097561,105.058407046487,99.4928124657083,0.0002601378958487,0.0018316861747425,0.017189706197599,0.0461760228758444,0.124015998313817
2013,25,8.0325,50.8672647058824,43.6026458498142,112.711641745913,161.78594769839,0.0003767035757235,0.0010655365870723,0.0092091364326144,0.0364610359761777,0.120269541773736
2013,25,13.8615909090909,137.302198187035,113.787401947375,217.7700487924,261.278760164098,0.0003169752683994,0.0014463922323831,0.0129044769557929,0.0405798142433065,0.121669164912748
2013,26,5.82909090909091,78.5635920177384,66.1864745011086,93.2285897464284,98.1922528256337,0.0002601378958487,0.001664880616451,0.0162104438939338,0.0409764969205075,0.122394874152853
2013,26,6.2475,40.7200294117647,48.7848177082556,107.439693145367,151.807959734613,0.0002929916700071,0.0008529784610156,0.0103036417483244,0.0347556158029678,0.112852036994739
2013,26,12.0765909090909,119.283621429503,114.971292209364,200.668282891795,250.000212560247,0.0002761573812028,0.0012565778681207,0.0130387403658239,0.0373930285152993,0.116417105895293
2013,27,4.99636363636364,85.1615631929047,65.9063747228381,94.6451245424837,94.2905739054098,0.0002229753392989,0.0018047015441264,0.0161418416338106,0.0415991024309654,0.117531501669958
2013,27,3.57,55.9368235294118,50.1206821797991,105.680662797906,139.691831492883,0.0001674238114326,0.0011717306283289,0.0105857842177585,0.0341865879032009,0.103845066905957
2013,27,8.56636363636364,141.098386722316,116.027056902637,200.32578734039,233.982405398293,0.0001958884395486,0.0014863826890735,0.0131584732265969,0.0373292070397003,0.10895812522689
2013,28,6.66181818181818,85.0265964523282,60.3758869179601,96.7434456222599,98.1922528256337,0.0002973004523986,0.0018018413960034,0.0147873101688425,0.0425213715277902,0.122394874152853
2013,28,8.0325,56.4743235294118,44.4952064122274,101.190010323748,151.807959734613,0.0003767035757235,0.0011829898520922,0.0093976504971495,0.0327339088464457,0.112852036994739
2013,28,14.6943181818182,141.50091998174,104.871093330188,197.933455946008,250.000212560247,0.0003360173792586,0.001490623123585,0.0118932903295753,0.0368834140386389,0.116417105895293
2013,29,4.99636363636364,87.3737583148559,61.6232261640798,89.9674770794774,91.0391748052233,0.0002229753392989,0.0018515812842675,0.0150928094875226,0.0395431493442092,0.113478691267545
2013,29,5.355,53.5339411764706,48.7383107900354,105.564788298881,151.807959734613,0.000251135717149,0.0011213965072337,0.0102938192124071,0.0341491037160112,0.112852036994739
2013,29,10.3513636363636,140.907699491326,110.361536954115,195.532265378358,242.847134539836,0.0002367063267452,0.001484373919124,0.0125159541922657,0.0364359701971266,0.113086146161894
2013,30,5.82909090909091,77.5184700665188,64.5154101995565,102.496734739461,93.6402940853725,0.0002601378958487,0.0016427329112134,0.0158011654981943,0.045050098331821,0.116720939589475
2013,30,5.355,47.0732352941177,41.4484457513023,97.4755115341419,159.647807420438,0.000251135717149,0.0009860615617483,0.0087541566435741,0.0315323073800542,0.118680076463951
2013,30,11.1840909090909,124.591705360636,105.963855950859,199.972246273603,253.288101505811,0.0002557484376045,0.0013124951911367,0.0120172190757745,0.0372633273152058,0.11794817065571
2013,31,9.99272727272727,77.0139800443459,59.9569290465632,98.0463493710284,92.9900142653352,0.0004459506785979,0.0016320420092633,0.0146846986742828,0.043094033107187,0.115910377508993
2013,31,8.0325,55.8564411764706,49.8634059435497,99.6829556469373,132.564697233042,0.0003767035757235,0.0011700468275877,0.0105314459565289,0.0322463924378645,0.0985468492066734
2013,31,18.0252272727273,132.870421220816,109.820334990113,197.729305017966,225.554711498377,0.0004121858226956,0.0013997062516469,0.0124545772019014,0.0368453720453369,0.105033617630869
2013,32,6.66181818181818,90.3900110864745,66.5982815964523,102.102879368987,109.247009766268,0.0002973004523986,0.0019155002147137,0.0163113040147441,0.0448769882009132,0.136174429521054
2013,32,11.6025,48.8257352941176,49.3241118259026,110.887132033557,160.360520846422,0.0005441273871561,0.001022771868065,0.0104175438524267,0.0358708261874582,0.119209898233879
2013,32,18.2643181818182,139.215746380592,115.922393422355,212.990011402544,269.60753061269,0.0004176531536519,0.0014665502581102,0.0131466034813852,0.0396890901495569,0.125547607020303
2013,33,8.32727272727273,98.3837028824834,67.010088691796,101.534724132553,102.744211565895,0.0003716255654982,0.0020848985604774,0.0164121641355545,0.0446272685456075,0.12806880871623
2013,33,6.2475,57.2593235294118,45.2452698479036,111.63311725658,174.614789366104,0.0002929916700071,0.0011994335556349,0.009556068326564,0.0361121445963911,0.129806333632446
2013,33,14.5747727272727,155.643026411895,112.2553585397,213.167841389133,277.359000931999,0.0003332837137805,0.001639601313011,0.0127307299634961,0.039722227432956,0.129157218915292
2013,34,13.3236363636364,99.8117294900222,63.8282705099778,94.5491475714015,86.4872160649621,0.0005946009047972,0.0021151605909881,0.0156328706997604,0.0415569179458125,0.107804756704168
2013,34,5.355,65.9160588235294,46.6058759645954,106.209983253644,168.913081958231,0.000251135717149,0.0013807695923536,0.0098434363776411,0.0343578175284698,0.125567759473019
2013,34,18.6786363636364,165.727788313552,110.434146474573,200.759130825046,255.400298023193,0.0004271274353376,0.0017458379317439,0.0125241887407964,0.037409957345853,0.118931753041971
2013,35,9.16,87.1875609756098,63.6870288248337,99.9262353943332,91.0391748052233,0.0004087881220481,0.0018476354827457,0.015598277674074,0.0439202940648436,0.113478691267545
2013,35,9.8175,47.0606176470588,59.1244197799901,112.625935708417,155.371526864534,0.0004604154814398,0.000985797254936,0.0124874267981014,0.0364333109704188,0.115501145844381
2013,35,18.9775,134.248178622669,122.811448604824,212.55217110275,246.410701669757,0.0004339615990329,0.0014142200586395,0.0139278820089543,0.0396075018956515,0.114745585438687
2013,36,5.82909090909091,78.2837139689579,56.7798780487805,102.461426587052,106.645890486119,0.0002601378958487,0.0016589495798675,0.0139065728209884,0.0450345794400047,0.132932181199125
2013,36,6.2475,38.8772058823529,41.7522289057719,101.613398069389,157.509667142486,0.0002929916700071,0.0008143761122268,0.008818317440721,0.0328708703491493,0.117090611154166
2013,36,12.0765909090909,117.160919851311,98.5321069545524,204.074824656441,264.155557628605,0.0002761573812028,0.001234216543139,0.0111743943691481,0.0380278120072807,0.123008797513997
2013,37,9.16,94.0814634146341,61.0654101995565,105.495277159429,111.19784922638,0.0004087881220481,0.0019937276387643,0.0149561887585262,0.0463680391541807,0.138606115762502
2013,37,3.57,50.1725882352941,42.0095051420213,106.461958924294,161.78594769839,0.0001674238114326,0.0010509849260017,0.0088726557019507,0.0344393290196555,0.120269541773736
2013,37,12.73,144.254051649928,103.074915341578,211.957236083723,272.98379692477,0.0002910989938448,0.0015196256327376,0.0116895881879864,0.039496640219802,0.127119826294674
2013,38,9.16,99.2326829268293,71.5709534368071,101.893271350618,100.143092285746,0.0004087881220481,0.0021028897238558,0.0175292147507158,0.0447848597846991,0.1248265603943
2013,38,7.14,53.2990588235294,41.1881931429766,104.415642002817,148.957106030677,0.0003348476228653,0.0011164763342665,0.0086991897549758,0.0337773669211811,0.110732749915025
2013,38,16.3,152.531741750359,112.759146579784,206.308913353435,249.100198316423,0.000372734768238,0.0016068258875145,0.0127878638908256,0.0384441176692843,0.115997998037514
2013,39,9.99272727272727,83.9304434589801,56.099889135255,85.0360864075905,94.9408537254472,0.0004459506785979,0.0017786122662701,0.013740029396304,0.0373756692264685,0.11834206375044
2013,39,8.0325,43.4743235294118,45.6203015657418,105.075921188345,156.796953716502,0.0003767035757235,0.0009106737424678,0.0096352772412713,0.0339909603243551,0.116560789384237
2013,39,18.0252272727273,127.404766988392,101.720190700997,190.112007595935,251.737807441949,0.0004121858226956,0.0013421290246902,0.011535950679733,0.0354259458380319,0.117226248276712
2013,40,9.99272727272727,76.5895898004435,62.72455654102,99.5500341000637,100.143092285746,0.0004459506785979,0.0016230485420257,0.0153625481980166,0.0437549433798439,0.1248265603943
2013,40,4.4625,57.3478529411765,44.1914232577578,106.532580731025,177.465643070041,0.0002092797642908,0.0012012880160195,0.0093334897000026,0.034462174434699,0.131925620712159
2013,40,14.4552272727273,133.93744274162,106.915979798778,206.082614831089,277.608735355787,0.0003305500483023,0.0014109466517268,0.0121251981669942,0.0384019486379998,0.129273512251853
2013,41,10.8254545454545,81.544667405765,69.0786585365854,107.506448306226,104.044771205969,0.0004831132351477,0.001728054085258,0.0169187999046054,0.0472520034888065,0.129689932877195
2013,41,8.925,45.6604117647059,46.0418402018001,108.150367465024,158.22238056847,0.0004185595285816,0.0009564665919702,0.0097243086918959,0.034985511504379,0.117620432924094
2013,41,19.7504545454545,127.205079170471,115.120498738385,215.65681577125,262.267151774439,0.0004516368771531,0.0013400254392228,0.0130556616785743,0.0401860291294829,0.122129427284482
2013,42,6.66181818181818,93.7308647450111,72.8135254988914,109.595942347899,111.19784922638,0.0002973004523986,0.0019862979259136,0.0178335464868962,0.0481703928626772,0.138606115762502
2013,42,7.14,51.6703529411765,49.4418673074914,108.674545478926,161.073234272406,0.0003348476228653,0.0010823591919893,0.0104424145059043,0.0351550776035569,0.119739720003807
2013,42,13.8018181818182,145.401217686188,122.255392806383,218.270487826825,272.271083498786,0.0003156084356603,0.0015317103048406,0.0138648204651075,0.0406730673016113,0.126787938439315
2013,43,12.4909090909091,76.985310421286,72.5286585365854,120.595034164541,116.400087786678,0.0005574383482474,0.0016314344568527,0.0177637766442735,0.0530047924087699,0.145090612406362
2013,43,8.925,49.9639411764706,49.8634059435497,113.185424625685,166.062228254295,0.0004185595285816,0.0010466143140522,0.0105314459565289,0.0366142997771184,0.123448472393306
2013,43,21.4159090909091,126.949251597757,122.392064480135,233.780458790226,282.462316040973,0.0004897210988716,0.0013373304567762,0.0138803202166991,0.0435632339893815,0.13153366959657
2013,44,14.9890909090909,86.1462749445676,68.7985587583149,110.321863822132,102.744211565895,0.0006689260178969,0.0018255690664231,0.0168501976444823,0.0484894550638144,0.12806880871623
2013,44,1.785,53.1717058823529,57.2957681090198,115.972584328348,166.774941680279,8.37119057163336e-05,0.0011138086221519,0.0121012047604825,0.0375159167584348,0.123978294163234
2013,44,16.7740909090909,139.31798082692,126.094326867335,226.29444815048,269.519153246174,0.0003835758826628,0.0014676272336504,0.0143001888387282,0.042168272088657,0.125506452506348
2013,45,7.49454545454546,87.0877716186253,64.3813192904656,105.740193330208,107.296170306156,0.0003344630089484,0.0018455207962617,0.0157683238462572,0.0464756864622111,0.133742743279607
2013,45,8.925,60.9639411764706,55.4888817111214,121.985375710081,164.636801402327,0.0004185595285816,0.0012770356375805,0.0117195796771378,0.0394609918144866,0.122388828853449
2013,45,16.4195454545455,148.051712795096,119.870201001587,227.725569040289,271.932971708483,0.0003754684337162,0.0015596316024462,0.0135943190549921,0.0424349507260096,0.126630490588799
2013,46,8.32727272727273,99.8306541019956,65.0779933481153,100.46790951646,107.296170306156,0.0003716255654982,0.0021155616319644,0.0159389538096903,0.044158374551287,0.133742743279607
2013,46,3.57,44.8582352941176,50.0741752615789,106.678623691579,146.818965752724,0.0001674238114326,0.0009396630861469,0.0105759616818412,0.0345094178033196,0.10914328460524
2013,46,11.8972727272727,144.688889396113,115.152168609694,207.146533208039,254.11513605888,0.0002720568829855,0.001524206374683,0.0130592533162908,0.0386002018429107,0.118333294204837
2013,47,7.49454545454546,94.6024057649667,82.7660199556541,112.638619958379,112.498408866455,0.0003344630089484,0.0020047671902802,0.020271119332589,0.0495077322998073,0.140227239923467
2013,47,8.925,42.3568823529412,36.2197669746407,92.8285312157574,149.669819456661,0.0004185595285816,0.0008872662629362,0.0076498287919468,0.0300290579024965,0.111262571684954
2013,47,16.4195454545455,136.959288117908,118.985786930295,205.467151174136,262.168228323116,0.0003754684337162,0.0014427798906512,0.0134940188389132,0.038287261604539,0.122083361796016
2013,48,7.49454545454546,77.7694789356984,67.6996119733925,106.789353870096,109.247009766268,0.0003344630089484,0.0016480521664832,0.0165810427252381,0.0469368210106235,0.136174429521054
2013,48,2.6775,47.9865,39.7128079167724,109.168555031298,182.454637051929,0.0001255678585745,0.0010051920764993,0.0083875796777898,0.035314884521304,0.135634373101658
2013,48,10.1720454545455,125.755978935698,107.412419890165,215.957908901394,291.701646818197,0.000232605828528,0.0013247600803925,0.0121814987732968,0.0402421355746021,0.135836130536416
2013,49,7.49454545454546,72.8755764966741,69.0786585365854,113.101971185629,114.449248326566,0.0003344630089484,0.0015443430169869,0.0169187999046054,0.0497113877470059,0.142658926164914
2013,49,8.925,56.8853529411765,49.8168990253295,115.045245241406,175.327502792088,0.0004185595285816,0.0011915998467347,0.0105216234206116,0.0372159322733597,0.130336155402374
2013,49,16.4195454545455,129.760929437851,118.895557561915,228.147216427035,289.776751118654,0.0003754684337162,0.0013669497129977,0.013483786047013,0.0425135215520952,0.134939768152576
2013,50,7.49454545454546,94.0267960088692,81.655155210643,117.674814639451,113.148688686492,0.0003344630089484,0.0019925691542567,0.0199990454570958,0.051721276625655,0.141037802003949
2013,50,3.57,51.1617647058824,53.5207092854904,116.259870902364,167.487655106263,0.0001674238114326,0.0010717055943249,0.0113038900317669,0.0376088509571424,0.124508115933163
2013,50,11.0645454545455,145.188560714752,135.175864496133,233.934685541815,280.636343792755,0.0002530147721263,0.0015294700975044,0.0153301138660015,0.043591972987079,0.130683372701196
2013,51,5.82909090909091,95.5635920177384,78.1980044345898,132.249431150597,139.159881487984,0.0002601378958487,0.0020251361718904,0.0191523173436783,0.0581272163723671,0.173460285223248
2013,51,8.925,66.6495882352941,61.6783932414884,136.601680081527,193.145338441691,0.0004185595285816,0.0013961351212541,0.013026841083492,0.0441892132410489,0.143581699650583
2013,51,14.7540909090909,162.213180253033,139.876397676078,268.851111232124,332.305219929675,0.0003373842119977,0.001708813748113,0.0158631950424975,0.0500983868691078,0.154743916342826
2013,52,9.16,82.634512195122,69.2103658536585,137.38160280275,147.613519148469,0.0004087881220481,0.0017511495346658,0.0169510577652926,0.0603829451833679,0.18399759226952
2013,52,6.2475,57.1807352941176,52.3243655686075,135.422365323934,208.825033813341,0.0002929916700071,0.0011977873369813,0.0110512151700848,0.043807717264788,0.155237778589007
2013,52,15.4075,139.81524748924,121.534731422266,272.803968126684,356.43855296181,0.0003523258246397,0.001472865624931,0.013783091222106,0.0508349720854914,0.165982037936548
2014,1,10.9228187919463,87.0819459489709,71.2261525137332,132.800065989106,143.969016756244,0.0004773591327832,0.001817109291686,0.0165713409166386,0.0566942592775351,0.173768512054412
2014,1,6.29326923076923,53.8058809108738,63.4301093094186,140.524293966983,207.946446581955,0.0002891473851626,0.0011106300273253,0.0127831241114967,0.0445343764798408,0.149534092574945
2014,1,17.2160880227155,140.887826859845,134.656261823152,273.324359956089,351.915463338199,0.0003856073351547,0.0014619528800355,0.0145414428597634,0.0497152086126333,0.158581955131512
2014,2,7.02181208053691,97.1258948878967,88.4937298500398,124.48175846027,126.876804721256,0.0003068737282177,0.0020266929515738,0.0205887825549355,0.0531430540858996,0.153138460394984
2014,2,4.49519230769231,47.5897935280017,55.4965781208052,136.445986260137,215.972449783364,0.0002065338465447,0.0009823211290595,0.0111842727941868,0.0432418961144172,0.155305583867312
2014,2,11.5170043882292,144.715688415898,143.990307970845,260.927744720407,342.84925450462,0.0002579587979133,0.0015016735099223,0.0155494204827077,0.047460377346838,0.154496493501547
2014,3,11.7030201342282,91.0390882636277,83.1097196970768,142.780904542858,139.367267362209,0.0005114562136963,0.0018996816319125,0.0193361490124148,0.0609552228889547,0.168214267376874
2014,3,3.59615384615385,55.0582370886903,51.6972403442858,136.894275880015,232.754092840855,0.0001652270772357,0.00113648044279,0.0104185890066684,0.0433839662016603,0.167373247478623
2014,3,15.2991739803821,146.097325352318,134.806960041363,279.675180422873,372.121360203064,0.0003426721390399,0.001516010363172,0.0145577166631462,0.0508703649419787,0.167687240246354
2014,4,11.7030201342282,82.4953122064508,68.874791456627,119.16135823452,134.765517968174,0.0005114562136963,0.0017214015683425,0.0160242777338013,0.050871698664407,0.162660022699336
2014,4,10.7884615384615,56.3106886031815,57.6880067718733,119.181499346143,178.031343740341,0.0004956812317073,0.0011623328261394,0.0116259132821677,0.0377705065186814,0.128022170485216
2014,4,22.4914816726897,138.806000809632,126.5627982285,238.342857580663,312.796861708515,0.0005037660297766,0.0014403503636388,0.0136674349465349,0.0433523923292365,0.140954129773681
2014,5,10.1426174496644,96.0557148910145,69.28531102045,121.806482047239,138.709874591632,0.0004432620518701,0.0020043618702582,0.016119788433242,0.0520009400856555,0.167420803851511
2014,5,9.88942307692308,55.0425882545217,53.3673154422476,133.132046572393,203.568626653914,0.0004543744623983,0.0011361574285613,0.0107551606677485,0.0421916560917197,0.146386006415473
2014,5,20.0320405265875,151.098303145536,122.652626462698,254.938528619632,342.278501245546,0.0004486792676116,0.0015679040863612,0.0132451780196424,0.046370993554175,0.154239297733953
2014,6,6.24161073825503,90.8691694880702,74.8885783368563,134.45769697481,150.542944462009,0.0002727766473046,0.0018961359947252,0.0174234339295971,0.0574019258000631,0.181703147308038
2014,6,4.49519230769231,39.5756292220527,50.4340982009644,131.548633687335,207.946446581955,0.0002065338465447,0.0008168973617793,0.0101640268915414,0.0416898474467121,0.149534092574945
2014,6,10.7368030459473,130.444798710123,125.322676537821,266.006330662145,358.489391043964,0.0002404837850019,0.0013535885492054,0.0135335150050482,0.0483841258176705,0.161544332227944
2014,7,3.9010067114094,90.4033411146776,88.9579998326687,152.620780173471,157.116872167773,0.0001704854045654,0.0018864157127954,0.0206967987243898,0.0651560073999083,0.189637782561664
2014,7,3.59615384615385,73.5171606014382,62.750486691714,147.330099617021,248.806099243673,0.0001652270772357,0.0015174989184342,0.0126461591848131,0.0466912441822939,0.178916230063356
2014,7,7.49716055756325,163.920501716116,151.708486524383,299.950879790492,405.922971411446,0.0001679220099255,0.0017009563914925,0.0163829016064086,0.0545583297614707,0.182919096048237
2014,8,5.46140939597315,106.386714487291,80.6143520628555,141.078044656684,156.459479397197,0.0002386795663916,0.0022199353183963,0.0187555815337622,0.0602282474979333,0.188844319036302
2014,8,8.09134615384615,47.9653110699499,46.0893810983169,132.800058513217,213.05390316467,0.0003717609237804,0.000990072346042,0.0092884323425621,0.0420864438127834,0.153206859760997
2014,8,13.5527555498193,154.352025557241,126.703733161172,273.878103169901,369.513382561867,0.0003035557174588,0.0016016670377577,0.0136826544190098,0.0498159294536038,0.166512019955216
2014,9,13.2634228187919,85.0039982651866,71.6581722450785,127.141958573145,122.932448097797,0.0005796503755224,0.0017737494654592,0.0166718538040847,0.0542787317966459,0.148377679242809
2014,9,8.99038461538461,57.400550228808,58.3195778435339,136.453941090112,229.835546222161,0.0004130676930894,0.0011848291225769,0.0117531943397312,0.0432444171261439,0.165274523372308
2014,9,22.2538074341765,142.404548493995,129.977750088612,263.595899663257,352.767994319958,0.0004984425829153,0.001477691468746,0.0140362133952332,0.0479456903998565,0.158966127024998
2014,10,9.36241610738255,100.504171146936,86.5958886918013,137.309365133025,149.228158920856,0.000409164970957,0.0020971862910748,0.0201472344475498,0.0586193439747544,0.180116220257313
2014,10,8.09134615384615,58.9936396818479,58.7265107981744,147.35295714397,229.835546222161,0.0003717609237804,0.0012177127582094,0.0118352038856844,0.046698488094943,0.165274523372308
2014,10,17.4537622612287,159.497810828784,145.322399489976,284.662322276995,379.063705143017,0.000390930782016,0.0016550633869345,0.0156932721866475,0.0517774805671586,0.170815635410726
2014,11,5.46140939597315,98.1425215152835,87.8059472157478,131.621105116751,143.969016756244,0.0002386795663916,0.0020479065529773,0.0204287643578666,0.0561909439148696,0.173768512054412
2014,11,3.59615384615385,57.7947809980388,59.0373406607271,124.488374351922,194.083350143158,0.0001652270772357,0.0011929666072271,0.0118978456933973,0.0394523393375272,0.139565153069949
2014,11,9.057563242127,155.937302513322,146.843287876475,256.109479468673,338.052366899402,0.0002028720357484,0.0016181170055317,0.0158575119425186,0.0465839788356353,0.152334895350202
2014,12,7.80201342281879,97.6774386319757,75.6988673807411,131.223092725915,146.59858783855,0.0003409708091308,0.002038201826935,0.0176119542344759,0.0560210266974819,0.176942366155863
2014,12,8.99038461538461,49.0804369143604,50.792979609561,133.000842314718,210.135356545976,0.0004130676930894,0.0010130901319435,0.0102363525683745,0.0421500753824905,0.151108135654682
2014,12,16.7923980382034,146.757875546336,126.491846990302,264.223935040633,356.733944384526,0.0003761174925352,0.0015228647045305,0.0136597729680861,0.048059924307904,0.160753283830292
2014,13,4.68120805369128,91.9733482298108,73.9342827158565,124.960428573621,133.450732427021,0.0002045824854785,0.0019191765162643,0.017201409328903,0.0533474052457621,0.16107309564861
2014,13,4.49519230769231,54.6039578339508,53.3814298687143,114.462073047893,186.05734694175,0.0002065338465447,0.0011271034718611,0.0107580051601709,0.0362748455080343,0.133793661777583
2014,13,9.17640036138359,146.577306063762,127.315712584571,239.422501621514,319.508079368771,0.000205533759179,0.0015209909864032,0.0137487416822103,0.04354876973492,0.143978373175153
2014,14,9.36241610738255,95.3612289194191,58.6548026960976,108.716925867574,124.904626409527,0.000409164970957,0.0019898702681451,0.0136465146237935,0.0464128201826228,0.150758069818896
2014,14,4.49519230769231,47.700275114404,41.0028754054542,114.392493504068,182.409163668382,0.0002065338465447,0.0009846016263815,0.0082633445053566,0.0362527946475564,0.131170256644689
2014,14,13.8576084150749,143.061504033823,99.6576781015518,223.109419371642,307.313790077909,0.0003103838366477,0.001484508509401,0.0107619683780739,0.0405815688337719,0.138483319849446
2014,15,12.4832214765101,91.6275587498151,72.8359805177415,122.945114058336,134.108125197597,0.0005455532946093,0.001911961045018,0.0169458804323934,0.0524870384770837,0.161866559173973
2014,15,5.39423076923077,47.537780562214,51.9317898078613,124.889941954924,188.24625690577,0.0002478406158536,0.0009812475073542,0.0104658579604162,0.0395796024769414,0.135367704857319
2014,15,17.8774522457409,139.165339312029,124.767770325603,247.83505601326,322.354382103367,0.0004004206246355,0.0014440791170037,0.0134735910411104,0.0450789366641244,0.145260988745002
2014,16,7.80201342281879,77.0091837183367,63.3145244752653,116.969651974052,124.904626409527,0.0003409708091308,0.0016069243946586,0.0147306366134571,0.0499360277212814,0.150758069818896
2014,16,4.49519230769231,42.714439420353,54.3196277230163,132.143030261862,185.327710287076,0.0002065338465447,0.0008816868754401,0.0109470809751625,0.0418782211441067,0.133268980751004
2014,16,12.2972057305111,119.72362313869,117.634152198282,249.112682235914,310.232336696603,0.0002754338108248,0.0012423379617461,0.0127032362207898,0.045311325223265,0.139798490329722
2014,17,8.58221476510067,82.8096851753401,72.2707042930423,105.552803080249,109.784592686268,0.0003750678900439,0.0017279614819572,0.0168143643431345,0.0450620106302745,0.132508408735556
2014,17,4.49519230769231,52.5897935280017,50.8311198090496,117.026547413507,186.05734694175,0.0002065338465447,0.0010855282514524,0.010244038995357,0.0370875680889282,0.133793661777583
2014,17,13.077407072793,135.399478703342,123.101824102092,222.579350493756,295.841939628018,0.0002929088237362,0.0014050018533012,0.013293686582984,0.0404851541386185,0.133313815627997
2014,18,10.1426174496644,80.7930585479532,71.7269282358654,109.664089833331,117.673305933186,0.0004432620518701,0.0016858812213182,0.0166878504418811,0.046817178110106,0.142029971039908
2014,18,9.88942307692308,61.6119933536718,45.9791635797624,105.269719306793,161.24970068285,0.0004543744623983,0.0012717593077846,0.0092662201118994,0.0333616428817453,0.115954506873905
2014,18,20.0320405265875,142.405051901625,117.706091815628,214.933809140124,278.923006616036,0.0004486792676116,0.0014776966924637,0.0127110049336653,0.0390944998866031,0.125689719061372
2014,19,10.1426174496644,79.5994909481914,73.6677697291486,110.379456892492,103.210664980504,0.0004432620518701,0.0016609754529394,0.0171394029252776,0.0471225786024069,0.12457377348193
2014,19,7.19230769230769,69.4762475484855,51.7353805437744,103.346363532583,161.24970068285,0.0003304541544715,0.0014340887168272,0.0104262754336509,0.0327521009460749,0.115954506873905
2014,19,17.3349251419721,149.075738496677,125.403150272923,213.725820425075,264.460365663354,0.0003882690585854,0.0015469165086594,0.0135422053117956,0.0388747777550667,0.119172489449221
2014,20,3.9010067114094,78.6659974577389,63.9378066069903,91.57148809624,99.9237011276215,0.0001704854045654,0.0016414965623755,0.0148756482465096,0.0390931860604938,0.120606455855117
2014,20,2.69711538461538,52.6513265417302,43.8499009012049,110.066679978844,170.734977193605,0.0001239203079268,0.0010867983805082,0.0088371079854611,0.0348818757645969,0.122775360219429
2014,20,6.59812209602478,131.317323999469,107.787707508195,201.638168075084,270.658678321226,0.0001477852735834,0.001362642495796,0.0116399250097541,0.0366761440207251,0.121965604961901
2014,21,7.80201342281879,96.5714231465678,63.0050111535128,100.151745131985,108.469807145115,0.0003409708091308,0.0020151229786918,0.0146586258338209,0.0427562212663072,0.130921481684831
2014,21,6.29326923076923,51.0835013074744,52.1804536979034,105.841258354371,157.601517409482,0.0002891473851626,0.0010544362343397,0.0105159714065866,0.0335427726664909,0.113331101741011
2014,21,14.095282653588,147.654924454042,115.185464851416,205.993003486356,266.071324554597,0.000315707283509,0.001532173125729,0.0124388040536275,0.0374682488699959,0.119898428026022
2014,22,10.1426174496644,94.1432670053683,70.660876289034,111.639075487359,112.414163768574,0.0004432620518701,0.0019644554719227,0.0164398248273797,0.0476603279075471,0.135682262837007
2014,22,6.29326923076923,47.1939828938767,41.6344464771148,105.710054096696,164.168247301544,0.0002891473851626,0.0009741510337473,0.0083906255629201,0.0335011919572617,0.11805323098022
2014,22,16.4358866804336,141.337249899245,112.295322766149,217.349129584055,276.582411070118,0.0003681323222433,0.0014666164150012,0.0121266994740075,0.0395338246498832,0.124634987864502
2014,23,13.2634228187919,84.934909521887,72.5694675310337,113.50325081856,113.728949309727,0.0005796503755224,0.0017723078141957,0.016883874028768,0.0484561711835178,0.137269189887732
2014,23,7.19230769230769,54.4620832425365,38.4186282262123,88.0290968827263,164.897883956217,0.0003304541544715,0.001124174978197,0.007742538963845,0.0278978163211894,0.118577912006799
2014,23,20.4557305110996,139.396992764423,110.988095757246,201.532347701286,278.626833265944,0.0004581691102311,0.0014464829189464,0.0119855328724895,0.0366568962597145,0.125556255903857
2014,24,9.36241610738255,87.2921401761195,68.187008822335,97.5216976194237,96.6367372747392,0.000409164970957,0.0018214953429972,0.0158642595367325,0.0416334161345565,0.116639138228304
2014,24,5.39423076923077,46.2601601656134,43.801849355161,97.3755124084511,164.168247301544,0.0002478406158536,0.0009548756024255,0.0088274241163409,0.0308598435693565,0.11805323098022
2014,24,14.7566468766133,133.552300341733,111.988858177496,194.897210027875,260.804984576283,0.0003305205729898,0.001385834209184,0.0120936045607514,0.0354500252231914,0.117525282833065
2014,25,8.58221476510067,83.7727584332317,55.7919158330981,92.558980923254,97.2941300453156,0.0003750678900439,0.0017480576034485,0.0129804408217109,0.0395147609592143,0.117432601753667
2014,25,7.19230769230769,50.3374373501852,53.2330721506712,106.961478922577,169.275703884258,0.0003304541544715,0.0010390364115091,0.0107281065025257,0.0338977883233331,0.121725998166271
2014,25,15.7745224574084,134.110195783417,109.024987983769,199.520459845831,266.569833929574,0.0003533190327625,0.001391623331395,0.0117735381302542,0.036290952205349,0.12012306888319
2014,26,13.2634228187919,76.5662376934177,63.5487872106896,93.642207772938,95.9793445041627,0.0005796503755224,0.0015976815908969,0.0147851397350743,0.0399772060899073,0.115845674702941
2014,26,8.99038461538461,50.2192471126607,39.964371379153,96.4948428286462,158.331154064155,0.0004130676930894,0.0010365967966471,0.00805405390184,0.0305807454183237,0.11385578276759
2014,26,22.2538074341765,126.785484806078,103.513158589843,190.137050601584,254.310498568318,0.0004984425829153,0.0013156168903317,0.0111783192291843,0.0345841956317659,0.114598704162869
2014,27,7.80201342281879,87.9216316039829,61.1179200790354,100.947769913659,103.210664980504,0.0003409708091308,0.0018346307261141,0.014219578820438,0.0430960557010827,0.12457377348193
2014,27,11.6875,52.1057011331445,44.8163276084402,101.222223956872,164.168247301544,0.0005369880010162,0.0010755358948433,0.0090318727852975,0.0320789274406974,0.11805323098022
2014,27,19.4895134228188,140.027332737127,105.934247687476,202.169993870531,267.378912282048,0.0004365277015614,0.0014530237774367,0.0114397710792131,0.0367728782831614,0.120487659929497
2014,28,6.24161073825503,98.3253934308933,64.3483261708132,96.2722552854995,107.812414374539,0.0002727766473046,0.0020517224789241,0.0149711589459503,0.041100011221658,0.130128018159468
2014,28,6.29326923076923,57.0693370015254,48.1946180038525,104.219078282412,153.223697481441,0.0002891473851626,0.0011779924097596,0.0097127025344403,0.0330286780853811,0.110183015581539
2014,28,12.5348799690243,155.394730432419,112.542944174666,200.491333567912,261.03611185598,0.0002807572576861,0.0016124868894742,0.0121534399501952,0.0364675452819321,0.117629434595965
2014,29,7.80201342281879,103.852542860683,73.1132435882106,110.762392983172,108.469807145115,0.0003409708091308,0.0021670556226195,0.0170103879300215,0.0472860595302968,0.130921481684831
2014,29,8.09134615384615,44.7018549792983,49.8406673287923,107.223887437928,156.142244100135,0.0003717609237804,0.0009227099636076,0.0100444322609605,0.0339809497417914,0.112281739687854
2014,29,15.8933595766649,148.554397839981,122.953910917003,217.9862804211,264.61205124525,0.0003559807561931,0.0015415067050481,0.0132777135335316,0.03964971657692,0.119240842785884
2014,30,10.9228187919463,92.8192896059096,69.9730936547419,106.101954655169,105.182843292233,0.0004773591327832,0.0019368284866926,0.0162798066303109,0.0452964513403699,0.126954164058018
2014,30,6.29326923076923,50.4716032904772,37.2035376289348,101.322615857622,162.708973992197,0.0002891473851626,0.0010418057876332,0.0074976607178382,0.0321107432255509,0.117003868927062
2014,30,17.2160880227155,143.290892896387,107.176631283677,207.424570512791,267.89181728443,0.0003856073351547,0.0014868888123395,0.0115739352824181,0.0377286378575476,0.120718787818288
2014,31,10.1426174496644,100.968162776661,72.0149413900956,102.23754110884,96.6367372747392,0.0004432620518701,0.0021068682463004,0.0167548590335119,0.0436466775852185,0.116639138228304
2014,31,7.19230769230769,51.7397036391371,39.7298219155775,96.0624628687193,169.275703884258,0.0003304541544715,0.0010679811852114,0.0080067849480921,0.030443717354534,0.121725998166271
2014,31,17.3349251419721,152.707866415798,111.744763305673,198.300003977559,265.912441158997,0.0003882690585854,0.0015846060663051,0.0120672449129866,0.0360689624123302,0.119826831173547
2014,32,14.0436241610738,85.5740053803199,56.2239355644434,103.346020519624,107.812414374539,0.0006137474564355,0.0017856436096925,0.0130809537091571,0.0441199033976511,0.130128018159468
2014,32,9.88942307692308,44.7649678579211,46.3140192153371,96.1857122964191,148.8458775534,0.0004543744623983,0.0009240127033253,0.0093337038541724,0.0304827770520365,0.107034929422066
2014,32,23.9330472379969,130.338973238241,102.537954779781,199.531732816043,256.658291927939,0.0005360543321688,0.0013524904284036,0.0110730075987511,0.0362930026558316,0.115656678875551
2014,33,12.4832214765101,79.0468559505298,57.3114876787972,97.1790903900002,95.9793445041627,0.0005455532946093,0.0016494438067615,0.013333981511664,0.0414871521779039,0.115845674702941
2014,33,9.88942307692308,51.7508035519721,39.81601366111,98.9976924804099,168.546067229585,0.0004543744623983,0.0010682103032239,0.0080241552441947,0.0313739381504664,0.121201317139693
2014,33,22.3726445534332,130.797659502502,97.1275013399072,196.17678287041,264.525411733748,0.0005011043063459,0.0013572500852172,0.0104887362215711,0.0356827678547371,0.119201800843835
2014,34,10.9228187919463,74.8008262348554,63.9915570257961,110.555848637675,113.728949309727,0.0004773591327832,0.0015608433515805,0.0148881537165232,0.047197882776854,0.137269189887732
2014,34,5.39423076923077,49.4131346698627,49.5199261196843,100.341554377067,158.331154064155,0.0002478406158536,0.0010199574875379,0.0099797930111099,0.0317998292896646,0.11385578276759
2014,34,16.3170495611771,124.213960904718,113.51148314548,210.897403014742,272.060103373882,0.0003654705988126,0.0012889329187107,0.012258031848937,0.0383603144206574,0.122597122323236
2014,35,7.02181208053691,85.9644892893261,60.3183811189118,106.197688677839,106.497628833386,0.0003068737282177,0.0017937917043587,0.0140335596095619,0.0453373215723424,0.128541091108743
2014,35,7.19230769230769,56.0314883416866,46.8212583419767,102.705244941179,161.24970068285,0.0003304541544715,0.0011565697350274,0.0094359281886507,0.0325489203008514,0.115954506873905
2014,35,14.2141197728446,141.995977631013,107.139639460889,208.902933619018,267.747329516236,0.0003183690069396,0.0014734518451877,0.0115699405593353,0.0379975386252769,0.120653677997437
2014,36,9.36241610738255,75.8174528622422,63.7142939553271,96.0152058178029,88.0906312572452,0.000409164970957,0.001582056952984,0.0148236462188951,0.0409902731047361,0.10632411239859
2014,36,6.29326923076923,54.9446911091741,51.5248568532208,104.257845469313,161.979337337523,0.0002891473851626,0.0011341366920289,0.010383848414463,0.0330409640214833,0.116479187900484
2014,36,15.6556853381518,130.762143971416,115.239150808548,200.273051287116,250.069968594768,0.0003506573093318,0.0013568815506595,0.0124446015655102,0.0364278417255863,0.112687814747496
2014,37,9.36241610738255,68.6423486335347,63.4262808010969,101.043503936329,104.525450521657,0.000409164970957,0.001432336498064,0.0147566376272643,0.0431369259330552,0.126160700532655
2014,37,10.7884615384615,60.7129548921334,44.9025193539727,101.724183460624,156.871880754808,0.0004956812317073,0.0012532018732774,0.0090492430814002,0.0322380063649651,0.112806420714432
2014,37,20.150877645844,129.355303525668,108.32880015507,202.767687396953,261.397331276465,0.0004513409910423,0.0013422831677668,0.0116983572556804,0.0368815932852097,0.117792209148093
2014,38,6.24161073825503,89.2193779454853,68.8962916241494,115.997235447195,119.645484244915,0.0002727766473046,0.0018617103567964,0.0160292799218067,0.0495208891120587,0.144410361615995
2014,38,7.19230769230769,49.4762475484855,53.1709061781607,107.262654624829,164.897883956217,0.0003304541544715,0.0010212602272556,0.0107155781409831,0.0339932356778937,0.118577912006799
2014,38,13.4339184305627,138.695625493971,122.06719780231,223.259890072024,284.543368201132,0.0003008939940282,0.001439205030403,0.0131819579562139,0.0406089380820189,0.128222395290646
2014,39,7.02181208053691,77.9644892893261,59.9078615550889,108.006458847627,111.099378227421,0.0003068737282177,0.0016268584304743,0.0139380489101212,0.046109511587578,0.134095335786282
2014,39,14.3846153846154,50.7003704510787,47.9600685402769,107.031058466403,172.923887157626,0.0006609083089431,0.001046527867702,0.0096654335806924,0.033919839183811,0.124349403299165
2014,39,21.4064274651523,128.664859740405,107.867930095366,215.03751731403,284.023265385047,0.0004794628976763,0.0013351186291203,0.0116485881951984,0.0391133634577147,0.127988023886042
2014,40,7.02181208053691,86.9138639170807,70.4953695443965,99.6730750186351,101.895879439351,0.0003068737282177,0.0018136019812029,0.0164013183435589,0.0425518701064447,0.122986846431205
2014,40,9.88942307692308,43.6119933536718,49.9268590743248,118.810744100066,178.760980395014,0.0004543744623983,0.0009002136671701,0.0100618025570631,0.0376530083036429,0.128546851511795
2014,40,16.91123515746,130.525857270753,120.422228618721,218.483819118701,280.656859834365,0.0003787792159658,0.0013544296708183,0.0130043187950983,0.0397402143289245,0.126471036911589
2014,41,5.46140939597315,89.1931468875289,70.2396066414498,117.94206850091,130.163768574138,0.0002386795663916,0.0018611630022487,0.0163418130339362,0.0503511663305042,0.157105778021797
2014,41,6.29326923076923,51.4999319023752,46.6107346514231,111.186900547051,182.409163668382,0.0002891473851626,0.0010630319550149,0.0093935011694628,0.035236891421439,0.131170256644689
2014,41,11.7546786267424,140.693078789904,116.850341292873,229.128969047961,312.57293224252,0.0002632822447746,0.0014599320347427,0.0126185929866799,0.0416764700272125,0.140853221526592
2014,42,7.80201342281879,87.3087668035064,73.2465000815645,115.312020988348,118.330698703762,0.0003409708091308,0.0018218422851651,0.0170413911318341,0.0492283611987535,0.14282343456527
2014,42,8.09134615384615,54.4242345826978,52.8360505425861,115.80593494455,175.84243377632,0.0003717609237804,0.0011233937279433,0.0106480943987101,0.0367007366472325,0.12644812740548
2014,42,15.8933595766649,141.733001386204,126.082550624151,231.117955932898,294.173132480082,0.0003559807561931,0.0014707230155432,0.0136155733175053,0.0420382486038762,0.132561809172393
2014,43,10.1426174496644,105.687043062545,64.7803459021585,109.800152717258,123.589840868374,0.0004432620518701,0.0022053355131993,0.0150716718333965,0.0468752653133159,0.149171142768171
2014,43,6.29326923076923,48.346957398126,43.4048277470758,108.923601883688,178.031343740341,0.0002891473851626,0.0009979500699025,0.0087474120125253,0.0345196161951057,0.128022170485216
2014,43,16.4358866804336,154.034000460671,108.185173649234,218.723754600946,301.621184608715,0.0003681323222433,0.0015983669818464,0.0116828471219557,0.0397838564051569,0.135918088709746
2014,44,10.1426174496644,80.7561318058448,63.0480114885575,114.037326093324,117.015913162609,0.0004432620518701,0.0016851106835739,0.0146686302098317,0.0486841756041154,0.141236507514545
2014,44,4.49519230769231,51.742768032251,50.0893312188345,106.559911319576,175.112797121647,0.0002065338465447,0.0010680444386504,0.0100945457071308,0.0337705251839189,0.125923446378901
2014,44,14.6378097573567,132.498899838096,113.137342707392,220.5972374129,292.128710284256,0.0003278588495591,0.0013749033719751,0.0122176286643518,0.0401246258442345,0.131640541133038
2014,45,10.1426174496644,96.5994909481914,69.152054527096,104.580386553391,104.525450521657,0.0004432620518701,0.0020157086599438,0.0160887852314294,0.0446468720210518,0.126160700532655
2014,45,7.19230769230769,57.0314883416866,46.1034955247835,107.100638010228,176.572070430994,0.0003304541544715,0.0011772111595059,0.0092912768349845,0.0339418900442889,0.126972808432059
2014,45,17.3349251419721,153.630979289878,115.255550051879,211.681024563619,281.097520952651,0.0003882690585854,0.0015941849458644,0.01244637250922,0.0385028480345,0.126669609889955
2014,46,5.46140939597315,94.3867144872907,79.3827933713866,118.067955123893,115.701127621456,0.0002386795663916,0.0019695354075697,0.0184690494354399,0.0504049091414722,0.13964958046382
2014,46,6.29326923076923,55.2223115057747,49.6061178652168,112.469137729857,182.409163668382,0.0002891473851626,0.0011398671724791,0.0099971633072125,0.035643252711886,0.131170256644689
2014,46,11.7546786267424,149.609025993065,128.988911236603,230.53709285375,298.110291289838,0.0002632822447746,0.0015524502812259,0.0139294293254149,0.041932594906709,0.134335991914441
2014,47,7.02181208053691,86.720296317319,66.6889371441582,113.377364195577,128.191590262409,0.0003068737282177,0.0018095628720596,0.0155157210347849,0.0484024283725497,0.154725387445709
2014,47,8.99038461538461,47.6498420135106,41.2515392954963,101.83253019135,169.275703884258,0.0004130676930894,0.0009835606153381,0.008313457951527,0.0322723431615452,0.121725998166271
2014,47,16.0121966959215,134.37013833083,107.940476439655,215.209894386927,297.467294146667,0.0003586424796238,0.001394320681225,0.0116564224281251,0.0391447172753565,0.134046241236421
2014,48,7.80201342281879,104.958558346091,75.9546302836877,112.268884784793,117.015913162609,0.0003409708091308,0.0021901344708628,0.0176714595440985,0.0479292025601172,0.141236507514545
2014,48,5.39423076923077,53.8295652647636,50.4100724279425,122.364234776211,197.001896761852,0.0002478406158536,0.0011111189061274,0.0101591849569813,0.0387791658321497,0.141663877176264
2014,48,13.1962441920496,158.788123610855,126.36470271163,234.633119561004,314.017809924461,0.0002955705471669,0.0016476991646642,0.0136460427394415,0.0426776248128131,0.141504319735106
2014,49,10.1426174496644,95.5304022048919,88.1262106212615,136.064822838314,132.135946885868,0.0004432620518701,0.0019934003494448,0.0205032762315056,0.058088030959112,0.159486168597885
2014,49,9.88942307692308,47.4873474613206,48.9505210205342,114.67081167937,197.001896761852,0.0004543744623983,0.0009802064963109,0.009865040315089,0.036340998089468,0.141663877176264
2014,49,20.0320405265875,143.017749666212,137.076731641796,250.735634517684,329.13784364772,0.0004486792676116,0.0014840544827817,0.0148028278342536,0.045606525443507,0.1483177870569
2014,50,7.80201342281879,101.133662574799,82.8109564590854,128.3209194455,122.932448097797,0.0003409708091308,0.0021103216741917,0.0192666393267813,0.0547820471593115,0.148377679242809
2014,50,9.88942307692308,55.0709168664197,59.1856983787701,122.526251390811,185.327710287076,0.0004543744623983,0.0011367421714644,0.0119277443510425,0.0388305114657546,0.133268980751004
2014,50,17.6914364997419,156.204579441219,141.996654837855,250.847170836311,308.260158384873,0.0003962542288773,0.0016208904621405,0.0153341271668007,0.045626812882758,0.138909777200792
2014,51,8.58221476510067,93.353461232517,78.2952412570328,115.327097288505,110.441985456845,0.0003750678900439,0.0019479748639983,0.0182160216329331,0.0492347974882512,0.133301872260919
2014,51,8.09134615384615,49.1324498801482,45.3857327075903,120.958748165704,217.431723092711,0.0003717609237804,0.0010141637536487,0.0091466254813184,0.0383337448442003,0.156354945920469
2014,51,16.6735609189468,142.485911112665,123.680973964623,236.285845454209,327.873708549556,0.0003734557691046,0.0014785357454826,0.0133562286030818,0.0429782405814676,0.147748136000605
2014,52,8.58221476510067,94.9157006607481,80.038325754395,123.040848081006,135.42291073875,0.0003750678900439,0.0019805735817916,0.0186215643505006,0.0525279087090562,0.163453486224698
2014,52,4.49519230769231,51.8674139246023,52.1423134984149,127.763546852765,197.731533416526,0.0002065338465447,0.0010706173074239,0.0105082849796041,0.0404902934241225,0.142188558202843
2014,52,13.077407072793,146.78311458535,132.18063925281,250.804394933771,333.154444155276,0.0002929088237362,0.0015231266028548,0.0142741019751913,0.0456190323361624,0.150127768225185
1,1,10.4881355932203,102.826142230585,100.673654597755,133.0894254384,131.92264214004,0.0004491095001582,0.0021108982190204,0.0220850084676288,0.0556164047098554,0.154762216987692
1,1,6.28813559322034,46.3065761536371,56.7295783139945,135.703146496706,211.972563442442,0.0002831760303178,0.0009411520265439,0.010821596016893,0.0423330673066528,0.148135674025024
1,1,16.7762711864406,149.132718384222,157.40323291175,268.792571935106,343.895205582482,0.0003682323400115,0.0015230982933636,0.0160603787396966,0.0480107196560416,0.150609491409682
1,2,11.2949152542373,106.772469446122,85.4394535940899,147.109140820191,180.38402088536,0.0004836563847858,0.0021919116161025,0.0187430471619844,0.0614750682514722,0.211613643636232
1,2,5.38983050847458,50.3882362448848,59.9914565732127,144.270564941173,228.959911732255,0.000242722311701,0.0010241091999224,0.0114438239591169,0.0450057032109552,0.160007174033998
1,2,16.6847457627119,157.160705691007,145.430910167303,291.379705761364,409.343932617615,0.0003662233941275,0.001605088442129,0.0148388025743741,0.0520451486663335,0.179272872963596
1,3,8.06779661016949,99.3312644226944,100.234486835197,149.232344733627,154.134107398312,0.0003454688462755,0.002039152540535,0.0219886672372091,0.0623623285859597,0.180819120868273
1,3,7.1864406779661,53.3805294130612,53.2537702740843,131.265026460927,231.914233173961,0.0003236297489346,0.0010849256759645,0.0101585593513993,0.040948580365562,0.162071782731211
1,3,15.2542372881356,152.711793835756,153.488257109281,280.497371194554,386.048340572273,0.0003348243140133,0.0015596515311179,0.0156609206537268,0.0501013869383625,0.169070528723019
1,4,11.2949152542373,112.104145778627,95.7787346228079,143.995798126832,156.826406217496,0.0004836563847858,0.0023013645804026,0.0210111987452441,0.060174041316658,0.183977533459859
1,4,4.49152542372881,66.8643480049665,60.9684166321566,153.479681987695,262.196027951453,0.0002022685930841,0.0013589758055016,0.0116301864775198,0.0478785192202341,0.183234021877643
1,4,15.7864406779661,178.968493783593,156.747151254965,297.475480114527,419.022434168949,0.0003465059623022,0.00182781223598,0.0159934365321116,0.0531339529865171,0.183511589213755
1,5,11.2949152542373,101.690171738306,91.0281873437397,157.968078302337,177.01864736138,0.0004836563847858,0.0020875780979209,0.0199690603893526,0.0660128822794214,0.20766562789675
1,5,5.38983050847458,66.0661729592324,65.7260452138346,140.007726971272,254.810224347186,0.000242722311701,0.0013427533998688,0.0125377401036789,0.0436758961183718,0.178072500134611
1,5,16.6847457627119,167.756344697538,156.754232557574,297.975805273609,431.828871708566,0.0003662233941275,0.0017133021182612,0.0159941590611205,0.053223319187289,0.189120190361144
1,6,5.64745762711864,116.751603405745,89.2976404956961,143.630800519653,175.672497951787,0.0002418281923929,0.0023967713496856,0.0195894263932949,0.0600215133861168,0.206086421600957
1,6,4.49152542372881,65.4144130244723,64.6118100305007,142.705054022218,240.777197499081,0.0002022685930841,0.0013295067892495,0.0123251913173102,0.0445173366489974,0.168265608822849
1,6,10.1389830508475,182.166016430217,153.909450526197,286.335854541871,416.449695450868,0.0002225465607142,0.001860468659995,0.0157038964279418,0.0511442349054267,0.182384853907271
1,7,13.7152542372881,91.1875350474398,86.0851431368328,155.320345512264,177.691722066176,0.0005872970386685,0.0018719714768337,0.0188846935448034,0.0649064278940994,0.208455231044647
1,7,8.98305084745763,44.5561775877396,63.1463699420847,149.674239798518,249.6401618242,0.0004045371861683,0.0009055762769551,0.0120456475397058,0.046691398328163,0.174459434914488
1,7,22.6983050847457,135.743712635179,149.231513078917,304.994585310782,427.331883890376,0.0004982185792518,0.0013863558532931,0.0152265908114426,0.0544769873160849,0.187150726881635
1,8,8.87457627118644,95.4421870538619,100.557331606569,161.511079459761,169.614825608622,0.0003800157309031,0.0019593144146127,0.0220594904286186,0.0674934581073631,0.19897999326989
1,8,8.08474576271187,46.8211926854893,64.9731183469307,137.853933274747,225.267009930121,0.0003640834675515,0.0009516112837828,0.0123941136106562,0.0430040127031862,0.157426413162482
1,8,16.9593220338983,142.263379739351,165.5304499535,299.365012734508,394.881835538743,0.0003722502317797,0.0014529414687587,0.0168896258992096,0.0534714542063081,0.172939172899133
1,9,11.2949152542373,93.7724694461217,87.4647955088124,143.872218296595,167.595601494234,0.0004836563847858,0.0019250371010037,0.0191873510219686,0.0601223988527295,0.196611183826201
1,9,3.59322033898305,50.9737497520443,60.8412449191147,141.540516141017,223.051268848841,0.0001618148744673,0.0010360093935796,0.0116059275116643,0.0441540550171508,0.155877956639572
1,9,14.8881355932203,144.746219198166,148.306040427927,285.412734437612,390.646870343075,0.000326788530477,0.0014782988053873,0.0151321617389694,0.0509793506594992,0.17108446267374
1,10,7.26101694915254,102.474691418702,86.4420872878176,133.207263385104,134.614940959224,0.000310921961648,0.0021036833524817,0.0189629971946358,0.0556656477125395,0.157920629579278
1,10,5.38983050847458,65.4883662838965,73.4204847492111,158.413933390378,256.28738506804,0.000242722311701,0.0013310098427196,0.0140055126255789,0.0494177760623205,0.179104804483217
1,10,12.6508474576271,167.963057702598,159.862572037029,291.621196775482,390.902326027264,0.0002776809644217,0.0017154132862774,0.0163113133429489,0.0520882828842727,0.171196339926022
1,11,5.64745762711864,97.2503606551238,92.7988832463175,129.573012825886,146.730285645554,0.0002418281923929,0.0019964340648475,0.0203575019747731,0.0541469399019625,0.172133486241413
1,11,5.38983050847458,65.1216562708926,62.9223367500446,132.42355050516,217.142625965428,0.000242722311701,0.0013235566924209,0.0120029115143257,0.0413099859601041,0.151748739245146
1,11,11.0372881355932,162.372016926016,155.721219996362,261.996563331046,363.872911610982,0.0002422639925394,0.0016583117678634,0.0158887573316323,0.0467968421239335,0.159358761814275
1,12,8.06779661016949,72.4160476317526,84.8077889036933,113.285667039044,114.42269981534,0.0003454688462755,0.0014866151997764,0.018604477442907,0.0473406620031251,0.134232535142386
1,12,4.49152542372881,56.8643480049665,59.5231833664366,125.567210214798,190.55373299007,0.0002022685930841,0.0011557320970008,0.011354497304136,0.0391711268217403,0.133167260970231
1,12,12.5593220338983,129.280395636719,144.33097227013,238.852877253842,304.97643280541,0.0002756720185376,0.001320345743664,0.0147265722288345,0.0426630038409011,0.133564948539956
1,13,12.9084745762712,102.076612416272,86.5724351313503,131.154462212086,135.28801566402,0.0005527501540409,0.0020955112647322,0.0189915918973876,0.0548078078018827,0.158710232727174
1,13,6.28813559322034,56.884382828973,54.4547635250683,130.01435100603,219.358367046708,0.0002831760303178,0.0011561392921938,0.0103876578951824,0.0405584278187879,0.153297195768056
1,13,19.1966101694915,158.960995245245,141.027198656419,261.168813218116,354.646382710728,0.000421357797835,0.0016234748698514,0.0143894771480989,0.0466489925076624,0.155317987756986
1,14,9.68135593220339,81.3037310603401,85.7622983654613,127.349196616344,129.903418025651,0.0004145626155307,0.0016690687540346,0.0188138703533939,0.0532176349485238,0.152393407544003
1,14,8.98305084745763,59.1617259189056,57.8438134973284,123.594712421119,199.416697315189,0.0004045371861683,0.0012024248577065,0.0110341448032617,0.0385557992923667,0.139361087061869
1,14,18.664406779661,140.465456979246,143.60611186279,250.943909037463,329.32011534084,0.0004096761495461,0.0014345792131974,0.0146526122951029,0.0448226585260606,0.144226305797001
1,15,7.26101694915254,83.3923937108861,71.7774018902429,117.26194767131,137.307239778409,0.000310921961648,0.0017119465103476,0.0157459718221629,0.0490022998992659,0.161079042170863
1,15,7.1864406779661,43.9860777442272,45.4220556143178,104.635951892139,192.76947407135,0.0003236297489346,0.000893989356314,0.0086646005615335,0.0326415481770213,0.13471571749314
1,15,14.4474576271186,127.378471455113,117.199457504561,221.897899563449,330.076713849759,0.0003171158280722,0.001300921317512,0.0119582529582829,0.0396345694060968,0.144557659403506
1,16,8.06779661016949,65.3362354251799,66.7862334513763,105.31013824038,122.499596272894,0.0003454688462755,0.0013412750882672,0.0146510478554493,0.0440077883658661,0.143707772917143
1,16,3.59322033898305,46.9460080962142,54.1136620313342,107.042144472784,174.304965060684,0.0001618148744673,0.0009541480784782,0.010322590206057,0.0333921682996852,0.12181191313556
1,16,11.6610169491525,112.282243521394,120.899895482711,212.352282713164,296.804561333578,0.0002559545867124,0.0011467429504092,0.0123358210319016,0.037929567176148,0.129986063500971
1,17,9.68135593220339,92.051866934408,89.7989573425599,119.679746451508,117.788073339321,0.0004145626155307,0.0018897151809275,0.0196994014096206,0.0500126677404638,0.138180550881868
1,17,8.08474576271187,51.3543526334737,42.4911754374859,108.640377140952,182.429349025377,0.0003640834675515,0.0010437449076884,0.0081055130063247,0.0338907425248219,0.127489587052895
1,17,17.7661016949153,143.406219567882,132.290132780046,228.32012359246,300.217422364698,0.0003899587177209,0.0014646133366846,0.0134980050706042,0.0407816829412862,0.131480731806329
1,18,7.26101694915254,85.8088532524492,70.7406688169019,108.997565889418,125.191895092078,0.000310921961648,0.0017615535463792,0.0155185413310886,0.0455487182165409,0.146866185508728
1,18,10.7796610169492,37.7595674182481,56.2815119299143,106.952999980604,163.226259654285,0.000485444623402,0.000767439451347,0.0107361239661327,0.0333643593661053,0.114069630521011
1,18,18.0406779661017,123.568420670697,127.022180746816,215.950565870022,288.418154746363,0.0003959855553731,0.0012620091196372,0.0129604982909076,0.0385722789990353,0.126313222442556
1,19,12.9084745762712,83.9120170006413,77.4964834834254,121.16420455238,124.518820387282,0.0005527501540409,0.0017226137575389,0.0170005797522828,0.0506330041965044,0.146076582360832
1,19,7.1864406779661,51.7749810818952,53.1367019723902,117.962339673412,197.939536594336,0.0003236297489346,0.0010522939162642,0.0101362276876541,0.0367987610749027,0.138328782713263
1,19,20.0949152542373,135.686998082536,130.633185455816,239.126544225792,322.458356981618,0.0004410752296602,0.0013857766253458,0.0133289411887093,0.0427118852075804,0.141221187028602
1,20,9.68135593220339,94.9695692265925,72.7038616473183,103.107168692215,126.538044501671,0.0004145626155307,0.0019496121335759,0.0159492114051668,0.043087194971232,0.148445391804521
1,20,8.08474576271187,36.5377076399756,39.9721206338237,101.498916217259,183.90650974623,0.0003640834675515,0.0007426059200866,0.0076249842550133,0.0316629390158011,0.128521891401502
1,20,17.7661016949153,131.507276866568,112.675982281142,204.606084909474,310.444554247901,0.0003899587177209,0.0013430889688762,0.0114967076395253,0.0365459704179646,0.1359597216454
1,21,9.68135593220339,94.9695692265925,84.045776369764,120.092179264973,127.211119206467,0.0004145626155307,0.0019496121335759,0.0184373130210778,0.0501850182498584,0.149234994952417
1,21,6.28813559322034,46.0399961796449,53.5182171115162,104.371525334081,175.782125781537,0.0002831760303178,0.0009357339562912,0.0102090045852206,0.032559059394934,0.122844217484166
1,21,15.9694915254237,141.009565406237,137.56399348128,224.463704599054,302.993244988004,0.0003505238540704,0.0014401362138713,0.0140361147314757,0.0400928638647928,0.132696408055236
1,22,10.4881355932203,79.8335987343135,68.3242833715812,109.565908961564,117.788073339321,0.0004491095001582,0.0016388886885238,0.0149884533628492,0.0457862216711571,0.138180550881868
1,22,8.08474576271187,47.5099659841455,47.335562086814,102.627725430764,165.442000735565,0.0003640834675515,0.0009656101677363,0.0090296163898982,0.0320150749658165,0.115618087043921
1,22,18.5728813559322,127.343564718459,115.659845458395,212.193634392328,283.230074074886,0.000407667203662,0.0013005648136435,0.0118011611875727,0.0379012300089387,0.124041093670071
1,23,7.26101694915254,83.3948792121289,68.4205318355006,105.616216874208,102.30735512901,0.000310921961648,0.0017119975347275,0.0150095676071781,0.0441356947950652,0.120019678480251
1,23,4.49152542372881,46.2865413296305,47.706973814592,98.5044408590439,161.010518573005,0.0002022685930841,0.0009407448313508,0.0091004659853544,0.0307288020399094,0.112521173998102
1,23,11.7525423728814,129.681420541759,116.127505650093,204.120657733252,263.317873702015,0.0002579635325965,0.0013244414267246,0.0118488781223599,0.0364592652389366,0.115320511579006
1,24,10.4881355932203,80.4994369005659,66.2026929929394,105.31013824038,122.499596272894,0.0004491095001582,0.0016525575529664,0.0145230352585363,0.0440077883658661,0.143707772917143
1,24,8.08474576271187,46.2711276659834,48.3226255571059,88.5140718122863,141.807429201912,0.0003640834675515,0.0009404315583347,0.0092179062104114,0.0276122717589778,0.0991012174662181
1,24,18.5728813559322,126.770564566549,114.525318550045,193.824210052666,264.307025474806,0.000407667203662,0.0012947127406515,0.0116854016094407,0.0346201524260831,0.115753712283781
1,25,7.26101694915254,86.975934169323,69.1685195170836,106.768007796343,121.826521568098,0.000310921961648,0.0017855123274385,0.0151736553652658,0.0446170138018578,0.142918169769246
1,25,8.08474576271187,40.1155143153115,47.8139387049381,102.71386300446,160.271938212578,0.0003640834675515,0.000815322589786,0.0091208703469893,0.0320419458807441,0.112005021823799
1,25,15.3457627118644,127.091448484634,116.982458222022,209.481870800803,282.098459780676,0.0003368332598974,0.0012979899406738,0.0119361117951101,0.0374168649811819,0.123545501261232
1,26,8.06779661016949,77.8374781758012,65.7154009984219,100.379670267413,104.999653948195,0.0003454688462755,0.0015979107111291,0.0144161369059521,0.0419474075257634,0.123178091071837
1,26,8.98305084745763,48.1894675747357,49.7577554114781,111.777412815832,191.292313350496,0.0004045371861683,0.0009794206100567,0.0094916680816849,0.0348693516860421,0.133683413144534
1,26,17.0508474576271,126.026945750537,115.4731564099,212.157083083245,296.291967298691,0.0003742591776638,0.0012871181325612,0.0117821126790388,0.0378947013513913,0.129761572069742
1,27,5.64745762711864,80.00595303292,77.4483592514658,114.148604977951,113.749625110544,0.0002418281923929,0.001642426916975,0.0169900226301184,0.0477012729644517,0.13344293199449
1,27,4.49152542372881,45.2865413296305,47.706973814592,104.255672929658,177.259286502391,0.0002022685930841,0.0009204204605008,0.0091004659853544,0.0325229188354798,0.123876521832773
1,27,10.1389830508475,125.292494362551,125.155333066058,218.404277907609,291.008911612935,0.0002225465607142,0.0012796171517722,0.0127700175730236,0.0390105518274291,0.127447848827881
1,28,4.84067796610169,87.8975159029952,63.6419348517398,102.48564853025,119.134222748913,0.0002072813077653,0.0018044313026922,0.0139612759238036,0.042827469476518,0.139759757177661
1,28,5.38983050847458,37.8381712253789,41.5344222012378,102.978289562518,177.259286502391,0.000242722311701,0.0007690370242733,0.0079230050921423,0.0321244346628314,0.123876521832773
1,28,10.2305084745763,125.735687128374,105.176357052978,205.463938092768,296.393509251304,0.0002245555065982,0.0012841434968464,0.0107314957735299,0.0366991969316017,0.129806042540954
1,29,5.64745762711864,81.7565744082307,68.0014386002098,107.421858386751,123.17267097769,0.0002418281923929,0.0016783650885641,0.0149176301714397,0.044890249777865,0.144497376065039
1,29,8.08474576271187,38.5099659841455,46.974253770384,98.3291587931669,155.101875689592,0.0003640834675515,0.0007826908300856,0.0089606940965522,0.030674122191402,0.108391956603676
1,29,13.7322033898305,120.266540392376,114.975692370594,205.751017179918,278.274546667282,0.0003014162880151,0.0012282868870427,0.0117313547579158,0.0367504739199241,0.121870811995856
1,30,14.5220338983051,100.298457678607,63.7241584633128,100.282678982085,123.17267097769,0.000621843923296,0.0020590078660102,0.0139793135043909,0.0419068760818838,0.144497376065039
1,30,13.4745762711864,51.2480071705127,50.871990594812,96.0091037862178,168.396322177271,0.0006068057792525,0.0010415835030609,0.0097042168680536,0.0299503729836657,0.117682695741134
1,30,27.9966101694915,151.54646484912,114.596149058125,196.291782768303,291.568993154961,0.0006145142243192,0.0015477499805395,0.0116926286832755,0.0350609009967316,0.127693137493798
1,31,12.9084745762712,86.5803406681364,64.321723774096,96.2474793764667,98.9419816050297,0.0005527501540409,0.0017773912640689,0.0141104027650454,0.0402206166844009,0.116071662740769
1,31,8.08474576271187,43.1155143153115,48.1752470213681,103.613974327604,161.010518573005,0.0003640834675515,0.0008762957023362,0.0091897926403353,0.0323227387305033,0.112521173998102
1,31,20.9932203389831,129.695854983448,112.496970795464,199.861453704071,259.952500178035,0.0004607926614855,0.0013245888462429,0.0114784424984252,0.0356985022121508,0.113846640508336
1,32,6.45423728813559,98.0296069537865,77.921626393637,111.671887224401,131.92264214004,0.0002763750770204,0.0020124310631627,0.0170938443189611,0.0466662836219117,0.154762216987692
1,32,8.08474576271187,58.3712577049951,62.1129620495344,112.968658609276,196.462375873483,0.0003640834675515,0.0011863590885818,0.0118485171702194,0.035240964943763,0.137296478364656
1,32,14.5389830508475,156.400864658782,140.034588443171,224.640545833677,328.385018013523,0.0003191247739562,0.0015973281559091,0.0142881978054149,0.040124450581933,0.14381677832875
1,33,7.26101694915254,86.5594746277599,71.4204577392581,103.413247326042,106.345803357787,0.000310921961648,0.0017769629091145,0.0156676681723305,0.043215101400431,0.124757297367629
1,33,2.69491525423729,48.477603167956,50.8416803607681,103.236702283607,161.749098933431,0.0001213611558505,0.0009852767847084,0.0096984349617228,0.0322050474076141,0.113037326172405
1,33,9.95593220338983,135.037077795716,122.262138100026,206.649949609649,268.094902291218,0.000218528668946,0.0013791389640036,0.0124748152060664,0.0369110378542726,0.117412619391474
1,34,8.87457627118644,77.6142389732212,73.2332281988748,118.162957922193,117.114998634525,0.0003800157309031,0.0015933278762107,0.0160653397489755,0.0493788208031301,0.137390947733972
1,34,3.59322033898305,56.5792980832103,51.2029886771982,115.377858108405,194.246634792203,0.0001618148744673,0.0011499386366802,0.0097673572550687,0.0359925230850792,0.135748021841747
1,34,12.4677966101695,134.193537056431,124.436216876073,233.540816030598,311.361633426728,0.0002736630726535,0.0013705238493976,0.0126966437410167,0.0417141834164793,0.13636135803481
1,35,7.26101694915254,94.0607173783813,58.197573797969,91.4233655831373,111.05732629136,0.000310921961648,0.0019309544877076,0.0127669340629287,0.0382046799244937,0.130284519402904
1,35,3.59322033898305,47.7626530897122,50.129167139256,104.778512208805,178.736447223244,0.0001618148744673,0.0009707458741789,0.0095625176771411,0.0326860203623499,0.124908826181379
1,35,10.8542372881356,141.823370468094,108.326740937225,196.201877791942,289.793773514604,0.0002382461007712,0.0014484476368392,0.0110529399867172,0.0350448425075231,0.126915677026671
1,36,10.4881355932203,78.2500582758766,71.338234127685,110.84702159747,113.076550405748,0.0004491095001582,0.0016063804891404,0.0156496305917432,0.0463215826031226,0.132653328846593
1,36,11.6779661016949,41.1555839633246,49.9615817808223,113.7171888603,162.487679293858,0.0005258983420188,0.0008364613510221,0.0095305495028445,0.0354744715522369,0.113553478346708
1,36,22.1661016949152,119.405642239201,121.299815908507,224.56421045777,275.564229699606,0.0004865369309629,0.0012194945004888,0.0123766262516244,0.0401108158437923,0.120683824060479
1,37,5.64745762711864,89.0907362419783,70.5280973617961,106.38790541132,106.345803357787,0.0002418281923929,0.0018289266949516,0.0154719090477495,0.0444581737737565,0.124757297367629
1,37,10.7796610169492,49.6594373792364,38.5167839567557,101.614768621682,182.429349025377,0.000485444623402,0.0010092968215018,0.0073473677795192,0.0316990795752553,0.127489587052895
1,37,16.4271186440678,138.750173621215,109.044881318552,208.002674033002,288.775152383164,0.0003605685834908,0.0014170609570859,0.0111262142537003,0.0371526564101498,0.126469570166049
1,38,10.4881355932203,87.3323559836921,77.0914151004809,114.357692326451,111.730400996156,0.0004491095001582,0.001792829242737,0.016911718980286,0.0477886479497711,0.131074122550801
1,38,4.49152542372881,50.0477030114684,49.777962234174,104.867656700986,189.815152629643,0.0002022685930841,0.0010171880761996,0.0094955226859055,0.0327138292959297,0.132651108795927
1,38,14.9796610169491,137.38005899516,126.869377334655,219.225349027437,301.545553625799,0.0003287974763611,0.0014030679227521,0.0129449072472764,0.0391572084670376,0.132062389155756
1,39,11.2949152542373,86.944521365481,63.7863075476188,105.878481312526,115.095774520137,0.0004836563847858,0.0017848674599929,0.0139929472902968,0.0442452918204824,0.135022138290282
1,39,8.08474576271187,52.8766759971494,51.3301603902401,99.3451225207334,154.363295329165,0.0003640834675515,0.0010746851722855,0.0097916162209242,0.0309910556006155,0.107875804429373
1,39,19.3796610169492,139.82119736263,115.116467937859,205.223603833259,269.459069849302,0.0004253756896032,0.0014279993645017,0.0117457185602707,0.0366562693288263,0.118010058898584
1,40,10.4881355932203,82.0804918577601,81.1280740775796,120.092179264973,127.211119206467,0.0004491095001582,0.0016850147279699,0.0177972500365127,0.0501850182498584,0.149234994952417
1,40,7.1864406779661,48.5638844195632,50.373407153992,97.3429098963272,159.533357852152,0.0003236297489346,0.0009870303968635,0.0096091083067419,0.0303664584267152,0.111488869649495
1,40,17.6745762711864,130.644376277323,131.501481231572,217.4350891613,286.744477058619,0.0003879497718368,0.0013342761313643,0.0134175363132106,0.0388374389736853,0.125580232446642
1,41,12.9084745762712,84.4955574590782,72.0521224296547,109.121145719656,114.42269981534,0.0005527501540409,0.0017345931480686,0.0158062378914079,0.0456003606804694,0.134232535142386
1,41,5.38983050847458,45.5715912513867,53.1367019723902,114.041045079812,186.860831187937,0.000242722311701,0.0009262139208213,0.0101362276876541,0.0355754996233775,0.130586500098714
1,41,18.2983050847458,130.067148710465,125.188824402045,223.162190799468,301.283531003277,0.0004016403660098,0.0013283808836179,0.012773434806142,0.0398603923581937,0.131947635901639
1,42,10.4881355932203,83.5817346083814,84.5129938370145,128.571390278898,123.845745682486,0.0004491095001582,0.0017158334534405,0.0185398075789805,0.0537283743791472,0.145286979212936
1,42,8.08474576271187,61.4544826724854,61.3398283599346,113.28048715485,155.840456050018,0.0003640834675515,0.0012490236962353,0.0117010360729761,0.0353382409402945,0.108908108777979
1,42,18.5728813559322,145.036217280867,145.852822196949,241.851877433748,279.686201732504,0.000407667203662,0.0014812605671632,0.0148818516710515,0.0431986739892587,0.122489048737654
1,43,5.64745762711864,85.3376293654248,78.065999089516,111.468541759435,120.480372158506,0.0002418281923929,0.0017518798812751,0.0171255156854543,0.0465813080978366,0.141338963473454
1,43,8.08474576271187,50.0600310036514,53.1468053837382,105.096354591348,170.612063258551,0.0003640834675515,0.0010174386348846,0.0101381549897643,0.0327851723961859,0.119231152264044
1,43,13.7322033898305,135.397660369076,131.212804473254,216.564896350783,291.092435417057,0.0003014162880151,0.0013828216079469,0.0133880816572537,0.0386820084021793,0.127484428220252
1,44,9.68135593220339,82.8897570200198,67.644494449225,105.015543373619,115.768849224933,0.0004145626155307,0.0017016279777979,0.0148393265216073,0.0438846808591557,0.135811741438179
1,44,8.08474576271187,67.3989993608252,58.3626037608443,104.371525334081,175.782125781537,0.0003640834675515,0.0013698422579336,0.0111331079687941,0.032559059394934,0.122844217484166
1,44,17.7661016949153,150.288756380845,126.007098210069,209.3870687077,291.55097500647,0.0003899587177209,0.0015349049546972,0.0128569260218339,0.0373999317873737,0.127685246414956
1,45,5.64745762711864,87.9211698238617,78.6976637799126,109.657158363359,113.076550405748,0.0002418281923929,0.0018049168895123,0.0172640854045318,0.0458243536537924,0.132653328846593
1,45,8.08474576271187,47.4822243283154,47.1115288947739,110.47332153645,203.848179477749,0.0003640834675515,0.0009650463360352,0.008986880364518,0.0344625358875193,0.142458000107688
1,45,13.7322033898305,135.403394152177,125.809192674686,220.130479899809,316.924729883497,0.0003014162880151,0.0013828801672983,0.0128367330575972,0.0393188795439302,0.138797725609629
1,46,7.26101694915254,88.8911509602647,80.1394652361982,125.708828256792,139.999538597593,0.000310921961648,0.0018248294468533,0.0175803766676029,0.0525321455472615,0.164237454762449
1,46,4.49152542372881,46.9198313166266,47.3254586754661,119.153585466856,203.109599117323,0.0002022685930841,0.0009536160519022,0.0090276890877879,0.0371703743326236,0.141941847933385
1,46,11.7525423728814,135.810982276891,127.464923911664,244.862413723648,343.109137714916,0.0002579635325965,0.0013870428807784,0.013005672858039,0.0437364046742555,0.15026523164733
1,47,6.45423728813559,85.6131474122234,84.6293168282009,119.765253969769,126.538044501671,0.0002763750770204,0.0017575359385936,0.0185653256179908,0.0500484002618548,0.148445391804521
1,47,6.28813559322034,55.278834497807,48.556762160494,108.322534758409,190.55373299007,0.0002831760303178,0.0011235075324935,0.0092625695379018,0.0337915904909859,0.133167260970231
1,47,12.7423728813559,140.89198191003,133.186078988695,228.087788728178,317.091777491741,0.0002796899103058,0.0014389353290196,0.0135894214613296,0.0407401841604417,0.13887088439437
1,48,8.87457627118644,103.028213013542,80.4141857756099,124.106532209215,130.576492730447,0.0003800157309031,0.0021150464914986,0.0176406427368479,0.0518625660885367,0.153183010691899
1,48,7.1864406779661,52.4082710688913,52.0325702004043,115.374851189921,177.997866862817,0.0003236297489346,0.0010651651368155,0.0099256062033956,0.0359915850664269,0.124392674007076
1,48,16.0610169491525,155.436484082433,132.446755976014,239.481383399136,308.574359593264,0.0003525327999545,0.0015874788993147,0.0135139858595635,0.0427752652480024,0.135140666708897
1,49,5.64745762711864,92.0034675316773,75.5393403279298,104.329362354769,120.480372158506,0.0002418281923929,0.0018887215988402,0.0165712368091446,0.0435979344018554,0.141338963473454
1,49,7.1864406779661,64.5361427637331,51.233298911242,97.9548936676546,172.089223979404,0.0003236297489346,0.0013116564987637,0.0097731391613996,0.030557368887165,0.12026345661265
1,49,12.8338983050847,156.53961029541,126.772639239172,202.284256022424,292.56959613791,0.0002816988561899,0.0015987451705297,0.0129350367355767,0.0361312540625871,0.128131353275578
1,50,5.64745762711864,91.2553316576093,81.2243225414989,134.777229004238,150.095659169535,0.0002418281923929,0.0018733632604848,0.0178183642808415,0.056321716689971,0.176081501980895
1,50,9.88135593220339,64.2079375224997,62.8153718596985,128.214128359743,217.881206325855,0.0004449909047851,0.0013049859337259,0.0119825071526907,0.0399968421192694,0.15226489141945
1,50,15.528813559322,155.463269180109,144.039694401197,262.991357363981,367.97686549539,0.0003408511516656,0.0015877524565662,0.0146968521728546,0.046974528497805,0.16115609541261
1,51,12.9084745762712,95.6601528747092,80.7230056946351,126.689604142403,142.018762711981,0.0005527501540409,0.0019637889932856,0.0177083892645159,0.0529419995112723,0.166606264206138
1,51,8.08474576271187,41.0600310036514,57.4825051808984,125.831636772856,207.541081279882,0.0003640834675515,0.0008345192972339,0.0109652225099158,0.0392536156038276,0.145038760979205
1,51,20.9932203389831,136.720183878361,138.205510875533,252.521240915259,349.559843991863,0.0004607926614855,0.0013963285923414,0.0141015708986028,0.0451043956218598,0.153090329455713
1,52,14.5220338983051,111.044108051433,84.0798757493774,121.989070179311,143.364912121574,0.000621843923296,0.0022796032685232,0.0184447934795007,0.0509777052152935,0.168185470501931
1,52,10.7796610169492,63.94292242475,63.5177816698627,132.479973248129,208.279661640309,0.000485444623402,0.0012995996685984,0.0121164971351621,0.041327587230505,0.145554913153508
1,52,25.3016949152543,174.987030476183,147.59765741924,254.46904342744,351.644573761883,0.0005553619288435,0.0017871493952948,0.0150598830493782,0.045452304790943,0.154003340411645
1,53,9.68135593220339,105.134164642224,92.7166596347444,141.583741230168,162.884078560661,0.0004145626155307,0.0021582791699391,0.0203394643941857,0.0591660729367043,0.191083961790926
1,53,12.5762711864407,61.3574089175905,62.6679933239607,136.517120246153,217.881206325855,0.0005663520606356,0.001247050733241,0.0119543935826147,0.0425869892414845,0.15226489141945
1,53,22.2576271186441,166.491573559814,155.384652958705,278.100861476321,380.765284886516,0.000488545876847,0.0017003849610992,0.0158544162701682,0.0496733313734087,0.166756805481158
2,1,13.479797979798,104.433879150247,101.872458263328,142.611936152443,149.601928454185,0.0005656235630596,0.0021100753511597,0.0209959430335092,0.0586324278525554,0.170930204976881
2,1,9.74358974358974,65.6655798065833,64.8199971164937,132.439236498491,227.331596834842,0.0004302031543041,0.0013149986562746,0.0116434876094355,0.0407629875205161,0.155729458075154
2,1,23.2233877233877,170.09945895683,166.692455379822,275.051172650934,376.933525289027,0.0004996365933125,0.0017107662270658,0.0159987890047517,0.0484133200878663,0.161427097727722
2,2,12.6868686868687,117.797996783983,99.8194646775521,151.072093715598,151.623576135998,0.0005323515887619,0.0023800959176502,0.0205728204632883,0.0621106751250187,0.173240072611703
2,2,11.5151515151515,54.8568208031876,63.3738610149942,133.365532636414,222.888634030253,0.0005084219096321,0.0010985457808515,0.0113837210477508,0.0410480888160894,0.15268588560463
2,2,24.2020202020202,172.654817587171,163.193325692546,284.437626352012,374.512210166251,0.0005206912561185,0.0017364666100631,0.0156629499444929,0.0500654831495266,0.160390135380968
2,3,11.1010101010101,93.9662544729809,88.6251525839679,128.531070721154,134.776512120887,0.0004658076401667,0.0018985781148566,0.0182656695117653,0.0528433238772817,0.153991175654847
2,3,9.74358974358974,56.0358220211161,62.8289215686275,132.800563632589,226.591103034077,0.0004302031543041,0.0011221560957514,0.0112858346550646,0.0408741990756978,0.155222195996734
2,3,20.8445998445998,150.002076494097,151.454074152595,261.331634353743,361.367615154964,0.0004484584669286,0.0015086378759204,0.0145362414319005,0.0459984661803623,0.154760777202092
2,4,6.34343434343434,86.8118347148616,86.4434298642493,129.451607502061,150.949693575394,0.0002661757943809,0.001754023829348,0.0178160158299064,0.0532217866332636,0.172470116733429
2,4,2.65734265734266,53.4179168582283,51.4997404844291,136.657107739914,251.767892260086,0.000117328132992,0.0010697307340689,0.0092507963112361,0.0420611906612389,0.172469106663037
2,4,9.000777000777,140.22975157309,137.943170348678,266.108715241975,402.71758583548,0.0001936460610914,0.0014103532397593,0.0132394934853313,0.0468393073369318,0.172469485263981
2,5,12.6868686868687,112.644409340037,102.879333886085,157.862744405625,179.926643681384,0.0005323515887619,0.0022759682349097,0.0212034603897959,0.0649025335584484,0.205578219499221
2,5,14.1724941724942,75.7920386994782,65.4354671280277,141.603958958273,233.996041041727,0.0006257500426241,0.0015177880000404,0.0117540432677518,0.043583763879049,0.160294816780941
2,5,26.8593628593629,188.436448039515,168.314801014113,299.466703363898,413.922684723111,0.0005778623135195,0.0018951895157765,0.0161544983044717,0.0527108364086637,0.177268226877095
2,6,8.72222222222222,103.597845042352,92.494732491474,144.127268259492,161.05793198446,0.0003659917172738,0.0020931833714865,0.0190631910468951,0.0592554304064528,0.184019454907543
2,6,4.42890442890443,61.498431211234,65.8851643598616,161.204793716965,273.982706283035,0.00019554688832,0.0012315486232509,0.0118348214902106,0.0496166330180173,0.187686969015658
2,6,13.1511266511266,165.096276253586,158.379896851336,305.332061976457,435.040638267495,0.0002829382257427,0.0016604469841415,0.0152009672336111,0.0537432315124661,0.186312288288202
2,7,6.34343434343434,108.306229333696,90.5896125985357,139.484912709545,150.275811014789,0.0002661757943809,0.0021883157721767,0.0186705452874225,0.0573468063165504,0.171700160855155
2,7,7.97202797202797,63.6222626854115,65.1515426758939,138.29615042188,236.958016244787,0.000351984398976,0.0012740798175679,0.0117030424811505,0.042565665605047,0.162323865094623
2,7,14.3154623154623,171.928492019107,155.74115527443,277.781063131425,387.233827259576,0.0003079881758934,0.0017291616294399,0.0149477064028747,0.0488938236260372,0.165838347301635
2,8,3.17171717171717,85.5659509897178,87.9834133591993,121.241231964523,128.037686514843,0.0001330878971904,0.0017288508820226,0.0181334068724288,0.0498462329150074,0.146291616872105
2,8,9.74358974358974,54.5176559311507,71.2429209919262,130.97411251379,212.521720819543,0.0004302031543041,0.0010917537696898,0.0127972246950072,0.0403120423755322,0.14558421650674
2,8,12.9153069153069,140.083606920869,159.226334351126,252.215344478313,340.559407334386,0.0002778647123154,0.0014088833977221,0.0152822065130614,0.0443938561890678,0.145849368765245
2,9,6.34343434343434,92.3062293336957,87.6182769612111,126.651077483189,132.080981878469,0.0002661757943809,0.0018650374845821,0.0180581521554786,0.0520703972144643,0.150911352141751
2,9,5.31468531468532,62.2796053427541,57.9473760092272,116.639081517615,208.819251815718,0.000234656265984,0.0012471921755699,0.010408972301405,0.0358999156897221,0.143047906114637
2,9,11.6581196581197,154.58583467645,145.565652970438,243.290159000804,340.900233694187,0.0002508171184924,0.0015547387791184,0.0139710832317301,0.0428228835689489,0.145995332460168
2,10,6.34343434343434,88.8006239525298,83.2749293031414,116.368742219349,113.212270181545,0.0002661757943809,0.0017942071030442,0.0171629869502979,0.0478429931361096,0.129352587550072
2,10,2.65734265734266,52.0848718755293,54.9369521337947,116.68503812297,203.635795210364,0.000117328132992,0.0010430355862279,0.0098682158272917,0.0359140605049603,0.139497071565692
2,10,9.000777000777,140.885495828059,138.211881436936,233.053780342319,316.848065391909,0.0001936460610914,0.0014169483525943,0.0132652838067617,0.0410211203851839,0.13569465220065
2,11,10.3080808080808,95.5063810753273,80.9352839999015,114.277510647287,121.972743469403,0.0004325356658691,0.0019296962080244,0.016680785378422,0.0469832194903691,0.139362013967637
2,11,6.2004662004662,51.9119905469386,50.6708765859285,109.428772268542,191.787894398124,0.000273765643648,0.0010395735180415,0.0091019091319485,0.0336806810149409,0.131380878310961
2,11,16.508547008547,147.418371622266,131.60616058583,223.706282915829,313.760637867527,0.0003551710149326,0.0014826524021127,0.01263128070278,0.0393758142388128,0.13437241782438
2,12,13.479797979798,79.1698656973321,79.9776996080905,108.790953730212,116.581682984567,0.0005656235630596,0.0015996186632331,0.0164834269590514,0.0447275166279137,0.133202366941443
2,12,4.42890442890443,61.1281889967011,53.0887399077278,100.559604889196,171.79456177747,0.00019554688832,0.0012241342668096,0.0095362251282619,0.0309508724720943,0.117684802193602
2,12,17.9087024087024,140.298054694033,133.066439515818,209.350558619408,288.376244762037,0.0003852944785106,0.0014110401947516,0.0127714351832916,0.0368489816179687,0.12350119350583
2,13,6.34343434343434,76.9654221588078,74.045077224125,118.152376228515,139.493690045118,0.0002661757943809,0.0015550781174685,0.0152607117744322,0.0485763033707169,0.159380866802767
2,13,6.2004662004662,39.7268694396722,51.8559976931949,108.390747471602,188.825919195064,0.000273765643648,0.0007955580394636,0.0093147900875484,0.033361191164634,0.129351829997278
2,13,12.5439005439005,116.69229159848,125.90107491732,226.543123700117,328.319609240182,0.0002698741376261,0.0011736264926995,0.012083718657116,0.0398751427077822,0.14060750262557
2,14,5.55050505050505,93.8575666983739,91.5864393306088,127.533446557207,137.472042363305,0.0002329038200833,0.001896382090003,0.0188759915644407,0.0524331679787317,0.157070999167944
2,14,7.08624708624709,58.0634068929917,47.9461793540946,118.02220001576,242.881966650906,0.000312875021312,0.001162759885284,0.0086124771685175,0.0363256206663582,0.166381961721989
2,14,12.6367521367521,151.920973591366,139.532618684703,245.555646572967,380.354009014211,0.0002718717812984,0.0015279370810287,0.0133920453720023,0.0432216449118987,0.162891968118749
2,15,14.2727272727273,87.4537301263759,72.9295702487928,106.71899400391,120.624978348194,0.0005988955373572,0.0017669932574386,0.0150308054650447,0.0438756662678152,0.137822102211089
2,15,4.42890442890443,45.6463550866665,50.7414071510957,119.845069119145,207.338264214188,0.00019554688832,0.0009140998340318,0.0091145783975786,0.0368866748711191,0.142033381957795
2,15,18.7016317016317,133.100085213042,123.670977399888,226.564063123055,327.963242562382,0.0004023538539719,0.0013386470009869,0.0118696786181706,0.0398788283746179,0.140454883570314
2,16,8.72222222222222,97.8618584952666,93.1656651658208,112.973040889705,119.277213226985,0.0003659917172738,0.0019772883771986,0.0192014704646106,0.0464469093398251,0.13628219045454
2,16,6.2004662004662,45.8375960832708,44.3661043829296,109.586457532914,194.009375800419,0.000273765643648,0.0009179295672695,0.0079693953971207,0.0337292143849126,0.132902664546223
2,16,14.9226884226884,143.699454578537,137.53176954875,222.559498422619,313.286589027404,0.00032105226401,0.0014452495924936,0.0132000081074272,0.0391739621826791,0.134169399723553
2,17,11.1010101010101,92.207846401232,74.045077224125,110.651675122417,123.994391151216,0.0004658076401667,0.0018630496679611,0.0152607117744322,0.0454925200050891,0.14167188160246
2,17,3.54312354312354,50.0511671143159,55.2932093425606,110.217198590401,202.895301409599,0.000156437510656,0.0010023092416783,0.009932209603604,0.0339233478647996,0.138989809487271
2,17,14.6441336441336,142.259013515548,129.338286566686,220.868873712818,326.889692560815,0.000315059332993,0.0014307624334059,0.0124136149551673,0.0388763857192334,0.139995120642923
2,18,7.13636363636364,87.9964838972686,64.4007975161746,107.42866843535,128.037686514843,0.0002994477686786,0.001777959539291,0.0132730229447002,0.0441674366204437,0.146291616872105
2,18,4.42890442890443,40.8686734257669,50.2440888119954,103.404265356628,171.054067976705,0.00019554688832,0.0008184234540669,0.0090252460900061,0.0318264200983096,0.117177540115181
2,18,11.5652680652681,128.865157323036,114.64488632817,210.832933791978,299.091754491548,0.0002488194748201,0.0012960544398305,0.0110033735039706,0.0371099028968284,0.128090261657785
2,19,11.1010101010101,80.295850885537,74.4102136221132,94.8060715430921,98.3868538482476,0.0004658076401667,0.0016223690734518,0.0153359664913823,0.0389778745012806,0.112413558228039
2,19,16.8298368298368,44.0974988103016,49.9601643598616,100.615469218705,175.497030781295,0.0007430781756161,0.0008830829157592,0.0089742453034048,0.0309680667494611,0.120221112585705
2,19,27.9308469308469,124.393349695839,124.370377981975,195.421540761797,273.883884629543,0.0006009146199978,0.0012510794733641,0.0119368056055145,0.0343972560225068,0.117294635907591
2,20,9.51515151515152,90.5521130588395,70.7971387600199,89.3576823329059,103.777914333083,0.0003992636915714,0.0018295957529835,0.0145913107201019,0.0367378636305397,0.118573205254233
2,20,10.6293706293706,52.5202833498681,58.5628460207612,110.752444421765,172.535055578235,0.0004693125319681,0.0010517550021741,0.0105195279597214,0.0340880892188055,0.118192064272023
2,20,20.1445221445221,143.072396408708,129.359984780781,200.110126754671,276.312969911318,0.0004333967351396,0.0014389429884284,0.0124156975038244,0.035222520689604,0.118334925934512
2,21,8.72222222222222,83.916230692576,71.2910042919511,96.0531017480252,95.0174410452255,0.0003659917172738,0.0016955184599807,0.01469309654869,0.0394905693744681,0.108563778836668
2,21,2.65734265734266,54.8253563045951,53.6089677047289,119.158463732149,194.749869601184,0.000117328132992,0.0010979156825033,0.0096296726163508,0.0366753471138654,0.133409926624644
2,21,11.3795648795649,138.741586997171,124.89997199668,215.211565480174,289.767310646409,0.0002448241874754,0.0013953861039882,0.0119876349179758,0.0378806107452059,0.124096937087646
2,22,9.51515151515152,101.046507677674,75.3677980139242,106.162742369288,115.907800423963,0.0003992636915714,0.0020416338730909,0.0155333249107529,0.0436469730411838,0.132432411063169
2,22,6.2004662004662,61.2087033497068,59.890830449827,101.531857632474,162.168142367526,0.000273765643648,0.00122574662242,0.0107580711706623,0.0312501185829058,0.111090395174133
2,22,15.7156177156177,162.255211027381,135.258628463751,207.694600001762,278.075942791489,0.0003381116394713,0.0016318731223097,0.0129818368379833,0.0365575069304199,0.119089943931917
2,23,5.55050505050505,82.7471406894053,67.4807645060746,108.618259087634,118.603330666381,0.0002329038200833,0.0016718971215889,0.013907805029745,0.0446565162162747,0.135512234576266
2,23,3.54312354312354,43.7544543115477,49.8649221453287,101.226394827884,166.611105172116,0.000156437510656,0.000876213212389,0.0089571371331774,0.0311561013050909,0.114133967644657
2,23,9.09362859362859,126.501595000953,117.345686651403,209.844653915518,285.214435838497,0.0001956437047638,0.0012722830379638,0.0112625906018106,0.0369359501391131,0.122147104246443
2,24,6.34343434343434,84.7238302305567,80.1356221916117,107.563195371039,115.233917863359,0.0002661757943809,0.001711835922212,0.0165159748490684,0.0442227450403682,0.131662455184895
2,24,7.08624708624709,43.3964518756906,46.0256343713956,99.7351296861364,174.75653698053,0.000312875021312,0.0008690439659819,0.0082674934797766,0.030697110269126,0.119713850507285
2,24,13.4296814296814,128.120282106247,126.161256563007,207.298325057175,289.990454843889,0.0002889311567597,0.0012885628971056,0.0121086903407041,0.0364877563252865,0.124192501737
2,25,8.72222222222222,80.5098405580468,75.1505353087734,93.5783131839187,97.0390887270388,0.0003659917172738,0.0016266927118826,0.0154885470045512,0.0384731029137351,0.11087364647149
2,25,8.85780885780886,46.1439212459974,53.9899365628604,97.2517963528031,174.75653698053,0.0003910937766401,0.0009240639405371,0.0096981052972604,0.0299327741980924,0.119713850507285
2,25,17.5800310800311,126.653761804044,129.140471871634,190.830109536722,271.795625707569,0.000378223321411,0.0012738134474619,0.0123946291194799,0.0335890921182463,0.116400309575595
2,26,7.92929292929293,79.7091599855053,68.3196686546265,97.89455129447,107.147327136105,0.0003327197429762,0.0016105150466075,0.0140807034167461,0.0402476494660015,0.122422984645604
2,26,3.54312354312354,45.7916515433816,49.4152249134948,99.2719816171749,176.978018382825,0.000156437510656,0.0009170094960785,0.0088763589107186,0.0305545596213393,0.121235636742547
2,26,11.4724164724165,125.500811528887,117.734893568121,197.166532911645,284.12534551893,0.0002468218311477,0.001262217711624,0.0112999458577852,0.0347044020080598,0.121680685958719
2,27,12.6868686868687,92.7867860216515,67.3620842628155,98.2781082865147,113.88615274215,0.0005323515887619,0.0018747470810305,0.0138833449973755,0.0404053422809939,0.130122543428346
2,27,7.97202797202797,39.5478682217437,45.9551038062284,91.1353762301792,164.389623769821,0.000351984398976,0.00079197341626,0.0082548242141465,0.0280502236509847,0.112612181409395
2,27,20.6588966588967,132.334654243395,113.317188069044,189.413484516694,278.275776511971,0.0004444631795839,0.0013309487198751,0.0108759438355952,0.0333397438974113,0.119175525540772
2,28,8.72222222222222,83.2570378674639,77.2236266759167,105.28037329527,110.516739939127,0.0003659917172738,0.0016821995394996,0.0159158117333092,0.0432842022769163,0.126272764036975
2,28,8.85780885780886,46.0695267823296,46.1684976931949,95.1856544830766,177.71851218359,0.0003910937766401,0.0009225741399438,0.0082931557351177,0.0292968439596072,0.121742898820968
2,28,17.5800310800311,129.326564649794,123.392124369112,200.466027778347,288.235252122717,0.000378223321411,0.0013006950193855,0.0118429148945662,0.0352851648514621,0.123440811419761
2,29,13.479797979798,82.6530495538343,69.4945157515883,100.964135184718,100.408501530061,0.0005656235630596,0.0016699960202648,0.0143228397423183,0.04150965572465,0.114723425862861
2,29,6.2004662004662,55.9119905469386,49.5333765859285,97.4455304983758,162.908636168291,0.000273765643648,0.0011196762848272,0.0088975822614624,0.0299924029211737,0.111597657252554
2,29,19.6802641802642,138.565040100773,119.027892337517,198.409665683094,263.317137698352,0.0004234085167779,0.0013936104930033,0.0114240451425899,0.0349232128722195,0.112769277521872
2,30,10.3080808080808,88.6711792816053,78.4970562347701,106.680826297021,109.842857378523,0.0004325356658691,0.0017915916873221,0.0161782659327138,0.0438599742761008,0.125502808158701
2,30,9.74358974358974,53.7019119865141,46.0961649365629,102.106734360453,167.351598972881,0.0004302031543041,0.0010754179329513,0.0082801627454067,0.031427057785426,0.114641229723078
2,30,20.0516705516705,142.373091268119,124.593221171333,208.787560657474,277.194456351404,0.0004313990914673,0.0014319097643119,0.0119581936231039,0.0367498851470203,0.118712434933215
2,31,12.6868686868687,77.2811806404856,69.3858843990129,111.956144879999,126.689921393634,0.0005323515887619,0.0015614579837967,0.0143004507892175,0.0460288301556331,0.144751705115557
2,31,4.42890442890443,48.2761128721336,50.0783160322953,110.466797065483,194.749869601184,0.00019554688832,0.0009667625526798,0.0089954686541486,0.0340001708652477,0.133409926624644
2,31,17.1157731157731,125.557293512619,119.464200431308,222.422941945482,321.439790994818,0.0003682351030493,0.0012627857761599,0.011465921069834,0.0391499261010511,0.137661123442684
2,32,5.55050505050505,70.0767371019613,59.2084968188693,96.9736385289324,111.190622499732,0.0002329038200833,0.0014158929731588,0.0122028882732498,0.03986903213045,0.127042719915249
2,32,13.2867132867133,52.2703801388922,56.1220732410611,102.412197165042,162.908636168291,0.0005866406649601,0.0010467505175171,0.0100810967828916,0.031521075063241,0.111597657252554
2,32,18.8372183372184,122.347117240853,115.33057005993,199.385835693974,274.099258668023,0.000405270915234,0.0012304995996938,0.0110691839770567,0.0350950341036705,0.117386872876779
2,33,9.51515151515152,75.4641085745346,72.5543849601208,99.2757324504612,111.190622499732,0.0003992636915714,0.0015247442371769,0.014953479668826,0.0408154981795439,0.127042719915249
2,33,6.2004662004662,45.7268694396722,58.6809976931949,116.451673080782,179.939993585885,0.000273765643648,0.0009157121896422,0.0105407513104652,0.0358422339333647,0.12326468505623
2,33,15.7156177156177,121.190978014207,131.235382653316,215.727405531243,291.130616085617,0.0003381116394713,0.0012188717911466,0.0125956942216978,0.0379714066842519,0.124680791867342
2,34,3.96464646464646,79.8386046564298,64.6080113306416,93.1369406545946,104.451796893688,0.0001663598714881,0.0016131304623297,0.0133157297716333,0.0382916402418166,0.119343161132507
2,34,5.31468531468532,61.6126503254531,48.0643310265283,101.663401739799,187.344931593535,0.000234656265984,0.0012338359400181,0.0086337005192613,0.0312906060618965,0.128337305840437
2,34,9.27933177933178,141.451254981883,112.67234235717,194.800342394394,291.796728487223,0.0001996389921085,0.0014226384450787,0.0108140529092099,0.0342879153674232,0.124966063896858
2,35,7.13636363636364,90.1724928658785,67.6779294298579,97.1270613257503,113.88615274215,0.0002994477686786,0.0018219255676137,0.0139484407774095,0.039932109256447,0.130122543428346
2,35,6.2004662004662,40.8375960832708,46.6411043829296,106.304790153568,174.016043179765,0.000273765643648,0.0008178011087873,0.0083780491380929,0.0327191620018917,0.119206588428864
2,35,13.3368298368298,131.010088949149,114.319033812787,203.431851479318,287.902195921915,0.0002869335130874,0.001317626975145,0.0109720988693245,0.0358071963366416,0.123298175405003
2,36,6.34343434343434,84.7126194682248,73.5713094735614,101.290252624114,101.082384090665,0.0002661757943809,0.0017116094099589,0.0151630681043812,0.0416437332622859,0.115493381741136
2,36,7.08624708624709,56.1006041248256,52.4256487889273,96.6309630194698,174.75653698053,0.000312875021312,0.0011234534021878,0.0094171153848319,0.029741690180334,0.119713850507285
2,36,13.4296814296814,140.81322359305,125.996958262489,197.921215643584,275.838921071195,0.0002889311567597,0.0014162214784492,0.0120929213376149,0.0348372380047727,0.118131907833685
2,37,12.6868686868687,81.2811806404856,67.2635018009238,98.3166519780343,104.451796893688,0.0005323515887619,0.0016422775556953,0.0138630271235433,0.040421188852278,0.119343161132507
2,37,10.6293706293706,42.6310099934667,46.522952710496,103.460129686136,174.75653698053,0.0004693125319681,0.000853715462837,0.0083568257873491,0.0318436143756764,0.119713850507285
2,37,23.3162393162393,123.912190633952,113.78645451142,201.77678166417,279.208333874218,0.0005016342369849,0.0012462402417876,0.0109209830353687,0.0355158780922718,0.119574906382093
2,38,8.72222222222222,82.5098405580468,75.999488348009,102.230061250781,112.538387620941,0.0003659917172738,0.0016671024978319,0.0156635164708208,0.0420301193039099,0.128582631671798
2,38,7.08624708624709,50.9890124293239,49.2247404844291,105.424450621,173.275549379,0.000312875021312,0.0010210902428156,0.0088421425702638,0.0324482055215566,0.118699326350443
2,38,15.8084693084693,133.498852987371,125.224228832438,207.654511871781,285.813936999941,0.0003401092831437,0.0013426575865875,0.0120187564026694,0.0365504507908304,0.122403849073007
2,39,7.13636363636364,89.0956991439054,75.1505353087734,102.709601486995,115.907800423963,0.0002994477686786,0.0018001690657055,0.0154885470045512,0.0422272739675428,0.132432411063169
2,39,4.42890442890443,43.0165973011994,38.1336649365629,98.1519513336792,193.268881999654,0.00019554688832,0.0008614371153837,0.0068498746520038,0.0302098296026846,0.132395402467802
2,39,11.5652680652681,132.112296445105,113.284200245336,200.861552820674,309.176682423617,0.0002488194748201,0.0013287123681901,0.0108727777341059,0.0353547834620371,0.132409274262511
2,40,7.13636363636364,88.4365063187933,81.5076342123568,104.033343090337,113.88615274215,0.0002994477686786,0.0017868501452244,0.0167987469223053,0.0427715074037288,0.130122543428346
2,40,0.885780885780886,47.7085097716586,58.7057093425606,110.874080804936,188.825919195064,3.91093776640104e-05,0.0009553959079838,0.0105451902150625,0.0341255272356676,0.129351829997278
2,40,8.02214452214453,136.145016090452,140.213343554917,214.907423895273,302.712071937214,0.0001725913982854,0.0013692712307215,0.0134573799040543,0.0378270770563293,0.129640713657667
2,41,7.92929292929293,80.4675680572542,79.9284083771447,116.963161560861,128.711569075447,0.0003327197429762,0.0016258386005283,0.0164732680221353,0.0480873783544555,0.147061572750379
2,41,7.08624708624709,47.7666940902235,47.8262254901961,105.007259157393,170.31357417594,0.000312875021312,0.0009565610892089,0.0085909300936928,0.0323197996890081,0.116670278036761
2,41,15.01554001554,128.234262147478,127.754633867341,221.970420718254,299.025143251387,0.0003230499076823,0.001289709245285,0.0122616193214363,0.0390702752680472,0.128061734454834
2,42,10.3080808080808,83.8359774878833,72.6630163126962,108.503003997706,126.689921393634,0.0004325356658691,0.001693896952569,0.0149758686219268,0.0446091310819922,0.144751705115557
2,42,6.2004662004662,39.2822327614715,50.1964677047289,100.595653770397,157.725179562936,0.000273765643648,0.000786653882429,0.0090166920048924,0.030961967825204,0.108046822703609
2,42,16.508547008547,123.118210249355,122.859484017425,209.098657768103,284.41510095657,0.0003551710149326,0.0012382548264591,0.01179179320113,0.0368046431175104,0.121804777811024
2,43,9.51515151515152,86.2880996059247,73.5220182426156,107.831873257785,109.842857378523,0.0003992636915714,0.0017434418175248,0.0151529091674651,0.0443332073006478,0.125502808158701
2,43,7.97202797202797,55.103231543543,44.6747404844291,104.462105601876,191.787894398124,0.000351984398976,0.0011034803263685,0.0080248350883193,0.0321520088728736,0.131380878310961
2,43,17.4871794871795,141.391331149468,118.196758727045,212.293978859661,301.630751776647,0.0003762256777386,0.0014220357643335,0.0113442746980403,0.0373670697427022,0.12917762305011
2,44,9.51515151515152,83.6289067808126,73.9364458715496,103.707225650941,113.212270181545,0.0003992636915714,0.0016897131110945,0.0152383228213313,0.0426374298660928,0.129352587550072
2,44,3.54312354312354,69.1990909897484,52.6619521337947,108.288926536739,190.306906796594,0.000156437510656,0.0013857596618346,0.0094595620863195,0.033329852072029,0.130366354154119
2,44,13.0582750582751,152.827997770561,126.598398005344,211.99615218768,303.519176978139,0.0002809405820703,0.0015370594282861,0.0121506462509776,0.037314647577538,0.129986367773252
2,45,9.51515151515152,82.4528978122027,71.9327435167197,110.517524171359,116.581682984567,0.0003992636915714,0.0016659519757464,0.0148253591880265,0.0454373661647342,0.133202366941443
2,45,13.2867132867133,56.7885462288576,50.7414071510957,109.724327348978,178.459005984355,0.0005866406649601,0.0011372299186681,0.0091145783975786,0.0337716488306272,0.122250160899388
2,45,22.8018648018648,139.24144404106,122.674150667815,220.241851520337,295.040688968922,0.0004905677925406,0.0014004133895204,0.011774005298557,0.0387660199795995,0.126355335719529
2,46,6.34343434343434,96.9766329211397,79.3359603833219,112.915225352426,133.428746999678,0.0002661757943809,0.0019594024892149,0.0163511643197149,0.046423139482899,0.152451263898299
2,46,7.08624708624709,46.3964518756906,48.3006343713956,106.314697877722,182.901968788945,0.000312875021312,0.0009291210410713,0.0086761472207489,0.0327222114640203,0.125293733369912
2,46,13.4296814296814,143.37308479683,127.636594754718,219.229923230148,316.330715788623,0.0002889311567597,0.0014419671458385,0.0122502901772776,0.0385879047301835,0.13547308993737
2,47,10.3080808080808,85.0007756941613,80.4122250183921,120.915114525127,127.363803954238,0.0004325356658691,0.0017174315756639,0.0165729827714549,0.0497121553773714,0.145521660993831
2,47,6.2004662004662,44.9119905469386,58.2542099192618,127.814081517615,208.819251815718,0.000273765643648,0.0008993936761664,0.0104640882685228,0.0393394280093734,0.143047906114637
2,47,16.508547008547,129.9127662411,138.666434937654,248.729196042742,336.183055769956,0.0003551710149326,0.0013065907105935,0.0133089108895399,0.0437802393902065,0.143975134492397
2,48,10.3080808080808,98.0887801784663,87.9934622498831,137.68163086999,148.92804589358,0.0004325356658691,0.0019818733055212,0.0181354779516973,0.0566054182167315,0.170160249098606
2,48,6.2004662004662,49.5045511005719,53.4908160322953,136.555286805051,253.248879861616,0.000273765643648,0.0009913628779107,0.009608449265607,0.0420298515686339,0.173483630819879
2,48,16.508547008547,147.593331279038,141.484278282178,274.236917675041,402.176925755196,0.0003551710149326,0.0014844120495198,0.0135793615288011,0.04826999844193,0.172237939960202
2,49,4.75757575757576,97.8152941975812,89.1482115654773,127.763580752434,141.515337726932,0.0001996318457857,0.0019763475505474,0.0183734721187325,0.0525277836677272,0.16169073443759
2,49,7.97202797202797,48.2883526508094,54.8646193771626,136.062415563628,228.812584436372,0.000351984398976,0.000967007662714,0.0098552228375807,0.0418781525344615,0.156743982231996
2,49,12.7296037296037,146.103646848391,144.01283094264,263.825996316062,370.327922163304,0.0002738694249707,0.0014694296278909,0.0138220466605903,0.046437513005478,0.158598155036808
2,50,6.34343434343434,89.4710275399737,85.6045257156974,135.283553704292,152.297458696603,0.0002661757943809,0.0018077525357784,0.0176431174429053,0.055619490318997,0.174010028489978
2,50,12.4009324009324,78.1933582565071,63.6348760092272,137.110348084722,240.660485248612,0.0005475312872961,0.0015658760851541,0.0114306066538357,0.042200691846897,0.164860175486727
2,50,18.7443667443667,167.664385796481,149.239401724925,272.393901789014,392.957943945215,0.0004032732715617,0.0016862756087611,0.0143236818604177,0.0479455987414768,0.168289780993846
2,51,11.8939393939394,86.2613296643566,90.6881950604273,132.924020230114,146.232515651163,0.0004990796144643,0.0017429009337205,0.0186908631612548,0.0546494089925466,0.16708042558551
2,51,5.31468531468532,60.7977714327195,52.5667099192618,130.957879080897,244.362954252436,0.000234656265984,0.0012175174265422,0.0094424539160921,0.0403070459466797,0.16739648587883
2,51,17.2086247086247,147.059101097076,143.254904979689,263.881899311011,390.595469903599,0.0003702327467216,0.0014790390579866,0.0137493025310804,0.0464473528093307,0.167278018169877
2,52,9.51515151515152,97.4641085745346,80.1949623132413,137.681254885359,169.144522711713,0.0003992636915714,0.0019692518826195,0.0165282048652531,0.0566052636371619,0.193258925446834
2,52,14.1724941724942,69.4217964849453,73.8723760092272,159.322478268658,256.210855064676,0.0006257500426241,0.0013902194934205,0.0132695484882108,0.0490372820404849,0.175512679133562
2,52,23.6876456876457,166.88590505948,154.067338322469,297.003733154017,425.355377776389,0.0005096248116742,0.0016784460803108,0.0147870569950417,0.0522773150243023,0.182164438901185
3,1,10.1446162038039,94.5497668574391,103.827756162313,158.036644625341,172.441216151103,0.0004173555610007,0.001880104692956,0.0201217085402548,0.0642653602377695,0.192465031252582
3,1,7.08404794728602,76.4394724800323,84.8587073664333,153.4894438603,267.128328345948,0.0003068667363566,0.0015081108180618,0.0143421316732127,0.046880542297527,0.17935751510404
3,1,17.2286641510899,170.989239337471,188.686463528746,311.526088485641,439.569544497051,0.0003635353847764,0.0016933784096116,0.0170344913969027,0.0543373915850623,0.184280883516464
3,2,8.58390601860326,111.961369416591,107.976863788361,163.540563548601,183.937297227844,0.0003531470131544,0.0022263312017183,0.0209258011782868,0.066503520464224,0.205296033336087
3,2,7.08404794728602,64.8605320725099,65.6615880750757,150.641942566397,291.751889338731,0.0003068667363566,0.0012796643790203,0.0110975899971993,0.0460108251267971,0.195890470406926
3,2,15.6679539658893,176.821901489101,173.638451863437,314.182506114998,475.689186566575,0.0003306034422458,0.0017511417179718,0.0156759666757366,0.0548007325708574,0.199423332842625
3,3,12.4856814816047,100.503215988405,108.791278909363,163.196365822744,190.023457797883,0.0005136683827701,0.001998487931989,0.0210836339611696,0.0663635529845446,0.212088916792061
3,3,9.74056592751828,57.1929300962368,64.3058786721776,128.332487652246,257.428137651822,0.0004219417624903,0.0011283866017955,0.0108684589702203,0.0391968103096637,0.172844532711993
3,3,22.226247409123,157.696146084642,173.097157581541,291.52885347499,447.451595449705,0.0004689874579451,0.0015617313118263,0.0156270989794763,0.0508494089423427,0.18758527830828
3,4,15.6071018520059,100.530903244053,104.185177475951,151.321761846926,166.355055581064,0.0006420854784627,0.0019990384879661,0.0201909764100897,0.0615347634085829,0.185672147796608
3,4,6.19854195387527,58.9427128671084,68.28344587377,141.162487593693,260.412811711553,0.000268508394312,0.0011629089008172,0.0115407151748542,0.0431154990468497,0.174848527294161
3,4,21.8056438058812,159.473616111161,172.468623349721,292.484249440619,426.767867292617,0.0004601124638422,0.0015793343456681,0.0155703553171894,0.0510160522079373,0.178914032206451
3,5,13.266036574205,87.0574278435816,92.9458543922214,146.822104152161,181.908577037831,0.0005457726566933,0.0017311209121455,0.0180128075693125,0.0597049844773341,0.203031738850763
3,5,5.31303596046452,57.4293272601232,67.2730711742249,134.733629737089,243.250935868098,0.0002301500522674,0.0011330505942153,0.011369949823485,0.0411519220405663,0.163325558446695
3,5,18.5790725346695,144.486755103705,160.218925566446,281.55573388925,425.159512905929,0.0003920298302554,0.0014309131528714,0.0144644605561057,0.0491098650508846,0.178239761272314
3,6,8.58390601860326,101.219532129679,96.723917817544,155.219424716188,206.253219317986,0.0003531470131544,0.0020127317464754,0.0187449922365039,0.0631197420632001,0.230203272674657
3,6,8.85505993410753,57.2806528888557,68.014857472262,134.405966112684,254.443463592091,0.0003835834204457,0.0011301173266193,0.0114953205378172,0.0410518431816107,0.170840538129825
3,6,17.4389659527108,158.500185018535,164.738775289806,289.625390828872,460.696682910077,0.0003679728818278,0.0015696940478231,0.0148725096540005,0.0505174008088588,0.193138020644519
3,7,8.58390601860326,89.9613694165911,94.7240433748136,129.339067572395,145.391613617597,0.0003531470131544,0.0017888652552671,0.0183574186998976,0.0525955343462433,0.162274438114922
3,7,5.31303596046452,48.0304356597273,65.8534301747387,119.337599173209,201.465499031861,0.0002301500522674,0.0009476153780833,0.0111300135956634,0.0364494861993046,0.135269634296343
3,7,13.8969419790678,137.991805076318,160.577473549552,248.676666745604,346.857112649458,0.0002932340026638,0.0013665909289086,0.0144968300351842,0.0433749914323684,0.145413020472442
3,8,10.9249712964041,116.249385495334,86.5841044489046,118.468724825072,148.772813934285,0.0004494598349239,0.0023115976113677,0.0167799072072428,0.0481751260654874,0.16604826225713
3,8,11.5115779143398,70.4163761113949,73.0411488693727,126.703331535451,228.327565569442,0.0004986584465794,0.0013892782764827,0.0123448236151386,0.0386992143817497,0.153305585535855
3,8,22.4365492107439,186.665761606729,159.625253318277,245.172056360523,377.100379503727,0.0004734249549966,0.0018486296081749,0.0144108642110638,0.042763705912838,0.158091915100381
3,9,13.266036574205,88.3919947913582,90.353250288627,134.863424284849,150.125294060961,0.0005457726566933,0.0017576585300051,0.0175103636558445,0.0548420055684682,0.167557791914013
3,9,4.42752996705377,54.5115080547217,71.5319941726835,135.993548571838,236.535419233703,0.0001917917102228,0.0010754835471643,0.0120897585069499,0.0415367411964534,0.158816570636817
3,9,17.6935665412588,142.90350284608,161.88524446131,270.856972856687,386.660713294664,0.0003733451104644,0.0014152335393447,0.0146148947438488,0.0472437524227984,0.162099896953905
3,10,10.1446162038039,82.1788482139827,86.5479410891295,131.773538912019,166.355055581064,0.0004173555610007,0.0016341112551,0.0167728987866419,0.0535855083994156,0.185672147796608
3,10,10.626071920929,47.1273752956995,57.9878567786557,120.108332218997,214.150363785718,0.0004603001045349,0.0009297984693559,0.0098006380626987,0.0366848925063733,0.143786611270557
3,10,20.7706881247329,129.306223509682,144.535797867785,251.881871131016,380.505419366782,0.0004382742639404,0.0012805739587364,0.0130485979718845,0.0439340535855477,0.159519411072811
3,11,5.46248564820207,84.8246270739049,92.7241689320833,133.5683845382,147.42033380761,0.0002247299174619,0.001686722080239,0.0179698451632913,0.0543153796328318,0.164538732600247
3,11,1.77101198682151,56.7802184305989,58.7808072779228,120.532924459207,217.13503784545,7.67166840891518e-05,0.0011202440164598,0.0099346561360794,0.0368145764375658,0.145790605852725
3,11,7.23349763502358,141.604845504504,151.504976210006,254.101308997407,364.55537165306,0.0001526312384388,0.0014023723890628,0.0136777708669288,0.0443211751426251,0.152832667367267
3,12,6.24284074080237,95.0806236769842,84.2629720523109,121.288269468942,150.125294060961,0.000256834191385,0.0018906606830011,0.0163300742214024,0.0493216895898797,0.167557791914013
3,12,5.31303596046452,53.0359776577477,62.8478881767183,115.783958382268,191.019139822801,0.0002301500522674,0.0010463721040596,0.0106220412210803,0.0353640916391319,0.128255653258755
3,12,11.5558767012669,148.116601334732,147.110860229029,237.07222785121,341.144433883762,0.0002438360888681,0.0014668610479649,0.0132810729296465,0.0413509075317397,0.143018092290162
3,13,8.58390601860326,105.888666025232,78.2858891968076,111.346006218501,133.895532540857,0.0003531470131544,0.0021055766136902,0.0151717219311788,0.0452786834194874,0.149443436031417
3,13,5.31303596046452,53.8337608585395,66.0964364756317,126.352571434579,213.404195270786,0.0002301500522674,0.001062111949411,0.0111710845531761,0.0385920811266433,0.143285612625015
3,13,13.8969419790678,159.722426883772,144.382325672439,237.69857765308,347.299727811643,0.0002932340026638,0.0015817984234782,0.0130347426017515,0.041460157497349,0.145598578171256
3,14,7.02319583340267,94.598483836481,80.534694873851,122.185692282032,140.657933174233,0.0002889384653082,0.001881073421108,0.0156075380758174,0.0496866252065879,0.156991084315832
3,14,7.96955394069678,44.1772428783073,57.9111104768107,101.84632318004,176.095769524145,0.0003452250784011,0.0008715938995304,0.0097876670241259,0.0311070959774612,0.118235680347914
3,14,14.9927497740995,138.775726714788,138.445805350662,224.032015462072,316.753702698378,0.0003163562195063,0.0013743544348611,0.0124987974021985,0.0390763913575554,0.132792758099646
3,15,13.266036574205,98.2428871653097,81.7065313084917,113.507812094449,137.276732857545,0.0005457726566933,0.0019535417098124,0.0158346387285352,0.0461577784781764,0.153217260173624
3,15,5.31303596046452,43.0415196557681,55.7496831792874,111.653441777149,196.242319427331,0.0002301500522674,0.0008491866742754,0.0094223600819721,0.0341025009163642,0.131762643777549
3,15,18.5790725346695,141.284406821078,137.456214487779,225.161253871598,333.519052284876,0.0003920298302554,0.0013991989499024,0.0124094577817246,0.039273356786517,0.139821301075246
3,16,7.02319583340267,84.1185101059858,73.5576747969824,124.556525519357,146.744093744272,0.0002889384653082,0.0016726810744355,0.0142553990172906,0.0506507209226261,0.163783967771805
3,16,3.54202397364301,58.8069896445692,60.392290377072,110.208904301377,185.049791703339,0.0001534333681783,0.0011602311526128,0.0102070159623652,0.0336612933744636,0.124247664094418
3,16,10.5652198070457,142.925499750555,133.949965174054,234.765429820734,331.793885447611,0.0002229326205513,0.0014154513839486,0.012092915870593,0.0409485483312665,0.139098058819351
3,17,10.9249712964041,86.2130337996543,84.9914375666754,118.478943719669,145.391613617597,0.0004494598349239,0.0017143302921635,0.0164712500620779,0.0481792815633726,0.162274438114922
3,17,6.19854195387527,67.1504716643369,63.6664207766004,122.295886968797,206.68867863639,0.000268508394312,0.0013248436896447,0.0107603829739853,0.0373530410799618,0.138776624815137
3,17,17.1235132502794,153.363505463991,148.657858343276,240.774830688466,352.080292253987,0.0003613166362506,0.0015188233480735,0.0134207349148007,0.0419967275374733,0.147602735761724
3,18,9.36426111120355,75.0356075412723,69.1596359366209,100.422244263475,119.018251147428,0.0003852512870776,0.0014920692304811,0.0134030637712263,0.0408365522994827,0.132838609805704
3,18,11.5115779143398,47.4440861014969,51.4651780802138,99.2295568947375,175.349601009212,0.0004986584465794,0.0009360470079305,0.0086982277189829,0.0303078525934501,0.117734681702372
3,18,20.8758390255433,122.479693642769,120.624814016835,199.651801158212,294.36785215664,0.0004404930124661,0.0012129679600549,0.0108899298772947,0.0348239152391143,0.12340793067531
3,19,7.80355092600296,93.6690211178322,84.6838024998995,113.444173992149,122.399451464117,0.0003210427392313,0.0018625912262032,0.0164116307138494,0.0461319001410424,0.136612433947911
3,19,2.65651798023226,56.4902788387718,55.0462463772233,107.356783712181,204.450173091592,0.0001150750261337,0.0011145236599368,0.0093034708889583,0.0327901653245036,0.137273628878511
3,19,10.4600689062352,150.159299956604,139.730048877123,220.80095770433,326.849624555709,0.0002207138720256,0.001487090752226,0.0126147380737968,0.0385128197752528,0.137025274712941
3,20,8.58390601860326,79.6668550078241,71.4807683332145,103.75413841619,130.514332224168,0.0003531470131544,0.0015841607330359,0.0138528967570667,0.0421914619693631,0.145669611889209
3,20,4.42752996705377,45.7248088499707,56.1333673786134,107.172165071158,186.542128733204,0.0001917917102228,0.0009021265668528,0.0094872072789003,0.0327337769384901,0.125249661385502
3,20,13.011435985657,125.391663857795,127.614135711828,210.926303487348,317.056460957372,0.0002745492828728,0.001241806426795,0.0115209213011464,0.0367904505330378,0.132919683543317
3,21,7.02319583340267,70.1185101059858,67.6167553012542,97.4243289420199,104.817209817337,0.0002889384653082,0.0013942936539665,0.0131040551476679,0.0396174546113966,0.116988548408432
3,21,4.42752996705377,49.3203752515544,54.8544042775603,99.8249098900899,180.572780613742,0.0001917917102228,0.0009730652116571,0.0092710472904942,0.0304896922729656,0.121241672221166
3,21,11.4507258004564,119.43888535754,122.471159578815,197.24923883211,285.389990431079,0.0002416173403423,0.0011828535556753,0.011056616755638,0.0344048525193416,0.119644138775741
3,22,11.7053263890044,83.730893959151,79.8921789661243,106.415750171669,112.255850514052,0.000481564108847,0.0016649733987748,0.0154830191773492,0.0432738023258319,0.125290961521289
3,22,7.96955394069678,57.3794596775154,55.4810947777794,100.327953564931,176.841938039078,0.0003452250784011,0.0011320667328887,0.0093769654449351,0.0306433377594744,0.118736678993456
3,22,19.6748803297012,141.110353636666,135.373273743904,206.7437037366,289.09778855313,0.0004151520470979,0.001397475227955,0.0122214112440014,0.0360609079075557,0.121198560191843
3,23,11.7053263890044,100.432678707054,82.2494747224931,101.299229287371,116.313290894078,0.000481564108847,0.001997085311146,0.0159398605837905,0.0411931769204205,0.129819550491938
3,23,7.96955394069678,54.9750260790991,56.6577294763725,101.855561770627,186.542128733204,0.0003452250784011,0.0010846285153888,0.009575830715244,0.0311099177359215,0.125249661385502
3,23,19.6748803297012,155.407704786153,138.907204198866,203.154791057998,302.855419627282,0.0004151520470979,0.0015390679144012,0.0125404521905881,0.0354349181083393,0.126966176354466
3,24,6.24284074080237,69.5279465551298,63.5897606416186,92.4123217384106,110.227130324039,0.000256834191385,0.0013825504065704,0.0123236278724442,0.0375793295346598,0.123026667035964
3,24,8.85505993410753,53.0950620837088,56.1077852779984,101.084828724839,173.857263979346,0.0003835834204457,0.0010475378088856,0.009482883599376,0.0308745114288527,0.116732684411288
3,24,15.0979006749099,122.623008638839,119.697545919617,193.49715046325,284.084394303385,0.0003185749680321,0.0012143872687848,0.0108062167156334,0.0337504010865528,0.119096793285274
3,25,3.12142037040118,91.4602067604728,83.520883650859,99.5554781341764,118.342011084091,0.0001284170956925,0.0018186693596861,0.0161862582797213,0.0404840831764301,0.132083844977262
3,25,5.31303596046452,47.6370860573518,52.424388578529,87.8994493872257,150.726040016429,0.0002301500522674,0.0009398547961304,0.0088603457113034,0.0268472785573302,0.101201726399486
3,25,8.4344563308657,139.097292817825,135.945272229388,187.454927521402,269.06805110052,0.000177972203807,0.0013775390393325,0.0122730508958228,0.0326964969476365,0.112801486826369
3,26,9.36426111120355,93.9228516109034,73.5304290228075,102.020606157592,129.161852097493,0.0003852512870776,0.0018676385987891,0.0142501188152795,0.0414865237232578,0.144160082232326
3,26,6.19854195387527,42.9593388611696,51.9000264807699,104.384638030712,183.557454673473,0.000268508394312,0.0008475652901743,0.0087717222749597,0.031882377806156,0.123245666803334
3,26,15.5628030650788,136.882190472073,125.430455503577,206.405244188304,312.719306770966,0.0003283846937201,0.001355601948426,0.0113237800699983,0.036001872694483,0.131101416979075
3,27,7.80355092600296,87.4108584047448,81.312946635078,111.18807333011,114.284570704065,0.0003210427392313,0.0017381488137339,0.0157583624380994,0.045214460251564,0.127555256006613
3,27,10.626071920929,52.9307004945118,50.0455370807276,92.7176283082087,159.680062195623,0.0004603001045349,0.0010442950406835,0.0084582914911612,0.0283189031526202,0.10721371014599
3,27,18.429622846932,140.341558899257,131.358483715806,203.905701638319,273.964632899688,0.0003888763501446,0.0013898615300709,0.0118589586074158,0.0355658943692573,0.11485428241118
3,28,10.1446162038039,95.2916041443517,72.1232842409412,99.7747243901504,117.665771020753,0.0004173555610007,0.0018948559907211,0.0139774156555349,0.0405732393316645,0.131329080148821
3,28,5.31303596046452,50.0415196557681,50.0199549801126,93.2299105736365,166.395578830018,0.0002301500522674,0.0009872930136302,0.0084539678116369,0.0284753703975893,0.111722697955868
3,28,15.4576521642684,145.33312380012,122.143239221054,193.004634963787,284.061349850771,0.0003261659451944,0.0014392950983238,0.0110270123186865,0.0336644949344032,0.119087132351888
3,29,8.58390601860326,93.2959363643678,72.023711747216,102.877153392294,133.219292477519,0.0003531470131544,0.0018551725046223,0.013958118612322,0.0418348373484253,0.148688671202975
3,29,7.96955394069678,45.587218474744,49.2270044808455,90.2670034827549,155.949219620959,0.0003452250784011,0.0008994119807023,0.0083199497382562,0.0275704046377019,0.10470871691828
3,29,16.5534599593,138.883154839112,121.250716228061,193.144156875049,289.168512098478,0.0003492881620368,0.0013754183407947,0.0109464359224717,0.0336888307990616,0.121228209646827
3,30,10.1446162038039,90.4770634660798,89.2175772137614,123.761291652238,122.399451464117,0.0004173555610007,0.0017991197364234,0.0172902714237275,0.0503273402847696,0.136612433947911
3,30,8.85505993410753,38.1006040817292,47.7817813807443,92.643796168871,171.618758434548,0.0003835834204457,0.000751704993848,0.0080756898309103,0.028296352476534,0.115229688474662
3,30,18.9996761379114,128.577667547809,136.999358594506,216.405087821109,294.018209898665,0.0004009048243584,0.0012733587623836,0.012368213128356,0.0377460778809778,0.123261350037454
3,31,7.02319583340267,83.9293499409276,82.9779402368576,101.727502904722,118.342011084091,0.0002889384653082,0.0016689196594065,0.016081036424466,0.0413673337330042,0.132083844977262
3,31,7.96955394069678,49.5816764767236,51.0047475790428,93.8252635689889,171.618758434548,0.0003452250784011,0.0009782205481824,0.0086204094834818,0.0286572100771048,0.115229688474662
3,31,14.9927497740995,133.511026417651,133.9826878159,195.552766473711,289.960769518639,0.0003163562195063,0.0013222158918113,0.0120958700494492,0.0341089483037439,0.121560347983497
3,32,9.36426111120355,82.6246363588064,83.6566195043594,98.0411921315531,116.313290894078,0.0003852512870776,0.0016429756702224,0.0162125637435351,0.0398683010855593,0.129819550491938
3,32,7.08404794728602,45.2705076689466,52.8848190797,96.0958890487132,162.664736255354,0.0003068667363566,0.0008931634421277,0.0089381639468045,0.0293507310852397,0.109217704728158
3,32,16.4483090584896,127.895144027753,136.541438584059,194.137081180266,278.978027149432,0.0003470694135111,0.0012665994446781,0.01232687240718,0.0338620198794663,0.116956049317749
3,33,10.9249712964041,70.9185193908873,76.8289581680787,103.366740377228,114.960810767402,0.0004494598349239,0.0014102016911933,0.0148893702498277,0.04203392714832,0.128310020835055
3,33,6.19854195387527,47.7626640599819,51.3245001817808,99.8110520042095,164.903241800153,0.000268508394312,0.0009423323844513,0.0086744514795673,0.0304854596352752,0.110720700664784
3,33,17.1235132502794,118.681183450869,128.15345834986,203.177792381437,279.864052567555,0.0003613166362506,0.0011753497147631,0.0115696109986789,0.0354389300738372,0.117327498042789
3,34,4.68213055560178,85.4922262361363,76.0732468795393,86.8777461313593,108.874650197363,0.0001926256435388,0.0016999971665733,0.014742914207141,0.0353287028145498,0.121517137379081
3,34,8.85505993410753,48.3028208809373,45.7610319816541,91.9699917388875,173.111095464414,0.0003835834204457,0.0009529893960541,0.007734159128172,0.0280905512417022,0.116231685765746
3,34,13.5371904897093,133.795047117074,121.834278861193,178.847737870247,281.985745661777,0.0002856430255015,0.0013250286683472,0.010999119578033,0.031195202989255,0.118216976130724
3,35,7.02319583340267,76.0057541756169,73.8155236168957,104.432314973306,121.723211400779,0.0002889384653082,0.0015113604175534,0.0143053698439127,0.0424672414308368,0.13585766911947
3,35,10.626071920929,50.520724898075,54.2277137773412,92.2145846333678,163.410904770287,0.0004603001045349,0.0009967474824609,0.0091651291360533,0.0281652576661113,0.1097187033737
3,35,17.6492677543317,126.526479073692,128.043237394237,196.646899606674,285.134116171066,0.0003724103788793,0.0012530449795422,0.0115596603223813,0.0342997905564136,0.119536868526256
3,36,5.46248564820207,78.3810050390893,73.173007709169,97.4038911528256,111.579610450714,0.0002247299174619,0.0015585918433283,0.0141808509454445,0.0396091436156263,0.124536196692847
3,36,7.96955394069678,56.9916520731604,48.0503697822524,94.5775194336036,163.410904770287,0.0003452250784011,0.0011244154916585,0.0081210844679472,0.028886972867253,0.1097187033737
3,36,13.4320395888988,135.37265711225,121.223377491421,191.981410586429,274.990515221001,0.0002834242769758,0.0013406524041739,0.0109439677990812,0.0334860208170599,0.115284363391363
3,37,5.46248564820207,81.3810050390893,64.0331315618948,91.0764064133725,121.046971337441,0.0002247299174619,0.0016182462905717,0.0124095526844865,0.0370360816074828,0.135102904291028
3,37,9.74056592751828,40.422856885547,44.3925551833979,93.8252635689889,171.618758434548,0.0004219417624903,0.0007975218272468,0.007502870259399,0.0286572100771048,0.115229688474662
3,37,15.2030515757203,121.803861924636,108.425686745293,184.901669982361,292.665729771989,0.0003207937165578,0.0012062749140805,0.0097886005891703,0.0322511494796579,0.122694349352801
3,38,4.68213055560178,92.7904414882333,78.2858891968076,97.4243289420199,104.817209817337,0.0001926256435388,0.0018451208321489,0.0151717219311788,0.0396174546113966,0.116988548408432
3,38,5.31303596046452,48.8337608585395,55.0462463772233,91.6192316380154,158.187725165757,0.0002301500522674,0.0009634645641575,0.0093034708889583,0.0279834179865958,0.106211712854906
3,38,9.9951665160663,141.624202346773,133.332135574031,189.043560580035,263.004934983094,0.0002109041463375,0.0014025640880194,0.0120371386155132,0.0329735914825166,0.110259644678818
3,39,3.12142037040118,77.1293406560262,75.5937125994879,107.346154403267,127.809371970818,0.0001284170956925,0.001533702727693,0.0146499809744978,0.0436521497860186,0.142650552575443
3,39,4.42752996705377,42.1347844464074,48.6770602824714,107.010642906602,194.749982397465,0.0001917917102228,0.0008312972627712,0.0082270026223882,0.0326844429486274,0.130760646486465
3,39,7.54895033745495,119.264125102434,124.270772881959,214.356797309869,322.559354368283,0.000159287484016,0.0011811228313092,0.0112190846760011,0.0373888084011399,0.135226663342884
3,40,15.6071018520059,88.8291184961496,76.6932223145783,107.47110587315,122.399451464117,0.0006420854784627,0.0017663506543339,0.0148630647860139,0.0437029611104635,0.136612433947911
3,40,6.19854195387527,42.7571220619614,51.8744443801549,93.728334953184,157.441556650824,0.000268508394312,0.0008435756584751,0.0087673985954354,0.0286276050048679,0.105710714209364
3,40,21.8056438058812,131.586240558111,128.567666694733,201.199440826334,279.841008114941,0.0004601124638422,0.0013031539272673,0.0116070054590728,0.0350938595737544,0.117317837109403
3,41,13.266036574205,83.1701837739505,78.0642037366694,104.243725401123,112.255850514052,0.0005457726566933,0.0016538237800542,0.0151287595251576,0.0423905517692578,0.125290961521289
3,41,7.08404794728602,46.0793748657793,46.8481529830442,103.461621410955,189.526802792936,0.0003068667363566,0.0009091219689246,0.007917895518114,0.0316004592676848,0.127253655967671
3,41,20.350084521491,129.24955863973,124.912356719714,207.705346812078,301.782653306988,0.0004293992698374,0.001280012782678,0.0112770064482375,0.0362286408143287,0.126516440180099
3,42,5.46248564820207,94.0464380913127,86.7334631894925,119.157120276785,136.600492794207,0.0002247299174619,0.001870096093181,0.0168088527720622,0.0484550610248462,0.152462495345183
3,42,9.74056592751828,41.4173148875266,53.9463579804751,114.191756627821,203.704004576659,0.0004219417624903,0.0008171419635747,0.0091175766572222,0.034877782745059,0.136772630232969
3,42,15.2030515757203,135.463752978839,140.679821169968,233.348876904606,340.304497370866,0.0003207937165578,0.0013415545648846,0.0127004828996254,0.0407014685734242,0.142665965431893
3,43,12.4856814816047,70.9505388665508,75.3222408924872,113.612325775137,138.62921298422,0.0005136683827701,0.0014108383925672,0.0145973700468702,0.0462002788068511,0.154726789830507
3,43,7.96955394069678,58.7838932759318,57.5785904787146,108.602844661049,182.065117643607,0.0003452250784011,0.0011597754733378,0.0097314671862462,0.0331707518427003,0.12224366951225
3,43,20.4552354223015,129.734432142483,132.900831371202,222.215170436186,320.694330627827,0.0004316180183631,0.0012848146890677,0.011998200752165,0.0387594913505581,0.134444788831847
3,44,6.24284074080237,92.004219442295,87.0274753691809,103.534892160216,131.190572287506,0.000256834191385,0.0018294869516286,0.0168658320192851,0.0421023058141286,0.146424376717651
3,44,5.31303596046452,54.2381944569559,58.7808072779228,106.064529810378,174.603432494279,0.0002301500522674,0.0010700912128095,0.0099346561360794,0.0323954700140055,0.11723368305683
3,44,11.5558767012669,146.242413899251,145.808282647104,209.599421970594,305.794004781785,0.0002438360888681,0.0014483001809121,0.0131634770714267,0.0365590115517527,0.128198120367284
3,45,7.02319583340267,86.2639168887043,75.8153980596261,99.5554781341764,118.342011084091,0.0002889384653082,0.0017153420930139,0.014692943380519,0.0404840831764301,0.132083844977262
3,45,7.08404794728602,49.8716160685507,52.2837106800959,100.91868726499,176.841938039078,0.0003068667363566,0.0009839409047054,0.0088365694718879,0.0308237665597598,0.118736678993456
3,45,14.1072437806887,136.135532957255,128.099108739722,200.474165399166,295.183949123169,0.0002976714997153,0.0013482074847751,0.0115647043511696,0.0349673546794626,0.123750063272779
3,46,10.1446162038039,105.215199909662,95.9095026965418,132.252907002356,151.477774187636,0.0004173555610007,0.0020921848640698,0.0185871594536211,0.0537804427014251,0.169067321570896
3,46,5.31303596046452,39.4514952522049,54.4323705822612,110.19966571079,174.603432494279,0.0002301500522674,0.0007783573701939,0.0091997185722476,0.0336584716160033,0.11723368305683
3,46,15.4576521642684,144.666695161867,150.341873278803,242.452572713146,326.081206681915,0.0003261659451944,0.0014326951750074,0.0135727666896033,0.042289364747464,0.136703130637071
3,47,10.1446162038039,85.3279558400313,80.1138644262624,115.784350545682,138.62921298422,0.0004173555610007,0.0016967306800139,0.0155259815833704,0.0470835293634252,0.154726789830507
3,47,9.74056592751828,57.0184232871307,49.6618528814016,100.752545805141,179.826612098809,0.0004219417624903,0.0011249436737101,0.008393444294233,0.0307730216906669,0.120740673575624
3,47,19.8851821313222,142.346379127162,129.775717307664,216.536896350823,318.455825083029,0.0004195895441494,0.0014097161086528,0.0117160674839162,0.0377690683525885,0.133506339422155
3,48,13.266036574205,94.7629134348145,76.1004926537142,112.651264859747,133.219292477519,0.0005457726566933,0.0018843430733744,0.0147481944091522,0.045809464853009,0.148688671202975
3,48,7.08404794728602,56.6693992693425,53.076661179363,114.542516728693,218.627374875315,0.0003068667363566,0.001118057612361,0.0089705875452686,0.0349849160001653,0.146792603143809
3,48,20.350084521491,151.432312704157,129.177153833077,227.19378158844,351.846667352834,0.0004293992698374,0.001499697933299,0.0116620295621296,0.0396278768685891,0.147504793118211
3,49,5.46248564820207,81.9373830042738,71.9015987808031,113.716839455825,139.981693110896,0.0002247299174619,0.0016293097638955,0.0139344532495137,0.0462427791355257,0.15623631948739
3,49,7.08404794728602,43.6583152733017,61.9526092749912,118.423821144038,217.881206360383,0.0003068667363566,0.0008613557292565,0.0104707284296024,0.0361703894192937,0.146291604498267
3,49,12.5465335954881,125.595698277576,133.854208055794,232.140660599863,357.862899471279,0.0002647395571848,0.0012438270655359,0.0120842709801399,0.0404907275636121,0.150026980071576
3,50,7.80355092600296,91.9635355265992,101.072170431043,143.186887851979,162.973855264376,0.0003210427392313,0.0018286779594611,0.0195876789609618,0.058226729319315,0.181898323654401
3,50,8.85505993410753,47.3083628789578,50.9408159824547,109.368958411544,189.526802792936,0.0003835834204457,0.0009333692597262,0.0086096042826391,0.0334047472705388,0.127253655967671
3,50,16.6586108601105,139.271898405557,152.012986413498,252.555846263523,352.500658057312,0.0003515069105626,0.0013792682319624,0.0137236336982049,0.0440516105159212,0.147778965854565
3,51,7.80355092600296,75.483561796104,90.4391998952647,136.68103243494,159.592654947688,0.0003210427392313,0.0015009767183019,0.0175270205980518,0.0555811331474777,0.178124499512194
3,51,8.85505993410753,53.0950620837088,60.200448277409,122.983549284661,220.865880420114,0.0003835834204457,0.0010475378088856,0.0101745923639011,0.037563074952484,0.148295599080435
3,51,16.6586108601105,128.578623879813,150.639648172674,259.664581719601,380.458535367802,0.0003515069105626,0.001273368233342,0.0135996496136509,0.0452915392295298,0.159499755878626
3,52,9.36426111120355,83.366473645719,96.7375407046314,133.463870857511,146.067853680935,0.0003852512870776,0.0016577269679875,0.0187476323375095,0.0542728793041572,0.163029202943364
3,52,8.85505993410753,59.4939536841047,63.2571544766594,119.166838418066,199.226993487062,0.0003835834204457,0.0011737845938655,0.0106912120975328,0.0363973304509815,0.133766638359717
3,52,18.2193210453111,142.860427329824,159.994695181291,252.630709275577,345.294847167997,0.0003844388530931,0.0014148069443759,0.0144442171825461,0.0440646683654932,0.144758071405076
4,1,10.8862164996926,93.8819649761375,105.411803363562,146.25655874869,155.563456411918,0.0004399015769004,0.0018356222903424,0.0192851844691194,0.0589161567591034,0.16960933255158
4,1,7.25670554292281,50.9527874065818,73.083034770492,132.418262314873,235.289209965131,0.0003088894546774,0.0009894939172256,0.0116603994099398,0.0402428167425441,0.154444086598825
4,1,18.1429220426154,144.834752382719,178.494838134054,278.674821063563,390.852666377049,0.0003760984190508,0.0014111183429181,0.0152123156762018,0.0482726462212318,0.160143137704505
4,2,14.7741509638685,96.9940305119616,97.5097156215452,137.488248682261,154.233854220363,0.0005970092829363,0.0018964707916282,0.0178394903918597,0.0553840407650866,0.16815968013661
4,2,3.62835277146141,42.4719874165809,73.5781694084756,140.063331416709,238.258158986773,0.0001544447273387,0.0008247983150724,0.0117393981496434,0.042566205597457,0.156392907880829
4,2,18.4025037353299,139.466017928542,171.087885030021,277.55158009897,392.492013207136,0.0003814794852327,0.0013588110096164,0.0145810542347211,0.0480780760282805,0.160814823400268
4,3,8.55345582118702,94.2705107267385,95.0579623235567,138.604985130609,173.513085997909,0.0003456369532789,0.0018432193111419,0.0173909399153879,0.0558338928620616,0.189179640153686
4,3,8.16379373578816,50.3251905474369,73.2918616672059,138.187706829028,236.031447220541,0.0003475006365121,0.0009773060997145,0.0116937177447746,0.0419961904406322,0.154931291919326
4,3,16.7172495569752,144.595701274175,168.349823990763,276.792691959637,409.54453321845,0.0003465445706314,0.0014087892789427,0.0143477015545802,0.0479466198079744,0.167801712054998
4,4,10.1086296068574,91.7153369410682,99.5028866784413,133.104093649047,153.569053124586,0.0004084800356933,0.0017932594071511,0.0182041428338464,0.0536179827680782,0.167434853929124
4,4,5.44252915719211,64.9896756019469,72.3091547839011,134.773769703956,240.484870753004,0.0002316670910081,0.0012620877475741,0.011536926845242,0.0409586715690421,0.157854523842332
4,4,15.5511587640495,156.705012543015,171.812041462342,267.877863353003,394.05392387759,0.0003223717883938,0.0015267697426812,0.0146427708443586,0.0464023742036942,0.161454781361663
4,5,9.33104271402221,106.059452790646,103.344564979839,142.371880912019,156.893058603473,0.0003770584944861,0.0020737219943523,0.0189069813429074,0.057351301888033,0.171058984966551
4,5,6.34961735005746,65.6371637898127,73.856914757083,127.742890224484,223.413413878563,0.0002702782728428,0.0012746618510918,0.0117838719746376,0.0388219391464516,0.146648801470809
4,5,15.6806600640797,171.696616580459,177.201479736922,270.114771136503,380.306472482036,0.0003250563192589,0.0016728322525345,0.0151020885322389,0.0467898561356833,0.155822070646572
4,6,10.1086296068574,95.4986014194395,91.7930563935572,133.399438635789,166.200273944357,0.0004084800356933,0.0018672314912305,0.0167936224317167,0.0537369558362657,0.181206551871347
4,6,6.34961735005746,59.803096075361,70.3050005950134,123.96426229149,231.578023688078,0.0002702782728428,0.0011613653110995,0.0112171640111599,0.037673588240863,0.15200805999632
4,6,16.4582469569149,155.3016974948,162.098056988571,257.363700927279,397.778297632435,0.0003411755089012,0.0015130973085944,0.0138148914511307,0.0445810885878912,0.162980760203291
4,7,5.44310824984629,95.0031723269175,105.337736036736,142.345311633699,164.870671752802,0.0002199507884502,0.0018575446393869,0.0192716337848942,0.057340599053371,0.179756899456376
4,7,9.07088192865351,59.9158992112166,68.0221010575183,124.701907837481,235.289209965131,0.0003861118183468,0.0011635559275987,0.0108529273520836,0.0378977637738245,0.154444086598825
4,7,14.5139901784998,154.919071538134,173.359837094254,267.04721947118,400.159881717933,0.0003008715325696,0.0015093694014654,0.0147746825343606,0.0462584883007984,0.163956561012568
4,8,5.44310824984629,88.408750834127,101.981113658517,138.966753313152,166.200273944357,0.0002199507884502,0.0017286075524058,0.018657536694326,0.0559796230169041,0.181206551871347
4,8,9.07088192865351,55.7499669256683,63.0462105817626,118.008340408301,227.124600155615,0.0003861118183468,0.001082654275973,0.0100590239441363,0.0358635427932935,0.149084828073314
4,8,14.5139901784998,144.158717759795,165.02732424028,256.975093721453,393.324874099972,0.0003008715325696,0.0014045317686245,0.0140645397804537,0.0445137732197705,0.161156069522206
4,9,8.55345582118702,82.7533620753381,81.5873500072051,127.201580067462,152.904252028808,0.0003456369532789,0.0016180308546468,0.0149264792464356,0.0512402882672593,0.166710027721639
4,9,6.34961735005746,48.5280110283504,66.7219084033281,127.822439530186,231.578023688078,0.0002702782728428,0.0009424051984525,0.0106454815925399,0.0388461147252229,0.15200805999632
4,9,14.9030731712445,131.281373103689,148.309258410533,255.024019597648,384.482275716886,0.0003089371296166,0.0012790683908553,0.0126397339005961,0.0441758040032824,0.157533012620344
4,10,8.55345582118702,98.9979901330144,90.2937658205372,123.205762495111,136.94902573015,0.0003456369532789,0.0019356531090231,0.0165193258695587,0.0496306632597553,0.14931419874199
4,10,9.07088192865351,51.640814164206,57.7065315201814,114.36401929627,218.217753090689,0.0003861118183468,0.0010028552724372,0.0092070780612859,0.0347560086503541,0.143238364227301
4,10,17.6243377498405,150.63880429722,148.000297340719,237.569781791381,355.166778820839,0.0003653482911387,0.0014676669542497,0.0126134025322787,0.0411523437442337,0.145521643477551
4,11,10.1086296068574,103.120915448278,98.1217862357275,114.319670373423,120.328998335714,0.0004084800356933,0.0020162663941417,0.0179514692625932,0.0460511014206394,0.131193543554855
4,11,6.34961735005746,70.6371637898127,63.0849510040404,110.132887319505,210.795380536584,0.0002702782728428,0.0013717609469008,0.0100652049791534,0.0334701386670313,0.138366311022291
4,11,16.4582469569149,173.758079238091,161.206737239768,224.452557692928,331.124378872298,0.0003411755089012,0.0016929169885634,0.0137389282606599,0.0388801502396587,0.135670807863725
4,12,6.99828203551666,92.9866349619421,89.9092509062714,118.151209653452,134.954622442818,0.0002827938708645,0.001818116396301,0.0164489785192988,0.0475945506223859,0.147139720119533
4,12,9.97797012151886,47.0132173050612,54.3247038325477,110.311100758393,203.373007982479,0.0004247230001815,0.0009129881782788,0.0086675073976259,0.0335242989515484,0.133494257817281
4,12,16.9762521570355,139.999852267003,144.233954738819,228.462310411845,338.327630425297,0.0003519136323615,0.001364012133067,0.0122924140196484,0.0395747281484061,0.138622179069824
4,13,9.33104271402221,76.6259817473888,91.3820677972037,118.683898447897,126.977009293489,0.0003770584944861,0.0014982255660139,0.0167184316974491,0.0478091322916514,0.138441805629709
4,13,6.34961735005746,46.6939433138988,66.3118170025625,118.107004541487,211.537617791994,0.0002702782728428,0.0009067879351074,0.0105800515027451,0.0358935274990393,0.138853516342792
4,13,15.6806600640797,123.319925061288,157.693884799766,236.790902989384,338.514627085483,0.0003250563192589,0.0012015003680983,0.0134395435792884,0.0410174246987508,0.138698796768713
4,14,6.22069514268147,90.0861227538436,80.1057085555769,110.934469733297,123.653003814602,0.0002513723296574,0.001761404280572,0.0146554116069494,0.044687449675507,0.134817674592282
4,14,4.53544096432676,50.285407889995,61.2508832895888,109.617361830326,209.310906025763,0.0001930559091734,0.0009765335277012,0.0097725794448889,0.0333134669404548,0.137391900381289
4,14,10.7561361070082,140.371530643839,141.356591845166,220.551831563623,332.963909840365,0.000222972119675,0.0013676333784283,0.012047189266312,0.0382044581490449,0.136424514532434
4,15,6.22069514268147,79.5474863331486,88.1259864279,105.078452388772,109.027379707498,0.0002513723296574,0.0015553481341272,0.0161227286751138,0.0423284851353466,0.118871498027603
4,15,1.8141763857307,47.1770110408494,52.9782083634174,105.56444329245,194.466160917553,7.72223636693741e-05,0.0009161690230077,0.0084526740231904,0.032081757241649,0.127647793971269
4,15,8.03487152841217,126.724497373998,141.104194791317,210.642895681222,303.493540625051,0.0001665609581529,0.0012346709598328,0.012025678595757,0.0364880111645112,0.124349689920906
4,16,10.8862164996926,97.2596509472993,80.8094956179776,104.374842982426,117.669793952605,0.0004399015769004,0.001901664321525,0.0147841700845799,0.0420450519516582,0.128294238724913
4,16,5.44252915719211,45.3259464597535,60.0357338726166,106.027798233558,175.16799227688,0.0002316670910081,0.000880221683586,0.009578702335254,0.0322225739813933,0.114980455638242
4,16,16.3287456568847,142.585597407053,140.845229490594,210.402641215984,292.837786229485,0.0003384909780361,0.0013892049292517,0.0120036081429362,0.0364463937741807,0.11998373289845
4,17,10.1086296068574,92.9320724626968,92.8901829309196,105.393724334254,115.675390665272,0.0004084800356933,0.0018170495658415,0.016994342720943,0.0424554853295306,0.126119760102457
4,17,17.2346756644417,36.3678676669556,52.3668524586001,99.3781374223019,176.652466787701,0.000733612454859,0.0007062574133926,0.0083551321784356,0.0302016965227302,0.115954866279244
4,17,27.3433052712991,129.299940129652,145.25703538952,204.771861756556,292.327857452973,0.0005668201549896,0.0012597633803593,0.012379606601705,0.035471018159845,0.119774800988037
4,18,3.11034757134074,85.4410983828607,89.3060048527851,111.467158527741,115.675390665272,0.0001256861648287,0.0016705826805263,0.0163386141099012,0.0449020313447725,0.126119760102457
4,18,6.34961735005746,46.4188582668882,55.9962474652256,106.738065021918,191.497211895911,0.0002702782728428,0.0009014458332403,0.0089342022119474,0.0324384289224158,0.125698972689264
4,18,9.4599649213982,131.859956649749,145.302252318011,218.205223549659,307.172602561183,0.0001961028021207,0.001284705503781,0.0123834602380191,0.0377979737094186,0.125857103258322
4,19,8.55345582118702,75.6203041618526,84.769364049682,104.046286397783,115.010589569495,0.0003456369532789,0.0014785621067609,0.0155086315845456,0.0419127003401431,0.125394933894972
4,19,7.25670554292281,54.5117700740228,60.9333975187034,108.161185565829,178.136941298522,0.0003088894546774,0.0010586087170273,0.0097219245848776,0.0328709250015064,0.116929276920246
4,19,15.8101613641098,130.132074235875,145.702761568385,212.207471963612,293.147530868017,0.000327740850124,0.0012678708247519,0.0124175938477729,0.036759030401476,0.120110643835918
4,20,13.9965640710333,92.8274024768923,87.1558745815397,104.696757247488,122.323401623047,0.0005655877417291,0.0018150030113289,0.0159452458381282,0.0421747278545077,0.133368022177311
4,20,9.07088192865351,54.0862377834749,55.7099397239559,101.253762009983,178.879178553932,0.0003861118183468,0.0010503449568974,0.0088885218070785,0.030771711679555,0.117416482240747
4,20,23.0674459996868,146.913640260367,142.865814305496,205.950519257471,301.202580176979,0.0004781826186347,0.0014313728520656,0.0121758135376476,0.0356751877232829,0.123411020120053
4,21,4.6655213570111,80.0747675827713,85.1538789639478,117.480811845007,133.625020251263,0.000188529247243,0.001565657773634,0.0155789789348055,0.0473244959820249,0.145690067704563
4,21,5.44252915719211,41.8805228404847,59.3393347305813,105.520536674526,184.817076597216,0.0002316670910081,0.000813312179964,0.0094675918405903,0.0320684137197812,0.121314124804755
4,21,10.1080505142032,121.955290423256,144.493213694529,223.001348519533,318.442096848479,0.0002095374608978,0.0011882047954721,0.0123145094993686,0.0386287686948426,0.130474526473672
4,22,3.11034757134074,87.0076273396034,73.3924637991408,93.4509881570815,105.038573132834,0.0001256861648287,0.0017012121573614,0.013427217425813,0.0376446233567974,0.114522540782691
4,22,7.25670554292281,50.8436346451195,57.8690556019551,101.698002123607,183.332602086395,0.0003088894546774,0.000987374190337,0.0092330087812289,0.0309067192923247,0.120339714163753
4,22,10.3670531142636,137.851261984723,131.261519401096,195.148990280689,288.371175219229,0.000214906522628,0.0013430785165913,0.0111868314520542,0.0338041238612712,0.118153638943308
4,23,6.99828203551666,79.1196928754275,71.4169418636365,107.180858591047,136.284224634373,0.0002827938708645,0.0015469837245534,0.0130657939064981,0.0431753920668667,0.148589372534504
4,23,8.16379373578816,54.7138346426197,64.9265811111543,108.605425679453,182.590364830985,0.0003475006365121,0.0010625327744085,0.0103590370932925,0.0330059326142761,0.119852508843252
4,23,15.1620757713048,133.833527518047,136.343522974791,215.7862842705,318.874589465358,0.0003143061913468,0.0013039339141417,0.0116199478572052,0.0373789598939334,0.130651730649718
4,24,6.22069514268147,77.5753788691964,80.726603730455,97.8019315923948,115.675390665272,0.0002513723296574,0.0015167886043954,0.0147690049390188,0.0393973028104783,0.126119760102457
4,24,6.34961735005746,38.6983496006087,44.53544696281,87.8666271516228,162.549958934901,0.0002702782728428,0.000751514951104,0.0071056313016742,0.0267032697184931,0.106697965189725
4,24,12.5703124927389,116.273728469805,125.262050693265,185.668558744018,278.225349600173,0.0002605795606898,0.0011328495982073,0.010675523602331,0.0321619033124333,0.113996613831265
4,25,6.22069514268147,95.5753788691964,92.5797353434805,111.624794500482,118.99939614416,0.0002513723296574,0.001868732678367,0.0169375460549083,0.0449655314418645,0.129743891139884
4,25,6.34961735005746,51.9166551235332,63.2937779007543,102.240906370417,172.199043255238,0.0002702782728428,0.0010082120539847,0.0100985233139881,0.0310717116108403,0.113031634356238
4,25,12.5703124927389,147.49203399273,155.873513244235,213.865700870899,291.198439399398,0.0002605795606898,0.0014370081156452,0.0132844014640306,0.0370462723456523,0.119312047202688
4,26,4.6655213570111,89.0747675827713,73.7946278347983,95.113698039034,112.351385186385,0.000188529247243,0.0017416298106198,0.0135007936987447,0.0383144085403688,0.12249562906503
4,26,3.62835277146141,41.1924960828604,62.5973787587191,100.702593833027,178.879178553932,0.0001544447273387,0.0007999508247524,0.0099874128193244,0.030604207896075,0.117416482240747
4,26,8.29387412847251,130.267263665632,136.392006593517,195.816291872061,291.230563740317,0.0001719300198831,0.0012691879691593,0.0116240798988985,0.0339197152646145,0.119325209432843
4,27,11.6638033925278,97.6709070400451,80.6084136001488,99.3535017386674,105.703374228611,0.0004713231181076,0.001909705385121,0.014747381948114,0.0400223178576162,0.115247366990176
4,27,9.97797012151886,48.4542346376201,61.088359207815,98.3114437561664,175.16799227688,0.0004247230001815,0.0009409724742862,0.0097466487249459,0.0298775210126736,0.114980455638242
4,27,21.6417735140467,146.125141677665,141.696772807964,197.664945494834,280.871366505491,0.0004486287702152,0.0014236905465753,0.0120761813662922,0.0342399429837071,0.115080760073798
4,28,10.8862164996926,86.826179904042,76.7490861773588,106.885513604305,123.653003814602,0.0004399015769004,0.0016976644157123,0.0140413145163812,0.0430564189986791,0.134817674592282
4,28,9.07088192865351,51.9770850220127,50.3702606623747,104.826797746459,190.7549746405,0.0003861118183468,0.0010093855916852,0.0080365759242282,0.0318575817086876,0.125211767368763
4,28,19.9570984283461,138.803264926055,127.119346839734,211.712311350764,314.407978455102,0.0004137058600656,0.001352353837541,0.0108338126351099,0.036673257625179,0.128821636694576
4,29,10.1086296068574,86.2539733617632,79.6294771930926,102.34372259835,119.664197239937,0.0004084800356933,0.0016864763767322,0.0145682846497925,0.0412268609045787,0.13046871734737
4,29,9.07088192865351,41.3657291171954,48.7374574519747,99.2355666711916,182.590364830985,0.0003861118183468,0.0008033149789521,0.0077760621449238,0.0301583682951166,0.119852508843252
4,29,19.1795115355109,127.619702478959,128.366934645067,201.579289269542,302.254562070922,0.0003975866704233,0.0012433929020704,0.0109401389565146,0.0349179939518699,0.123842046171035
4,30,7.77586892835184,84.8034695618973,85.3637855424725,105.051883110451,117.004992856827,0.0003142154120717,0.0016581154758079,0.0156173815326073,0.0423177823006846,0.127569412517428
4,30,9.07088192865351,41.0862377834749,55.2611079009125,104.05350951269,188.528262874269,0.0003861118183468,0.0007978873077939,0.0088169106822667,0.0316225741188227,0.12375015140726
4,30,16.8467508570054,125.889707345372,140.624893443385,209.105392623141,305.533255731096,0.0003492291014964,0.0012265376389102,0.0119848298883938,0.0362216816091408,0.12518541756256
4,31,10.1086296068574,76.8762873906013,80.0316412287502,91.6040730240672,102.379368749724,0.0004084800356933,0.0015031196542256,0.0146418609227242,0.0369006352414719,0.111623235952749
4,31,3.62835277146141,48.6379197021293,60.6007869624937,100.738236520805,177.394704043111,0.0001544447273387,0.0009445396050216,0.009668856565117,0.0306150399529784,0.116442071599745
4,31,13.7369823783188,125.514207092731,140.632428191244,192.342309544872,279.774072792835,0.0002847643473791,0.0012228791571884,0.0119854720412099,0.0333179446445809,0.114631168518604
4,32,4.6655213570111,80.641296539514,77.6363061361966,103.375888589338,113.68098737794,0.000188529247243,0.001576734801915,0.0142036322078057,0.0416426456997822,0.123945281480001
4,32,5.44252915719211,37.6578110308502,57.4202237789117,103.466698647956,190.01273738509,0.0002316670910081,0.0007313078802485,0.009161397656417,0.0314442382784393,0.124724562048262
4,32,10.1080505142032,118.299107570364,135.056529915108,206.842587237294,303.69372476303,0.0002095374608978,0.0011525827737963,0.0115102632024464,0.0358297136392983,0.124431710893852
4,33,6.99828203551666,90.3922134691516,84.5771065925491,102.692206141733,116.34019176105,0.0002827938708645,0.0017673891035359,0.0154734579094157,0.0413672396420902,0.126844586309943
4,33,3.62835277146141,57.1924960828604,56.7625650591544,90.7020173421073,170.714568744417,0.0001544447273387,0.0011106679313413,0.0090564681967705,0.0275649642146642,0.112057223715236
4,33,10.6266348069781,147.584709552012,141.339671651703,193.39422348384,287.054760505467,0.0002202875888099,0.0014379110493645,0.0120457472339993,0.0335001594181912,0.11761426745907
4,34,11.6638033925278,90.0485930112069,84.1572934354998,114.477306346164,123.653003814602,0.0004713231181076,0.0017606704822098,0.0153966527138121,0.0461146015177315,0.134817674592282
4,34,6.34961735005746,48.4188582668882,60.48456569566,109.15659385641,182.590364830985,0.0002702782728428,0.0009402854715639,0.0096503134600658,0.0331734363977561,0.119852508843252
4,34,18.0134207425853,138.467451278095,144.64185913116,223.633900202574,306.243368645587,0.0003734138881857,0.0013490820205866,0.0123271778842333,0.0387383406450301,0.125476370445919
4,35,4.6655213570111,91.102660118819,87.632105944024,105.913128489538,111.686584090608,0.000188529247243,0.0017812800751038,0.0160323727952851,0.0426647155814651,0.121770802857545
4,35,3.62835277146141,48.9174110358498,54.5259683365994,102.400004981821,188.528262874269,0.0001544447273387,0.0009499672761798,0.0086996191525859,0.0311200627683828,0.12375015140726
4,35,8.29387412847251,140.020071154669,142.158074280623,208.313133471359,300.214846964877,0.0001719300198831,0.0013642091247613,0.0121154960248972,0.0360844447909613,0.123006318529381
4,36,7.77586892835184,90.7755770258496,80.4161561430159,103.6978028544,118.334595048382,0.0003142154120717,0.0017748847997557,0.0147122082729841,0.0417723216026317,0.129019064932399
4,36,8.16379373578816,57.4911228329853,59.8656473981806,99.6002574791138,178.879178553932,0.0003475006365121,0.0011164672088256,0.0095515650354363,0.0302692003291151,0.117416482240747
4,36,15.93966266414,148.266699858835,140.281803541196,203.298060333514,297.213773602314,0.0003304253809891,0.0014445556496128,0.0119555898725369,0.0352157231374123,0.121776695845169
4,37,4.6655213570111,90.0747675827713,82.1905960606914,103.717729813141,112.351385186385,0.000188529247243,0.0017611822591738,0.0150368436558331,0.0417803487286281,0.12249562906503
4,37,7.25670554292281,44.2322787403023,60.2757387989461,102.613861108486,179.621415809343,0.0003088894546774,0.0008589828542511,0.0096169951252311,0.0311850551098032,0.117903687561248
4,37,11.9222268999339,134.307046323074,142.466334859637,206.331590921627,291.972800995728,0.0002471449019126,0.0013085473861192,0.0121417676935208,0.035741197768821,0.119629324546357
4,38,6.22069514268147,76.0861227538436,77.6363061361966,108.068673248454,122.988202718824,0.0002513723296574,0.0014876700008163,0.0142036322078057,0.0435330281823091,0.134092848384796
4,38,10.8850583143842,46.660705492927,52.2818092213822,101.964028798343,195.208398172963,0.0004633341820162,0.0009061424626348,0.0083415635285267,0.0309875666205775,0.12813499929177
4,38,17.1057534570657,122.746828246771,129.918115357579,210.032702046797,318.196600891787,0.0003545981632266,0.0011959167121461,0.0110723391417762,0.0363823121231388,0.130373939996514
4,39,10.8862164996926,86.7210145266043,89.3236539741768,104.388127621586,113.68098737794,0.0004399015769004,0.0016956081750803,0.016341843032573,0.0420504033689891,0.123945281480001
4,39,2.72126457859605,38.8244992287152,51.8329773983387,98.0619449417233,185.559313852627,0.000115833545504,0.0007539647540692,0.0082699524037149,0.0298016966143498,0.121801330125256
4,39,13.6074810782887,125.54551375532,141.156631372516,202.450072563309,299.240301230567,0.000282079816514,0.0012231841765647,0.0120301475307385,0.0350688328892198,0.122607020212766
4,40,6.99828203551666,93.7698994403134,82.6933011052634,97.8351431902956,105.703374228611,0.0002827938708645,0.0018334311347185,0.0151288139969978,0.0394106813538058,0.115247366990176
4,40,2.72126457859605,47.9904315142635,59.0530269893117,103.644912086844,182.590364830985,0.000115833545504,0.0009319655015039,0.0094219114357214,0.0314983985629564,0.119852508843252
4,40,9.71954661411271,141.760330954577,141.746328094575,201.48005527714,288.293739059596,0.0002014838683026,0.0013811643960942,0.0120804047414398,0.0349008044282881,0.118121911208941
4,41,13.2189771781981,98.9826753408892,82.8026666748736,100.996284661879,118.99939614416,0.000534166200522,0.001935353667338,0.0151488225265666,0.0406840759151912,0.129743891139884
4,41,7.25670554292281,47.7912614077434,48.1261015471575,102.844245095445,192.981686406732,0.0003088894546774,0.0009280976540528,0.0076785203001689,0.0312550703811525,0.126673383330267
4,41,20.4756827211209,146.773936748633,130.928768222031,203.840529757324,311.981082550892,0.0004244559879777,0.0014300117271647,0.0111584725592679,0.0353096908467356,0.127827270381088
4,42,6.22069514268147,91.5474863331486,80.7177791697591,104.861035539809,123.653003814602,0.0002513723296574,0.001789977516775,0.0147673904776828,0.0422409036602652,0.134817674592282
4,42,6.34961735005746,48.9734346476193,55.7486801462338,101.884479492642,187.043788363448,0.0002702782728428,0.0009510552445891,0.0088947028420956,0.0309633910418062,0.122775740766258
4,42,12.5703124927389,140.520920980768,136.466459315993,206.745515032451,310.69679217805,0.0002605795606898,0.0013690888816223,0.0116304251710032,0.0358128985851631,0.127301061127005
4,43,4.6655213570111,91.7249741476572,90.5036723990619,112.117629377446,122.988202718824,0.000188529247243,0.0017934478381371,0.0165577284673604,0.045164058859137,0.134092848384796
4,43,6.34961735005746,65.803096075361,67.6120096567527,111.120031679939,204.115245237889,0.0002702782728428,0.0012778842260703,0.0107874972622889,0.0337701385983166,0.133981463137782
4,43,11.0151387070686,157.528070223018,158.115682055815,223.237661057385,327.103447956713,0.0002283411814052,0.0015347887558698,0.0134754914704288,0.0386697032561131,0.134023321358686
4,44,10.1086296068574,111.365543505954,94.481189952158,115.436406821771,139.60823011326,0.0004084800356933,0.0021774690600861,0.017285418889998,0.0465009535176145,0.152213503571931
4,44,9.07088192865351,54.8591196871305,63.4487395898659,102.959437088924,199.661821705426,0.0003861118183468,0.0010653541836998,0.0101232474540564,0.0312900780168272,0.131058231214776
4,44,19.1795115355109,166.224663193084,157.929929542024,218.395843910695,339.270051818686,0.0003975866704233,0.0016195192619056,0.0134596606155594,0.0378309933744738,0.139008315156283
4,45,8.55345582118702,86.7812546113858,87.0288598905376,117.329818191846,128.306611485044,0.0003456369532789,0.0016967860162389,0.0159220083858875,0.0472636715935984,0.13989145804468
4,45,5.44252915719211,45.4350992212158,73.0055539259363,124.970521479408,201.146296216247,0.0002316670910081,0.0008823414104746,0.0116480373399057,0.0379793972991228,0.132032641855778
4,45,13.9959849783791,132.216353832602,160.034413816474,242.300339671254,329.452907701291,0.0002901334091092,0.0012881778651709,0.0136390163854697,0.0419717810586371,0.134985959937808
4,46,11.6638033925278,79.2653285328355,81.9895140428626,120.149118439627,142.932235592147,0.0004713231181076,0.0015498312582525,0.0150000555193673,0.0483993631261379,0.155837634609358
4,46,6.34961735005746,45.0869936957915,57.2652620898001,111.254338500903,187.043788363448,0.0002702782728428,0.0008755812641216,0.0091366735163488,0.0338109553609658,0.122775740766258
4,46,18.0134207425853,124.352322228627,139.254776132663,231.40345694053,329.976023955595,0.0003734138881857,0.001211558966301,0.0118680609259856,0.0400841998162165,0.135200295122277
4,47,6.99828203551666,88.5810564547325,85.3637855424725,119.800634896244,146.256241071034,0.0002827938708645,0.0017319765491883,0.0156173815326073,0.0482589843886264,0.159461765646785
4,47,9.07088192865351,64.143017307561,54.4484874920436,103.973960206989,180.363653064753,0.0003861118183468,0.0012456457966053,0.0086872570825518,0.0315983985400514,0.118390892881749
4,47,16.0691639641702,152.724073762294,139.812273034516,223.774595103233,326.619894135787,0.0003331099118542,0.0014879836389105,0.0119155738902155,0.0387627121154727,0.133825195996385
4,48,5.44310824984629,90.8143293413366,92.6979254737867,114.430810109103,137.613826825928,0.0002199507884502,0.0017756425024106,0.016959169045813,0.046095871557073,0.150039024949475
4,48,7.25670554292281,52.2890582643884,57.6677910979035,110.640148878538,201.146296216247,0.0003088894546774,0.0010154440556354,0.0092008970262688,0.0336242989286435,0.132032641855778
4,48,12.6998137927691,143.103387605725,150.36571657169,225.070958987641,338.760123042175,0.0002632640915549,0.0013942497353849,0.0128149966199524,0.0389872710294326,0.13879938324587
4,49,7.77586892835184,87.6983041844596,96.9505923715383,113.274219743274,130.301014772376,0.0003142154120717,0.0017147165808379,0.0177371982891417,0.045629965208105,0.142065936667136
4,49,9.97797012151886,47.9564377809751,59.625642471851,111.778127920229,199.661821705426,0.0004247230001815,0.0009313053493508,0.0095132722454592,0.0339701385525068,0.131058231214776
4,49,17.7538390498707,135.654741965435,156.576234843389,225.052347663503,329.962836477802,0.0003680328220038,0.0013216779228883,0.0133442912788318,0.038984047136214,0.135194891848221
4,50,10.1086296068574,107.120915448278,92.1952204292147,117.96700440239,139.60823011326,0.0004084800356933,0.0020944761883576,0.0168671987046484,0.0475203476906319,0.152213503571931
4,50,9.07088192865351,46.4748818786577,59.9119502131207,113.9115152525,202.630770727068,0.0003861118183468,0.0009025338016497,0.0095589526503281,0.0346184895726199,0.13300705249678
4,50,19.1795115355109,153.595797326936,152.107170642335,231.87851965489,342.239000840328,0.0003975866704233,0.0014964768015789,0.0129634129514004,0.0401664911917189,0.140224775610341
4,51,10.8862164996926,99.1265930338139,98.8079241767364,134.280610973616,154.898655316141,0.0004399015769004,0.0019381676106249,0.0180769988175518,0.0540919162430426,0.168884506344095
4,51,8.16379373578816,46.3251905474369,58.0315796837289,112.488394708588,215.991041324458,0.0003475006365121,0.0008996268230673,0.0092589395011718,0.0341859934935293,0.141776748265798
4,51,19.0500102354808,145.451783581251,156.839503860465,246.769005682204,370.889696640599,0.0003949021395582,0.0014171300495567,0.0133667285181234,0.0427458529055451,0.151963757373987
4,52,6.99828203551666,111.070312570085,103.270497653013,123.04148420279,135.619423538595,0.0002827938708645,0.002171696572401,0.0188934306586822,0.0495644874539978,0.147864546327019
4,52,8.16379373578816,43.2160377859747,48.2035823917133,105.394493783708,213.022092302815,0.0003475006365121,0.0008392476386933,0.0076908823702031,0.0320301084220965,0.139827926983794
4,52,15.1620757713048,154.28635035606,151.474080044726,228.435977986498,348.64151584141,0.0003143061913468,0.0015032048280375,0.0129094574750228,0.0395701667895863,0.142848062924656
5,1,7.13374536261634,80.855731157731,104.025286500978,128.982787121058,147.002449857617,0.0002836480843184,0.0015561053420413,0.0181936010034362,0.0509068847817096,0.156488130280268
5,1,13.46061480368,57.0979952110098,67.6066779412087,127.869920849179,235.964791194922,0.0005639136367179,0.0010933106329854,0.0102876214919493,0.0383881542737133,0.152165729019181
5,1,20.5943601662963,137.953726368741,171.631964442187,256.852707970237,382.967241052539,0.0004201217623159,0.0013241204374449,0.0139659239625606,0.043796590029455,0.153796348590788
5,2,11.8895756043606,92.6456700080903,103.699309738473,144.305288082879,165.460156566197,0.0004727468071974,0.0017830080805942,0.0181365889888301,0.0569543645147919,0.176136864127117
5,2,7.17899456196266,61.8913374556651,80.1829479304881,145.673270344714,264.07344970717,0.0003007539395829,0.0011850934009137,0.0122013363699792,0.0437329431222928,0.170292054106105
5,2,19.0685701663233,154.537007463755,183.882257668961,289.978558427593,429.533606273367,0.0003889958822916,0.0014832916464857,0.0149627468112662,0.0494449606591545,0.172497000161991
5,3,8.71902210986442,92.080314575555,110.398586610572,143.682716326792,166.119360377217,0.0003466809919447,0.0017721275580125,0.0193082653621642,0.0567086480950828,0.176838604621648
5,3,9.87111752269865,62.3207451642073,87.8966140580968,157.167624274355,287.743898980642,0.0004135366669264,0.0011933156863355,0.0133751150535748,0.0471836923602482,0.185556327863515
5,3,18.5901396325631,154.401059739762,198.295200668669,300.850340601147,453.863259357859,0.0003792359733959,0.001481986780249,0.0161355473829129,0.0512987351064142,0.18226757948515
5,4,18.2306825933529,113.617954917427,123.087394142277,144.832665135037,156.231303211907,0.0007248784377027,0.0021866292477638,0.0215274863728083,0.0571625095194854,0.166312497203693
5,4,8.07636888220799,50.0430064671209,81.8592325935985,159.277493076431,287.743898980642,0.0003383481820307,0.0009582219283684,0.0124564144577065,0.0478171014413948,0.185556327863515
5,4,26.3070514755609,163.660961384548,204.946626735875,304.110158211468,443.975202192549,0.0005366597815131,0.0015708660395437,0.0166767828747929,0.0518545746635606,0.17829662081385
5,5,3.96319186812019,102.050935064907,109.073900198164,142.837389625467,170.074583243341,0.0001575822690658,0.0019640166867705,0.0190765830774748,0.0563750148254989,0.18104904758883
5,5,8.97374320245332,57.365249479556,74.0241560681819,141.220715400803,257.416135849006,0.0003759424244786,0.0010984280093913,0.0112641609095579,0.0423962302740799,0.165998977111834
5,5,12.9369350705735,159.416184544463,183.098056266346,284.05810502627,427.490719092347,0.0002639114746429,0.001530123423057,0.0148989352876036,0.0484354495177096,0.171676594249045
5,6,8.71902210986442,105.080314575555,97.9590019513734,134.507874308845,170.733787054362,0.0003466809919447,0.0020223184740662,0.0171326324218426,0.0530875244093336,0.18175078808336
5,6,7.17899456196266,64.7207634546858,75.9908579340616,138.350562058448,250.758821990842,0.0003007539395829,0.001239271161771,0.0115634314106359,0.041534574236727,0.161705900117562
5,6,15.8980166718271,169.801078030241,173.949859885435,272.858436367293,421.492609045204,0.0003243170813544,0.0016298006848981,0.0141545342346552,0.046525766335472,0.16926780486758
5,7,7.92638373624038,97.0384423714268,101.568252941125,131.168452038488,150.29846891272,0.0003151645381316,0.0018675489837941,0.0177638757919647,0.0517695223057275,0.159996832752919
5,7,6.28162024171732,48.057372440292,66.9361640759645,126.280648967512,237.444194274514,0.000263159697135,0.0009202010698999,0.0101855902568583,0.0379110349185815,0.153119746129019
5,7,14.2080039779577,145.095814811719,168.50441701709,257.449101006,387.742663187234,0.000289841083773,0.0013926723027864,0.0137114312189148,0.0438982824799265,0.155714117027788
5,8,9.51166048348846,83.2137249638903,116.503702645143,152.198812506592,155.572099400886,0.0003781974457579,0.0016014860059192,0.0203760254130979,0.0600697781860937,0.165610756709162
5,8,8.97374320245332,57.4377368171331,85.2593983269729,135.021644316682,229.307477336758,0.0003759424244786,0.0010998159946723,0.012973813317406,0.0405351913718067,0.147872652024909
5,8,18.4854036859418,140.651461781023,201.763100972116,287.220456823274,384.879576737644,0.000377099376283,0.0013500140953275,0.0164177350983835,0.0489746699381474,0.154564326146363
5,9,12.6822139779846,99.9023324598267,102.911900556047,132.590657416276,154.912895589865,0.0005042632610105,0.0019226658518474,0.0179988743141258,0.0523308378651055,0.164909016214632
5,9,4.48687160122666,50.0717384134631,71.8594731365391,136.001005636501,245.58091121227,0.0001879712122393,0.0009587720867816,0.010934763883569,0.0408292079253888,0.158366840233129
5,9,17.1690855792113,149.97407087329,174.771373692586,268.591663052777,400.493806802135,0.0003502466904844,0.0014394952391451,0.0142213819188972,0.045798228272583,0.160834866580514
5,10,8.71902210986442,105.890174740627,117.290202747632,142.165316245073,152.935284156803,0.0003466809919447,0.002037904601495,0.0205135810934056,0.0561097611206891,0.162803794731041
5,10,5.38424592147199,62.2234074249189,63.1400362110641,121.862445424155,223.38986501839,0.0002255654546871,0.0011914518663368,0.0096079383473369,0.0365846347917282,0.144056583585557
5,10,14.1032680313364,168.113582165546,180.430238958696,264.027761669228,376.325149175193,0.0002877044866601,0.0016136036033015,0.0146818514024093,0.0450200261683119,0.151128941647748
5,11,7.92638373624038,90.6828131142511,108.4788302807,131.93191157813,148.980061290679,0.0003151645381316,0.0017452320064133,0.0189725077606778,0.0520708442703672,0.158593351763859
5,11,6.28162024171732,51.4966071056529,66.8595934080094,133.343058793574,250.019120451046,0.000263159697135,0.0009860554280972,0.0101739385965003,0.0400312589411399,0.161228891562643
5,11,14.2080039779577,142.179420219904,175.338423688709,265.274970371704,398.999181741725,0.000289841083773,0.0013646798897916,0.0142675235403286,0.0452326908065599,0.160234638017435
5,12,8.71902210986442,103.840873915267,101.491499051127,123.811823664497,135.136781259244,0.0003466809919447,0.001998464874513,0.0177504518476811,0.0488660105940051,0.143856801378721
5,12,5.38424592147199,52.368382100073,75.6873319395418,116.868682719503,219.69135731941,0.0002255654546871,0.0010027481485237,0.0115172442492536,0.0350854445846849,0.141671540810961
5,12,14.1032680313364,156.20925601534,177.178830990669,240.680506384,354.828138578654,0.0002877044866601,0.0014993423798869,0.0144172799596695,0.041039027968524,0.142495927172989
5,13,5.54846861536827,92.9867769970826,89.1864609694088,125.365397828275,154.912895589865,0.0002206151766921,0.0017895728398287,0.0155983505584549,0.0494791747434279,0.164909016214632
5,13,3.58949728098133,48.1887300663889,57.4089374183862,116.286253278097,231.526581956146,0.0001503769697914,0.000922716301631,0.0087358443929008,0.0349105919602229,0.149303677689666
5,13,9.1379658963496,141.175507063472,146.595398387795,241.651651106372,386.439477546011,0.0001864130910286,0.0013550440360685,0.0119286648836025,0.0412046202552517,0.155190768888127
5,14,6.3411069889923,94.1448377980982,85.3090259046356,114.341878537195,129.863150771079,0.0002521316305052,0.0018118602469558,0.0149202028805386,0.0451284157083231,0.138242877422479
5,14,3.58949728098133,43.1887300663889,62.1342654131978,111.148986875125,201.938520364307,0.0001503769697914,0.0008269764574434,0.0094548914947005,0.0333683201427949,0.130223335492904
5,14,9.93060426997363,137.333567864487,147.443291317833,225.49086541232,331.801671135386,0.0002025827912629,0.0013181679737344,0.01199765907258,0.0384490047463107,0.133248695989491
5,15,10.3042988571125,96.4457370029465,92.0083027767338,121.557619127632,145.684042235575,0.0004097138995711,0.0018561420992487,0.0160918792538727,0.0479763218751148,0.155084649291207
5,15,8.97374320245332,54.1946754785767,61.3264756810945,106.963600671529,194.541504966347,0.0003759424244786,0.0010377179572235,0.0093319711669751,0.0321118147018613,0.125453249943713
5,15,19.2780420595658,150.640412481523,153.334778457828,228.521219799161,340.225547201922,0.0003932690765173,0.0014458909818699,0.0124770573110782,0.0389657179621193,0.136631652130736
5,16,5.54846861536827,85.6064973272268,89.4934765293982,106.739648678156,122.611908849851,0.0002206151766921,0.0016475359989569,0.0156520463355893,0.0421279700817685,0.130523731982645
5,16,5.38424592147199,52.4174254317741,73.583354206803,118.183915580744,220.431058859206,0.0002255654546871,0.0010036872287108,0.0111970846555412,0.0354802939882656,0.142148549365881
5,16,10.9327145368403,138.023922759001,163.076830736201,224.9235642589,343.042967709057,0.0002230256857229,0.0013247942030431,0.0132697812177307,0.0383522728245961,0.137763103962625
5,17,12.6822139779846,109.257961717002,90.2998469143393,111.874438052657,127.885539338016,0.0005042632610105,0.0021027191944714,0.0157930772477653,0.0441545670944439,0.136137655938888
5,17,1.79474864049066,45.714818042498,65.9303932780982,114.786295037871,213.773745001042,7.5188484895726e-05,0.0008753459112908,0.0100325434042219,0.034460285680626,0.137855472371609
5,17,14.4769626184753,154.9727797595,156.230240192437,226.660733090528,341.659284339058,0.000295327798443,0.0014874743171395,0.0127126649297026,0.0386484817753679,0.137207428627766
5,18,8.71902210986442,92.2211535851225,98.0745873263382,128.301194743099,145.684042235575,0.0003466809919447,0.0017748380688448,0.0171528478354663,0.0506378741220139,0.155084649291207
5,18,9.87111752269865,60.4678751593107,70.7164264718137,127.637103509419,229.307477336758,0.0004135366669264,0.0011578369892217,0.0107608279382981,0.0383182595877936,0.147872652024909
5,18,18.5901396325631,152.689028744433,168.791013798152,255.938298252518,374.991519572333,0.0003792359733959,0.0014655542032529,0.0137347519847479,0.0436406717685873,0.150593367475062
5,19,5.54846861536827,78.7719867494745,92.5844114916828,124.047906151982,143.047226991493,0.0002206151766921,0.0015160027326319,0.016192638333198,0.0489591875539514,0.152277687313086
5,19,4.48687160122666,41.2913557461436,64.9694622100847,108.066627033342,184.185683409203,0.0001879712122393,0.0007906455930862,0.0098863197557803,0.032442957052338,0.118775130174846
5,19,10.0353402165949,120.063342495618,157.553873701767,232.114533185324,327.232910400696,0.0002047193883758,0.0011524032715249,0.0128203707699619,0.0395784227082159,0.13141392099242
5,20,6.3411069889923,88.7152573028819,77.0737621526525,110.006722784395,129.863150771079,0.0002521316305052,0.0017073654994262,0.0134798886271361,0.0434174178353165,0.138242877422479
5,20,6.28162024171732,57.7162244383334,60.4421152810362,109.840624293995,199.719415744919,0.000263159697135,0.0011051484669647,0.0091973991788916,0.0329755332834861,0.128792309828147
5,20,12.6227272307096,146.431481741215,137.515877433689,219.84734707839,329.582566515998,0.0002575016833044,0.0014054924267911,0.0111898520425699,0.0374867144876326,0.13235752266964
5,21,8.71902210986442,91.0310137501946,92.5266188042004,107.725863163035,117.997482172706,0.0003466809919447,0.0017519332861116,0.0161825306263861,0.042517208896283,0.125611548520932
5,21,8.07636888220799,57.019562461245,52.9264302191904,106.696431931214,195.281206506143,0.0003383481820307,0.0010918088051371,0.0080537470202068,0.032031607294582,0.125930258498632
5,21,16.7953909920724,148.05057621144,145.453049023391,214.422295094249,313.278688678849,0.0003426233787016,0.0014210329716869,0.0118357103782235,0.0365616754661813,0.125810025624378
5,22,5.54846861536827,86.9621265844024,83.619531244756,111.369907540312,132.499966015161,0.0002206151766921,0.0016736257009325,0.014624717111903,0.0439554391547079,0.1410498394006
5,22,2.692122960736,57.0370610549331,63.7657103464554,102.798825308265,182.706280329611,0.0001127827273435,0.0010921438676638,0.009703146378233,0.0308614968937435,0.117821113065008
5,22,8.24059157610427,143.999187639336,147.385241591211,214.168732848577,315.206246344772,0.0001681067936815,0.0013821465526712,0.0119929354881901,0.0365184399410105,0.126584116196465
5,23,6.3411069889923,76.93004755049,77.3040238226446,101.745747087209,116.679074550665,0.0002521316305052,0.0014805537745158,0.0135201604599869,0.0401569786140237,0.124208067531872
5,23,8.07636888220799,45.3116671315025,55.8540631530837,95.1883374413511,174.569563391855,0.0003383481820307,0.0008676263902102,0.0084992411697264,0.0285767329680827,0.112574018960899
5,23,14.4174758712003,122.241714681993,133.158086975728,196.93408452856,291.24863794252,0.0002941142779987,0.0011733119284222,0.0108352527674381,0.0335797174617401,0.116962946816265
5,24,7.13374536261634,85.7571295070102,86.9407278770327,110.193303647573,119.975093605768,0.0002836480843184,0.0016504349838067,0.0152055809423624,0.0434910575101621,0.127716770004523
5,24,7.17899456196266,50.5501894537064,62.8206447474931,105.388069350083,193.062101886755,0.0003007539395829,0.0009679334523904,0.009559336957873,0.0316388204352733,0.124499232833875
5,24,14.312739924579,136.307318960717,149.761372624526,215.581372997656,313.037195492523,0.0002919776808858,0.0013083177349394,0.0121862844686332,0.036759312704071,0.125713044038787
5,25,8.71902210986442,92.2458039978027,82.9088759523273,102.922350979948,129.203946960058,0.0003466809919447,0.0017753124772548,0.0145004263814823,0.0406213602585695,0.137541136927948
5,25,1.79474864049066,42.8619480376014,53.0030008871455,93.1265606000516,164.213741834711,7.5188484895726e-05,0.0008207192453395,0.0080653986805649,0.0279577616968396,0.105895899192032
5,25,10.5137707503551,135.107752035404,135.911876839473,196.04891158,293.417688794769,0.0002144792972715,0.0012968039388014,0.0110593323552406,0.0334287844346382,0.117834018973943
5,26,10.3042988571125,74.3717857649059,79.9723578499749,103.672482977342,116.679074550665,0.0004097138995711,0.0014313188622358,0.0139868412668374,0.0409174221131377,0.124208067531872
5,26,7.17899456196266,41.2580847834489,51.8599542224202,88.4068369158253,158.296129516343,0.0003007539395829,0.0007900085217293,0.007891462735294,0.0265408414413475,0.102079830752679
5,26,17.4832934190752,115.629870548355,131.832312072395,192.079319893167,274.975204067008,0.000356656481823,0.0011098495039049,0.0107273726790665,0.032751919545549,0.110427675804027
5,27,7.92638373624038,82.154630968314,84.7139559871716,100.710030978024,103.49499833025,0.0003151645381316,0.0015811032600007,0.0148161275637416,0.0397482025144085,0.110173257641265
5,27,9.87111752269865,39.126727157352,61.8597136794796,108.820041293511,192.322400346959,0.0004135366669264,0.0007491973523232,0.0094131133094315,0.0326691414642724,0.124022224278956
5,27,17.797501258939,121.281358125666,146.573669666651,209.530072271535,295.817398677209,0.0003630662731616,0.0011640941437567,0.0119268967883162,0.0357274904618948,0.118797721813335
5,28,10.3042988571125,85.9915060950501,83.3892695747639,99.1831118987403,106.131813574333,0.0004097138995711,0.0016549456679039,0.0145844452790522,0.0391455585851289,0.112980219619386
5,28,1.79474864049066,37.3011827029623,42.5307086306049,85.2008120320473,167.172547993895,7.5188484895726e-05,0.0007142418839991,0.0064718433962475,0.0255783525539961,0.107803933411708
5,28,12.0990474976032,123.292688798012,125.919978205369,184.383923930788,273.304361568228,0.0002468186977401,0.0011833994870759,0.0102462781143301,0.0314397585613723,0.109756679834042
5,29,8.71902210986442,88.7915730899063,78.4363709700901,99.3963478464126,118.656685983727,0.0003466809919447,0.0017088342314773,0.013718203386769,0.0392297184801177,0.126313289015463
5,29,8.07636888220799,52.7018584651622,59.2990686163108,95.4898575822201,166.432846454099,0.0003383481820307,0.0010091335435705,0.0090234632336207,0.0286672530967216,0.107326924856789
5,29,16.7953909920724,141.493431555068,137.735439586401,194.886205428633,285.089532437826,0.0003426233787016,0.0013580955688394,0.0112077181104659,0.0332305285352219,0.114489503044406
5,30,10.3042988571125,88.5372751871536,72.1786562354611,104.731045626339,125.248724093934,0.0004097138995711,0.0017039401526127,0.0126237544416647,0.0413352152777104,0.133330693960766
5,30,7.17899456196266,51.818850118088,53.3541232888188,98.5447363035599,190.103295727571,0.0003007539395829,0.0009922257272574,0.008118828526192,0.0295843660100908,0.122591198614199
5,30,17.4832934190752,140.356125305242,125.53277952428,203.275781929899,315.352019821505,0.000356656481823,0.0013471793689754,0.0102147712364821,0.0346610559587026,0.126642657570347
5,31,7.92638373624038,78.0137919587466,85.63500266714,104.812912788022,122.611908849851,0.0003151645381316,0.0015014109288442,0.0149772148951447,0.0413675265826545,0.130523731982645
5,31,7.17899456196266,54.9403807873662,59.6501910179841,91.7975871785882,166.432846454099,0.0003007539395829,0.0010519966992381,0.0090768930792477,0.0275587872047151,0.107326924856789
5,31,15.105378298203,132.954172746113,145.285193685124,196.61049996661,289.04475530395,0.0003081473811201,0.0012761332514219,0.0118220517634161,0.0335245422583655,0.116077886512927
5,32,10.3042988571125,86.3964361775861,74.6546509978292,101.759074629456,127.885539338016,0.0004097138995711,0.0016627387316183,0.013056795890608,0.0401622387240953,0.136137655938888
5,32,9.87111752269865,43.7365358236923,61.2499050131394,103.614072089431,177.528369551039,0.0004135366669264,0.0008374658250132,0.009320319506617,0.0311062442041252,0.114482053180575
5,32,20.1754163798111,130.132972001278,135.904556010969,205.373146718887,305.413908889055,0.0004115753738645,0.0012490545369667,0.0110587366495714,0.0350186828123629,0.122651597736873
5,33,11.0969372307365,84.0333782991783,84.9631788596787,102.227431059742,116.679074550665,0.0004412303533842,0.0016172606073655,0.0148597156340641,0.0403470894888022,0.124208067531872
5,33,6.28162024171732,49.9358417710138,57.3323667504311,99.661503225595,176.788668011243,0.000263159697135,0.0009561699421068,0.0087241927325427,0.0299196334491113,0.114005044625656
5,33,17.3785574724538,133.969220070192,142.29554561011,201.888934285337,293.467742561908,0.0003545198847102,0.0012858759741606,0.0115787800754985,0.0344245811393317,0.117854120136116
5,34,6.3411069889923,81.0039987885307,78.4553321726051,95.202079877166,117.997482172706,0.0002521316305052,0.0015589588200699,0.0137215196242407,0.0375743261520418,0.125611548520932
5,34,8.07636888220799,48.9214757978427,58.5519840831115,94.4555340215149,161.994637215323,0.0003383481820307,0.0009367468940627,0.0089097803381717,0.0283567361889641,0.104464873527275
5,34,14.4174758712003,129.925474586373,137.007316255717,189.657613898681,279.992119388029,0.0002941142779987,0.0012470629157541,0.0111484697349972,0.0323389884713526,0.112442425826618
5,35,7.13374536261634,80.3768498371543,82.5828991898229,116.540870996872,144.365634613534,0.0002836480843184,0.001546889053097,0.0144434143668762,0.0459963133424125,0.153681168302146
5,35,6.28162024171732,66.6671811066322,56.8756994200011,96.7295173622427,183.445981869407,0.000263159697135,0.0012765411063153,0.0086547022504444,0.0290394145133111,0.118298121619927
5,35,13.4153656043337,147.044030943786,139.458598609824,213.270388359115,327.811616482941,0.0002736713835387,0.0014113718541862,0.0113479338795666,0.0363652610019169,0.13164632437531
5,36,5.54846861536827,77.3424062542582,77.6110393826341,98.796622630137,114.701463117602,0.0002206151766921,0.0014884898054264,0.0135738562371212,0.0389930191253661,0.122102846048281
5,36,4.48687160122666,48.6325037481022,62.485387814871,103.812538028637,191.582698807163,0.0001879712122393,0.0009312136662594,0.0095083213403276,0.0311658261686853,0.123545215724037
5,36,10.0353402165949,125.97491000236,140.096427197505,202.609160658774,306.284161924765,0.0002047193883758,0.0012091442350281,0.0113998348502608,0.0345473887182554,0.123001083867526
5,37,10.3042988571125,74.586576012514,86.9407278770327,109.170915080635,117.997482172706,0.0004097138995711,0.0014354525982979,0.0152055809423624,0.0430875415206185,0.125611548520932
5,37,6.28162024171732,54.4966071056529,53.1561422230558,96.4417377815953,188.623892647979,0.000263159697135,0.0010434993346098,0.008088702001281,0.0289530194732161,0.121637181504361
5,37,16.5859190988298,129.083183118167,140.096870100088,205.61265286223,306.621374820685,0.0003383501844759,0.0012389783545269,0.0113998708898401,0.035059521596787,0.123136505664826
5,38,8.71902210986442,80.36199259469,77.4575316026393,96.3520286854109,108.109425007395,0.0003466809919447,0.0015466031187046,0.013547008348554,0.0380281875764444,0.115085441102977
5,38,6.28162024171732,44.3750764363747,60.0909928793629,103.901851670078,172.350458772467,0.000263159697135,0.0008496925807664,0.0091439693332645,0.0311926392442202,0.111142993296141
5,38,15.0006423515817,124.737069031065,137.548524482002,200.253880355489,280.459883779862,0.0003060107840073,0.0011972630733404,0.011192508576834,0.0341457840528322,0.112630275981287
5,39,9.51166048348846,79.974284303602,93.0837663166345,112.365641022755,112.06464787352,0.0003781974457579,0.0015391414962039,0.0162799734682396,0.0443484349241083,0.119295884070159
5,39,6.28162024171732,52.545650437354,58.1401564825343,105.148381730212,187.884191108183,0.000263159697135,0.0010061424771218,0.0088471130602682,0.0315668632050817,0.121160172949442
5,39,15.7932807252058,132.519934740956,151.223922799169,217.514022752967,299.948838981703,0.0003221804842416,0.0012719653073403,0.0123052941449303,0.0370888535902574,0.120456872688762
5,40,7.92638373624038,91.5595610508501,71.3144931630376,93.1573027432902,114.042259306582,0.0003151645381316,0.0017621054194445,0.0124726158226768,0.0367672941729546,0.12140110555375
5,40,2.692122960736,51.2566783876136,60.1834290163692,106.148353890363,199.719415744919,0.0001127827273435,0.000981461280481,0.0091580352217042,0.0318670673914796,0.128792309828147
5,40,10.6185066969764,142.816239438464,131.497922179407,199.305656633653,313.761675051501,0.0002166158943844,0.0013707922679379,0.0107001629233867,0.0339841000825536,0.126003988795559
5,41,7.13374536261634,72.7571295070102,78.1293554101007,101.663879925526,119.315889794747,0.0002836480843184,0.0014002440677531,0.0136645076096346,0.0401246673090796,0.127015029509993
5,41,6.28162024171732,50.7652677700345,58.8106703477785,110.381832054735,196.760609585735,0.000263159697135,0.0009720517652891,0.0089491442953591,0.0331380106423166,0.126884275608471
5,41,13.4153656043337,123.522397277045,136.940025757879,212.045711980261,316.076499380482,0.0002736713835387,0.0011856042966142,0.0111429942166154,0.0361564384058568,0.126933602327118
5,42,12.6822139779846,90.3988007265698,91.9703803717039,117.67749226287,123.271112660872,0.0005042632610105,0.0017397660587637,0.0160852467789292,0.0464449146567435,0.131225472477175
5,42,6.28162024171732,50.1064157719931,66.7223175411503,109.923067655325,181.966578789815,0.000263159697135,0.0009594360877621,0.0101530495038658,0.0330002838147492,0.117344104510089
5,42,18.9638342197019,140.505216498563,158.692697912854,227.600559918195,305.237691450687,0.0003868592851787,0.0013486103900961,0.0129130384288706,0.0388087339704694,0.122580830329968
5,43,7.13374536261634,82.9472693419381,82.1223758498386,111.25186629657,128.544743149037,0.0002836480843184,0.0015963579462158,0.0143628707011746,0.0439088506747348,0.136839396433418
5,43,4.48687160122666,38.6815470798033,63.6891396785003,106.217056691471,184.925384948999,0.0001879712122393,0.0007406730580712,0.0096914947178749,0.0318876928341988,0.119252138729766
5,43,11.620616963843,121.628816421741,145.811515528339,217.468922988041,313.470128098036,0.0002370587888444,0.0011674291506688,0.0118648792802255,0.0370811635178789,0.125886906047795
5,44,8.71902210986442,85.9817129248342,89.1674997668938,114.905429671412,127.226335526996,0.0003466809919447,0.0016547571938864,0.0155950343209832,0.0453508378880456,0.135435915444357
5,44,2.692122960736,54.8664870539538,56.2658907536609,100.373695805099,193.801803426551,0.0001127827273435,0.0010505817843335,0.0085619084476299,0.0301334425954142,0.124976241388794
5,44,11.4111450706004,140.848199978788,145.433390520555,215.279125476511,321.028138953547,0.0002327855946187,0.0013519024464097,0.0118341107393874,0.036707775732257,0.128922138171025
5,45,6.3411069889923,92.243439448819,104.466848638447,122.107842719601,131.840762204141,0.0002521316305052,0.0017752669704335,0.018270828431666,0.0481934839447658,0.14034809890607
5,45,7.17899456196266,51.3796154527271,68.0792107406898,117.725151181334,205.637028063287,0.0003007539395829,0.0009838152755727,0.0103595262021292,0.0353425671606981,0.132608378267499
5,45,13.520101550955,143.623054901546,172.546059379137,239.832993900935,337.477790267428,0.0002758079806515,0.0013785363200345,0.0140403050979481,0.0408945165204689,0.135528176590168
5,46,11.0969372307365,101.984077473818,87.8238521519712,114.505612860561,124.589520282913,0.0004412303533842,0.0019627299820044,0.015360035798822,0.0451930383182112,0.132628953466236
5,46,5.38424592147199,46.0528334239396,59.4204790141187,110.121533594531,196.020908045939,0.0002255654546871,0.0008818182192812,0.0090419380981736,0.0330598657793093,0.126407267053551
5,46,16.4811831522085,148.036910897758,147.24433116609,224.627146455092,320.610428328852,0.000336213587363,0.0014209018079873,0.0119814694172331,0.038301729892293,0.128754389178528
5,47,8.71902210986442,77.4359438327306,88.4568444744651,102.709115032275,116.679074550665,0.0003466809919447,0.0014902899786913,0.0154707435905625,0.0405372003635807,0.124208067531872
5,47,4.48687160122666,48.5600164105252,58.3381375482974,106.470484871564,187.144489568387,0.0001879712122393,0.0009298256809783,0.0088772395851791,0.0319637751529343,0.120683164394523
5,47,13.2058937110911,125.995960243256,146.794982022762,209.179599903839,303.823564119052,0.000269398189313,0.001209346281431,0.0119449052726185,0.0356677305523111,0.122012928962085
5,48,9.51166048348846,97.6679558717868,101.28019858365,122.425792368768,137.114392692306,0.0003781974457579,0.0018796642575882,0.017713496252302,0.0483189722096561,0.145962022862312
5,48,8.07636888220799,50.4331978007807,64.0402620801736,110.594038554163,207.856132682675,0.0003383481820307,0.000965693299866,0.009744924563502,0.0332017176954205,0.134039403932256
5,48,17.5880293656964,148.101153672568,165.320460663824,233.019830922931,344.970525374981,0.0003587930789359,0.0014215184290335,0.0134523484048577,0.0397327872628351,0.138537194534713
5,49,10.3042988571125,90.8013662601221,96.5006780414235,122.530506070263,129.863150771079,0.0004097138995711,0.0017475136156569,0.0168775774804544,0.0483603005795577,0.138242877422479
5,49,6.28162024171732,56.7887117759104,64.1168327481287,103.531628728101,195.281206506143,0.000263159697135,0.0010873884834082,0.0097565762238601,0.0310814936728622,0.125930258498632
5,49,16.5859190988298,147.590078036032,160.617510789552,226.062134798364,325.144357277222,0.0003383501844759,0.0014166129747683,0.0130696630434376,0.0385464133011773,0.130575176029939
5,50,12.6822139779846,93.018521056714,95.9056081239595,129.00563366087,142.388023180472,0.0005042632610105,0.0017901837687024,0.0167735021636574,0.0509159018466671,0.151575946818555
5,50,9.87111752269865,50.0776838256509,73.4143474018416,124.561613947746,210.075237302063,0.0004135366669264,0.0009588859293489,0.0111713671067434,0.0373949590416087,0.135470429597014
5,50,22.5533315006832,143.096204882365,169.319955525801,253.567247608616,352.463260482535,0.0004600844745673,0.0013734794586054,0.01377779268508,0.0432363780634102,0.141546212479257
5,51,8.71902210986442,100.700034905699,100.339281621229,113.719306781108,130.522354582099,0.0003466809919447,0.0019380179984375,0.0175489336890306,0.0448826992886139,0.138944617917009
5,51,7.17899456196266,49.2580847834489,67.4535366052984,129.500414411512,225.608969637778,0.0003007539395829,0.0009431922724295,0.0102643181712331,0.0388776488944767,0.145487609250314
5,51,15.8980166718271,149.958119689148,167.792818226527,243.21972119262,356.131324219877,0.0003243170813544,0.0014393421349885,0.0136535274675178,0.0414719957610331,0.14301927531265
5,52,19.0233209669769,103.205596213659,108.267529813223,135.998619306069,161.504933700072,0.0007563948915158,0.0019862386660427,0.0189355521652988,0.0536758911635841,0.171926421159935
5,52,9.87111752269865,47.6874924919911,68.551743540171,132.569033693073,246.320612752066,0.0004135366669264,0.0009131186201762,0.0104314309123092,0.0397988868963897,0.158843848788048
5,52,28.8944384896756,150.89308870565,176.819273353394,268.567652999142,407.825546452138,0.0005894420764417,0.0014483162425804,0.0143880222707614,0.0457941342589985,0.163779230134665
6,1,8.70674762051584,100.709786065606,112.753447791021,150.068784952329,174.761233570528,0.0003403494701846,0.0019120749673145,0.019071219231323,0.0572862801519754,0.180051925420079
6,1,7.17971045473747,56.5259999145971,80.2511427535879,136.978834300768,264.06431257631,0.0002957384414198,0.0010702205741061,0.0117777908797836,0.0401265435005434,0.166190843126655
6,1,15.8864580752533,157.235785980203,193.004590544609,287.047619253097,438.825546146838,0.0003186275772219,0.0014905622647583,0.0151661637433991,0.0475772152773772,0.171447176588221
6,2,5.5406575766919,97.2814298919112,104.892702507499,137.115566366735,164.169643657163,0.0002165860264811,0.0018469842320955,0.0177416457277127,0.05234160288948,0.169139687515831
6,2,4.48731903421092,53.5549729018119,67.0568084883193,125.929907052578,249.97099252308,0.0001848365258873,0.0010139693934085,0.0098413684882488,0.0368898736739822,0.157321107117086
6,2,10.0279766109028,150.836402793723,171.949510995818,263.045473419313,414.140636180243,0.0002011266373432,0.0014298974546705,0.0135116705359256,0.0435989371699875,0.161802892760016
6,3,11.8728376643398,102.599233846598,118.16946049739,147.231055008241,170.127412983431,0.0004641129138881,0.0019479480035429,0.0199872884753804,0.0562030236131536,0.17527782133697
6,3,6.28224664789529,56.5372816936795,72.6728866067026,139.058720857243,274.448864194479,0.0002587711362423,0.0010704341747873,0.0106655934322593,0.0407358249184401,0.172726438081074
6,3,18.1550843122351,159.136515540278,190.842347104093,286.289775865484,444.57627717791,0.0003641283979893,0.0015085807822357,0.0149962561884574,0.0474516051849026,0.173693961460371
6,4,9.49827013147182,102.568247596984,107.534474372386,131.17305667702,156.225951222139,0.0003712903311105,0.0019473596989249,0.0181884773890183,0.0500731479606351,0.160955509087646
6,4,8.07717426157966,65.685445093875,66.4550204867372,116.421180313934,237.361179843874,0.0003327057465972,0.0012436385887024,0.0097530490825257,0.0341043897774322,0.149385027529577
6,4,17.5754443930515,168.253692690859,173.989494859123,247.594236990954,393.587131066013,0.000352502819636,0.00159500970894,0.0136719710200617,0.041037944663704,0.153772730314443
6,5,16.6219727300757,97.7667920436377,108.195868296984,140.541518228822,158.87384870048,0.0006497580794434,0.0018561993129397,0.0183003461502971,0.0536494034305521,0.163683568563708
6,5,5.3847828410531,55.2688908921938,67.4217188075253,117.656747668584,223.267859790644,0.0002218038310648,0.0010464194216859,0.0098949233322301,0.0344663365515983,0.140515291520009
6,5,22.0067555711288,153.035682935831,175.617587104509,258.198265897406,382.141708491124,0.0004413796440294,0.0014507461690329,0.0137999053531944,0.0427955281873108,0.149301054946968
6,6,6.33218008764788,77.0565846860655,101.854474671203,134.882911854603,158.87384870048,0.000247526887407,0.0014629955280512,0.0172277571480208,0.0514893239035122,0.163683568563708
6,6,6.28224664789529,52.3714270853516,63.0284042835901,114.857786383434,228.460135599729,0.0002587711362423,0.0009915610311489,0.0092501532024027,0.0336464095728194,0.143783088997218
6,6,12.6144267355432,129.428011771417,164.882878954793,249.740698238037,387.333984300209,0.0002530019095351,0.0012269503990234,0.012956379605559,0.0413937136789731,0.151329653863671
6,7,3.16609004382394,92.6282285123711,97.6928756693863,128.272777661036,154.240028113383,0.0001237634437035,0.0017586385983365,0.016523860562405,0.0489660143466638,0.1589094644806
6,7,4.48731903421092,55.2801726712762,62.2841929517152,125.136613376851,241.811701965947,0.0001848365258873,0.0010466330223671,0.0091409315123876,0.036657486434375,0.152185996795757
6,7,7.65340907803486,147.908401183647,159.977068621101,253.409391037887,396.05173007933,0.0001535009994343,0.0014021406136694,0.0125708845113497,0.042001787654919,0.154735638116793
6,8,4.74913506573591,93.8285221430142,104.893177986687,140.007418625741,161.521746178822,0.0001856451655552,0.001781427360921,0.0177417261506889,0.0534455197281494,0.16641162803977
6,8,8.97463806842184,52.1765994898088,74.8767392154017,120.995395000663,226.976628225705,0.0003696730517747,0.0009878723126571,0.0109890344981993,0.0354443590182628,0.142849432575158
6,8,13.7237731341577,146.005121632823,179.769917202089,261.002813626404,388.498374404527,0.0002752515735959,0.0013840979228146,0.0141261925052193,0.0432603729103063,0.15178457586533
6,9,7.12370259860387,98.6706159575911,95.050628325311,117.12635861433,137.028694504164,0.0002784677483329,0.0018733593045179,0.0160769484781232,0.0447110529674286,0.141177077886198
6,9,7.17971045473747,53.8105448451977,61.0614293572671,115.065007170323,212.883308172474,0.0002957384414198,0.0010188081994869,0.0089614766982046,0.033707112775338,0.13397969656559
6,9,14.3034130533413,152.481160802789,156.112057682578,232.191365784653,349.912002676638,0.0002868771519492,0.0014454894155443,0.0122671746949237,0.0384849685366812,0.136709053153358
6,10,7.91522510955985,97.0402169692638,96.173999490833,124.208043339082,141.662515091261,0.0003094086092587,0.0018424045660153,0.0162669564840471,0.0474143691515303,0.145951181969306
6,10,6.28224664789529,50.6510996659197,67.0472146926774,120.202101324936,218.817337668571,0.0002587711362423,0.0009589896515845,0.0098399604868804,0.0352119717786556,0.137714322253829
6,10,14.1974717574551,147.691316635184,163.22121418351,244.410144664018,360.479852759832,0.0002847523348078,0.0014000826976919,0.0128258071671689,0.0405101916501244,0.14083786487656
6,11,7.91522510955985,88.4735396641535,105.025171484094,136.022086889639,155.563976852553,0.0003094086092587,0.0016797577183942,0.0177640516491589,0.051924185158769,0.160273494218631
6,11,4.48731903421092,52.8866821184678,74.6302677373837,119.694886067342,220.300845042596,0.0001848365258873,0.0010013164806444,0.010952861935089,0.0350633882752123,0.138647978675889
6,11,12.4025441437708,141.360221782621,179.655439221478,255.716972956981,375.864821895149,0.0002487522752521,0.0013400652466835,0.0141171969067516,0.0423842619009016,0.146848703450813
6,12,5.5406575766919,72.2814298919112,94.8521626000126,123.423747448416,154.902002482968,0.0002165860264811,0.0013723344880108,0.016043379807442,0.0471149771485299,0.159591479349615
6,12,8.07717426157966,44.0789356466834,62.8955747489392,114.806760857335,212.141554485462,0.0003327057465972,0.0008345572636495,0.0092306589194791,0.033631462168696,0.13351286835456
6,12,13.6178318382716,116.360365538595,157.747737348952,238.230508305751,367.04355696843,0.0002731267564544,0.0011030718541843,0.0123957052422127,0.0394859368936551,0.1434022747301
6,13,5.5406575766919,97.5536290641723,115.262750679313,137.107139609757,159.535823070065,0.0002165860264811,0.0018521522027936,0.0194956449711824,0.0523383861141782,0.164365583432723
6,13,2.69239142052655,54.0181912988404,61.435933472115,117.684579773729,232.168904034789,0.0001109019155324,0.0010227396205527,0.0090164395435542,0.0344744896811202,0.146117230052368
6,13,8.23304899721845,151.571820363013,176.698684151428,254.791719383486,391.704727104854,0.0001651265777876,0.0014368690589448,0.0138848571918518,0.0422309041111144,0.153037283512923
6,14,9.49827013147182,76.9182635546497,123.850886636138,154.224910390163,163.507669287577,0.0003712903311105,0.0014603693644661,0.0209482499853065,0.0588728123962004,0.168457672646816
6,14,4.48731903421092,58.5549729018119,80.2367520601251,131.48608146516,226.234874538692,0.0001848365258873,0.0011086356156534,0.011775678877731,0.0385174979372572,0.142382604364128
6,14,13.9855891656827,135.473236456462,204.087638696263,285.710991855323,389.742543826269,0.0002805027005248,0.0012842578608161,0.0160370618011586,0.0473556736055981,0.152270667289196
6,15,7.91522510955985,88.6902010115984,97.824869166793,110.766420708347,121.803284003701,0.0003094086092587,0.0016838712485189,0.0165461860608751,0.0422832517111779,0.125490735898843
6,15,5.3847828410531,47.1599452699859,61.0662262550881,115.604693217253,221.78435241662,0.0002218038310648,0.0008928907719971,0.0089621806988888,0.0338652082632235,0.139581635097949
6,15,13.3000079506129,135.850146281584,158.891095421881,226.3711139256,343.587636420321,0.0002667523050299,0.0012878308868867,0.0124855495081053,0.0375202805995812,0.134238151566438
6,16,7.12370259860387,99.8595083926279,102.316927391315,120.276833917898,128.423027699555,0.0002784677483329,0.0018959316041193,0.0173059768156421,0.0459136948819975,0.132310884588997
6,16,5.3847828410531,35.4916544866418,76.4500224355929,128.663926759056,224.009613477656,0.0002218038310648,0.0006719721702943,0.0112199321543109,0.0376907766838767,0.140982119731038
6,16,12.508485439657,135.35116287927,178.766949826908,248.940760676954,352.432641177211,0.0002508770923936,0.001283100628914,0.014047380040716,0.041261126613276,0.137693855332533
6,17,7.12370259860387,93.5873092203668,88.7761824066106,123.202393204816,144.310412569603,0.0002784677483329,0.0017768476948408,0.0150156830710343,0.0470304788218743,0.148679241445368
6,17,3.58985522736874,44.0686908559105,58.369430690353,118.412931870784,219.559091355583,0.0001478692207099,0.0008343632965215,0.0085663945067282,0.034687852951843,0.138181150464859
6,17,10.7135578259726,137.656000076277,147.145613096964,241.6153250756,363.869503925186,0.000214877032838,0.0013049500020122,0.0115625978431617,0.0400469593349929,0.142162186413949
6,18,9.49827013147182,80.8349568174254,92.2108662143143,115.01880224599,126.437104590799,0.0003712903311105,0.0015347316626595,0.0155966285691126,0.0439065281317597,0.130264839981951
6,18,0.897463806842184,44.6472643041969,66.4358328954534,108.839263553469,186.180175440039,3.69673051774759e-05,0.0008453175690496,0.0097502330797889,0.0318833450864087,0.117173880968512
6,18,10.395733938314,125.482221121622,158.646699109768,223.858065799459,312.617280030838,0.0002085025814135,0.0011895451314467,0.0124663450193554,0.0371037509937586,0.122138171956019
6,19,5.5406575766919,65.7925693722053,92.2108662143143,120.08918670221,136.366720134579,0.0002165860264811,0.0012491370486076,0.0155966285691126,0.0458420636565493,0.140495063017183
6,19,5.3847828410531,47.994090661658,59.720226921631,112.501098777208,211.39980079845,0.0002218038310648,0.0009086838506037,0.0087646396031506,0.0329560421285995,0.13304604014353
6,19,10.925440417745,113.786660033863,151.931093135945,232.590285479418,347.766520933029,0.000219126667121,0.0010786736659345,0.011938637468215,0.0385510881869525,0.135870823039836
6,20,5.5406575766919,96.4425534145399,95.4470842967195,109.414318186689,119.15538652536,0.0002165860264811,0.0018310573318834,0.0161440053965095,0.0417671089045674,0.122762676422781
6,20,6.28224664789529,43.2624814631438,62.0425183715181,109.139258024174,200.273495493269,0.0002587711362423,0.0008190991370111,0.0091054629499615,0.0319712253873335,0.126043616978081
6,20,11.8229042245872,139.705034877684,157.489602668238,218.553576210863,319.428882018629,0.0002371266968988,0.0013243744220646,0.0123754212022087,0.0362245489862662,0.124799434362239
6,21,7.12370259860387,95.642847045183,94.7206445817944,134.3572390085,166.155566765919,0.0002784677483329,0.001815874114941,0.0160211347319481,0.0512886569764113,0.171185732122878
6,21,6.28224664789529,53.0966268548158,66.0661256784264,120.962924211328,216.592076607535,0.0002587711362423,0.0010052914156585,0.0096959742351235,0.0354348470338206,0.136313837620739
6,21,13.4059492464992,148.739473899999,160.786770260221,255.320163219828,382.747643373454,0.0002688771221714,0.0014100190086705,0.0126345102914803,0.042318491969286,0.14953779099318
6,22,6.33218008764788,83.434369556139,89.9645993624589,109.155695142126,125.113155851628,0.000247526887407,0.0015840840863075,0.0152166929802409,0.0416683838286678,0.12890081024392
6,22,9.87210187526402,61.6677538857426,74.0236828379806,101.640837579144,175.795623821869,0.0004066403569522,0.0011675706589383,0.0108638385286817,0.0297746400848756,0.110638286014093
6,22,16.2042819629119,145.102123441882,163.988282200439,210.79653272127,300.908779673497,0.0003250020286464,0.0013755376894036,0.0128860828275262,0.0349388440952776,0.11756371327654
6,23,9.49827013147182,96.0516181648702,90.295058585164,108.675717853963,120.479335264531,0.0003712903311105,0.001823635039235,0.0152725871493922,0.0414851604261127,0.124126706160812
6,23,7.17971045473747,49.8105448451977,53.2510924258267,95.2542600173085,179.50439225693,0.0002957384414198,0.000943075221691,0.0078152186896226,0.0279037577426309,0.112972427069243
6,23,16.6779805862093,145.862163010068,143.546151010991,203.929977871271,299.983727521461,0.0003345027898582,0.0013827427050621,0.0112797546671005,0.0338007348186274,0.117202299541502
6,24,4.74913506573591,73.8285221430142,86.3974465781601,106.93989414395,129.08500206914,0.0001856451655552,0.0014017075656533,0.0146133415607165,0.0408225383933037,0.132992899458013
6,24,6.28224664789529,46.76491763816,56.0519361382869,99.8470294408008,175.053870134857,0.0002587711362423,0.0008854116172797,0.0082262751606015,0.0292491624031427,0.110171457803063
6,24,11.0313817136312,120.593439781174,142.449382716447,206.786923584751,304.138872203997,0.0002212514842625,0.0011432005099516,0.0111935713929272,0.034274264338223,0.118825695969516
6,25,3.95761255477993,78.9978295240437,94.5886510843878,110.962494681014,118.493412155775,0.0001547043046293,0.0014998519826733,0.0159988092334781,0.042358099711928,0.122080661553765
6,25,3.58985522736874,51.9548728836703,58.6254959640129,96.5176594771031,174.312116447845,0.0001478692207099,0.0009836743086222,0.0086039750712069,0.0282738576463189,0.109704629592033
6,25,7.54746778214867,130.952702407714,153.214147048401,207.480154158117,292.80552860362,0.0001513761822928,0.0012414041463922,0.0120394589340309,0.0343891650655369,0.114397809355689
6,26,4.74913506573591,93.6118607955694,84.614107925605,100.855432796486,117.169463416604,0.0001856451655552,0.0017773138307963,0.0143117060624424,0.0384998957635563,0.120716631815734
6,26,7.17971045473747,45.9763994535256,54.1089457010687,93.4558131947749,177.279131195893,0.0002957384414198,0.0008704824097375,0.0079411186598244,0.0273769212059777,0.111571942436153
6,26,11.9288455204734,139.588260249095,138.723053626674,194.311245991261,294.448594612497,0.0002392515140403,0.0013232674230837,0.010900759097749,0.0322064610930992,0.115039747890589
6,27,7.12370259860387,90.4261856977382,88.7097101787188,104.218835586676,114.521565938263,0.0002784677483329,0.0017168306359994,0.0150044398988232,0.039783819229479,0.117988572339673
6,27,3.58985522736874,33.9548728836703,59.1136420222279,98.8372376098033,179.50439225693,0.0001478692207099,0.0006428759085405,0.0086756161967433,0.0289533542511763,0.112972427069243
6,27,10.7135578259726,124.381058581408,147.823352200947,203.056073196479,294.025958195193,0.000214877032838,0.0011791063415772,0.0116158541009393,0.0336558879428627,0.114874625734173
6,28,8.70674762051584,72.78760285101,89.1066416293157,125.088595329556,144.310412569603,0.0003403494701846,0.0013819446826307,0.0150715772401856,0.0477505053308876,0.148679241445368
6,28,3.58985522736874,52.4004000725664,55.6918227169018,100.137746543124,186.180175440039,0.0001478692207099,0.0009921095837982,0.0081734243173045,0.0293343249942268,0.117173880968512
6,28,12.2966028478846,125.188002923576,144.798464346217,225.22634187268,330.490588009642,0.0002466274581106,0.0011867560046529,0.0113781605601754,0.0373305383312182,0.129121193378004
6,29,4.74913506573591,96.4785061853488,100.731103505682,112.590073761191,124.451181482043,0.0001856451655552,0.0018317399308219,0.0170377491420969,0.0429794011450418,0.128218795374904
6,29,4.48731903421092,45.000500090708,62.1705510083481,100.644961800719,184.696668066014,0.0001848365258873,0.0008520054685437,0.0091242532322009,0.0294829084976702,0.116240224546452
6,29,9.23645409994683,141.479006276057,162.90165451403,213.23503556191,309.147849548057,0.0001852514247069,0.0013411912987616,0.0128006963951429,0.0353430180609266,0.120782680996423
6,30,4.74913506573591,86.2063070130878,91.4179542714974,111.175422167636,124.451181482043,0.0001856451655552,0.0016367120624899,0.0154625147323399,0.0424393812632818,0.128218795374904
6,30,9.87210187526402,53.284008032999,54.5970917592837,96.5501302664388,184.696668066014,0.0004066403569522,0.0010088391493102,0.0080127597853608,0.0282833696307611,0.116240224546452
6,30,14.6212369409999,139.490315046087,146.015046030781,207.725552434075,309.147849548057,0.0002932516033737,0.001322338923107,0.0114737586855011,0.0344298390367558,0.120782680996423
6,31,9.49827013147182,86.4294030349437,100.071611497837,126.619918309925,134.380797025823,0.0003712903311105,0.0016409477612771,0.0169262020727228,0.0483350625876445,0.138449018410136
6,31,5.3847828410531,54.1599452699859,66.4358328954534,124.334042332743,230.685396660765,0.0002218038310648,0.00102542348314,0.0097502330797889,0.0364223814849272,0.145183573630308
6,31,14.8830529725249,140.58934830493,166.50744439329,250.953960642668,365.066193686588,0.0002985027303026,0.0013327575278357,0.0130840368047096,0.0415948080018011,0.14262972774705
6,32,7.12370259860387,92.887277305036,97.3624164466812,112.18949905888,126.437104590799,0.0002784677483329,0.0017635568960623,0.0164679663932537,0.0428264883682397,0.130264839981951
6,32,5.3847828410531,44.4347455005217,58.5166509184668,102.264019941508,211.39980079845,0.0002218038310648,0.0008412938985896,0.0085880007917044,0.0299571949613267,0.13304604014353
6,32,12.508485439657,137.322022805558,155.879067365148,214.453519000388,337.836905389249,0.0002508770923936,0.0013017839675505,0.0122488664811408,0.0355449777532425,0.131991366694288
6,33,3.95761255477993,106.431152218933,94.4561821077926,115.436230462257,133.718822656237,0.0001547043046293,0.0020207007665342,0.0159764033120319,0.0440658744591654,0.137767003541121
6,33,5.3847828410531,60.6575090949697,61.687201847954,118.23354318904,244.036963026983,0.0002218038310648,0.0011484434473613,0.0090533161073487,0.0346353028788463,0.153586481428847
6,33,9.34239539583303,167.088661313903,156.143383955747,233.669773651297,377.75578568322,0.0001873762418484,0.0015839654558971,0.0122696362912361,0.0387300098630023,0.147587494538392
6,34,6.33218008764788,92.8121544262125,102.383399619207,130.809750775671,141.662515091261,0.000247526887407,0.001762130613854,0.0173172199878533,0.0499344619330769,0.145951181969306
6,34,6.28224664789529,57.5941906797996,78.890752726668,115.986664001695,180.246145943942,0.0002587711362423,0.0010904448909818,0.0115781377819928,0.0339771026838184,0.113439255280273
6,34,12.6144267355432,150.406345106012,181.274152345875,246.796414777366,321.908661035203,0.0002530019095351,0.0014258205980123,0.0142443942352137,0.0409057082100183,0.125768272923912
6,35,4.74913506573591,97.4785061853488,103.901800318572,117.785556361203,129.08500206914,0.0001856451655552,0.0018507259205853,0.017574043643235,0.0449626908201302,0.132992899458013
6,35,5.3847828410531,45.382708864434,57.4027323695649,113.820162447292,224.009613477656,0.0002218038310648,0.0008592419206872,0.0084245202570239,0.0333424482913312,0.140982119731038
6,35,10.133917906789,142.861215049783,161.304532688137,231.605718808495,353.094615546796,0.0002032514544847,0.0013542943479644,0.0126751956955932,0.0383878994429409,0.137952485755569
6,36,4.74913506573591,96.0451834904591,108.790314514503,130.400749316382,139.01461761292,0.0001856451655552,0.0018235128705725,0.0184008913163884,0.049778332380973,0.143223122493244
6,36,2.69239142052655,45.6295730960644,61.8008437913211,107.603696198819,200.273495493269,0.0001109019155324,0.0008639158615304,0.0090699943875354,0.0315213983122426,0.126043616978081
6,36,7.44152648626246,141.674756586524,170.591158305824,238.004445515201,339.288113106189,0.0001492513651513,0.0013430469706386,0.0134049321456127,0.0394484677166586,0.132558347053333
6,37,3.16609004382394,110.439336077334,108.393858543094,140.816994787341,162.183720548407,0.0001237634437035,0.0020968001042395,0.0183338343980021,0.0537545620570554,0.167093642908785
6,37,3.58985522736874,56.4524367086541,65.1042242554592,108.129466193177,204.724017615341,0.0001478692207099,0.0010688277839455,0.0095548039861033,0.0316754172353671,0.12884458624426
6,37,6.75594527119268,166.891772785988,173.498082798553,248.946460980518,366.907738163748,0.0001355009696564,0.0015820989939576,0.0136333562091131,0.0412620714201708,0.14334921093107
6,38,6.33218008764788,97.3843216831428,114.998288205311,130.017028128027,150.268181895871,0.000247526887407,0.0018489377345905,0.0194509135512662,0.0496318531547746,0.154817375266507
6,38,9.87210187526402,48.284008032999,71.1940577385947,133.838130387196,241.811701965947,0.0004066403569522,0.0009141729270653,0.0104485580535975,0.0392065065265569,0.152185996795757
6,38,16.2042819629119,145.668329716142,186.192345943906,263.855158515223,392.079883861818,0.0003250020286464,0.0013809052060997,0.014630862397546,0.0437331398580823,0.153183855578575
6,39,6.33218008764788,89.5732141181795,136.004273460507,153.202406741942,156.887925591724,0.000247526887407,0.0017006361263214,0.0230038847270503,0.0584824885159407,0.161637523956661
6,39,6.28224664789529,49.9258998964555,67.9146617635613,121.03250447419,238.844687217898,0.0002587711362423,0.0009452592670749,0.0099672684584506,0.0354552298576253,0.150318683951637
6,39,12.6144267355432,139.499114014635,203.918935224068,274.234911216132,395.732612809622,0.0002530019095351,0.0013224223354829,0.0160238052020478,0.0454535503253841,0.154610960427966
6,40,3.95761255477993,79.5144589561578,125.039303591986,153.023186283231,169.465438613845,0.0001547043046293,0.0015096607037829,0.021149259894513,0.0584140740657942,0.174595806467955
6,40,5.3847828410531,55.7144180810898,73.7628206664997,125.578887055774,219.559091355583,0.0002218038310648,0.0010548546968619,0.0108255539635188,0.036787045968934,0.138181150464859
6,40,9.34239539583303,135.228877037248,198.802124258486,278.602073339005,389.024529969428,0.0001873762418484,0.0012819413847859,0.0156217298279385,0.0461773933344701,0.151990142489335
6,41,11.0813151533838,115.690724442223,128.869492412721,149.597234421144,174.761233570528,0.0004331720529623,0.0021965029099789,0.0217971014650253,0.0571062735247221,0.180051925420079
6,41,2.69239142052655,51.7385187182723,85.2414483812843,144.356648956837,249.97099252308,0.0001109019155324,0.0009795780223212,0.0125101764146499,0.0422877985750732,0.157321107117086
6,41,13.7737065739103,167.429243160495,214.110940794005,293.953883377981,424.732226093608,0.0002762530662418,0.0015871941003525,0.0168246857661377,0.0487219062380165,0.1659409795286
6,42,4.74913506573591,92.778474270018,136.26826045532,168.55551176835,190.648618440576,0.0001856451655552,0.0017614911627532,0.0230485357239904,0.0643432827912119,0.196420282276449
6,42,1.79492761368437,37.3611822945787,73.1466419714548,135.110807215372,239.58644090491,7.39346103549519e-05,0.0007073683972861,0.010735122555743,0.0395793241400855,0.150785512162667
6,42,6.54406267942028,130.139656564597,209.414902426775,303.666318983722,430.235059345486,0.0001312513353734,0.0012336966423675,0.0164556744041709,0.0503317110532745,0.16809091184807
6,43,5.5406575766919,103.498091239356,109.846737972944,144.67722837965,173.437284831358,0.0002165860264811,0.0019650137008005,0.018579575727125,0.0552281424761369,0.178687895682048
6,43,8.07717426157966,64.0220266605633,65.9524837350593,126.427844941791,245.520470401007,0.0003327057465972,0.0012121446808835,0.0096792959549367,0.0370357394675849,0.154520137850906
6,43,13.6178318382716,167.520117899919,175.799221708003,271.105073321441,418.957755232365,0.0002731267564544,0.0015880555738177,0.013814178071425,0.0449347898086222,0.163684919611068
6,44,7.12370259860387,121.726153782407,106.279585188645,119.813710143691,133.056848286652,0.0002784677483329,0.0023110915096493,0.0179762243076006,0.0457369050300461,0.137084988672105
6,44,4.48731903421092,50.0574090768281,67.4121250118834,116.577375574724,205.465771302353,0.0001848365258873,0.0009477491625342,0.0098935153308616,0.0341501455758273,0.12931141445529
6,44,11.6110216328148,171.783562859235,173.691710200528,236.391085718415,338.522619589005,0.0002328770626158,0.0016284721376083,0.0136485713129367,0.0391810585440228,0.132259272162707
6,45,3.95761255477993,92.0255984364518,91.219488546199,117.134785371308,141.662515091261,0.0001547043046293,0.001747197069884,0.0154289460616587,0.0447142697427305,0.145951181969306
6,45,4.48731903421092,50.5029362657242,61.0614293572671,118.938701865142,224.009613477656,0.0001848365258873,0.0009561844377102,0.0089614766982046,0.0348418718749676,0.140982119731038
6,45,8.44493158899085,142.528534702176,152.280917903466,236.07348723645,365.672128568917,0.0001693762120706,0.0013511406080617,0.0119661264501649,0.0391284176219781,0.142866463793262
6,46,7.91522510955985,77.4735396641535,93.9277326389776,106.17601354029,116.507489047019,0.0003094086092587,0.001470911830997,0.0158870208951755,0.0405309395889435,0.120034616946719
6,46,6.28224664789529,52.7600452881275,66.0805163718892,102.180523626073,184.696668066014,0.0002587711362423,0.0009989188345794,0.0096980862371761,0.0299327355727611,0.116240224546452
6,46,14.1974717574551,130.233584952281,160.008249010867,208.356537166363,301.204157113033,0.0002847523348078,0.0012345870637776,0.0125733346442478,0.0345344227170626,0.117679115919985
6,47,8.70674762051584,98.1153398480873,111.762545602094,131.414826207626,141.000540721676,0.0003403494701846,0.001862816837987,0.0189036171468453,0.0501654394859309,0.145269167100291
6,47,6.28224664789529,51.4852450575918,60.8197547770701,111.979967467041,208.432786050402,0.0002587711362423,0.000974782730191,0.0089260081357785,0.0328033820603952,0.13117872729941
6,47,14.9889942684111,149.600584905679,172.582300379164,243.394793674667,349.433326772078,0.0003006275474441,0.0014181821603528,0.0135613946765579,0.040341900504815,0.136522036620118
6,48,6.33218008764788,91.434369556139,101.062038207575,121.424435709912,129.746976438725,0.000247526887407,0.0017359720044146,0.0170937237342244,0.0463517729125561,0.133674914327028
6,48,8.07717426157966,60.8512997022029,77.5639409844948,118.399015818212,215.108569233511,0.0003327057465972,0.0011521125322999,0.0113834126889914,0.0346837763870821,0.135380181198679
6,48,14.4093543492275,152.285669258342,178.62597919207,239.823451528124,344.855545672236,0.0002890019690907,0.0014436361967149,0.0140363026682818,0.0397499620850595,0.134733518035687
6,49,3.95761255477993,91.8367060014151,95.050628325311,119.154512396818,141.000540721676,0.0001547043046293,0.001743610760046,0.0160769484781232,0.0454852671773445,0.145269167100291
6,49,5.3847828410531,43.5485634727619,68.9997989255375,126.63970441287,231.427150347777,0.0002218038310648,0.0008245155976317,0.010126524989026,0.0370978015250237,0.145650401841338
6,49,9.34239539583303,135.385269474177,164.050427250848,245.794216809688,372.427691069453,0.0001873762418484,0.0012834239522785,0.012890966141481,0.0407395971355463,0.145505831822658
6,50,14.2474051972077,97.7635747064321,103.703810072462,126.298746193466,142.986463830432,0.0005569354966658,0.0018561382286084,0.01754055539553,0.0482124604365956,0.147315211707337
6,50,5.3847828410531,48.0461272977457,73.5259429841237,124.841257590337,229.201889286741,0.0002218038310648,0.000909669072955,0.0107907894017769,0.0365709649883705,0.144249917208248
6,50,19.6321880382608,145.809702004178,177.229753056586,251.140003783803,372.188353117173,0.0003937540061204,0.001382245385732,0.0139265882095023,0.0416256440512332,0.145412323556038
6,51,7.12370259860387,97.1872453897052,127.086629239354,145.390548441442,158.211874330895,0.0002784677483329,0.0018451960461007,0.0214955463897273,0.0555004406286861,0.163001553694692
6,51,2.69239142052655,56.9612823127203,74.2557636225357,122.240239723695,215.850322920523,0.0001109019155324,0.0010784618821541,0.0108978990897393,0.0358090235022695,0.135847009409709
6,51,9.81609401913042,154.148527702425,201.34239286189,267.630788165137,374.062197251418,0.0001968770030602,0.0014612957039577,0.0158213423318832,0.0443589382713526,0.146144426071499
6,52,7.12370259860387,86.9428151298522,121.274160561577,143.771396118243,156.887925591724,0.0002784677483329,0.0016506953980554,0.0205124202272835,0.0548823559708742,0.161637523956661
6,52,4.48731903421092,49.8346454823801,62.7771359077511,127.737631243493,255.163268332165,0.0001848365258873,0.0009435315249461,0.0092132766386082,0.037419427920476,0.160588904594296
6,52,11.6110216328148,136.777460612232,184.051296469328,271.509027361736,412.051193923889,0.0002328770626158,0.001296621632201,0.0144626202494057,0.0450017438853963,0.160986557023317
6,53,11.0813151533838,127.907385789668,138.579573097502,158.698646171406,178.73307978804,0.0004331720529623,0.0024284483172642,0.0234394732161447,0.0605805871434378,0.184144014634171
6,53,8.07717426157966,47.0789356466834,71.1940577385947,139.003056646954,256.646775706189,0.0003327057465972,0.0008913569969964,0.0104485580535975,0.0407195186593964,0.161522561016355
6,53,19.1584894149635,174.986321436351,209.773630836097,297.70170281836,435.379855494229,0.0003842532449086,0.001658833617016,0.0164838630279743,0.0493430951989269,0.170100960674008
7,1,3.94830334401742,108.645408478723,152.048552243671,184.501071944815,196.856663988773,0.0001517081007135,0.0020347242788845,0.0252012054221655,0.0666419046121935,0.194840248146351
7,1,6.28159795567048,62.4773813353915,81.7803458996982,140.474952449651,274.985722359589,0.0002543669434887,0.0011694418539889,0.0117518451988763,0.0392371345553545,0.167779616844308
7,1,10.2299012996879,171.122789814114,233.828898143369,324.976024394466,471.842386348362,0.0002016909175483,0.0016019643324604,0.0179974696659408,0.0511878254846658,0.178099508566816
7,2,6.31728535042788,109.194600511206,142.490291125301,189.732066290592,214.265756722474,0.0002427329611417,0.0020450096133309,0.023616976579679,0.0685313430991548,0.212071018390586
7,2,4.48685568262177,60.9351748257128,80.0537870820239,152.395951430422,304.128230979219,0.0001816906739205,0.001140575073702,0.0115037384963569,0.0425668800572112,0.185560608846829
7,2,10.8041410330496,170.129775336919,222.544078207325,342.128017721014,518.393987701693,0.0002130125261662,0.0015926682370905,0.0171288935143308,0.0538894809152454,0.195670666995778
7,3,5.52762468162439,102.10700012167,144.607390464611,182.831388989137,212.926595742958,0.0002123913409989,0.0019122721806722,0.0239678740697358,0.0660388140659324,0.210745574525645
7,3,3.58948454609742,58.5589862087525,102.724024631692,169.218955552596,295.908549060862,0.0001453525391364,0.0010960979467442,0.014761454263813,0.0472658421487172,0.180545457256375
7,3,9.11710922772181,160.665986330422,247.331415096303,352.050344541733,508.83514480382,0.0001797513066508,0.0015040730683534,0.0190367387263684,0.0554523726228635,0.192062629074993
7,4,10.2655886944453,126.328123128295,135.40815416606,173.106504145333,204.891629865866,0.0003944410618552,0.0023658882858855,0.0224431516026959,0.0625261794709468,0.202792911335998
7,4,5.38422681914613,68.4272951529764,91.7991269159261,167.799706782095,314.589644329856,0.0002180288087046,0.0012808114104138,0.0131915451938916,0.0468694209077447,0.191943529052863
7,4,15.6498155135914,194.755418281271,227.207281081986,340.906210927428,519.481274195722,0.0003085489838006,0.0018232009539987,0.0174878134465942,0.0536970309243804,0.19608106927387
7,5,11.0552493632488,131.559392554482,151.907236510996,174.577750236135,206.900371335139,0.0004247826819979,0.0024638601289656,0.0251777831221437,0.063057594495319,0.204781077133409
7,5,2.69211340957306,63.0668658814889,89.5263154980913,148.223470472777,273.49123473807,0.0001090144043523,0.0011804757335426,0.0128649419293201,0.0414014324531378,0.166867771100589
7,5,13.7473627728219,194.626258435971,241.433552009087,322.801220708912,480.391606073209,0.0002710405633733,0.0018219918253632,0.0185827887961037,0.0508452664551898,0.181326458657944
7,6,8.68626735683833,119.764722638678,141.110913313061,160.668847395382,176.769249296041,0.0003337578215698,0.0022429681320082,0.0233883523469055,0.0580336899369164,0.174958590172233
7,6,5.38422681914613,65.090346370249,90.0725680982518,152.17028113568,262.282577576673,0.0002180288087046,0.0012183509249112,0.0129434384913723,0.0425038463592777,0.160028928022696
7,6,14.0704941759845,184.855069008927,231.183481411313,312.839128531062,439.051826872714,0.0002774113647411,0.001730518930579,0.0177938557937163,0.0492761112019303,0.165722531217578
7,7,7.10694601923136,100.731296477406,121.043548852612,154.696861803499,173.421346847252,0.0002730745812844,0.0018865078373398,0.0200622978295381,0.0558766049402573,0.17164498050988
7,7,6.28159795567048,58.635009378573,77.948071955412,138.061400295068,251.073920415277,0.0002543669434887,0.0010975209365488,0.0112011469882307,0.0385629868230056,0.153190084944803
7,7,13.3885439749018,159.366305855979,198.991620808024,292.758262098567,424.495267262529,0.0002639661556673,0.001491906122233,0.0153160951777352,0.0461131212907739,0.160228077586438
7,8,5.52762468162439,112.39244377612,116.041461653073,127.104888999091,137.933580890093,0.0002123913409989,0.0021048992066629,0.0192332295799887,0.0459103668023912,0.13652071808894
7,8,5.38422681914613,63.2588207616127,81.7375086089971,130.72110628548,230.898337524764,0.0002180288087046,0.001184068714972,0.01174568947523,0.0365127131001278,0.140880167404595
7,8,10.9118515007705,175.651264537733,197.77897026207,257.825995284571,368.831918414857,0.0002151361266221,0.0016443576045405,0.0152227592317103,0.0406108483745167,0.139217639860239
7,9,4.73796401282091,94.6920958877052,112.651544849843,130.315233869781,138.60316137985,0.0001820497208562,0.0017734049622438,0.0186713696447139,0.0470699454129088,0.13718344002141
7,9,7.17896909219483,70.0111979955333,76.5792508013247,131.04641412606,221.184167984887,0.0002907050782728,0.0013104586561393,0.0110044472294952,0.0366035773238926,0.134953170070421
7,9,11.9169331050157,164.703293883238,189.230795651168,261.361647995841,359.787329364737,0.0002349521370637,0.0015418682837412,0.0145648186842397,0.0411677583013216,0.135803709887814
7,10,5.52762468162439,104.004244065573,107.109773322947,140.676523326546,156.681834603309,0.0002123913409989,0.001947803993472,0.0177528517069161,0.0508124497591362,0.155076932198116
7,10,4.48685568262177,42.6507687240459,81.5682858819835,144.483950242273,254.810139469076,0.0001816906739205,0.0007983304194993,0.0117213721497147,0.0403569184248498,0.1554696993041
7,10,10.0144803642462,146.655012789619,188.67805920493,285.160473568819,411.491974072385,0.0001974437166365,0.0013729094758255,0.0145222753651573,0.0449163737028409,0.155319912924001
7,11,15.7932133760697,109.595933543903,108.13242051062,144.404988170944,170.073444398464,0.0006068324028542,0.0020525258266433,0.0179223498143999,0.0521591736339144,0.168331370847527
7,11,9.8710825017679,60.0455248324756,73.1068409564163,129.86955702318,242.10699468616,0.0003997194826251,0.0011239227442468,0.0105054615317033,0.0362748603555443,0.147719010482488
7,11,25.6642958778376,169.641458376379,181.239261467036,274.274545194124,412.180439084624,0.0005059927004371,0.0015880968626139,0.0139497219395463,0.0432017025885002,0.155579777836296
7,12,7.10694601923136,96.9558442657377,114.498802025474,134.130699942856,147.307707746701,0.0002730745812844,0.0018158007141726,0.0189775422906465,0.0484480941868572,0.145798825143528
7,12,6.28159795567048,55.529924016452,78.7278032186377,125.815093473716,231.645581335523,0.0002543669434887,0.0010394004342957,0.0113131944612677,0.035142377097384,0.141336090276455
7,12,13.3885439749018,152.48576828219,193.226605244112,259.945793416572,378.953289082224,0.0002639661556673,0.0014274940366578,0.0148723703278171,0.0409447433350627,0.143038006987133
7,13,6.31728535042788,87.5618701267626,120.362548792581,133.824714840136,137.933580890093,0.0002427329611417,0.001639869236502,0.0199494258412679,0.0483375721730106,0.13652071808894
7,13,5.38422681914613,41.9744146599458,64.8553296127731,113.063274273885,210.72275463425,0.0002180288087046,0.0007856705298917,0.0093197183937836,0.0315805688387289,0.128570249864388
7,13,11.701512169574,129.536284786708,185.217878405354,246.887989114021,348.656335524343,0.0002307049361519,0.0012126526701274,0.0142559502895421,0.0388879743500357,0.131602254931262
7,14,11.0552493632488,98.7420801528344,110.804287674211,136.081933593732,149.316449215974,0.0004247826819979,0.0018492535547315,0.0183651969987813,0.0491528810234165,0.147786990940939
7,14,1.79474227304871,54.0693223801343,78.5799991369746,131.185160577481,238.370775632361,7.26762695682082e-05,0.0010120611212674,0.0112919549975756,0.0366423316575909,0.145439396123191
7,14,12.8499916362975,152.811402532969,189.384286811186,267.267094171213,387.687224848335,0.0002533481533876,0.0014305424585293,0.014576632675232,0.0420979406087619,0.146334679165817
7,15,11.8449100320523,97.1769672723632,90.7392174090145,109.314065865751,135.924839420819,0.0004551243021407,0.0018199419324395,0.0150395227315707,0.0394843101636576,0.134532552291528
7,15,7.17896909219483,52.464078488564,76.4121545101019,122.771654681213,224.173143227926,0.0002907050782728,0.0009820144171236,0.0109804354730498,0.0342922909052906,0.13677686155786
7,15,19.0238791242471,149.641045760927,167.151371919116,232.085720546964,360.097982648745,0.0003750714228314,0.0014008631944435,0.0128653976032089,0.0365564302258207,0.135920967681554
7,16,8.68626735683833,99.7847055242415,103.650345751006,112.006290762734,123.87239060518,0.0003337578215698,0.001868779968104,0.0171794707467089,0.0404567435099147,0.122603557507057
7,16,8.07634022871919,53.8928097865848,55.5306052783688,102.766465315116,207.733779391211,0.0003270432130569,0.0010087571861434,0.0079797544245126,0.028704488287993,0.12674655837695
7,16,16.7626075855575,153.677515310826,159.180951029375,214.77275607785,331.606169996391,0.0003304885946981,0.0014386505648752,0.0122519259180284,0.0338294198086106,0.125166576006756
7,17,15.0035527072662,113.161046424374,88.6765453414909,111.234016106049,135.924839420819,0.0005764907827115,0.0021192936895142,0.0146976462603702,0.040177797412406,0.134532552291528
7,17,6.28159795567048,45.1295862044819,60.3504176320139,110.757375005863,208.481023201971,0.0002543669434887,0.0008447285374751,0.0086723620192168,0.0309364904584005,0.127202481248809
7,17,21.2851506629367,158.290632628856,149.026962973505,221.991391111912,344.40586262279,0.0004196542509646,0.0014818362177795,0.0114703882489256,0.0349664459355367,0.129997890514573
7,18,11.8449100320523,86.82968054237,93.6068275770664,119.150386345754,130.568195502758,0.0004551243021407,0.0016261567018909,0.0155148132348302,0.0430371953813619,0.129230776831763
7,18,3.58948454609742,56.3271227881461,63.9085020583245,102.880475052935,191.294415554497,0.0001453525391364,0.001054322276243,0.0091836591643013,0.0287363332208115,0.11671625519604
7,18,15.4343945781497,143.156803330516,157.515329635391,222.030861398689,321.862611057255,0.0003043017828887,0.0013401610219986,0.0121237254656841,0.0349726630038731,0.121488815998415
7,19,13.4242313696592,96.9649155503133,98.7721965919642,117.592139026275,133.246517461788,0.0005158075424261,0.0018159706022813,0.0163709445409482,0.0424743554578194,0.131881664561645
7,19,8.97371136524354,47.8269642586967,60.4768030683265,113.021816187405,216.700705120328,0.000363381347841,0.0008952176380937,0.0086905236210858,0.0315689888631585,0.132217632839264
7,19,22.3979427349027,144.79187980901,159.248999660291,230.61395521368,349.947222582116,0.0004415938618622,0.0013554677745489,0.012257163522022,0.0363246086101342,0.132089507363974
7,20,11.0552493632488,93.4766193839486,96.1895120845153,118.371262686014,131.907356482273,0.0004247826819979,0.0017506413720725,0.0159428788878892,0.0427557754195907,0.130556220696704
7,20,8.07634022871919,45.8402671055243,65.3608713580232,107.71393621336,201.008585094374,0.0003270432130569,0.0008580309514487,0.0093923648012595,0.0300864042663071,0.122643252530214
7,20,19.131589591968,139.316886489473,161.550383442539,226.085198899374,332.915941576647,0.0003771950232873,0.0013042136778392,0.0124342976792607,0.0356112723315234,0.125660956506532
7,21,10.2655886944453,81.8171844760877,92.1185952212543,116.239177574728,128.559454033484,0.0003944410618552,0.0015322820726112,0.0152681469643443,0.0419856649204284,0.127242611034351
7,21,6.28159795567048,46.2346715666029,54.7294553697925,106.976396688879,195.777878419055,0.0002543669434887,0.0008654133524765,0.0078646290896524,0.0298803964545421,0.119451792427197
7,21,16.5471866501158,128.051856042691,146.848050591047,223.215574263607,324.337332452539,0.0003262413937862,0.0011987562048783,0.0113026805369217,0.0351592702327967,0.122422913224717
7,22,6.31728535042788,76.5818530123266,83.9420061103768,101.321430798781,115.837424728087,0.0002427329611417,0.0014342341552028,0.0139129226047881,0.0365973652905548,0.11465089431741
7,22,2.69211340957306,48.887545141943,60.7295739409515,105.165645277717,196.525122229815,0.0001090144043523,0.0009150694252189,0.0087268468248237,0.0293746216133546,0.119907715299057
7,22,9.00939876000094,125.46939815427,144.671580051328,206.487076076498,312.362546957902,0.0001776277061949,0.0011745805504735,0.0111351607699963,0.0325243206317674,0.117902964459001
7,23,5.52762468162439,83.8615222383481,95.6521219524121,108.103823460982,119.854907666634,0.0002123913409989,0.0015705686761351,0.0158538094497977,0.0390471698367961,0.118627225912234
7,23,7.17896909219483,41.6217065317454,59.0244337686278,95.2977893757278,168.877101231704,0.0002907050782728,0.0007790685943025,0.0084818179841276,0.0266183552253095,0.103038569040254
7,23,12.7065937738192,125.483228770094,154.67655572104,203.40161283671,288.732008898338,0.0002505209465935,0.001174710025649,0.0119052291728064,0.0320383212287286,0.108983487664751
7,24,7.89660668803484,101.00253167472,84.9820309902274,103.933503470142,119.185327176876,0.0003034162014271,0.0018915875627418,0.014085300968505,0.0375408476019042,0.117964503979763
7,24,11.6658247748166,51.1873935301842,55.0036448877681,96.5408412786892,175.602295528542,0.0004723957521933,0.0009581176277132,0.0079040301552135,0.026965561570108,0.10714187488699
7,24,19.5624314628514,152.189925204904,139.985675877996,200.474344748831,294.787622705418,0.000385689425111,0.0014247245045672,0.0107744935518437,0.0315772395587551,0.111269212462513
7,25,10.2655886944453,80.5926366877555,83.5829812905571,118.259827049814,145.298966277428,0.0003944410618552,0.0015093485943312,0.0138534162293415,0.042715524796872,0.143810659346116
7,25,10.7684536382923,50.7586622321633,60.393254922715,103.829312680177,203.250316526653,0.0004360576174092,0.0009500927023193,0.0086785177428631,0.0290013603235229,0.124011021145793
7,25,21.0340423327376,131.351298919919,143.976236213272,222.089139729991,348.549282804081,0.0004147034437146,0.0012296439072822,0.0110816411677051,0.0349818425766056,0.131561847292142
7,26,7.89660668803484,91.2270794630518,97.6777444403274,115.665339782921,122.533229625665,0.0003034162014271,0.001708511717838,0.0161895451583752,0.0417783943448085,0.121278113642116
7,26,7.17896909219483,54.7901809231091,57.9512207778666,98.5214327061314,187.558196500698,0.0002907050782728,0.0010255540387512,0.0083275971527763,0.0275187757266715,0.114436640836742
7,26,15.0755757802297,146.017260386161,155.628965218194,214.186772489052,310.091426126363,0.0002972273751827,0.0013669391629035,0.0119785347444046,0.0337371199974595,0.117045717387318
7,27,6.31728535042788,82.8064008006588,84.6774334421939,100.691875188874,116.507005217845,0.0002427329611417,0.00155080823493,0.0140348156119145,0.0363699694035757,0.115313616249881
7,27,7.17896909219483,54.7901809231091,57.9512207778666,108.631680275741,217.447948931088,0.0002907050782728,0.0010255540387512,0.0083275971527763,0.0303427463873408,0.132673555711124
7,27,13.4962544426227,137.596581723768,142.62865422006,209.323555464615,333.954954148933,0.0002660897561232,0.0012881090615072,0.0109779197447426,0.0329711019356508,0.126053137526874
7,28,9.47592802564181,77.2804885098878,92.7648398969297,102.667543247273,109.811200320268,0.0003640994417125,0.0014473182848396,0.0153752584401482,0.0370835819636834,0.108686396925175
7,28,6.28159795567048,33.4556886390271,40.43711460008,90.2674023045245,187.558196500698,0.0002543669434887,0.0006262183483407,0.0058108180619851,0.0252132792958546,0.114436640836742
7,28,15.7575259813123,110.736177148915,133.20195449701,192.934945551798,297.369396820966,0.0003106725842565,0.0010366556453309,0.0102523603991586,0.030389689027678,0.112243717327936
7,29,9.47592802564181,72.9332017798946,86.2722261463256,125.341355811679,147.977288236459,0.0003640994417125,0.0013659017760276,0.0142991436699561,0.0452733774926974,0.146461547075998
7,29,4.48685568262177,47.3138199413185,69.6751419664182,122.823477289313,216.700705120328,0.0001816906739205,0.0008856126830036,0.0100123259884879,0.0343067658747535,0.132217632839264
7,29,13.9627837082636,120.247021721213,155.947368112744,248.164833100992,364.677993356787,0.0002752877642851,0.0011256913242896,0.012003041751373,0.0390890933935036,0.137649717959048
7,30,7.10694601923136,96.0167401318553,103.917893719431,126.051063647209,131.907356482273,0.0002730745812844,0.001798213058989,0.0172238153406763,0.0455297244145842,0.130556220696704
7,30,6.28159795567048,39.4665349872093,64.9817150490857,110.272591670622,203.997560337413,0.0002543669434887,0.000738728430345,0.0093378799956526,0.0308010819131522,0.124466944017652
7,30,13.3885439749018,135.483275119065,168.899608768517,236.323655317831,335.904916819686,0.0002639661556673,0.0012683253622818,0.0129999568468088,0.0372239584407736,0.126789161681195
7,31,7.10694601923136,103.792192343523,91.7421927092568,127.355156283711,154.003512644278,0.0002730745812844,0.0019438326633139,0.0152057603326645,0.0460007635048785,0.152426044468233
7,31,6.28159795567048,39.6875520596335,66.6654365760589,121.961563505393,229.403849903244,0.0002543669434887,0.0007428653933453,0.0095798309745256,0.0340660181362775,0.139968321660876
7,31,13.3885439749018,143.479744403157,158.407629285316,249.316719789104,383.407362547522,0.0002639661556673,0.0013431842317091,0.0121924044699045,0.039270530085269,0.144719221558442
7,32,11.0552493632488,94.415723517831,117.170669189065,144.971976959696,165.38638097016,0.0004247826819979,0.0017682290272561,0.019420389475028,0.0523639703452717,0.163692317320233
7,32,4.48685568262177,48.3138199413185,62.8974185678243,125.711448257517,246.590457550718,0.0001816906739205,0.0009043305266294,0.0090383663493495,0.0351134271584581,0.150454547713645
7,32,15.5421050458706,142.72954345915,180.068087756889,270.683425217213,411.976838520878,0.0003064253833446,0.0013361612328685,0.0138595784051531,0.042636055867284,0.155502927681676
7,33,6.31728535042788,95.8064008006588,109.63803055861,152.477775463535,174.760507826768,0.0002427329611417,0.0017942737986927,0.0181718963411189,0.0550750695419248,0.172970424374821
7,33,3.58948454609742,47.1061057157219,67.066011530347,128.19755206344,260.040846144394,0.0001453525391364,0.00088172472061,0.0096373936419556,0.0358078398480551,0.158661159407117
7,33,9.9067698965253,142.912506516381,176.704042088957,280.675327526975,434.801353971162,0.0001953201161805,0.0013378740397492,0.0136006527105782,0.0442099065925642,0.164118166800889
7,34,11.0552493632488,113.333897556724,108.652432950546,145.876234261745,172.082185867737,0.0004247826819979,0.002122530866313,0.0180085389962583,0.0526905886582866,0.170319536644939
7,34,7.17896909219483,55.464078488564,71.5709235111062,122.920765654254,239.865263253881,0.0002907050782728,0.0010381679480012,0.0102847500165225,0.0343339402328814,0.14635124186691
7,34,18.2342184554436,168.797976045288,180.223356461652,268.796999915999,411.947449121618,0.0003595026133016,0.0015802006109753,0.013871529211175,0.0423389200730717,0.15549183449099
7,35,9.47592802564181,102.076870816545,122.568830788032,145.81366744059,168.06470292919,0.0003640994417125,0.0019117079154216,0.0203151048626471,0.0526679894826647,0.166343205050116
7,35,8.07634022871919,65.9670451640097,94.7895400967257,133.027005553502,233.140068957043,0.0003270432130569,0.0012347608358398,0.0136212679151007,0.0371567914804561,0.142247936020174
7,35,17.552268254361,168.043915980555,217.358370884758,278.840672994092,401.204771886233,0.0003460574042278,0.0015731414850135,0.0167297571758569,0.0439209253477821,0.151436951776614
7,36,8.68626735683833,102.927427351466,106.787798082736,132.273316523712,151.325190685247,0.0003337578215698,0.0019276372405205,0.0176994860940926,0.0477772061137307,0.149775156738351
7,36,9.8710825017679,57.6034906876272,79.9059830003608,125.918738689916,216.700705120328,0.0003997194826251,0.0010782131309945,0.0114824990326648,0.0351713270363099,0.132217632839264
7,36,18.5573498586062,160.530918039093,186.693781083097,258.192055213628,368.025895805575,0.0003658734146694,0.0015028086278579,0.0143695483686652,0.0406685074335208,0.138913402185201
7,37,8.68626735683833,112.96834033202,125.347258299943,139.07329459038,135.924839420819,0.0003337578215698,0.0021156846666361,0.0207756138345841,0.0502333625192578,0.134532552291528
7,37,2.69211340957306,52.9509341711857,74.9597852104032,130.323246793561,251.073920415277,0.0001090144043523,0.0009911273056593,0.0107717298360916,0.0364015839191148,0.153190084944803
7,37,11.3783807664114,165.919274503206,200.307043510346,269.396541383941,386.998759836096,0.0002243341347841,0.0015532516744881,0.0154173413469252,0.042433355421307,0.146074814253523
7,38,6.31728535042788,98.2554963773232,95.5085120244843,123.602257031791,149.316449215974,0.0002427329611417,0.0018401407552528,0.015830006899619,0.044645213906552,0.147786990940939
7,38,12.563195911341,70.5218858142662,64.7717814671617,112.211725011584,221.931411795647,0.0005087338869774,0.001320017630872,0.0093077125155609,0.0313427160941454,0.135409092942281
7,38,18.8804812617689,168.777382191589,160.280293491646,235.813982043375,371.247861011621,0.0003722442160372,0.0015800078218142,0.012336540705911,0.037143678467272,0.14012955070517
7,39,11.8449100320523,104.034245445138,106.842225354522,121.014618767952,137.264000400335,0.0004551243021407,0.0019483658629173,0.0177085071129488,0.043710557318751,0.135857996156469
7,39,5.38422681914613,59.2588207616127,73.5074159107045,118.91812471289,221.931411795647,0.0002180288087046,0.0011091973404686,0.0105630241991334,0.0332159319441841,0.135409092942281
7,39,17.2291368511984,163.293066206751,180.349641265226,239.932743480842,359.195412195982,0.00033968660286,0.001528666451064,0.0138812491685441,0.0377924353780838,0.135580287491019
7,40,9.47592802564181,104.586862259327,106.178602986669,120.833767307543,135.924839420819,0.0003640994417125,0.0019587153370874,0.0175985153809117,0.043645233656148,0.134532552291528
7,40,9.8710825017679,53.3190845859603,69.3174043028312,125.330310138476,227.162118470965,0.0003997194826251,0.0009980182875538,0.009960919044704,0.0350069685521357,0.138600553045298
7,40,19.3470105274097,157.905946845287,175.4960072895,246.164077446019,363.086957891784,0.0003814422241992,0.0014782349855582,0.0135076720318372,0.0387739491255686,0.137049172856218
7,41,13.4242313696592,93.6385589153098,103.058528347117,117.953841947095,135.924839420819,0.0005158075424261,0.0017536741950954,0.0170813802897612,0.0426050027830254,0.134532552291528
7,41,8.97371136524354,52.0588276793031,74.1179244469166,114.368513306566,208.481023201971,0.000363381347841,0.0009744289958466,0.0106507543466551,0.0319451451468829,0.127202481248809
7,41,22.3979427349027,145.697386594613,177.176452794034,232.322355253661,344.40586262279,0.0004415938618622,0.0013639446675151,0.013637013474376,0.0365937031787796,0.129997890514573
7,42,5.52762468162439,113.759713391677,117.314279116993,131.125640940098,139.272741869608,0.0002123913409989,0.0021305055964912,0.0194441920252066,0.047362664962491,0.137846161953881
7,42,6.28159795567048,59.4139923061488,80.6214583275349,122.674366316272,201.008585094374,0.0002543669434887,0.0011121018171744,0.0115853129202323,0.0342651165471627,0.122643252530214
7,42,11.8092226372949,173.173705697826,197.935737444528,253.80000725637,340.281326963982,0.0002328285366078,0.0016211639615581,0.0152348253733775,0.0399767044465918,0.128441061804069
7,43,4.73796401282091,81.5693569460443,91.8139976732208,114.980066354914,129.898615013,0.0001820497208562,0.0015276407288175,0.0152176616077538,0.04153087314647,0.128568054899293
7,43,4.48685568262177,53.9877175067733,65.8664131032734,113.485870479406,224.173143227926,0.0001816906739205,0.0010105336540087,0.0094650112087354,0.0316986074206216,0.13677686155786
7,43,9.22481969544268,135.557074452818,157.680410776494,228.46593683432,354.071758240926,0.0001818749071067,0.001269016234027,0.0121364315206371,0.0359862686044509,0.133646336074479
7,44,7.89660668803484,92.451627251384,98.4131717721445,123.957110949555,141.281483338881,0.0003034162014271,0.0017314451961181,0.0163114381655016,0.0447733873674954,0.139834327751292
7,44,0.0,54.969150015304,71.9907906749541,117.525961836888,199.514097472854,0.0,0.0010289039542327,0.0103450849767057,0.0328270762717948,0.121731406786495
7,44,7.89660668803484,147.420777266688,170.403962447099,241.483072786443,340.795580811735,0.0001556880952973,0.0013800781725296,0.0131157447580212,0.0380366318109952,0.128635169752429
7,45,5.52762468162439,99.6369744500159,94.916694620595,121.619739970337,145.298966277428,0.0002123913409989,0.0018660132427754,0.0157319164426713,0.0439291274821817,0.143810659346116
7,45,5.38422681914613,49.1428890513095,73.4645786200034,125.340674660096,225.667630849445,0.0002180288087046,0.0009198489125852,0.0105568684754871,0.0350098635460283,0.137688707301579
7,45,10.9118515007705,148.779863501325,168.381273240598,246.960414630433,370.966597126873,0.0002151361266221,0.0013928012450963,0.0129600613162967,0.0388993822829798,0.140023386102115
7,46,8.68626735683833,88.96834033202,93.6264994644969,113.42866803849,143.290224808154,0.0003337578215698,0.0016662097796896,0.0155180737412202,0.0409705070871901,0.141822493548704
7,46,3.58948454609742,49.0427166864791,65.9071239581837,109.3859411731,183.074733636139,0.0001453525391364,0.0009179739019247,0.0094708613633117,0.0305534247737964,0.111701103605585
7,46,12.2757519029358,138.011057018499,159.533623422681,222.81460921159,326.364958444293,0.0002420265447697,0.0012919891679475,0.0122790705983949,0.0350961131763759,0.123188251827473
7,47,7.89660668803484,83.8188968669411,92.9258275170354,113.807956363778,126.550712564211,0.0003034162014271,0.001569770383052,0.01540194124656,0.0411075062716819,0.12525444523694
7,47,6.28159795567048,42.3506032769061,56.2246619601923,106.903845037539,206.239291769692,0.0002543669434887,0.0007927119695978,0.008079490450257,0.029860131497294,0.125834712633231
7,47,14.1782046437053,126.169500143847,149.150489477228,220.711801401317,332.790004333903,0.000279534965197,0.0011811345484395,0.0114798959039732,0.0347648944059432,0.125613420800347
7,48,9.47592802564181,86.6886711059985,90.7565951011923,122.736132143374,155.342673623794,0.0003640994417125,0.0016235158602046,0.0150424029878039,0.0443323690456105,0.153751488333175
7,48,11.6658247748166,38.5243423129116,62.5396809042373,111.030860238343,206.239291769692,0.0004723957521933,0.0007210926152021,0.0089869594055657,0.0310128797127024,0.125834712633231
7,48,21.1417528004584,125.21301341891,153.29627600543,233.766992381717,361.581965393486,0.0004168270441705,0.0011721804072671,0.0117989910537824,0.0368212517597477,0.136481105145264
7,49,11.0552493632488,94.1093497683915,101.156843899699,125.066654119537,140.611902849124,0.0004247826819979,0.0017624912228231,0.0167661866249724,0.0451741550666617,0.139171605818822
7,49,14.3579381843897,54.0007032947022,73.0854223110658,127.646573928118,227.909362281725,0.0005814101565456,0.0010107767199565,0.0105023836698802,0.0356539419263566,0.139056475917157
7,49,25.4131875476385,148.110053063094,174.242266210765,252.713228047655,368.521265130849,0.000501041893187,0.0013865308211936,0.0134111734073616,0.0398055230045771,0.139100382066498
7,50,8.68626735683833,90.3356099475771,95.9393418082679,129.643658447884,167.395122439433,0.0003337578215698,0.0016918161695179,0.015901414550155,0.0468273719430954,0.165680483117645
7,50,7.17896909219483,52.9586553144728,80.1159165822848,141.672538595771,251.073920415277,0.0002907050782728,0.000991271828812,0.0115126665127564,0.039571641511488,0.153190084944803
7,50,15.8652364490332,143.29426526205,176.055258390553,271.316197043655,418.46904285471,0.0003127961847124,0.0013414478705337,0.0135507167744108,0.0427357254163957,0.157953445979363
7,51,7.89660668803484,90.3498184047127,116.955254297173,142.446905517012,157.351415093067,0.0003034162014271,0.0016920822672122,0.01938468564976,0.0514519129330925,0.155739654130586
7,51,4.48685568262177,52.6507687240459,64.6239773854986,124.153453035596,248.084945172238,0.0001816906739205,0.0009855088557579,0.0092864730518688,0.0346782515837873,0.151366393457365
7,51,12.3834623706566,143.000587128759,181.579231682672,266.600358552608,405.436360265305,0.0002441501452257,0.0013386986055453,0.013975888951801,0.0419929213337149,0.15303418812624
7,52,4.73796401282091,109.100278483816,112.723349813807,150.651675454969,180.786732234587,0.0001820497208562,0.002043243139056,0.0186832709198033,0.0544154810566092,0.178934921767057
7,52,9.8710825017679,56.0455248324756,74.0750871562155,139.242265068309,266.766040441232,0.0003997194826251,0.0010490513697434,0.0106445986230088,0.0388928232044486,0.162764465253853
7,52,14.6090465145888,165.145803316292,186.798436970023,289.893940523278,447.552772675819,0.0002880293670208,0.0015460108314948,0.0143776035798271,0.0456619544910044,0.168931260050957
8,1,13.3792365041573,91.8582298720191,111.43802460768,152.04028313677,180.284225879373,0.0005055195209325,0.001696114054431,0.0183273361445235,0.0511323000882468,0.170192822854091
8,1,4.48619403475089,59.2467315832023,77.2366311377763,132.210945320553,248.819497923717,0.0001786950376905,0.0010956155104594,0.0110299360332026,0.0346241550741462,0.145706095866652
8,1,17.8654305389082,151.104961455221,188.674655745456,284.251228457323,429.10372380309,0.0003464198134794,0.0013960918195962,0.014421490546236,0.0418513292595928,0.155080464710063
8,2,9.44416694411107,111.848395904182,121.297423496852,178.786310485629,222.623703169226,0.0003568373088935,0.0020652219896133,0.0199488339973519,0.0601271918916253,0.210162349433461
8,2,9.86962687645196,55.1249878108282,77.1047993215266,146.737246857267,279.163339133927,0.0003931290829192,0.0010193944888692,0.0110111095194234,0.0384283856228463,0.163475131947951
8,2,19.313793820563,166.97338371501,198.402222818379,325.523557342896,501.787042303153,0.000374504316497,0.0015427036468548,0.0151650245202388,0.0479280024717884,0.181348618968336
8,3,9.44416694411107,111.013685320533,125.193208822438,183.872602303768,244.47633660915,0.0003568373088935,0.0020498094963148,0.0205895431938787,0.061837750397673,0.230791782506684
8,3,7.17791045560143,74.6404497478875,91.5754189459162,178.41135808604,370.194862764555,0.0002859120603049,0.0013802826293736,0.0130776161299086,0.0467233822009421,0.216782240191848
8,3,16.6220773997125,185.65413506842,216.768627768354,362.283960389808,614.671199373705,0.0003223105617247,0.0017152991982996,0.016568874625638,0.0533403686380885,0.22214557915724
8,4,7.87013912009256,132.753002560902,161.685900851243,219.82514577867,260.865811689093,0.0002973644240779,0.0024512145914979,0.026591209465199,0.0739288633840958,0.246263857311602
8,4,7.17791045560143,63.031637023698,93.1019777263452,177.562380271842,364.126094522513,0.0002859120603049,0.0011656075757669,0.0132956194976243,0.0465010470574938,0.213228432975588
8,4,15.048049575694,195.7846395846,254.787878577588,397.387526050512,624.991906211606,0.0002917893591138,0.0018088971473492,0.0194749049239525,0.0585087926854535,0.225875539825893
8,5,9.44416694411107,125.780627437263,145.651430366994,225.990856147627,286.132919104005,0.0003568373088935,0.0023224733403716,0.0239541461154237,0.0760024385336446,0.270116639302516
8,5,5.38343284170107,66.1318673278731,96.809177710943,204.309453872421,407.366068247062,0.0002144340452286,0.0012229383401228,0.0138250338194306,0.0535057229705256,0.238549309391439
8,5,14.8275997858121,191.912494765136,242.460608077937,430.300310020048,693.498987351067,0.0002875147252097,0.0017731215536514,0.0185326606449357,0.0633546600761927,0.250634378749213
8,6,5.50909738406479,121.525063591353,145.97642820521,213.90517610036,284.084234719012,0.0002081550968545,0.0022438965850974,0.0240075959558009,0.0719379326921794,0.268182629951901
8,6,3.58895522780071,51.7527831143421,87.1818980603396,181.591673044749,364.884690552768,0.0001429560301524,0.0009570342595167,0.012450190339651,0.0475562611887445,0.213672658877621
8,6,9.0980526118655,173.277846705695,233.15832626555,395.496849145109,648.96892527178,0.0001764158821677,0.0016009519606327,0.0178216336726816,0.0582304215342681,0.234540967441525
8,7,8.65715303210181,125.499872882352,144.816918421012,179.840511960244,204.18554370429,0.0003271008664857,0.0023172893547114,0.0238169004938822,0.0604817278411869,0.192756265277929
8,7,8.07514926255161,68.9194654247286,85.364513827681,163.719651443455,301.921220041584,0.000321651067843,0.001274487778045,0.0121906550448216,0.0428758344214192,0.176801909008925
8,7,16.7323022946534,194.419338307081,230.181432248693,343.560163403699,506.106763745874,0.0003244478786767,0.0017962828299471,0.0175940925185631,0.0505835967609423,0.182909790246036
8,8,10.2311808561203,125.061381992173,129.199703909754,174.834032282637,196.673700959316,0.0003865737513013,0.0023091928503197,0.0212484599548777,0.0587980107631883,0.185664897659009
8,8,3.58895522780071,50.1880340111003,77.863551741786,147.161735764365,282.197723254948,0.0001429560301524,0.0009280982601514,0.011119464720022,0.0385395531945705,0.165252035556081
8,8,13.820136083921,175.249416003273,207.06325565154,321.995768047002,478.871424214264,0.0002679794900002,0.0016191677209996,0.0158270371399549,0.04740859338363,0.173066787548076
8,9,11.0181947681296,96.0413101968936,117.061018751091,157.229460814518,181.650015469368,0.0004163101937091,0.0017733524394915,0.0192521058016291,0.0528774598890289,0.171482162421168
8,9,8.07514926255161,49.1370908731077,74.0516817606687,141.675891332808,270.060186770864,0.000321651067843,0.0009086637770697,0.0105751027839918,0.0371028890223996,0.158144421123561
8,9,19.0933440306812,145.178401070001,191.11270051176,298.905352147326,451.710202240232,0.000370229682593,0.0013413350307227,0.0146078443488155,0.0440089085210425,0.163250571346328
8,10,7.0831252080833,104.319630584444,109.40709962359,133.295393784453,163.89475079943,0.0002676279816701,0.0019262072852247,0.017993325872906,0.0448282516629918,0.154720748049174
8,10,18.8420149459537,54.8909106719995,72.1890278284597,122.154681144209,235.923365409378,0.0007505191583004,0.0010150658358433,0.0103091026565703,0.0319905633585426,0.1381542555321
8,10,25.925140154037,159.210541256443,181.59612745205,255.450074928662,399.818116208808,0.0005027016951553,0.0014709810458969,0.013880437862391,0.0376108319856644,0.144496483767679
8,11,4.72208347205553,97.1043636096975,103.934548540815,141.783726448035,173.455277929397,0.0001784186544467,0.0017929811634129,0.0170932984036898,0.0476829423018716,0.163746125018709
8,11,6.28067164865125,67.8434412451124,73.7155866088886,123.478339057714,236.681961439634,0.0002501730527668,0.0012545894857795,0.0105271060242861,0.0323372104288832,0.138598481434132
8,11,11.0027551207068,164.94780485481,177.650135149704,265.262065505749,410.137239369031,0.0002133490356347,0.0015239888803148,0.0135788229451199,0.0390554865982841,0.148225872086439
8,12,7.87013912009256,103.710578083588,117.613096202757,147.350908664166,173.455277929397,0.0002973644240779,0.0019149614501152,0.0193429016414704,0.0495552278951906,0.163746125018709
8,12,12.5613432973025,56.4332713899777,61.9619893935768,111.981778903083,226.06161701606,0.0005003461055336,0.0010435878197601,0.0088486093895265,0.0293264258024811,0.132379318805678
8,12,20.4314824173951,160.143849473566,179.575085596334,259.332687567249,399.516894945457,0.0003961768686586,0.0014796040848397,0.0137259579938543,0.0381824829889225,0.14438762073315
8,13,10.2311808561203,92.0062855200561,118.846412494775,166.92531496473,195.990806164319,0.0003865737513013,0.0016988478243482,0.0195457354797039,0.0561382491600836,0.18502022787547
8,13,9.86962687645196,61.0809241898804,73.7246405487987,136.264621614005,270.060186770864,0.0003931290829192,0.0011295341725585,0.0105283989908045,0.0356857549005793,0.158144421123561
8,13,20.1008077325723,153.087209709937,192.571053043574,303.189936578735,466.050992935183,0.0003897649178024,0.001414406245186,0.0147193146317083,0.0446397432750472,0.168433412608045
8,14,5.50909738406479,100.304677702886,120.3678233711,151.851280867579,180.967120674371,0.0002081550968545,0.0018520732852578,0.0197959499701572,0.0510687371919783,0.170837492637629
8,14,3.58895522780071,50.014472183669,62.7297957537463,125.192550366472,262.474226468312,0.0001429560301524,0.000924888681748,0.0089582575566436,0.0327861378459014,0.153702162103236
8,14,9.0980526118655,150.319149886555,183.097619124846,277.043831234051,443.441347142683,0.0001764158821677,0.0013888315344792,0.0139952055182742,0.040790158280903,0.160262161271993
8,15,7.0831252080833,77.0992446959762,98.1213780378638,124.92255551858,144.773696539497,0.0002676279816701,0.0014235971311123,0.0161372519352776,0.0420124026658162,0.136669994110103
8,15,3.58895522780071,56.6673485288064,61.3712845492074,110.275695434506,207.096716259679,0.0001429560301524,0.001047916472786,0.0087642525687808,0.0288796269505236,0.121273671254866
8,15,10.672080435884,133.766593224783,159.492662587071,235.198250953086,351.870412799176,0.0002069370847786,0.0012358988397063,0.0121909427453605,0.0346290832069203,0.127167917935987
8,16,6.29611129607405,93.1870849581751,85.412163800579,128.429625580758,168.675014364414,0.0002378915392623,0.0017206506668943,0.014047067348109,0.0431918569206369,0.159233436533941
8,16,6.28067164865125,43.3668193837663,66.5688275545939,116.893985002033,210.889696410956,0.0002501730527668,0.0008019574867083,0.0095064983922291,0.0306128623022266,0.123494800765028
8,16,12.5767829447253,136.553904341941,151.980991355173,245.323610582791,379.56471077537,0.0002438702382455,0.0012616514173309,0.0116167824521868,0.036119876270628,0.13717679076026
8,17,8.65715303210181,78.8133712273447,107.278256414734,132.331469631344,150.919749694475,0.0003271008664857,0.0014552475788183,0.0176432117603753,0.044504076661195,0.142472022161947
8,17,9.86962687645196,51.9514259833969,64.724281502205,112.564969226991,210.889696410956,0.0003931290829192,0.0009607076471039,0.0092430841978444,0.0294791550047704,0.123494800765028
8,17,18.5267799085538,130.764797210742,172.002537916939,244.896438858335,361.809446105431,0.0003592437151916,0.0012081645891632,0.0131471445632012,0.0360569822434407,0.130759939674326
8,18,3.14805564803702,102.911449316986,95.3297476156114,113.080472804833,134.530274614532,0.0001189457696311,0.0019002059564134,0.0156781344184334,0.0380298204547292,0.12699994735703
8,18,5.38343284170107,50.0464327423374,69.6219451154517,127.266227860876,236.681961439634,0.0002144340452286,0.0009254797098582,0.0099425051276606,0.0333292043141573,0.138598481434132
8,18,8.53148848973809,152.957882059323,164.951692731063,240.346700665709,371.212236054166,0.0001654299147664,0.0014132113587089,0.0126082078586962,0.0353871079488671,0.134158160090353
8,19,11.0181947681296,90.9988857195794,89.2866674542145,121.117293058551,136.578958999525,0.0004163101937091,0.0016802467151999,0.0146842765152972,0.0407326640465078,0.128933956707645
8,19,6.28067164865125,43.7139430386289,66.5507196747737,108.46110174133,197.993563896617,0.0002501730527668,0.0008083766435149,0.0095039124591922,0.0284044108231691,0.115942960430476
8,19,17.2988664167809,134.712828758208,155.837387128988,229.578394799881,334.572522896142,0.000335433846078,0.0012446413169546,0.0119115489907815,0.0338016516016611,0.120916364626473
8,20,8.65715303210181,87.3599274556071,80.3966019897002,110.104727293051,132.481590229539,0.0003271008664857,0.0016130552587173,0.0132221973130808,0.0370290546750588,0.125065938006415
8,20,9.86962687645196,43.9514259833969,65.6420275584444,110.267567594325,200.269351987382,0.0003931290829192,0.0008127682781386,0.0093741448117775,0.0288774983854628,0.117275638136573
8,20,18.5267799085538,131.311353439004,146.038629548145,220.372294887376,332.750942216921,0.0003592437151916,0.0012132143418112,0.0111625735162607,0.0324462044476559,0.120258035270259
8,21,10.2311808561203,98.2520153981288,86.8938413779981,105.530847218156,116.092115149596,0.0003865737513013,0.0018141719519864,0.0142907472151451,0.0354908241237068,0.109593863201498
8,21,8.07514926255161,54.5282781489181,64.1064148381054,114.745732794875,224.54442495555,0.000321651067843,0.0010083598825144,0.0091548484775433,0.0300502657836202,0.131490867001613
8,21,18.3063301186719,152.780293547047,151.000256216103,220.276580013031,340.636540105146,0.0003549690812875,0.0014115705795653,0.0115418192172968,0.0324321120029443,0.123107934064387
8,22,8.65715303210181,89.1141975775344,85.6789767129349,104.531240807871,127.018431869558,0.0003271008664857,0.0016454469367762,0.0140909479709903,0.0351546489082549,0.11990857973811
8,22,8.97238806950179,46.4134138935888,63.0296751458861,105.522190752365,204.062332138658,0.0003573900753811,0.0008582963953678,0.0090010824502757,0.0276347520813433,0.119496767646736
8,22,17.6295411016036,135.527611471123,148.708651858821,210.053431560236,331.080764008216,0.0003418457969341,0.0012521692728158,0.0113666586985525,0.0309269211396026,0.119654423606256
8,23,7.0831252080833,91.8661868127061,99.3177910759721,122.251306673699,132.481590229539,0.0002676279816701,0.0016962609751691,0.0163340165853536,0.0411140414241185,0.125065938006415
8,23,7.17791045560143,51.4255169558683,63.188668781866,103.041704182345,191.166199624319,0.0002859120603049,0.0009509823158957,0.0090237878636102,0.026985148136288,0.111944927312184
8,23,14.2610356636847,143.291703768574,162.506459857838,225.293010856044,323.647789853858,0.0002765287578084,0.0013239034213089,0.0124213046277072,0.0331706991325701,0.116968105538868
8,24,12.5922225921481,94.4121859007582,91.8909515619219,104.012524795575,116.092115149596,0.0004757830785247,0.0017432715134935,0.0151125826560946,0.0349802007800743,0.109593863201498
8,24,4.48619403475089,45.2053606186145,64.9013830180051,119.241577826908,213.165484501721,0.0001786950376905,0.0008359565654708,0.0092683755442157,0.0312276632767024,0.124827478471126
8,24,17.078416626899,139.617546519373,156.792334579927,223.254102622483,329.257599651317,0.000331159212174,0.0012899570781172,0.0119845411241523,0.0328705033505643,0.118995521900149
8,25,8.65715303210181,78.9489081611838,83.7587614905744,110.348324626572,124.286852689568,0.0003271008664857,0.0014577501972412,0.013775145263845,0.0371109783054369,0.117329900603957
8,25,8.07514926255161,48.7899672182451,64.892329078095,111.766182605002,196.476371836106,0.000321651067843,0.0009022446202631,0.0092670825776973,0.0292699642164902,0.115054508626411
8,25,16.7323022946534,127.738875379429,148.651090568669,222.114507231574,320.763224525674,0.0003244478786767,0.0011802074349126,0.0113622589576415,0.0327027166282817,0.115925607637389
8,26,7.87013912009256,82.7910185453099,89.6670201732956,132.728386976879,165.943435184423,0.0002973644240779,0.0015286927511122,0.0147468301379106,0.0446375629741865,0.156654757399788
8,26,5.38343284170107,46.134559984233,58.4862145642395,115.278731926574,217.717060683253,0.0002144340452286,0.0008531397114449,0.0083522442132021,0.0301898506307414,0.12749283388332
8,26,13.2535719617936,128.925578529543,148.153234737535,248.007118903453,383.660495867676,0.0002569935225989,0.001191171645116,0.0113242049692363,0.0365149788385514,0.138657030199428
8,27,8.65715303210181,106.114197577534,101.483537538738,135.630624617179,159.114487234447,0.0003271008664857,0.0019593430238824,0.0166901998860417,0.0456136074992926,0.150208059564406
8,27,3.58895522780071,43.3642884948916,57.4275827518404,120.040364448897,227.578809076571,0.0001429560301524,0.0008019106844454,0.0082010641189714,0.0314368540649826,0.133267770609743
8,27,12.2461082599025,149.478486072426,158.911120290578,255.670989066076,386.693296311018,0.0002374582873894,0.0013810644574578,0.0121464921184442,0.0376433579675333,0.139753101093332
8,28,7.0831252080833,79.8661868127061,103.762823808229,134.099693656497,148.188170514485,0.0002676279816701,0.0014746872666235,0.0170650561864619,0.0450987438086904,0.139893343027795
8,28,9.86962687645196,48.8219277769134,53.4295573150129,111.26569483403,230.613193197592,0.0003931290829192,0.0009028356483732,0.0076301178700514,0.0291388936296123,0.135044674217872
8,28,16.9527520845353,128.688114589619,157.192381123242,245.365388490527,378.801363712077,0.0003287225125808,0.0011889776637882,0.0120151189853901,0.0361260273820301,0.136900912899632
8,29,4.72208347205553,77.2399005435365,83.8723012972996,125.563070197635,151.602644489473,0.0001784186544467,0.0014261942675933,0.013793818263577,0.0422278126091859,0.143116691945486
8,29,4.48619403475089,48.1612969976666,66.1099545264742,128.905864456881,250.336689984228,0.0001786950376905,0.0008906189857981,0.0094409680852625,0.0337586016808251,0.146594547670717
8,29,9.20827750680642,125.401197541203,149.982255823774,254.468934654516,401.939334473701,0.0001785531991198,0.0011586091175883,0.0114640075844834,0.0374663751793175,0.14526310380853
8,30,7.87013912009256,89.1342693728137,108.189404913531,143.545646204137,165.260540389425,0.0002973644240779,0.0016458175519526,0.0177930611934914,0.0482754892758822,0.15601008761625
8,30,7.17791045560143,42.5550151623518,67.1414245191431,116.202284453525,235.923365409378,0.0002859120603049,0.0007869452611784,0.009588269279938,0.0304317158245403,0.1381542555321
8,30,15.048049575694,131.689284535166,175.330829432674,259.747930657662,401.183905798803,0.0002917893591138,0.0012167061299473,0.0134015450519137,0.0382436207204776,0.144990087697366
8,31,8.65715303210181,81.5929853388772,90.0658245193316,121.373498930174,139.310538179516,0.0003271008664857,0.0015065716960697,0.0148124183546026,0.0408188280238556,0.131512635841798
8,31,7.17791045560143,47.9048314735744,64.5924496859553,120.090555641106,219.234252743763,0.0002859120603049,0.0008858763173237,0.0092242576840652,0.0314499984201507,0.128381285687385
8,31,15.8350634877032,129.497816812452,154.658274205287,241.46405457128,358.544790923279,0.0003070499604192,0.0011964586798893,0.0118214225993225,0.0355516199773826,0.129580075192426
8,32,6.29611129607405,85.2972779024089,93.2775409595707,119.672478507452,145.456591334494,0.0002378915392623,0.0015749695161397,0.0153406241174773,0.0402467619574396,0.137314663893642
8,32,7.17791045560143,58.1638278865414,73.4157072167489,117.077069939387,213.165484501721,0.0002859120603049,0.0010755899992676,0.010484281130654,0.0306608096279743,0.124827478471126
8,32,13.4740217516755,143.46110578895,166.69324817632,236.749548446839,358.622075836215,0.000261268156503,0.0013254685636615,0.0127413249712743,0.0348574863084407,0.129608006388424
8,33,10.2311808561203,88.6079382204354,93.9218765460121,131.953465092962,152.285539284471,0.0003865737513013,0.001636099123173,0.0154465929277121,0.0443769508686581,0.143761361729024
8,33,5.38343284170107,50.3521854326121,46.2556364409879,96.9807972670615,201.027948017637,0.0002144340452286,0.0009311338173655,0.0066056313384392,0.0253978833268887,0.117719864038606
8,33,15.6146136978214,138.960123653048,140.177512987,228.934262360024,353.313487302108,0.0003027753265152,0.0012838830043287,0.0107145746223819,0.0337068136691267,0.127689453061673
8,34,9.44416694411107,79.3949521324446,83.0562409782725,118.916469430687,148.188170514485,0.0003568373088935,0.0014659861653151,0.0136596072361143,0.0399925103723658,0.139893343027795
8,34,8.97238806950179,44.2398520661575,63.9564751420355,112.390012129818,215.441272592487,0.0003573900753811,0.0008181019747232,0.0091334360307273,0.0294333362440836,0.126160156177223
8,34,18.4165550136129,123.634804198602,147.012716120308,231.306481560505,363.629443106972,0.0003571063982396,0.0011422890227876,0.011237028562892,0.034056084021885,0.131417696680647
8,35,7.87013912009256,86.6681536062735,100.704380473621,124.592841775476,133.164485024537,0.0002973644240779,0.001600282017278,0.0165620580467364,0.0419015174339041,0.125710607789954
8,35,7.17791045560143,58.8607678526266,58.4590527445093,97.6806256557509,182.821643291512,0.0002859120603049,0.0010884781066163,0.0083483653136469,0.0255811583696359,0.107058442389827
8,35,15.048049575694,145.5289214589,159.16343321813,222.273467431227,315.986128316049,0.0002917893591138,0.0013445735653335,0.0121657778486076,0.0327261209093853,0.11419913858327
8,36,7.87013912009256,86.9436359668578,106.538832648522,117.702643675007,137.94474858952,0.0002973644240779,0.0016053686546342,0.0175216045444872,0.039584291566706,0.130223296274721
8,36,8.07514926255161,45.6164053908137,54.3473033712523,100.277750290553,192.68339168483,0.000321651067843,0.0008435577784978,0.0077611784839846,0.026261308155149,0.112833379116249
8,36,15.9452883826442,132.560041357672,160.886136019774,217.98039396556,330.62814027435,0.0003091872773713,0.0012247512428612,0.0122974539450591,0.0320940362843782,0.119490842879515
8,37,9.44416694411107,69.3949521324446,94.9096615976248,121.232787456261,127.018431869558,0.0003568373088935,0.0012813414081938,0.0156090461724028,0.040771505688212,0.11990857973811
8,37,8.07514926255161,47.1811544940555,61.3712845492074,107.620251767314,198.752159926872,0.000321651067843,0.0008724937778631,0.0087642525687808,0.0281842042447816,0.116387186332509
8,37,17.5193162066627,116.5761066265,156.280946146832,228.853039223575,325.77059179643,0.0003397084799821,0.0010770721705909,0.0119454527610428,0.0336948548950329,0.117735297929611
8,38,8.65715303210181,83.6480818109941,92.5168355214084,111.671340510911,119.506589124584,0.0003271008664857,0.0015445179749652,0.0152155168722507,0.037555918579316,0.112817212119189
8,38,6.28067164865125,50.5403812111976,61.9710433334869,109.076803425964,210.1311003807,0.0002501730527668,0.0009346140129563,0.008849902356045,0.0285656542857017,0.123050574862996
8,38,14.9378246807531,134.188463022192,154.487878854895,220.748143936875,329.637689505284,0.0002896520421618,0.0012397965871226,0.0118083983013579,0.0325015420530828,0.11913288848057
8,39,5.50909738406479,75.9190023980675,88.393970582372,127.843705966032,154.334223669463,0.0002081550968545,0.0014018045758681,0.0145374616762599,0.042994807711377,0.145695371079639
8,39,7.17791045560143,51.8607678526266,63.5066560538259,113.771989075714,214.682676562232,0.0002859120603049,0.0009590311587717,0.0090691986902791,0.0297952562346532,0.12571593027519
8,39,12.6870078396662,127.779770250694,151.900626636198,241.615695041746,369.016900231695,0.0002460075551975,0.0011805852715812,0.0116106397138823,0.0355739465484691,0.13336475355329
8,40,6.29611129607405,93.7760656637518,97.170496240161,135.374418745557,156.382908054456,0.0002378915392623,0.0017315258868273,0.0159808678787443,0.0455274435219448,0.147629380430253
8,40,8.97238806950179,43.4574775145366,61.821103637417,110.100738337334,211.648292441211,0.0003573900753811,0.0008036339750405,0.0088284899092289,0.0288338081898368,0.123939026667061
8,40,15.2684993655758,137.233543178288,158.991599877578,245.475157082891,368.031200495667,0.0002960639930179,0.0012679307493301,0.0121526436367734,0.0361421890061199,0.133008516204024
8,41,11.0181947681296,104.219271608047,101.560174091553,113.061559997681,118.140799534589,0.0004163101937091,0.0019243542093425,0.0167028036976164,0.0380234599342746,0.111527872552113
8,41,3.58895522780071,37.1025994255646,61.6892718211673,113.039649326299,205.579524199169,0.0001429560301524,0.0006861168932488,0.0088096633954497,0.0296034669316627,0.120385219450801
8,41,14.6071499959303,141.321871033612,163.24944591272,226.10120932398,323.720323733758,0.0002832400913057,0.0013057037054242,0.0124780953308577,0.0332896930956649,0.116994319685188
8,42,6.29611129607405,78.6532007247154,101.787253705004,127.001580479684,137.261853794523,0.0002378915392623,0.0014522901144627,0.0167401496970804,0.0427115945247692,0.129578626491183
8,42,4.48619403475089,48.0317987911831,59.8628336485986,114.729477114512,210.889696410956,0.0001786950376905,0.0008882242504295,0.0085488351341018,0.0300460086534985,0.123494800765028
8,42,10.7823053308249,126.684999515899,161.650087353603,241.731057594196,348.151550205479,0.0002090744017306,0.0011704704450893,0.0123558471452218,0.0355909317913931,0.125823900377454
8,43,7.87013912009256,83.0791729006969,99.3177910759721,121.934201468697,131.798695434542,0.0002973644240779,0.0015340133702086,0.0163340165853536,0.0410073965391761,0.124421268222877
8,43,7.17791045560143,61.0343296800579,62.5798560576765,107.386975637751,204.820928168914,0.0002859120603049,0.001128672527261,0.0089368451098276,0.0281231125638659,0.119940993548768
8,43,15.048049575694,144.113502580755,161.897647133649,229.321177106448,336.619623603456,0.0002917893591138,0.0013314962004472,0.0123747695649472,0.0337637805168546,0.121656198171111
8,44,8.65715303210181,74.8260432221474,92.8205516876742,129.044923183611,153.651328874466,0.0003271008664857,0.00138162365771,0.0152654666832894,0.0433987861700671,0.1450507012961
8,44,2.69171642085054,54.6086509567044,54.6562367033021,104.981063780485,204.062332138658,0.0001072170226143,0.0010098461703226,0.0078052963441351,0.0274930386691612,0.119496767646736
8,44,11.3488694529523,129.434694178852,147.476788390976,234.025986964096,357.713661013124,0.0002200603691319,0.0011958754760583,0.0112725002792058,0.0344564865696123,0.129279700235157
8,45,4.72208347205553,99.5153829041209,102.05406661736,124.349244441955,141.359222564508,0.0001784186544467,0.0018374993706163,0.0167840303199617,0.041819593803526,0.133446645192412
8,45,7.17791045560143,37.731269646143,61.3893924290275,115.087519149038,208.61390832019,0.0002859120603049,0.0006977425277137,0.0087668385018176,0.0301397747399329,0.122162123058931
8,45,11.899993927657,137.246652550264,163.443459046387,239.436763590993,349.973130884698,0.0002307469538921,0.0012680518696877,0.0124929248720167,0.0352531346453,0.126482229733667
8,46,5.50909738406479,88.3173496976882,102.452870963396,125.678564595345,142.042117359506,0.0002081550968545,0.0016307335584525,0.0168496185366537,0.04226665425089,0.134091314975951
8,46,6.28067164865125,58.4108830047141,58.9360336524492,103.274980311908,185.097431382278,0.0002501730527668,0.0010801586465529,0.0084164815536503,0.0270462398172038,0.108391120095924
8,46,11.789769032716,146.728232702402,161.388904615845,228.953544907253,327.139548741784,0.0002286096369401,0.0013556542644719,0.0123358834443818,0.0337096527078089,0.118230046559085
8,47,7.0831252080833,111.74332187367,100.47730086017,113.506768138494,120.189483919582,0.0002676279816701,0.0020632818527289,0.0165247120472723,0.0381731868078909,0.113461881902727
8,47,2.69171642085054,55.4350891292731,59.7128939525287,123.478339057714,236.681961439634,0.0001072170226143,0.00102512901304,0.0085274226872858,0.0323372104288832,0.138598481434132
8,47,9.77484162893384,167.178411002943,160.190194812699,236.985107196208,356.871445359216,0.0001895391665211,0.0015445979388537,0.0122442591505652,0.0348921684691241,0.128975318828637
8,48,10.2311808561203,84.485073281399,90.142461072147,122.904429890856,150.236854899478,0.0003865737513013,0.0015599725836418,0.0148250221661772,0.0413336917144578,0.141827352378409
8,48,5.38343284170107,44.0904963632852,67.954500578863,128.889608776517,236.681961439634,0.0002144340452286,0.0008153400261689,0.0097043822796472,0.0337543445507034,0.138598481434132
8,48,15.6146136978214,128.575569644684,158.09696165101,251.794038667373,386.918816339112,0.0003027753265152,0.001187937836403,0.0120842612847518,0.0370725406361894,0.139834605281756
8,49,6.29611129607405,73.6532007247154,103.268931282423,141.521216307362,165.260540389425,0.0002378915392623,0.001359967735902,0.0169838295641165,0.0475946581510389,0.15601008761625
8,49,8.07514926255161,46.5282781489181,70.9895102599007,119.965789736143,215.441272592487,0.000321651067843,0.0008604205135491,0.0101378030820419,0.031417324014632,0.126160156177223
8,49,14.3712605586257,120.181478873633,174.258441542324,261.487006043505,380.701812981912,0.0002786660747604,0.0011103829940897,0.0133195762694003,0.0384996710354584,0.137587745801737
8,50,8.65715303210181,105.758274755228,116.680666032009,148.789418946214,159.114487234447,0.0003271008664857,0.0019527710955745,0.0191895521790158,0.0500390098107739,0.150208059564406
8,50,7.17791045560143,63.5550151623518,76.7777581096566,131.911222318418,249.578093953973,0.0002859120603049,0.0011752861047123,0.010964405726236,0.0345456619079407,0.146150321768684
8,50,15.8350634877032,169.31328991758,193.458424141666,280.700641264632,408.69258118842,0.0003070499604192,0.0015643225525252,0.014787141515248,0.0413285635552099,0.14770376461086
8,51,11.8052086801388,94.0212384016142,104.922333592427,139.941994551401,167.309224774418,0.0004460466361169,0.0017360528728908,0.0172557516483805,0.0470635538998119,0.157944096966865
8,51,4.48619403475089,54.7260461009084,74.9694278169081,132.860582517033,238.957749530399,0.0001786950376905,0.0010120170907668,0.010706163397925,0.0347942857617252,0.13993115914023
8,51,16.2914027148897,148.747284502523,179.891761409335,272.802577068434,406.266974304817,0.0003158986108685,0.0013743087260749,0.0137501633500288,0.0401657031975523,0.146827136835694
8,52,10.2311808561203,94.0062855200561,109.462454504455,146.210590779967,172.089488339402,0.0003865737513013,0.0017357767757725,0.0180024296551421,0.0491717303440951,0.162456785451632
8,52,5.38343284170107,56.3935563972,66.8505990669134,119.931854224297,237.440557469889,0.0002144340452286,0.0010428533933888,0.0095467373528243,0.0314084367895855,0.139042707336165
8,52,15.6146136978214,150.399841917256,176.313053571368,266.142445004264,409.530045809291,0.0003027753265152,0.0013895770658164,0.0134766220996205,0.0391851080337506,0.148006428967701
9,1,12.5597012606133,92.8672743455294,121.451434852586,156.868400809287,161.253188731984,0.000466833012246,0.001690060637435,0.0198052366996534,0.0494678612038058,0.145312457904916
9,1,6.27903306283209,45.318587512766,78.3756636848949,146.224492317325,282.802223422182,0.0002461655148477,0.0008275889084443,0.0111159397423328,0.0361347197082797,0.158666043102949
9,1,18.8387343234454,138.185861858295,199.827098537481,303.092893126612,444.055412154166,0.0003594395074735,0.0012595688489461,0.0151578983299175,0.0419926210519486,0.153542221544585
9,2,10.2047572742483,88.5006027995881,111.485342430092,160.010267705666,180.799029790406,0.0003793018224499,0.0016105930343594,0.0181800535996127,0.0504586371328588,0.162926089166118
9,2,7.17603778609381,52.3262014398487,67.0135110337942,129.406944527912,241.077305212352,0.0002813320169688,0.0009555589948704,0.0095044573219655,0.0319787991376527,0.13525629903858
9,2,17.3807950603421,140.826804239437,178.498853463886,289.417212233578,421.876335002758,0.0003316223005604,0.0012836411289204,0.0135400428301016,0.0400978960406015,0.145873303016792
9,3,7.84981328788331,84.3366238074906,100.472370748673,158.336940513309,215.004251642645,0.0002917706326537,0.001534814165654,0.0163841545953578,0.0499309596855652,0.193749943873222
9,3,1.79400944652345,46.4518966600028,72.1342276533995,133.043040651646,249.576825588428,7.0333004242207e-05,0.0008482849215279,0.0102307232915903,0.0328773443278687,0.140024950607247
9,3,9.64382273440676,130.788520467493,172.606598402073,291.379981164955,464.581077231073,0.0001840023238452,0.0011921418296,0.0130930854163444,0.0403698318524168,0.160639435379452
9,4,13.3446825894016,114.32283152751,118.523188387017,161.21800469732,183.591292798752,0.0004960100755114,0.0020805231863043,0.019327723902576,0.0508394924585051,0.165442322203433
9,4,7.17603778609381,53.2457255549684,77.4159044196199,140.995251592604,261.167080646714,0.0002813320169688,0.0009723509559725,0.010979818073203,0.0348424796404197,0.146527657291795
9,4,20.5207203754954,167.568557082478,195.939092806637,302.213256289924,444.758373445466,0.0003915314849783,0.0015273931191338,0.0148629733872765,0.041870749978149,0.153785286340941
9,5,6.27985063030665,102.32009930199,98.2462331388695,132.202562444764,161.95125448407,0.000233416506123,0.0018620894547343,0.0160211355635805,0.0416895816880021,0.145941516164245
9,5,2.69101416978518,52.7709871137172,66.1640232253836,131.343476491638,265.030498999476,0.0001054995063633,0.0009636814830266,0.0093839753401082,0.0324573512502736,0.148695226186644
9,5,8.97086480009183,155.091086415707,164.410256364253,263.546038936402,426.981753483546,0.0001711624130366,0.0014136605479854,0.0124713513262446,0.036513521741255,0.147638617151017
9,6,9.41977594545998,87.1126098022222,94.3762557325241,141.707802712696,186.383555807098,0.0003501247591845,0.0015853334114576,0.0153900535294488,0.0446870235173132,0.167958555240748
9,6,8.07304250935554,61.9165304777545,70.3398762714923,130.094684400816,266.575866340581,0.0003164985190899,0.0011306935340452,0.0099762322812424,0.0321487521130113,0.149562253744583
9,6,17.4928184548155,149.029140279977,164.716132004016,271.802487113512,452.959422147679,0.0003337596858563,0.0013584057019839,0.0124945535439771,0.0376574281389269,0.156620984774667
9,7,7.06483195909498,93.6405281147414,112.891654816532,164.019429302534,186.383555807098,0.0002625935693884,0.0017041328255906,0.0184093827114582,0.0517229111892929,0.167958555240748
9,7,4.48502361630863,44.4091680211459,68.9181338725658,135.884012196027,257.303662293952,0.0001758325106055,0.0008109814737096,0.0097745880195858,0.0335793998373701,0.144360088396946
9,7,11.5498555754036,138.049696135887,181.809788689098,299.903441498561,443.68721810105,0.0002203690719417,0.0012583276937372,0.0137911940497711,0.0415507319921338,0.153414910107031
9,8,7.84981328788331,103.509598133645,98.3618548315585,143.989375196075,184.289358550838,0.0002917706326537,0.001883736748335,0.0160399901369669,0.0454065088333612,0.166071380462762
9,8,11.6610614024024,56.7607019386597,72.66179516858,130.884983243034,248.031458247323,0.0004571645275743,0.0010365399704198,0.0103055476494718,0.0323440492667012,0.139157923049308
9,8,19.5108746902857,160.270300072305,171.023650000139,274.874358439109,432.320816798161,0.0003722638192485,0.0014608692573002,0.0129730107562326,0.0380830267967029,0.149484719281191
9,9,9.41977594545998,105.631532780685,103.982915027503,151.449338224725,174.516438021627,0.0003501247591845,0.0019223531312045,0.0169566234218582,0.0477589801646361,0.157264564832161
9,9,9.867051955879,49.3386162082071,80.7929583470686,142.470394865445,256.5309786234,0.0003868315233321,0.00090100097494,0.0114587821571953,0.0352070142532534,0.143926574617976
9,9,19.286827901339,154.970148988892,184.775873374572,293.91973309017,431.047416645027,0.0003679890486569,0.0014125581992107,0.0140161866079846,0.040721706946093,0.149044412321573
9,10,7.06483195909498,80.4675537885872,100.470276073765,141.367360421531,169.629977757022,0.0002625935693884,0.0014644022472629,0.0163838130141125,0.044579666319048,0.15286115701686
9,10,7.17603778609381,47.4618207319444,73.1744669919821,130.428420289285,238.759254200694,0.0002813320169688,0.0008667277284683,0.010378259366714,0.0322312242939387,0.13395575770167
9,10,14.2408697451888,127.929374520532,173.644743065747,271.795780710816,408.389231957716,0.0002717131161426,0.001166080616673,0.0131718339513474,0.0376564989867316,0.141209831506129
9,11,12.5597012606133,87.7321459763001,101.054668561934,147.646717419093,178.00676678206,0.000466833012246,0.0015966081442271,0.0164791106247808,0.0465598379712226,0.160409856128804
9,11,3.58801889304691,54.2659348019674,68.9330295643443,125.317180892709,234.895835847932,0.0001406660084844,0.0009909815864367,0.0097767006602251,0.0309681444908891,0.131788188806821
9,11,16.1477201536602,141.998080778268,169.987698126278,272.963898311802,412.902602629992,0.0003080954632726,0.001294317354563,0.0128944285554521,0.0378183382144888,0.142770431694096
9,12,10.9897386030366,92.8129038831042,114.075102517226,138.661329272995,158.460925723638,0.0004084788857152,0.0016890711674733,0.0186023690015119,0.0437263295566512,0.142796224867602
9,12,2.69101416978518,48.9468443482531,66.2593989904696,124.753233232512,250.349509258981,0.0001054995063633,0.0008938466026673,0.0093975023867414,0.0308287828127705,0.140458464386217
9,12,13.6807527728218,141.759748231357,180.334501507696,263.414562505507,408.810434982619,0.0002610261896634,0.0012921449452604,0.0136792860389618,0.0364953060718512,0.141355471996921
9,13,7.84981328788331,92.0285211121072,92.4990778756958,129.859727752763,157.762859971551,0.0002917706326537,0.0016747964463158,0.0150839397990762,0.0409507775644854,0.142167166608273
9,13,1.79400944652345,44.4518966600028,69.1088854027378,112.474290852634,193.170917638102,7.0333004242207e-05,0.0008117617660694,0.0098016421128522,0.0277944338184302,0.108378444742452
9,13,9.64382273440676,136.48041777211,161.607963278434,242.334018605397,350.933777609653,0.0001840023238452,0.0012440236678712,0.0122587831911099,0.0335746592614474,0.121343306160431
9,14,8.63479461667164,91.3111039679335,95.9002844865612,135.523839171812,169.629977757022,0.0003209476959191,0.0016617404103275,0.015638578795926,0.0427369338335295,0.15286115701686
9,14,6.27903306283209,46.4393013400866,64.5008406065345,129.522050413776,247.258774576771,0.0002461655148477,0.0008480549111142,0.0091480878604697,0.0320072438862483,0.138724409270338
9,14,14.9138276795037,137.75040530802,160.401125093096,265.045889585588,416.888752333793,0.0002845530269512,0.0012555996476224,0.0121672383973962,0.0367213215985729,0.144148733284796
9,15,8.63479461667164,98.7246168048564,106.330958354719,135.810019541845,144.499610681907,0.0003209476959191,0.0017966564646545,0.0173395217707579,0.0428271797387023,0.130215059681029
9,15,4.48502361630863,42.625263198122,63.8123129447389,123.272299075108,231.805101165723,0.0001758325106055,0.0007784045571224,0.0090504346906003,0.0304628171675072,0.130054133690942
9,15,13.1198182329803,141.349880002978,170.143271299458,259.082318616953,376.30471184763,0.0002503236641506,0.0012884089823646,0.0129062295692244,0.0358950865350616,0.130115881606957
9,16,8.63479461667164,92.3786681525482,99.3014910974266,130.620251913889,157.064794219465,0.0003209476959191,0.0016811686558431,0.0161932177927759,0.0411906060031681,0.141538108348945
9,16,7.17603778609381,45.7583917938009,58.9628279286131,118.615692337427,229.487050154066,0.0002813320169688,0.0008356204285081,0.0083626372202359,0.0293120853264102,0.128753592354033
9,16,15.8108324027654,138.137059946349,158.26431902604,249.235944251316,386.551844373531,0.0003016677083515,0.0012591240178524,0.0120051508259295,0.0345309005813543,0.133659059889271
9,17,7.84981328788331,98.6825724597989,91.0948601641637,112.626721456323,127.746032631831,0.0002917706326537,0.0017958913136031,0.014854952268476,0.0355164137334103,0.115117661457142
9,17,11.6610614024024,54.017035058076,65.380119798502,118.95425396303,220.987529777989,0.0004571645275743,0.0009864362844168,0.0092727951236055,0.0293957500343623,0.123984940785365
9,17,19.5108746902857,152.699607517875,156.474979962666,231.580975419353,348.73356240982,0.0003722638192485,0.0013918621361789,0.0118694203879715,0.0320848570328014,0.120582531895752
9,18,7.84981328788331,92.6150082751843,92.3813615080988,119.82325828031,133.330558648523,0.0002917706326537,0.0016854697311264,0.0150647436444444,0.0377858146001272,0.120150127531771
9,18,4.48502361630863,45.7206445477775,63.0730965931928,105.551276852466,210.169958390255,0.0001758325106055,0.0008349311042408,0.0089455923960155,0.0260836317054047,0.117915747879787
9,18,12.3348369041919,138.335652822962,155.454458101292,225.374535132776,343.500517038778,0.0002353463680461,0.0012609341987033,0.0117920086318514,0.0312249731458938,0.118773087872053
9,19,10.2047572742483,73.5762947134377,85.690380629241,127.405745726204,136.122821656869,0.0003793018224499,0.0013389905154407,0.0139736370616405,0.0401769235463391,0.122666360569085
9,19,10.7640566791407,69.0496590734334,67.2191582557446,116.343494190378,225.623631801304,0.0004219980254532,0.0012609557163479,0.0095336240558712,0.0287505840220521,0.126586023459183
9,19,20.968813953389,142.625953786871,152.909538884986,243.749239916582,361.746453458173,0.0004000810261616,0.001300040438474,0.0115989636093247,0.0337707339750845,0.125082033862385
9,20,4.70988797272999,80.063036285721,102.229737562996,131.403530240386,146.593807938167,0.0001750623795922,0.0014570405677739,0.0166707305898533,0.0414376098824657,0.132102234459015
9,20,10.7640566791407,51.6577066619215,72.2296034184855,113.950399272902,192.39823396755,0.0004219980254532,0.0009433512255216,0.0102442503382235,0.0281592069366687,0.107944930963482
9,20,15.4739446518707,131.720742947642,174.459340981481,245.353929513288,338.992041905717,0.0002952399534304,0.0012006390693356,0.0132336253323805,0.0339930589575193,0.117214180427708
9,21,10.2047572742483,97.914115636511,92.8522269784869,124.038960668414,147.98993944234,0.0003793018224499,0.0017819064234708,0.0151415282629715,0.0391152205195819,0.133360350977672
9,21,6.27903306283209,44.3990633976464,64.9479280484075,118.159129383677,220.214846107437,0.0002461655148477,0.0008107969473421,0.0092114978123573,0.0291992603536477,0.123551427006395
9,21,16.4837903370804,142.313179034157,157.800155026894,242.198090052091,368.204785549777,0.0003145076191601,0.0012971894859239,0.0119699416337882,0.0335558267636932,0.127315148536085
9,22,6.27985063030665,99.5984837696838,95.3117026485762,127.612286517439,145.197676433994,0.000233416506123,0.0018125596788924,0.0155425980227671,0.0402420554093597,0.130844117940358
9,22,10.7640566791407,57.6174687194813,69.6513486096968,104.295728729655,184.671397262026,0.0004219980254532,0.0010521858835836,0.009878579111373,0.0257733630303078,0.103609793173784
9,22,17.0439073094473,157.215952489165,164.963051258273,231.908015247094,329.86907369602,0.0003251945456393,0.0014330287747947,0.0125132836210243,0.0321301674305925,0.114059707432543
9,23,8.63479461667164,86.0408472294749,83.2329996340598,117.251128631703,129.840229888091,0.0003209476959191,0.0015658287608727,0.0135729088830902,0.036974703172975,0.117004836235128
9,23,6.27903306283209,44.534682689742,58.575323253854,94.5307780376792,190.080182955893,0.0002461655148477,0.0008132735695863,0.0083076778309054,0.023360266902376,0.106644389626572
9,23,14.9138276795037,130.575529919217,141.808322887914,211.781906669382,319.920412843984,0.0002845530269512,0.0011902004134803,0.0107568801048669,0.0293417548022529,0.110619732495169
9,24,7.84981328788331,79.8933927428779,79.6026443127243,107.700380033029,124.953769623485,0.0002917706326537,0.0014539532813624,0.0129809023207127,0.033962910462434,0.112601428419827
9,24,3.58801889304691,39.0900775674315,53.7109425459497,93.6215127198888,186.989448273683,0.0001406660084844,0.0007138464899402,0.0076177677199018,0.0231355709784707,0.104910334510693
9,24,11.4378321809302,118.983470310309,133.313586858674,201.321892752918,311.943217897168,0.0002182316866458,0.001084538394355,0.0101125113179851,0.0278925509094757,0.107861436570148
9,25,6.27985063030665,90.2146891604507,95.7888521436882,108.762838442069,124.953769623485,0.000233416506123,0.0016417871219222,0.0156204073850302,0.0342979527325283,0.112601428419827
9,25,8.97004723261727,48.275858873909,66.5157349021706,109.749390341544,195.48896864976,0.000351665021211,0.0008815933492723,0.0094338582453625,0.0271210615629293,0.109678986079361
9,25,15.2498978629239,138.49054803436,162.304587045859,218.512228783613,320.442738273245,0.0002909651828387,0.0012623460738438,0.0123116256349932,0.0302742209620002,0.110800338348815
9,26,12.5597012606133,94.3186331393772,85.467515943495,105.586840297635,120.06730935888,0.000466833012246,0.0017164734333909,0.0139372942398488,0.0332964136425529,0.108198020604527
9,26,7.17603778609381,45.2859634974086,61.4099139743437,101.002054821233,183.126029920921,0.0002813320169688,0.000826993142452,0.008709704916377,0.0249594365696637,0.102742765615844
9,26,19.7357390467071,139.604596636786,146.877429917839,206.588895118868,303.193339279801,0.0003765541888738,0.0012725006648921,0.0111413975679409,0.0286222784598366,0.104835967756158
9,27,8.63479461667164,87.5516424787023,88.2843300661914,107.387068702431,129.142164136004,0.0003209476959191,0.0015933232211112,0.0143966356260304,0.033864108910715,0.116375777975799
9,27,6.27903306283209,52.7910158091583,61.6662498860448,103.046936638834,186.216764603131,0.0002461655148477,0.0009640472386052,0.0087460607749981,0.0254647638930455,0.104476820731723
9,27,14.9138276795037,140.342658287861,149.950579952236,210.434005341265,315.358928739135,0.0002845530269512,0.0012792281220415,0.0113745115755751,0.0291550070725284,0.109042495997586
9,28,9.41977594545998,69.0828915745324,75.0305580506128,110.853624012093,139.613150417302,0.0003501247591845,0.0012572165662567,0.0122353265212809,0.0349572741117944,0.125811651865729
9,28,3.58801889304691,51.0498396249913,59.3443309889571,93.6186172776078,175.399193215397,0.0001406660084844,0.0009322506143777,0.0084167454067688,0.0231348554622559,0.0984076278261461
9,28,13.0077948385069,120.132731199524,134.37488903957,204.472241289701,315.012343632699,0.0002481862788548,0.0010950139465997,0.0101930164680527,0.028329022352016,0.10892265634303
9,29,7.84981328788331,67.3069055798008,78.7828190893612,108.522166402777,130.538295640177,0.0002917706326537,0.0012248959878453,0.0128472124007808,0.0342220577085853,0.117633894494456
9,29,10.7640566791407,54.4818494273856,63.9225844016034,102.705479570949,183.126029920921,0.0004219980254532,0.0009949245281517,0.0090660743778728,0.0253803836688786,0.102742765615844
9,29,18.613869967024,121.788755007186,142.705403490965,211.227645973726,313.664325561098,0.0003551491378482,0.0011101086601485,0.0108249282158304,0.0292649636273871,0.108456548547177
9,30,5.49486930151832,80.2861826861677,69.2834027874391,108.812723568006,136.122821656869,0.0002042394428576,0.0014611015348954,0.0112981307567766,0.0343136838196894,0.122666360569085
9,30,6.27903306283209,41.6956344595028,45.5499879839042,90.4400492550496,180.035295238711,0.0002461655148477,0.0007614280696527,0.0064603079308997,0.0223493737502074,0.101008710499965
9,30,11.7739023643504,121.981817145671,114.833390771343,199.252772823056,316.15811689558,0.0002246438425333,0.0011118684281325,0.0087106947702852,0.0276058804823686,0.109318833413175
9,31,7.06483195909498,86.5729639301267,86.5206792271441,120.549651193381,147.291873690253,0.0002625935693884,0.0015755125757217,0.0141090348877989,0.0380148798778875,0.132731292718344
9,31,9.867051955879,43.4593300355277,62.1640260176683,112.702572329508,197.807019661417,0.0003868315233321,0.000793635933505,0.0088166598516011,0.0278508463048114,0.11097952741627
9,31,16.931883914974,130.032293965654,148.684705244812,233.252223522889,345.09889335167,0.0003230571603435,0.0011852487992157,0.0112784885624103,0.0323164034988753,0.11932576270323
9,32,3.92490664394166,87.9534277560488,96.7180150350163,129.205974130999,145.197676433994,0.0001458853163268,0.0016006351777367,0.0157719271346126,0.0407446188145012,0.130844117940358
9,32,11.6610614024024,52.0572730005162,56.7213891048329,107.253736454755,206.306540037493,0.0004571645275743,0.0009506479372719,0.0080447362580005,0.0265043402992146,0.115748178984938
9,32,15.5859680463441,140.010700756565,153.439404139849,236.459710585754,351.504216471487,0.0002973773387262,0.0012762023178096,0.0116391565747461,0.0327607913146716,0.121540548323693
9,33,7.84981328788331,93.4123157213403,80.7714292890625,116.032014557364,131.93442714435,0.0002917706326537,0.0016999796641483,0.0131714975420493,0.0365902601270212,0.118892011013113
9,33,2.69101416978518,37.2836533525497,51.1684807351331,108.27810765841,215.578744084122,0.0001054995063633,0.0006808583337281,0.0072571729771275,0.0267574809717154,0.120950344332576
9,33,10.5408274576685,130.69596907389,131.939910024196,224.310122215774,347.513171228472,0.0002011170052455,0.0011912982204873,0.0100083109670438,0.031077501894406,0.120160553989372
9,34,8.63479461667164,74.7327445340914,76.666019147523,113.314606326142,125.651835375572,0.0003209476959191,0.0013600363610826,0.012502023198654,0.0357333356443169,0.113230486679156
9,34,8.07304250935554,47.6050539511229,61.4903940476513,106.342540842111,195.48896864976,0.0003164985190899,0.0008693433930337,0.008721119322371,0.0262791673644995,0.109678986079361
9,34,16.7078371260272,122.337798485214,138.156413195174,219.657147168253,321.140804025332,0.0003187823897518,0.0011151132101968,0.0104798642434661,0.0304328460071658,0.11104171040155
9,35,8.63479461667164,91.0327195002399,97.4285025904144,112.554082165016,126.349901127658,0.0003209476959191,0.0016566741839928,0.0158877872248939,0.0354935072056343,0.113859544938484
9,35,6.27903306283209,53.0875868710148,50.912144823432,101.686899251857,197.034335990864,0.0002461655148477,0.0009694630941035,0.0072208171185063,0.0251286740288074,0.110546013637301
9,35,14.9138276795037,144.120306371255,148.340647413846,214.240981416873,323.384237118522,0.0002845530269512,0.0013136615133026,0.0112523900319329,0.0296824523123284,0.111817428232223
9,36,9.41977594545998,94.9396354760681,94.142917672238,120.186454736846,140.311216169388,0.0003501247591845,0.0017277748483662,0.0153520028014305,0.0379003472390073,0.126440710125057
9,36,7.17603778609381,48.582534559265,50.2236171616365,100.665423490483,199.352387002522,0.0002813320169688,0.0008871937311381,0.0071231639486369,0.0248762488725215,0.11184655497421
9,36,16.5958137315538,143.522170035333,144.366534833874,220.851878227329,339.66360317191,0.000316645004456,0.0013082094801784,0.0109509334483176,0.030598372450578,0.117446387953824
9,37,2.35494398636499,87.628800555165,91.2062925070367,122.177470054997,132.632492896437,8.75311897961341e-05,0.0015947273952813,0.0148731236793718,0.0385282064439513,0.119521069272442
9,37,4.48502361630863,56.8011204326579,63.4754969597304,106.112329070382,183.126029920921,0.0001758325106055,0.0010372780758897,0.0090026644259852,0.0262222778673084,0.102742765615844
9,37,6.83996760267362,144.429920987823,154.681789466767,228.289799125379,315.758522817358,0.0001305052953149,0.0013164836611039,0.0117333977993339,0.0316288743223448,0.109180664705381
9,38,11.774719931825,91.5846914897031,99.2993964225186,130.860923953181,151.480268202772,0.0004376559489806,0.0016667193386388,0.0161928762115306,0.0412665010271111,0.136505642274315
9,38,8.97004723261727,40.9241444048373,68.0537503723767,115.881140352066,193.170917638102,0.000351665021211,0.0007473394440521,0.0096519933970892,0.02863632801686,0.108378444742452
9,38,20.7447671644423,132.50883589454,167.353146794895,246.742064305247,344.651185840874,0.00039580625557,0.0012078225634546,0.0126945844826595,0.0341853809142845,0.11917095768582
9,39,9.41977594545998,85.4964044114553,88.7426274871314,126.331910234478,141.009281921475,0.0003501247591845,0.0015559206271135,0.0144713707570856,0.0398382935559374,0.127069768384386
9,39,6.27903306283209,45.318587512766,63.6811441816809,111.006868759208,228.714366483513,0.0002461655148477,0.0008275889084443,0.0090318311598909,0.027431807248836,0.128320078575063
9,39,15.6988090082921,130.814991924221,152.423771668812,237.338778993686,369.723648404988,0.0002995303230557,0.0011923831178319,0.011562115703667,0.0328825836343536,0.127840329787406
9,40,58.0886183303365,724.811306568109,140.572173173844,145.612817262496,138.915084665215,0.0021591026816379,0.013190599890343,0.0229232793047842,0.0459184551934938,0.1251825936064
9,40,43.0562267165629,274.460917974155,85.3205230699644,131.9025984147,230.259733824618,0.0016879921018129,0.0050120893872274,0.0121009220035839,0.0325955204013674,0.129187106133002
9,40,101.144845046899,999.272224542264,225.892696243808,277.515415677196,369.174818489833,0.0019298246189449,0.0091084004450557,0.0171351060401467,0.0384489374409,0.127650559407141
9,41,10.9897386030366,128.504801187721,101.882872484929,123.821042794493,143.801544929821,0.0004084788857152,0.0023386161351168,0.0166141668696939,0.0390465009362538,0.1295860014217
9,41,7.17603778609381,50.5020586743846,59.3294352971786,106.68592820485,206.306540037493,0.0002813320169688,0.0009222472699696,0.0084146327661295,0.0263640245994763,0.115748178984938
9,41,18.1657763891304,179.006859862106,161.212307782108,230.506970999343,350.108084967314,0.0003465995966649,0.0016316536395103,0.0122287707161709,0.0319360569070302,0.121057804218224
9,42,10.9897386030366,92.2345444492621,94.3720663827081,133.131119353875,154.272531211118,0.0004084788857152,0.0016785457965037,0.0153893703669581,0.0419823986228517,0.13902187531163
9,42,5.38202833957036,58.9994970590516,66.1938146089405,109.982497555553,219.442162436884,0.0002109990127266,0.0010774239015307,0.0093882006213867,0.0271786665763352,0.123117913227425
9,42,16.371766942607,151.234041508314,160.565880991649,243.113616909428,373.714693648002,0.0003123702338643,0.0013785034519626,0.0121797359674345,0.0336826702933664,0.129220324121727
9,43,7.84981328788331,112.990675155182,106.099714969341,133.975659888993,150.084136698599,0.0002917706326537,0.0020562797155699,0.017301812623985,0.0422487213096179,0.135247525755658
9,43,7.17603778609381,53.8940110858966,60.8018663858557,107.821544704661,206.306540037493,0.0002813320169688,0.0009841896725863,0.0086234661525015,0.0266446559989529,0.115748178984938
9,43,15.0258510739771,166.884686241079,166.901581355197,241.797204593654,356.390676736092,0.000286690412247,0.0015211596130649,0.0126603309551132,0.0335002852728726,0.123230152692835
9,44,13.3446825894016,105.436369398284,72.0960275603194,114.415572778433,141.707347673561,0.0004960100755114,0.0019188014177211,0.0117567889804676,0.0360805212812648,0.127698826643714
9,44,2.69101416978518,49.1629395252291,66.7720708138716,112.703537476935,201.670438014179,0.0001054995063633,0.0008977928415385,0.0094702141039836,0.0278510848102164,0.113147096311119
9,44,16.0356967591868,154.599308923513,138.868098374191,227.119110255368,343.37778568774,0.0003059580779768,0.0014091779793531,0.0105338491717636,0.0314666788528933,0.118730650726202
9,45,12.5597012606133,112.942966259379,93.3126190743349,121.305798559312,115.87891484636,0.000466833012246,0.0020554114772435,0.0152166049752721,0.0382533281106389,0.104423671048555
9,45,6.27903306283209,55.1829682206703,62.7064892246273,104.296693877082,188.534815614788,0.0002461655148477,0.0010077280634927,0.0088935968501219,0.0257736015357127,0.105777362068633
9,45,18.8387343234454,168.125934480049,156.019108298962,225.602492436394,304.413730461148,0.0003594395074735,0.0015324736331433,0.0118348402115065,0.0312565559539502,0.105257945662538
9,46,6.27985063030665,96.0498425635316,87.4540314682882,123.603124920572,139.613150417302,0.000233416506123,0.0017479791378874,0.0142612377998719,0.0389777813529257,0.125811651865729
9,46,6.27903306283209,43.5749206321822,64.611112063399,106.909383944589,191.625550296998,0.0002461655148477,0.0007957468001706,0.0091637275477422,0.0264192445588329,0.107511417184512
9,46,12.5588836931387,139.624763195714,152.065143531687,230.512508865161,331.2387007143,0.0002396211386378,0.0012726844837653,0.0115349119416118,0.0319368241619082,0.114533287011393
9,47,7.84981328788331,88.4798799059549,89.3291146502085,125.728041738651,139.613150417302,0.0002917706326537,0.0016102159053107,0.0145670099489992,0.0396478658931142,0.125811651865729
9,47,3.58801889304691,49.3061727444076,54.2236143693517,100.211755979015,201.670438014179,0.0001406660084844,0.000900408506104,0.007690479437144,0.0247641394159738,0.113147096311119
9,47,11.4378321809302,137.786052650363,143.55272901956,225.939797717666,341.283588431481,0.0002182316866458,0.001255924574365,0.0108892021521923,0.0313032885998699,0.118006534567998
9,48,10.9897386030366,92.1966984923373,91.0969548390717,122.953748094003,157.762859971551,0.0004084788857152,0.0016778570505215,0.0148552938497213,0.0387730028088727,0.142167166608273
9,48,8.07304250935554,47.821149128099,66.7571751220931,122.588419791911,221.760213448541,0.0003164985190899,0.000873289631905,0.0094681014633444,0.0302938182137684,0.124418454564334
9,48,19.0627811123921,140.017847620436,157.854129961165,245.542167885914,379.523073420092,0.0003637142780652,0.0012762674617178,0.0119740359061467,0.0340191388255346,0.131228703052308
9,49,9.41977594545998,111.390994269916,95.1918916060712,141.669294669445,170.328043509108,0.0003501247591845,0.0020271676552052,0.01552306028689,0.0446748801504595,0.153490215276189
9,49,10.7640566791407,55.6174687194813,75.2698413609257,122.361103462463,220.987529777989,0.0004219980254532,0.0010156627281251,0.0106754441576008,0.0302376442327921,0.123984940785365
9,49,20.1838326246007,167.008462989397,170.461732966997,264.030398131908,391.315573287097,0.0003851037300572,0.0015222878423519,0.0129303865009612,0.036580628270676,0.135306227112561
9,50,9.41977594545998,122.007199660683,105.513227806264,137.598870863955,158.460925723638,0.0003501247591845,0.0022203684460791,0.0172061734320714,0.0433912872865569,0.142796224867602
9,50,6.27903306283209,51.1427302782301,62.2891931663113,107.710299408504,215.578744084122,0.0002461655148477,0.0009339469442621,0.0088344121795128,0.0266171652719771,0.120950344332576
9,50,15.6988090082921,173.149929938913,167.802420972575,245.309170272459,374.03966980776,0.0002995303230557,0.0015782675232861,0.0127286642063675,0.0339868576975052,0.129332691993286
9,51,14.9146452469783,127.655586457629,94.3699717078001,141.222081838917,166.837714748676,0.0005543642020421,0.0023231615586993,0.0153890287857128,0.0445338532634959,0.150344923979546
9,51,15.2490802954494,45.2531589304932,66.1491275336051,126.680113721968,235.668519518485,0.0005978305360587,0.0008263940793034,0.0093818626994689,0.031304949871342,0.132221702585791
9,51,30.1637255424277,172.908745388122,160.519099241405,267.902195560885,402.506234267161,0.0005755182097899,0.0015760691178708,0.012176187334546,0.0371170543166573,0.139175651739312
9,52,9.41977594545998,106.353148312991,114.886549040957,149.973798233214,156.366728467378,0.0003501247591845,0.001935485572262,0.0187346925964626,0.0472936741685005,0.140909050089616
9,52,11.6610614024024,47.1526543501717,76.7273767578243,136.791347218964,252.667560270638,0.0004571645275743,0.0008610818625563,0.0108821649033336,0.0338036187504654,0.141759005723127
9,52,21.0808373478624,153.505802663163,191.613925798781,286.765145452178,409.034288738016,0.0004022184114575,0.0013992106324542,0.0145348875458425,0.0397304600568443,0.141432874505626
10,1,7.04204048192756,82.6664833778913,108.01291349366,158.23741972451,193.041142922011,0.0002577048461301,0.0014820518108325,0.0173852581378544,0.0472218762960566,0.167692947264079
10,1,3.5843727994087,53.240261024355,73.4027142587637,137.274138513487,253.498513403986,0.0001384452020637,0.0009595622655452,0.0102856426768104,0.0322497636198715,0.137684834665493
10,1,10.6264132813363,135.906744402246,181.415627752424,295.511558237997,446.539656325997,0.0001996838675297,0.0012214985235017,0.0135898705224088,0.0388446218919611,0.149229127345869
10,2,8.60693836680035,111.876884710623,101.953199060117,165.622289149576,202.940688712883,0.0003149725897145,0.002005738393609,0.0164099145769662,0.0494257000885585,0.176292585585314
10,2,6.27265239896523,43.2480053303473,61.7353905550541,137.861339641464,280.882612074169,0.0002422791036114,0.0007794693935875,0.0086507450599731,0.0323877145680956,0.152558196434914
10,2,14.8795907657656,155.12489004097,163.688589615171,303.48362879104,483.823300787052,0.0002796065005853,0.0013942267911487,0.0122619355698598,0.0398925405188176,0.161688951794551
10,3,10.1718362516731,112.366647712465,111.898538173402,157.128491144955,182.434486717505,0.000372240333299,0.0020145189067517,0.0180106702844132,0.0468909451655053,0.158479049062756
10,3,5.37655919911305,61.7956979488968,70.4266912036366,127.467343882664,251.933707765689,0.0002076678030955,0.0011137590008746,0.0098686239050647,0.0299458569107313,0.136834928278669
10,3,15.5483954507861,174.162345661362,182.325229377039,284.595835027619,434.368194483194,0.0002921741941797,0.0015653310585184,0.0136580089097056,0.0374097638332352,0.145161545433281
10,4,10.1718362516731,128.441547973264,115.728832840624,153.244173248707,170.413609685731,0.000372240333299,0.0023027110986412,0.0186271767684977,0.045731770682564,0.148036631101257
10,4,6.27265239896523,58.6821458571266,86.5580494900369,159.650900711629,291.836251542243,0.0002422791036114,0.0010576426888658,0.0121290496795204,0.0375067282548908,0.158507541142682
10,4,16.4444886506383,187.123693830391,202.286882330661,312.895073960336,462.249861227974,0.000309012929045,0.0016818246712577,0.0151533391765291,0.0411296631249114,0.154479322115212
10,5,7.04204048192756,124.891184160287,125.840161991471,172.993035067065,202.23357829925,0.0002577048461301,0.002239059871407,0.0202546494633676,0.0516253090845299,0.175678325705226
10,5,4.48046599926088,47.256873364913,81.9756586174339,151.668347657001,292.618654361391,0.0001730565025796,0.0008517222041393,0.0114869367059468,0.0356313899582347,0.158932494336094
10,5,11.5225064811884,172.1480575252,207.815820608905,324.661382724066,494.852232660641,0.000216522602395,0.0015472271005798,0.0155675127306965,0.0426763295826174,0.165374711515411
10,6,5.47714259705477,109.286042149479,129.273189207203,181.002060301606,214.961565744657,0.0002004371025456,0.0019592895457516,0.0208072136189793,0.0540153960787183,0.186735003546813
10,6,8.96093199852175,53.472431271201,77.3510096277855,155.684958645361,296.530668457131,0.0003461130051592,0.0009637467267737,0.0108389022634395,0.0365750109223163,0.161057260303154
10,6,14.4380745955765,162.75847342068,206.624198834988,336.687018946967,511.492234201788,0.0002713098482619,0.0014628356807837,0.0154782481738343,0.0442570843079966,0.17093563510605
10,7,13.3016320214187,108.631592620796,128.555746775533,188.871702496752,232.639326085501,0.0004867758204679,0.0019475565184176,0.0206917374090503,0.0563638878000849,0.202091500549018
10,7,8.06483879866958,54.7161477952992,85.14613613534,162.630194717819,300.442682552872,0.0003115017046433,0.0009861625343336,0.0119312036406691,0.038206652716222,0.163182026270214
10,7,21.3664708200883,163.347740416095,213.701882910873,351.501897214571,533.082008638373,0.0004015032556949,0.0014681318768482,0.0160084384963629,0.046204481384821,0.178150723739552
10,8,10.9542851941095,101.92427856139,110.463653310062,171.110438017049,213.54734491739,0.0004008742050912,0.0018273072161444,0.0177797178645552,0.051063496555193,0.185506483786637
10,8,7.1687455988174,48.0900287517257,87.0399486478847,151.082622640181,292.618654361391,0.0002768904041274,0.0008667383677557,0.0121965763724218,0.0354937857922699,0.158932494336094
10,8,18.1230307929269,150.014307313116,197.503601957947,322.19306065723,506.165999278781,0.0003405548781401,0.0013482940504024,0.0147950229623038,0.0423518717578016,0.16915566018481
10,9,11.7367341365459,114.346291027266,140.74231075008,183.062417027759,200.112247058348,0.0004295080768835,0.0020500101220498,0.0226532302866906,0.0546302563982151,0.173835546064961
10,9,7.1687455988174,62.3511348734385,74.4933428625705,136.75695613356,283.229820531614,0.0002768904041274,0.0011237697766189,0.010438468307649,0.0321282621507556,0.15383305601515
10,9,18.9054797353633,176.697425900705,215.235653612651,319.819373161319,483.342067589962,0.00035525809237,0.0015881157759578,0.0161233334781594,0.0420398535280643,0.161528128429741
10,10,7.04204048192756,99.6664833778913,103.939536317567,160.925926146126,211.426013676488,0.0002577048461301,0.0017868292702652,0.0167296262193303,0.0480241916894934,0.183663704146372
10,10,5.37655919911305,75.3171329352659,86.6764057799491,153.793650543429,291.836251542243,0.0002076678030955,0.0013574591356844,0.0121456344954756,0.0361306865952425,0.158507541142682
10,10,12.4185996810406,174.983616313157,190.615942097516,314.719576689555,503.262265218731,0.0002333613372603,0.0015727124500231,0.0142790673808288,0.0413694917092143,0.168185261041784
10,11,7.82448942436396,89.6390942789757,103.089671402066,153.234043627118,190.212701267476,0.0002863387179223,0.0016070573776587,0.0165928358999104,0.0457287477582868,0.165235907743726
10,11,9.85702519837393,43.9239613955949,78.932011387639,148.186792763371,280.100209255021,0.0003807243056751,0.0007916523153257,0.0110604420162603,0.0348134695286109,0.152133243241502
10,11,17.6815146227379,133.563055674571,182.021682789705,301.420836390489,470.312910522497,0.0003322582258167,0.0012004339888975,0.0136352701916002,0.0396213890575388,0.157173913273964
10,12,16.4314277911643,97.8621160164948,111.501270721912,152.0342382665,166.170947203929,0.0006013113076369,0.001754480417307,0.0179467279559404,0.0453706967965289,0.144351071820727
10,12,6.27265239896523,59.5083341950036,76.8606364717387,133.507919913269,237.850457021023,0.0002422791036114,0.0010725332836527,0.0107701881414574,0.0313649672488066,0.129185770797253
10,12,22.7040801901295,157.370450211498,188.361907193651,285.542158179769,404.021404224952,0.0004266386428837,0.0014144093688773,0.0141102173050331,0.0375341568189176,0.135019948905783
10,13,7.04204048192756,96.9114235343704,98.9056342009323,134.84862333794,168.29227844483,0.0002577048461301,0.0017374363208715,0.0159193926564377,0.0402420933117084,0.146193851460992
10,13,10.7531183982261,53.8540565336197,69.2345983693408,130.747699199087,257.410527499726,0.0004153356061911,0.0009706248523567,0.0097015804781973,0.0307165095965862,0.139809600632553
10,13,17.7951588801537,150.76548006799,168.140232570273,265.596322537027,425.702805944556,0.0003343937464522,0.001355045418151,0.0125954087778813,0.0349123018617672,0.142265658469123
10,14,4.69469365461837,77.279009735763,95.5061745389316,134.541610243997,156.97851182669,0.0001718032307534,0.0013854647208673,0.0153722313787579,0.0401504731730037,0.136365693379581
10,14,4.48046599926088,52.4306850270361,72.6164224094491,122.362746990046,244.109679574208,0.0001730565025796,0.0009449710790413,0.0101754625958228,0.0287466358123923,0.132585396344549
10,14,9.17515965387925,129.709694762799,168.122596948381,256.904357234043,401.088191400898,0.0001724129597055,0.0011658008683342,0.0125940876909326,0.033769753977327,0.134039698252001
10,15,7.82448942436396,93.8840344354549,103.939536317567,139.544986341389,159.806953481225,0.0002863387179223,0.0016831610292079,0.0167296262193303,0.0416436017107734,0.138822732899934
10,15,2.68827959955653,58.0927069944123,71.4750616903979,120.018370811609,216.725580904025,0.0001038339015477,0.0010470190878611,0.0100155280669698,0.0281958723662737,0.117712034575128
10,15,10.5127690239205,151.976741429867,175.414598007965,259.563357152998,376.53253438525,0.0001975483468942,0.0013659319563549,0.0131403325292453,0.0341192761654892,0.125833441056393
10,16,4.69469365461837,71.5441892663256,86.6202152962863,122.840150296923,139.300751485847,0.0001718032307534,0.0012826503671627,0.0139419885472384,0.0366584742825643,0.121009196377376
10,16,5.37655919911305,49.7528279761585,56.1553613109344,117.994405769363,234.720845744431,0.0002076678030955,0.0008967074054772,0.0078688368225088,0.02772038299228,0.127485958023605
10,16,10.0712528537314,121.297017242484,142.775576607221,240.834556066286,374.021597230278,0.0001892516945708,0.0010901896599652,0.0106953387858201,0.0316573988668789,0.124994310745908
10,17,6.25959153949116,99.5440719552097,98.0340068266432,137.648265783797,160.514063894859,0.0002290709743378,0.0017846346677705,0.0157790995524754,0.0410775743849061,0.139436992780022
10,17,8.06483879866958,49.7597950250942,63.4601146624421,110.596101620399,208.119149893396,0.0003115017046433,0.0008968329743068,0.0088924240777562,0.0259823020793295,0.113037549447596
10,17,14.3244303381607,149.303866980304,161.494121489085,248.244367404196,368.633213788255,0.0002691743276264,0.0013419087762838,0.0120975476498744,0.0326314092285314,0.123193566405586
10,18,7.04204048192756,88.1017028041344,89.3575625391373,123.248169793518,144.250524381283,0.0002577048461301,0.0015794948913142,0.0143825792774635,0.0367802371767528,0.125309015537993
10,18,5.37655919911305,63.6218862867737,65.7005779834992,103.565925307402,180.735051223212,0.0002076678030955,0.0011466728406096,0.0092063716665287,0.0243307053054923,0.0981641876781757
10,18,12.4185996810406,151.723589090908,155.058140522637,226.81409510092,324.985575604495,0.0002333613372603,0.0013636566814256,0.0116154273987013,0.0298144269432155,0.108606958330366
10,19,13.3016320214187,88.257091316803,95.826349519112,118.941708893099,116.673218249567,0.0004867758204679,0.0015822807099093,0.0154237652602141,0.0354950850030924,0.101352880214553
10,19,4.48046599926088,47.691791148749,65.8696663886558,106.445357580568,199.512718882766,0.0001730565025796,0.0008595608338897,0.0092300653804982,0.0250071692860687,0.108363064320064
10,19,17.7820980206796,135.948882465552,161.696015907768,225.387066473667,316.185937132333,0.0003341483162337,0.0012218772507116,0.0121126715895432,0.0296268458286724,0.105666206369019
10,20,8.60693836680035,91.3870043976645,72.192426460476,109.27021680741,143.543413967649,0.0003149725897145,0.0016383940603229,0.0116197584994049,0.0326088776593185,0.124694755657905
10,20,2.68827959955653,43.3538131161252,61.4141058041641,106.378291054832,197.165510425322,0.0001038339015477,0.000781376393228,0.0086057246519605,0.024991413371479,0.107088204739828
10,20,11.2952179663569,134.74081751379,133.60653226464,215.648507862242,340.708924392971,0.0002122515611241,0.0012110194411057,0.0100084843677434,0.0283467245728776,0.113861545656304
10,21,8.60693836680035,100.291864762782,91.6758798717095,124.953007167396,136.472309831312,0.0003149725897145,0.0017980411614219,0.0147557248946734,0.0372890019159297,0.118552156857023
10,21,4.48046599926088,44.6052739462157,58.3704585743691,112.906206480389,220.637594999765,0.0001730565025796,0.0008039317783118,0.008179229962274,0.0265250141770236,0.119836800542189
10,21,13.0874043660612,144.897138708998,150.046338446079,237.859213647785,357.109904831077,0.0002459290308547,0.0013023021173167,0.011239992591082,0.0312662938558434,0.119342590763322
10,22,6.25959153949116,89.6392115900917,92.5810747997302,126.047812239375,136.472309831312,0.0002290709743378,0.0016070594808225,0.0149014208765676,0.0376157182499505,0.118552156857023
10,22,8.96093199852175,47.8200545954471,66.089486909057,103.917655539726,186.211870957249,0.0003461130051592,0.0008618725574074,0.0092608679924821,0.0244133371615231,0.10113886003206
10,22,15.2205235380129,137.459266185539,158.670561708787,229.965467779101,322.684180788561,0.0002860130624917,0.0012354522317915,0.0118860343844412,0.0302286709100319,0.107837854992746
10,23,10.1718362516731,102.121707555986,95.2077620175402,120.026384343489,136.472309831312,0.000372240333299,0.0018308467401086,0.0153242002818441,0.0358187784128361,0.118552156857023
10,23,10.7531183982261,50.6802448714966,66.5798600651038,113.691654963259,200.295121701915,0.0004153356061911,0.000913422467351,0.0093295821144642,0.026709539304498,0.108788017513476
10,23,20.9249546498992,152.801952427483,161.787622082644,233.718039306748,336.767431533227,0.0003932066033715,0.0013733487627805,0.0121195338211549,0.0307219417079091,0.112544337807982
10,24,11.7367341365459,116.236969253835,82.8334455466421,111.89209957713,139.300751485847,0.0004295080768835,0.0020839063636086,0.0133324876322386,0.0333913109423563,0.121009196377376
10,24,6.27265239896523,44.4218169924704,61.4902039770307,115.348968280694,210.46635835084,0.0002422791036114,0.000800625288697,0.008616387998982,0.0270988913216377,0.114312409027832
10,24,18.0093865355111,160.658786246305,144.323649523673,227.241067857824,349.767109836687,0.0003384193575046,0.0014439641759545,0.0108113051485556,0.0298705519739893,0.116888701453002
10,25,10.1718362516731,105.951667660305,104.524556265407,124.314727850344,123.037211972271,0.000372240333299,0.001899510593657,0.0168237883197684,0.0370985239177126,0.106881219135347
10,25,7.1687455988174,45.7431826845362,56.5442702364922,113.123803661241,221.419997818913,0.0002768904041274,0.0008244405862312,0.0079233331484622,0.0265761342038751,0.120261753735601
10,25,17.3405818504905,151.694850344841,161.068826501899,237.438531511585,344.457209791184,0.0003258516639103,0.0013633983841936,0.0120656887417898,0.031210995719233,0.115114185485923
10,26,12.5191830789823,101.604320832996,96.8303993772311,130.239143229565,159.806953481225,0.0004581419486757,0.0018215709865217,0.0155853724736673,0.0388665128715966,0.138822732899934
10,26,6.27265239896523,47.2908753030856,63.5784709523544,98.863727569198,186.994273776397,0.0002422791036114,0.0008523350293997,0.0089090088937114,0.0232260196946911,0.101563813225472
10,26,18.7918354779475,148.895196136082,160.408870329586,229.102870798763,346.801227257622,0.0003531225717345,0.0013382357368404,0.0120162513308935,0.0301152836241126,0.115897532890895
10,27,12.5191830789823,108.454520311399,97.7691618589833,136.399954164846,154.857180585789,0.0004581419486757,0.0019443819508532,0.0157364713334935,0.0407050479815329,0.134522913739316
10,27,7.1687455988174,62.4384293330284,65.5061235207203,115.901898090224,222.98480345721,0.0002768904041274,0.0011253431060467,0.009179123503552,0.0272287909214374,0.121111660122425
10,27,19.6879286777997,170.892949644427,163.275285379704,252.30185225507,377.841984042999,0.0003699613065998,0.0015359464799605,0.0122309748906948,0.0331647604984591,0.126271046153635
10,28,10.9542851941095,107.489059135147,98.342376711881,117.913527473016,139.300751485847,0.0004008742050912,0.0019270730800015,0.015828733340542,0.0351882507794707,0.121009196377376
10,28,7.1687455988174,46.6995354547412,66.2163171971681,121.4074180261,217.507983723173,0.0002768904041274,0.0008416771664654,0.009278640237518,0.0285222007250549,0.11813698776854
10,28,18.1230307929269,154.188594589888,164.558693909049,239.320945499116,356.80873520902,0.0003405548781401,0.0013858115832347,0.0123271152064837,0.0314584366654545,0.11924194286062
10,29,13.3016320214187,91.4068918384001,108.01291349366,140.664044542535,150.614518103987,0.0004867758204679,0.0016387506040677,0.0173852581378544,0.0419775557656018,0.130837354458787
10,29,10.7531183982261,43.1151626553325,60.8307424158273,111.617020998922,209.683955531692,0.0004153356061911,0.0007770751375162,0.0085239801630304,0.0262221462989973,0.11388745583442
10,29,24.0547504196448,134.522054493733,168.843655909487,252.281065541457,360.298473635679,0.0004520194602909,0.0012090532494559,0.0126481023204431,0.0331620281111525,0.120408178854888
10,30,14.8665299062915,119.746854318645,105.771688632397,137.100863247807,160.514063894859,0.0005440435640524,0.0021468318843705,0.0170245209676611,0.0409142162178957,0.139436992780022
10,30,13.4413979977826,55.818153609817,63.0965717945065,114.612712608758,212.031163989136,0.0005191695077389,0.0010060242550629,0.00884148220081,0.026925923043411,0.115162315414656
10,30,28.3079279040741,175.565007928462,168.868260426904,251.713575856565,372.545227883995,0.0005319420933464,0.0015779378639846,0.0126499454483484,0.0330874323072907,0.124500922743152
10,31,10.1718362516731,98.7269668779097,90.7706849436888,127.665766718178,145.66474520855,0.000372240333299,0.001769985537797,0.0146100289127792,0.0380985550301741,0.12653753529817
10,31,3.5843727994087,41.6315315783961,65.3116690579413,117.358011830452,226.114414733802,0.0001384452020637,0.0007503352912039,0.0091518753405753,0.0275708751948081,0.122811472896073
10,31,13.7562090510818,140.358498456306,156.08235400163,245.02377854863,371.779159942352,0.0002584967244491,0.0012615098638362,0.0116921513763391,0.0322080668824321,0.124244910429801
10,32,5.47714259705477,83.8366405846878,90.4505099635084,124.520734541635,140.714972313114,0.0002004371025456,0.0015030304896927,0.014558495031323,0.0371600013009336,0.122237716137552
10,32,4.48046599926088,50.1267089325849,75.4487231170418,118.426647908752,181.51745404236,0.0001730565025796,0.0009034459535364,0.0105723421026061,0.0278219294814644,0.0985891408715878
10,32,9.95760859631565,133.963349517273,165.89923308055,242.947382450387,322.232426355474,0.0001871161739353,0.0012040317377803,0.0124275351868162,0.0319351272322366,0.107686883138692
10,33,8.60693836680035,101.856645336539,95.3955145138906,129.283721196981,154.857180585789,0.0003149725897145,0.0018260946818831,0.0153544200538093,0.0385813918103977,0.134522913739316
10,33,2.68827959955653,46.441107575715,52.4268864623138,106.412562373279,212.031163989136,0.0001038339015477,0.0008370194575003,0.0073463798478635,0.0249994647199035,0.115162315414656
10,33,11.2952179663569,148.297752912254,147.822400976204,235.69628357026,366.888344574925,0.0002122515611241,0.0013328660547176,0.0110733971183548,0.0309819794231316,0.122610448408452
10,34,7.82448942436396,92.6593336530592,89.7330675318382,127.411253768554,146.371855622184,0.0002863387179223,0.0016612044884418,0.014443018821394,0.0380226022053379,0.127151795178258
10,34,6.27265239896523,38.0305464384294,64.1956743965123,118.946782510994,206.554344255099,0.0002422791036114,0.0006854338539716,0.0089954952607294,0.0279441245150989,0.112187643060772
10,34,14.0971418233292,130.689880091489,153.928741928351,246.358036279548,352.926199877283,0.0002649032863555,0.0011746105483617,0.0115308239890905,0.0323834533795727,0.117944438033811
10,35,6.25959153949116,110.224231537932,91.5434573878796,132.236870189809,152.735849344888,0.0002290709743378,0.0019761094856504,0.0147344107851824,0.0394626829529478,0.132680134099052
10,35,7.1687455988174,54.9169943466592,57.9561835911891,101.223025240122,180.735051223212,0.0002768904041274,0.0009897824409258,0.0081211791873134,0.023780288641633,0.0981641876781757
10,35,13.4283371383086,165.141225884591,149.499640979069,233.459895429931,333.4709005681,0.0002523355927611,0.001484251311254,0.0111990394059368,0.0306880090206448,0.111442669832416
10,36,7.82448942436396,89.0540743311355,91.9071572856379,117.913527473016,139.300751485847,0.0002863387179223,0.0015965690898105,0.0147929502357233,0.0351882507794707,0.121009196377376
10,36,7.1687455988174,44.3519121304951,52.2070659419126,100.671571541749,195.600704787026,0.0002768904041274,0.0007993653762465,0.0073155772358796,0.0236507358240926,0.106238298353004
10,36,14.9932350231814,133.405986461631,144.11422322755,218.585099014765,334.901456272873,0.0002817420212208,0.0011990222869799,0.0107956169948747,0.0287327357788392,0.111920747370253
10,37,12.5191830789823,87.9646399984408,78.8707283955901,105.779794900181,125.865653626806,0.0004581419486757,0.0015770376175671,0.0126946670386631,0.0315672512740352,0.1093382586557
10,37,8.96093199852175,63.9073490550369,59.173642483107,111.23249555931,216.725580904025,0.0003461130051592,0.0011518178060056,0.008291777063188,0.0261318098768014,0.117712034575128
10,37,21.480115077504,151.871989053478,138.044370878697,217.012290459491,342.591234530831,0.0004036387763304,0.0013649904661172,0.0103409234906104,0.0285259920764868,0.114490595048195
10,38,8.60693836680035,80.2918647627825,83.0765280555131,114.845248569958,137.179420244946,0.0003149725897145,0.0014394794444422,0.0133716130666781,0.0342726020849063,0.119166416737111
10,38,3.5843727994087,60.6315315783961,62.8260191588609,112.320481463569,220.637594999765,0.0001384452020637,0.0010927769452187,0.0088035706908118,0.0263874100110588,0.119836800542189
10,38,12.191311166209,140.923396341179,145.902547214374,227.165730033527,357.817015244711,0.0002290902959894,0.0012665870359466,0.0109295805995219,0.029860648911935,0.11957890005516
10,39,9.38938730923675,84.5094158203461,90.3180874796785,124.482357904892,139.300751485847,0.0003436064615068,0.0015150920618747,0.014537180921832,0.0371485487835955,0.121009196377376
10,39,3.5843727994087,53.9362849299038,63.8067654709544,115.983886108448,191.688690691285,0.0001384452020637,0.0009721068748846,0.008940998934776,0.0272480523368503,0.104113532385944
10,39,12.9737601086454,138.44570075025,154.124852950633,240.46624401334,330.989442177132,0.0002437935102192,0.0012443180785132,0.0115455146937109,0.0316089847117093,0.110613391032687
10,40,10.9542851941095,100.774478039793,97.3718944074935,135.113265909153,147.786076449452,0.0004008742050912,0.001806693493684,0.0156725290050207,0.0403210690608216,0.128380314938434
10,40,6.27265239896523,52.7257930869216,66.1148529666792,114.378717824261,217.507983723173,0.0002422791036114,0.0009502898838908,0.0092644224414893,0.026870950733477,0.11813698776854
10,40,17.2269375930747,153.500271126715,163.486747374173,249.491983733414,365.294060172625,0.0003237161432748,0.0013796250904477,0.0122468155388288,0.0327954068226142,0.122077654362669
10,41,7.82448942436396,103.149213966017,90.5276024348179,125.884176070814,150.614518103987,0.0002863387179223,0.001849267963238,0.0145709034783396,0.037566885256321,0.130837354458787
10,41,9.85702519837393,49.0549030849796,52.8157953878716,111.333833403492,233.938442925283,0.0003807243056751,0.0008841285342081,0.0074008761738169,0.0261556171398155,0.127061004830193
10,41,17.6815146227379,152.204117050997,143.343397822689,237.218009474306,384.55296102927,0.0003322582258167,0.0013679755560799,0.010737874353972,0.0311820083753605,0.128513788147794
10,42,7.82448942436396,112.82937354874,86.3000403161059,119.402228534013,133.643868176777,0.0002863387179223,0.002022814695269,0.0138904546657823,0.0356325152111495,0.11609511733667
10,42,5.37655919911305,46.0568040706097,60.3657353174028,104.035390987552,197.165510425322,0.0002076678030955,0.0008300930612933,0.0084588204900554,0.0244409967076197,0.107088204739828
10,42,13.201048623477,158.88617761935,146.665775633509,223.437619521565,330.809378602099,0.0002480645514902,0.0014280323777932,0.0109867541491415,0.029370593483741,0.110553215570579
10,43,14.0840809638551,128.624442895964,105.297328709598,134.450733462934,143.543413967649,0.0005154096922602,0.0023059900545167,0.0169481701921716,0.040123353341797,0.124694755657905
10,43,8.06483879866958,61.1510655791352,66.5544940074815,116.068826348985,215.160775265728,0.0003115017046433,0.0011021406337729,0.009326027665457,0.0272680073167818,0.116862128188304
10,43,22.1489197625247,189.775508475099,171.85182271708,250.519559811919,358.704189233377,0.0004162064699248,0.0017056585706522,0.0128734445245931,0.0329304804030615,0.119875384809105
10,44,9.38938730923675,121.414276185464,100.749591610705,137.41800596334,152.028738931254,0.0003436064615068,0.0021767255667453,0.0162161874981581,0.0410088592808775,0.132065874218963
10,44,3.5843727994087,45.240261024355,67.6028644942428,126.027627746081,242.544873935912,0.0001384452020637,0.00081537630596,0.0094729318273621,0.0296076249204431,0.131735489957725
10,44,12.9737601086454,166.654537209819,168.352456104948,263.445633709421,394.573612867166,0.0002437935102192,0.0014978526049756,0.0126113064731006,0.0346295965259294,0.131862590674113
10,45,5.47714259705477,81.5714610541252,103.409846382247,142.613265244447,161.928284722127,0.0002004371025456,0.0014624201566055,0.0166443697813665,0.0425592504053378,0.140665512540198
10,45,2.68827959955653,57.9625425620842,62.8767512741054,119.533983638971,233.938442925283,0.0001038339015477,0.0010446731024138,0.0088106795888261,0.028082075463323,0.127061004830193
10,45,8.1654221966113,139.534003616209,166.286597656352,262.147248883418,395.86672764741,0.0001534387042047,0.0012540994940695,0.0124565527223799,0.0344589254769286,0.132294736817193
10,46,8.60693836680035,126.421425910296,106.809306044247,133.254921988303,149.907407690353,0.0003149725897145,0.0022664941768709,0.0171915310590463,0.0397664942522924,0.130223094578699
10,46,0.896093199852175,49.7547289617885,56.6626265264044,112.271288652635,239.41526265932,3.46113005159268e-05,0.0008967416674069,0.0079399179644173,0.026375853161811,0.130035677184077
10,46,9.50303156665252,176.176154872085,163.471932570651,245.526210640938,389.322670349673,0.0001785740913935,0.0015834307119854,0.0122457057597863,0.032274110947742,0.130107777728548
10,47,8.60693836680035,107.461904658463,84.1694754798842,120.804046699936,144.957634794917,0.0003149725897145,0.0019265862522123,0.0135475288205376,0.036050851683875,0.125923275418081
10,47,3.5843727994087,61.4140726864781,61.1435531685184,106.479628899014,214.37837244658,0.0001384452020637,0.0011068808752916,0.0085678131419622,0.0250152206344931,0.116437174994892
10,47,12.191311166209,168.875977344941,145.313028648403,227.28367559895,359.336007241497,0.0002290902959894,0.00151781839738,0.0108854196797524,0.029876152707861,0.120086532125267
10,48,4.69469365461837,65.5441892663256,96.1247620405035,145.465407834624,166.170947203929,0.0001718032307534,0.0011750818520688,0.0154717963571279,0.0434103987924041,0.144351071820727
10,48,12.5453047979305,43.8880584717923,66.9941350482838,119.282115139673,218.290386542321,0.0004845582072229,0.0007910052281356,0.0093876328894248,0.0280229040880471,0.118561940961953
10,48,17.2399984525489,109.432247738118,163.118897088787,264.747522974297,384.46133374625,0.0003239615734933,0.0009835518437551,0.0122192598215405,0.0348007282290034,0.128483167217956
10,49,11.7367341365459,102.066929358155,102.559981466747,147.515634939187,171.120720099365,0.0004295080768835,0.0018298646718753,0.0165075794619466,0.0440222361876238,0.148650890981345
10,49,8.96093199852175,50.472431271201,66.5798600651038,125.877097090965,244.109679574208,0.0003461130051592,0.0009096769919293,0.0093295821144642,0.0295722608081813,0.132585396344549
10,49,20.6976661350676,152.539360629356,169.139841531851,273.392732030152,415.230399673573,0.0003889355621006,0.0013709886481658,0.0126702896276139,0.0359371300636862,0.13876588408875
10,50,7.82448942436396,106.693755165691,118.013582619465,158.376802763905,188.091370026575,0.0002863387179223,0.0019128148021611,0.0189949195077757,0.0472634715688785,0.163393128103462
10,50,6.27265239896523,45.2043581005524,60.6362879530484,124.6057853243,254.280916223134,0.0002422791036114,0.0008147292187699,0.0084967320000537,0.0292735919954968,0.138109787858905
10,50,14.0971418233292,151.898113266243,178.649870572513,282.982588088205,442.372286249709,0.0002649032863555,0.0013652252645259,0.0133826872580062,0.0371977045562528,0.14783643357052
10,51,7.82448942436396,91.41439349658,97.0299569685241,152.125115047562,179.60604506297,0.0002863387179223,0.0016388850944395,0.0156174923390222,0.0453978166277355,0.156022009542403
10,51,5.37655919911305,61.7956979488968,68.3553162877362,121.70995544749,241.762471116764,0.0002076678030955,0.0011137590008746,0.0095783700302617,0.0285932757318379,0.131310536764313
10,51,13.201048623477,153.210091445477,165.38527325626,273.835070495052,421.368516179734,0.0002480645514902,0.0013770170222922,0.0123890343831514,0.0359952748974104,0.140817181788261
10,52,5.47714259705477,109.401421158445,109.105860918031,150.137517708907,166.878057617563,0.0002004371025456,0.0019613580705295,0.0175611738917138,0.0448046694706615,0.144965331700816
10,52,7.1687455988174,47.4384293330284,67.9917734198006,129.860912872035,260.540138776318,0.0002768904041274,0.0008549944318245,0.0095274281533155,0.0305081772060977,0.141509413406201
10,52,12.6458881958722,156.839850491473,177.097634337832,279.998430580942,427.418196393881,0.0002376323785313,0.0014096404607747,0.0132664090205089,0.0368054408129093,0.142838924955501
2025,1,9.33731128718499,96.2680998776179,101.386492725726,161.852223262173,193.155872847298,0.0003367640952139,0.0016995308614618,0.0161396790108744,0.0454504064329433,0.163225054835307
2025,1,8.05007733420795,58.9968039012047,76.4153161033531,135.342593580143,256.195209081091,0.000306564290028,0.0010491014123623,0.0106034284681413,0.0300417252342377,0.13573172838262
2025,1,17.3873886213929,155.264903778823,177.801808829079,297.194816842316,449.351081928389,0.000322074668838,0.0013754926750361,0.0131817556300457,0.0368443407878687,0.146326341588882
2025,2,5.44676491752458,108.38280408243,115.847432755838,159.582186736451,191.740811507757,0.0001964457222081,0.0019134055894323,0.0184417108102473,0.0448129478881534,0.162029266887796
2025,2,3.57781214853687,55.2997979071306,75.3820587939013,150.891505479054,308.848825671377,0.000136250795568,0.0009833599831081,0.0104600531537588,0.0334930861591476,0.163627513050214
2025,2,9.02457706606145,163.682601989561,191.229491549739,310.473692215505,500.589637179134,0.0001671664292577,0.0014500651118698,0.0141772484963285,0.0384905720873499,0.163011625411868
2025,3,10.1154205611171,107.141343394887,111.173440646104,158.026882597149,182.542912800743,0.0003648277698151,0.0018914886641532,0.0176976597012447,0.0443761963636248,0.154256645228972
2025,3,8.05007733420795,60.9968039012047,82.3963524343759,151.2135612657,281.343205064511,0.000306564290028,0.0010846660986839,0.0114333601380643,0.033564572239003,0.149055088223859
2025,3,18.165497895325,168.138147296092,193.56979308048,309.240443862849,463.886117865254,0.0003364879480358,0.0014895368133508,0.0143507522592092,0.0383376817272013,0.151059519540467
2025,4,7.00298346538874,111.748037787315,112.487679791509,157.265671466652,187.495627489135,0.0002525730714104,0.0019728159085801,0.0179068729542146,0.0441624374509261,0.158441903045262
2025,4,7.15562429707373,53.7732004590185,70.3371653164689,140.390804862928,281.343205064511,0.000272501591136,0.0009562135034173,0.0097600211464973,0.0311622666120117,0.149055088223859
2025,4,14.1586077624625,165.521238246333,182.824845107978,297.65647632958,468.838832553646,0.0002622664625263,0.001466353601037,0.0135541502484432,0.0369015744222148,0.152672317752003
2025,5,16.3402947525737,114.08505010453,118.770873976584,168.383460374881,180.420320791432,0.0005893371666244,0.0020140738596747,0.0189070923580402,0.0472844707126884,0.152462963307705
2025,5,4.47226518567108,48.1848589898265,73.0139228754575,134.131495625207,267.197457323838,0.00017031349446,0.0008568396977124,0.0101314493987197,0.0297729002395964,0.141560698313162
2025,5,20.8125599382448,162.269909094357,191.784796852041,302.514956000088,447.61777811527,0.0003855207067457,0.0014375500573911,0.0142184173620629,0.0375038981188158,0.145761909864923
2025,6,7.00298346538874,103.175232743365,115.264799778618,171.98604982579,194.570934186838,0.0002525730714104,0.0018214703770903,0.0183489616778859,0.0482961290727323,0.164420842782819
2025,6,6.26117125993952,58.0574105560678,73.7385585443645,131.966272169548,234.976587470081,0.000238438892244,0.0010323967975361,0.0102320002159188,0.0292922899128322,0.124490143516575
2025,6,13.2641547253283,161.232643299433,189.003358322982,303.952321995338,429.547521656919,0.000245698093808,0.0014283609137517,0.0140122088694075,0.037682093698162,0.139877525414848
2025,7,6.22487419145666,104.616180215097,103.138038098712,154.912319959045,198.10858753569,0.0002245093968093,0.0018469090707081,0.0164185068836311,0.0435015828741739,0.167410312651597
2025,7,3.57781214853687,50.4690690868758,75.2191088371486,133.752925971866,256.981083955573,0.000136250795568,0.0008974583055095,0.0104374421341566,0.0296888698896018,0.136148083377659
2025,7,9.80268633999353,155.085249301973,178.357146935861,288.665245930911,455.089671491263,0.0001815797084556,0.0013739011149931,0.0132229269278174,0.0357868983305164,0.148195051491642
2025,8,2.33432782179625,93.910950727608,119.061527475862,162.659913136748,191.033280837987,8.41910238034901e-05,0.0016579174118289,0.0189533613831896,0.0456772172380794,0.16143137291404
2025,8,2.68335911140265,59.4659515248595,65.5280576376854,124.059045260117,241.263586465936,0.000102188096676,0.0010574439563992,0.0090927068976286,0.0275371385455192,0.127820983476885
2025,8,5.0176869331989,153.376902252467,184.589585113547,286.718958396865,432.296867303923,9.29449437481779e-05,0.001358766858662,0.0136849834028255,0.0355456098654702,0.140772820222114
