Year,Week,0-14,15-64,65-74,75-84,85+,0-14.1,15-64.1,65-74.1,75-84.1,85+.1
2000,1,23.0,304.0,346.0,418.0,267.0,0.0013823794727392,0.0046408251500408,0.0415475657895866,0.100819634740938,0.292638000001842
2000,1,11.0,148.0,177.0,425.0,468.0,0.0006985779587464,0.0021784245239139,0.0169430702467005,0.0671033771952616,0.223774535715154
2000,1,34.0,452.0,523.0,843.0,735.0,0.0010498929960548,0.0033871734108391,0.0278568546053898,0.0804425455971908,0.244691620996439
2000,2,8.0,318.0,330.0,435.0,277.0,0.0004808276426919,0.004854547360898,0.039626291070993,0.104919954814134,0.303598224721012
2000,2,11.0,146.0,189.0,417.0,479.0,0.0006985779587464,0.0021489863546719,0.0180917529752903,0.0658402548009979,0.229034193605895
2000,2,19.0,464.0,519.0,852.0,756.0,0.00058670490956,0.003477098368649,0.0276438002680636,0.0813013628099722,0.251682810167765
2000,3,17.0,347.0,348.0,504.0,302.0,0.0010217587407203,0.0052972576548163,0.0417877251294108,0.121562430405341,0.330998786518937
2000,3,15.0,149.0,247.0,487.0,504.0,0.0009526063073815,0.002193143608535,0.023643719496808,0.0768925757508057,0.240987961539396
2000,3,32.0,496.0,595.0,991.0,806.0,0.0009881345845222,0.003716898256142,0.0316918326772599,0.0945653175407071,0.268328498670924
2000,4,14.0,331.0,388.0,498.0,342.0,0.0008414483747108,0.005053003699551,0.0465909119258948,0.120115258614801,0.374839685395618
2000,4,13.0,140.0,263.0,526.0,597.0,0.0008255921330639,0.0020606718469456,0.0251752964682612,0.0830502974228414,0.285455978252023
2000,4,27.0,471.0,651.0,1024.0,939.0,0.0008337385556906,0.0035295545940381,0.0346745933998255,0.0977143139875722,0.312606030089328
2000,5,10.0,325.0,354.0,537.0,295.0,0.0006010345533649,0.0049614084663265,0.0425082031488834,0.12952187525331,0.323326629215518
2000,5,12.0,163.0,237.0,558.0,623.0,0.0007620850459052,0.0023992107932296,0.0226864838896498,0.0881027869998964,0.297887896902865
2000,5,22.0,488.0,591.0,1095.0,918.0,0.000679342526859,0.0036569482842687,0.0314787783399337,0.10448942755507,0.305614840918001
2000,6,14.0,280.0,304.0,459.0,296.0,0.0008414483747108,0.0042744442171429,0.0365042196532784,0.110708641976293,0.324422651687435
2000,6,7.0,151.0,211.0,463.0,498.0,0.0004445496101113,0.0022225817777771,0.0201976713110384,0.0731032085680144,0.238119057235356
2000,6,21.0,431.0,515.0,922.0,794.0,0.0006484633210927,0.0032298047346718,0.0274307459307375,0.0879810522427164,0.264333533430166
2000,7,14.0,294.0,286.0,422.0,244.0,0.0008414483747108,0.004488166428,0.0343427855948606,0.101784415934631,0.267429483147751
2000,7,7.0,126.0,196.0,375.0,461.0,0.0004445496101113,0.0018546046622511,0.0187618179003011,0.0592088622311132,0.220427480693773
2000,7,21.0,420.0,482.0,797.0,705.0,0.0006484633210927,0.003147373523346,0.0256730476477971,0.0760530353985303,0.234704207894543
2000,8,11.0,288.0,270.0,383.0,210.0,0.0006611380087013,0.0043965711947755,0.032421510876267,0.0923777992961222,0.230164719102572
2000,8,9.0,136.0,211.0,413.0,408.0,0.0005715637844289,0.0020017955084615,0.0201976713110384,0.065208693603866,0.195085492674749
2000,8,20.0,424.0,481.0,796.0,618.0,0.0006175841153264,0.0031773485092827,0.0256197840634655,0.0759576112637768,0.205740709899046
2000,9,16.0,289.0,273.0,353.0,206.0,0.0009616552853838,0.0044118370669796,0.0327817498860033,0.0851419403434233,0.225780629214904
2000,9,9.0,133.0,149.0,340.0,371.0,0.0005715637844289,0.0019576382545983,0.0142628105466575,0.0536827017562093,0.177393916133167
2000,9,25.0,422.0,422.0,693.0,577.0,0.000771980144158,0.0031623610163143,0.0224772325879053,0.0661289253841675,0.192091245326456
2000,10,10.0,273.0,259.0,342.0,205.0,0.0006010345533649,0.0041675831117143,0.0311006345072339,0.0824887920607671,0.224684606742987
2000,10,8.0,117.0,161.0,383.0,425.0,0.0005080566972701,0.0017221329006617,0.0154114932752473,0.0604719846253769,0.203214054869531
2000,10,18.0,390.0,420.0,725.0,630.0,0.0005558257037937,0.0029225611288213,0.0223707054192423,0.0691824976962792,0.209735675139804
2000,11,7.0,285.0,264.0,286.0,184.0,0.0004207241873554,0.0043507735781633,0.0317010328567944,0.0689818553490625,0.20166813483273
2000,11,8.0,123.0,157.0,323.0,329.0,0.0005080566972701,0.0018104474083879,0.015028599032384,0.0509985666683988,0.157311586004884
2000,11,15.0,408.0,421.0,609.0,513.0,0.0004631880864948,0.0030574485655361,0.0224239690035738,0.0581132980648745,0.170784764042412
2000,12,17.0,264.0,240.0,323.0,185.0,0.0010217587407203,0.0040301902618775,0.028819120778904,0.0779060813907245,0.202764157304647
2000,12,5.0,117.0,163.0,334.0,347.0,0.0003175354357938,0.0017221329006617,0.015602940396679,0.0527353599605115,0.165918298917005
2000,12,22.0,381.0,403.0,657.0,532.0,0.000679342526859,0.0028551174104639,0.0214652244856063,0.0626936565330419,0.177110125673613
2000,13,11.0,265.0,250.0,344.0,167.0,0.0006611380087013,0.0040454561340816,0.030019917478025,0.0829711826576137,0.183035752810141
2000,13,11.0,130.0,167.0,336.0,330.0,0.0006985779587464,0.0019134810007352,0.0159858346395423,0.0530511405590774,0.157789736722224
2000,13,22.0,395.0,417.0,680.0,497.0,0.000679342526859,0.0029600298612421,0.0222109146662477,0.0648884116323722,0.165458143721401
2000,14,12.0,265.0,252.0,337.0,195.0,0.0007212414640378,0.0040454561340816,0.0302600768178492,0.0812828155686506,0.213724382023817
2000,14,13.0,117.0,152.0,282.0,317.0,0.0008255921330639,0.0017221329006617,0.0145499812288049,0.0445250643977971,0.151573777396803
2000,14,25.0,382.0,404.0,619.0,512.0,0.000771980144158,0.0028626111569481,0.0215184880699378,0.0590675394124094,0.170451850272349
2000,15,12.0,268.0,262.0,305.0,178.0,0.0007212414640378,0.0040912537506939,0.0314608735169702,0.0735645660191052,0.195092000001228
2000,15,9.0,102.0,148.0,343.0,341.0,0.0005715637844289,0.0015013466313461,0.0141670869859416,0.0541563726540582,0.163049394612965
2000,15,21.0,370.0,410.0,648.0,519.0,0.0006484633210927,0.0027726861991382,0.021838069575927,0.0618348393202605,0.172782246662791
2000,16,10.0,264.0,246.0,329.0,196.0,0.0006010345533649,0.0040301902618775,0.0295395987983766,0.0793532531812643,0.214820404495734
2000,16,10.0,115.0,138.0,308.0,360.0,0.0006350708715876,0.0016926947314196,0.0132098513787834,0.0486302121791543,0.172134258242426
2000,16,20.0,379.0,384.0,637.0,556.0,0.0006175841153264,0.0028401299174956,0.0204532163833072,0.0607851738379722,0.185100056155129
2000,17,12.0,270.0,236.0,294.0,159.0,0.0007212414640378,0.004121785495102,0.0283388020992556,0.0709114177364489,0.174267573034805
2000,17,12.0,126.0,167.0,320.0,322.0,0.0007620850459052,0.0018546046622511,0.0159858346395423,0.0505248957705499,0.153964530983503
2000,17,24.0,396.0,403.0,614.0,481.0,0.0007411009383916,0.0029675236077263,0.0214652244856063,0.0585904187386419,0.16013152340039
2000,18,11.0,273.0,234.0,361.0,160.0,0.0006611380087013,0.0041675831117143,0.0280986427594314,0.0870715027308097,0.175363595506722
2000,18,10.0,123.0,149.0,336.0,303.0,0.0006350708715876,0.0018104474083879,0.0142628105466575,0.0530511405590774,0.144879667354042
2000,18,21.0,396.0,383.0,697.0,463.0,0.0006484633210927,0.0029675236077263,0.0203999527989757,0.0665106219231815,0.154139075539253
2000,19,15.0,266.0,250.0,336.0,161.0,0.0009015518300473,0.0040607220062857,0.030019917478025,0.0810416202702273,0.176459617978639
2000,19,6.0,106.0,142.0,286.0,320.0,0.0003810425229526,0.0015602229698302,0.0135927456216467,0.045156625594929,0.153008229548823
2000,19,21.0,372.0,392.0,622.0,481.0,0.0006484633210927,0.0027876736921065,0.0208793250579594,0.0593538118166698,0.16013152340039
2000,20,12.0,265.0,228.0,266.0,162.0,0.0007212414640378,0.0040454561340816,0.0273781647399588,0.0641579493805966,0.177555640450556
2000,20,13.0,118.0,171.0,277.0,317.0,0.0008255921330639,0.0017368519852827,0.0163687288824056,0.0437356129013823,0.151573777396803
2000,20,25.0,383.0,399.0,543.0,479.0,0.000771980144158,0.0028701049034322,0.0212521701482801,0.0518153051711442,0.159465695860264
2000,21,8.0,230.0,222.0,338.0,155.0,0.0004808276426919,0.0035111506069388,0.0266576867204862,0.0815240108670739,0.169883483147137
2000,21,9.0,116.0,154.0,301.0,307.0,0.0005715637844289,0.0017074138160406,0.0147414283502366,0.0475249800841735,0.146792270223402
2000,21,17.0,346.0,376.0,639.0,462.0,0.0005249464980274,0.0025928362835184,0.020027107708655,0.0609760221074791,0.15380616176919
2000,22,16.0,254.0,238.0,270.0,143.0,0.0009616552853838,0.0038775315398367,0.0285789614390798,0.0651227305742898,0.156731213484133
2000,22,9.0,111.0,155.0,310.0,310.0,0.0005715637844289,0.0016338183929354,0.0148371519109524,0.0489459927777202,0.148226722375422
2000,22,25.0,365.0,393.0,580.0,453.0,0.000771980144158,0.0027352174667174,0.020932588642291,0.0553459981570233,0.150809937838621
2000,23,10.0,243.0,197.0,243.0,148.0,0.0006010345533649,0.0037096069455918,0.0236556949726837,0.0586104575168608,0.162211325843718
2000,23,7.0,107.0,136.0,310.0,300.0,0.0004445496101113,0.0015749420544513,0.0130184042573518,0.0489459927777202,0.143445215202022
2000,23,17.0,350.0,333.0,553.0,448.0,0.0005249464980274,0.002622811269455,0.0177367735823992,0.0527695465186791,0.149145368988305
2000,24,12.0,299.0,264.0,328.0,191.0,0.0007212414640378,0.0045644957890204,0.0317010328567944,0.079112057882841,0.209340292136149
2000,24,14.0,133.0,189.0,346.0,387.0,0.0008890992202227,0.0019576382545983,0.0180917529752903,0.0546300435519071,0.185044327610608
2000,24,26.0,432.0,453.0,674.0,578.0,0.0008028593499243,0.0032372984811559,0.0241284037021827,0.0643158668238512,0.192424159096519
2000,25,16.0,257.0,234.0,305.0,134.0,0.0009616552853838,0.003923329156449,0.0280986427594314,0.0735645660191052,0.14686701123688
2000,25,9.0,124.0,133.0,271.0,302.0,0.0005715637844289,0.001825166493009,0.0127312335752043,0.0427882711056845,0.144401516636702
2000,25,25.0,381.0,367.0,576.0,436.0,0.000771980144158,0.0028551174104639,0.0195477354496712,0.0549643016180094,0.145150403747547
2000,26,12.0,248.0,224.0,261.0,146.0,0.0007212414640378,0.0037859363066122,0.0268978460603104,0.0629519728884801,0.160019280899884
2000,26,10.0,94.0,148.0,296.0,266.0,0.0006350708715876,0.0013835939543778,0.0141670869859416,0.0467355285877587,0.127188090812459
2000,26,22.0,342.0,372.0,557.0,412.0,0.000679342526859,0.0025628612975818,0.0198140533713289,0.0531512430576931,0.137160473266031
2000,27,13.0,285.0,234.0,268.0,135.0,0.0007813449193743,0.0043507735781633,0.0280986427594314,0.0646403399774432,0.147963033708797
2000,27,11.0,107.0,137.0,264.0,263.0,0.0006985779587464,0.0015749420544513,0.0131141278180676,0.0416830390107037,0.125753638660439
2000,27,24.0,392.0,371.0,532.0,398.0,0.0007411009383916,0.0029375486217896,0.0197607897869973,0.0507656396888559,0.132499680485146
2000,28,13.0,282.0,218.0,289.0,141.0,0.0007813449193743,0.004304975961551,0.0261773680408378,0.0697054412443324,0.154539168540299
2000,28,6.0,113.0,163.0,270.0,303.0,0.0003810425229526,0.0016632565621775,0.015602940396679,0.0426303808064015,0.144879667354042
2000,28,19.0,395.0,381.0,559.0,444.0,0.00058670490956,0.0029600298612421,0.0202934256303126,0.0533420913272001,0.147813713908053
2000,29,13.0,262.0,251.0,276.0,130.0,0.0007813449193743,0.0039996585174694,0.0301399971479371,0.0665699023648296,0.142482921349212
2000,29,7.0,142.0,162.0,258.0,296.0,0.0004445496101113,0.0020901100161877,0.0155072168359632,0.0407356972150059,0.141532612332661
2000,29,20.0,404.0,413.0,534.0,426.0,0.0006175841153264,0.0030274735795995,0.0219978603289216,0.0509564879583628,0.141821266046915
2000,30,13.0,293.0,220.0,237.0,148.0,0.0007813449193743,0.0044729005557959,0.026417527380662,0.0571632857263211,0.162211325843718
2000,30,10.0,129.0,129.0,248.0,246.0,0.0006350708715876,0.0018987619161142,0.012348339332341,0.0391567942221762,0.117625076465658
2000,30,23.0,422.0,349.0,485.0,394.0,0.0007102217326253,0.0031623610163143,0.0185889909317037,0.0462807053554419,0.131168025404894
2000,31,19.0,271.0,213.0,281.0,131.0,0.0011419656513933,0.0041370513673061,0.0255769696912773,0.0677758788569461,0.143578943821129
2000,31,14.0,102.0,145.0,303.0,311.0,0.0008890992202227,0.0015013466313461,0.0138799163037942,0.0478407606827395,0.148704873092762
2000,31,33.0,373.0,358.0,584.0,442.0,0.0010190137902885,0.0027951674385906,0.0190683631906874,0.0557276946960373,0.147147886367926
2000,32,14.0,320.0,218.0,292.0,140.0,0.0008414483747108,0.0048850791053061,0.0261773680408378,0.0704290271396023,0.153443146068382
2000,32,6.0,129.0,139.0,285.0,266.0,0.0003810425229526,0.0018987619161142,0.0133055749394992,0.044998735295646,0.127188090812459
2000,32,20.0,449.0,357.0,577.0,406.0,0.0006175841153264,0.0033646921713866,0.0190150996063559,0.0550597257527629,0.135162990645652
2000,33,10.0,277.0,215.0,277.0,145.0,0.0006010345533649,0.0042286466005306,0.0258171290311015,0.0668110976632529,0.158923258427967
2000,33,3.0,128.0,155.0,297.0,274.0,0.0001905212614763,0.0018840428314931,0.0148371519109524,0.0468934188870416,0.13101329655118
2000,33,13.0,405.0,370.0,574.0,419.0,0.0004014296749621,0.0030349673260837,0.0197075262026658,0.0547734533485024,0.139490869656473
2000,34,18.0,250.0,220.0,255.0,142.0,0.0010818621960568,0.0038164680510204,0.026417527380662,0.0615048010979404,0.155635191012216
2000,34,8.0,108.0,138.0,254.0,251.0,0.0005080566972701,0.0015896611390723,0.0132098513787834,0.040104136017874,0.120015830052358
2000,34,26.0,358.0,358.0,509.0,393.0,0.0008028593499243,0.0026827612413283,0.0190683631906874,0.0485708845895256,0.13083511163483
2000,35,14.0,264.0,222.0,273.0,124.0,0.0008414483747108,0.0040301902618775,0.0266576867204862,0.0658463164695597,0.135906786517709
2000,35,9.0,106.0,136.0,282.0,274.0,0.0005715637844289,0.0015602229698302,0.0130184042573518,0.0445250643977971,0.13101329655118
2000,35,23.0,370.0,358.0,555.0,398.0,0.0007102217326253,0.0027726861991382,0.0190683631906874,0.0529603947881861,0.132499680485146
2000,36,13.0,267.0,210.0,258.0,157.0,0.0007813449193743,0.0040759878784898,0.025216730681541,0.0622283869932103,0.172075528090971
2000,36,9.0,129.0,143.0,276.0,281.0,0.0005715637844289,0.0018987619161142,0.0136884691823625,0.0435777226020993,0.13436035157256
2000,36,22.0,396.0,353.0,534.0,438.0,0.000679342526859,0.0029675236077263,0.0188020452690298,0.0509564879583628,0.145816231287674
2000,37,12.0,228.0,209.0,259.0,126.0,0.0007212414640378,0.0034806188625306,0.0250966510116289,0.0624695822916336,0.138098831461543
2000,37,10.0,118.0,149.0,245.0,244.0,0.0006350708715876,0.0017368519852827,0.0142628105466575,0.0386831233243273,0.116668775030978
2000,37,22.0,346.0,358.0,504.0,370.0,0.000679342526859,0.0025928362835184,0.0190683631906874,0.0480937639157582,0.123178094923377
2000,38,8.0,240.0,236.0,284.0,112.0,0.0004808276426919,0.0036638093289796,0.0283388020992556,0.068499464752216,0.122754516854705
2000,38,11.0,118.0,130.0,281.0,238.0,0.0006985779587464,0.0017368519852827,0.0124440628930569,0.0443671740985141,0.113799870726937
2000,38,19.0,358.0,366.0,565.0,350.0,0.00058670490956,0.0026827612413283,0.0194944718653397,0.053914636135721,0.116519819522114
2000,39,15.0,276.0,224.0,268.0,148.0,0.0009015518300473,0.0042133807283265,0.0268978460603104,0.0646403399774432,0.162211325843718
2000,39,8.0,113.0,113.0,277.0,236.0,0.0005080566972701,0.0016632565621775,0.0108167623608879,0.0437356129013823,0.112843569292257
2000,39,23.0,389.0,337.0,545.0,384.0,0.0007102217326253,0.0029150673823372,0.0179498279197253,0.0520061534406512,0.127838887704262
2000,40,13.0,281.0,238.0,327.0,179.0,0.0007813449193743,0.0042897100893469,0.0285789614390798,0.0788708625844177,0.196188022473145
2000,40,6.0,127.0,143.0,291.0,263.0,0.0003810425229526,0.0018693237468721,0.0136884691823625,0.0459460770913438,0.125753638660439
2000,40,19.0,408.0,381.0,618.0,442.0,0.00058670490956,0.0030574485655361,0.0202934256303126,0.0589721152776559,0.147147886367926
2000,41,8.0,296.0,238.0,301.0,133.0,0.0004808276426919,0.0045186981724082,0.0285789614390798,0.072599784825412,0.145770988764963
2000,41,7.0,105.0,160.0,272.0,253.0,0.0004445496101113,0.0015455038852092,0.0153157697145315,0.0429461614049674,0.120972131487038
2000,41,15.0,401.0,398.0,573.0,386.0,0.0004631880864948,0.003004992340147,0.0211989065639486,0.0546780292137489,0.128504715244388
2000,42,10.0,289.0,234.0,319.0,157.0,0.0006010345533649,0.0044118370669796,0.0280986427594314,0.0769413001970313,0.172075528090971
2000,42,3.0,125.0,150.0,286.0,287.0,0.0001905212614763,0.00183988557763,0.0143585341073733,0.045156625594929,0.137229255876601
2000,42,13.0,414.0,384.0,605.0,444.0,0.0004014296749621,0.0031024110444411,0.0204532163833072,0.0577316015258605,0.147813713908053
2000,43,16.0,276.0,220.0,302.0,170.0,0.0009616552853838,0.0042133807283265,0.026417527380662,0.0728409801238353,0.186323820225892
2000,43,7.0,108.0,151.0,311.0,302.0,0.0004445496101113,0.0015896611390723,0.0144542576680891,0.0491038830770032,0.144401516636702
2000,43,23.0,384.0,371.0,613.0,472.0,0.0007102217326253,0.0028775986499164,0.0197607897869973,0.0584949946038884,0.157135299469822
2000,44,9.0,251.0,278.0,269.0,162.0,0.0005409310980284,0.0038317339232245,0.0333821482355638,0.0648815352758665,0.177555640450556
2000,44,8.0,135.0,141.0,295.0,279.0,0.0005080566972701,0.0019870764238404,0.0134970220609309,0.0465776382884757,0.13340405013788
2000,44,17.0,386.0,419.0,564.0,441.0,0.0005249464980274,0.0028925861428847,0.0223174418349107,0.0538192120009675,0.146814972597863
2000,45,5.0,241.0,272.0,350.0,182.0,0.0003005172766824,0.0036790752011837,0.0326616702160912,0.0844183544481535,0.199476089888896
2000,45,14.0,125.0,167.0,318.0,303.0,0.0008890992202227,0.00183988557763,0.0159858346395423,0.050209115171984,0.144879667354042
2000,45,19.0,366.0,439.0,668.0,485.0,0.00058670490956,0.0027427112132015,0.0233827135215413,0.0637433220153303,0.161463178480643
2000,46,9.0,262.0,253.0,321.0,199.0,0.0005409310980284,0.0039996585174694,0.0303801564877613,0.0774236907938779,0.218108471911485
2000,46,3.0,137.0,160.0,341.0,338.0,0.0001905212614763,0.0020165145930825,0.0153157697145315,0.0538405920554923,0.161614942460944
2000,46,12.0,399.0,413.0,662.0,537.0,0.0003705504691958,0.0029900048471787,0.0219978603289216,0.0631707772068094,0.178774694523929
2000,47,12.0,288.0,269.0,375.0,205.0,0.0007212414640378,0.0043965711947755,0.0323014312063549,0.0904482369087359,0.224684606742987
2000,47,8.0,129.0,171.0,335.0,397.0,0.0005080566972701,0.0018987619161142,0.0163687288824056,0.0528932502597944,0.189825834784009
2000,47,20.0,417.0,440.0,710.0,602.0,0.0006175841153264,0.0031248922838936,0.0234359771058728,0.0677511356749768,0.200414089578035
2000,48,8.0,249.0,239.0,347.0,183.0,0.0004808276426919,0.0038012021788163,0.0286990411089919,0.0836947685528836,0.200572112360813
2000,48,2.0,105.0,163.0,330.0,331.0,0.0001270141743175,0.0015455038852092,0.015602940396679,0.0521037987633796,0.158267887439564
2000,48,10.0,354.0,402.0,677.0,514.0,0.0003087920576632,0.0026527862553917,0.0214119609012747,0.0646021392281117,0.171117677812475
2000,49,9.0,257.0,237.0,340.0,196.0,0.0005409310980284,0.003923329156449,0.0284588817691677,0.0820064014639205,0.214820404495734
2000,49,4.0,126.0,157.0,342.0,346.0,0.000254028348635,0.0018546046622511,0.015028599032384,0.0539984823547752,0.165440148199665
2000,49,13.0,383.0,394.0,682.0,542.0,0.0004014296749621,0.0028701049034322,0.0209858522266225,0.0650792599018791,0.180439263374245
2000,50,10.0,259.0,246.0,340.0,193.0,0.0006010345533649,0.0039538609008571,0.0295395987983766,0.0820064014639205,0.211532337079983
2000,50,4.0,155.0,149.0,304.0,341.0,0.000254028348635,0.0022814581162612,0.0142628105466575,0.0479986509820224,0.163049394612965
2000,50,14.0,414.0,395.0,644.0,534.0,0.0004323088807284,0.0031024110444411,0.021039115810954,0.0614531427812466,0.177775953213739
2000,51,8.0,288.0,236.0,369.0,198.0,0.0004808276426919,0.0043965711947755,0.0283388020992556,0.0890010651181961,0.217012449439568
2000,51,14.0,125.0,166.0,296.0,349.0,0.0008890992202227,0.00183988557763,0.0158901110788264,0.0467355285877587,0.166874600351685
2000,51,22.0,413.0,402.0,665.0,547.0,0.000679342526859,0.0030949172979569,0.0214119609012747,0.0634570496110698,0.18210383222456
2000,52,10.0,295.0,292.0,379.0,201.0,0.0006010345533649,0.0045034323002041,0.0350632636143332,0.091413018102429,0.220300516855319
2000,52,11.0,129.0,191.0,371.0,406.0,0.0006985779587464,0.0018987619161142,0.018283200096722,0.0585773010339813,0.194129191240069
2000,52,21.0,424.0,483.0,750.0,607.0,0.0006484633210927,0.0031773485092827,0.0257263112321286,0.0715681010651164,0.202078658428351
2001,1,11.0,302.0,288.0,372.0,240.0,0.0006621576111384,0.0045805183535623,0.0339771647385161,0.0866224064196138,0.255198501338177
2001,1,9.0,125.0,215.0,444.0,388.0,0.0005734721203694,0.0018318442709684,0.02028029361257,0.0678039716784187,0.179748487819997
2001,1,20.0,427.0,503.0,816.0,628.0,0.0006190755539327,0.0031825617862258,0.0263658540523598,0.0752573840917413,0.202644962043925
2001,2,8.0,324.0,269.0,364.0,233.0,0.000481569171737,0.0049141984985238,0.0317356156759057,0.0847595589697296,0.247755211715814
2001,2,12.0,141.0,165.0,390.0,402.0,0.0007646294938259,0.0020663203376524,0.0155639462608095,0.0595575426905029,0.186234257999069
2001,2,20.0,465.0,434.0,754.0,635.0,0.0006190755539327,0.003465787425281,0.0227490669159526,0.0695392985357511,0.204903743467981
2001,3,10.0,315.0,294.0,396.0,201.0,0.0006019614646713,0.0047776929846759,0.0346850223372352,0.0922109487692663,0.213728744870723
2001,3,9.0,116.0,188.0,369.0,384.0,0.0005734721203694,0.0016999514834587,0.0177334660426193,0.0563505980840912,0.177895410625976
2001,3,19.0,431.0,482.0,765.0,585.0,0.0005881217762361,0.0032123750113895,0.025265092749975,0.0705537975860075,0.188769590439006
2001,4,9.0,262.0,296.0,378.0,207.0,0.0005417653182042,0.003973827180905,0.0349209748701415,0.0880195420070269,0.220108707404178
2001,4,15.0,126.0,178.0,383.0,426.0,0.0009557868672824,0.0018464990251362,0.0167901965722672,0.0584885611550323,0.197352721163192
2001,4,24.0,388.0,474.0,761.0,633.0,0.0007428906647193,0.0028918828408797,0.0248457551109713,0.0701848888404597,0.204258377346822
2001,5,16.0,318.0,284.0,354.0,230.0,0.0009631383434741,0.0048231948226252,0.0335052596727034,0.0824309996573744,0.244565230449086
2001,5,10.0,126.0,198.0,373.0,402.0,0.0006371912448549,0.0018464990251362,0.0186767355129714,0.0569614446757887,0.186234257999069
2001,5,26.0,444.0,482.0,727.0,632.0,0.0008047982201126,0.0033092679931716,0.025265092749975,0.0670491645033038,0.203935694286243
2001,6,12.0,288.0,286.0,361.0,214.0,0.0007223537576056,0.0043681764431323,0.0337412122056097,0.0840609911760231,0.227551997026541
2001,6,7.0,136.0,152.0,406.0,380.0,0.0004460338713984,0.0019930465668137,0.0143376959493518,0.0620009290572927,0.176042333431956
2001,6,19.0,424.0,438.0,767.0,594.0,0.0005881217762361,0.003160201867353,0.0229587357354545,0.0707382519587813,0.191673737984222
2001,7,17.0,255.0,299.0,363.0,210.0,0.0010233344899413,0.00386765622569,0.0352749036695011,0.0845267030384941,0.223298688670905
2001,7,9.0,106.0,159.0,366.0,367.0,0.0005734721203694,0.0015534039417812,0.0149979845785982,0.0558924631403181,0.170019832551389
2001,7,26.0,361.0,458.0,729.0,577.0,0.0008047982201126,0.0026906435710246,0.0240070798329638,0.0672336188760777,0.18618812595437
2001,8,11.0,275.0,272.0,415.0,210.0,0.0006621576111384,0.0041710018120186,0.0320895444752652,0.0966352114627412,0.223298688670905
2001,8,4.0,137.0,191.0,386.0,446.0,0.0002548764979419,0.0020077013209814,0.0180164468837249,0.0589466960988054,0.206618107133295
2001,8,15.0,412.0,463.0,801.0,656.0,0.0004643066654495,0.0030707621918619,0.0242691658573411,0.0738739762959372,0.211680087740151
2001,9,16.0,319.0,288.0,363.0,243.0,0.0009631383434741,0.0048383621019416,0.0339771647385161,0.0845267030384941,0.258388482604904
2001,9,6.0,155.0,203.0,353.0,416.0,0.0003823147469129,0.0022714868960009,0.0191483702481474,0.0539072117173013,0.192720028178141
2001,9,22.0,474.0,491.0,716.0,659.0,0.000680983109326,0.0035328671818994,0.0257368475938542,0.0660346654530475,0.212648136921889
2001,10,6.0,280.0,248.0,350.0,210.0,0.0003611768788028,0.0042468382086008,0.0292581140803889,0.0814995759324323,0.223298688670905
2001,10,11.0,131.0,167.0,376.0,413.0,0.0007009103693404,0.0019197727959749,0.0157526001548799,0.0574195796195618,0.191330220282626
2001,10,17.0,411.0,415.0,726.0,623.0,0.0005262142208428,0.003063308885571,0.0217531400233187,0.0669569373169169,0.201031546741027
2001,11,8.0,281.0,260.0,329.0,208.0,0.000481569171737,0.0042620054879172,0.030673829277827,0.0766096013764864,0.221172034493087
2001,11,12.0,129.0,177.0,326.0,394.0,0.0007646294938259,0.0018904632876394,0.016695869625232,0.0497839972233434,0.182528103611028
2001,11,20.0,410.0,437.0,655.0,602.0,0.0006190755539327,0.00305585557928,0.022906318530579,0.0604088070834443,0.194255202468858
2001,12,19.0,272.0,263.0,327.0,216.0,0.0011437267828755,0.0041254999740694,0.0310277580771866,0.0761438895140154,0.229678651204359
2001,12,5.0,122.0,173.0,343.0,348.0,0.0003185956224274,0.0017878800084652,0.0163185618370912,0.0523800952380577,0.161217715879791
2001,12,24.0,394.0,436.0,670.0,564.0,0.0007428906647193,0.0029366026786252,0.0228539013257035,0.0617922148792484,0.181993246166837
2001,13,7.0,266.0,246.0,294.0,226.0,0.0004213730252699,0.0040344962981708,0.0290221615474825,0.0684596437832432,0.24031192209345
2001,13,3.0,116.0,156.0,303.0,330.0,0.0001911573734564,0.0016999514834587,0.0147150037374926,0.046271629321083,0.152878868506698
2001,13,10.0,382.0,402.0,597.0,556.0,0.0003095377769663,0.0028471630031341,0.0210717163599377,0.0550596302730019,0.179411781682201
2001,14,18.0,232.0,252.0,307.0,193.0,0.0010835306364084,0.0035188088014121,0.0297300191462016,0.0714867708893049,0.205222128159451
2001,14,9.0,121.0,159.0,330.0,374.0,0.0005734721203694,0.0017732252542974,0.0149979845785982,0.0503948438150409,0.173262717640925
2001,14,27.0,353.0,411.0,637.0,567.0,0.0008357519978092,0.0026310171206972,0.0215434712038169,0.0587487177284794,0.182961295348575
2001,15,14.0,250.0,265.0,330.0,179.0,0.0008427460505399,0.0037918198291079,0.0312637106100929,0.0768424573077219,0.190335548914724
2001,15,9.0,126.0,168.0,316.0,368.0,0.0005734721203694,0.0018464990251362,0.0158469271019151,0.0482568807440998,0.170483101849894
2001,15,23.0,376.0,433.0,646.0,547.0,0.0007119368870227,0.0028024431653885,0.0226966497110771,0.0595787624059618,0.176507634136986
2001,16,14.0,279.0,275.0,346.0,174.0,0.0008427460505399,0.0042316709292844,0.0324434732746247,0.0805681522074903,0.185018913470178
2001,16,7.0,105.0,153.0,316.0,331.0,0.0004460338713984,0.0015387491876135,0.014432022896387,0.0482568807440998,0.153342137805204
2001,16,21.0,384.0,428.0,662.0,505.0,0.0006500293316294,0.0028620696157159,0.0224345636866998,0.0610543973881529,0.162954945592647
2001,17,18.0,262.0,219.0,324.0,177.0,0.0010835306364084,0.003973827180905,0.0258368023532466,0.0754453217203088,0.188208894736906
2001,17,7.0,130.0,153.0,310.0,328.0,0.0004460338713984,0.0019051180418072,0.014432022896387,0.0473406108565536,0.151952329909688
2001,17,25.0,392.0,372.0,634.0,505.0,0.0007738444424159,0.0029216960660434,0.0194992002136737,0.0584720361693186,0.162954945592647
2001,18,10.0,284.0,241.0,280.0,150.0,0.0006019614646713,0.0043075073258665,0.0284322802152166,0.0651996607459459,0.159499063336361
2001,18,1.0,109.0,147.0,325.0,313.0,6.37191244854963e-05,0.0015973682042845,0.0138660612141757,0.0496312855754191,0.145003290432111
2001,18,11.0,393.0,388.0,605.0,463.0,0.000340491554663,0.0029291493723343,0.0203378754916811,0.0557974477640974,0.149402257048308
2001,19,5.0,269.0,245.0,309.0,187.0,0.0003009807323356,0.0040799981361201,0.0289041852810293,0.071952482751776,0.198842165625996
2001,19,6.0,133.0,141.0,307.0,329.0,0.0003823147469129,0.0019490823043104,0.0133000995319645,0.0468824759127805,0.152415599208193
2001,19,11.0,402.0,386.0,616.0,516.0,0.000340491554663,0.0029962291289526,0.0202330410819302,0.0568119468143537,0.166504459259021
2001,20,21.0,265.0,250.0,334.0,191.0,0.0012641190758098,0.0040193290188543,0.0294940666132952,0.077773881032664,0.203095473981633
2001,20,7.0,129.0,166.0,330.0,340.0,0.0004460338713984,0.0018904632876394,0.0156582732078447,0.0503948438150409,0.15751156149175
2001,20,28.0,394.0,416.0,664.0,531.0,0.0008667057755059,0.0029366026786252,0.0218055572281942,0.0612388517609267,0.171344705167714
2001,21,10.0,278.0,228.0,318.0,178.0,0.0006019614646713,0.0042165036499679,0.0268985887513252,0.0740481861328957,0.189272221825815
2001,21,9.0,132.0,170.0,328.0,361.0,0.0005734721203694,0.0019344275501427,0.0160355809959855,0.0500894205191922,0.167240216760358
2001,21,19.0,410.0,398.0,646.0,539.0,0.0005881217762361,0.00305585557928,0.0208620475404358,0.0595787624059618,0.17392616965235
2001,22,8.0,286.0,233.0,356.0,194.0,0.000481569171737,0.0043378418844994,0.0274884700835911,0.0828967115198455,0.20628545524836
2001,22,14.0,131.0,164.0,376.0,436.0,0.0008920677427969,0.0019197727959749,0.0154696193137743,0.0574195796195618,0.201985414148244
2001,22,22.0,417.0,397.0,732.0,630.0,0.000680983109326,0.0031080287233165,0.0208096303355603,0.0675103004352385,0.203290328165084
2001,23,13.0,249.0,208.0,291.0,163.0,0.0007825499040727,0.0037766525497914,0.0245390634222616,0.0677610759895366,0.173322315492179
2001,23,9.0,121.0,142.0,297.0,296.0,0.0005734721203694,0.0017732252542974,0.0133944264789997,0.0453553594335368,0.137127712357523
2001,23,22.0,370.0,350.0,588.0,459.0,0.000680983109326,0.002757723327643,0.0183460217064134,0.0542295855955195,0.14811152480599
2001,24,10.0,245.0,203.0,268.0,152.0,0.0006019614646713,0.0037159834325257,0.0239491820899957,0.0624053895711196,0.161625717514179
2001,24,10.0,118.0,128.0,277.0,285.0,0.0006371912448549,0.0017292609917942,0.0120738492205068,0.0423011264750495,0.132031750073967
2001,24,20.0,363.0,331.0,545.0,437.0,0.0006190755539327,0.0027055501836065,0.0173500948137795,0.0502638165808811,0.141012497473241
2001,25,16.0,262.0,241.0,344.0,162.0,0.0009631383434741,0.003973827180905,0.0284322802152166,0.0801024403450192,0.17225898840327
2001,25,5.0,125.0,153.0,311.0,338.0,0.0003185956224274,0.0018318442709684,0.014432022896387,0.0474933225044779,0.15658502289474
2001,25,21.0,387.0,394.0,655.0,500.0,0.0006500293316294,0.0028844295345887,0.0206523787209339,0.0604088070834443,0.161341530289749
2001,26,8.0,298.0,239.0,256.0,155.0,0.000481569171737,0.0045198492362966,0.0281963276823102,0.0596111183962934,0.164815698780906
2001,26,3.0,96.0,132.0,270.0,294.0,0.0001911573734564,0.0014068564001038,0.0124511570086476,0.0412321449395789,0.136201173760513
2001,26,11.0,394.0,371.0,526.0,449.0,0.000340491554663,0.0029366026786252,0.0194467830087982,0.0485115000395293,0.144884694200195
2001,27,10.0,274.0,209.0,289.0,148.0,0.0006019614646713,0.0041558345327022,0.0246570396887148,0.0672953641270655,0.157372409158543
2001,27,7.0,117.0,139.0,280.0,263.0,0.0004460338713984,0.0017146062376265,0.0131114456378941,0.0427592614188226,0.121839825506854
2001,27,17.0,391.0,348.0,569.0,411.0,0.0005262142208428,0.0029142427597524,0.0182411872966625,0.0524772690541676,0.132622737898174
2001,28,14.0,280.0,202.0,241.0,122.0,0.0008427460505399,0.0042468382086008,0.0238312058235425,0.0561182794277605,0.129725904846907
2001,28,8.0,126.0,131.0,281.0,264.0,0.0005097529958839,0.0018464990251362,0.0123568300616124,0.0429119730667469,0.122303094805359
2001,28,22.0,406.0,333.0,522.0,386.0,0.000680983109326,0.0030260423541163,0.0174549292235304,0.0481425912939816,0.124555661383686
2001,29,8.0,272.0,233.0,262.0,141.0,0.000481569171737,0.0041254999740694,0.0274884700835911,0.0610082539837065,0.149929119536179
2001,29,9.0,117.0,153.0,257.0,231.0,0.0005734721203694,0.0017146062376265,0.014432022896387,0.0392468935165622,0.107015207954689
2001,29,17.0,389.0,386.0,519.0,372.0,0.0005262142208428,0.0028993361471706,0.0202330410819302,0.0478659097348207,0.120038098535573
2001,30,8.0,285.0,214.0,307.0,152.0,0.000481569171737,0.004322674605183,0.0252469210209807,0.0714867708893049,0.161625717514179
2001,30,7.0,113.0,143.0,316.0,264.0,0.0004460338713984,0.0016559872209555,0.0134887534260349,0.0482568807440998,0.122303094805359
2001,30,15.0,398.0,357.0,623.0,416.0,0.0004643066654495,0.0029664159037889,0.0187129421405417,0.0574575371190623,0.134236153201071
2001,31,10.0,270.0,217.0,292.0,157.0,0.0006019614646713,0.0040951654154365,0.0256008498203402,0.0679939319207721,0.166942352958724
2001,31,6.0,116.0,156.0,310.0,313.0,0.0003823147469129,0.0016999514834587,0.0147150037374926,0.0473406108565536,0.145003290432111
2001,31,16.0,386.0,373.0,602.0,470.0,0.0004952604431462,0.0028769762282978,0.0195516174185491,0.0555207662049366,0.151661038472364
2001,32,7.0,281.0,235.0,287.0,151.0,0.0004213730252699,0.0042620054879172,0.0277244226164975,0.0668296522645945,0.16056239042527
2001,32,14.0,97.0,150.0,331.0,301.0,0.0008920677427969,0.0014215111542715,0.0141490420552814,0.0505475554629653,0.139444058850049
2001,32,21.0,378.0,385.0,618.0,452.0,0.0006500293316294,0.0028173497779704,0.0201806238770547,0.0569964011871276,0.145852743381933
2001,33,7.0,232.0,228.0,268.0,178.0,0.0004213730252699,0.0035188088014121,0.0268985887513252,0.0624053895711196,0.189272221825815
2001,33,13.0,109.0,145.0,262.0,271.0,0.0008283486183114,0.0015973682042845,0.0136774073201053,0.040010451756184,0.125545979894895
2001,33,20.0,341.0,373.0,530.0,449.0,0.0006190755539327,0.0025415774452061,0.0195516174185491,0.0488804087850771,0.144884694200195
2001,34,13.0,279.0,217.0,307.0,151.0,0.0007825499040727,0.0042316709292844,0.0256008498203402,0.0714867708893049,0.16056239042527
2001,34,8.0,143.0,168.0,268.0,301.0,0.0005097529958839,0.0020956298459879,0.0158469271019151,0.0409267216437302,0.139444058850049
2001,34,21.0,422.0,385.0,575.0,452.0,0.0006500293316294,0.0031452952547712,0.0201806238770547,0.0530306321724893,0.145852743381933
2001,35,7.0,277.0,226.0,265.0,134.0,0.0004213730252699,0.0042013363706515,0.0266626362184189,0.0617068217774131,0.142485829913816
2001,35,7.0,110.0,135.0,282.0,278.0,0.0004460338713984,0.0016120229584522,0.0127341378497532,0.0430646847146713,0.128788864984431
2001,35,14.0,387.0,361.0,547.0,412.0,0.0004333528877529,0.0028844295345887,0.0189226109600435,0.050448270953655,0.132945420958753
2001,36,10.0,278.0,262.0,275.0,168.0,0.0006019614646713,0.0042165036499679,0.0309097818107334,0.0640353810897683,0.178638950936724
2001,36,7.0,114.0,138.0,299.0,310.0,0.0004460338713984,0.0016706419751232,0.0130171186908589,0.0456607827293855,0.143613482536595
2001,36,17.0,392.0,400.0,574.0,478.0,0.0005262142208428,0.0029216960660434,0.0209668819501867,0.0529384049861023,0.154242502957
2001,37,10.0,291.0,203.0,281.0,155.0,0.0006019614646713,0.0044136782810816,0.0239491820899957,0.0654325166771814,0.164815698780906
2001,37,6.0,100.0,142.0,270.0,282.0,0.0003823147469129,0.0014654754167747,0.0133944264789997,0.0412321449395789,0.130641942178451
2001,37,16.0,391.0,345.0,551.0,437.0,0.0004952604431462,0.0029142427597524,0.0180839356820361,0.0508171796992028,0.141012497473241
2001,38,7.0,235.0,217.0,288.0,138.0,0.0004213730252699,0.0035643106393614,0.0256008498203402,0.06706250819583,0.146739138269452
2001,38,5.0,131.0,150.0,287.0,259.0,0.0003185956224274,0.0019197727959749,0.0141490420552814,0.0438282429542931,0.119986748312833
2001,38,12.0,366.0,367.0,575.0,397.0,0.0003714453323596,0.0027279101024793,0.0192371141892963,0.0530306321724893,0.128105175050061
2001,39,10.0,249.0,209.0,274.0,152.0,0.0006019614646713,0.0037766525497914,0.0246570396887148,0.0638025251585327,0.161625717514179
2001,39,9.0,111.0,140.0,283.0,250.0,0.0005734721203694,0.00162667771262,0.0132057725849293,0.0432173963625957,0.115817324626287
2001,39,19.0,360.0,349.0,557.0,402.0,0.0005881217762361,0.0026831902647337,0.0182936045015379,0.0513705428175244,0.129718590352958
2001,40,8.0,255.0,238.0,284.0,171.0,0.000481569171737,0.00386765622569,0.028078351415857,0.0661310844708879,0.181828932203451
2001,40,3.0,105.0,134.0,285.0,290.0,0.0001911573734564,0.0015387491876135,0.012639810902718,0.0435228196584444,0.134348096566493
2001,40,11.0,360.0,372.0,569.0,461.0,0.000340491554663,0.0026831902647337,0.0194992002136737,0.0524772690541676,0.148756890927149
2001,41,12.0,262.0,241.0,297.0,169.0,0.0007223537576056,0.003973827180905,0.0284322802152166,0.0691582115769497,0.179702278025633
2001,41,3.0,124.0,130.0,313.0,324.0,0.0001911573734564,0.0018171895168007,0.0122625031145772,0.0477987458003267,0.150099252715668
2001,41,15.0,386.0,371.0,610.0,493.0,0.0004643066654495,0.0028769762282978,0.0194467830087982,0.0562585836960321,0.159082748865693
2001,42,4.0,249.0,242.0,280.0,154.0,0.0002407845858685,0.0037766525497914,0.0285502564816698,0.0651996607459459,0.163752371691997
2001,42,4.0,134.0,145.0,277.0,293.0,0.0002548764979419,0.0019637370584782,0.0136774073201053,0.0423011264750495,0.135737904462008
2001,42,8.0,383.0,387.0,557.0,447.0,0.0002476302215731,0.002854616309425,0.0202854582868057,0.0513705428175244,0.144239328079036
2001,43,10.0,287.0,243.0,330.0,148.0,0.0006019614646713,0.0043530091638158,0.0286682327481229,0.0768424573077219,0.157372409158543
2001,43,6.0,129.0,135.0,333.0,300.0,0.0003823147469129,0.0018904632876394,0.0127341378497532,0.050852978758814,0.138980789551544
2001,43,16.0,416.0,378.0,663.0,448.0,0.0004952604431462,0.0031005754170256,0.0198137034429265,0.0611466245745398,0.144562011139615
2001,44,9.0,262.0,209.0,325.0,184.0,0.0005417653182042,0.003973827180905,0.0246570396887148,0.0756781776515443,0.195652184359269
2001,44,7.0,112.0,136.0,307.0,300.0,0.0004460338713984,0.0016413324667877,0.0128284647967884,0.0468824759127805,0.138980789551544
2001,44,16.0,374.0,345.0,632.0,484.0,0.0004952604431462,0.0027875365528067,0.0180839356820361,0.0582875817965447,0.156178601320477
2001,45,14.0,271.0,249.0,290.0,181.0,0.0008427460505399,0.0041103326947529,0.029376090346842,0.0675282200583011,0.192462203092542
2001,45,5.0,146.0,132.0,324.0,305.0,0.0003185956224274,0.0021395941084911,0.0124511570086476,0.0494785739274947,0.14129713604407
2001,45,19.0,417.0,381.0,614.0,486.0,0.0005881217762361,0.0031080287233165,0.0199709550575529,0.0566274924415798,0.156823967441636
2001,46,13.0,295.0,246.0,370.0,203.0,0.0007825499040727,0.0044743473983473,0.0290221615474825,0.0861566945571428,0.215855399048542
2001,46,6.0,119.0,189.0,310.0,336.0,0.0003823147469129,0.001743915745962,0.0178277929896545,0.0473406108565536,0.155658484297729
2001,46,19.0,414.0,435.0,680.0,539.0,0.0005881217762361,0.0030856688044438,0.0228014841208281,0.0627144867431177,0.17392616965235
2001,47,14.0,285.0,264.0,383.0,216.0,0.0008427460505399,0.004322674605183,0.0311457343436397,0.0891838216632045,0.229678651204359
2001,47,11.0,130.0,184.0,376.0,405.0,0.0007009103693404,0.0019051180418072,0.0173561582544785,0.0574195796195618,0.187624065894584
2001,47,25.0,415.0,448.0,759.0,621.0,0.0007738444424159,0.0030931221107347,0.0234829077842091,0.0700004344676858,0.200386180619868
2001,48,12.0,293.0,294.0,374.0,237.0,0.0007223537576056,0.0044440128397144,0.0346850223372352,0.0870881182820848,0.25200852007145
2001,48,8.0,121.0,156.0,367.0,416.0,0.0005097529958839,0.0017732252542974,0.0147150037374926,0.0560451747882425,0.192720028178141
2001,48,20.0,414.0,450.0,741.0,653.0,0.0006190755539327,0.0030856688044438,0.0235877421939601,0.0683403451127209,0.210712038558412
2001,49,12.0,287.0,275.0,418.0,221.0,0.0007223537576056,0.0043530091638158,0.0324434732746247,0.0973337792564477,0.234995286648905
2001,49,14.0,129.0,164.0,349.0,339.0,0.0008920677427969,0.0018904632876394,0.0154696193137743,0.0532963651256039,0.157048292193245
2001,49,26.0,416.0,439.0,767.0,560.0,0.0008047982201126,0.0031005754170256,0.0230111529403299,0.0707382519587813,0.180702513924519
2001,50,7.0,266.0,285.0,386.0,229.0,0.0004213730252699,0.0040344962981708,0.0336232359391565,0.0898823894569111,0.243501903360177
2001,50,7.0,147.0,187.0,387.0,442.0,0.0004460338713984,0.0021542488626589,0.0176391390955841,0.0590994077467298,0.204765029939275
2001,50,14.0,413.0,472.0,773.0,671.0,0.0004333528877529,0.0030782154981528,0.0247409207012203,0.071291615077103,0.216520333648843
2001,51,10.0,332.0,284.0,448.0,262.0,0.0006019614646713,0.0050355367330552,0.0335052596727034,0.104319457193513,0.278591697294177
2001,51,9.0,149.0,199.0,473.0,452.0,0.0005734721203694,0.0021835583709944,0.0187710624600066,0.0722326094682253,0.209397722924326
2001,51,19.0,481.0,483.0,921.0,714.0,0.0005881217762361,0.0035850403259359,0.0253175099548505,0.0849412386623698,0.230395705253762
2001,52,15.0,294.0,355.0,460.0,289.0,0.000902942197007,0.0044591801190308,0.0418815745908792,0.10711372836834,0.307301528694722
2001,52,6.0,145.0,180.0,407.0,529.0,0.0003823147469129,0.0021249393543234,0.0169788504663376,0.0621536407052171,0.245069458909223
2001,52,21.0,439.0,535.0,867.0,818.0,0.0006500293316294,0.0032720014617169,0.0280432046083747,0.0799609705974751,0.26395474355403
2002,1,14.0,305.0,313.0,470.0,278.0,0.0008425710118917,0.0046097643639693,0.0365468640197921,0.106150153596106,0.290027554614692
2002,1,10.0,134.0,200.0,500.0,581.0,0.00063751184471,0.0019564056279347,0.0186833335587035,0.0737813293442165,0.263970660928686
2002,1,24.0,439.0,513.0,970.0,859.0,0.0007429928058466,0.0032601384919429,0.0266229709472202,0.0865725721320691,0.271875725945195
2002,2,11.0,294.0,285.0,405.0,292.0,0.000662020080772,0.004443510567236,0.0332774959924625,0.0914698132051549,0.304633258803921
2002,2,9.0,129.0,167.0,446.0,526.0,0.000573760660239,0.0018834054179372,0.0156005835215174,0.0658129457750411,0.23898204414542
2002,2,20.0,423.0,452.0,851.0,818.0,0.0006191606715388,0.0031413179546511,0.0234572765460888,0.0759518132828771,0.258899119701012
2002,3,17.0,291.0,324.0,426.0,271.0,0.0010231219430113,0.0043981686226723,0.0378312586019573,0.0962126924083851,0.282724702520078
2002,3,7.0,136.0,178.0,422.0,514.0,0.000446258291297,0.0019856057119337,0.0166281668672461,0.0622714419665187,0.233529982301798
2002,3,24.0,427.0,502.0,848.0,785.0,0.0007429928058466,0.0031710230889741,0.026052108022426,0.0756840630597882,0.248454534187402
2002,4,16.0,330.0,336.0,481.0,303.0,0.0009629382993048,0.0049876139019996,0.0392324163279558,0.108634518893036,0.316109169238316
2002,4,8.0,138.0,214.0,445.0,532.0,0.000510009475768,0.0020148057959328,0.0199911669078127,0.0656653831163526,0.241708075067231
2002,4,24.0,468.0,550.0,926.0,835.0,0.0007429928058466,0.0034755007157842,0.0285431462397098,0.0826455688600989,0.264279663753478
2002,5,10.0,303.0,342.0,451.0,268.0,0.0006018364370655,0.0045795364009269,0.039932995190955,0.101858977174135,0.279594908765243
2002,5,17.0,136.0,188.0,447.0,583.0,0.001083770136007,0.0019856057119337,0.0175623335451813,0.0659605084337295,0.264879337902623
2002,5,27.0,439.0,530.0,898.0,851.0,0.0008358669065774,0.0032601384919429,0.0275052136491749,0.0801465667779361,0.269343705214623
2002,6,16.0,306.0,291.0,473.0,288.0,0.0009629382993048,0.0046248783454905,0.0339780748554617,0.106827707767996,0.300460200464142
2002,6,9.0,162.0,204.0,504.0,554.0,0.000573760660239,0.0023652068039211,0.0190570002298776,0.0743715799789702,0.251703521780538
2002,6,25.0,468.0,495.0,977.0,842.0,0.0007739508394235,0.0034755007157842,0.0256888316157388,0.0871973226526098,0.266495181892729
2002,7,19.0,299.0,291.0,458.0,252.0,0.0011434892304244,0.004519080474842,0.0339780748554617,0.103439936908545,0.262902675406124
2002,7,13.0,125.0,208.0,421.0,467.0,0.000828765398123,0.0018250052499391,0.0194306669010516,0.0621238793078303,0.21217607341428
2002,7,32.0,424.0,499.0,879.0,719.0,0.0009906570744621,0.0031487442382319,0.0258964181338458,0.0784508153650399,0.227565363160181
2002,8,15.0,292.0,304.0,418.0,263.0,0.0009027546555982,0.0044132826041936,0.0354959957252933,0.094405881283345,0.274378585840518
2002,8,9.0,128.0,180.0,404.0,462.0,0.000573760660239,0.0018688053759376,0.0168150002028332,0.0596153141101269,0.209904380979437
2002,8,24.0,420.0,484.0,822.0,725.0,0.0007429928058466,0.0031190391039089,0.0251179686909446,0.0733635611263513,0.22946437870811
2002,9,13.0,285.0,309.0,401.0,243.0,0.0007823873681851,0.0043074847335451,0.0360798114444593,0.0905664076426348,0.253513294141619
2002,9,13.0,150.0,197.0,399.0,414.0,0.000828765398123,0.0021900062999269,0.018403083555323,0.0588775008166847,0.18809613360495
2002,9,26.0,435.0,506.0,800.0,657.0,0.0008049088730005,0.00323043335762,0.026259694540533,0.0714000594903662,0.207942202498246
2002,10,9.0,297.0,250.0,391.0,257.0,0.0005416527933589,0.0044888525117996,0.0291907859583004,0.0883078937363347,0.268118998330849
2002,10,13.0,125.0,172.0,383.0,419.0,0.000828765398123,0.0018250052499391,0.016067666860485,0.0565164982776698,0.190367826039793
2002,10,22.0,422.0,422.0,774.0,676.0,0.0006810767386927,0.0031338916710704,0.0219003776602864,0.0690795575569293,0.213955751733355
2002,11,9.0,264.0,275.0,382.0,236.0,0.0005416527933589,0.0039900911215996,0.0321098645541305,0.0862752312206646,0.246210442047005
2002,11,7.0,125.0,159.0,360.0,363.0,0.000446258291297,0.0018250052499391,0.0148532501791693,0.0531225571278358,0.164924870769558
2002,11,16.0,389.0,434.0,742.0,599.0,0.000495328537231,0.0028888243129061,0.0225231372146073,0.0662235551773147,0.189585052201597
2002,12,12.0,310.0,249.0,360.0,222.0,0.0007222037244786,0.0046853342715754,0.0290740228144672,0.0813065006268043,0.231604737857776
2002,12,9.0,103.0,151.0,375.0,458.0,0.000573760660239,0.0015038043259498,0.0141059168368211,0.0553359970081623,0.208087027031564
2002,12,21.0,413.0,400.0,735.0,680.0,0.0006501187051158,0.0030670551188438,0.020758651810698,0.065598804656774,0.215221762098641
2002,13,3.0,266.0,262.0,333.0,199.0,0.0001805509311196,0.0040203190846421,0.0305919436842988,0.075208513079794,0.207609652404042
2002,13,8.0,151.0,144.0,312.0,383.0,0.000510009475768,0.0022046063419264,0.0134520001622665,0.0460395495107911,0.174011640508928
2002,13,11.0,417.0,406.0,645.0,582.0,0.0003405383693463,0.0030967602531667,0.0210700315878585,0.0575662979641078,0.184204508149131
2002,14,11.0,262.0,254.0,310.0,200.0,0.000662020080772,0.0039598631585572,0.0296578385336332,0.0700139310953037,0.208652916988987
2002,14,7.0,119.0,150.0,305.0,324.0,0.000446258291297,0.001737404997942,0.0140125001690276,0.045006610899972,0.147205669777787
2002,14,18.0,381.0,404.0,615.0,524.0,0.0005572446043849,0.0028294140442602,0.020966238328805,0.054888795733219,0.165847357852482
2002,15,8.0,271.0,255.0,367.0,214.0,0.0004814691496524,0.0040958889922481,0.0297746016774664,0.0828874603612144,0.223258621178216
2002,15,9.0,141.0,144.0,341.0,340.0,0.000573760660239,0.0020586059219313,0.0134520001622665,0.0503188666127556,0.154475085569283
2002,15,17.0,412.0,399.0,708.0,554.0,0.000526286570808,0.003059628835263,0.0207067551811713,0.0631890526489741,0.175342435592128
2002,16,8.0,257.0,243.0,358.0,186.0,0.0004814691496524,0.0038842932509512,0.028373443951468,0.0808547978455443,0.194047212799758
2002,16,7.0,122.0,177.0,362.0,333.0,0.000446258291297,0.0017812051239406,0.0165347501994526,0.0534176824452127,0.151294716160504
2002,16,15.0,379.0,420.0,720.0,519.0,0.0004643705036541,0.0028145614770988,0.0217965844012329,0.0642600535413296,0.164264844895874
2002,17,8.0,270.0,283.0,345.0,194.0,0.0004814691496524,0.0040807750107269,0.0330439697047961,0.0779187297673541,0.202393329479318
2002,17,8.0,115.0,156.0,355.0,359.0,0.000510009475768,0.001679004829944,0.0145730001757887,0.0523847438343937,0.163107516821684
2002,17,16.0,385.0,439.0,700.0,553.0,0.000495328537231,0.0028591191785832,0.0227826203622411,0.0624750520540705,0.175025933000807
2002,18,13.0,270.0,253.0,313.0,174.0,0.0007823873681851,0.0040807750107269,0.0295410753898,0.0706914852671938,0.181528037780419
2002,18,6.0,111.0,154.0,301.0,318.0,0.000382507106826,0.0016206046619459,0.0143861668402017,0.0444163602652183,0.144479638855976
2002,18,19.0,381.0,407.0,614.0,492.0,0.0005882026379619,0.0028294140442602,0.0211219282173852,0.0547995456588561,0.155719274930193
2002,19,9.0,258.0,229.0,306.0,164.0,0.0005416527933589,0.0038994072324724,0.0267387599378032,0.0691105255327837,0.17109539193097
2002,19,8.0,107.0,159.0,297.0,298.0,0.000510009475768,0.0015622044939479,0.0148532501791693,0.0438261096304646,0.135392869116607
2002,19,17.0,365.0,388.0,603.0,462.0,0.000526286570808,0.0027105935069685,0.0201358922563771,0.0538177948408635,0.146224197190547
2002,20,12.0,261.0,245.0,301.0,185.0,0.0007222037244786,0.003944749177036,0.0286069702391344,0.0679812685796336,0.193003948214813
2002,20,12.0,104.0,139.0,293.0,332.0,0.000765014213652,0.0015184043679493,0.0129849168232989,0.0432358589957108,0.150840377673535
2002,20,24.0,365.0,384.0,594.0,517.0,0.0007429928058466,0.0027105935069685,0.0199283057382701,0.0530145441715969,0.163631839713231
2002,21,15.0,249.0,198.0,301.0,140.0,0.0009027546555982,0.0037633813987815,0.0231191024789739,0.0679812685796336,0.146057041892291
2002,21,4.0,107.0,112.0,291.0,258.0,0.000255004737884,0.0015622044939479,0.010462666792874,0.042940733678334,0.117219329637868
2002,21,19.0,356.0,310.0,592.0,398.0,0.0005882026379619,0.0026437569547418,0.016087955153291,0.052836044022871,0.125968031345969
2002,22,13.0,244.0,218.0,303.0,177.0,0.0007823873681851,0.0036878114911754,0.025454365355638,0.0684329713608936,0.184657831535254
2002,22,7.0,123.0,146.0,343.0,309.0,0.000446258291297,0.0017958051659401,0.0136388334978536,0.0506139919301325,0.14039059247326
2002,22,20.0,367.0,364.0,646.0,486.0,0.0006191606715388,0.0027254460741299,0.0188903731477352,0.0576555480384707,0.153820259382264
2002,23,9.0,235.0,226.0,298.0,146.0,0.0005416527933589,0.0035517856574845,0.0263884705063036,0.0673037144077436,0.152316629401961
2002,23,4.0,107.0,144.0,315.0,273.0,0.000255004737884,0.0015622044939479,0.0134520001622665,0.0464822374868564,0.124034406942395
2002,23,13.0,342.0,370.0,613.0,419.0,0.0004024544365002,0.0025397889846115,0.0192017529248957,0.0547102955844931,0.132614585763721
2002,24,12.0,261.0,243.0,333.0,169.0,0.0007222037244786,0.003944749177036,0.028373443951468,0.075208513079794,0.176311714855694
2002,24,9.0,119.0,139.0,338.0,339.0,0.000573760660239,0.001737404997942,0.0129849168232989,0.0498761786366903,0.154020747082315
2002,24,21.0,380.0,382.0,671.0,508.0,0.0006501187051158,0.0028219877606795,0.0198245124792166,0.0598867998975447,0.160783316391338
2002,25,13.0,263.0,238.0,275.0,160.0,0.0007823873681851,0.0039749771400784,0.027789628232302,0.0621091324232533,0.16692233359119
2002,25,6.0,139.0,129.0,290.0,295.0,0.000382507106826,0.0020294058379323,0.0120507501453638,0.0427931710196455,0.134029853655701
2002,25,19.0,402.0,367.0,565.0,455.0,0.0005882026379619,0.0029853659994557,0.0190460630363154,0.0504262920150712,0.144008679051296
2002,26,18.0,269.0,220.0,270.0,158.0,0.0010833055867179,0.0040656610292057,0.0256878916433044,0.0609798754701032,0.1648358044213
2002,26,9.0,99.0,167.0,262.0,282.0,0.000573760660239,0.0014454041579518,0.0156005835215174,0.0386614165763694,0.128123453325111
2002,26,27.0,368.0,387.0,532.0,440.0,0.0008358669065774,0.0027328723577107,0.0200839956268503,0.0474810395610935,0.139261140181474
2002,27,8.0,298.0,221.0,293.0,146.0,0.0004814691496524,0.0045039664933208,0.0258046547871376,0.0661744574545935,0.152316629401961
2002,27,4.0,111.0,135.0,294.0,311.0,0.000255004737884,0.0016206046619459,0.0126112501521249,0.0433834216543993,0.141299269447197
2002,27,12.0,409.0,356.0,587.0,457.0,0.0003714964029233,0.0030373499845208,0.0184752001115212,0.0523897936510562,0.14464168423394
2002,28,12.0,257.0,200.0,271.0,150.0,0.0007222037244786,0.0038842932509512,0.0233526287666403,0.0612057268607333,0.15648968774174
2002,28,8.0,124.0,158.0,283.0,265.0,0.000510009475768,0.0018104052079396,0.0147598335113758,0.0417602324088265,0.120399699046647
2002,28,20.0,381.0,358.0,554.0,415.0,0.0006191606715388,0.0028294140442602,0.0185789933705747,0.0494445411970786,0.131348575398435
2002,29,7.0,288.0,252.0,299.0,144.0,0.0004212855059458,0.0043528266781087,0.0294243122459668,0.0675295657983736,0.150230100232071
2002,29,4.0,121.0,146.0,315.0,368.0,0.000255004737884,0.001766605081941,0.0136388334978536,0.0464822374868564,0.1671965632044
2002,29,11.0,409.0,398.0,614.0,512.0,0.0003405383693463,0.0030373499845208,0.0206548585516445,0.0547995456588561,0.162049326756624
2002,30,7.0,242.0,220.0,319.0,161.0,0.0004212855059458,0.003657583528133,0.0256878916433044,0.0720465936109738,0.167965598176135
2002,30,6.0,129.0,143.0,307.0,311.0,0.000382507106826,0.0018834054179372,0.013358583494473,0.0453017362173489,0.141299269447197
2002,30,13.0,371.0,363.0,626.0,472.0,0.0004024544365002,0.0027551512084529,0.0188384765182084,0.0558705465512116,0.149389223103763
2002,31,11.0,254.0,212.0,276.0,152.0,0.000662020080772,0.0038389513063875,0.0247537864926388,0.0623349838138833,0.15857621691163
2002,31,8.0,99.0,141.0,303.0,262.0,0.000510009475768,0.0014454041579518,0.013171750158886,0.0447114855825952,0.119036683585742
2002,31,19.0,353.0,353.0,579.0,414.0,0.0005882026379619,0.0026214781039996,0.018319510222941,0.0516757930561526,0.131032072807114
2002,32,7.0,254.0,201.0,300.0,148.0,0.0004212855059458,0.0038389513063875,0.0234693919104735,0.0677554171890036,0.154403158571851
2002,32,7.0,110.0,106.0,290.0,316.0,0.000446258291297,0.0016060046199464,0.0099021667861128,0.0427931710196455,0.143570961882039
2002,32,14.0,364.0,307.0,590.0,464.0,0.0004334124700772,0.0027031672233877,0.0159322652647107,0.0526575438741451,0.14685720237319
2002,33,17.0,242.0,219.0,310.0,172.0,0.0010231219430113,0.003657583528133,0.0255711284994712,0.0700139310953037,0.179441508610529
2002,33,6.0,128.0,148.0,288.0,328.0,0.000382507106826,0.0018688053759376,0.0138256668334406,0.0424980457022687,0.149023023725661
2002,33,23.0,370.0,367.0,598.0,500.0,0.0007120347722696,0.0027477249248721,0.0190460630363154,0.0533715444690488,0.158251295660765
2002,34,17.0,263.0,217.0,267.0,153.0,0.0010231219430113,0.0039749771400784,0.0253376022118048,0.0603023212982132,0.159619481496575
2002,34,18.0,102.0,153.0,268.0,259.0,0.001147521320478,0.0014892042839503,0.0142927501724082,0.0395467925285,0.117673668124836
2002,34,35.0,365.0,370.0,535.0,412.0,0.001083531175193,0.0027105935069685,0.0192017529248957,0.0477487897841824,0.130399067624471
2002,35,7.0,274.0,215.0,302.0,158.0,0.0004212855059458,0.0041412309368118,0.0251040759241384,0.0682071199702636,0.1648358044213
2002,35,4.0,116.0,143.0,292.0,285.0,0.000255004737884,0.0016936048719435,0.013358583494473,0.0430882963370224,0.129486468786017
2002,35,11.0,390.0,358.0,594.0,443.0,0.0003405383693463,0.0028962505964868,0.0185789933705747,0.0530145441715969,0.140210647955438
2002,36,14.0,227.0,208.0,261.0,159.0,0.0008425710118917,0.0034308738053148,0.0242867339173059,0.0589472129544331,0.165879069006245
2002,36,7.0,125.0,122.0,302.0,284.0,0.000446258291297,0.0018250052499391,0.0113968334708091,0.0445639229239067,0.129032130299048
2002,36,21.0,352.0,330.0,563.0,443.0,0.0006501187051158,0.0026140518204189,0.0171258877438259,0.0502477918663452,0.140210647955438
2002,37,8.0,271.0,213.0,270.0,148.0,0.0004814691496524,0.0040958889922481,0.024870549636472,0.0609798754701032,0.154403158571851
2002,37,12.0,94.0,122.0,286.0,274.0,0.000765014213652,0.0013724039479542,0.0113968334708091,0.0422029203848918,0.124488745429363
2002,37,20.0,365.0,335.0,556.0,422.0,0.0006191606715388,0.0027105935069685,0.0173853708914596,0.0496230413458045,0.133564093537686
2002,38,12.0,265.0,215.0,282.0,155.0,0.0007222037244786,0.0040052051031209,0.0251040759241384,0.0636900921576634,0.161706010666465
2002,38,7.0,131.0,117.0,308.0,281.0,0.000446258291297,0.0019126055019362,0.0109297501318416,0.0454492988760373,0.127669114838143
2002,38,19.0,396.0,332.0,590.0,436.0,0.0005882026379619,0.0029408082979713,0.0172296810028794,0.0526575438741451,0.137995129816187
2002,39,7.0,269.0,229.0,279.0,163.0,0.0004212855059458,0.0040656610292057,0.0267387599378032,0.0630125379857733,0.170052127346025
2002,39,6.0,98.0,140.0,256.0,289.0,0.000382507106826,0.0014308041159522,0.0130783334910925,0.0377760406242388,0.131303822733891
2002,39,13.0,367.0,369.0,535.0,452.0,0.0004024544365002,0.0027254460741299,0.0191498562953689,0.0477487897841824,0.143059171277332
2002,40,7.0,280.0,220.0,291.0,151.0,0.0004212855059458,0.004231914825939,0.0256878916433044,0.0657227546733335,0.157532952326685
2002,40,9.0,118.0,124.0,281.0,305.0,0.000573760660239,0.0017228049559425,0.0115836668063962,0.0414651070914496,0.138573238525386
2002,40,16.0,398.0,344.0,572.0,456.0,0.000495328537231,0.0029556608651327,0.0178524405572003,0.0510510425356119,0.144325181642618
2002,41,10.0,265.0,232.0,293.0,158.0,0.0006018364370655,0.0040052051031209,0.0270890493693028,0.0661744574545935,0.1648358044213
2002,41,10.0,114.0,125.0,296.0,274.0,0.00063751184471,0.0016644047879445,0.0116770834741897,0.0436785469717761,0.124488745429363
2002,41,20.0,379.0,357.0,589.0,432.0,0.0006191606715388,0.0028145614770988,0.018527096741048,0.0525682937997821,0.136729119450901
2002,42,7.0,249.0,234.0,278.0,155.0,0.0004212855059458,0.0037633813987815,0.0273225756569692,0.0627866865951433,0.161706010666465
2002,42,5.0,126.0,135.0,278.0,298.0,0.000318755922355,0.0018396052919386,0.0126112501521249,0.0410224191153843,0.135392869116607
2002,42,12.0,375.0,369.0,556.0,453.0,0.0003714964029233,0.0027848563427758,0.0191498562953689,0.0496230413458045,0.143375673868653
2002,43,12.0,276.0,201.0,336.0,184.0,0.0007222037244786,0.0041714588998542,0.0234693919104735,0.075886067251684,0.191960683629868
2002,43,6.0,137.0,138.0,282.0,290.0,0.000382507106826,0.0020002057539333,0.0128915001555054,0.0416126697501381,0.131758161220859
2002,43,18.0,413.0,339.0,618.0,474.0,0.0005572446043849,0.0030670551188438,0.0175929574095666,0.0551565459563079,0.150022228286406
2002,44,9.0,258.0,238.0,303.0,164.0,0.0005416527933589,0.0038994072324724,0.027789628232302,0.0684329713608936,0.17109539193097
2002,44,5.0,137.0,167.0,309.0,314.0,0.000318755922355,0.0020002057539333,0.0156005835215174,0.0455968615347258,0.142662284908103
2002,44,14.0,395.0,405.0,612.0,478.0,0.0004334124700772,0.0029333820143905,0.0210181349583317,0.0546210455101302,0.151288238651692
2002,45,7.0,261.0,217.0,327.0,160.0,0.0004212855059458,0.003944749177036,0.0253376022118048,0.0738534047360139,0.16692233359119
2002,45,12.0,100.0,133.0,315.0,276.0,0.000765014213652,0.0014600041999513,0.0124244168165378,0.0464822374868564,0.1253974224033
2002,45,19.0,361.0,350.0,642.0,436.0,0.0005882026379619,0.0026808883726455,0.0181638203343608,0.0572985477410189,0.137995129816187
2002,46,8.0,246.0,227.0,364.0,174.0,0.0004814691496524,0.0037180394542179,0.0265052336501368,0.0822099061893244,0.181528037780419
2002,46,8.0,129.0,136.0,315.0,308.0,0.000510009475768,0.0018834054179372,0.0127046668199184,0.0464822374868564,0.139936253986292
2002,46,16.0,375.0,363.0,679.0,482.0,0.000495328537231,0.0027848563427758,0.0188384765182084,0.0606008004924483,0.152554249016978
2002,47,10.0,249.0,253.0,391.0,175.0,0.0006018364370655,0.0037633813987815,0.0295410753898,0.0883078937363347,0.182571302365364
2002,47,4.0,109.0,161.0,321.0,334.0,0.000255004737884,0.0015914045779469,0.0150400835147563,0.047367613438987,0.151749054647472
2002,47,14.0,358.0,414.0,712.0,509.0,0.0004334124700772,0.0026586095219033,0.0214852046240724,0.0635460529464259,0.161099818982659
2002,48,5.0,269.0,275.0,350.0,193.0,0.0003009182185327,0.0040656610292057,0.0321098645541305,0.0790479867205042,0.201350064894373
2002,48,10.0,131.0,174.0,332.0,356.0,0.00063751184471,0.0019126055019362,0.016254500196072,0.0489908026845597,0.161744501360779
2002,48,15.0,400.0,449.0,682.0,549.0,0.0004643705036541,0.0029705134322942,0.0233015866575085,0.0608685507155372,0.17375992263552
2002,49,8.0,275.0,248.0,349.0,224.0,0.0004814691496524,0.004156344918333,0.028957259670634,0.0788221353298742,0.233691267027666
2002,49,7.0,125.0,160.0,365.0,376.0,0.000446258291297,0.0018250052499391,0.0149466668469628,0.053860370421278,0.170831271100148
2002,49,15.0,400.0,408.0,714.0,600.0,0.0004643705036541,0.0029705134322942,0.021173824846912,0.0637245530951519,0.189901554792918
2002,50,9.0,279.0,264.0,368.0,221.0,0.0005416527933589,0.0042168008444178,0.0308254699719652,0.0831133117518444,0.230561473272831
2002,50,8.0,140.0,148.0,435.0,380.0,0.000510009475768,0.0020440058799318,0.0138256668334406,0.0641897565294683,0.172648625048022
2002,50,17.0,419.0,412.0,803.0,601.0,0.000526286570808,0.0031116128203282,0.021381411365019,0.0716678097134551,0.19021805738424
2002,51,10.0,296.0,274.0,373.0,223.0,0.0006018364370655,0.0044737385302784,0.0319931014102973,0.0842425687049945,0.232648002442721
2002,51,12.0,126.0,133.0,399.0,454.0,0.000765014213652,0.0018396052919386,0.0124244168165378,0.0588775008166847,0.20626967308369
2002,51,22.0,422.0,407.0,772.0,677.0,0.0006810767386927,0.0031338916710704,0.0211219282173852,0.0689010574082034,0.214272254324676
2002,52,10.0,253.0,268.0,399.0,203.0,0.0006018364370655,0.0038238373248663,0.0312925225472981,0.0901147048613748,0.211782710743822
2002,52,7.0,111.0,145.0,341.0,418.0,0.000446258291297,0.0016206046619459,0.01354541683006,0.0503188666127556,0.189913487552824
2002,52,17.0,364.0,413.0,740.0,621.0,0.000526286570808,0.0027031672233877,0.0214333079945457,0.0660450550285888,0.196548109210671
2003,1,14.0,287.0,246.0,372.0,240.0,0.0008415328572357,0.0043334105779142,0.0284945805423653,0.0814887503148756,0.246051811758543
2003,1,9.0,113.0,159.0,380.0,413.0,0.0005726156100604,0.0016455880943836,0.0147505538322284,0.0541370716588631,0.185339444316185
2003,1,23.0,400.0,405.0,752.0,653.0,0.0007108933334271,0.0029652022727237,0.0208628709435282,0.0649156307905815,0.203823764369773
2003,2,9.0,299.0,293.0,362.0,215.0,0.0005409854082229,0.0045145984766423,0.0339386670687522,0.0792981925107122,0.220421414700361
2003,2,11.0,115.0,167.0,376.0,384.0,0.0006998635234071,0.0016747135473815,0.0154927200627808,0.0535672077466646,0.17232529447316
2003,2,20.0,414.0,460.0,738.0,599.0,0.0006181681160235,0.0030689843522691,0.0236961003309209,0.0637070951109696,0.186968506673039
2003,3,11.0,299.0,260.0,436.0,270.0,0.000661204387828,0.0045145984766423,0.0301162233374593,0.0955083202615208,0.276808288228361
2003,3,10.0,150.0,169.0,442.0,530.0,0.0006362395667337,0.0021844089748454,0.0156782616204189,0.0629699622979408,0.237844807475976
2003,3,21.0,449.0,429.0,878.0,800.0,0.0006490765218247,0.0033284395511324,0.0220991892216632,0.0757924519070885,0.249707521433107
2003,4,11.0,297.0,292.0,434.0,274.0,0.000661204387828,0.0044844004935209,0.0338228354405312,0.0950702087006881,0.28090915175767
2003,4,8.0,118.0,185.0,439.0,486.0,0.000508991653387,0.0017184017268784,0.0171625940815236,0.0625425643637919,0.218099200817593
2003,4,19.0,415.0,477.0,873.0,760.0,0.0005872597102223,0.0030763973579509,0.0245718257779332,0.0753608320215128,0.237222145361451
2003,5,8.0,253.0,269.0,394.0,241.0,0.0004808759184204,0.0038200448648511,0.0311587079914483,0.0863079774840349,0.24707702764087
2003,5,5.0,124.0,164.0,382.0,429.0,0.0003181197833668,0.0018057780858722,0.0152144077263236,0.0544220036149624,0.192519664919233
2003,5,13.0,377.0,433.0,776.0,670.0,0.0004018092754153,0.0027947031420421,0.022305242268019,0.0669874062413447,0.209130049200227
2003,6,7.0,273.0,256.0,411.0,262.0,0.0004207664286178,0.0041220246960647,0.0296528968245753,0.0900319257511125,0.268606561169743
2003,6,10.0,123.0,192.0,379.0,433.0,0.0006362395667337,0.0017912153593733,0.0178119895332569,0.0539946056808135,0.194314720069995
2003,6,17.0,396.0,448.0,790.0,695.0,0.00052544289862,0.0029355502499965,0.0230779411918534,0.0681959419209566,0.216933409245011
2003,7,11.0,285.0,260.0,383.0,231.0,0.000661204387828,0.0043032125947928,0.0301162233374593,0.0838983638994552,0.236824868817598
2003,7,6.0,129.0,141.0,379.0,396.0,0.0003817437400402,0.0018785917183671,0.0130806798134856,0.0539946056808135,0.177710459925446
2003,7,17.0,414.0,401.0,762.0,627.0,0.00052544289862,0.0030689843522691,0.0206568178971723,0.0657788705617328,0.195708269923197
2003,8,14.0,283.0,239.0,403.0,216.0,0.0008415328572357,0.0042730146116714,0.0276837591448183,0.0882794795077819,0.221446630582689
2003,8,6.0,120.0,181.0,420.0,439.0,0.0003817437400402,0.0017475271798763,0.0167915109662474,0.0598357107808487,0.197007302796139
2003,8,20.0,403.0,420.0,823.0,655.0,0.0006181681160235,0.0029874412897691,0.0216355698673626,0.071044633165756,0.204448033173356
2003,9,7.0,254.0,254.0,383.0,236.0,0.0004207664286178,0.0038351438564118,0.0294212335681333,0.0838983638994552,0.241950948229234
2003,9,10.0,112.0,171.0,386.0,415.0,0.0006362395667337,0.0016310253678846,0.0158638031780569,0.054991867527161,0.186236971891566
2003,9,17.0,366.0,425.0,769.0,651.0,0.00052544289862,0.0027131600795422,0.0218931361753073,0.0663831384015388,0.203199495566191
2003,10,4.0,269.0,273.0,385.0,219.0,0.0002404379592102,0.004061628729822,0.0316220345043323,0.0843364754602879,0.22452227822967
2003,10,14.0,121.0,180.0,437.0,427.0,0.0008907353934273,0.0017620899063753,0.0166987401874284,0.0622576324076926,0.191622137343852
2003,10,18.0,390.0,453.0,822.0,646.0,0.0005563513044212,0.0028910722159056,0.0233355074997982,0.0709583091886409,0.201638823557234
2003,11,9.0,263.0,237.0,395.0,242.0,0.0005409854082229,0.0039710347804579,0.0274520958883764,0.0865270332644512,0.248102243523198
2003,11,8.0,102.0,153.0,362.0,419.0,0.000508991653387,0.0014853981028949,0.0141939291593141,0.0515726840539696,0.188032027042328
2003,11,17.0,365.0,390.0,757.0,661.0,0.00052544289862,0.0027057470738604,0.0200901720196938,0.0653472506761571,0.206320839584104
2003,12,10.0,264.0,258.0,392.0,169.0,0.0006010948980255,0.0039861337720186,0.0298845600810173,0.0858698659232022,0.173261484113307
2003,12,6.0,110.0,163.0,350.0,356.0,0.0003817437400402,0.0016018999148866,0.0151216369475046,0.0498630923173739,0.159759908417825
2003,12,16.0,374.0,421.0,742.0,525.0,0.0004945344928188,0.0027724641249967,0.0216870831289515,0.0640523910194301,0.163870560940476
2003,13,7.0,263.0,234.0,352.0,185.0,0.0004207664286178,0.0039710347804579,0.0271046010037134,0.0771076347065489,0.189664938230544
2003,13,6.0,119.0,166.0,299.0,366.0,0.0003817437400402,0.0017329644533774,0.0153999492839617,0.0425973274368423,0.164247546294731
2003,13,13.0,382.0,400.0,651.0,551.0,0.0004018092754153,0.0028317681704512,0.0206053046355834,0.0561969091019528,0.171986055387052
2003,14,9.0,264.0,220.0,333.0,198.0,0.0005409854082229,0.0039861337720186,0.0254829582086194,0.0729455748786386,0.202992744700798
2003,14,4.0,121.0,177.0,318.0,368.0,0.0002544958266935,0.0017620899063753,0.0164204278509712,0.0453041810197855,0.165145073870112
2003,14,13.0,385.0,397.0,651.0,566.0,0.0004018092754153,0.0028540071874966,0.0204507648508165,0.0561969091019528,0.176668071413923
2003,15,8.0,252.0,225.0,347.0,215.0,0.0004808759184204,0.0038049458732905,0.0260621163497244,0.0760123558044673,0.220421414700361
2003,15,6.0,113.0,147.0,340.0,332.0,0.0003817437400402,0.0016455880943836,0.0136373044863998,0.0484384325368775,0.148989577513253
2003,15,14.0,365.0,372.0,687.0,547.0,0.0004327176812165,0.0027057470738604,0.0191629333110925,0.0593045722780977,0.170737517779887
2003,16,9.0,256.0,230.0,320.0,170.0,0.0005409854082229,0.0038653418395332,0.0266412744908294,0.0700978497332263,0.174286699995635
2003,16,8.0,115.0,139.0,324.0,327.0,0.000508991653387,0.0016747135473815,0.0128951382558475,0.0461589768880833,0.1467457585748
2003,16,17.0,371.0,369.0,644.0,497.0,0.00052544289862,0.0027502251079512,0.0190083935263257,0.0555926412621469,0.155130797690318
2003,17,6.0,272.0,244.0,329.0,186.0,0.0003606569388153,0.004106925704504,0.0282629172859233,0.0720693517569733,0.190690154112871
2003,17,8.0,131.0,144.0,321.0,341.0,0.000508991653387,0.001907717171365,0.0133589921499427,0.0457315789539344,0.153028451602468
2003,17,14.0,403.0,388.0,650.0,527.0,0.0004327176812165,0.0029874412897691,0.0199871454965159,0.0561105851248377,0.164494829744059
2003,18,7.0,244.0,218.0,339.0,196.0,0.0004207664286178,0.0036841539408051,0.0252512949521774,0.0742599095611366,0.200942312936143
2003,18,3.0,99.0,173.0,346.0,332.0,0.0001908718700201,0.001441709923398,0.016049344735695,0.0492932284051754,0.148989577513253
2003,18,10.0,343.0,391.0,685.0,528.0,0.0003090840580117,0.0025426609488606,0.0201416852812828,0.0591319243238674,0.16480696414585
2003,19,5.0,291.0,256.0,334.0,195.0,0.0003005474490127,0.0043938065441569,0.0296528968245753,0.0731646306590549,0.199917097053816
2003,19,11.0,110.0,151.0,299.0,317.0,0.0006998635234071,0.0016018999148866,0.014008387601676,0.0425973274368423,0.142258120697895
2003,19,16.0,401.0,407.0,633.0,512.0,0.0004945344928188,0.0029726152784055,0.0209658974667061,0.0546430775138804,0.159812813717188
2003,20,9.0,251.0,220.0,340.0,184.0,0.0005409854082229,0.0037898468817298,0.0254829582086194,0.0744789653415529,0.188639722348216
2003,20,9.0,130.0,145.0,336.0,383.0,0.0005726156100604,0.001893154444866,0.0134517629287617,0.047868568624679,0.171876530685469
2003,20,18.0,381.0,365.0,676.0,567.0,0.0005563513044212,0.0028243551647693,0.0188023404799698,0.0583550085298312,0.176980205815714
2003,21,5.0,280.0,240.0,334.0,183.0,0.0003005474490127,0.0042277176369894,0.0277995907730393,0.0731646306590549,0.187614506465889
2003,21,7.0,119.0,139.0,343.0,359.0,0.0004453676967136,0.0017329644533774,0.0128951382558475,0.0488658304710265,0.161106199780897
2003,21,12.0,399.0,379.0,677.0,542.0,0.0003709008696141,0.0029577892670419,0.0195235261422153,0.0584413325069463,0.16917684577093
2003,22,9.0,287.0,235.0,347.0,176.0,0.0005409854082229,0.0043334105779142,0.0272204326319344,0.0760123558044673,0.180437995289598
2003,22,11.0,110.0,148.0,306.0,326.0,0.0006998635234071,0.0016018999148866,0.0137300752652189,0.0435945892831898,0.14629699478711
2003,22,20.0,397.0,383.0,653.0,502.0,0.0006181681160235,0.0029429632556783,0.0197295791885711,0.0563695570561831,0.156691469699274
2003,23,6.0,268.0,227.0,279.0,156.0,0.0003606569388153,0.0040465297382613,0.0262937796061664,0.0611165627361567,0.159933677643053
2003,23,7.0,96.0,135.0,271.0,303.0,0.0004453676967136,0.0013980217439011,0.0125240551405713,0.0386082800514524,0.135975427670228
2003,23,13.0,364.0,362.0,550.0,459.0,0.0004018092754153,0.0026983340681786,0.018647800695203,0.0474781874133242,0.143269690422245
2003,24,10.0,246.0,221.0,315.0,192.0,0.0006010948980255,0.0037143519239264,0.0255987898368404,0.0690025708311446,0.196841449406834
2003,24,9.0,113.0,143.0,331.0,325.0,0.0005726156100604,0.0016455880943836,0.0132662213711236,0.0471562387344308,0.145848230999419
2003,24,19.0,359.0,364.0,646.0,517.0,0.0005872597102223,0.0026612690397695,0.0187508272183809,0.0557652892163772,0.161373485726145
2003,25,7.0,252.0,234.0,346.0,192.0,0.0004207664286178,0.0038049458732905,0.0271046010037134,0.0757933000240509,0.196841449406834
2003,25,4.0,114.0,158.0,372.0,392.0,0.0002544958266935,0.0016601508208825,0.0146577830534093,0.052997343834466,0.175915404774684
2003,25,11.0,366.0,392.0,718.0,584.0,0.0003399924638129,0.0027131600795422,0.0201931985428717,0.0619806155686669,0.182286490646168
2003,26,11.0,243.0,201.0,280.0,157.0,0.000661204387828,0.0036690549492444,0.0232821572724205,0.061335618516573,0.16095889352538
2003,26,5.0,124.0,149.0,293.0,302.0,0.0003181197833668,0.0018057780858722,0.0138228460440379,0.0417425315685445,0.135526663882537
2003,26,16.0,367.0,350.0,573.0,459.0,0.0004945344928188,0.002720573085224,0.0180296415561355,0.0494636388869723,0.143269690422245
2003,27,7.0,256.0,201.0,292.0,138.0,0.0004207664286178,0.0038653418395332,0.0232821572724205,0.063964287881569,0.141479791761162
2003,27,9.0,111.0,152.0,301.0,291.0,0.0005726156100604,0.0016164626413856,0.0141011583804951,0.0428822593929416,0.130590262217942
2003,27,16.0,367.0,353.0,593.0,429.0,0.0004945344928188,0.002720573085224,0.0181841813409023,0.051190118429275,0.133905658368503
2003,28,13.0,255.0,218.0,269.0,154.0,0.0007814233674331,0.0038502428479725,0.0252512949521774,0.0589260049319933,0.157883245878398
2003,28,8.0,121.0,148.0,304.0,315.0,0.000508991653387,0.0017620899063753,0.0137300752652189,0.0433096573270905,0.141360593122514
2003,28,21.0,376.0,366.0,573.0,469.0,0.0006490765218247,0.0027872901363603,0.0188538537415588,0.0494636388869723,0.146391034440159
2003,29,8.0,236.0,210.0,307.0,154.0,0.0004808759184204,0.0035633620083196,0.0243246419264094,0.067250124587814,0.157883245878398
2003,29,7.0,104.0,149.0,299.0,294.0,0.0004453676967136,0.0015145235558928,0.0138228460440379,0.0425973274368423,0.131936553581013
2003,29,15.0,340.0,359.0,606.0,448.0,0.0004636260870176,0.0025204219318152,0.0184932609104361,0.0523123301317718,0.13983621200254
2003,30,9.0,243.0,206.0,274.0,166.0,0.0005409854082229,0.0036690549492444,0.0238613154135254,0.060021283834075,0.170185836466326
2003,30,4.0,116.0,147.0,281.0,265.0,0.0002544958266935,0.0016892762738805,0.0136373044863998,0.0400329398319488,0.118922403737988
2003,30,13.0,359.0,353.0,555.0,431.0,0.0004018092754153,0.0026612690397695,0.0181841813409023,0.0479098072988999,0.134529927172086
2003,31,5.0,273.0,279.0,353.0,195.0,0.0003005474490127,0.0041220246960647,0.0323170242736582,0.0773266904869652,0.199917097053816
2003,31,9.0,132.0,195.0,447.0,457.0,0.0005726156100604,0.001922279897864,0.0180903018697141,0.063682292188189,0.205085050974568
2003,31,14.0,405.0,474.0,800.0,652.0,0.0004327176812165,0.0030022673011328,0.0244172859931663,0.0690591816921079,0.203511629967982
2003,32,10.0,317.0,304.0,444.0,243.0,0.0006010948980255,0.0047863803247345,0.0352128149791832,0.0972607665048515,0.249127459405525
2003,32,11.0,133.0,204.0,580.0,602.0,0.0006998635234071,0.001936842624363,0.0189252388790855,0.0826302672687911,0.270155800189693
2003,32,21.0,450.0,508.0,1024.0,845.0,0.0006490765218247,0.0033358525568142,0.0261687368871909,0.0883957525658982,0.263753569513719
2003,33,13.0,292.0,261.0,409.0,235.0,0.0007814233674331,0.0044089055357175,0.0302320549656803,0.0895938141902798,0.240925732346907
2003,33,13.0,131.0,173.0,484.0,574.0,0.0008271114367539,0.001907717171365,0.016049344735695,0.0689535333760257,0.257590414134359
2003,33,26.0,423.0,434.0,893.0,809.0,0.0008036185508306,0.0031357014034053,0.022356755529608,0.0770873115638155,0.252516731049229
2003,34,10.0,277.0,218.0,312.0,147.0,0.0006010948980255,0.0041824206623074,0.0252512949521774,0.0683454034898956,0.150706734702108
2003,34,5.0,101.0,115.0,286.0,342.0,0.0003181197833668,0.0014708353763959,0.0106686395641903,0.040745269722197,0.153477215390158
2003,34,15.0,378.0,333.0,598.0,489.0,0.0004636260870176,0.0028021161477239,0.0171539161091232,0.0516217383148507,0.152633722475986
2003,35,5.0,215.0,224.0,270.0,149.0,0.0003005474490127,0.0032462831855454,0.0259462847215034,0.0591450607124097,0.152757166466762
2003,35,5.0,128.0,114.0,268.0,266.0,0.0003181197833668,0.0018640289918681,0.0105758687853713,0.0381808821173035,0.119371167525678
2003,35,10.0,343.0,338.0,538.0,415.0,0.0003090840580117,0.0025426609488606,0.017411482417068,0.0464422996879426,0.129535776743424
2003,36,5.0,253.0,215.0,254.0,145.0,0.0003005474490127,0.0038200448648511,0.0249038000675144,0.0556401682257484,0.148656302937453
2003,36,5.0,96.0,117.0,241.0,262.0,0.0003181197833668,0.0013980217439011,0.0108541811218284,0.0343343007099632,0.117576112374916
2003,36,10.0,349.0,332.0,495.0,407.0,0.0003090840580117,0.0025871389829514,0.0171024028475342,0.0427303686719918,0.127038701529093
2003,37,10.0,256.0,237.0,274.0,160.0,0.0006010948980255,0.0038653418395332,0.0274520958883764,0.060021283834075,0.164034541172362
2003,37,7.0,134.0,146.0,313.0,285.0,0.0004453676967136,0.0019514053508619,0.0135445337075808,0.0445918511295373,0.127897679491798
2003,37,17.0,390.0,383.0,587.0,445.0,0.00052544289862,0.0028910722159056,0.0197295791885711,0.0506721745665842,0.138899808797166
2003,38,5.0,291.0,202.0,323.0,157.0,0.0003005474490127,0.0043938065441569,0.0233979889006414,0.0707550170744753,0.16095889352538
2003,38,9.0,112.0,146.0,308.0,333.0,0.0005726156100604,0.0016310253678846,0.0135445337075808,0.0438795212392891,0.149438341300943
2003,38,14.0,403.0,348.0,631.0,490.0,0.0004327176812165,0.0029874412897691,0.0179266150329575,0.0544704295596501,0.152945856877778
2003,39,8.0,262.0,213.0,266.0,134.0,0.0004808759184204,0.0039559357888972,0.0246721368110724,0.0582688375907444,0.137378928231853
2003,39,5.0,116.0,129.0,293.0,289.0,0.0003181197833668,0.0016892762738805,0.011967430467657,0.0417425315685445,0.12969273464256
2003,39,13.0,378.0,342.0,559.0,423.0,0.0004018092754153,0.0028021161477239,0.0176175354634238,0.0482551032073604,0.132032851957755
2003,40,4.0,222.0,216.0,292.0,140.0,0.0002404379592102,0.0033519761264702,0.0250196316957354,0.063964287881569,0.143530223525817
2003,40,9.0,131.0,132.0,276.0,280.0,0.0005726156100604,0.001907717171365,0.0122457428041141,0.0393206099417006,0.125653860553346
2003,40,13.0,353.0,348.0,568.0,420.0,0.0004018092754153,0.0026167910056787,0.0179266150329575,0.0490320190013966,0.131096448752381
2003,41,8.0,255.0,264.0,326.0,142.0,0.0004808759184204,0.0038502428479725,0.0305795498503433,0.0714121844157243,0.145580655290471
2003,41,4.0,111.0,160.0,305.0,279.0,0.0002544958266935,0.0016164626413856,0.0148433246110474,0.0434521233051401,0.125205096765655
2003,41,12.0,366.0,424.0,631.0,421.0,0.0003709008696141,0.0027131600795422,0.0218416229137184,0.0544704295596501,0.131408583154172
2003,42,8.0,240.0,202.0,276.0,164.0,0.0004808759184204,0.0036237579745623,0.0233979889006414,0.0604593953949077,0.168135404701671
2003,42,8.0,132.0,113.0,318.0,282.0,0.000508991653387,0.001922279897864,0.0104830980065523,0.0453041810197855,0.126551388128727
2003,42,16.0,372.0,315.0,594.0,446.0,0.0004945344928188,0.0027576381136331,0.0162266774005219,0.0512764424063901,0.139211943198957
2003,43,4.0,246.0,253.0,319.0,171.0,0.0002404379592102,0.0037143519239264,0.0293054019399123,0.06987879395281,0.175311915877962
2003,43,3.0,138.0,134.0,297.0,313.0,0.0001908718700201,0.0020096562568578,0.0124312843617522,0.042312395480743,0.140463065547133
2003,43,7.0,384.0,387.0,616.0,484.0,0.0002163588406082,0.0028465941818148,0.0199356322349269,0.0531755699029231,0.15107305046703
2003,44,7.0,224.0,269.0,375.0,212.0,0.0004207664286178,0.0033821741095915,0.0311587079914483,0.0821459176561246,0.21734576705338
2003,44,10.0,126.0,147.0,305.0,369.0,0.0006362395667337,0.0018349035388702,0.0136373044863998,0.0434521233051401,0.165593837657802
2003,44,17.0,350.0,416.0,680.0,581.0,0.00052544289862,0.0025945519886332,0.0214295168210067,0.0587003044382918,0.181350087440794
2003,45,8.0,306.0,244.0,348.0,196.0,0.0004808759184204,0.004620291417567,0.0282629172859233,0.0762314115848836,0.200942312936143
2003,45,5.0,136.0,148.0,346.0,382.0,0.0003181197833668,0.0019805308038599,0.0137300752652189,0.0492932284051754,0.171427766897779
2003,45,13.0,442.0,392.0,694.0,578.0,0.0004018092754153,0.0032765485113597,0.0201931985428717,0.0599088401179036,0.18041368423542
2003,46,9.0,259.0,290.0,377.0,214.0,0.0005409854082229,0.0039106388142152,0.0335911721840892,0.0825840292169572,0.219396198818034
2003,46,3.0,119.0,168.0,395.0,390.0,0.0001908718700201,0.0017329644533774,0.0155854908415998,0.0562740613296077,0.175017877199303
2003,46,12.0,378.0,458.0,772.0,604.0,0.0003709008696141,0.0028021161477239,0.023593073807743,0.0666421103328842,0.188529178681996
2003,47,13.0,283.0,274.0,416.0,227.0,0.0007814233674331,0.0042730146116714,0.0317378661325532,0.0911272046531942,0.232724005288289
2003,47,10.0,130.0,167.0,401.0,370.0,0.0006362395667337,0.001893154444866,0.0154927200627808,0.0571288571979056,0.166042601445493
2003,47,23.0,413.0,441.0,817.0,597.0,0.0007108933334271,0.0030615713465872,0.0227173483607307,0.0705266893030652,0.186344237869456
2003,48,6.0,291.0,298.0,429.0,228.0,0.0003606569388153,0.0043938065441569,0.0345178252098572,0.0939749297986065,0.233749221170616
2003,48,9.0,134.0,177.0,406.0,398.0,0.0005726156100604,0.0019514053508619,0.0164204278509712,0.0578411870881538,0.178607987500827
2003,48,15.0,425.0,475.0,835.0,626.0,0.0004636260870176,0.003150527414769,0.0244687992547553,0.0720805208911377,0.195396135521406
2003,49,5.0,274.0,323.0,437.0,286.0,0.0003005474490127,0.0041371236876254,0.0374136159153821,0.0957273760419372,0.293211742345597
2003,49,6.0,123.0,175.0,474.0,456.0,0.0003817437400402,0.0017912153593733,0.0162348862933331,0.0675288735955293,0.204636287186877
2003,49,11.0,397.0,498.0,911.0,742.0,0.0003399924638129,0.0029429632556783,0.0256536042713013,0.0786411431518879,0.231603726129206
2003,50,8.0,265.0,300.0,457.0,253.0,0.0004808759184204,0.0040012327635793,0.0347494884662992,0.100108491650264,0.259379618228797
2003,50,6.0,138.0,162.0,457.0,465.0,0.0003817437400402,0.0020096562568578,0.0150288661686855,0.0651069519686854,0.208675161276092
2003,50,14.0,403.0,462.0,914.0,718.0,0.0004327176812165,0.0029874412897691,0.0237991268540988,0.0789001150832333,0.224112500486213
2003,51,10.0,279.0,276.0,449.0,254.0,0.0006010948980255,0.0042126186454287,0.0319695293889952,0.0983560454069331,0.260404834111125
2003,51,10.0,125.0,156.0,412.0,449.0,0.0006362395667337,0.0018203408123712,0.0144722414957713,0.0586959829564516,0.201494940673044
2003,51,20.0,404.0,432.0,861.0,703.0,0.0006181681160235,0.002994854295451,0.0222537290064301,0.0743249442961312,0.219430484459342
2003,52,9.0,291.0,295.0,427.0,243.0,0.0005409854082229,0.0043938065441569,0.0341703303251942,0.0935368182377738,0.249127459405525
2003,52,6.0,122.0,173.0,437.0,464.0,0.0003817437400402,0.0017766526328743,0.016049344735695,0.0622576324076926,0.208226397488402
2003,52,15.0,413.0,468.0,864.0,707.0,0.0004636260870176,0.0030615713465872,0.0241082064236326,0.0745839162274766,0.220679022066508
2004,1,10.0,285.0,254.0,466.0,238.0,0.0006027081254172,0.0043050288172823,0.0291771557758768,0.0985257100317351,0.241917073733924
2004,1,3.0,137.0,175.0,404.0,493.0,0.0001912839322547,0.0019941736215087,0.0161224283680642,0.0553518171150877,0.220061753726206
2004,1,13.0,422.0,429.0,870.0,731.0,0.0004027851557637,0.0031282017751329,0.0219326443128366,0.0723282406671911,0.226730752836035
2004,2,7.0,271.0,290.0,466.0,241.0,0.000421895687792,0.0040935537174859,0.0333125006889932,0.0985257100317351,0.244966448612923
2004,2,7.0,103.0,167.0,452.0,461.0,0.0004463291752611,0.0014992692190905,0.0153854030712384,0.0619282706337119,0.205777826506655
2004,2,14.0,374.0,457.0,918.0,702.0,0.000433768629284,0.0027723873552126,0.0233641455733481,0.0763187642902085,0.217735962367848
2004,3,10.0,236.0,263.0,401.0,222.0,0.0006027081254172,0.0035648659679951,0.0302109920041559,0.0847828534822442,0.225653741045929
2004,3,9.0,120.0,137.0,400.0,426.0,0.0005738517967643,0.0017467214202996,0.0126215582081417,0.054803779321869,0.190154781110271
2004,3,19.0,356.0,400.0,801.0,648.0,0.0005886859968855,0.0026389569477424,0.0204500180073069,0.0665918629591035,0.200987042185706
2004,4,13.0,307.0,257.0,372.0,234.0,0.0007835205630423,0.0046373468312479,0.0295217678519698,0.0786514251755482,0.237851240561926
2004,4,6.0,137.0,164.0,416.0,432.0,0.0003825678645095,0.0019941736215087,0.0151090185849287,0.0569959304947437,0.192833017463937
2004,4,19.0,444.0,421.0,788.0,666.0,0.0005886859968855,0.003291283384263,0.0215236439526905,0.0655110961445363,0.206570015579753
2004,5,8.0,262.0,273.0,374.0,226.0,0.0004821665003337,0.0039576054390454,0.031359698924466,0.0790742823001479,0.229719574217928
2004,5,7.0,118.0,150.0,399.0,427.0,0.0004463291752611,0.0017176093966279,0.0138192243154836,0.0546667698735643,0.190601153835882
2004,5,15.0,380.0,423.0,773.0,653.0,0.0004647521028043,0.0028168641577026,0.021625894042727,0.0642640575123434,0.202537868128497
2004,6,11.0,242.0,244.0,356.0,227.0,0.0006629789379589,0.0036554981536221,0.0280284488555667,0.0752685681787504,0.230736032510928
2004,6,7.0,119.0,166.0,406.0,402.0,0.0004463291752611,0.0017321654084637,0.0152932749091351,0.055625836011697,0.179441835695608
2004,6,18.0,361.0,410.0,762.0,629.0,0.0005577025233652,0.0026760209498175,0.0209612684574895,0.0633495625154019,0.1950939036031
2004,7,10.0,260.0,249.0,351.0,202.0,0.0006027081254172,0.0039273947105031,0.0286028023157218,0.0742114253672511,0.205324575185936
2004,7,8.0,104.0,165.0,342.0,342.0,0.0005100904860127,0.0015138252309263,0.0152011467470319,0.046857231320198,0.15265947215895
2004,7,18.0,364.0,414.0,693.0,544.0,0.0005577025233652,0.0026982593510625,0.0211657686375626,0.0576131848073143,0.168729862575654
2004,8,14.0,269.0,230.0,380.0,222.0,0.0008437913755841,0.0040633429889436,0.0264202591671325,0.0803428536739471,0.225653741045929
2004,8,11.0,105.0,152.0,383.0,375.0,0.0007013744182675,0.0015283812427621,0.01400348063969,0.0524746187006895,0.167389772104112
2004,8,25.0,374.0,382.0,763.0,597.0,0.0007745868380072,0.0027723873552126,0.0195297671969781,0.0634326984242147,0.185168617569238
2004,9,8.0,258.0,222.0,446.0,226.0,0.0004821665003337,0.0038971839819608,0.0255012936308845,0.0942971387857379,0.229719574217928
2004,9,6.0,118.0,161.0,386.0,402.0,0.0003825678645095,0.0017176093966279,0.014832634098619,0.0528856470456035,0.179441835695608
2004,9,14.0,376.0,383.0,832.0,628.0,0.000433768629284,0.0027872129560426,0.0195808922419963,0.0691690761323023,0.194783738414542
2004,10,6.0,289.0,270.0,386.0,289.0,0.0003616248752503,0.0043654502743669,0.031015086848373,0.0816114250477463,0.293756446676908
2004,10,9.0,130.0,187.0,397.0,479.0,0.0005738517967643,0.0018922815386579,0.0172279663133028,0.0543927509769549,0.213812535567652
2004,10,15.0,419.0,457.0,783.0,768.0,0.0004647521028043,0.0031059633738879,0.0233641455733481,0.065095416600472,0.238206864812688
2004,11,8.0,307.0,253.0,372.0,216.0,0.0004821665003337,0.0046373468312479,0.0290622850838458,0.0786514251755482,0.219554991287931
2004,11,8.0,131.0,153.0,398.0,425.0,0.0005100904860127,0.0019068375504937,0.0140956088017932,0.0545297604252596,0.18970840838466
2004,11,16.0,438.0,406.0,770.0,641.0,0.0004957355763246,0.003246806581773,0.0207567682774165,0.0640146497859048,0.198815885865798
2004,12,16.0,250.0,261.0,354.0,188.0,0.0009643330006675,0.0037763410677915,0.0299812506200939,0.0748457110541507,0.19109415908394
2004,12,5.0,111.0,161.0,367.0,382.0,0.0003188065537579,0.0016157173137771,0.014832634098619,0.0502824675278148,0.170514381183389
2004,12,21.0,361.0,422.0,721.0,570.0,0.000650652943926,0.0026760209498175,0.0215747689977088,0.0599409902540745,0.176794157478167
2004,13,7.0,221.0,236.0,350.0,198.0,0.000421895687792,0.0033382855039276,0.0271094833193186,0.0739999968049513,0.201258742013937
2004,13,5.0,98.0,133.0,321.0,349.0,0.0003188065537579,0.0014264891599113,0.0122530455597288,0.0439800329057998,0.155784081238227
2004,13,12.0,319.0,369.0,671.0,547.0,0.0003718016822434,0.0023646833323872,0.0188651416117406,0.0557841948134313,0.169660358141329
2004,14,8.0,280.0,221.0,363.0,219.0,0.0004821665003337,0.0042295019959264,0.0253864229388534,0.0767485681148495,0.22260436616693
2004,14,11.0,118.0,151.0,310.0,375.0,0.0007013744182675,0.0017176093966279,0.0139113524775868,0.0424729289744484,0.167389772104112
2004,14,19.0,398.0,372.0,673.0,594.0,0.0005886859968855,0.0029502945651727,0.0190185167467954,0.055950466631057,0.184238122003564
2004,15,12.0,227.0,256.0,321.0,169.0,0.0007232497505006,0.0034289176895546,0.0294068971599388,0.0678685684982553,0.171781451516946
2004,15,2.0,113.0,154.0,359.0,336.0,0.0001275226215031,0.0016448293374488,0.0141877369638965,0.0491863919413774,0.149981235805284
2004,15,14.0,340.0,410.0,680.0,505.0,0.000433768629284,0.0025203521411023,0.0209612684574895,0.0565324179927471,0.156633420221885
2004,16,11.0,247.0,235.0,323.0,173.0,0.0006629789379589,0.003731024974978,0.0269946126272876,0.068291425622855,0.175847284688945
2004,16,4.0,133.0,136.0,358.0,359.0,0.0002550452430063,0.0019359495741654,0.0125294300460384,0.0490493824930727,0.160247808494337
2004,16,15.0,380.0,371.0,681.0,532.0,0.0004647521028043,0.0028168641577026,0.0189673917017771,0.0566155539015599,0.165007880312956
2004,17,6.0,224.0,239.0,372.0,182.0,0.0003616248752503,0.0033836015967411,0.0274540953954116,0.0786514251755482,0.184995409325942
2004,17,0.0,108.0,135.0,360.0,356.0,0.0,0.0015720492782696,0.0124373018839352,0.0493234013896821,0.158908690317504
2004,17,6.0,332.0,374.0,732.0,538.0,0.0001859008411217,0.0024610497377823,0.0191207668368319,0.060855485251016,0.166868871444305
2004,18,6.0,272.0,217.0,315.0,185.0,0.0003616248752503,0.0041086590817571,0.0249269401707294,0.0665999971244561,0.188044784204941
2004,18,8.0,120.0,140.0,332.0,326.0,0.0005100904860127,0.0017467214202996,0.0128979426944513,0.0454871368371512,0.145517508549175
2004,18,14.0,392.0,357.0,647.0,511.0,0.000433768629284,0.0029058177626827,0.0182516410715214,0.0537889330019226,0.158494411353234
2004,19,12.0,214.0,221.0,321.0,170.0,0.0007232497505006,0.0032325479540295,0.0253864229388534,0.0678685684982553,0.172797909809946
2004,19,4.0,111.0,140.0,288.0,309.0,0.0002550452430063,0.0016157173137771,0.0128979426944513,0.0394587211117456,0.137929172213788
2004,19,16.0,325.0,361.0,609.0,479.0,0.0004957355763246,0.0024091601348772,0.0184561412515945,0.0506297684670338,0.148569125319372
2004,20,9.0,263.0,249.0,325.0,187.0,0.0005424373128755,0.0039727108033166,0.0286028023157218,0.0687142827474547,0.19007770079094
2004,20,6.0,104.0,138.0,316.0,329.0,0.0003825678645095,0.0015138252309263,0.0127136863702449,0.0432949856642765,0.146856626726008
2004,20,15.0,367.0,387.0,641.0,516.0,0.0004647521028043,0.0027204977523075,0.0197853924220694,0.0532901175490454,0.160045237296025
2004,21,12.0,226.0,212.0,358.0,173.0,0.0007232497505006,0.0034138123252835,0.0243525867105743,0.0756914253033501,0.175847284688945
2004,21,4.0,92.0,151.0,336.0,336.0,0.0002550452430063,0.0013391530888963,0.0139113524775868,0.0460351746303699,0.149981235805284
2004,21,16.0,318.0,363.0,694.0,509.0,0.0004957355763246,0.0023572705319722,0.018558391341631,0.0576963207161272,0.157874080976118
2004,22,6.0,242.0,194.0,308.0,140.0,0.0003616248752503,0.0036554981536221,0.0222849142540161,0.0651199971883571,0.142304161019955
2004,22,5.0,100.0,136.0,303.0,302.0,0.0003188065537579,0.001455601183583,0.0125294300460384,0.0415138628363157,0.134804563134512
2004,22,11.0,342.0,330.0,611.0,442.0,0.0003408182087231,0.0025351777419323,0.0168712648560282,0.0507960402846595,0.137093013342719
2004,23,7.0,246.0,224.0,335.0,155.0,0.000421895687792,0.0037159196107068,0.0257310350149465,0.0708285683704533,0.157551035414951
2004,23,6.0,121.0,146.0,330.0,277.0,0.0003825678645095,0.0017612774321354,0.0134507116670707,0.0452131179405419,0.123645244994237
2004,23,13.0,367.0,370.0,665.0,432.0,0.0004027851557637,0.0027204977523075,0.0189162666567589,0.0552853793605541,0.133991361457137
2004,24,7.0,258.0,210.0,317.0,137.0,0.000421895687792,0.0038971839819608,0.0241228453265123,0.0670228542490559,0.139254786140956
2004,24,6.0,129.0,124.0,302.0,290.0,0.0003825678645095,0.001877725526822,0.0114238921007997,0.0413768533880111,0.12944809042718
2004,24,13.0,387.0,334.0,619.0,427.0,0.0004027851557637,0.0028687537606076,0.0170757650361012,0.0514611275551624,0.132440535514346
2004,25,10.0,249.0,239.0,305.0,146.0,0.0006027081254172,0.0037612357035203,0.0274540953954116,0.0644857115014575,0.148402910777954
2004,25,3.0,113.0,128.0,318.0,320.0,0.0001912839322547,0.0016448293374488,0.0117924047492126,0.0435690045608858,0.142839272195509
2004,25,13.0,362.0,367.0,623.0,466.0,0.0004027851557637,0.0026834337502325,0.0187628915217041,0.0517936711904139,0.144536977868115
2004,26,10.0,226.0,215.0,308.0,153.0,0.0006027081254172,0.0034138123252835,0.0246971987866674,0.0651199971883571,0.155518118828951
2004,26,4.0,101.0,115.0,287.0,285.0,0.0002550452430063,0.0014701571954188,0.0105947386418707,0.039321711663441,0.127216226799125
2004,26,14.0,327.0,330.0,595.0,438.0,0.000433768629284,0.0024239857357072,0.0168712648560282,0.0494658657436537,0.135852352588486
2004,27,5.0,256.0,212.0,307.0,149.0,0.0003013540627086,0.0038669732534185,0.0243525867105743,0.0649085686260572,0.151452285656953
2004,27,9.0,121.0,143.0,301.0,299.0,0.0005738517967643,0.0017612774321354,0.013174327180761,0.0412398439397064,0.133465444957679
2004,27,14.0,377.0,355.0,608.0,448.0,0.000433768629284,0.0027946257564576,0.0181493909814849,0.0505466325582209,0.138954004474068
2004,28,10.0,273.0,209.0,281.0,150.0,0.0006027081254172,0.0041237644460283,0.0240079746344813,0.0594114260062609,0.152468743949952
2004,28,8.0,93.0,141.0,286.0,277.0,0.0005100904860127,0.0013537091007322,0.0129900708565545,0.0391847022151363,0.123645244994237
2004,28,18.0,366.0,350.0,567.0,427.0,0.0005577025233652,0.0027130849518925,0.0178937657563935,0.0471380602968935,0.132440535514346
2004,29,12.0,261.0,223.0,309.0,147.0,0.0007232497505006,0.0039425000747743,0.0256161643229155,0.065331425750657,0.149419369070953
2004,29,8.0,120.0,120.0,305.0,311.0,0.0005100904860127,0.0017467214202996,0.0110553794523868,0.0417878817329251,0.13882191766501
2004,29,20.0,381.0,343.0,614.0,458.0,0.0006196694704058,0.0028242769581176,0.0175358904412656,0.0510454480110981,0.14205565635965
2004,30,8.0,236.0,223.0,329.0,187.0,0.0004821665003337,0.0035648659679951,0.0256161643229155,0.0695599969966542,0.19007770079094
2004,30,5.0,131.0,131.0,292.0,292.0,0.0003188065537579,0.0019068375504937,0.0120687892355223,0.0400067589049643,0.130340835878402
2004,30,13.0,367.0,354.0,621.0,479.0,0.0004027851557637,0.0027204977523075,0.0180982659364666,0.0516273993727881,0.148569125319372
2004,31,7.0,281.0,209.0,320.0,151.0,0.000421895687792,0.0042446073601976,0.0240079746344813,0.0676571399359554,0.153485202242952
2004,31,5.0,110.0,162.0,352.0,318.0,0.0003188065537579,0.0016011613019413,0.0149247622607222,0.0482273258032447,0.141946526744287
2004,31,12.0,391.0,371.0,672.0,469.0,0.0003718016822434,0.0028984049622677,0.0189673917017771,0.0558673307222442,0.14546747343379
2004,32,4.0,261.0,208.0,301.0,150.0,0.0002410832501668,0.0039425000747743,0.0238931039424503,0.0636399972522581,0.152468743949952
2004,32,4.0,109.0,147.0,272.0,280.0,0.0002550452430063,0.0015866052901054,0.0135428398291739,0.0372665699388709,0.12498436317107
2004,32,8.0,370.0,355.0,573.0,430.0,0.0002478677881623,0.0027427361535525,0.0181493909814849,0.0476368757497707,0.133371031080021
2004,33,4.0,247.0,211.0,290.0,113.0,0.0002410832501668,0.003731024974978,0.0242377160185433,0.0613142830669596,0.114859787108964
2004,33,6.0,115.0,124.0,245.0,260.0,0.0003825678645095,0.0016739413611204,0.0114238921007997,0.0335673148346447,0.116056908658851
2004,33,10.0,362.0,335.0,535.0,373.0,0.0003098347352029,0.0026834337502325,0.0171268900811195,0.0444777112148819,0.115691615332204
2004,34,9.0,255.0,179.0,263.0,143.0,0.0005424373128755,0.0038518678891473,0.020561853873551,0.0556057118848634,0.145353535898955
2004,34,4.0,111.0,130.0,281.0,235.0,0.0002550452430063,0.0016157173137771,0.0119766610734191,0.0384996549736129,0.104897590518577
2004,34,13.0,366.0,309.0,544.0,378.0,0.0004027851557637,0.0027130849518925,0.0157976389106446,0.0452259343941977,0.117242441274995
2004,35,3.0,236.0,201.0,308.0,124.0,0.0001808124376251,0.0035648659679951,0.0230890090982332,0.0651199971883571,0.126040828331961
2004,35,6.0,89.0,146.0,297.0,275.0,0.0003825678645095,0.0012954850533888,0.0134507116670707,0.0406918061464877,0.122752499543015
2004,35,9.0,325.0,347.0,605.0,399.0,0.0002788512616826,0.0024091601348772,0.0177403906213387,0.0502972248317823,0.123755910234717
2004,36,8.0,215.0,214.0,294.0,139.0,0.0004821665003337,0.0032476533183006,0.0245823280946364,0.0621599973161591,0.141287702726956
2004,36,8.0,103.0,143.0,271.0,249.0,0.0005100904860127,0.0014992692190905,0.013174327180761,0.0371295604905662,0.11114680867713
2004,36,16.0,318.0,357.0,565.0,388.0,0.0004957355763246,0.0023572705319722,0.0182516410715214,0.0469717884792678,0.120344093160577
2004,37,5.0,230.0,198.0,288.0,141.0,0.0003013540627086,0.0034742337823681,0.0227443970221402,0.0608914259423599,0.143320619312955
2004,37,3.0,100.0,137.0,272.0,268.0,0.0001912839322547,0.001455601183583,0.0126215582081417,0.0372665699388709,0.119627890463739
2004,37,8.0,330.0,335.0,560.0,409.0,0.0002478677881623,0.0024462241369522,0.0171268900811195,0.0465561089352035,0.126857562120299
2004,38,6.0,254.0,183.0,323.0,164.0,0.0003616248752503,0.0038367625248761,0.021021336641675,0.068291425622855,0.166699160051948
2004,38,2.0,112.0,135.0,255.0,271.0,0.0001275226215031,0.0016302733256129,0.0124373018839352,0.0349374093176915,0.120967008640572
2004,38,8.0,366.0,318.0,578.0,435.0,0.0002478677881623,0.0027130849518925,0.016257764315809,0.048052555293835,0.134921857022812
2004,39,10.0,237.0,222.0,325.0,169.0,0.0006027081254172,0.0035799713322663,0.0255012936308845,0.0687142827474547,0.171781451516946
2004,39,15.0,122.0,156.0,333.0,310.0,0.0009564196612739,0.0017758334439712,0.0143719932881029,0.0456241462854559,0.138375544939399
2004,39,25.0,359.0,378.0,658.0,479.0,0.0007745868380072,0.0026611953489875,0.019325267016905,0.0547034279988641,0.148569125319372
2004,40,3.0,245.0,227.0,307.0,130.0,0.0001808124376251,0.0037008142464356,0.0260756470910395,0.0649085686260572,0.132139578089959
2004,40,5.0,98.0,123.0,321.0,273.0,0.0003188065537579,0.0014264891599113,0.0113317639386965,0.0439800329057998,0.121859754091794
2004,40,8.0,343.0,350.0,628.0,403.0,0.0002478677881623,0.0025425905423473,0.0178937657563935,0.0522093507344782,0.12499657098895
2004,41,9.0,226.0,202.0,283.0,144.0,0.0005424373128755,0.0034138123252835,0.0232038797902642,0.0598342831308606,0.146369994191954
2004,41,8.0,111.0,143.0,283.0,272.0,0.0005100904860127,0.0016157173137771,0.013174327180761,0.0387736738702223,0.121413381366183
2004,41,17.0,337.0,345.0,566.0,416.0,0.0005267190498449,0.0024981137398573,0.0176381405313022,0.0470549243880806,0.129028718440206
2004,42,11.0,233.0,219.0,264.0,155.0,0.0006629789379589,0.0035195498751816,0.0251566815547914,0.0558171404471632,0.157551035414951
2004,42,3.0,119.0,130.0,266.0,267.0,0.0001912839322547,0.0017321654084637,0.0119766610734191,0.0364445132490429,0.119181517738128
2004,42,14.0,352.0,349.0,530.0,422.0,0.000433768629284,0.0026093057460824,0.0178426407113753,0.0440620316708176,0.130889709571555
2004,43,5.0,242.0,221.0,346.0,172.0,0.0003013540627086,0.0036554981536221,0.0253864229388534,0.0731542825557518,0.174830826395945
2004,43,5.0,111.0,149.0,331.0,297.0,0.0003188065537579,0.0016157173137771,0.0137270961533803,0.0453501273888466,0.132572699506457
2004,43,10.0,353.0,370.0,677.0,469.0,0.0003098347352029,0.0026167185464974,0.0189162666567589,0.0562830102663085,0.14546747343379
2004,44,14.0,271.0,224.0,315.0,175.0,0.0008437913755841,0.0040935537174859,0.0257310350149465,0.0665999971244561,0.177880201274944
2004,44,11.0,114.0,135.0,304.0,285.0,0.0007013744182675,0.0016593853492846,0.0124373018839352,0.0416508722846204,0.127216226799125
2004,44,25.0,385.0,359.0,619.0,460.0,0.0007745868380072,0.0028539281597776,0.0183538911615579,0.0514611275551624,0.142675986736766
2004,45,6.0,266.0,238.0,354.0,169.0,0.0003616248752503,0.0040180268961301,0.0273392247033806,0.0748457110541507,0.171781451516946
2004,45,7.0,104.0,144.0,320.0,332.0,0.0004463291752611,0.0015138252309263,0.0132664553428642,0.0438430234574952,0.148195744902841
2004,45,13.0,370.0,382.0,674.0,501.0,0.0004027851557637,0.0027427361535525,0.0195297671969781,0.0560336025398699,0.155392759467652
2004,46,9.0,262.0,237.0,324.0,171.0,0.0005424373128755,0.0039576054390454,0.0272243540113496,0.0685028541851549,0.173814368102946
2004,46,5.0,98.0,128.0,327.0,292.0,0.0003188065537579,0.0014264891599113,0.0117924047492126,0.0448020895956279,0.130340835878402
2004,46,14.0,360.0,365.0,651.0,463.0,0.000433768629284,0.0026686081494025,0.0186606414316675,0.054121476637174,0.143606482302441
2004,47,11.0,258.0,243.0,402.0,193.0,0.0006629789379589,0.0038971839819608,0.0279135781635357,0.084994282044544,0.196176450548939
2004,47,3.0,115.0,159.0,312.0,330.0,0.0001912839322547,0.0016739413611204,0.0146483777744126,0.0427469478710578,0.147302999451619
2004,47,14.0,373.0,402.0,714.0,523.0,0.000433768629284,0.0027649745547975,0.0205522680973434,0.0593590388923844,0.162216393615932
2004,48,8.0,251.0,234.0,349.0,217.0,0.0004821665003337,0.0037914464320626,0.0268797419352566,0.0737885682426514,0.220571449580931
2004,48,9.0,101.0,144.0,389.0,357.0,0.0005738517967643,0.0014701571954188,0.0132664553428642,0.0532966753905176,0.159355063043115
2004,48,17.0,352.0,378.0,738.0,574.0,0.0005267190498449,0.0026093057460824,0.019325267016905,0.0613543007038931,0.1780348182324
2004,49,8.0,256.0,250.0,373.0,239.0,0.0004821665003337,0.0038669732534185,0.0287176730077528,0.0788628537378481,0.242933532026924
2004,49,4.0,116.0,140.0,351.0,360.0,0.0002550452430063,0.0016884973729563,0.0128979426944513,0.04809031635494,0.160694181219948
2004,49,12.0,372.0,390.0,724.0,599.0,0.0003718016822434,0.0027575617543825,0.0199387675571242,0.0601903979805131,0.185788947946354
2004,50,10.0,282.0,280.0,429.0,235.0,0.0006027081254172,0.0042597127244688,0.0321637937686831,0.0907028532266403,0.238867698854925
2004,50,5.0,114.0,162.0,387.0,405.0,0.0003188065537579,0.0016593853492846,0.0149247622607222,0.0530226564939082,0.180780953872441
2004,50,15.0,396.0,442.0,816.0,640.0,0.0004647521028043,0.0029354689643427,0.0225972698980741,0.0678389015912965,0.19850572067724
2004,51,5.0,255.0,239.0,407.0,210.0,0.0003013540627086,0.0038518678891473,0.0274540953954116,0.0860514248560433,0.213456241529933
2004,51,5.0,106.0,173.0,348.0,400.0,0.0003188065537579,0.001542937254598,0.0159381720438577,0.047679288010026,0.178549090244386
2004,51,10.0,361.0,412.0,755.0,610.0,0.0003098347352029,0.0026760209498175,0.0210635185475261,0.0627676111537118,0.189200765020495
2004,52,8.0,273.0,264.0,360.0,219.0,0.0004821665003337,0.0041237644460283,0.0303258626961869,0.0761142824279499,0.22260436616693
2004,52,6.0,130.0,142.0,358.0,411.0,0.0003825678645095,0.0018922815386579,0.0130821990186578,0.0490493824930727,0.183459190226107
2004,52,14.0,403.0,406.0,718.0,630.0,0.000433768629284,0.0029873585672478,0.0207567682774165,0.0596915825276359,0.195404068791658
2004,53,7.0,294.0,256.0,395.0,251.0,0.000421895687792,0.0044409770957228,0.0294068971599388,0.083514282108445,0.25513103154292
2004,53,5.0,128.0,175.0,417.0,426.0,0.0003188065537579,0.0018631695149862,0.0161224283680642,0.0571329399430484,0.190154781110271
2004,53,12.0,422.0,431.0,812.0,677.0,0.0003718016822434,0.0031282017751329,0.0220348944028732,0.067506357956045,0.209981832653893
2005,1,12.0,267.0,249.0,430.0,246.0,0.0007261189839245,0.004033910131256,0.0285188832764613,0.088535173490634,0.238630791636946
2005,1,5.0,129.0,175.0,414.0,425.0,0.0003200050909578,0.0018767618969782,0.0160928479988707,0.0552051006244161,0.181854202244883
2005,1,17.0,396.0,424.0,844.0,671.0,0.0005287554546175,0.0029349792609113,0.0216266361773447,0.0683061557291219,0.199232866327243
2005,2,9.0,280.0,297.0,470.0,286.0,0.0005445892379434,0.004230317740643,0.0340164993297551,0.096771003582786,0.277432546374661
2005,2,5.0,116.0,196.0,492.0,505.0,0.0003200050909578,0.0016876308530967,0.0180239897587351,0.0656060616116249,0.216085581490978
2005,2,14.0,396.0,493.0,962.0,791.0,0.0004354456685085,0.0029349792609113,0.0251460651779032,0.0778560684969375,0.234863185193517
2005,3,7.0,288.0,278.0,515.0,285.0,0.0004235694072893,0.0043511839618043,0.031840359641993,0.106036312436457,0.276462502506218
2005,3,3.0,153.0,190.0,495.0,514.0,0.0001920030545747,0.0022259269010672,0.0174722349702024,0.0660060985726714,0.219936611656164
2005,3,10.0,441.0,468.0,1010.0,799.0,0.0003110326203632,0.0032684996314695,0.0238709097429182,0.081740778775371,0.237238539784601
2005,4,9.0,316.0,319.0,538.0,318.0,0.0005445892379434,0.0047742157358686,0.0365362400208481,0.110771914739444,0.308473950164833
2005,4,3.0,145.0,208.0,498.0,550.0,0.0001920030545747,0.0021095385663708,0.0191274993358006,0.0664061355337179,0.235340732316907
2005,4,12.0,461.0,527.0,1036.0,868.0,0.0003732391444358,0.0034167309072731,0.0268802765694827,0.0838449968428558,0.257725973132708
2005,5,6.0,302.0,321.0,625.0,378.0,0.0003630594919622,0.0045626998488364,0.036765307356402,0.128684845189875,0.366676582271405
2005,5,9.0,148.0,220.0,603.0,677.0,0.0005760091637241,0.0021531841918819,0.020231008912866,0.0804074291703452,0.289683046870084
2005,5,15.0,450.0,541.0,1228.0,1055.0,0.0004665489305448,0.0033352037055811,0.0275943636130743,0.0993838379565897,0.313249886699317
2005,6,17.0,340.0,318.0,605.0,401.0,0.0010286685605598,0.0051368143993523,0.0364217063530711,0.124566930143799,0.388987591245591
2005,6,7.0,145.0,213.0,611.0,666.0,0.000448007127341,0.0021095385663708,0.0195872949929111,0.0814741943998025,0.284976232223746
2005,6,24.0,485.0,531.0,1216.0,1067.0,0.0007464782888717,0.0035946084382374,0.0270843014390803,0.0984126603869813,0.316812918585945
2005,7,11.0,304.0,305.0,551.0,342.0,0.0006656090685975,0.0045929164041267,0.0349327686719707,0.113448559519394,0.331755003007462
2005,7,10.0,131.0,198.0,577.0,677.0,0.0006400101819157,0.0019058589806523,0.0182079080215794,0.0769404421746089,0.289683046870084
2005,7,21.0,435.0,503.0,1128.0,1019.0,0.0006531685027628,0.0032240302487284,0.0256561273518972,0.0912906915431866,0.302560791039435
2005,8,6.0,301.0,307.0,508.0,284.0,0.0003630594919622,0.0045475915711913,0.0351618360075246,0.10459504217033,0.275492458637775
2005,8,8.0,127.0,187.0,508.0,565.0,0.0005120081455326,0.0018476648133041,0.0171963575759361,0.0677395920705396,0.24175911592555
2005,8,14.0,428.0,494.0,1016.0,849.0,0.0004354456685085,0.0031721493021971,0.0251970713953026,0.0822263675601752,0.252084505978882
2005,9,4.0,299.0,303.0,501.0,287.0,0.0002420396613081,0.004517375015901,0.0347037013364168,0.103153771904204,0.278402590243104
2005,9,8.0,126.0,186.0,484.0,634.0,0.0005120081455326,0.0018331162714671,0.017104398444514,0.0645392963821676,0.271283680525308
2005,9,12.0,425.0,489.0,985.0,921.0,0.0003732391444358,0.0031499146108266,0.0249420403083056,0.0797174921720202,0.273462697298646
2005,10,11.0,284.0,291.0,477.0,326.0,0.0006656090685975,0.0042907508512237,0.0333292973230934,0.0982122738489126,0.316234301112376
2005,10,7.0,119.0,181.0,495.0,547.0,0.000448007127341,0.0017312764786078,0.0166446027874034,0.0660060985726714,0.234057055595179
2005,10,18.0,403.0,472.0,972.0,873.0,0.0005598587166538,0.0029868602074426,0.0240749346125158,0.0786653831382779,0.259210569752136
2005,11,11.0,237.0,279.0,436.0,254.0,0.0006656090685975,0.0035806618019014,0.0319548933097699,0.0897705480044568,0.246391142584489
2005,11,5.0,112.0,198.0,466.0,529.0,0.0003200050909578,0.0016294366857485,0.0182079080215794,0.0621390746158887,0.226354995264807
2005,11,16.0,349.0,477.0,902.0,783.0,0.0004976521925811,0.0025866357627729,0.0243299656995128,0.0730001806488957,0.232487830602432
2005,12,10.0,240.0,243.0,378.0,212.0,0.0006050991532704,0.0036259866348369,0.0278316812697996,0.0778285943708364,0.205649300109889
2005,12,5.0,124.0,159.0,409.0,407.0,0.0003200050909578,0.001804019187793,0.0146215018961168,0.0545383723560053,0.174152141914511
2005,12,15.0,364.0,402.0,787.0,619.0,0.0004665489305448,0.0026978092196256,0.020504499394558,0.0636930622734822,0.183793061485192
2005,13,5.0,261.0,235.0,383.0,203.0,0.0003025495766352,0.0039432604653851,0.026915411927584,0.0788580731323554,0.196918905293903
2005,13,5.0,127.0,147.0,382.0,368.0,0.0003200050909578,0.0018476648133041,0.0135179923190514,0.0509380397065868,0.15746434453204
2005,13,10.0,388.0,382.0,765.0,571.0,0.0003110326203632,0.0028756867505899,0.01948437504657,0.0619125700625335,0.169540933938683
2005,14,9.0,259.0,242.0,346.0,176.0,0.0005445892379434,0.0039130439100948,0.0277171476020227,0.0712399302971148,0.170727720845945
2005,14,1.0,97.0,139.0,321.0,336.0,6.40010181915761e-05,0.0014112085581929,0.0127823192676744,0.0428039548319748,0.143771792833602
2005,14,10.0,356.0,381.0,667.0,512.0,0.0003110326203632,0.0026385167093041,0.0194333688291706,0.0539812865773985,0.152022693829432
2005,15,7.0,263.0,209.0,349.0,188.0,0.0004235694072893,0.0039734770206754,0.0239375365653832,0.0718576175540262,0.18236824726726
2005,15,4.0,114.0,132.0,314.0,340.0,0.0002560040727663,0.0016585337694226,0.0121386053477196,0.0418705352561997,0.145483361795906
2005,15,11.0,377.0,341.0,663.0,528.0,0.0003421358823995,0.0027941595488979,0.0173931201331947,0.0536575607208624,0.156773403011601
2005,16,6.0,254.0,212.0,298.0,170.0,0.0003630594919622,0.003837502521869,0.0242811375687141,0.0613569341865324,0.164907457635288
2005,16,4.0,119.0,141.0,317.0,306.0,0.0002560040727663,0.0017312764786078,0.0129662375305186,0.0422705722172461,0.130935025616316
2005,16,10.0,373.0,353.0,615.0,476.0,0.0003110326203632,0.0027645132937372,0.0180051947419875,0.0497728504424289,0.14133359816955
2005,17,5.0,260.0,248.0,306.0,207.0,0.0003025495766352,0.00392815218774,0.0284043496086844,0.0630041002049628,0.200799080767674
2005,17,7.0,99.0,123.0,327.0,326.0,0.000448007127341,0.001440305641867,0.0113109731649205,0.0436040287540678,0.13949287042784
2005,17,12.0,359.0,371.0,633.0,533.0,0.0003732391444358,0.0026607514006747,0.0189233066551766,0.0512296167968414,0.158257999631029
2005,18,3.0,255.0,217.0,327.0,152.0,0.0001815297459811,0.0038526107995142,0.0248538059075988,0.0673279110033426,0.147446668003316
2005,18,5.0,108.0,127.0,309.0,315.0,0.0003200050909578,0.0015712425184003,0.011678809690609,0.0412038069877888,0.134786055781501
2005,18,8.0,363.0,344.0,636.0,467.0,0.0002488260962905,0.0026903976558354,0.0175461387853929,0.0514724111892435,0.138661324254579
2005,19,12.0,237.0,211.0,256.0,158.0,0.0007261189839245,0.0035806618019014,0.0241666039009371,0.0527093125897728,0.153266931213974
2005,19,5.0,108.0,113.0,303.0,281.0,0.0003200050909578,0.0015712425184003,0.0103913818506993,0.0404037330656958,0.120237719601911
2005,19,17.0,345.0,324.0,559.0,439.0,0.0005287554546175,0.0025569895076121,0.0165260144374049,0.0452406884509232,0.130347583185782
2005,20,7.0,240.0,199.0,298.0,162.0,0.0004235694072893,0.0036259866348369,0.0227921998876137,0.0613569341865324,0.157147106687745
2005,20,5.0,114.0,116.0,342.0,293.0,0.0003200050909578,0.0016585337694226,0.0106672592449657,0.0456042135593003,0.125372426488825
2005,20,12.0,354.0,315.0,640.0,455.0,0.0003732391444358,0.0026236935817238,0.0160669584808103,0.0517961370457796,0.135098292367952
2005,21,6.0,258.0,219.0,321.0,147.0,0.0003630594919622,0.0038979356324496,0.0250828732431528,0.0660925364895198,0.142596448661102
2005,21,6.0,95.0,127.0,323.0,337.0,0.0003840061091494,0.0013821114745188,0.011678809690609,0.0430706461393391,0.144199685074178
2005,21,12.0,353.0,346.0,644.0,484.0,0.0003732391444358,0.0026162820179336,0.0176481512201917,0.0521198629023158,0.143708952760635
2005,22,9.0,259.0,213.0,324.0,148.0,0.0005445892379434,0.0039130439100948,0.024395671236491,0.0667102237464312,0.143566492529545
2005,22,6.0,113.0,136.0,313.0,292.0,0.0003840061091494,0.0016439852275855,0.0125064418734081,0.0417371896025175,0.124944534248249
2005,22,15.0,372.0,349.0,637.0,440.0,0.0004665489305448,0.002757101729947,0.0178011698723899,0.0515533426533776,0.130644502509668
2005,23,2.0,282.0,197.0,334.0,159.0,0.000121019830654,0.0042605342959333,0.0225631325520598,0.0687691812694692,0.154236975082416
2005,23,8.0,109.0,137.0,352.0,344.0,0.0005120081455326,0.0015857910602374,0.0125984010048302,0.0469376700961219,0.147194930758211
2005,23,10.0,391.0,334.0,686.0,503.0,0.0003110326203632,0.0028979214419604,0.0170360766113989,0.0555189843959451,0.149350419914461
2005,24,8.0,230.0,179.0,282.0,169.0,0.0004840793226163,0.0034749038583853,0.0205015265320746,0.0580626021496716,0.163937413766845
2005,24,3.0,102.0,110.0,289.0,278.0,0.0001920030545747,0.0014839512673781,0.010115504456433,0.0385368939141455,0.118954042880182
2005,24,11.0,332.0,289.0,571.0,447.0,0.0003421358823995,0.0024606391783398,0.014740796828426,0.0462118660205315,0.132722937776867
2005,25,8.0,248.0,191.0,317.0,145.0,0.0004840793226163,0.0037468528559981,0.0218759305453981,0.0652689534803046,0.140656360924216
2005,25,5.0,101.0,108.0,292.0,302.0,0.0003200050909578,0.001469402725541,0.0099315861935887,0.038936930875192,0.129223456654011
2005,25,13.0,349.0,299.0,609.0,447.0,0.0004043424064722,0.0025866357627729,0.01525085900242,0.0492872616576247,0.132722937776867
2005,26,9.0,227.0,196.0,258.0,149.0,0.0005445892379434,0.0034295790254499,0.0224485988842828,0.0531211040943804,0.144536536397988
2005,26,0.0,100.0,132.0,274.0,271.0,0.0,0.001454854183704,0.0121386053477196,0.0365367091089131,0.115958797196149
2005,26,9.0,327.0,328.0,532.0,420.0,0.0002799293583269,0.0024235813593889,0.0167300393070025,0.0430555389193043,0.124706116031956
2005,27,5.0,222.0,215.0,262.0,150.0,0.0003025495766352,0.0033540376372241,0.0246247385720449,0.0539446871035956,0.145506580266431
2005,27,4.0,92.0,139.0,302.0,296.0,0.0002560040727663,0.0013384658490077,0.0127823192676744,0.0402703874120137,0.126656103210554
2005,27,9.0,314.0,354.0,564.0,446.0,0.0002799293583269,0.0023272310301166,0.0180562009593869,0.0456453457715933,0.132426018452981
2005,28,7.0,272.0,205.0,295.0,163.0,0.0004235694072893,0.0041094515194818,0.0234794018942754,0.060739246929621,0.158117150556188
2005,28,6.0,97.0,128.0,314.0,286.0,0.0003840061091494,0.0014112085581929,0.0117707688220311,0.0418705352561997,0.122377180804792
2005,28,13.0,369.0,333.0,609.0,449.0,0.0004043424064722,0.0027348670385765,0.0169850703939995,0.0492872616576247,0.133316776424638
2005,29,5.0,254.0,228.0,263.0,164.0,0.0003025495766352,0.003837502521869,0.0261136762531453,0.0541505828558994,0.159087194424631
2005,29,6.0,104.0,123.0,288.0,274.0,0.0003840061091494,0.0015130483510522,0.0113109731649205,0.0384035482604634,0.117242473917877
2005,29,11.0,358.0,351.0,551.0,438.0,0.0003421358823995,0.0026533398368845,0.0179031823071887,0.0445932367378509,0.130050663861897
2005,30,7.0,240.0,186.0,261.0,126.0,0.0004235694072893,0.0036259866348369,0.0213032622065133,0.0537387913512918,0.122225527423802
2005,30,6.0,119.0,132.0,280.0,289.0,0.0003840061091494,0.0017312764786078,0.0121386053477196,0.0373367830310061,0.12366085752652
2005,30,13.0,359.0,318.0,541.0,415.0,0.0004043424064722,0.0026607514006747,0.0162199771330085,0.0437839220965106,0.123221519412528
2005,31,9.0,266.0,214.0,318.0,172.0,0.0005445892379434,0.0040188018536109,0.024510204904268,0.0654748492326084,0.166847545372174
2005,31,8.0,111.0,132.0,313.0,352.0,0.0005120081455326,0.0016148881439115,0.0121386053477196,0.0417371896025175,0.150618068682821
2005,31,17.0,377.0,346.0,631.0,524.0,0.0005287554546175,0.0027941595488979,0.0176481512201917,0.0510677538685734,0.155585725716059
2005,32,1.0,258.0,212.0,284.0,180.0,6.05099153270491e-05,0.0038979356324496,0.0242811375687141,0.0584743936542792,0.174607896319717
2005,32,8.0,99.0,135.0,324.0,313.0,0.0005120081455326,0.001440305641867,0.0124144827419859,0.0432039917930213,0.133930271300349
2005,32,9.0,357.0,347.0,608.0,493.0,0.0002799293583269,0.0026459282730943,0.0176991574375911,0.0492063301934907,0.146381226675605
2005,33,6.0,232.0,215.0,282.0,166.0,0.0003630594919622,0.0035051204136756,0.0246247385720449,0.0580626021496716,0.161027282161517
2005,33,7.0,130.0,129.0,321.0,297.0,0.000448007127341,0.0018913104388152,0.0118627279534532,0.0428039548319748,0.12708399545113
2005,33,13.0,362.0,344.0,603.0,463.0,0.0004043424064722,0.0026829860920452,0.0175461387853929,0.0488016728728205,0.137473646959037
2005,34,6.0,213.0,208.0,279.0,177.0,0.0003630594919622,0.0032180631384177,0.0238230028976063,0.0574449148927602,0.171697764714388
2005,34,2.0,116.0,115.0,301.0,289.0,0.0001280020363831,0.0016876308530967,0.0105753001135436,0.0401370417583315,0.12366085752652
2005,34,8.0,329.0,323.0,580.0,466.0,0.0002488260962905,0.0024384044869693,0.0164750082200055,0.0469402491977378,0.138364404930694
2005,35,2.0,235.0,212.0,267.0,136.0,0.000121019830654,0.0035504452466111,0.0242811375687141,0.0549741658651146,0.13192596610823
2005,35,5.0,74.0,118.0,247.0,260.0,0.0003200050909578,0.001076592095941,0.0108511775078099,0.0329363764594946,0.111251982549811
2005,35,7.0,309.0,330.0,514.0,396.0,0.0002177228342542,0.0022901732111657,0.0168320517418013,0.0415987725648918,0.117580052258701
2005,36,8.0,237.0,200.0,300.0,130.0,0.0004840793226163,0.0035806618019014,0.0229067335553906,0.06176872569114,0.126105702897573
2005,36,9.0,123.0,112.0,295.0,287.0,0.0005760091637241,0.0017894706459559,0.0102994227192772,0.0393369678362385,0.122805073045368
2005,36,17.0,360.0,312.0,595.0,417.0,0.0005287554546175,0.0026681629644649,0.0159139398286122,0.0481542211597483,0.123815358060299
2005,37,7.0,263.0,198.0,289.0,153.0,0.0004235694072893,0.0039734770206754,0.0226776662198367,0.0595038724157982,0.148416711871759
2005,37,2.0,117.0,111.0,275.0,243.0,0.0001280020363831,0.0017021793949337,0.0102074635878551,0.0366700547625952,0.103977814460015
2005,37,9.0,380.0,309.0,564.0,396.0,0.0002799293583269,0.0028163942402685,0.015760921176414,0.0456453457715933,0.117580052258701
2005,38,5.0,238.0,225.0,299.0,166.0,0.0003025495766352,0.0035957700795466,0.0257700752498145,0.0615628299388362,0.161027282161517
2005,38,7.0,106.0,131.0,290.0,269.0,0.000448007127341,0.0015421454347262,0.0120466462162975,0.0386702395678277,0.115103012714996
2005,38,12.0,344.0,356.0,589.0,435.0,0.0003732391444358,0.002549577943822,0.0181582133941857,0.0476686323749441,0.12915990589024
2005,39,6.0,239.0,203.0,304.0,147.0,0.0003630594919622,0.0036108783571917,0.0232503345587215,0.0625923087003552,0.142596448661102
2005,39,7.0,119.0,124.0,286.0,248.0,0.000448007127341,0.0017312764786078,0.0114029322963426,0.038136856953099,0.106117275662896
2005,39,13.0,358.0,327.0,590.0,395.0,0.0004043424064722,0.0026533398368845,0.0166790330896031,0.0477495638390781,0.117283132934815
2005,40,4.0,249.0,182.0,313.0,145.0,0.0002420396613081,0.0037619611336433,0.0208451275354055,0.0644453704710894,0.140656360924216
2005,40,7.0,109.0,120.0,284.0,308.0,0.000448007127341,0.0015857910602374,0.0110350957706542,0.0378701656457347,0.131790810097468
2005,40,11.0,358.0,302.0,597.0,453.0,0.0003421358823995,0.0026533398368845,0.0154038776546182,0.0483160840880163,0.134504453720181
2005,41,6.0,233.0,219.0,329.0,170.0,0.0003630594919622,0.0035202286913208,0.0250828732431528,0.0677397025079502,0.164907457635288
2005,41,5.0,103.0,124.0,281.0,301.0,0.0003200050909578,0.0014984998092151,0.0114029322963426,0.0374701286846882,0.128795564413435
2005,41,11.0,336.0,343.0,610.0,471.0,0.0003421358823995,0.0024902854335005,0.0174951325679935,0.0493681931217587,0.139849001550122
2005,42,4.0,223.0,194.0,291.0,158.0,0.0002420396613081,0.0033691459148693,0.0222195315487289,0.0599156639204058,0.153266931213974
2005,42,4.0,108.0,132.0,297.0,299.0,0.0002560040727663,0.0015712425184003,0.0121386053477196,0.0396036591436029,0.127939779932282
2005,42,8.0,331.0,326.0,588.0,457.0,0.0002488260962905,0.0024532276145496,0.0166280268722037,0.0475877009108101,0.135692131015723
2005,43,4.0,233.0,214.0,343.0,157.0,0.0002420396613081,0.0035202286913208,0.024510204904268,0.0706222430402034,0.152296887345531
2005,43,5.0,99.0,126.0,308.0,298.0,0.0003200050909578,0.001440305641867,0.0115868505591869,0.0410704613341067,0.127511887691706
2005,43,9.0,332.0,340.0,651.0,455.0,0.0002799293583269,0.0024606391783398,0.0173421139157953,0.052686383151254,0.135098292367952
2005,44,9.0,251.0,224.0,318.0,170.0,0.0005445892379434,0.0037921776889336,0.0256555415820375,0.0654748492326084,0.164907457635288
2005,44,4.0,109.0,137.0,292.0,286.0,0.0002560040727663,0.0015857910602374,0.0125984010048302,0.038936930875192,0.122377180804792
2005,44,13.0,360.0,361.0,610.0,456.0,0.0004043424064722,0.0026681629644649,0.0184132444811826,0.0493681931217587,0.135395211691838
2005,45,11.0,245.0,226.0,364.0,193.0,0.0006656090685975,0.0037015280230626,0.0258846089175914,0.0749460538385832,0.187218466609474
2005,45,6.0,95.0,133.0,324.0,302.0,0.0003840061091494,0.0013821114745188,0.0122305644791417,0.0432039917930213,0.129223456654011
2005,45,17.0,340.0,359.0,688.0,495.0,0.0005287554546175,0.0025199316886612,0.0183112320463839,0.0556808473242131,0.146975065323376
2005,46,6.0,251.0,201.0,375.0,200.0,0.0003630594919622,0.0037921776889336,0.0230212672231676,0.077210907113925,0.194008773688574
2005,46,7.0,90.0,168.0,360.0,371.0,0.000448007127341,0.0013093687653336,0.0154491340789158,0.0480044353255792,0.158748021253768
2005,46,13.0,341.0,369.0,735.0,571.0,0.0004043424064722,0.0025273432524514,0.0188212942203778,0.0594846261385126,0.169540933938683
2005,47,10.0,245.0,252.0,363.0,192.0,0.0006050991532704,0.0037015280230626,0.0288624842797922,0.0747401580862794,0.186248422741031
2005,47,8.0,100.0,141.0,363.0,349.0,0.0005120081455326,0.001454854183704,0.0129662375305186,0.0484044722866257,0.149334391961092
2005,47,18.0,345.0,393.0,726.0,541.0,0.0005598587166538,0.0025569895076121,0.0200454434379634,0.0587562429613063,0.160633354222114
2005,48,4.0,279.0,229.0,385.0,245.0,0.0002420396613081,0.0042152094629979,0.0262282099209223,0.079269864636963,0.237660747768503
2005,48,7.0,120.0,162.0,378.0,395.0,0.000448007127341,0.0017458250204448,0.0148973792903831,0.0504046570918582,0.169017435027597
2005,48,11.0,399.0,391.0,763.0,640.0,0.0003421358823995,0.0029572139522819,0.0199434310031646,0.0617507071342654,0.19002836728679
2005,49,3.0,263.0,253.0,405.0,205.0,0.0001815297459811,0.0039734770206754,0.0289770179475692,0.083387779683039,0.198858993030788
2005,49,6.0,107.0,148.0,317.0,390.0,0.0003840061091494,0.0015566939765633,0.0136099514504735,0.0422705722172461,0.166877973824716
2005,49,9.0,370.0,401.0,722.0,595.0,0.0002799293583269,0.0027422786023667,0.0204534931771586,0.0584325171047702,0.176666997711937
2005,50,6.0,277.0,274.0,364.0,196.0,0.0003630594919622,0.0041849929077076,0.0313822249708852,0.0749460538385832,0.190128598214803
2005,50,0.0,121.0,158.0,362.0,370.0,0.0,0.0017603735622819,0.0145295427646947,0.0482711266329435,0.158320129013192
2005,50,6.0,398.0,432.0,726.0,566.0,0.0001866195722179,0.0029498023884917,0.0220346859165399,0.0587562429613063,0.168056337319255
2005,51,10.0,240.0,263.0,439.0,246.0,0.0006050991532704,0.0036259866348369,0.0301223546253387,0.0903882352613682,0.238630791636946
2005,51,7.0,116.0,163.0,361.0,434.0,0.000448007127341,0.0016876308530967,0.0149893384218052,0.0481377809792614,0.185705232410069
2005,51,17.0,356.0,426.0,800.0,680.0,0.0005287554546175,0.0026385167093041,0.0217286486121435,0.0647451713072246,0.201905140242214
2005,52,11.0,270.0,261.0,398.0,244.0,0.0006656090685975,0.0040792349641915,0.0298932872897848,0.0819465094169124,0.23669070390006
2005,52,5.0,131.0,158.0,368.0,433.0,0.0003200050909578,0.0019058589806523,0.0145295427646947,0.0490712005550365,0.185277340169492
2005,52,16.0,401.0,419.0,766.0,677.0,0.0004976521925811,0.0029720370798622,0.0213716050903477,0.0619935015266675,0.201014382270557
2006,1,12.0,244.0,222.0,387.0,249.0,0.0007303615107851,0.0036844680970713,0.0255063812843024,0.0771767033422972,0.226820617812033
2006,1,2.0,107.0,147.0,430.0,433.0,0.0001286531954512,0.0015550391858311,0.0135563635210508,0.0557752114950406,0.17533060498857
2006,1,14.0,351.0,369.0,817.0,682.0,0.0004378298959755,0.0025993742825277,0.0188772678405931,0.0642094456419288,0.191175432857759
2006,2,5.0,259.0,264.0,381.0,253.0,0.0003043172961604,0.0039109722833667,0.0303319128786298,0.0759801653059825,0.23046432251584
2006,2,5.0,121.0,146.0,419.0,408.0,0.000321632988628,0.0017585022568744,0.0134641433610437,0.054348403759121,0.165207590843734
2006,2,10.0,380.0,410.0,800.0,661.0,0.0003127356399825,0.0028141373998875,0.0209747420451035,0.0628733861854872,0.18528879929469
2006,3,12.0,275.0,236.0,404.0,278.0,0.0007303615107851,0.0041525767487485,0.0271148918157448,0.0805668944451888,0.253237476914639
2006,3,3.0,111.0,136.0,393.0,450.0,0.0001929797931768,0.0016131714918434,0.0125419417609722,0.0509759491105836,0.182214254607059
2006,3,15.0,386.0,372.0,797.0,728.0,0.0004691034599738,0.0028585711483068,0.0190307415628744,0.0626376109872917,0.20406996351972
2006,4,6.0,259.0,255.0,400.0,241.0,0.0003651807553925,0.0039109722833667,0.0292978703941311,0.079769202420979,0.219533208404417
2006,4,8.0,123.0,128.0,356.0,413.0,0.0005146127818048,0.0017875684098806,0.011804180480915,0.0461766867261267,0.167232193672701
2006,4,14.0,382.0,383.0,756.0,654.0,0.0004378298959755,0.0028289486493606,0.0195934785445723,0.0594153499452854,0.183326588107001
2006,5,8.00605143721634,273.206505295008,316.239031770045,432.326777609682,293.221633888048,0.000487275985259,0.0041254944781632,0.0363338437896639,0.0862159055878908,0.267103261664019
2006,5,8.0,121.0,186.0,443.0,495.0,0.0005146127818048,0.0017585022568744,0.0171529497613296,0.0574614388193093,0.200435680067765
2006,5,16.0060514372163,394.206505295008,502.239031770045,875.326777609682,788.221633888048,0.0005005662739811,0.0029193454469201,0.0256934978935591,0.0687934481589395,0.220951044056302
2006,6,11.0086546026751,246.193548387097,268.210857592447,467.367427222659,279.219512195122,0.0006700248006101,0.0037175912899059,0.0308157135060481,0.0932038172677412,0.254348362495068
2006,6,9.0,106.0,164.0,403.0,466.0,0.0005789393795304,0.001540506109328,0.0151241062411723,0.0522730470523288,0.188692983659755
2006,6,20.0086546026751,352.193548387097,432.210857592447,870.367427222659,745.219512195122,0.0006257419402357,0.0026082132539874,0.022111003041694,0.068403684218799,0.208896866301981
2006,7,4.0,286.0,266.0,388.0,240.0,0.0002434538369283,0.0043186798186984,0.0305617000974073,0.0773761263483496,0.218622282228465
2006,7,3.0,119.0,151.0,388.0,451.0,0.0001929797931768,0.0017294361038682,0.0139252441610794,0.0503274001397111,0.182619175172853
2006,7,7.0,405.0,417.0,776.0,691.0,0.0002189149479877,0.0029992780183012,0.021332847397093,0.0609871845999226,0.19369827581336
2006,8,7.00657276995305,223.209389671361,233.218779342723,388.364319248826,214.200938967136,0.0004264442561407,0.0033705240787332,0.0267953473359237,0.0774487799881133,0.195121242218648
2006,8,5.0,110.0,133.0,340.0,416.0,0.000321632988628,0.0015986384153403,0.0122652812809507,0.0441013300193345,0.168446955370081
2006,8,12.006572769953,333.209389671361,366.218779342723,728.364319248826,630.200938967136,0.0003754883219208,0.0024676236985996,0.0187349864116739,0.0572434139098262,0.176655333276259
2006,9,5.0,272.0,244.0,409.0,245.0,0.0003043172961604,0.0041072759114894,0.0280340406908548,0.081564009475451,0.223176913108225
2006,9,6.0,107.0,144.0,415.0,466.0,0.0003859595863536,0.0015550391858311,0.0132797030410294,0.0538295645824229,0.188692983659755
2006,9,11.0,379.0,388.0,824.0,711.0,0.0003440092039807,0.002806731775151,0.0198492680817077,0.0647595877710519,0.199304593492473
2006,10,6.0,272.0,250.0,400.0,214.0,0.0003651807553925,0.0041072759114894,0.0287234023471873,0.079769202420979,0.194938201653715
2006,10,3.0,111.0,163.0,368.0,447.0,0.0001929797931768,0.0016131714918434,0.0150318860811652,0.0477332042562208,0.180999492909679
2006,10,9.0,383.0,413.0,768.0,661.0,0.0002814620759842,0.0028363542740972,0.0211282157673847,0.0603584507380677,0.18528879929469
2006,11,5.0,276.0,243.0,329.0,226.0,0.0003043172961604,0.0041676770278348,0.0279191470814661,0.0656101689912552,0.205869315765138
2006,11,8.0,110.0,158.0,393.0,416.0,0.0005146127818048,0.0015986384153403,0.0145707852811294,0.0509759491105836,0.168446955370081
2006,11,13.0,386.0,401.0,722.0,642.0,0.0004065563319773,0.0028585711483068,0.0205143208782597,0.0567432310324022,0.179962797499533
2006,12,11.0,228.0,221.0,362.0,201.0,0.000669498051553,0.0034428636316896,0.0253914876749136,0.072191128190986,0.18309616136634
2006,12,7.0,93.0,133.0,327.0,392.0,0.0004502861840792,0.0013515761147877,0.0122652812809507,0.0424151026950658,0.158728861791038
2006,12,18.0,321.0,354.0,689.0,593.0,0.0005629241519685,0.0023772055404313,0.0181098992291869,0.0541497038522509,0.166227319185706
2006,13,7.0,217.0,190.0,327.0,195.0,0.0004260442146246,0.0032767605617397,0.0218297857838624,0.0652113229791503,0.177630604310628
2006,13,5.0,91.0,140.0,317.0,348.0,0.000321632988628,0.0013225099617815,0.0129108224010008,0.0411180047533207,0.140912356896126
2006,13,12.0,308.0,330.0,644.0,543.0,0.000375282767979,0.0022809324188562,0.0168821094509369,0.0506130758793172,0.152211524987923
2006,14,6.0,265.0,236.0,353.0,200.0,0.0003651807553925,0.0040015739578849,0.0271148918157448,0.070396321136514,0.182185235190388
2006,14,3.0,106.0,151.0,320.0,362.0,0.0001929797931768,0.001540506109328,0.0139252441610794,0.0415071341358442,0.146581244817234
2006,14,9.0,371.0,387.0,673.0,562.0,0.0002814620759842,0.0027474867772586,0.0197981101742806,0.0528922361285411,0.15753752678308
2006,15,6.0,238.0,191.0,325.0,182.0,0.0003651807553925,0.0035938664225532,0.0219446793932511,0.0648124769670454,0.165788564023253
2006,15,1.0,94.0,144.0,293.0,335.0,6.43265977256021e-05,0.0013661091912908,0.0132797030410294,0.0380049696931323,0.135648389540811
2006,15,7.0,332.0,335.0,618.0,517.0,0.0002189149479877,0.0024586674125333,0.0171378989880723,0.0485696908282889,0.144923312005076
2006,16,4.0,224.0,228.0,317.0,187.0,0.0002434538369283,0.0033824625153442,0.0261957429406349,0.0632170929186258,0.170343194903012
2006,16,7.0,107.0,142.0,308.0,310.0,0.0004502861840792,0.0015550391858311,0.0130952627210151,0.03995061660575,0.125525375395974
2006,16,11.0,331.0,370.0,625.0,497.0,0.0003440092039807,0.0024512617877967,0.0189284257480202,0.0491198329574119,0.139316994325962
2006,17,5.00505561172902,254.256825075834,205.20728008089,341.344792719919,184.186046511628,0.0003046249981788,0.0038393490182564,0.0235770050813414,0.0680720046645559,0.167779891012543
2006,17,9.01045296167247,93.1080139372822,120.1393728223,296.343786295006,343.39837398374,0.0005796117829909,0.0013531458896017,0.0110792721848309,0.0384386915252211,0.139049063886052
2006,17,14.0155085734015,347.364839013116,325.34665290319,637.688579014925,527.584420495368,0.0004383149043383,0.0025724536444019,0.0166440539509323,0.0501170503681,0.147890293192393
2006,18,6.00637619553666,264.280552603613,197.209351753454,316.335812964931,158.167906482465,0.0003655688327096,0.0039907101014115,0.0226580942281698,0.0630846387435113,0.144079286210396
2006,18,3.0,117.0,148.0,269.0,310.0,0.0001929797931768,0.001700369950862,0.013648583681058,0.034891934632944,0.125525375395974
2006,18,9.00637619553666,381.280552603613,345.209351753454,585.335812964931,468.167906482465,0.0002816614823434,0.0028236206919253,0.0176601880599661,0.0460025557709253,0.131234900545302
2006,19,7.0,236.0,218.0,338.0,161.0,0.0004260442146246,0.0035636658643805,0.0250468068467474,0.0674049760457272,0.146659114328262
2006,19,3.0,95.0,106.0,270.0,319.0,0.0001929797931768,0.0013806422677939,0.0097753369607577,0.0350216444271185,0.129169660488115
2006,19,10.0,331.0,324.0,608.0,480.0,0.0003127356399825,0.0024512617877967,0.0165751620063745,0.0477837735009703,0.134551624298716
2006,20,9.0,257.0,190.0,332.0,179.0,0.0005477711330888,0.003880771725194,0.0218297857838624,0.0662084380094126,0.163055785495397
2006,20,4.0,99.0,122.0,304.0,295.0,0.0002573063909024,0.0014387745738063,0.0112508595208721,0.039431777429052,0.119451566909072
2006,20,13.0,356.0,312.0,636.0,474.0,0.0004065563319773,0.0026364024062104,0.0159612671172495,0.0499843420174624,0.132869728994982
2006,21,6.00632244467861,273.287671232877,208.219178082192,318.335089567966,144.151738672287,0.0003655655612465,0.0041267201064773,0.0239230529138218,0.063483340493619,0.131311592065569
2006,21,5.0,116.0,142.0,288.0,321.0,0.000321632988628,0.0016858368743589,0.0130952627210151,0.0373564207222598,0.129979501619702
2006,21,11.0063224446786,389.287671232877,350.219178082192,606.335089567966,465.151738672287,0.000344206929359,0.0028829184077146,0.0179164802915174,0.0476529253052734,0.130389420799434
2006,22,13.0,273.0,201.0,320.0,192.0,0.0007912249700172,0.0041223761905757,0.0230936154871386,0.0638153619367832,0.174897825782772
2006,22,3.0,112.0,119.0,324.0,336.0,0.0001929797931768,0.0016277045683465,0.0109741990408507,0.0420259733125422,0.136053310106604
2006,22,16.0,385.0,320.0,644.0,528.0,0.000500377023972,0.0028511655235702,0.0163705303766661,0.0506130758793172,0.148006786728588
2006,23,8.0,251.0,188.0,329.0,181.0,0.0004869076738567,0.0037901700506759,0.0215999985650849,0.0656101689912552,0.164877637847301
2006,23,7.0,93.0,131.0,305.0,294.0,0.0004502861840792,0.0013515761147877,0.0120808409609364,0.0395614872232265,0.119046646343279
2006,23,15.0,344.0,319.0,634.0,475.0,0.0004691034599738,0.0025475349093718,0.016319372469239,0.0498271585519986,0.133150044878938
2006,24,11.0,243.0,194.0,307.0,141.0,0.000669498051553,0.003669367817985,0.0222893602214174,0.0612228628581014,0.128440590809223
2006,24,6.0,115.0,131.0,293.0,282.0,0.0003859595863536,0.0016713037978558,0.0120808409609364,0.0380049696931323,0.114187599553757
2006,24,17.0,358.0,325.0,600.0,423.0,0.0005316505879703,0.0026512136556835,0.0166263199138015,0.0471550396391154,0.118573618913244
2006,25,11.0,243.0,209.0,275.0,162.0,0.000669498051553,0.003669367817985,0.0240127643622486,0.0548413266644231,0.147570040504214
2006,25,4.0,100.0,122.0,259.0,285.0,0.0002573063909024,0.0014533076503094,0.0112508595208721,0.0335948366911989,0.115402361251138
2006,25,15.0,343.0,331.0,534.0,447.0,0.0004691034599738,0.0025401292846353,0.016933267358364,0.0419679852788127,0.125301200128179
2006,26,3.0032930845225,244.267837541164,212.232711306257,293.321624588364,159.174533479693,0.0001827908062118,0.0036885125186927,0.0243841822323363,0.0584950801155991,0.14499624909159
2006,26,5.0,97.0,119.0,261.0,261.0,0.000321632988628,0.0014097084208001,0.0109741990408507,0.0338542562795479,0.105684267672094
2006,26,8.0032930845225,341.267837541164,331.232711306257,554.321624588364,420.174533479693,0.0002502914984756,0.0025273015394824,0.0169451723818268,0.0435650969671386,0.117781595768017
2006,27,11.0,254.0,210.0,312.0,160.0,0.000669498051553,0.0038354708879349,0.0241276579716374,0.0622199778883636,0.14574818815231
2006,27,3.0,96.0,122.0,277.0,286.0,0.0001929797931768,0.001395175344297,0.0112508595208721,0.0359296129863401,0.115807281816931
2006,27,14.0,350.0,332.0,589.0,446.0,0.0004378298959755,0.0025919686577911,0.0169844252657911,0.046290530579065,0.125020884244224
2006,28,6.0,288.0,232.0,399.0,204.0,0.0003651807553925,0.0043488803768711,0.0266553173781898,0.0795697794149265,0.185828939894195
2006,28,3.0,121.0,152.0,408.0,456.0,0.0001929797931768,0.0017585022568744,0.0140174643210866,0.0529215960232013,0.18464377800182
2006,28,9.0,409.0,384.0,807.0,660.0,0.0002814620759842,0.0030289005172474,0.0196446364519994,0.0634235283146102,0.185008483410735
2006,29,10.0092850510678,250.232126276695,248.230269266481,368.341689879294,201.186629526462,0.0006091997126481,0.0037785749431509,0.0285200715955671,0.0734558070501672,0.1832661670872
2006,29,3.0,97.0,160.0,373.0,526.0,0.0001929797931768,0.0014097084208001,0.0147552256011437,0.0483817532270934,0.212988217607363
2006,29,13.0092850510678,347.232126276695,408.230269266481,741.341689879294,727.186629526462,0.0004068467086161,0.0025714708236782,0.0208842063240672,0.0582633279539782,0.203841962856446
2006,30,13.014348785872,227.25055187638,206.227373068433,294.324503311258,166.183222958057,0.0007920982867612,0.0034315467558622,0.0236942072465924,0.0586950772052246,0.151380647796552
2006,30,6.0,123.0,129.0,275.0,326.0,0.0003859595863536,0.0017875684098806,0.0118964006409221,0.0356701933979911,0.13200410444867
2006,30,19.014348785872,350.25055187638,335.227373068433,569.324503311258,492.183222958057,0.00059464645364,0.0025938241509646,0.0171495309184587,0.0447441992019368,0.137966775211633
2006,31,10.0105708245243,226.238900634249,208.219873150106,306.323467230444,196.207188160677,0.0006092779692684,0.003416270539768,0.0239231327726832,0.0610879466595035,0.178730263605487
2006,31,6.0,106.0,119.0,322.0,344.0,0.0003859595863536,0.001540506109328,0.0109741990408507,0.0417665537241932,0.139292674632952
2006,31,16.0105708245243,332.238900634249,327.219873150106,628.323467230444,540.207188160677,0.0005007076113293,0.0024604366209799,0.0167398839789145,0.0493810300057301,0.151428655468461
2006,32,6.0,258.0,212.0,364.0,170.0,0.0003651807553925,0.0038958720042804,0.0243574451904149,0.0725899742030909,0.154857449911829
2006,32,6.0,114.0,108.0,363.0,377.0,0.0003859595863536,0.0016567707213527,0.009959777280772,0.0470846552853483,0.152655053304136
2006,32,12.0,372.0,320.0,727.0,547.0,0.000375282767979,0.0027548924019951,0.0163705303766661,0.0571361896960615,0.153332788523745
2006,33,7.00788288288288,230.259009009009,180.202702702703,317.356981981982,154.173423423423,0.0004265239941456,0.0034769752981843,0.0207041389351213,0.0632882833385793,0.140440607032518
2006,33,8.0,111.0,129.0,269.0,307.0,0.0005146127818048,0.0016131714918434,0.0118964006409221,0.034891934632944,0.124310613698594
2006,33,15.0078828828829,341.259009009009,309.202702702703,586.356981981982,461.173423423423,0.0004693499858161,0.0025272361586863,0.0158181632410683,0.0460828112133874,0.129274235843794
2006,34,5.0,216.0,221.0,317.0,177.0,0.0003043172961604,0.0032616602826533,0.0253914876749136,0.0632170929186258,0.161233933143493
2006,34,1.0,84.0,101.0,284.0,300.0,6.43265977256021e-05,0.0012207784262599,0.0093142361607219,0.0368375815455617,0.12147616973804
2006,34,6.0,300.0,322.0,601.0,477.0,0.0001876413839895,0.0022216874209638,0.0164728461915203,0.0472336313718473,0.133710676646849
2006,35,6.01295896328294,244.526997840173,209.451403887689,288.622030237581,179.386609071274,0.000365969482726,0.0036924259115359,0.0240646277841973,0.0575578728829388,0.163407957818281
2006,35,4.0,110.0,117.0,314.0,289.0,0.0002573063909024,0.0015986384153403,0.0107897587208364,0.0407288753707971,0.117022043514311
2006,35,10.0129589632829,354.526997840173,326.451403887689,602.622030237581,468.386609071274,0.0003131409129501,0.0026254939049786,0.0167005706995272,0.0473611095387622,0.131296206354808
2006,36,4.0,243.0,229.0,329.0,184.0,0.0002434538369283,0.003669367817985,0.0263106365500236,0.0656101689912552,0.167610416375157
2006,36,4.0,96.0,115.0,313.0,341.0,0.0002573063909024,0.001395175344297,0.0106053184008221,0.0405991655766226,0.138077912935572
2006,36,8.0,339.0,344.0,642.0,525.0,0.000250188511986,0.0025105067856891,0.0175983201549161,0.0504558924138535,0.147165839076721
2006,37,6.0,246.0,196.0,284.0,149.0,0.0003651807553925,0.0037146686552441,0.0225191474401949,0.0566361337188951,0.135728000216839
2006,37,4.0,108.0,114.0,278.0,291.0,0.0002573063909024,0.0015695722623341,0.0105130982408149,0.0360593227805146,0.117831884645898
2006,37,10.0,354.0,310.0,562.0,440.0,0.0003127356399825,0.0026215911567373,0.0158589513023953,0.0441685537953048,0.12333898894049
2006,38,1.00112107623318,224.251121076233,210.235426008969,306.343049327354,151.169282511211,6.09316918097123e-05,0.0033862545136798,0.0241547069155518,0.0610918517801342,0.137704056439335
2006,38,9.0,119.0,123.0,289.0,285.0,0.0005789393795304,0.0017294361038682,0.0113430796808793,0.0374861305164343,0.115402361251138
2006,38,10.0011210762332,343.251121076233,333.235426008969,595.343049327354,436.169282511211,0.0003127707000318,0.0025419889930893,0.0170476270751909,0.0467890418165054,0.122265177981436
2006,39,9.01034482758621,240.275862068966,188.216091954023,279.320689655172,154.177011494253,0.0005484007550809,0.0036282325749566,0.0216248261496424,0.0557029715836772,0.140443875500158
2006,39,3.0,100.0,117.0,271.0,268.0,0.0001929797931768,0.0014533076503094,0.0107897587208364,0.035151354221293,0.108518711632649
2006,39,12.0103448275862,340.275862068966,305.216091954023,550.320689655172,422.177011494253,0.0003756062876066,0.0025199553413875,0.0156142165774395,0.0432506565581916,0.11834292216277
2006,40,5.00572082379863,222.254004576659,176.201372997712,312.356979405034,159.181922196796,0.0003046654852865,0.0033560974971682,0.0202444117229604,0.0622911677944144,0.145002979667407
2006,40,5.00570776255708,106.12100456621,125.142694063927,329.375570776256,311.35502283105,0.0003220001495739,0.0015422646779459,0.011540679270301,0.0427232374915009,0.126074052007386
2006,40,10.0114285863557,328.375009142869,301.344067061639,641.73255018129,470.536945027846,0.0003130930526093,0.002431822090572,0.0154161318864396,0.0504348730691823,0.131898979679276
2006,41,12.0,260.0,199.0,320.0,174.0,0.0007303615107851,0.0039260725624531,0.0228638282683611,0.0638153619367832,0.158501154615637
2006,41,6.0,97.0,106.0,303.0,282.0,0.0003859595863536,0.0014097084208001,0.0097753369607577,0.0393020676348775,0.114187599553757
2006,41,18.0,357.0,305.0,623.0,456.0,0.0005629241519685,0.0026438080309469,0.0156031617652599,0.0489626494919482,0.12782404308378
2006,42,4.00845665961945,235.496828752643,207.437632135307,323.682875264271,177.374207188161,0.0002439685384863,0.0035560678381172,0.023833258279081,0.0645498119929002,0.161574808266418
2006,42,6.0,97.0,119.0,297.0,284.0,0.0003859595863536,0.0014097084208001,0.0109741990408507,0.0385238088698304,0.114997440685344
2006,42,10.0084566596195,332.496828752643,326.437632135307,620.682875264271,461.374207188161,0.0003130001098683,0.0024623467398337,0.0166998661654938,0.0487805426440114,0.129330518722291
2006,43,8.00882028665932,225.248070562293,190.209481808159,326.359426681367,158.174200661521,0.0004874445070142,0.0034013087291543,0.021853853904903,0.0650835779223516,0.144085019742854
2006,43,5.0,117.0,120.0,300.0,317.0,0.000321632988628,0.001700369950862,0.0110664192008578,0.0389129382523539,0.128359819356528
2006,43,13.0088202866593,342.248070562293,310.209481808159,626.359426681367,475.174200661521,0.0004068321737766,0.0025345607773913,0.0158696679533448,0.0492266726558225,0.133198876091358
2006,44,6.00600600600601,256.256256256256,212.212212212212,314.314314314314,211.211211211211,0.0003655463016942,0.0038695409870947,0.0243818270174323,0.0626815054058744,0.192397820946806
2006,44,3.0,100.0,124.0,292.0,325.0,0.0001929797931768,0.0014533076503094,0.0114352998408864,0.0378752598989578,0.131599183882876
2006,44,9.00600600600601,356.256256256256,336.212212212212,606.314314314314,536.211211211211,0.0002816499051974,0.0026383001438806,0.0171999132282067,0.0476512925420909,0.150308519657605
2006,45,6.00630914826498,229.24079915878,220.231335436383,320.336487907466,176.185068349106,0.0003655647519808,0.0034616000452773,0.0253031730287904,0.0638824653667903,0.160491590571082
2006,45,9.0,104.0,126.0,306.0,287.0,0.0005789393795304,0.0015114399563218,0.0116197401609007,0.039691197017401,0.116212202382724
2006,45,15.006309148265,333.24079915878,346.231335436383,626.336487907466,463.185068349106,0.0004693007695258,0.0024678563054766,0.0177124706066093,0.0492248698578348,0.129838131869342
2006,46,9.0,236.0,227.0,333.0,201.0,0.0005477711330888,0.0035636658643805,0.0260808493312461,0.066407861015465,0.18309616136634
2006,46,1.0,114.0,124.0,278.0,324.0,6.43265977256021e-05,0.0016567707213527,0.0114352998408864,0.0360593227805146,0.131194263317083
2006,46,10.0,350.0,351.0,611.0,525.0,0.0003127356399825,0.0025919686577911,0.0179564255069057,0.0480195486991659,0.147165839076721
2006,47,9.00910931174089,238.240890688259,217.21963562753,341.345141700405,183.185222672065,0.0005483255573126,0.0035975039391752,0.0249571479673559,0.0680720742592934,0.166868214379568
2006,47,9.0,117.0,129.0,302.0,307.0,0.0005789393795304,0.001700369950862,0.0118964006409221,0.039172357840703,0.124310613698594
2006,47,18.0091093117409,355.240890688259,346.21963562753,643.345141700405,490.185222672065,0.0005632090326122,0.0026307807275136,0.0177118720688711,0.0505616094308582,0.137406703995321
2006,48,5.00490196078431,257.251960784314,207.202941176471,347.340196078431,204.2,0.0003046156464508,0.003884576403356,0.0238062937877294,0.0692676260248073,0.186011125129386
2006,48,4.0,131.0,141.0,328.0,333.0,0.0002573063909024,0.0019038330219053,0.0130030425610079,0.0425448124892403,0.134838548409224
2006,48,9.00490196078431,388.251960784314,348.202941176471,675.340196078431,537.2,0.0002816153777685,0.0028752483247968,0.0178133338305435,0.0530761561932773,0.15058569286098
2006,49,4.0,273.0,234.0,335.0,215.0,0.0002434538369283,0.0041223761905757,0.0268851045969673,0.0668067070275699,0.195849127829667
2006,49,5.0,94.0,111.0,286.0,349.0,0.000321632988628,0.0013661091912908,0.0102364377607935,0.0370970011339107,0.141317277461919
2006,49,9.0,367.0,345.0,621.0,564.0,0.0002814620759842,0.0027178642783124,0.0176494780623432,0.0488054660264845,0.158098158550992
2006,50,8.0,293.0,254.0,399.0,234.0,0.0004869076738567,0.0044243817723029,0.0291829767847423,0.0795697794149265,0.213156725172753
2006,50,2.0,128.0,156.0,360.0,410.0,0.0001286531954512,0.001860233792396,0.0143863449611151,0.0466955259028247,0.166017431975321
2006,50,10.0,421.0,410.0,759.0,644.0,0.0003127356399825,0.0031177680140859,0.0209747420451035,0.059651125143481,0.180523429267444
2006,51,4.00308404009252,291.224363916731,278.21434078643,451.347725520432,273.210485736315,0.0002436415422768,0.0043975691718897,0.0319650497966645,0.0900091201982195,0.248874583001752
2006,51,5.0,110.0,139.0,395.0,444.0,0.000321632988628,0.0015986384153403,0.0128186022409936,0.0512353686989327,0.179784731212298
2006,51,9.00308404009252,401.224363916731,417.21434078643,846.347725520432,717.210485736315,0.0002815585249094,0.0029713170743267,0.0213438126232031,0.0665159342423186,0.201045491291443
2006,52,13.0,328.0,281.0,476.0,291.0,0.0007912249700172,0.0049528915403254,0.0322851042382386,0.094925350880965,0.265079517202014
2006,52,5.0,112.0,172.0,458.0,521.0,0.000321632988628,0.0016277045683465,0.0158618675212295,0.059407085731927,0.210963614778395
2006,52,18.0,440.0,453.0,934.0,812.0,0.0005629241519685,0.0032584748840803,0.023174532064468,0.0734046783715563,0.227616497771995
2007,1,11.0087094220111,271.214568487728,249.197149643705,474.375296912114,258.204275534442,0.000675583475939,0.0040904338077966,0.0288239711243741,0.0916363176332278,0.220570292430259
2007,1,6.0,135.0,157.0,413.0,491.0,0.0003886941446282,0.0019579606393659,0.0145590624027019,0.0521486513872167,0.188200649305562
2007,1,17.0087094220111,406.214568487728,406.197149643705,887.375296912114,749.204275534442,0.0005360211459354,0.0030033485087218,0.0209065897174329,0.0677572699775525,0.198226367597129
2007,2,6.0,265.0,245.0,391.0,264.0,0.0003682085429132,0.003996706242995,0.0283384979947343,0.0755304933199971,0.22552127411934
2007,2,6.0,97.0,148.0,388.0,452.0,0.0003886941446282,0.0014068309779148,0.013724466468789,0.0489919533613561,0.173251921560314
2007,2,12.0,362.0,393.0,779.0,716.0,0.0003781741219531,0.0026764479772471,0.0202273446924923,0.0594820629965553,0.189441096152714
2007,3,4.0,266.0,238.0,399.0,264.0,0.0002454723619421,0.0040117881533459,0.0275288266234562,0.0770758742574906,0.22552127411934
2007,3,3.0,111.0,131.0,394.0,442.0,0.0001943470723141,0.0016098787479231,0.0121480074825092,0.0497495608875627,0.169418914446147
2007,3,7.0,377.0,369.0,793.0,706.0,0.0002206015711393,0.0027873505177408,0.0189920870013478,0.0605510602776231,0.186795270787453
2007,4,6.0,267.0,272.0,422.0,248.0,0.0003682085429132,0.0040268700636968,0.0314615161410928,0.0815188444527846,0.211853318112107
2007,4,10.0,114.0,156.0,462.0,458.0,0.0006478235743804,0.0016533889843534,0.014466329521156,0.0583357795179034,0.175551725828813
2007,4,16.0,381.0,428.0,884.0,706.0,0.0005042321626041,0.0028169245285391,0.0220287621587448,0.0674995426045635,0.186795270787453
2007,5,1.0,287.0,271.0,522.0,327.0,6.13680904855462e-05,0.0043285082707153,0.0313458488023388,0.100836106171454,0.279338850897819
2007,5,4.0,131.0,172.0,478.0,520.0,0.0002591294297521,0.0018999469907921,0.01595005562589,0.0603560662544542,0.199316369936644
2007,5,5.0,418.0,443.0,1000.0,847.0,0.0001575725508138,0.0030904841284235,0.0228007982157102,0.0763569486476962,0.224101408437638
2007,6,2.00140944326991,292.205778717407,276.194503171247,521.367159971811,328.231148696265,0.0001228226758132,0.004407021358638,0.0319466831603063,0.100713858806948,0.280390556286501
2007,6,4.0,124.0,157.0,486.0,575.0,0.0002591294297521,0.001798423105788,0.0145590624027019,0.0613662096227296,0.220397909064558
2007,6,6.00140944326991,416.205778717407,433.194503171247,1007.36715997181,903.231148696265,0.0001891314788908,0.003077218548527,0.0222961184084931,0.0769194825033432,0.238979188391474
2007,7,5.0,271.0,273.0,481.0,286.0,0.0003068404524277,0.0040871977051005,0.0315771834798468,0.0929160288667995,0.244314713629285
2007,7,7.0,104.0,141.0,449.0,539.0,0.0004534765020663,0.0015083548629189,0.0130753362979679,0.0566942965444559,0.20659908345356
2007,7,12.0,375.0,414.0,930.0,825.0,0.0003781741219531,0.0027725635123416,0.0213081951722438,0.0710119622423575,0.218280592634063
2007,8,6.0,249.0,238.0,417.0,279.0,0.0003682085429132,0.0037553956773802,0.0275288266234562,0.0805529813668511,0.23833498287612
2007,8,9.0,126.0,177.0,434.0,500.0,0.0005830412169423,0.0018274299300749,0.0164137200336193,0.0548002777289396,0.191650355708312
2007,8,15.0,375.0,415.0,851.0,779.0,0.0004727176524414,0.0027725635123416,0.0213596642427082,0.0649797632991895,0.206109795953861
2007,9,3.00266193433895,261.231588287489,240.212954747116,394.349600709849,229.203194321207,0.000184267629284,0.0039398713953815,0.0277847932098382,0.076177544455649,0.195796198543717
2007,9,8.0,96.0,141.0,403.0,445.0,0.0005182588595043,0.0013923275657713,0.0130753362979679,0.0508859721768725,0.170568816580397
2007,9,11.0026619343389,357.231588287489,381.212954747116,797.349600709849,674.203194321207,0.0003467435013471,0.002641192712378,0.0196206764298051,0.060883182515663,0.178382391287529
2007,10,7.0,257.0,227.0,383.0,243.0,0.0004295766333988,0.0038760509601876,0.026256485897162,0.0739851123825035,0.207582081859847
2007,10,4.0,128.0,147.0,364.0,452.0,0.0002591294297521,0.0018564367543618,0.0136317335872432,0.04596152325653,0.173251921560314
2007,10,11.0,385.0,374.0,747.0,695.0,0.0003466596117903,0.0028464985393374,0.0192494323536696,0.0570386406398291,0.183884862885665
2007,11,6.0,274.0,229.0,369.0,211.0,0.0003682085429132,0.0041324434361533,0.0264878205746701,0.0712806957418898,0.180246169845381
2007,11,4.0,118.0,145.0,374.0,390.0,0.0002591294297521,0.0017114026329273,0.0134462678241514,0.0472242024668742,0.149487277452483
2007,11,10.0,392.0,374.0,743.0,601.0,0.0003151451016276,0.0028982530582344,0.0192494323536696,0.0567332128452383,0.159014104452208
2007,12,2.00184672206833,262.241920590951,238.219759926131,364.336103416436,217.200369344414,0.000122849510778,0.003955109136607,0.0275542456692766,0.0703797586325547,0.185542818309634
2007,12,3.0,118.0,130.0,355.0,379.0,0.0001943470723141,0.0017114026329273,0.0120552746009633,0.0448251119672202,0.1452709696269
2007,12,5.00184672206833,380.241920590951,368.219759926131,719.336103416436,596.200369344414,0.0001576307493551,0.0028113196663818,0.0189519287700067,0.0549263099090027,0.157744205998965
2007,13,4.0,284.0,225.0,381.0,195.0,0.0002454723619421,0.0042832625396626,0.026025151219654,0.0735987671481302,0.166578213838149
2007,13,5.0,100.0,137.0,316.0,412.0,0.0003239117871902,0.0014503412143451,0.0127044047717844,0.0399006630468777,0.157919893103649
2007,13,9.0,384.0,362.0,697.0,607.0,0.0002836305914648,0.0028391050366378,0.0186318035080973,0.0532207932074443,0.160601599671365
2007,14,6.0,253.0,232.0,318.0,236.0,0.0003682085429132,0.0038157233187839,0.0268348225909321,0.0614288922653685,0.201602351106683
2007,14,4.0,102.0,149.0,334.0,443.0,0.0002591294297521,0.001479348038632,0.0138171993503349,0.0421734856254973,0.169802215157564
2007,14,10.0,355.0,381.0,652.0,679.0,0.0003151451016276,0.0026246934583501,0.0196097158469201,0.0497847305182979,0.179651542301247
2007,15,12.0,205.0,219.0,367.0,231.0,0.0007364170858265,0.0030917916219395,0.0253311471871299,0.0708943505075165,0.197331114854422
2007,15,8.0,117.0,119.0,339.0,362.0,0.0005182588595043,0.0016968992207838,0.0110352129039588,0.0428048252306694,0.138754857532818
2007,15,20.0,322.0,338.0,706.0,593.0,0.0006302902032552,0.002380707869264,0.0173965458169527,0.0539080057452735,0.156897444159999
2007,16,7.0,270.0,220.0,350.0,209.0,0.0004295766333988,0.0040721157947496,0.0254468145258839,0.0676104160153427,0.178537675344477
2007,16,4.00401203610832,100.100300902708,137.13741223671,335.336008024072,421.422266800401,0.0002593893389094,0.0014517959196755,0.0127171474044542,0.0423421805811822,0.1615314546714
2007,16,11.0040120361083,370.100300902708,357.13741223671,685.336008024072,630.422266800401,0.000346786049143,0.0027363375738387,0.0183815306358694,0.0523301663711112,0.166798722432607
2007,17,4.00431034482759,209.225215517241,199.214439655172,345.371767241379,171.184267241379,0.0002457368795735,0.0031555159435839,0.0230426040762867,0.0667163681804107,0.146233689611596
2007,17,2.0,95.0,125.0,318.0,365.0,0.000129564714876,0.0013778241536279,0.011591610193234,0.0401531988889465,0.139904759667067
2007,17,6.00431034482759,304.225215517241,324.214439655172,663.371767241379,536.184267241379,0.0001892228993824,0.0022492899522063,0.0166870158401741,0.0506530439655815,0.141864993472132
2007,18,4.00394088669951,252.248275862069,234.230541871921,334.329064039409,191.188177339901,0.0002457142066337,0.003804385882727,0.0270928234332366,0.0645832203020702,0.163321974811549
2007,18,5.0,107.0,129.0,280.0,330.0,0.0003239117871902,0.0015518650993493,0.0119625417194175,0.0353550178896384,0.126489234767486
2007,18,9.00394088669951,359.248275862069,363.230541871921,614.329064039409,521.188177339901,0.0002837547865787,0.0026561030974048,0.0186951383544125,0.0469082927956444,0.137897289968025
2007,19,8.0,237.0,195.0,285.0,175.0,0.0004909447238843,0.0035744127531691,0.0225551310570335,0.0550541958982076,0.149493268829108
2007,19,3.0,105.0,128.0,306.0,347.0,0.0001943470723141,0.0015228582750624,0.0118698088378716,0.0386379838365334,0.133005346861568
2007,19,11.0,342.0,323.0,591.0,522.0,0.0003466596117903,0.0025285779232555,0.0166245097599873,0.0451269566507885,0.138112084066643
2007,20,8.00847457627119,241.255296610169,201.212923728814,302.319915254237,192.203389830508,0.0004914647924478,0.0036385907551603,0.023273763410627,0.0583999292573203,0.164189217290274
2007,20,3.0,97.0,115.0,314.0,342.0,0.0001943470723141,0.0014068309779148,0.0106642813777753,0.0396481272048088,0.131088843304485
2007,20,11.0084745762712,338.255296610169,316.212923728814,616.319915254237,534.203389830508,0.0003469266839103,0.0025008914486337,0.0162751852531387,0.0470603081196203,0.141340887902217
2007,21,5.0,230.0,196.0,311.0,177.0,0.0003068404524277,0.0034688393807126,0.0226707983957875,0.0600766839450616,0.151201763330012
2007,21,2.0,87.0,132.0,287.0,317.0,0.000129564714876,0.0012617968564803,0.0122407403640551,0.0362388933368794,0.12150632551907
2007,21,7.0,317.0,328.0,598.0,494.0,0.0002206015711393,0.0023437403557661,0.0168818551123091,0.0456614552913223,0.130703773043912
2007,22,7.00751879699248,248.266380236305,195.209452201933,317.340494092374,164.176154672395,0.000430038047613,0.0037443312898725,0.0225793578358273,0.0613014937831422,0.140247028718683
2007,22,6.0,94.0,130.0,289.0,302.0,0.0003886941446282,0.0013633207414844,0.0120552746009633,0.0364914291789483,0.11575681484782
2007,22,13.0075187969925,342.266380236305,325.209452201933,606.340494092374,466.176154672395,0.0004099255833201,0.0025305474062518,0.0167382282110563,0.0462983099704301,0.123342069471223
2007,23,4.0,234.0,205.0,301.0,195.0,0.0002454723619421,0.0035291670221163,0.0237118044445736,0.0581449577731947,0.166578213838149
2007,23,6.0,116.0,132.0,314.0,344.0,0.0003886941446282,0.0016823958086404,0.0122407403640551,0.0396481272048088,0.131855444727318
2007,23,10.0,350.0,337.0,615.0,539.0,0.0003151451016276,0.0025877259448522,0.0173450767464883,0.0469595234183332,0.142609987187588
2007,24,10.0,216.0,175.0,281.0,153.0,0.0006136809048554,0.0032576926357997,0.0202417842819531,0.0542815054294608,0.130699829319163
2007,24,4.0,95.0,115.0,310.0,298.0,0.0002591294297521,0.0013778241536279,0.0106642813777753,0.0391430555206711,0.114223612002154
2007,24,14.0,311.0,290.0,591.0,451.0,0.0004412031422786,0.0022993793395686,0.0149260304346636,0.0451269566507885,0.119326723973288
2007,25,4.0,225.0,187.0,280.0,151.0,0.0002454723619421,0.003393429828958,0.0216297923470013,0.0540883328122741,0.128991334818259
2007,25,2.0,104.0,119.0,275.0,288.0,0.000129564714876,0.0015083548629189,0.0110352129039588,0.0347236782844663,0.110390604887987
2007,25,6.0,329.0,306.0,555.0,439.0,0.0001890870609765,0.002432462388161,0.0157495355620933,0.0423781064994714,0.116151733534974
2007,26,5.0,247.0,178.0,308.0,151.0,0.0003068404524277,0.0037252318566783,0.0205887862982152,0.0594971660935015,0.128991334818259
2007,26,4.00468933177022,129.15123094959,113.132473622509,302.354044548652,305.357561547479,0.000259433215719,0.001873133531296,0.0104911002754276,0.0381776166215076,0.117043770577594
2007,26,9.00468933177022,376.15123094959,291.132473622509,610.354044548652,456.357561547479,0.0002837783734585,0.0027810751414752,0.0149843177993395,0.0466047724365151,0.120744241197115
2007,27,10.0102564102564,242.248205128205,214.219487179487,332.340512820513,177.181538461538,0.0006143103211681,0.0036535657124159,0.0247781979913017,0.0641990866587063,0.151356842061632
2007,27,12.0,108.0,137.0,294.0,311.0,0.0007773882892565,0.0015663685114927,0.0127044047717844,0.0371227687841204,0.11920652125057
2007,27,22.0102564102564,350.248205128205,351.219487179487,626.340512820513,488.181538461538,0.000693642449326,0.0025895610501376,0.0180769405340964,0.0478254503734076,0.129164309731386
2007,28,8.0,267.0,195.0,298.0,160.0,0.0004909447238843,0.0040268700636968,0.0225551310570335,0.0575654399216346,0.136679560072327
2007,28,5.0,107.0,117.0,293.0,332.0,0.0003239117871902,0.0015518650993493,0.010849747140867,0.0369965008630859,0.127255836190319
2007,28,13.0,374.0,312.0,591.0,492.0,0.0004096886321158,0.002765170009642,0.0160583499848794,0.0451269566507885,0.130174607970859
2007,29,3.00676437429538,241.543404735062,202.455467869222,286.644870349493,155.349492671928,0.0001845193881904,0.0036429359760713,0.0234174851846325,0.0553719398085519,0.132706876974114
2007,29,7.0,95.0,109.0,271.0,293.0,0.0004534765020663,0.0013778241536279,0.0101078840885,0.0342186066003286,0.112307108445071
2007,29,10.0067643742954,336.543404735062,311.455467869222,557.644870349493,448.349492671928,0.00031535827757,0.0024882345714337,0.0160303234222703,0.0425800607289274,0.118625446021345
2007,30,7.0,242.0,203.0,299.0,174.0,0.0004295766333988,0.0036498223049237,0.0234804697670656,0.0577586125388213,0.148639021578656
2007,30,8.0,98.0,112.0,284.0,326.0,0.0005182588595043,0.0014213343900582,0.0103860827331377,0.0358600895737761,0.124956031921819
2007,30,15.0,340.0,315.0,583.0,500.0,0.0004727176524414,0.0025137909178564,0.0162127571962725,0.0445161010616069,0.132291268263068
2007,31,7.01424211597152,268.545269582909,215.437436419125,319.649033570702,174.354018311292,0.0004304506448604,0.0040501756810143,0.0249190749385881,0.0617474403960497,0.148941440747687
2007,31,1.0,122.0,131.0,351.0,382.0,6.47823574380439e-05,0.0017694162815011,0.0121480074825092,0.0443200402830825,0.14642087176115
2007,31,8.01424211597152,390.545269582909,346.437436419125,670.649033570702,556.354018311292,0.0002525649146106,0.0028874975049685,0.0178308128265472,0.0512087138169852,0.14720155737131
2007,32,6.00676437429538,238.268320180383,182.205186020293,301.339346110485,160.180383314543,0.0003686236596471,0.0035935414444259,0.0210751889741481,0.0582105101494892,0.136833652022803
2007,32,3.0,100.0,119.0,300.0,287.0,0.0001943470723141,0.0014503412143451,0.0110352129039588,0.0378803763103269,0.110007304176571
2007,32,9.00676437429538,338.268320180383,301.205186020293,601.339346110485,447.180383314543,0.0002838437674073,0.0025009877384353,0.0155027509435083,0.0459164375707975,0.118316120102092
2007,33,5.00572082379863,250.286041189931,197.225400457666,273.312356979405,149.170480549199,0.0003071915284602,0.0037747916353143,0.0228125372056336,0.0527964633071755,0.127428472857764
2007,33,7.0,100.0,121.0,263.0,278.0,0.0004534765020663,0.0014503412143451,0.0112206786670505,0.0332084632320533,0.106557597773821
2007,33,12.0057208237986,350.286041189931,318.225400457666,536.312356979405,427.170480549199,0.0003783544109128,0.0025898407911621,0.0163787655597039,0.0409511751010013,0.113021849272796
2007,34,9.0,226.0,170.0,268.0,153.0,0.0005523128143699,0.0034085117393089,0.019663447588183,0.0517702614060338,0.130699829319163
2007,34,9.0,102.0,111.0,284.0,313.0,0.0005830412169423,0.001479348038632,0.0102933498515918,0.0358600895737761,0.119973122673403
2007,34,18.0,328.0,281.0,552.0,466.0,0.0005672611829297,0.0024250688854615,0.0144628088004843,0.0421490356535283,0.12329546202118
2007,35,7.0,230.0,175.0,286.0,161.0,0.0004295766333988,0.0034688393807126,0.0202417842819531,0.0552473685153943,0.137533807322779
2007,35,7.0,93.0,121.0,302.0,329.0,0.0004534765020663,0.001348817329341,0.0112206786670505,0.0381329121523958,0.126105934056069
2007,35,14.0,323.0,296.0,588.0,490.0,0.0004412031422786,0.0023881013719636,0.0152348448574497,0.0448978858048454,0.129645442897807
2007,36,10.0,262.0,182.0,343.0,165.0,0.0006136809048554,0.0039514605119422,0.0210514556532312,0.0662582076950358,0.140950796324587
2007,36,6.0,89.0,127.0,326.0,356.0,0.0003886941446282,0.0012908036807672,0.0117770759563257,0.0411633422572219,0.136455053264318
2007,36,16.0,351.0,309.0,669.0,521.0,0.0005042321626041,0.0025951194475517,0.0159039427734863,0.0510827986453088,0.137847501530117
2007,37,6.0,219.0,168.0,293.0,175.0,0.0003682085429132,0.0033029383668524,0.019432112910675,0.0565995768357011,0.149493268829108
2007,37,5.0,102.0,116.0,252.0,343.0,0.0003239117871902,0.001479348038632,0.0107570142593211,0.0318195161006746,0.131472144015902
2007,37,11.0,321.0,284.0,545.0,518.0,0.0003466596117903,0.0023733143665644,0.0146172160118774,0.0416145370129944,0.137053753920539
2007,38,5.0,261.0,200.0,262.0,174.0,0.0003068404524277,0.0039363786015913,0.0231334677508035,0.0506112257029136,0.148639021578656
2007,38,3.0,96.0,124.0,273.0,304.0,0.0001943470723141,0.0013923275657713,0.0114988773116881,0.0344711424423975,0.116523416270653
2007,38,8.0,357.0,324.0,535.0,478.0,0.000252116081302,0.0026394804637492,0.0166759788304517,0.0408509675265175,0.126470452459493
2007,39,2.0,236.0,186.0,252.0,153.0,0.000122736180971,0.0035593308428182,0.0215141250082473,0.0486794995310467,0.130699829319163
2007,39,3.0,85.0,111.0,248.0,287.0,0.0001943470723141,0.0012327900321933,0.0102933498515918,0.0313144444165369,0.110007304176571
2007,39,5.0,321.0,297.0,500.0,440.0,0.0001575725508138,0.0023733143665644,0.0152863139279141,0.0381784743238481,0.1164163160715
2007,40,6.0,243.0,180.0,279.0,158.0,0.0003682085429132,0.0036649042152746,0.0208201209757232,0.0538951601950874,0.134971065571423
2007,40,4.0,108.0,106.0,279.0,322.0,0.0002591294297521,0.0015663685114927,0.0098296854438624,0.035228749968604,0.123422829076153
2007,40,10.0,351.0,286.0,558.0,480.0,0.0003151451016276,0.0025951194475517,0.0147201541528061,0.0426071773454145,0.126999617532546
2007,41,10.0,226.0,201.0,310.0,179.0,0.0006136809048554,0.0034085117393089,0.0232491350895576,0.0598835113278749,0.152910257830916
2007,41,3.0,103.0,115.0,321.0,351.0,0.0001943470723141,0.0014938514507755,0.0106642813777753,0.0405320026520498,0.134538549707235
2007,41,13.0,329.0,316.0,631.0,530.0,0.0004096886321158,0.002432462388161,0.0162642262667368,0.0481812345966963,0.140228744358853
2007,42,6.0,236.0,206.0,349.0,173.0,0.0003682085429132,0.0035593308428182,0.0238274717833277,0.067417243398156,0.147784774328204
2007,42,7.0,88.0,123.0,309.0,331.0,0.0004534765020663,0.0012763002686237,0.0114061444301422,0.0390167875996367,0.126872535478902
2007,42,13.0,324.0,329.0,658.0,504.0,0.0004096886321158,0.0023954948746631,0.0169333241827735,0.0502428722101841,0.133349598409173
2007,43,3.00338600451467,207.233634311512,188.212189616253,306.345372460497,182.205417607223,0.000184312064088,0.0031254790943825,0.0217700030939785,0.0591775373612265,0.155648477008437
2007,43,4.0,94.0,130.0,305.0,309.0,0.0002591294297521,0.0013633207414844,0.0120552746009633,0.038511715915499,0.118439919827737
2007,43,7.00338600451467,301.233634311512,318.212189616253,611.345372460497,491.205417607223,0.000220708279413,0.0022271716884857,0.0163780856099763,0.0466804672109729,0.129964375345899
2007,44,6.0,249.0,217.0,350.0,193.0,0.0003682085429132,0.0037553956773802,0.0250998125096218,0.0676104160153427,0.164869719337245
2007,44,7.0,101.0,123.0,312.0,352.0,0.0004534765020663,0.0014648446264886,0.0114061444301422,0.03939559136274,0.134921850418651
2007,44,13.0,350.0,340.0,662.0,545.0,0.0004096886321158,0.0025877259448522,0.0174994839578814,0.0505483000047749,0.144197482406745
2007,45,8.0,254.0,210.0,365.0,232.0,0.0004909447238843,0.0038308052291348,0.0242901411383437,0.0705080052731431,0.198185362104874
2007,45,3.0,108.0,135.0,306.0,383.0,0.0001943470723141,0.0015663685114927,0.0125189390086927,0.0386379838365334,0.146804172472567
2007,45,11.0,362.0,345.0,671.0,615.0,0.0003466596117903,0.0026764479772471,0.0177568293102032,0.0512355125426042,0.162718259963574
2007,46,5.0,217.0,207.0,351.0,228.0,0.0003068404524277,0.0032727745461506,0.0239431391220817,0.0678035886325294,0.194768373103066
2007,46,4.0,102.0,127.0,336.0,359.0,0.0002591294297521,0.001479348038632,0.0117770759563257,0.0424260214675661,0.137604955398568
2007,46,9.0,319.0,334.0,687.0,587.0,0.0002836305914648,0.0023585273611653,0.0171906695350953,0.0524572237209673,0.155309948940842
2007,47,5.0,255.0,233.0,337.0,238.0,0.0003068404524277,0.0038458871394857,0.0269504899296861,0.0650991719919156,0.203310845607587
2007,47,6.0,132.0,130.0,371.0,388.0,0.0003886941446282,0.0019144504029356,0.0120552746009633,0.0468453987037709,0.14872067602965
2007,47,11.0,387.0,363.0,708.0,626.0,0.0003466596117903,0.0028612855447365,0.0186832725785616,0.0540607196425689,0.165628667865362
2007,48,4.0,260.0,212.0,388.0,228.0,0.0002454723619421,0.0039212966912404,0.0245214758158518,0.074950975468437,0.194768373103066
2007,48,7.0,100.0,124.0,367.0,424.0,0.0004534765020663,0.0014503412143451,0.0114988773116881,0.0463403270196332,0.162519501640648
2007,48,11.0,360.0,336.0,755.0,652.0,0.0003466596117903,0.0026616609718479,0.017293607676024,0.0576494962290106,0.172507813815041
2007,49,7.0,244.0,222.0,420.0,254.0,0.0004295766333988,0.0036799861256256,0.0256781492033919,0.0811324992184112,0.216978801614819
2007,49,7.0,115.0,126.0,362.0,456.0,0.0004534765020663,0.0016678923964969,0.0116843430747799,0.0457089874144611,0.17478512440598
2007,49,14.0,359.0,348.0,782.0,710.0,0.0004412031422786,0.0026542674691484,0.0179112365215963,0.0597111338424984,0.187853600933557
2007,50,9.0,226.0,235.0,369.0,257.0,0.0005523128143699,0.0034085117393089,0.0271818246071942,0.0712806957418898,0.219541543366176
2007,50,6.00560747663551,99.092523364486,144.134579439252,387.361682242991,434.405607476636,0.0003890574101839,0.0014371797066897,0.0133660148818043,0.0489113543052192,0.166507978389165
2007,50,15.0056074766355,325.092523364486,379.134579439252,756.361682242991,691.405607476636,0.0004728943693208,0.0024035724491078,0.0195137043846333,0.0577534701301132,0.182933849394563
2007,51,7.0,274.0,236.0,429.0,275.0,0.0004295766333988,0.0041324434361533,0.0272974919459482,0.0828710527730914,0.234917993874312
2007,51,6.0,144.0,163.0,420.0,497.0,0.0003886941446282,0.002088491348657,0.0151154596919771,0.0530325268344577,0.190500453574062
2007,51,13.0,418.0,399.0,849.0,772.0,0.0004096886321158,0.0030904841284235,0.0205361591152785,0.0648270494018941,0.204257718198178
2007,52,5.0,228.0,256.0,427.0,284.0,0.0003068404524277,0.0034386755600108,0.0296108387210285,0.082484707538718,0.242606219128381
2007,52,6.0,103.0,152.0,398.0,511.0,0.0003886941446282,0.0014938514507755,0.0140953979949725,0.0502546325717004,0.195866663533894
2007,52,11.0,331.0,408.0,825.0,795.0,0.0003466596117903,0.0024472493935602,0.0209993807494577,0.0629944826343494,0.210343116538279
2008,1,4.0,269.0,237.0,434.0,297.0,0.000247683023478,0.0040599056425666,0.027374275221833,0.0814725939220503,0.237701141086718
2008,1,8.0,126.0,148.0,440.0,519.0,0.0005222222699651,0.0018252275751909,0.0137310321165013,0.0541784604949232,0.188143923581919
2008,1,12.0,395.0,385.0,874.0,816.0,0.0003813298224881,0.0029196500809726,0.0198083288568963,0.0649898525103651,0.203593086937357
2008,2,3.0,237.0,232.0,383.0,247.0,0.0001857622676085,0.0035769428895475,0.026796758866942,0.0718986255118555,0.197684113967742
2008,2,5.0,116.0,134.0,394.0,465.0,0.0003263889187282,0.0016803682438265,0.0124321507000755,0.0485143487159085,0.168568255232355
2008,2,8.0,353.0,366.0,777.0,712.0,0.0002542198816587,0.0026092062748945,0.0188307749652572,0.0577770199091003,0.177644948406125
2008,3,4.0,258.0,221.0,417.0,261.0,0.000247683023478,0.0038938871962163,0.0255262228861818,0.0782812711186521,0.208888881561055
2008,3,5.0,110.0,134.0,382.0,451.0,0.0003263889187282,0.0015934526450079,0.0124321507000755,0.0470367543387743,0.163493081956543
2008,3,9.0,368.0,355.0,799.0,712.0,0.0002859973668661,0.0027200790627795,0.0182648227122031,0.0594129200867068,0.177644948406125
2008,4,6.0,258.0,236.0,396.0,250.0,0.000371524535217,0.0038938871962163,0.0272587719508548,0.0743390488321012,0.200085135594881
2008,4,5.00448833034111,116.104129263914,132.118491921005,397.356373429084,464.416517055655,0.0003266819069856,0.0016818766533811,0.0122575895658854,0.04892762859144,0.168356735443353
2008,4,11.0044883303411,374.104129263914,368.118491921005,793.356373429084,714.416517055655,0.0003496949651318,0.0027651978513863,0.018939771808509,0.0589932650999019,0.178247872630387
2008,5,11.0097951914515,247.219946571683,218.194122885129,404.359750667854,243.216384683882,0.0006817348402232,0.0037311883124215,0.0252021349014514,0.0759083819460451,0.194655933233485
2008,5,6.00536193029491,128.114387846291,143.127792672029,379.338695263628,463.413762287757,0.0003920167174001,0.0018558564561568,0.0132790021482673,0.0467090602625823,0.167993224429051
2008,5,17.0151571217464,375.334334417974,361.321915557158,783.698445931482,706.630146971639,0.0005406989037369,0.002774290936393,0.0185900865624932,0.0582751103131457,0.176305162922738
2008,6,3.00274977085243,245.224564619615,213.195233730522,373.341888175985,257.235563703025,0.0001859325354981,0.0037010728386435,0.0246247468528369,0.070085557717635,0.205876050573381
2008,6,4.00355555555556,115.102222222222,136.120888888889,399.354666666667,471.418666666667,0.0002613432337692,0.0016673630949663,0.0126289209260813,0.0491736841624164,0.170895101341857
2008,6,7.00630532640799,360.326786841837,349.316122619411,772.696554842652,728.654230369692,0.000222642763868,0.0026633623604541,0.0179723860567823,0.057457019604681,0.181800201067316
2008,7,9.0,269.0,235.0,427.0,245.0,0.0005572868028256,0.0040599056425666,0.0271432686798766,0.0801585198265334,0.196083432882983
2008,7,7.0,110.0,156.0,370.0,448.0,0.0004569444862195,0.0015934526450079,0.0144732500687446,0.04555915996164,0.162405544826011
2008,7,16.0,379.0,391.0,797.0,693.0,0.0005084397633175,0.0028013857738952,0.0201170300858349,0.0592642018887425,0.172904423097535
2008,8,5.0,256.0,210.0,394.0,232.0,0.0003096037793475,0.0038637020241526,0.0242556869054216,0.073963599090525,0.185679005832049
2008,8,5.0,108.0,134.0,373.0,487.0,0.0003263889187282,0.001564480778735,0.0124321507000755,0.0459285585559236,0.176543527522919
2008,8,10.0,364.0,344.0,767.0,719.0,0.0003177748520734,0.0026905129860102,0.0176988704591489,0.0570334289192792,0.179391457730343
2008,9,3.0,256.0,220.0,360.0,263.0,0.0001857622676085,0.0038637020241526,0.0254107196152036,0.0675809534837284,0.210489562645815
2008,9,4.0,114.0,145.0,387.0,468.0,0.0002611111349825,0.0016513963775537,0.0134527003844101,0.0476524186625802,0.169655792362887
2008,9,7.0,370.0,365.0,747.0,731.0,0.0002224423964514,0.0027348621011642,0.0187793247604341,0.055546246939637,0.182385473714716
2008,10,7.00659754948162,246.231856738926,222.209236569274,381.359095193214,205.193213949105,0.0004338538163373,0.0037162754816134,0.0256658936653195,0.071590586869026,0.164224448144624
2008,10,7.0,99.0,143.0,358.0,394.0,0.0004569444862195,0.0014341073805071,0.0132671458963492,0.0440815655845057,0.142829876476447
2008,10,14.0065975494816,345.231856738926,365.209236569274,739.359095193214,599.193213949105,0.0004450944464339,0.0025517878948915,0.0187900900247798,0.0549780761427963,0.149499505024283
2008,11,3.0,238.0,199.0,400.0,248.0,0.0001857622676085,0.0035920354755793,0.0229851509246615,0.0750899483152538,0.198484454510122
2008,11,10.0096525096525,113.109073359073,141.1361003861,335.323359073359,437.421814671815,0.0006534079318941,0.0016384904738037,0.0130942184270223,0.0412893258240476,0.158570821719997
2008,11,13.0096525096525,351.109073359073,340.1361003861,735.323359073359,685.421814671815,0.0004134140401782,0.0025952294543368,0.0175000720325978,0.0546779824411943,0.171013655763775
2008,12,4.0,233.0,230.0,369.0,249.0,0.000247683023478,0.0035165725454201,0.0265657523249856,0.0692704773208216,0.199284795052501
2008,12,5.0,112.0,150.0,340.0,405.0,0.0003263889187282,0.0016224245112808,0.0139165866045621,0.0418651740188043,0.146817512621729
2008,12,9.0,345.0,380.0,709.0,654.0,0.0002859973668661,0.0025500741213558,0.0195510778327807,0.0527206011783168,0.163173871148323
2008,13,10.0,237.0,219.0,380.0,254.0,0.0006192075586951,0.0035769428895475,0.0252952163442254,0.0713354508994911,0.203286497764399
2008,13,6.0,112.0,133.0,352.0,403.0,0.0003916667024738,0.0016224245112808,0.0123393734560451,0.0433427683959386,0.146092487868041
2008,13,16.0,349.0,352.0,732.0,657.0,0.0005084397633175,0.0025796401981252,0.0181104720977337,0.0544308604549053,0.163922375144416
2008,14,6.0,266.0,229.0,408.0,250.0,0.000371524535217,0.004014627884471,0.0264502490540074,0.0765917472815588,0.200085135594881
2008,14,9.0,106.0,125.0,334.0,434.0,0.0005875000537107,0.0015355089124622,0.0115971555038018,0.0411263768302372,0.157330371550198
2008,14,15.0,372.0,354.0,742.0,684.0,0.0004766622781102,0.0027496451395489,0.0182133725073799,0.0551744514447264,0.170658911109255
2008,15,9.0,229.0,199.0,324.0,216.0,0.0005572868028256,0.0034562022012927,0.0229851509246615,0.0608228581353556,0.172873557153977
2008,15,5.0,102.0,118.0,318.0,407.0,0.0003263889187282,0.0014775651799164,0.0109477147955889,0.0391562509940582,0.147542537375417
2008,15,14.0,331.0,317.0,642.0,623.0,0.0004448847929028,0.0024465928526631,0.016309714928925,0.0477385415465153,0.15543932985536
2008,16,7.0,249.0,198.0,352.0,208.0,0.0004334452910865,0.0037580539219297,0.0228696476536833,0.0660791545174233,0.166470832814941
2008,16,6.0,102.0,128.0,303.0,334.0,0.0003916667024738,0.0014775651799164,0.011875487235893,0.0373092580226403,0.121079133865821
2008,16,13.0,351.0,326.0,655.0,542.0,0.0004131073076955,0.0025944232365098,0.0167727667723329,0.0487052098332828,0.135229721960843
2008,17,4.0,262.0,194.0,326.0,196.0,0.000247683023478,0.0039542575403437,0.0224076345697705,0.0611983078769318,0.156866746306387
2008,17,8.0,117.0,115.0,351.0,362.0,0.0005222222699651,0.001694854176963,0.0106693830634976,0.0432196355311774,0.131229480417447
2008,17,12.0,379.0,309.0,677.0,558.0,0.0003813298224881,0.0028013857738952,0.0158981132903401,0.0503411100108892,0.13922174327334
2008,18,5.0,254.0,199.0,332.0,183.0,0.0003096037793475,0.0038335168520889,0.0229851509246615,0.0623246571016606,0.146462319255453
2008,18,4.0,98.0,120.0,353.0,378.0,0.0002611111349825,0.0014196214473707,0.0111332692836497,0.0434659012606998,0.137029678446947
2008,18,9.0,352.0,319.0,685.0,561.0,0.0002859973668661,0.0026018147557022,0.0164126153385712,0.0509359828027461,0.139970247269433
2008,19,8.0,233.0,185.0,290.0,172.0,0.0004953660469561,0.0035165725454201,0.0213681051309667,0.054440212528559,0.137658573289278
2008,19,5.0,82.0,117.0,303.0,357.0,0.0003263889187282,0.0011878465171877,0.0108549375515585,0.0373092580226403,0.129416918533228
2008,19,13.0,315.0,302.0,593.0,529.0,0.0004131073076955,0.0023283285455857,0.0155379618565784,0.0440949456963919,0.131986204644439
2008,20,4.0,216.0,202.0,334.0,165.0,0.000247683023478,0.0032599985828787,0.0233316607375961,0.0627001068432369,0.132056189492621
2008,20,4.0,98.0,108.0,303.0,347.0,0.0002611111349825,0.0014196214473707,0.0100199423552847,0.0373092580226403,0.12579179476479
2008,20,8.0,314.0,310.0,637.0,512.0,0.0002542198816587,0.0023209370263934,0.0159495634951632,0.0473667460516048,0.12774468199991
2008,21,6.00649350649351,236.255411255411,187.202380952381,308.333333333333,187.202380952381,0.0003719266180473,0.0035657051198614,0.0216224873349068,0.0578818351596748,0.149825655106167
2008,21,4.0,100.0,114.0,287.0,324.0,0.0002611111349825,0.0014485933136436,0.0105766058194672,0.0353391321864613,0.117454010097383
2008,21,10.0064935064935,336.255411255411,301.202380952381,595.333333333333,511.202380952381,0.00031798119938,0.0024854383258211,0.0154969241932076,0.0442684502606834,0.127545674985076
2008,22,8.0,205.0,206.0,306.0,194.0,0.0004953660469561,0.0030939801365284,0.0237936738215088,0.0574438104611691,0.155266065221627
2008,22,4.00481927710843,98.1180722891566,113.136144578313,310.373493975904,305.367469879518,0.0002614257267114,0.0014213318346567,0.0104964596942024,0.0382171774591927,0.110699487316794
2008,22,12.0048192771084,303.118072289157,319.136144578313,616.373493975904,499.367469879518,0.0003814829669951,0.0022405030488691,0.016419620005011,0.0458329776485039,0.124592848907928
2008,23,7.0,251.0,190.0,326.0,199.0,0.0004334452910865,0.0037882390939933,0.0219456214858577,0.0611983078769318,0.159267767933525
2008,23,7.0,98.0,127.0,310.0,343.0,0.0004569444862195,0.0014196214473707,0.0117827099918626,0.0381711880759686,0.124341745257415
2008,23,14.0,349.0,317.0,636.0,542.0,0.0004448847929028,0.0025796401981252,0.016309714928925,0.0472923869526226,0.135229721960843
2008,24,4.00415368639668,249.258566978193,209.217030114226,318.330218068536,183.190031152648,0.0002479402228793,0.003761956366293,0.0241652513225374,0.0597584990548745,0.146614408891232
2008,24,4.00415368639668,99.1028037383178,120.1246105919,347.360332294912,393.408099688473,0.0002613822784249,0.0014355965885866,0.0111448303109432,0.0427714728198711,0.142615305287661
2008,24,8.00830737279336,348.361370716511,329.341640706126,665.690550363448,576.598130841121,0.0002544838690748,0.0025749197575195,0.0169446948711084,0.0495001495259316,0.143862001691488
2008,25,8.0,212.0,202.0,305.0,174.0,0.0004953660469561,0.0031996282387513,0.0233316607375961,0.057256085590381,0.139259254374037
2008,25,2.0,115.0,111.0,328.0,361.0,0.0001305555674912,0.0016658823106901,0.010298274087376,0.04038757964167,0.130866968040603
2008,25,10.0,327.0,313.0,633.0,535.0,0.0003177748520734,0.0024170267758938,0.0161039141096325,0.0470693096556763,0.133483212636625
2008,26,4.00428265524625,234.250535331906,190.203426124197,320.3426124197,186.199143468951,0.000247948208728,0.0035354463575028,0.0219691178686048,0.0601362755244217,0.149022723474543
2008,26,5.0,107.0,118.0,288.0,361.0,0.0003263889187282,0.0015499948455986,0.0109477147955889,0.0354622650512225,0.130866968040603
2008,26,9.00428265524625,341.250535331906,308.203426124197,608.3426124197,547.199143468951,0.0002861334588798,0.0025223598813006,0.0158571294012733,0.0452358085319525,0.136526915181767
2008,27,2.00230680507497,214.246828143022,182.209919261822,295.340253748558,174.200692041523,0.0001239843508529,0.0032335386857987,0.0210458416794139,0.0554427109734829,0.1394198763514
2008,27,9.0,72.0,102.0,283.0,317.0,0.0005875000537107,0.0010429871858233,0.0094632788911022,0.0348466007274165,0.114916423459477
2008,27,11.002306805075,286.246828143022,284.209919261822,578.340253748558,491.200692041523,0.0003496256417449,0.0021157989239644,0.0146226585587795,0.0430048601738283,0.122555226958946
2008,28,6.0,239.0,172.0,283.0,179.0,0.000371524535217,0.0036071280616112,0.0198665626082501,0.053126138433042,0.143260957085935
2008,28,4.0,104.0,128.0,288.0,302.0,0.0002611111349825,0.0015065370461893,0.011875487235893,0.0354622650512225,0.10947873780682
2008,28,10.0,343.0,300.0,571.0,481.0,0.0003177748520734,0.0025352910829712,0.0154350614469322,0.0424590455187854,0.120010140706947
2008,29,2.00200601805416,252.252758274824,195.195586760281,332.332998996991,216.21664994985,0.0001239657258932,0.0038071464560332,0.0225457287513211,0.0623871692953433,0.173046950892346
2008,29,8.0,102.0,124.0,308.0,349.0,0.0005222222699651,0.0014775651799164,0.0115043782597714,0.0379249223464463,0.126516819518478
2008,29,10.0020060180542,354.252758274824,319.195586760281,640.332998996991,565.21664994985,0.0003178385982825,0.0026184660617262,0.0164226783174483,0.0476145848539293,0.141022307048629
2008,30,3.0,232.0,185.0,316.0,172.0,0.0001857622676085,0.0035014799593883,0.0213681051309667,0.0593210591690505,0.137658573289278
2008,30,6.0,103.0,110.0,301.0,357.0,0.0003916667024738,0.0014920511130529,0.0102054968433456,0.0370629922931179,0.129416918533228
2008,30,9.0,335.0,295.0,617.0,529.0,0.0002859973668661,0.0024761589294325,0.0151778104228166,0.0458795640719625,0.131986204644439
2008,31,5.0,198.0,205.0,271.0,178.0,0.0003096037793475,0.0029883320343055,0.0236781705505307,0.0508734399835844,0.142460616543555
2008,31,3.0,101.0,99.0,282.0,319.0,0.0001958333512369,0.00146307924678,0.009184947159011,0.0347234678626553,0.115641448213164
2008,31,8.0,299.0,304.0,553.0,497.0,0.0002542198816587,0.0022100642385084,0.0156408622662246,0.0411205817371074,0.124002162019444
2008,32,7.00774336283186,254.280973451327,179.198008849558,288.318584070796,176.194690265487,0.0004339247659661,0.0038377574680757,0.020697956174904,0.0541245689405081,0.141015753971472
2008,32,4.0,113.0,100.0,282.0,328.0,0.0002611111349825,0.0016369104444172,0.0092777244030414,0.0347234678626553,0.118904059604758
2008,32,11.0077433628319,367.280973451327,279.198008849558,570.318584070796,504.194690265487,0.0003497984018786,0.0027147643642452,0.0143647947415135,0.0424083760442578,0.125797246824234
2008,33,4.00470588235294,210.247058823529,167.196470588235,294.345882352941,175.205882352941,0.0002479744152703,0.0031731718232367,0.0193117392489513,0.0552560427317253,0.140224370910436
2008,33,2.0,97.0,124.0,316.0,316.0,0.0001305555674912,0.0014051355142342,0.0115043782597714,0.0389099852645358,0.114553911082633
2008,33,6.00470588235294,307.247058823529,291.196470588235,610.345882352941,491.205882352941,0.0001908144523509,0.0022710225320828,0.0149821180555306,0.0453847698792063,0.122556521948558
2008,34,7.00810185185185,217.251157407407,179.207175925926,296.342592592593,165.190972222222,0.0004339469638771,0.0032788817836894,0.0206990150022099,0.0556308749034652,0.132209032304534
2008,34,3.0,90.0,120.0,276.0,331.0,0.0001958333512369,0.0013037339822792,0.0111332692836497,0.0339846706740882,0.11999159673529
2008,34,10.0081018518519,307.251157407407,299.207175925926,572.342592592593,496.190972222222,0.0003180323085508,0.0022710528268442,0.0153942704859324,0.0425588794942707,0.123800308511239
2008,35,6.0,209.0,196.0,302.0,178.0,0.000371524535217,0.0031543504806558,0.0226386411117269,0.0566929109780166,0.142460616543555
2008,35,3.0,93.0,100.0,298.0,347.0,0.0001958333512369,0.0013471917816885,0.0092777244030414,0.0366935936988344,0.12579179476479
2008,35,9.0,302.0,296.0,600.0,525.0,0.0002859973668661,0.0022322387960854,0.0152292606276397,0.0446154593892666,0.130988199316314
2008,36,4.0,220.0,189.0,292.0,136.0,0.000247683023478,0.0033203689270061,0.0218301182148795,0.0548156622701353,0.108846313763615
2008,36,2.0,98.0,108.0,278.0,314.0,0.0001305555674912,0.0014196214473707,0.0100199423552847,0.0342309364036106,0.113828886328945
2008,36,6.0,318.0,297.0,570.0,450.0,0.000190664911244,0.0023505031031628,0.0152807108324628,0.0423846864198033,0.112275599413984
2008,37,7.0,215.0,192.0,309.0,178.0,0.0004334452910865,0.0032449059968469,0.0221766280278141,0.0580069850735335,0.142460616543555
2008,37,5.0,122.0,107.0,303.0,327.0,0.0003263889187282,0.0017672838426451,0.0099271651112543,0.0373092580226403,0.118541547227915
2008,37,12.0,337.0,299.0,612.0,505.0,0.0003813298224881,0.0024909419678171,0.015383611242109,0.045507768577052,0.125998172675693
2008,38,6.0,234.0,192.0,307.0,176.0,0.000371524535217,0.003531665131452,0.0221766280278141,0.0576315353319573,0.140859935458796
2008,38,4.0,96.0,127.0,300.0,343.0,0.0002611111349825,0.0013906495810978,0.0117827099918626,0.0369398594283567,0.124341745257415
2008,38,10.0,330.0,319.0,607.0,519.0,0.0003177748520734,0.0024392013334708,0.0164126153385712,0.0451359730821414,0.129491191324128
2008,39,8.0,230.0,162.0,285.0,194.0,0.0004953660469561,0.0034712947873246,0.0187115298984681,0.0535015881746183,0.155266065221627
2008,39,3.0,94.0,124.0,275.0,339.0,0.0001958333512369,0.0013616777148249,0.0115043782597714,0.033861537809327,0.12289169575004
2008,39,11.0,324.0,286.0,560.0,533.0,0.0003495523372808,0.0023948522183168,0.0147147585794087,0.0416410954299822,0.132984209972563
2008,40,6.0,226.0,201.0,336.0,185.0,0.000371524535217,0.0034109244431972,0.0232161574666179,0.0630755565848132,0.148063000340212
2008,40,5.0,89.0,117.0,271.0,323.0,0.0003263889187282,0.0012892480491428,0.0108549375515585,0.0333690063502823,0.117091497720539
2008,40,11.0,315.0,318.0,607.0,508.0,0.0003495523372808,0.0023283285455857,0.0163611651337481,0.0451359730821414,0.126746676671786
2008,41,4.0,223.0,197.0,324.0,191.0,0.000247683023478,0.0033656466851017,0.0227541443827051,0.0608228581353556,0.152865043594489
2008,41,5.0,93.0,128.0,292.0,310.0,0.0003263889187282,0.0013471917816885,0.011875487235893,0.0359547965102672,0.11237883682157
2008,41,9.0,316.0,325.0,616.0,501.0,0.0002859973668661,0.0023357200647781,0.0167213165675098,0.0458052049729804,0.125000167347569
2008,42,10.010101010101,226.228282828283,183.184848484848,361.364646464646,210.212121212121,0.0006198330208756,0.0034143698214226,0.0211584491936457,0.0678371315649756,0.168241283105659
2008,42,4.0,106.0,139.0,310.0,372.0,0.0002611111349825,0.0015355089124622,0.0128960369202276,0.0381711880759686,0.134854604185884
2008,42,14.010101010101,332.228282828283,322.184848484848,671.364646464646,582.212121212121,0.0004452057776019,0.002455671728762,0.0165764764454472,0.0499220701995546,0.145262699767062
2008,43,4.0,234.0,207.0,335.0,181.0,0.000247683023478,0.003531665131452,0.023909177092487,0.062887831714025,0.144861638170694
2008,43,7.0,102.0,130.0,306.0,337.0,0.0004569444862195,0.0014775651799164,0.0120610417239538,0.0376786566169239,0.122166670996352
2008,43,11.0,336.0,337.0,641.0,518.0,0.0003495523372808,0.0024835504486248,0.0173387190253871,0.0476641824475332,0.129241689992097
2008,44,7.0,237.0,179.0,331.0,211.0,0.0004334452910865,0.0035769428895475,0.0206750855050975,0.0621369322308725,0.168871854442079
2008,44,5.0,124.0,121.0,307.0,333.0,0.0003263889187282,0.001796255708918,0.0112260465276801,0.0378017894816851,0.120716621488977
2008,44,12.0,361.0,300.0,638.0,544.0,0.0003813298224881,0.0026683384284332,0.0154350614469322,0.0474411051505869,0.135728724624905
2008,45,10.0,250.0,226.0,360.0,224.0,0.0006192075586951,0.0037731465079615,0.0261037392410728,0.0675809534837284,0.179276281493013
2008,45,3.0,93.0,117.0,329.0,403.0,0.0001958333512369,0.0013471917816885,0.0108549375515585,0.0405107125064312,0.146092487868041
2008,45,13.0,343.0,343.0,689.0,627.0,0.0004131073076955,0.0025352910829712,0.0176474202543258,0.0512334191986745,0.156437335183484
2008,46,10.0,244.0,229.0,392.0,244.0,0.0006192075586951,0.0036825909917704,0.0264502490540074,0.0735881493489487,0.195283092340604
2008,46,4.0,111.0,147.0,328.0,391.0,0.0002611111349825,0.0016079385781444,0.0136382548724709,0.04038757964167,0.141742339345916
2008,46,14.0,355.0,376.0,720.0,635.0,0.0004448847929028,0.0026239893132792,0.0193452770134883,0.05353855126712,0.158433345839733
2008,47,12.0,240.0,228.0,412.0,291.0,0.0007430490704341,0.003622220647643,0.0263347457830292,0.0773426467647114,0.232899097832441
2008,47,10.0,125.0,136.0,353.0,442.0,0.0006527778374564,0.0018107416420545,0.0126177051881363,0.0434659012606998,0.160230470564949
2008,47,22.0,365.0,364.0,765.0,733.0,0.0006991046745616,0.0026979045052025,0.018727874555611,0.056884710721315,0.182884476378778
2008,48,7.0,248.0,231.0,371.0,255.0,0.0004334452910865,0.0037429613358978,0.0266812555959638,0.0696459270623979,0.204086838306778
2008,48,3.00289855072464,105.101449275362,130.125603864734,337.325603864734,460.444444444444,0.0001960225622043,0.0015224925667454,0.0120726949043635,0.0415358679611628,0.166916809960067
2008,48,10.0028985507246,353.101449275362,361.125603864734,708.325603864734,715.444444444444,0.0003178669607262,0.0026099561391604,0.0185799862857088,0.0526704536893414,0.178504341883121
2008,49,5.0,232.0,245.0,466.0,320.0,0.0003096037793475,0.0035014799593883,0.0282983013896586,0.0874797897872707,0.256108973561447
2008,49,5.0,119.0,136.0,403.0,523.0,0.0003263889187282,0.0017238260432358,0.0126177051881363,0.0496225444987592,0.189593973089294
2008,49,10.0,351.0,381.0,869.0,843.0,0.0003177748520734,0.0025944232365098,0.0196025280376038,0.0646180570154545,0.210329622902196
2008,50,8.0,263.0,260.0,425.0,295.0,0.0004953660469561,0.0039693501263755,0.0300308504543316,0.0797830700849571,0.236100460001959
2008,50,4.0,125.0,128.0,422.0,513.0,0.0002611111349825,0.0018107416420545,0.011875487235893,0.0519620689292218,0.185968849320857
2008,50,12.0,388.0,388.0,847.0,808.0,0.0003813298224881,0.0028679094466263,0.0199626794713656,0.0629821568378481,0.201597076281109
2008,51,6.0,279.0,217.0,424.0,288.0,0.000371524535217,0.004210831502885,0.025064209802269,0.079595345214169,0.230498076205303
2008,51,1.0,118.0,152.0,417.0,550.0,6.52777837456444e-05,0.0017093401100994,0.014102141092623,0.0513464046054159,0.199381807264076
2008,51,7.0,397.0,369.0,841.0,838.0,0.0002224423964514,0.0029344331193573,0.0189851255797266,0.0625360022439554,0.209082116242041
2008,52,1.0,301.0,240.0,498.0,343.0,6.19207558695125e-05,0.0045428683955857,0.0277207850347676,0.0934869856524909,0.274516806036176
2008,52,5.0035765379113,119.085121602289,160.114449213162,482.34477825465,632.452074391989,0.0003266223871965,0.0017250591090751,0.0148549773274449,0.0593924943490955,0.229271704727616
2008,52,6.0035765379113,420.085121602289,400.114449213162,980.34477825465,975.452074391989,0.0001907785646246,0.003105067238738,0.0205859703647019,0.0728975544028333,0.243376591893277
2009,1,7.0,262.0,273.0,529.0,382.0,0.0004374543329164,0.0039624251105156,0.0313654904495901,0.0969177966409819,0.286784712245125
2009,1,5.0,132.0,187.0,524.0,666.0,0.0003284154235845,0.0019117676603589,0.0172816280507133,0.0631841882542347,0.228512414435307
2009,1,12.0,394.0,460.0,1053.0,1048.0,0.0003842915671767,0.0029149089841773,0.0235600542174208,0.0765737545314293,0.246790770869349
2009,2,9.00629811056683,295.206438068579,282.197340797761,484.338698390483,359.25122463261,0.0005628348760006,0.0044646313091176,0.0324221904677359,0.0887354243402017,0.26970617560202
2009,2,10.0,150.0,157.0,500.0,591.0,0.0006568308471691,0.0021724632504079,0.0145091743527379,0.0602902559677812,0.202779034431331
2009,2,19.0062981105668,445.206438068579,439.197340797761,984.338698390483,950.25122463261,0.0006086633405948,0.0032937468176134,0.022494593829005,0.0715807311171315,0.22377216817426
2009,3,11.0,282.0,247.0,524.0,340.0,0.00068742823744,0.0042649003097916,0.0283783008829625,0.0960017494137514,0.255253408804561
2009,3,6.0,157.0,141.0,484.0,622.0,0.0003940985083014,0.0022738448687603,0.0130305323804844,0.0583609677768122,0.213415498166308
2009,3,17.0,439.0,388.0,1008.0,962.0,0.0005444130535003,0.0032478300610503,0.0198723935573028,0.073301371859146,0.226538856465948
2009,4,9.00696055684455,247.191028615623,250.193348801237,470.363495746326,317.245166279969,0.0005628762745712,0.0037384577819875,0.0287451908145648,0.086175035213769,0.238170323881565
2009,4,5.00358937544867,127.091170136396,171.122756640345,482.346015793252,608.436468054559,0.0003286511848362,0.0018406726438177,0.0158143306485089,0.0581615295144292,0.208761691209666
2009,4,14.0105499322932,374.282198752019,421.316105441582,952.709511539578,925.681634334528,0.000448678015874,0.002769031836954,0.0215787614932092,0.0692806688284801,0.217986339806314
2009,5,5.00428449014567,238.203941730934,243.20822622108,412.353041988003,269.230505569837,0.0003127351333372,0.0036025392371696,0.0279426567648316,0.0755469721506306,0.202123542061401
2009,5,4.0,128.0,169.0,427.0,562.0,0.0002627323388676,0.0018538353070147,0.0156181558319281,0.0514878785964852,0.192828794163127
2009,5,9.00428449014567,366.203941730934,412.20822622108,839.353041988003,831.230505569837,0.0002883558831686,0.002709266903027,0.0211122786057294,0.0610374300117738,0.195744291259255
2009,6,9.0,252.0,235.0,426.0,234.0,0.0005624412851782,0.0038111875108776,0.0269995980060574,0.0780472237600346,0.175674404883139
2009,6,3.0,115.0,148.0,408.0,514.0,0.0001970492541507,0.001665555158646,0.0136774382433453,0.0491968488697095,0.176359430960582
2009,6,12.0,367.0,383.0,834.0,748.0,0.0003842915671767,0.0027151563380535,0.0196163060114612,0.0606481588596506,0.17614455783423
2009,7,7.0,249.0,269.0,397.0,296.0,0.0004374543329164,0.0037658162309862,0.0309059228239551,0.0727341498420979,0.222220614723971
2009,7,4.0,122.0,148.0,415.0,526.0,0.0002627323388676,0.0017669367769984,0.0136774382433453,0.0500409124532584,0.180476771761218
2009,7,11.0,371.0,417.0,812.0,822.0,0.000352267269912,0.0027447493226644,0.0213577013231836,0.0590483273309787,0.193570623716226
2009,8,4.00365296803653,231.21095890411,202.184474885845,424.387214611872,234.213698630137,0.0002502021911944,0.0034967790434658,0.0232293597658878,0.0777517462434521,0.175834838129608
2009,8,2.0,99.0,127.0,411.0,499.0,0.0001313661694338,0.0014338257452692,0.0117367206547625,0.0495585904055162,0.171212754959787
2009,8,6.00365296803653,330.21095890411,329.184474885845,835.387214611872,733.213698630137,0.0001922627673226,0.002442981956303,0.0168600088605298,0.0607490365720645,0.172662570512307
2009,9,3.0024,250.2,248.1984,450.36,299.2392,0.0001876304127354,0.0037839647429428,0.0285159873436028,0.0825102058511013,0.224652428964558
2009,9,6.0,131.0,147.0,427.0,495.0,0.0003940985083014,0.0018972845720229,0.0135850231200795,0.0514878785964852,0.169840308026242
2009,9,9.0024,381.2,395.1984,877.36,794.2392,0.0002882955336959,0.0028202114334223,0.0202410776752999,0.0638012813634329,0.187033305746808
2009,10,7.0,255.0,208.0,391.0,243.0,0.0004374543329164,0.003856558790769,0.0238975165330211,0.0716348931694214,0.18243111276326
2009,10,3.0,90.0,121.0,401.0,481.0,0.0001970492541507,0.0013034779502447,0.0111822299151675,0.0483527852861605,0.165036743758833
2009,10,10.0,345.0,329.0,792.0,724.0,0.0003202429726472,0.0025523949226933,0.0168505605163727,0.0575939350321861,0.170492860791421
2009,11,7.01269265639166,279.505893019039,226.409791477788,356.645512239347,235.426110607434,0.0004382475411356,0.0042271800344875,0.0260126525724918,0.0653408265182077,0.176745050747492
2009,11,1.0,119.0,138.0,366.0,487.0,6.56830847169147e-05,0.0017234875119902,0.0127532870106868,0.0441324673684159,0.167095414159151
2009,11,8.01269265639166,398.505893019039,364.409791477788,722.645512239347,722.426110607434,0.0002566008515191,0.00294824468987,0.0186641618360341,0.0525505033878962,0.170122229707017
2009,12,10.009425070688,233.219604147031,206.194156456173,376.35438265787,236.222431668238,0.0006255237667392,0.0035271573119721,0.0236900397255949,0.0689516777379541,0.177342885057118
2009,12,4.0,106.0,135.0,358.0,392.0,0.0002627323388676,0.0015352073636216,0.0124760416408893,0.0431678232729314,0.134499799487448
2009,12,14.009425070688,339.219604147031,341.194156456173,734.35438265787,628.222431668238,0.0004486419929716,0.0025096301313128,0.0174751148364665,0.0534019679361092,0.147938452470249
2009,13,9.0,239.0,199.0,342.0,206.0,0.0005624412851782,0.0036145786313482,0.0228634893753423,0.062657630342563,0.154653535922764
2009,13,6.0,109.0,123.0,339.0,399.0,0.0003940985083014,0.0015786566286297,0.0113670601616991,0.0408767935461557,0.136901581621152
2009,13,15.0,348.0,322.0,681.0,605.0,0.0004803644589709,0.0025745896611515,0.0164920379521946,0.0495220577738873,0.142469862954157
2009,14,6.0,201.0,198.0,356.0,251.0,0.0003749608567855,0.0030398757527238,0.0227485974689335,0.0652225625788082,0.188437075323367
2009,14,3.0,100.0,100.0,326.0,407.0,0.0001970492541507,0.0014483088336052,0.0092415123265846,0.0393092468909934,0.139646475488243
2009,14,9.0,301.0,298.0,682.0,658.0,0.0002882186753825,0.002226872091973,0.0152628177321552,0.0495947773888269,0.154950693923694
2009,15,3.0,232.0,195.0,322.0,219.0,0.0001874804283927,0.0035087123116016,0.0224039217497072,0.0589934414336411,0.164413225082938
2009,15,3.0,105.0,129.0,331.0,389.0,0.0001970492541507,0.0015207242752855,0.0119215509012942,0.0399121494506712,0.133470464287289
2009,15,6.0,337.0,324.0,653.0,608.0,0.0001921457835883,0.0024932089534714,0.0165944729705312,0.0474859085555777,0.143176325084508
2009,16,3.0,235.0,197.0,352.0,236.0,0.0001874804283927,0.003554083591493,0.0226337055625248,0.0644897247970239,0.177175895523166
2009,16,5.0,103.0,127.0,327.0,394.0,0.0003284154235845,0.0014917580986134,0.0117367206547625,0.0394298274029289,0.135186022954221
2009,16,8.0,338.0,324.0,679.0,630.0,0.0002561943781178,0.0025006071996242,0.0165944729705312,0.0493766185440081,0.14835704737375
2009,17,5.005,203.203,228.228,333.333,231.231,0.0003127798480352,0.003073193395924,0.0262215500158574,0.0610697540788817,0.173595591092022
2009,17,7.0,113.0,136.0,359.0,391.0,0.0004597815930184,0.0016365889819739,0.0125684567641552,0.0432884037848669,0.134156687754061
2009,17,12.005,316.203,364.228,692.333,622.231,0.000384451688663,0.002339347628233,0.0186548509293538,0.0503461891699981,0.146527545943517
2009,18,8.0,240.0,231.0,331.0,211.0,0.0004999478090473,0.003629702391312,0.0265400303804224,0.060642326442656,0.158407262522831
2009,18,1.0,107.0,112.0,305.0,373.0,6.56830847169147e-05,0.0015496904519576,0.0103504938057748,0.0367770561403465,0.127980676553107
2009,18,9.0,347.0,343.0,636.0,584.0,0.0002882186753825,0.0025671914149988,0.017567605644729,0.046249675101604,0.137524628041698
2009,19,1.0010152284264,267.271065989848,189.191878172589,325.329949238579,203.206091370558,6.25569212843498e-05,0.0040421434472994,0.0217366155603017,0.0596035195870048,0.152556022094665
2009,19,6.0,108.0,98.0,325.0,399.0,0.0003940985083014,0.0015641735402937,0.0090566820800529,0.0391886663790578,0.136901581621152
2009,19,7.0010152284264,375.271065989848,287.191878172589,650.329949238579,602.206091370558,0.00022420259283,0.0027763477201919,0.0147092526533676,0.0472917434923379,0.141811932740036
2009,20,10.0,201.0,188.0,314.0,189.0,0.0006249347613091,0.0030398757527238,0.021599678404846,0.0575277658700724,0.141890865482536
2009,20,4.0,90.0,126.0,289.0,384.0,0.0002627323388676,0.0013034779502447,0.0116443055314967,0.0348477679493776,0.131754905620357
2009,20,14.0,291.0,314.0,603.0,573.0,0.0004483401617061,0.0021528896304457,0.0160822978788481,0.0438499278085963,0.134934266897077
2009,21,4.0,256.0,167.0,323.0,208.0,0.0002499739045236,0.0038716825507328,0.0191869483702621,0.0591766508790872,0.15615502656279
2009,21,6.00665188470067,91.1008869179601,121.134146341463,299.331485587583,385.426829268293,0.0003945354246078,0.0013194221927255,0.0111946270658495,0.0360935437705832,0.132244467483847
2009,21,10.0066518847007,347.10088691796,288.134146341463,622.331485587583,593.426829268293,0.0003204559945803,0.0025679378012514,0.0147575132819459,0.0452557059967363,0.139744527337477
2009,22,5.0,219.0,179.0,324.0,210.0,0.0003124673806545,0.0033121034320722,0.0205656512471672,0.0593598603245333,0.157656517202817
2009,22,2.0,92.0,115.0,299.0,397.0,0.0001313661694338,0.0013324441269168,0.0106277391755724,0.0360535730687332,0.13621535815438
2009,22,7.0,311.0,294.0,623.0,607.0,0.000224170080853,0.0023008545535003,0.015057947695482,0.0453043201073888,0.142940837707724
2009,23,8.008537886873,227.242262540021,181.193169690502,325.346851654216,196.209178228388,0.0005004813712768,0.0034367574322861,0.0208176286939868,0.0596066162692003,0.147303122298641
2009,23,6.0,85.0,116.0,329.0,343.0,0.0003940985083014,0.0012310625085645,0.0107201542988382,0.0396709884268001,0.117687324551517
2009,23,14.008537886873,312.242262540021,297.193169690502,654.346851654216,539.209178228388,0.0004486135815334,0.0023100451175577,0.0152214938933812,0.0475838510892531,0.126976954918714
2009,24,5.0,204.0,157.0,303.0,199.0,0.0003124673806545,0.0030852470326152,0.0180380293061745,0.0555124619701654,0.14939831868267
2009,24,6.0,109.0,98.0,269.0,345.0,0.0003940985083014,0.0015786566286297,0.0090566820800529,0.0324361577106663,0.11837354801829
2009,24,11.0,313.0,255.0,572.0,544.0,0.000352267269912,0.0023156510458058,0.0130604648379181,0.0415956197454678,0.128105132970349
2009,25,6.0,244.0,191.0,331.0,223.0,0.0003749608567855,0.0036901974311672,0.0219443541240722,0.060642326442656,0.167416206362992
2009,25,3.0,108.0,127.0,323.0,372.0,0.0001970492541507,0.0015641735402937,0.0117367206547625,0.0389475053551867,0.127637564819721
2009,25,9.0,352.0,318.0,654.0,595.0,0.0002882186753825,0.0026041826457625,0.0162871679155213,0.0475586281705173,0.140114989186319
2009,26,0.0,214.0,184.0,292.0,199.0,0.0,0.0032364846322532,0.0211401107792109,0.0534971580702584,0.14939831868267
2009,26,3.0,95.0,98.0,339.0,357.0,0.0001970492541507,0.001375893391925,0.0090566820800529,0.0408767935461557,0.122490888818926
2009,26,3.0,309.0,282.0,631.0,556.0,9.60728917941855e-05,0.0022860580611949,0.0144433375854623,0.0458860770269059,0.130930981491754
2009,27,3.0,208.0,188.0,309.0,176.0,0.0001874804283927,0.0031457420724704,0.021599678404846,0.056611718642842,0.132131176322361
2009,27,2.0,107.0,103.0,274.0,314.0,0.0001313661694338,0.0015496904519576,0.0095187576963822,0.0330390602703441,0.107737084283313
2009,27,5.0,315.0,291.0,583.0,490.0,0.0001601214863236,0.0023304475381113,0.0149042951679771,0.0423955355098037,0.115388814624028
2009,28,4.0,232.0,166.0,301.0,165.0,0.0002499739045236,0.0035087123116016,0.0190720564638533,0.0551460430792732,0.123872977802214
2009,28,14.0,89.0,104.0,264.0,301.0,0.0009195631860368,0.0012889948619087,0.009611172819648,0.0318332551509885,0.10327663174929
2009,28,18.0,321.0,270.0,565.0,466.0,0.0005764373507651,0.0023748370150277,0.0138287274754427,0.0410865824408904,0.109737117581218
2009,29,11.0,230.0,178.0,273.0,139.0,0.00068742823744,0.003478464791674,0.0204507593407584,0.0500161786067827,0.104353599481865
2009,29,3.0,103.0,102.0,273.0,288.0,0.0001970492541507,0.0014917580986134,0.0094263425731163,0.0329184797584086,0.0988161792152678
2009,29,14.0,333.0,280.0,546.0,427.0,0.0004483401617061,0.0024636159688605,0.0143409025671257,0.0397049097570374,0.100553109886653
2009,30,6.00656455142232,253.276805251641,180.19693654267,287.314004376368,188.205689277899,0.0003753710984231,0.0038304976070239,0.0207031695684048,0.0526386394106899,0.141294540425282
2009,30,7.0,93.0,91.0,260.0,342.0,0.0004597815930184,0.0013469272152529,0.008409776217192,0.0313509331032462,0.11734421281813
2009,30,13.0065645514223,346.276805251641,271.19693654267,547.314004376368,530.205689277899,0.0004165260895876,0.0025618410422341,0.0138900315837907,0.0398004636493159,0.124856746923862
2009,31,4.0,210.0,182.0,290.0,167.0,0.0002499739045236,0.003175989592398,0.0209103269663934,0.0531307391793662,0.12537446844224
2009,31,4.0,105.0,97.0,332.0,290.0,0.0002627323388676,0.0015207242752855,0.0089642669567871,0.0400327299626067,0.0995024026820405
2009,31,8.0,315.0,279.0,622.0,457.0,0.0002561943781178,0.0023304475381113,0.0142896850579574,0.0452316004924492,0.107617731190165
2009,32,12.0,237.0,169.0,280.0,152.0,0.000749921713571,0.0035843311114206,0.0194167321830796,0.0512986447249053,0.114113288642039
2009,32,6.0,96.0,123.0,276.0,332.0,0.0003940985083014,0.001390376480261,0.0113670601616991,0.0332802212942152,0.113913095484267
2009,32,18.0,333.0,292.0,556.0,484.0,0.0005764373507651,0.0024636159688605,0.0149555126771454,0.0404321059064337,0.113975890363325
2009,33,6.0,254.0,207.0,301.0,228.0,0.0003749608567855,0.0038414350308052,0.0237826246266123,0.0551460430792732,0.171169932963059
2009,33,3.0,115.0,134.0,323.0,426.0,0.0001970492541507,0.001665555158646,0.0123836265176235,0.0389475053551867,0.146165598422584
2009,33,9.0,369.0,341.0,624.0,654.0,0.0002882186753825,0.0027299528303589,0.0174651706263924,0.0453770397223285,0.154008744416559
2009,34,9.00952380952381,253.267724867725,185.195767195767,310.328042328042,188.198941798942,0.0005630364611414,0.0038303602774772,0.0212774947519537,0.0568550285412915,0.141289474787033
2009,34,8.0,112.0,119.0,307.0,374.0,0.0005254646777353,0.0016221058936379,0.0109973996686358,0.0370182171642177,0.128323788286494
2009,34,17.0095238095238,365.267724867725,304.195767195767,617.328042328042,562.198941798942,0.0005447180468076,0.0027023405402206,0.0155801494953091,0.0448918575295302,0.132390754034822
2009,35,6.00675675675676,222.25,172.193693693694,296.333333333333,192.216216216216,0.0003753831100026,0.0033612556519545,0.0197836617400337,0.0542910656671915,0.144305424755011
2009,35,5.0,97.0,100.0,272.0,340.0,0.0003284154235845,0.0014048595685971,0.0092415123265846,0.032797899246473,0.116657989351358
2009,35,11.0067567567568,319.25,272.193693693694,568.333333333333,532.216216216216,0.0003524836502989,0.0023618900842604,0.0139410830023119,0.0413289811573558,0.125330200638519
2009,36,7.0,224.0,198.0,306.0,180.0,0.0004374543329164,0.0033877222318912,0.0227485974689335,0.0560620903065037,0.135134157602415
2009,36,6.0,101.0,119.0,283.0,314.0,0.0003940985083014,0.0014627919219413,0.0109973996686358,0.0341242848777642,0.107737084283313
2009,36,13.0,325.0,317.0,589.0,494.0,0.0004163158644414,0.0024044299996386,0.016235950406353,0.0428318531994415,0.116330764131163
2009,37,9.009977827051,222.246119733925,187.207317073171,309.342572062084,175.194013303769,0.0005630648342749,0.0033611969677418,0.0215086055522049,0.0566744810803617,0.131526085582173
2009,37,4.0,100.0,110.0,289.0,323.0,0.0002627323388676,0.0014483088336052,0.0101656635592431,0.0348477679493776,0.11082508988379
2009,37,13.009977827051,322.246119733925,297.207317073171,598.342572062084,498.194013303769,0.000416635397341,0.002384056115555,0.0152222184870828,0.0435112414423419,0.117318401322263
2009,38,4.00461893764434,205.236720554273,173.199769053118,296.341801385681,188.217090069284,0.000250262557993,0.0031039508974203,0.0198992516560688,0.0542926170943662,0.141303099516059
2009,38,5.0,101.0,99.0,273.0,307.0,0.0003284154235845,0.0014627919219413,0.0091490972033188,0.0329184797584086,0.105335302149608
2009,38,9.00461893764434,306.236720554273,272.199769053118,569.341801385681,495.217090069284,0.0002883665936147,0.0022656146396666,0.0139413941670889,0.0414023165658014,0.116617373478888
2009,39,7.0,233.0,188.0,294.0,200.0,0.0004374543329164,0.0035238360715654,0.021599678404846,0.0538635769611506,0.150149064002683
2009,39,1.0,100.0,97.0,279.0,328.0,6.56830847169147e-05,0.0014483088336052,0.0089642669567871,0.0336419628300219,0.112540648550722
2009,39,8.0,333.0,285.0,573.0,528.0,0.0002561943781178,0.0024636159688605,0.0145969901129672,0.0416683393604074,0.124337334941809
2009,40,7.0151024811219,209.450916936354,197.425026968716,314.677454153182,200.431499460626,0.0004383981394599,0.0031676853919432,0.0226825377212357,0.0576518818697921,0.150473010203336
2009,40,1.0,119.0,122.0,332.0,351.0,6.56830847169147e-05,0.0017234875119902,0.0112746450384333,0.0400327299626067,0.120432218418608
2009,40,8.0151024811219,328.450916936354,319.425026968716,646.677454153182,551.431499460626,0.0002566780244627,0.0024299607325864,0.0163601542473566,0.047026135456159,0.129855157283902
2009,41,6.0,238.0,168.0,298.0,188.0,0.0003749608567855,0.0035994548713844,0.0193018402766709,0.054596414742935,0.141140120162522
2009,41,10.0113765642776,106.120591581342,114.129692832765,303.344709897611,346.393629124005,0.0006575780950043,0.0015369539021467,0.0105473096314332,0.0365774604123986,0.118851718522724
2009,41,16.0113765642776,344.120591581342,282.129692832765,601.344709897611,534.393629124005,0.0005127530827119,0.0025458888427433,0.0144499801293135,0.0437295557497372,0.125842953892349
2009,42,4.0,233.0,194.0,294.0,201.0,0.0002499739045236,0.0035238360715654,0.0222890298432985,0.0538635769611506,0.150899809322697
2009,42,4.00448933782267,122.136924803591,128.143658810325,272.305274971942,365.409652076319,0.0002630272124241,0.0017689198710242,0.0118424120246928,0.0328347094588708,0.125376339120008
2009,42,8.00448933782267,355.136924803591,322.143658810325,566.305274971942,566.409652076319,0.0002563381460067,0.002627390387622,0.0164993957986295,0.0411815015342403,0.133382323152438
2009,43,5.0,241.0,194.0,354.0,212.0,0.0003124673806545,0.0036448261512758,0.0222890298432985,0.064856143687916,0.159158007842844
2009,43,6.0,114.0,101.0,291.0,337.0,0.0003940985083014,0.00165107207031,0.0093339274498505,0.0350889289732487,0.115628654151199
2009,43,11.0,355.0,295.0,645.0,549.0,0.000352267269912,0.0026263773842207,0.0151091652046503,0.0469041516360607,0.129282569854268
2009,44,5.0,246.0,198.0,341.0,170.0,0.0003124673806545,0.0037204449510948,0.0227485974689335,0.0624744208971169,0.127626704402281
2009,44,4.0,126.0,109.0,289.0,341.0,0.0002627323388676,0.0018248691303426,0.0100732484359773,0.0348477679493776,0.117001101084744
2009,44,9.0,372.0,307.0,630.0,511.0,0.0002882186753825,0.0027521475688171,0.01572377531467,0.0458133574119662,0.120334049536486
2009,45,5.0,221.0,175.0,313.0,206.0,0.0003124673806545,0.0033423509519998,0.0201060836215321,0.0573445564246263,0.154653535922764
2009,45,7.0,102.0,115.0,324.0,318.0,0.0004597815930184,0.0014772750102773,0.0106277391755724,0.0390680858671222,0.109109531216858
2009,45,12.0,323.0,290.0,637.0,524.0,0.0003842915671767,0.0023896335073332,0.0148530776588088,0.0463223947165436,0.123395385434675
2009,46,9.01823708206687,243.492401215805,170.344478216819,321.650455927052,244.494427558257,0.0005635809838311,0.0036825206289971,0.0195712018485349,0.0589294016578773,0.183553047258721
2009,46,4.0,95.0,127.0,323.0,381.0,0.0002627323388676,0.001375893391925,0.0117367206547625,0.0389475053551867,0.130725570420198
2009,46,13.0182370820669,338.492401215805,297.344478216819,644.650455927052,625.494427558257,0.0004168998941788,0.0025042501050246,0.0152292435392151,0.0468787329256715,0.147296041938535
2009,47,4.00397219463754,244.24230387289,202.200595829196,323.320754716981,234.232373386296,0.0002502221407744,0.0036938619767791,0.0232312119318025,0.0592354161729096,0.175848858115397
2009,47,7.0,112.0,124.0,315.0,394.0,0.0004597815930184,0.0016221058936379,0.011459475284965,0.0379828612597022,0.135186022954221
2009,47,11.0039721946375,356.24230387289,326.200595829196,638.320754716981,628.232373386296,0.0003523944766538,0.0026355682540688,0.0167071820075888,0.0464184394909922,0.147940793619356
2009,48,11.0,239.0,208.0,351.0,220.0,0.00068742823744,0.0036145786313482,0.0238975165330211,0.0643065153515778,0.165163970402951
2009,48,4.0,105.0,112.0,329.0,403.0,0.0002627323388676,0.0015207242752855,0.0103504938057748,0.0396709884268001,0.138274028554698
2009,48,15.0,344.0,320.0,680.0,623.0,0.0004803644589709,0.0025449966765406,0.016389602933858,0.0494493381589477,0.146708635736264
2009,49,3.0,273.0,196.0,394.0,278.0,0.0001874804283927,0.0041287864701174,0.022518813656116,0.0721845215057597,0.20870719896373
2009,49,8.0,118.0,137.0,370.0,443.0,0.0005254646777353,0.0017090044236542,0.012660871887421,0.0446147894161581,0.151998497890151
2009,49,11.0,391.0,333.0,764.0,721.0,0.000352267269912,0.0028927142457191,0.0170554305530459,0.0555577858138765,0.169786398661069
2009,50,5.00443655723159,272.241348713398,220.19520851819,351.311446317657,279.247559893523,0.000312744636538,0.0041173128101626,0.0252986472887282,0.064363575258722,0.209643798715228
2009,50,5.0,120.0,139.0,347.0,428.0,0.0003284154235845,0.0017379706003263,0.0128457021339527,0.0418414376416402,0.146851821889356
2009,50,10.0044365572316,392.241348713398,359.19520851819,698.311446317657,707.247559893523,0.0003203850502749,0.0029018980490622,0.018397083885492,0.0507809394841554,0.16654787261602
2009,51,11.0,257.0,229.0,342.0,257.0,0.00068742823744,0.0038868063106966,0.0263102465676049,0.062657630342563,0.192941547243448
2009,51,2.0,111.0,154.0,357.0,429.0,0.0001313661694338,0.0016076228053018,0.0142319289829404,0.0430472427609958,0.147194933622743
2009,51,13.0,368.0,383.0,699.0,686.0,0.0004163158644414,0.0027225545842062,0.0196163060114612,0.0508310108428006,0.161544340473639
2009,52,10.0155159038014,286.44375484872,231.358417377812,431.66873545384,331.513576415826,0.000625904404073,0.0043321065914616,0.0265812096362493,0.0790857896389132,0.248882266015091
2009,52,4.00679694137638,122.20730671198,136.231096006797,405.688190314359,510.866610025489,0.0002631787829439,0.0017699392184207,0.0125898135301095,0.0489180896743172,0.175284328095052
2009,52,14.0223128451778,408.6510615607,367.589513384609,837.356925768199,842.380186441315,0.0004490547148929,0.0030233011440022,0.0188270192719494,0.0608922732088949,0.198369900359655
2009,53,4.0,300.0,210.0,433.0,349.0,0.0002499739045236,0.00453712798914,0.0241273003458386,0.0793296898781572,0.262010116684682
2009,53,0.0,121.0,148.0,387.0,543.0,0.0,0.0017524536886624,0.0136774382433453,0.0466646581190627,0.186309671228786
2009,53,4.0,421.0,358.0,820.0,892.0,0.0001280971890589,0.0031146616303011,0.0183358682822536,0.0596300842504957,0.210054740091087
2010,1,8.00658436213992,270.222222222222,235.19341563786,415.341563786008,287.23621399177,0.0005066419367666,0.0041006541390185,0.0267834470285946,0.0743108466367223,0.203364333908006
2010,1,3.0,120.0,128.0,393.0,485.0,0.000199137677388,0.001740244177588,0.0117275508614816,0.0465766460687795,0.157481584551536
2010,1,11.0065843621399,390.222222222222,363.19341563786,808.341563786008,772.23621399177,0.0003565671545892,0.0028936818917477,0.0184401760129856,0.0576277476801118,0.171908048142252
2010,2,4.0,278.0,253.0,440.0,338.0,0.0002531126452185,0.0042186828354541,0.0288112321505978,0.0787226113902817,0.239305287817489
2010,2,7.0,123.0,148.0,421.0,557.0,0.000464654580572,0.0017837502820277,0.0135599806835881,0.0498950839566315,0.180860294010733
2010,2,11.0,401.0,401.0,861.0,895.0,0.0003563538488809,0.0029736041991223,0.0203597043966796,0.0613818377966167,0.199236581112933
2010,3,2.0,235.0,229.0,375.0,279.0,0.0001265563226092,0.0035661527565889,0.0260781508398692,0.0670931347076264,0.197533063020945
2010,3,2.0018115942029,116.105072463768,120.108695652174,389.352355072464,477.432065217391,0.0001328787038126,0.0016837598028625,0.0110045377903678,0.0461443430998878,0.155024243600303
2010,3,4.0018115942029,351.105072463768,349.108695652174,764.352355072464,756.432065217391,0.0001296419058264,0.0026036097701032,0.0177250619595727,0.054491698349036,0.168389875439227
2010,4,3.0,254.0,229.0,406.0,290.0,0.0001898344839138,0.0038544800007386,0.0260781508398692,0.0726395005101235,0.205321104932165
2010,4,5.0,113.0,132.0,342.0,481.0,0.00033189612898,0.0016387299338954,0.0120940368259029,0.0405323484873348,0.156182767359359
2010,4,8.0,367.0,361.0,748.0,771.0,0.0002591664355497,0.0027214781573014,0.0183288111900282,0.0533259171566426,0.171632853673823
2010,5,1.0,268.0,211.0,394.0,308.0,6.3278161304628e-05,0.0040669316543227,0.0240283398568227,0.0704925201994795,0.218065173514161
2010,5,1.00091407678245,108.098720292505,123.112431444241,361.329981718464,501.457952468007,6.64399015051435e-05,0.0015676514049479,0.0112797445425235,0.0428232536196933,0.162825552454909
2010,5,2.00091407678245,376.098720292505,334.112431444241,755.329981718464,809.457952468007,6.48212211401333e-05,0.0027889494612127,0.0169636666819467,0.0538484813249294,0.18019400559151
2010,6,5.0,236.0,205.0,364.0,291.0,0.0003163908065231,0.003581327874702,0.0233450695291405,0.0651250694228694,0.206029108742276
2010,6,5.0,92.0,109.0,360.0,516.0,0.00033189612898,0.0013341872028175,0.0099867425304804,0.0426656299866683,0.167547417790913
2010,6,10.0,328.0,314.0,724.0,807.0,0.0003239580444372,0.0024322747563893,0.0159425116722129,0.0516149251623119,0.179646839059371
2010,7,4.0,244.0,245.0,429.0,344.0,0.0002531126452185,0.0037027288196072,0.0279002050470216,0.0767545461055246,0.243553310678154
2010,7,7.00552486187845,141.111286503552,138.108918705604,455.359116022099,526.415153906867,0.0004650213166261,0.0020464007894147,0.0126537450667515,0.0539671765423756,0.170929263029266
2010,7,11.0055248618784,385.111286503552,383.108918705604,884.359116022099,870.415153906867,0.0003565328312259,0.002855781891961,0.0194513325101687,0.0630471403178024,0.193763731188036
2010,8,6.0,284.0,224.0,442.0,334.0,0.0003796689678277,0.004309733544133,0.025508758900134,0.0790804414420557,0.236473272577045
2010,8,9.0,109.0,140.0,404.0,551.0,0.000597413032164,0.0015807217946424,0.0128270087547455,0.0478803180961499,0.178912068222467
2010,8,15.0,393.0,364.0,846.0,885.0,0.0004859370666558,0.0029142804245762,0.0184811281805271,0.06031246780016,0.197010474061392
2010,9,7.0,220.0,232.0,394.0,283.0,0.0004429471291323,0.0033385259848917,0.0264197860037102,0.0704925201994795,0.200365078261388
2010,9,7.00615114235501,107.094024604569,125.109841827768,408.358523725835,491.431458699473,0.0004650628886393,0.0015530812731047,0.0114627502602115,0.0483968713199682,0.15956990683395
2010,9,14.006151142355,327.094024604569,357.109841827768,802.358523725835,774.431458699473,0.0004537405334169,0.0024255565213764,0.0181312987949086,0.0572012087782486,0.17239673311462
2010,10,5.0,243.0,214.0,386.0,268.0,0.0003163908065231,0.003687553701494,0.0243699750206638,0.0690611999923835,0.189745021109725
2010,10,3.0,97.0,128.0,377.0,481.0,0.000199137677388,0.0014066973768836,0.0117275508614816,0.0446803958471498,0.156182767359359
2010,10,8.0,340.0,342.0,763.0,749.0,0.0002591664355497,0.0025212604182084,0.0173641369168689,0.0543952871530994,0.166735418160432
2010,11,5.0,241.0,218.0,397.0,322.0,0.0003163908065231,0.0036572034652678,0.0248254885724519,0.0710292652771405,0.227977226855714
2010,11,2.00181653042688,108.098092643052,131.118982742961,378.343324250681,482.437783832879,0.0001328790314753,0.0015676423027537,0.0120133167111235,0.0448396007789045,0.156649621949553
2010,11,7.00181653042688,349.098092643052,349.118982742961,775.343324250681,804.437783832879,0.0002268294790705,0.0025887270678029,0.0177255842591426,0.0552752591937804,0.179076462311651
2010,12,3.00283822138127,255.241248817408,229.21665089877,349.330179754021,221.20908230842,0.0001900140813442,0.0038733160981506,0.0261028226949684,0.0625004181538023,0.1566168731055
2010,12,2.0,112.0,131.0,343.0,415.0,0.000132758451592,0.0016242278990821,0.0120024153347976,0.0406508641261867,0.134752283688428
2010,12,5.00283822138127,367.241248817408,360.21665089877,692.330179754021,636.20908230842,0.0001620709686834,0.0027232671311081,0.0182890387308251,0.04935714145803,0.14162695243813
2010,13,9.0,248.0,177.0,366.0,225.0,0.0005695034517416,0.0037634292920598,0.0201564746666238,0.0654828994746434,0.159300857274955
2010,13,4.0,87.0,135.0,357.0,425.0,0.000265516903184,0.0012616770287513,0.0123689012992189,0.0423100830701127,0.137999326668872
2010,13,13.0,335.0,312.0,723.0,650.0,0.0004211454577683,0.0024841830591171,0.0158409670118804,0.0515436338292147,0.144696958350175
2010,14,2.0,253.0,221.0,367.0,264.0,0.0001265563226092,0.0038393048826255,0.0251671237362929,0.0656618145005304,0.186913005869281
2010,14,3.0,122.0,100.0,341.0,462.0,0.000199137677388,0.0017692482472145,0.0091621491105325,0.040413832848483,0.150013385696515
2010,14,5.0,375.0,321.0,708.0,726.0,0.0001619790222186,0.0027808019318475,0.0162979179833769,0.050474263832758,0.161615371941888
2010,15,3.0,232.0,188.0,352.0,257.0,0.0001898344839138,0.0035206274022495,0.0214091369340411,0.0629780891122253,0.181956979198505
2010,15,2.0,119.0,123.0,337.0,416.0,0.000132758451592,0.0017257421427748,0.011269443405955,0.0399397702930756,0.135076987986472
2010,15,5.0,351.0,311.0,689.0,673.0,0.0001619790222186,0.0026028306082093,0.0157901946817141,0.0491197285039128,0.14981700456872
2010,16,3.0,227.0,199.0,341.0,221.0,0.0001898344839138,0.0034447518116837,0.0226617992014584,0.0610100238274683,0.156468842034512
2010,16,8.0,91.0,112.0,332.0,431.0,0.000531033806368,0.0013196851680042,0.0102616070037964,0.0393471920988163,0.139947552457138
2010,16,11.0,318.0,311.0,673.0,652.0,0.0003563538488809,0.0023581200382067,0.0157901946817141,0.0479790671743589,0.145142179760483
2010,17,2.0,234.0,192.0,344.0,238.0,0.0001265563226092,0.0035509776384757,0.0218646504858292,0.0615467689051293,0.168504906806397
2010,17,7.00736842105263,85.0894736842105,126.132631578947,313.329473684211,419.441052631579,0.0004651436906568,0.0012339705096081,0.0115564597823018,0.0371344427448001,0.136194312565743
2010,17,9.00736842105263,319.08947368421,318.132631578947,657.329473684211,657.441052631579,0.0002918009459209,0.0023661989996087,0.0161523350071948,0.0468618944629729,0.14635341632358
2010,18,6.0,251.0,188.0,314.0,194.0,0.0003796689678277,0.0038089546463992,0.0214091369340411,0.0561793181285192,0.137352739161517
2010,18,3.00362756952842,86.1039903264813,98.1185006045949,287.347037484885,353.42684401451,0.0001993784726448,0.0012486830652729,0.0089897633304117,0.0340551177197094,0.114759215295781
2010,18,9.00362756952842,337.103990326481,286.118500604595,601.347037484885,547.42684401451,0.0002916797580265,0.002499785140089,0.0145269029793784,0.0428708319562987,0.121863075766362
2010,19,5.0,209.0,157.0,276.0,230.0,0.0003163908065231,0.0031715996856471,0.0178789069076832,0.049380547144813,0.16284087632551
2010,19,4.0,100.0,105.0,350.0,366.0,0.000265516903184,0.0014502034813233,0.0096202565660591,0.0414804735981497,0.118841773084252
2010,19,9.0,309.0,262.0,626.0,596.0,0.0002915622399934,0.0022913807918423,0.0133023505035662,0.0446283745187945,0.132675980271853
2010,20,6.0,265.0,218.0,353.0,272.0,0.0003796689678277,0.0040214062999832,0.0248254885724519,0.0631570041381123,0.192577036350168
2010,20,4.0,107.0,138.0,367.0,450.0,0.000265516903184,0.001551717725016,0.0126437657725349,0.0434952394586312,0.146116934119982
2010,20,10.0,372.0,356.0,720.0,722.0,0.0003239580444372,0.0027585555163927,0.0180749495391968,0.0513297598299234,0.160724929121271
2010,21,4.0042689434365,232.247598719317,175.186766275347,327.348986125934,199.212379935966,0.0002533827761098,0.0035243847420598,0.0199499865330891,0.0585676523268059,0.141043124015927
2010,21,5.0,82.0,109.0,314.0,364.0,0.00033189612898,0.0011891668546851,0.0099867425304804,0.0372139105994829,0.118192364488163
2010,21,9.0042689434365,314.247598719317,284.186766275347,641.348986125934,563.212379935966,0.0002917005358502,0.002330294212259,0.0144288243262203,0.0457226242014015,0.125377105049073
2010,22,6.0,219.0,177.0,318.0,214.0,0.0003796689678277,0.0033233508667786,0.0201564746666238,0.0568949782320672,0.151512815363735
2010,22,6.0,97.0,100.0,342.0,352.0,0.000398275354776,0.0014066973768836,0.0091621491105325,0.0405323484873348,0.11429591291163
2010,22,12.0,316.0,277.0,660.0,566.0,0.0003887496533246,0.0023432890945702,0.0140639354560605,0.0470522798440964,0.125997659117229
2010,23,7.0,226.0,185.0,298.0,190.0,0.0004429471291323,0.0034295766935706,0.0210675017702,0.0533166777143271,0.134520723921073
2010,23,3.0,80.0,97.0,247.0,321.0,0.000199137677388,0.0011601627850587,0.0088872846372165,0.0292733627964085,0.104230079672254
2010,23,10.0,306.0,282.0,545.0,511.0,0.0003239580444372,0.0022691343763876,0.0143177971068919,0.0388537765379281,0.113754070333753
2010,24,5.00558659217877,246.274860335196,158.176536312849,297.331843575419,189.211173184358,0.0003167443158041,0.0037372500938847,0.0180128889663516,0.0531971344903267,0.133962231530081
2010,24,3.0,105.0,121.0,252.0,389.0,0.000199137677388,0.0015227136553895,0.0110862004237443,0.0298659409906678,0.126309971939273
2010,24,8.00558659217877,351.274860335196,279.176536312849,549.331843575419,578.211173184358,0.0002593474176975,0.0026048688272789,0.0141744432763553,0.0391625994411879,0.128715996990558
2010,25,4.0,218.0,190.0,306.0,194.0,0.0002531126452185,0.0033081757486654,0.0216368937099351,0.0547479979214232,0.137352739161517
2010,25,3.0,110.0,112.0,310.0,357.0,0.000199137677388,0.0015952238294557,0.0102616070037964,0.0367398480440754,0.115919434401852
2010,25,7.0,328.0,302.0,616.0,551.0,0.000226770631106,0.0024322747563893,0.0153332437102175,0.0439154611878233,0.122658498539918
2010,26,7.0,238.0,200.0,319.0,201.0,0.0004429471291323,0.0036116781109283,0.0227756775894054,0.0570738932579542,0.142308765832294
2010,26,2.0,96.0,130.0,269.0,400.0,0.000132758451592,0.0013921953420704,0.0119107938436923,0.0318807068511493,0.129881719217762
2010,26,9.0,334.0,330.0,588.0,601.0,0.0002915622399934,0.0024767675872988,0.0167548689548735,0.0419193038611041,0.133789033797623
2010,27,6.0,242.0,219.0,367.0,268.0,0.0003796689678277,0.0036723785833809,0.0249393669603989,0.0656618145005304,0.189745021109725
2010,27,6.0,88.0,130.0,372.0,517.0,0.000398275354776,0.0012761790635645,0.0119107938436923,0.0440878176528905,0.167872122088957
2010,27,12.0,330.0,349.0,739.0,785.0,0.0003887496533246,0.0024471057000258,0.0177195432280328,0.0526842951587686,0.174749403545981
2010,28,4.00453001132503,225.254813137033,162.183465458664,310.35107587769,182.206115515289,0.0002533992960058,0.0034182683949087,0.0184691915980949,0.0555264707747163,0.129002624010334
2010,28,2.0,102.0,118.0,274.0,367.0,0.000132758451592,0.0014792075509498,0.0108113359504284,0.0324732850454086,0.119166477382296
2010,28,6.00453001132503,327.254813137033,280.183465458664,584.35107587769,549.206115515289,0.0001945215800233,0.0024267488442076,0.0142255674154007,0.0416591671960544,0.122259160649811
2010,29,2.0,228.0,188.0,287.0,187.0,0.0001265563226092,0.0034599269297969,0.0214091369340411,0.0513486124295701,0.132396712490741
2010,29,3.0,97.0,115.0,278.0,351.0,0.000199137677388,0.0014066973768836,0.0105364714771124,0.032947347600816,0.113971208613586
2010,29,5.0,325.0,303.0,565.0,538.0,0.0001619790222186,0.0024100283409345,0.0153840160403838,0.0402796031998704,0.119764559372914
2010,30,6.00570342205323,255.242395437262,235.223384030418,307.291825095057,249.236692015209,0.0003800298698884,0.0038733334982423,0.0267868597808285,0.0549791248417468,0.176460527566208
2010,30,5.00446428571429,107.095535714286,122.108928571429,389.347321428571,497.44375,0.0003321924648094,0.0015531031872704,0.0111878021129879,0.0461437465343662,0.161522123660326
2010,30,11.0101677077675,362.337931151548,357.332312601847,696.639146523628,746.680442015209,0.0003566832399534,0.0026869067171409,0.0181425941545025,0.0496643334433064,0.166219059721792
2010,31,1.0,220.0,193.0,370.0,213.0,6.3278161304628e-05,0.0033385259848917,0.0219785288737762,0.0661985595781914,0.150804811553624
2010,31,5.0,133.0,110.0,320.0,424.0,0.00033189612898,0.00192877063016,0.0100783640215858,0.037925004432594,0.137674622370827
2010,31,6.0,353.0,303.0,690.0,637.0,0.0001943748266623,0.0026176615518458,0.0153840160403838,0.0491910198370099,0.141803019183172
2010,32,6.0,241.0,199.0,360.0,254.0,0.0003796689678277,0.0036572034652678,0.0226617992014584,0.0644094093193214,0.179832967768172
2010,32,5.0,101.0,116.0,301.0,428.0,0.00033189612898,0.0014647055161366,0.0106280929682177,0.0356732072944087,0.138973439563005
2010,32,11.0,342.0,315.0,661.0,682.0,0.0003563538488809,0.0025360913618449,0.0159932840023792,0.0471235711771936,0.151820500915107
2010,33,7.0,236.0,192.0,287.0,197.0,0.0004429471291323,0.003581327874702,0.0218646504858292,0.0513486124295701,0.13947675059185
2010,33,5.00579374275782,106.122827346466,99.1147161066049,295.341830822711,358.41483198146,0.0003322807131387,0.0015389969366572,0.0090810380801681,0.0350026257596305,0.116378836427243
2010,33,12.0057937427578,342.122827346466,291.114716106605,582.341830822711,555.41483198146,0.000388937346282,0.0025370021845712,0.0147805724824284,0.0415159254375662,0.123641287400447
2010,34,7.00786516853933,214.240449438202,189.212359550562,276.310112359551,204.229213483146,0.0004434448225359,0.0032511241248378,0.0215471984852712,0.0494360309056499,0.144595061282022
2010,34,5.0,90.0,120.0,297.0,366.0,0.00033189612898,0.001305183133191,0.010994578932639,0.0351991447390013,0.118841773084252
2010,34,12.0078651685393,304.240449438202,309.212359550562,573.310112359551,570.229213483146,0.0003890044517865,0.0022560864787837,0.0156994320105966,0.0408720421881697,0.12693912731296
2010,35,3.0,232.0,190.0,306.0,222.0,0.0001898344839138,0.0035206274022495,0.0216368937099351,0.0547479979214232,0.157176845844623
2010,35,2.0,80.0,117.0,314.0,374.0,0.000132758451592,0.0011601627850587,0.010719714459323,0.0372139105994829,0.121439407468607
2010,35,5.0,312.0,307.0,620.0,596.0,0.0001619790222186,0.0023136272072971,0.015587105361049,0.0442006265202118,0.132675980271853
2010,36,2.00218340611354,223.243449781659,174.189956331878,304.331877729258,213.232532751092,0.0001266944845335,0.0033877457184225,0.0198364714236373,0.0544495457821706,0.150969445627373
2010,36,4.0,97.0,118.0,283.0,328.0,0.000265516903184,0.0014066973768836,0.0108113359504284,0.0335399257950753,0.106503009758565
2010,36,6.00218340611354,320.243449781659,292.189956331878,587.331877729258,541.232532751092,0.0001944455598598,0.0023747562768383,0.014835164934154,0.041871672533751,0.120484155768068
2010,37,8.0,213.0,181.0,308.0,206.0,0.000506225290437,0.0032323001580997,0.0206119882184119,0.0551058279731972,0.145848784882848
2010,37,4.0,126.0,106.0,288.0,377.0,0.000265516903184,0.0018272563864674,0.0097118780571644,0.0341325039893346,0.12241352036274
2010,37,12.0,339.0,287.0,596.0,583.0,0.0003887496533246,0.0025138449463901,0.0145716587577233,0.042489634525881,0.129782041104849
2010,38,5.0,226.0,162.0,278.0,190.0,0.0003163908065231,0.0034295766935706,0.0184482988474184,0.049738377196587,0.134520723921073
2010,38,7.0,88.0,133.0,258.0,338.0,0.000464654580572,0.0012761790635645,0.0121856583170082,0.0305770348237789,0.109750052739009
2010,38,12.0,314.0,295.0,536.0,528.0,0.0003887496533246,0.0023284581509336,0.0149778373990536,0.0382121545400541,0.117538452321373
2010,39,8.0,231.0,169.0,303.0,208.0,0.000506225290437,0.0035054522841363,0.0192454475630475,0.0542112528437621,0.14726479250307
2010,39,4.0,103.0,98.0,275.0,351.0,0.000265516903184,0.001493709585763,0.0089789061283218,0.0325918006842605,0.113971208613586
2010,39,12.0,334.0,267.0,578.0,559.0,0.0003887496533246,0.0024767675872988,0.0135562121543976,0.0412063905301329,0.124439384181151
2010,40,5.00570125427594,189.215507411631,173.197263397948,305.347776510832,205.233751425314,0.0003167515714108,0.00287136767381,0.0197234251525949,0.0546313053389746,0.145306277972478
2010,40,3.0,97.0,107.0,270.0,391.0,0.000199137677388,0.0014066973768836,0.0098034995482697,0.0319992224900012,0.126959380535362
2010,40,8.00570125427594,286.215507411631,280.197263397948,575.347776510832,596.233751425314,0.0002593511322683,0.0021224230291599,0.0142262679689296,0.0410173099819187,0.132728015841473
2010,41,7.0,226.0,213.0,306.0,202.0,0.0004429471291323,0.0034295766935706,0.0242560966327167,0.0547479979214232,0.143016769642404
2010,41,5.0,106.0,106.0,299.0,376.0,0.00033189612898,0.0015372156902027,0.0097118780571644,0.035436176016705,0.122088816064696
2010,41,12.0,332.0,319.0,605.0,578.0,0.0003887496533246,0.0024619366436623,0.0161963733230444,0.0431312565237551,0.128668987579079
2010,42,6.00594059405941,261.258415841584,203.20099009901,314.310891089109,226.223762376238,0.0003800448776969,0.003964627318449,0.023140201181715,0.0562349412157751,0.160167285700002
2010,42,1.0,95.0,104.0,290.0,382.0,6.63792257960064e-05,0.0013776933072572,0.0095286350749538,0.0343695352670383,0.124037041852962
2010,42,7.00594059405941,356.258415841584,307.20099009901,604.310891089109,608.223762376238,0.0002269630814294,0.0026418242426912,0.015597310096716,0.0430821290308485,0.135397120634064
2010,43,5.01469147894221,245.719882468168,198.581782566112,324.952007835455,249.731635651322,0.0003173204562974,0.0037288282392024,0.0226141732742758,0.0581387968939144,0.176810949546366
2010,43,5.0,100.0,108.0,314.0,411.0,0.00033189612898,0.0014502034813233,0.0098951210393751,0.0372139105994829,0.13345346649625
2010,43,10.0146914789422,345.719882468168,306.581782566112,638.952007835455,660.731635651322,0.000324433986716,0.0025636760454549,0.0155658714874143,0.0455517404236684,0.147085935329973
2010,44,5.00507099391481,209.211967545639,216.21906693712,315.319472616633,241.244421906694,0.000316711689694,0.0031748163181884,0.0246226787862095,0.0564153916058813,0.170801969877944
2010,44,4.00780487804878,123.24,105.20487804878,352.686829268293,441.860487804878,0.0002660349849463,0.0017872307703829,0.0096390277983831,0.0417989048853673,0.143473999526241
2010,44,9.01287587196359,332.451967545639,321.4239449859,668.006301884926,683.104909711572,0.0002919793642236,0.0024652881962598,0.0163194426581734,0.0476230597786508,0.152066465645131
2010,45,1.0,236.0,197.0,354.0,246.0,6.3278161304628e-05,0.003581327874702,0.0224340424255643,0.0633359191639993,0.174168937287285
2010,45,11.0,109.0,110.0,336.0,385.0,0.000730171483756,0.0015807217946424,0.0100783640215858,0.0398212546542237,0.125011154747096
2010,45,12.0,345.0,307.0,690.0,631.0,0.0003887496533246,0.0025583377772997,0.015587105361049,0.0491910198370099,0.140467354952247
2010,46,3.0,245.0,182.0,359.0,264.0,0.0001898344839138,0.0037179039377203,0.0207258666063589,0.0642304942934344,0.186913005869281
2010,46,3.0,93.0,133.0,324.0,411.0,0.000199137677388,0.0013486892376307,0.0121856583170082,0.0383990669880014,0.13345346649625
2010,46,6.0,338.0,315.0,683.0,675.0,0.0001943748266623,0.0025064294745719,0.0159932840023792,0.0486919805053301,0.150262225979028
2010,47,2.0,246.0,198.0,373.0,228.0,0.0001265563226092,0.0037330790558335,0.0225479208135113,0.0667353046558524,0.161424868705288
2010,47,2.00204290091931,111.113381001021,126.128702757916,340.347293156282,400.408580183861,0.0001328940577734,0.0016113701194929,0.0115560998178606,0.0403364768799168,0.130014386959557
2010,47,4.00204290091931,357.113381001021,324.128702757916,713.347293156282,628.408580183861,0.0001296493991935,0.0026481642127366,0.016456769512794,0.0508554794903304,0.139890477159626
2010,48,7.01736972704715,243.602977667494,238.590570719603,429.062034739454,293.727047146402,0.0004440462535223,0.0036967039588179,0.0271703095729095,0.07676564505254,0.20795986851228
2010,48,3.0,122.0,143.0,364.0,510.0,0.000199137677388,0.0017692482472145,0.0131018732280615,0.0431396925420757,0.165599192002646
2010,48,10.0173697270472,365.602977667494,381.590570719603,793.062034739454,803.727047146402,0.0003245207507178,0.0027111185775653,0.0193742424449161,0.0565384496852869,0.178918244716696
2010,49,9.0,224.0,215.0,441.0,298.0,0.0005695034517416,0.0033992264573443,0.0244838534086108,0.0789015264161687,0.210985135413052
2010,49,2.0,109.0,114.0,394.0,557.0,0.000132758451592,0.0015807217946424,0.0104448499860071,0.0466951617076314,0.180860294010733
2010,49,11.0,333.0,329.0,835.0,855.0,0.0003563538488809,0.0024693521154806,0.0167040966247072,0.0595282631360917,0.190332152906769
2010,50,2.0018315018315,233.21336996337,215.196886446886,394.360805860806,248.227106227106,0.0001266722166775,0.0035390404347585,0.0245062745197908,0.0705570737894057,0.175745736981598
2010,50,4.00401606425703,128.128514056225,116.116465863454,320.321285140562,428.429718875502,0.0002657834864201,0.0018581241714112,0.0106387637442902,0.0379630817462814,0.139112971128831
2010,50,6.00584756608853,361.341884019595,331.31335231034,714.682091001368,676.656825102608,0.0001945642632698,0.0026795205577043,0.0168215509119987,0.0509506390081218,0.150631052983437
2010,51,3.00261324041812,248.216027874564,217.189024390244,377.328397212544,303.26393728223,0.0001899998449625,0.003766707540572,0.0247331359773485,0.0675097199551839,0.214712023065056
2010,51,3.0,108.0,118.0,366.0,493.0,0.000199137677388,0.0015662197598292,0.0108113359504284,0.0433767238197794,0.160079218935891
2010,51,6.00261324041812,356.216027874564,335.189024390244,743.328397212544,796.26393728223,0.0001944594846878,0.0026415099159164,0.0170183278144558,0.0529928723662247,0.17725687656719
2010,52,6.00483481063658,242.195004029009,270.217566478646,408.328767123288,315.253827558421,0.0003799749057551,0.0036753377925537,0.0307719408655568,0.0730561519402713,0.223200911063411
2010,52,1.0,121.0,172.0,439.0,565.0,6.63792257960064e-05,0.0017547462124012,0.0157588964701159,0.0520283654559649,0.183457928395088
2010,52,7.00483481063658,363.195004029009,442.217566478646,847.328767123288,880.253827558421,0.0002269272586859,0.00269326231691,0.0224524162905841,0.0604071973797548,0.195953925267389
2011,1,5.0,259.0,240.0,422.0,274.0,0.0003195177301997,0.0039581776121336,0.0271441496125196,0.0737874826224229,0.183287389647489
2011,1,4.0,115.0,121.0,390.0,560.0,0.000268151448133,0.0016746203321268,0.0110337478011758,0.0457317791379965,0.172208198930284
2011,1,9.0,374.0,361.0,812.0,834.0,0.0002944493609248,0.0027888296271096,0.0182249231166253,0.0569939996368963,0.175697394280902
2011,2,8.0,277.0,226.0,389.0,298.0,0.0005112283683195,0.0042332633149074,0.0255607408851226,0.0680173714220913,0.199341759543619
2011,2,4.0,104.0,145.0,402.0,478.0,0.000268151448133,0.0015144392568799,0.0132222597617395,0.047138910803781,0.146991998372635
2011,2,12.0,381.0,371.0,791.0,776.0,0.0003925991478998,0.0028410269730715,0.0187297686323213,0.0555200168876663,0.163478630649856
2011,3,8.0,267.0,210.0,387.0,289.0,0.0005112283683195,0.0040804379244775,0.0237511309109547,0.0676676677129803,0.19332137083257
2011,3,3.0,130.0,124.0,392.0,505.0,0.0002011135860998,0.0018930490710999,0.0113073117962462,0.0459663010822939,0.155294893678202
2011,3,11.0,397.0,334.0,779.0,794.0,0.0003598825522415,0.0029603351924131,0.0168618402242461,0.0546777410309634,0.167270660742249
2011,4,13.0,289.0,222.0,412.0,311.0,0.0008307460985192,0.0044166537834233,0.0251083383915806,0.0720389640768679,0.20803787657069
2011,4,4.0,116.0,162.0,383.0,517.0,0.000268151448133,0.0016891822480584,0.0147724557338056,0.0449109523329556,0.158985069369566
2011,4,17.0,405.0,384.0,795.0,828.0,0.0005561821261914,0.0030199893020839,0.0193860678027261,0.0558007755065672,0.174433384250104
2011,5,5.0,296.0,233.0,440.0,350.0,0.0003195177301997,0.0045236315567242,0.0263524452488211,0.076934816004422,0.234126227651902
2011,5,3.0,132.0,151.0,400.0,587.0,0.0002011135860998,0.001922172902963,0.0137693877518805,0.0469043888594836,0.180511094235851
2011,5,8.0,428.0,384.0,840.0,937.0,0.0002617327652665,0.0031914948673875,0.0193860678027261,0.0589593099692031,0.197396233142932
2011,6,8.0,269.0,236.0,414.0,303.0,0.0005112283683195,0.0041110030025635,0.0266917471189776,0.0723886677859789,0.202686419938646
2011,6,4.0,114.0,142.0,411.0,541.0,0.000268151448133,0.0016600584161953,0.0129486957666691,0.0481942595531194,0.166365420752292
2011,6,12.0,383.0,378.0,825.0,844.0,0.0003925991478998,0.0028559405004892,0.0190831604933085,0.0579064651483245,0.177804077665565
2011,7,5.0,258.0,213.0,405.0,295.0,0.0003195177301997,0.0039428950730906,0.0240904327811112,0.0708150010949794,0.197334963306603
2011,7,5.0,112.0,140.0,374.0,514.0,0.0003351893101663,0.0016309345843322,0.0127663197699554,0.0438556035836172,0.158062525446725
2011,7,10.0,370.0,353.0,779.0,809.0,0.0003271659565832,0.0027590025722742,0.0178210467040685,0.0546777410309634,0.170430685819244
2011,8,2.00165975103734,272.225726141079,215.178423236515,415.344398340249,301.24979253112,0.0001279131560567,0.0041603002882565,0.0243368138071584,0.0726237383290328,0.201515650017798
2011,8,7.0,106.0,141.0,350.0,477.0,0.0004692650342329,0.001543563088743,0.0128575077683122,0.0410413402520482,0.146684483731688
2011,8,9.00165975103734,378.225726141079,356.178423236515,765.344398340249,778.24979253112,0.0002945036623284,0.0028203398684419,0.0179815079758624,0.0537192590654,0.163952590704281
2011,9,5.0,220.0,200.0,354.0,257.0,0.0003195177301997,0.0033621585894571,0.0226201246770997,0.0618975565126486,0.171915544304396
2011,9,5.0,114.0,130.0,328.0,474.0,0.0003351893101663,0.0016600584161953,0.0118544397863872,0.0384615988647766,0.145761939808847
2011,9,10.0,334.0,330.0,682.0,731.0,0.0003271659565832,0.0024905590787556,0.0166599020179677,0.0478693445226149,0.153998555418872
2011,10,4.0,241.0,231.0,366.0,291.0,0.0002556141841597,0.0036830919093599,0.0261262440020501,0.0639957787673147,0.194659234990581
2011,10,2.0,104.0,144.0,366.0,453.0,0.0001340757240665,0.0015144392568799,0.0131310717633827,0.0429175158064275,0.139304132348962
2011,10,6.0,345.0,375.0,732.0,744.0,0.0001962995739499,0.002572583479553,0.0189317068385997,0.051378827258877,0.156737243818934
2011,11,6.0,233.0,189.0,396.0,233.0,0.0003834212762396,0.003560831597016,0.0213760178198592,0.0692413344039798,0.155861174408266
2011,11,6.00560224089636,88.0821661998133,127.11858076564,345.322128851541,505.47152194211,0.0004026027344519,0.0012826450992694,0.011591688933979,0.0404928085335934,0.155439893578929
2011,11,12.0056022408964,321.082166199813,316.11858076564,741.322128851541,738.47152194211,0.00039278243415,0.0023942338444774,0.0159591047927715,0.0520331442642709,0.155572568532231
2011,12,4.00389483933788,216.210321324245,194.188899707887,348.338851022395,265.258033106134,0.0002558630782047,0.0033042426771345,0.0219628856115061,0.0609076941149995,0.177439607558579
2011,12,7.0,120.0,107.0,386.0,455.0,0.0004692650342329,0.0017474299117845,0.0097571158241802,0.0452627352494017,0.139919161630856
2011,12,11.0038948393379,336.210321324245,301.188899707887,734.338851022395,720.258033106134,0.0003600099781253,0.0025070409225912,0.0152053865394937,0.0515429904045927,0.151735563101481
2011,13,5.0,230.0,171.0,357.0,253.0,0.0003195177301997,0.003514983979887,0.0193402065989202,0.0624221120763151,0.169239815988375
2011,13,5.0,100.0,121.0,328.0,389.0,0.0003351893101663,0.0014561915931538,0.0110337478011758,0.0384615988647766,0.119623195328358
2011,13,10.0,330.0,292.0,685.0,642.0,0.0003271659565832,0.0024607320239202,0.014741489058323,0.0480799134867906,0.13524907329537
2011,14,3.0,248.0,201.0,331.0,259.0,0.0001917106381198,0.0037900696826608,0.0227332253004852,0.057875963857872,0.173253408462407
2011,14,1.0,100.0,114.0,343.0,444.0,6.70378620332729e-05,0.0014561915931538,0.010395431812678,0.0402205134470072,0.136536500580439
2011,14,4.0,348.0,315.0,674.0,703.0,0.0001308663826332,0.0025949537706795,0.0159026337444238,0.047307827284813,0.148099841941815
2011,15,7.0,260.0,190.0,318.0,239.0,0.0004473248222796,0.0039734601511766,0.0214891184432447,0.0556028897486505,0.159874766882299
2011,15,2.0,93.0,117.0,317.0,418.0,0.0001340757240665,0.001354258181633,0.0106689958077485,0.0371717281711408,0.128541119915819
2011,15,9.0,353.0,307.0,635.0,657.0,0.0002944493609248,0.0026322375892238,0.015498757331867,0.0445704307505285,0.138409098372365
2011,16,4.0,187.0,185.0,326.0,183.0,0.0002556141841597,0.0028578348010386,0.0209236153263172,0.0570017045850945,0.122414570457994
2011,16,3.0,85.0,102.0,313.0,400.0,0.0002011135860998,0.0012377628541807,0.009301175832396,0.0367026842825459,0.123005856378774
2011,16,7.0,272.0,287.0,639.0,583.0,0.0002290161696082,0.002028239728807,0.014489066300475,0.0448511893694295,0.122819641325858
2011,17,9.0,220.0,224.0,322.0,232.0,0.0005751319143595,0.0033621585894571,0.0253345396383516,0.0563022971668725,0.155192242329261
2011,17,3.0,87.0,105.0,278.0,409.0,0.0002011135860998,0.0012668866860438,0.0095747398274665,0.0325985502573411,0.125773488147297
2011,17,12.0,307.0,329.0,600.0,641.0,0.0003925991478998,0.0022892264586167,0.0166094174663981,0.0421137928351451,0.135038404956904
2011,18,9.00946372239748,234.246056782334,192.201892744479,307.322818086225,209.219768664564,0.0005757366797794,0.0035798745084418,0.0217381538852733,0.0537359646896004,0.139953814821822
2011,18,4.0,124.0,113.0,286.0,352.0,0.000268151448133,0.0018056775755107,0.0103042438143212,0.0335366380345308,0.108245153613321
2011,18,13.0094637223975,358.246056782334,305.201892744479,593.322818086225,561.219768664564,0.0004256253643372,0.0026713561950528,0.0154079806933979,0.0416451237420796,0.11823123617901
2011,19,3.00323275862069,208.224137931034,190.20474137931,289.311422413793,238.256465517241,0.0001919172228591,0.0031821935176233,0.0215122748208775,0.0505866387531427,0.159377392814935
2011,19,2.0,93.0,102.0,307.0,411.0,0.0001340757240665,0.001354258181633,0.009301175832396,0.0359991184496537,0.126388517429191
2011,19,5.00323275862069,301.224137931034,292.20474137931,596.311422413793,649.256465517241,0.0001636887431482,0.0022461572199535,0.0147518253350452,0.041854892847942,0.136777780829026
2011,20,5.0,251.0,173.0,327.0,210.0,0.0003195177301997,0.0038359172997897,0.0195664078456912,0.05717655643965,0.140475736591141
2011,20,6.0,114.0,103.0,266.0,396.0,0.0004022271721996,0.0016600584161953,0.0093923638307529,0.0311914185915566,0.121775797814987
2011,20,11.0,365.0,276.0,593.0,606.0,0.0003598825522415,0.00272171875373,0.0139337362332094,0.0416224652520684,0.127665013110583
2011,21,4.0,236.0,174.0,335.0,201.0,0.0002556141841597,0.0036066792141449,0.0196795084690767,0.058575371276094,0.134455347880092
2011,21,7.0,101.0,90.0,257.0,398.0,0.0004692650342329,0.0014707535090853,0.0082069198521142,0.0301360698422182,0.12239082709688
2011,21,11.0,337.0,264.0,592.0,599.0,0.0003598825522415,0.0025129293698822,0.0133279216143742,0.0415522755973431,0.126190334741319
2011,22,5.00572082379863,202.231121281465,176.201372997712,304.347826086957,187.213958810069,0.0003198833111267,0.003090605006691,0.0199284851274219,0.0532157818212405,0.125233422685657
2011,22,3.0,105.0,76.0,277.0,384.0,0.0002011135860998,0.0015290011728114,0.0069302878751186,0.0324812892851924,0.118085622123623
2011,22,8.00572082379863,307.231121281465,252.201372997712,581.347826086957,571.213958810069,0.0002619199311456,0.0022909498754007,0.0127322732210267,0.0408046031883134,0.12033669561128
2011,23,2.0,215.0,158.0,262.0,188.0,0.0001278070920798,0.0032857458942422,0.0178698984949087,0.0458111858935422,0.125759230853022
2011,23,6.0,78.0,122.0,279.0,323.0,0.0004022271721996,0.0011358294426599,0.0111249357995326,0.0327158112294898,0.0993272290258602
2011,23,8.0,293.0,280.0,541.0,511.0,0.0002617327652665,0.0021848317666928,0.0141356744394878,0.0379726032063558,0.107651520956284
2011,24,3.0,217.0,194.0,301.0,210.0,0.0001917106381198,0.0033163109723282,0.0219415209367867,0.0526304082212069,0.140475736591141
2011,24,5.0,103.0,114.0,278.0,352.0,0.0003351893101663,0.0014998773409484,0.010395431812678,0.0325985502573411,0.108245153613321
2011,24,8.0,320.0,308.0,579.0,562.0,0.0002617327652665,0.0023861643868317,0.0155492418834366,0.040639810085915,0.118395606218066
2011,25,8.0,232.0,176.0,306.0,214.0,0.0005112283683195,0.003545549057973,0.0199057097158477,0.0535046674939844,0.143151464907163
2011,25,2.0,96.0,102.0,290.0,382.0,0.0001340757240665,0.0013979439294276,0.009301175832396,0.0340056819231256,0.117470592841729
2011,25,10.0,328.0,278.0,596.0,596.0,0.0003271659565832,0.0024458184965025,0.0140347053363486,0.0418330342162441,0.12555832972592
2011,26,3.0,220.0,186.0,286.0,224.0,0.0001917106381198,0.0033621585894571,0.0210367159497027,0.0500076304028743,0.149840785697217
2011,26,1.0,89.0,98.0,303.0,380.0,6.70378620332729e-05,0.0012960105179068,0.0089364238389687,0.0355300745610588,0.116855563559836
2011,26,4.0,309.0,284.0,589.0,604.0,0.0001308663826332,0.0023041399860344,0.0143376126457662,0.0413417066331674,0.127243676433651
2011,27,2.0,207.0,158.0,274.0,185.0,0.0001278070920798,0.0031634855818983,0.0178698984949087,0.0479094081482083,0.123752434616005
2011,27,2.0,97.0,83.0,261.0,354.0,0.0001340757240665,0.0014125058453591,0.0075686038636164,0.0306051137308131,0.108860182895215
2011,27,4.0,304.0,241.0,535.0,539.0,0.0001308663826332,0.0022668561674901,0.0121667769282734,0.0375514652780044,0.113550234433341
2011,28,6.0,194.0,175.0,273.0,194.0,0.0003834212762396,0.0029648125743395,0.0197926090924622,0.0477345562936528,0.129772823327054
2011,28,1.0,78.0,104.0,280.0,350.0,6.70378620332729e-05,0.0011358294426599,0.0094835518291097,0.0328330722016385,0.107630124331427
2011,28,7.0,272.0,279.0,553.0,544.0,0.0002290161696082,0.002028239728807,0.0140851898879182,0.0388148790630587,0.114603576125672
2011,29,2.0,222.0,175.0,301.0,209.0,0.0001278070920798,0.0033927236675431,0.0197926090924622,0.0526304082212069,0.139806804512136
2011,29,2.0,97.0,101.0,288.0,350.0,0.0001340757240665,0.0014125058453591,0.0092099878340392,0.0337711599788282,0.107630124331427
2011,29,4.0,319.0,276.0,589.0,559.0,0.0001308663826332,0.0023787076231229,0.0139337362332094,0.0413417066331674,0.117763601202667
2011,30,3.0,214.0,191.0,273.0,203.0,0.0001917106381198,0.0032704633551992,0.0216022190666302,0.0477345562936528,0.135793212038103
2011,30,2.0,108.0,112.0,323.0,374.0,0.0001340757240665,0.0015726869206061,0.0102130558159643,0.037875294004033,0.115010475714154
2011,30,5.0,322.0,303.0,596.0,577.0,0.0001635829782916,0.0024010779142494,0.0152968191255886,0.0418330342162441,0.12155563129506
2011,31,6.00636942675159,264.28025477707,198.210191082803,286.303609341826,188.19957537155,0.0003838283051953,0.0040388733119211,0.0224176961728237,0.0500607170593529,0.125892733221231
2011,31,2.0,103.0,111.0,270.0,374.0,0.0001340757240665,0.0014998773409484,0.0101218678176075,0.0316604624801514,0.115010475714154
2011,31,8.00636942675159,367.28025477707,309.210191082803,556.303609341826,562.19957537155,0.0002619411512261,0.0027387220747985,0.0156103378375654,0.0390467582621086,0.118437650429989
2011,32,8.0,204.0,196.0,293.0,234.0,0.0005112283683195,0.0031176379647693,0.0221677221835577,0.0512315933847628,0.156530106487271
2011,32,3.0,113.0,108.0,284.0,411.0,0.0002011135860998,0.0016454965002638,0.009848303822537,0.0333021160902334,0.126388517429191
2011,32,11.0,317.0,304.0,577.0,645.0,0.0003598825522415,0.0023637940957052,0.0153473036771582,0.0404994307764645,0.135881078310769
2011,33,4.008537886873,243.518676627535,176.375667022412,299.638207043757,215.458911419424,0.0002561597854066,0.0037215836832568,0.0199481978902679,0.0523922961972871,0.144127377556043
2011,33,5.0,100.0,113.0,295.0,394.0,0.0003351893101663,0.0014561915931538,0.0103042438143212,0.0345919867838692,0.121160768533093
2011,33,9.008537886873,343.518676627535,289.375667022412,594.638207043757,609.458911419424,0.0002947286915174,0.0025615376011881,0.0146090007847801,0.0417374504388381,0.128393696232216
2011,34,4.0,210.0,180.0,286.0,187.0,0.0002556141841597,0.0032093331990273,0.0203581122093897,0.0500076304028743,0.125090298774016
2011,34,5.0,104.0,88.0,251.0,366.0,0.0003351893101663,0.0015144392568799,0.0080245438554005,0.029432504009326,0.112550358586578
2011,34,9.0,314.0,268.0,537.0,553.0,0.0002944493609248,0.0023414238045786,0.0135298598206526,0.0376918445874549,0.116499591171869
2011,35,6.0,202.0,178.0,275.0,180.0,0.0003834212762396,0.0030870728866834,0.0201319109626187,0.0480842600027638,0.120407774220978
2011,35,5.0,105.0,98.0,288.0,352.0,0.0003351893101663,0.0015290011728114,0.0089364238389687,0.0337711599788282,0.108245153613321
2011,35,11.0,307.0,276.0,563.0,532.0,0.0003598825522415,0.0022892264586167,0.0139337362332094,0.0395167756103111,0.112075556064076
2011,36,13.0,234.0,188.0,292.0,205.0,0.0008307460985192,0.003576114136059,0.0212629171964737,0.0510567415302073,0.137131076196114
2011,36,5.0,108.0,100.0,312.0,364.0,0.0003351893101663,0.0015726869206061,0.0091187998356824,0.0365854233103972,0.111935329304685
2011,36,18.0,342.0,288.0,604.0,569.0,0.0005888987218497,0.0025502131884264,0.0145395508520446,0.042394551454046,0.11987028458733
2011,37,4.0,236.0,176.0,308.0,220.0,0.0002556141841597,0.0036066792141449,0.0199057097158477,0.0538543712030954,0.147165057381195
2011,37,8.0,89.0,108.0,264.0,344.0,0.0005363028962661,0.0012960105179068,0.009848303822537,0.0309568966472592,0.105785036485746
2011,37,12.0,325.0,284.0,572.0,564.0,0.0003925991478998,0.002423448205376,0.0143376126457662,0.0401484825028383,0.118816942894998
2011,38,5.0,194.0,159.0,276.0,186.0,0.0003195177301997,0.0029648125743395,0.0179829991182942,0.0482591118573193,0.124421366695011
2011,38,5.0,96.0,117.0,257.0,362.0,0.0003351893101663,0.0013979439294276,0.0106689958077485,0.0301360698422182,0.111320300022791
2011,38,10.0,290.0,276.0,533.0,548.0,0.0003271659565832,0.0021624614755663,0.0139337362332094,0.0374110859685539,0.115446249479537
2011,39,5.0,200.0,167.0,305.0,215.0,0.0003195177301997,0.0030565078085974,0.0188878041053782,0.0533298156394289,0.143820396986168
2011,39,4.0,100.0,113.0,277.0,388.0,0.000268151448133,0.0014561915931538,0.0103042438143212,0.0324812892851924,0.119315680687411
2011,39,9.0,300.0,280.0,582.0,603.0,0.0002944493609248,0.0022370291126547,0.0141356744394878,0.0408503790500907,0.127033008095184
2011,40,9.0,201.0,181.0,346.0,223.0,0.0005751319143595,0.0030717903476404,0.0204712128327752,0.0604987416762046,0.149171853618212
2011,40,2.0,91.0,120.0,292.0,384.0,0.0001340757240665,0.0013251343497699,0.0109425598028189,0.034240203867423,0.118085622123623
2011,40,11.0,292.0,301.0,638.0,607.0,0.0003598825522415,0.002177375002984,0.0151958500224494,0.0447809997147043,0.12787568144905
2011,41,5.0,234.0,188.0,288.0,227.0,0.0003195177301997,0.003576114136059,0.0212629171964737,0.0503573341119853,0.151847581934233
2011,41,4.0,106.0,93.0,290.0,384.0,0.000268151448133,0.001543563088743,0.0084804838471846,0.0340056819231256,0.118085622123623
2011,41,9.0,340.0,281.0,578.0,611.0,0.0002944493609248,0.0025352996610087,0.0141861589910574,0.0405696204311898,0.128718354802915
2011,42,13.0143171806167,213.234581497797,168.185022026432,312.343612334802,202.222466960352,0.0008316610171299,0.0032587658170551,0.0190218308352932,0.0546138598753057,0.135273095245396
2011,42,4.0,93.0,108.0,290.0,335.0,0.000268151448133,0.001354258181633,0.009848303822537,0.0340056819231256,0.103017404717223
2011,42,17.0143171806167,306.234581497797,276.185022026432,602.343612334802,537.222466960352,0.0005566505356006,0.0022835189137074,0.0139430769872443,0.0422782901757346,0.113175764501309
2011,43,7.0,193.0,178.0,310.0,215.0,0.0004473248222796,0.0029495300352965,0.0201319109626187,0.0542040749122064,0.143820396986168
2011,43,1.0,87.0,107.0,300.0,358.0,6.70378620332729e-05,0.0012668866860438,0.0097571158241802,0.0351782916446127,0.110090241459003
2011,43,8.0,280.0,285.0,610.0,573.0,0.0002617327652665,0.0020878938384778,0.0143880971973358,0.0428156893823975,0.120712957941195
2011,44,6.0,236.0,189.0,336.0,260.0,0.0003834212762396,0.0036066792141449,0.0213760178198592,0.0587502231306495,0.173922340541413
2011,44,0.0,103.0,113.0,301.0,420.0,0.0,0.0014998773409484,0.0103042438143212,0.0352955526167614,0.129156149197713
2011,44,6.0,339.0,302.0,637.0,680.0,0.0001962995739499,0.0025278428972999,0.015246334574019,0.044710810059979,0.14325447015709
2011,45,4.0,224.0,213.0,359.0,236.0,0.0002556141841597,0.0034232887456291,0.0240904327811112,0.0627718157854261,0.157867970645282
2011,45,1.0,108.0,124.0,345.0,467.0,6.70378620332729e-05,0.0015726869206061,0.0113073117962462,0.0404550353913046,0.143609337322219
2011,45,5.0,332.0,337.0,704.0,703.0,0.0001635829782916,0.0024756455513379,0.0170132938789549,0.0494135169265702,0.148099841941815
2011,46,6.0,236.0,195.0,341.0,256.0,0.0003834212762396,0.0036066792141449,0.0220546215601722,0.0596244824034271,0.171246612225391
2011,46,3.0,101.0,118.0,351.0,462.0,0.0002011135860998,0.0014707535090853,0.0107601838061053,0.0411586012241969,0.142071764117484
2011,46,9.0,337.0,313.0,692.0,718.0,0.0002944493609248,0.0025129293698822,0.0158016646412846,0.0485712410698673,0.15125986701881
2011,47,6.0112676056338,238.446948356807,197.369953051643,342.642253521127,282.529577464789,0.000384141316195,0.003644074797944,0.0223226647277074,0.0599116334772464,0.188993097634048
2011,47,5.00507614213198,119.120812182741,107.108629441624,318.322842639594,436.442639593909,0.0003355296038822,0.0017346272527016,0.0097670215255245,0.0373268459850593,0.134212501608654
2011,47,11.0163437477658,357.567760539548,304.478582493267,660.965096160721,718.972217058698,0.0003604172640287,0.0026662983002458,0.0153714646997198,0.0463929118849573,0.151464682371194
2011,48,6.0,237.0,175.0,375.0,280.0,0.0003834212762396,0.0036219617531879,0.0197926090924622,0.0655694454583142,0.187300982121521
2011,48,1.0,102.0,106.0,319.0,458.0,6.70378620332729e-05,0.0014853154250168,0.0096659278258233,0.0374062501154382,0.140841705553697
2011,48,7.0,339.0,281.0,694.0,738.0,0.0002290161696082,0.0025278428972999,0.0141861589910574,0.0487116203793178,0.155473233788136
2011,49,6.005444646098,238.215970961887,185.167876588022,371.33666061706,302.274047186933,0.0003837692084322,0.0036405448768881,0.0209426022730743,0.0649289037733409,0.202200806814142
2011,49,6.0,116.0,131.0,340.0,483.0,0.0004022271721996,0.0016891822480584,0.011945627784744,0.0398687305305611,0.14852957157737
2011,49,12.005444646098,354.215970961887,316.167876588022,711.33666061706,785.274047186933,0.0003927772781847,0.0026413047973634,0.0159615934702587,0.049928474602118,0.165432378761585
2011,50,6.0,280.0,217.0,370.0,279.0,0.0003834212762396,0.0042791109320364,0.0245428352746531,0.0646951861855367,0.186632050042516
2011,50,3.0,86.0,121.0,363.0,483.0,0.0002011135860998,0.0012523247701122,0.0110337478011758,0.0425657328899814,0.14852957157737
2011,50,9.0,366.0,338.0,733.0,762.0,0.0002944493609248,0.0027291755174388,0.0170637784305245,0.0514490169136022,0.160529273911328
2011,51,7.0,264.0,201.0,385.0,282.0,0.0004473248222796,0.0040345903073486,0.0227332253004852,0.0673179640038693,0.188638846279532
2011,51,9.0,122.0,132.0,383.0,493.0,0.0006033407582994,0.0017765537436476,0.0120368157831008,0.0449109523329556,0.151604717986839
2011,51,16.0,386.0,333.0,768.0,775.0,0.0005234655305331,0.0028783107916158,0.0168113556726765,0.0539056548289857,0.16326796231139
2011,52,2.0,276.0,202.0,415.0,336.0,0.0001278070920798,0.0042179807758644,0.0228463259238707,0.0725635196405344,0.224761178545826
2011,52,4.0,125.0,141.0,403.0,488.0,0.000268151448133,0.0018202394914422,0.0128575077683122,0.0472561717759297,0.150067144782105
2011,52,6.0,401.0,343.0,818.0,824.0,0.0001962995739499,0.0029901622472485,0.0173162011883725,0.0574151375652478,0.173590710896239
2012,1,7.0,224.0,238.0,444.0,348.0,0.0004524696349625,0.0034548414802004,0.0268278854881649,0.0763099385841959,0.221324588613219
2012,1,5.0,105.0,105.0,450.0,551.0,0.0003393670480591,0.0015374138884662,0.0095668120768107,0.0524205885354908,0.161645984633532
2012,1,12.0,329.0,343.0,894.0,899.0,0.00039729887558,0.0024712119328744,0.017282374988861,0.0620713050340455,0.18048458615721
2012,2,9.0,250.0,215.0,436.0,366.0,0.0005817466735232,0.0038558498662951,0.0242352747056951,0.074934984735832,0.232772412162179
2012,2,1.0,121.0,154.0,404.0,585.0,6.78734096118222e-05,0.0017716864809944,0.0140313243793225,0.0470620394851962,0.171620510001118
2012,2,10.0,371.0,369.0,840.0,951.0,0.0003310823963167,0.0027866857966456,0.0185924092445764,0.0583220315756132,0.190924184021698
2012,3,5.0,283.0,227.0,427.0,349.0,0.0003231925964018,0.004364822048646,0.0255879412008967,0.0733881616564226,0.221960578810383
2012,3,5.0,105.0,126.0,367.0,595.0,0.0003393670480591,0.0015374138884662,0.0114801744921729,0.0427519022056114,0.174554193932761
2012,3,10.0,388.0,353.0,794.0,944.0,0.0003310823963167,0.0029143775986482,0.0177862343179823,0.0551282060369487,0.18951885353994
2012,4,6.0,244.0,219.0,376.0,343.0,0.0003878311156821,0.003763309469504,0.024686163537429,0.0646228308731028,0.218144637627397
2012,4,9.0,96.0,112.0,363.0,570.0,0.0006108606865064,0.0014056355551691,0.0102045995485982,0.0422859414186292,0.167219984103654
2012,4,15.0,340.0,331.0,739.0,913.0,0.0004966235944751,0.0025538360400525,0.0166777437939154,0.0513095015885455,0.183295247120726
2012,5,7.0,269.0,227.0,448.0,370.0,0.0004524696349625,0.0041488944561335,0.0255879412008967,0.0769974155083778,0.235316372950836
2012,5,6.0,118.0,145.0,429.0,623.0,0.0004072404576709,0.0017277603698953,0.0132113119155958,0.0499742944038345,0.182768508941362
2012,5,13.0,387.0,372.0,877.0,993.0,0.0004304071152117,0.0029068663161775,0.0187435670433128,0.0608909782045391,0.199356166912246
2012,6,9.0,280.0,245.0,462.0,391.0,0.0005817466735232,0.0043185518502505,0.0276169409436991,0.0794035847430146,0.248672167091289
2012,6,4.0,137.0,142.0,469.0,685.0,0.0002714936384472,0.0020059590735225,0.012937974427687,0.0546339022736559,0.200957349317549
2012,6,13.0,417.0,387.0,931.0,1076.0,0.0004304071152117,0.0031322047902997,0.0194993560369947,0.0646402516629713,0.216019371195948
2012,7,2.00135317997294,280.189445196211,259.175236806495,513.347090663058,424.286874154262,0.0001293645061105,0.0043214737391884,0.029214804934507,0.0882285697316973,0.269842292747646
2012,7,4.0,133.0,172.0,516.0,745.0,0.0002714936384472,0.0019473909253905,0.0156713493067758,0.0601089415206961,0.218559452907407
2012,7,6.00135317997294,413.189445196211,431.175236806495,1029.34709066306,1169.28687415426,0.0001986942391968,0.0031035826367982,0.0217251665551043,0.071468587528472,0.234747783738364
2012,8,5.0,286.0,263.0,550.0,415.0,0.0003231925964018,0.0044110922470416,0.0296459406865015,0.0945280770750174,0.263935931823235
2012,8,8.0,129.0,136.0,521.0,831.0,0.0005429872768945,0.0018888227772584,0.0123912994518692,0.0606913925044238,0.243789134719537
2012,8,13.0,415.0,399.0,1071.0,1246.0,0.0004304071152117,0.0031171822253583,0.0201039872319403,0.0743605902589069,0.250148825752929
2012,9,8.0,252.0,252.0,462.0,403.0,0.0005171081542429,0.0038866966652255,0.0284059963992334,0.0794035847430146,0.256304049457262
2012,9,5.0,121.0,133.0,509.0,803.0,0.0003393670480591,0.0017716864809944,0.0121179619639603,0.0592935101434773,0.235574819710937
2012,9,13.0,373.0,385.0,971.0,1206.0,0.0004304071152117,0.0028017083615871,0.0193985841711705,0.0674174912618101,0.242118365857169
2012,10,6.0,229.0,229.0,451.0,391.0,0.0003878311156821,0.0035319584775263,0.0258133856167637,0.0775130232015143,0.248672167091289
2012,10,5.0,109.0,143.0,443.0,661.0,0.0003393670480591,0.0015959820365982,0.0130290869236566,0.051605157158272,0.193916507881606
2012,10,11.0,338.0,372.0,894.0,1052.0,0.0003641906359484,0.0025388134751111,0.0187435670433128,0.0620713050340455,0.211201095258492
2012,11,6.0,227.0,169.0,422.0,352.0,0.0003878311156821,0.0035011116785959,0.0190500531407557,0.0725288155011952,0.223868549401877
2012,11,6.0,96.0,125.0,434.0,641.0,0.0004072404576709,0.0014056355551691,0.0113890619962033,0.0505567453875622,0.188049140018319
2012,11,12.0,323.0,294.0,856.0,993.0,0.00039729887558,0.0024261442380499,0.0148134642761665,0.0594329274151487,0.199356166912246
2012,12,4.0,219.0,208.0,374.0,304.0,0.0002585540771214,0.0033777244828745,0.0234462192501609,0.0642790924110119,0.193341019937984
2012,12,4.0,108.0,127.0,363.0,539.0,0.0002714936384472,0.0015813399995652,0.0115712869881426,0.0422859414186292,0.15812556391556
2012,12,8.0,327.0,335.0,737.0,843.0,0.0002648659170533,0.0024561893679329,0.0168792875255639,0.0511706396086035,0.169241942303145
2012,13,5.0,222.0,202.0,375.0,292.0,0.0003231925964018,0.00342399468127,0.0227698860025601,0.0644509616420573,0.185709137572011
2012,13,4.0,100.0,121.0,345.0,553.0,0.0002714936384472,0.0014642037033011,0.0110246120123248,0.0401891178772096,0.162232721419861
2012,13,9.0,322.0,323.0,720.0,845.0,0.000297974156685,0.0024186329555792,0.0162746563306183,0.0499903127790971,0.169643465297933
2012,14,2.0,223.0,217.0,305.0,274.0,0.0001292770385607,0.0034394180807352,0.0244607191215621,0.0524201154688733,0.174261314023052
2012,14,7.0,83.0,107.0,345.0,469.0,0.0004751138672827,0.0012152890737399,0.00974903706875,0.0401891178772096,0.137589776394059
2012,14,9.0,306.0,324.0,650.0,743.0,0.000297974156685,0.0022984524360473,0.0163250422635305,0.0451301434811293,0.149165792563745
2012,15,5.0,206.0,210.0,343.0,264.0,0.0003231925964018,0.0031772202898271,0.0236716636660278,0.0589511462486018,0.167901412051407
2012,15,8.0,76.0,111.0,307.0,462.0,0.0005429872768945,0.0011127948145088,0.0101134870526285,0.0357624904008793,0.135536197641909
2012,15,13.0,282.0,321.0,650.0,726.0,0.0004304071152117,0.0021181816567495,0.0161738844647941,0.0451301434811293,0.145752847108047
2012,16,4.0,233.0,185.0,333.0,254.0,0.0002585540771214,0.003593652075387,0.0208536084676912,0.0572324539381469,0.161541510079763
2012,16,3.0,94.0,99.0,316.0,444.0,0.0002036202288354,0.001376351481103,0.009020137100993,0.0368109021715891,0.130255566564951
2012,16,7.0,327.0,284.0,649.0,698.0,0.0002317576774217,0.0024561893679329,0.0143096049470452,0.0450607124911583,0.140131525181015
2012,17,2.0,206.0,208.0,311.0,269.0,0.0001292770385607,0.0031772202898271,0.0234462192501609,0.0534513308551462,0.17108136303723
2012,17,2.0,88.0,113.0,307.0,425.0,0.0001357468192236,0.001288499258905,0.0102957120445678,0.0357624904008793,0.12468156709483
2012,17,4.0,294.0,321.0,618.0,694.0,0.0001324329585266,0.0022083170463984,0.0161738844647941,0.0429083518020583,0.139328479191439
2012,18,6.00592885375494,214.211462450593,187.184782608696,352.347826086957,253.25,0.0003882143480099,0.003303868955396,0.021099881987198,0.0605577499301139,0.16106451743189
2012,18,1.0,99.0,102.0,314.0,404.0,6.78734096118222e-05,0.0014495616662681,0.0092934745889019,0.036577921778098,0.118520830838379
2012,18,7.00592885375494,313.211462450593,289.184782608696,666.347826086957,657.25,0.0002319539713325,0.0023526197675408,0.014570845055731,0.0462651892302199,0.131950494162209
2012,19,4.0,241.0,197.0,357.0,256.0,0.0002585540771214,0.0037170392711085,0.0222062749628928,0.0613573154832386,0.162813490474092
2012,19,5.0,112.0,115.0,333.0,483.0,0.0003393670480591,0.0016399081476972,0.010477937036507,0.0387912355162632,0.141696933898359
2012,19,9.0,353.0,312.0,690.0,739.0,0.000297974156685,0.0026514827121722,0.0157204110685849,0.047907383079968,0.148362746574169
2012,20,4.0,207.0,172.0,303.0,213.0,0.0002585540771214,0.0031926436892923,0.0193882197645561,0.0520763770067823,0.135465911996022
2012,20,2.0,97.0,103.0,316.0,440.0,0.0001357468192236,0.0014202775922021,0.0093845870848715,0.0368109021715891,0.129082092992294
2012,20,6.0,304.0,275.0,619.0,653.0,0.00019864943779,0.0022834298711058,0.013856131550836,0.0429777827920293,0.131097257798285
2012,21,4.0,219.0,184.0,311.0,231.0,0.0002585540771214,0.0033777244828745,0.0207408862597577,0.0534513308551462,0.146913735544982
2012,21,7.0,94.0,106.0,304.0,382.0,0.0004751138672827,0.001376351481103,0.0096579245727804,0.0354130198106427,0.112066726188764
2012,21,11.0,313.0,290.0,615.0,613.0,0.0003641906359484,0.0023510314133425,0.014611920544518,0.0427000588321454,0.123066797902524
2012,22,9.0,217.0,180.0,314.0,205.0,0.0005817466735232,0.0033468776839441,0.0202899974280238,0.0539669385482827,0.130377990418707
2012,22,4.0,72.0,108.0,287.0,410.0,0.0002714936384472,0.0010542266663768,0.0098401495647196,0.0334326864659686,0.120281041197365
2012,22,13.0,289.0,288.0,601.0,615.0,0.0004304071152117,0.0021707606340447,0.0145111486786937,0.0417280249725519,0.123468320897312
2012,23,4.0,210.0,169.0,285.0,216.0,0.0002585540771214,0.0032389138876879,0.0190500531407557,0.0489827308479636,0.137373882587515
2012,23,4.0,109.0,92.0,259.0,355.0,0.0002714936384472,0.0015959820365982,0.0083823496292056,0.0301709609570936,0.104145779573328
2012,23,8.0,319.0,261.0,544.0,571.0,0.0002648659170533,0.0023960991081669,0.0131507284900662,0.0377704585442067,0.114634815011976
2012,24,10.0,206.0,168.0,301.0,211.0,0.0006463851928036,0.0031772202898271,0.0189373309328223,0.0517326385446914,0.134193931601693
2012,24,4.0,82.0,102.0,250.0,365.0,0.0002714936384472,0.0012006470367069,0.0092934745889019,0.0291225491863838,0.107079463504971
2012,24,14.0,288.0,270.0,551.0,576.0,0.0004635153548434,0.0021632493515739,0.0136042018862754,0.0382564754740035,0.115638622498946
2012,25,5.0,189.0,181.0,291.0,240.0,0.0003231925964018,0.0029150224989191,0.0204027196359573,0.0500139462342365,0.152637647319461
2012,25,3.0,109.0,96.0,313.0,338.0,0.0002036202288354,0.0015959820365982,0.0087467996130841,0.0364614315813525,0.0991585168895351
2012,25,8.0,298.0,277.0,604.0,578.0,0.0002648659170533,0.0022383621762813,0.0139569034166603,0.0419363179424648,0.116040145493734
2012,26,4.0,217.0,185.0,287.0,231.0,0.0002585540771214,0.0033468776839441,0.0208536084676912,0.0493264693100546,0.146913735544982
2012,26,7.0,79.0,106.0,281.0,439.0,0.0004751138672827,0.0011567209256079,0.0096579245727804,0.0327337452854954,0.12878872459913
2012,26,11.0,296.0,291.0,568.0,670.0,0.0003641906359484,0.0022233396113399,0.0146623064774301,0.0394368023035099,0.134510203253983
2012,27,7.0,209.0,171.0,294.0,208.0,0.0004524696349625,0.0032234904882227,0.0192754975566227,0.050529553927373,0.1322859610102
2012,27,5.0,100.0,105.0,258.0,378.0,0.0003393670480591,0.0014642037033011,0.0095668120768107,0.030054470760348,0.110893252616107
2012,27,12.0,309.0,276.0,552.0,586.0,0.00039729887558,0.0023209862834595,0.0139065174837482,0.0383259064639744,0.117646237472886
2012,28,2.0,201.0,172.0,288.0,185.0,0.0001292770385607,0.0031001032925012,0.0193882197645561,0.0494983385411,0.117658186475418
2012,28,1.0,112.0,110.0,265.0,313.0,6.78734096118222e-05,0.0016399081476972,0.0100223745566589,0.0308699021375668,0.0918243070604274
2012,28,3.0,313.0,282.0,553.0,498.0,9.9324718895023e-05,0.0023510314133425,0.014208833081221,0.0383953374539454,0.099979225702214
2012,29,2.0,223.0,176.0,304.0,257.0,0.0001292770385607,0.0034394180807352,0.01983910859629,0.0522482462378278,0.163449480671257
2012,29,8.0,102.0,107.0,307.0,396.0,0.0005429872768945,0.0014934877773671,0.00974903706875,0.0357624904008793,0.116173883693065
2012,29,10.0,325.0,283.0,611.0,653.0,0.0003310823963167,0.0024411668029914,0.0142592190141331,0.0424223348722615,0.131097257798285
2012,30,2.00222222222222,228.253333333333,166.184444444444,291.323333333333,213.236666666667,0.0001294206797146,0.003520442339259,0.0187326775019742,0.0500695172856079,0.135616429676018
2012,30,2.0,103.0,91.0,269.0,379.0,0.0001357468192236,0.0015081298144001,0.008291237133236,0.0313358629245489,0.111186621009272
2012,30,4.00222222222222,331.253333333333,257.184444444444,560.323333333333,592.236666666667,0.0001325065323925,0.0024881373560418,0.0129584781638215,0.0389038037371661,0.118898320011634
2012,31,4.0,227.0,158.0,312.0,220.0,0.0002585540771214,0.0035011116785959,0.0178101088534876,0.0536232000861917,0.139917843376173
2012,31,3.0,85.0,101.0,227.0,376.0,0.0002036202288354,0.0012445731478059,0.0092023620929322,0.0264432746612365,0.110306515829779
2012,31,7.0,312.0,259.0,539.0,596.0,0.0002317576774217,0.0023435201308717,0.0130499566242419,0.0374233035943518,0.119653852446826
2012,32,4.00442477876106,212.234513274336,169.186946902655,288.318584070796,231.255530973451,0.0002588400882687,0.0032733776785282,0.0190711262083893,0.0495530933403712,0.147076250739168
2012,32,7.0,103.0,95.0,307.0,400.0,0.0004751138672827,0.0015081298144001,0.0086556871171145,0.0357624904008793,0.117347357265722
2012,32,11.0044247787611,315.234513274336,264.186946902655,595.318584070796,631.255530973451,0.0003643371325839,0.0023678154737306,0.0133113057828979,0.0413335586401504,0.126731805636477
2012,33,4.0,230.0,176.0,302.0,202.0,0.0002585540771214,0.0035473818769915,0.01983910859629,0.0519045077757368,0.128470019827213
2012,33,4.0,106.0,90.0,274.0,352.0,0.0002714936384472,0.0015520559254992,0.0082001246372663,0.0319183139082766,0.103265674393835
2012,33,8.0,336.0,266.0,576.0,554.0,0.0002648659170533,0.0025237909101696,0.0134026581546269,0.0399922502232777,0.111221869556278
2012,34,6.0,219.0,166.0,318.0,217.0,0.0003878311156821,0.0033777244828745,0.0187118865169553,0.0546544154724646,0.13800987278468
2012,34,4.0,84.0,94.0,278.0,383.0,0.0002714936384472,0.0012299311107729,0.0085645746211448,0.0323842746952588,0.112360094581929
2012,34,10.0,303.0,260.0,596.0,600.0,0.0003310823963167,0.0022759185886351,0.0131003425571541,0.041380870022697,0.120456898436402
2012,35,3.0,202.0,149.0,278.0,197.0,0.000193915557841,0.0031155266919664,0.0167956089820864,0.0477796462306452,0.125290068841391
2012,35,6.0,98.0,94.0,288.0,326.0,0.0004072404576709,0.0014349196292351,0.0085645746211448,0.0335491766627141,0.0956380961715634
2012,35,9.0,300.0,243.0,566.0,523.0,0.000297974156685,0.0022533847412228,0.0122437816976478,0.039297940323568,0.104998263137064
2012,36,4.0,233.0,193.0,295.0,203.0,0.0002585540771214,0.003593652075387,0.0217553861311589,0.0507014231584184,0.129106010024378
2012,36,4.0,86.0,106.0,314.0,394.0,0.0002714936384472,0.0012592151848389,0.0096579245727804,0.036577921778098,0.115587146906736
2012,36,8.0,319.0,299.0,609.0,597.0,0.0002648659170533,0.0023960991081669,0.0150653939407272,0.0422834728923196,0.11985461394422
2012,37,6.0,215.0,174.0,307.0,188.0,0.0003878311156821,0.0033160308850138,0.0196136641804231,0.0527638539309643,0.119566157066911
2012,37,4.0,99.0,92.0,296.0,344.0,0.0002714936384472,0.0014495616662681,0.0083823496292056,0.0344810982366784,0.100918727248521
2012,37,10.0,314.0,266.0,603.0,532.0,0.0003310823963167,0.0023585426958132,0.0134026581546269,0.0418668869524938,0.10680511661361
2012,38,3.0,221.0,175.0,289.0,199.0,0.000193915557841,0.0034085712818049,0.0197263863883565,0.0496702077721455,0.12656204923572
2012,38,1.0,91.0,106.0,270.0,390.0,6.78734096118222e-05,0.001332425370004,0.0096579245727804,0.0314523531212945,0.114413673334079
2012,38,4.0,312.0,281.0,559.0,589.0,0.0001324329585266,0.0023435201308717,0.0141584471483088,0.0388119233937712,0.118248521965068
2012,39,6.0,207.0,146.0,272.0,173.0,0.0003878311156821,0.0031926436892923,0.016457442358286,0.0467484308443723,0.110026304109445
2012,39,6.0,82.0,112.0,254.0,337.0,0.0004072404576709,0.0012006470367069,0.0102045995485982,0.0295885099733659,0.0988651484963708
2012,39,12.0,289.0,258.0,526.0,510.0,0.00039729887558,0.0021707606340447,0.0129995706913298,0.0365207007247292,0.102388363670942
2012,40,6.00650759219089,225.244034707158,190.206073752712,306.331887201735,195.211496746204,0.0003882517568054,0.0034740287244374,0.0214404485957613,0.0526490258980749,0.12415259830438
2012,40,2.0,77.0,104.0,254.0,358.0,0.0001357468192236,0.0011274368515418,0.0094756995808411,0.0295885099733659,0.105025884752821
2012,40,8.00650759219089,302.244034707158,294.206073752712,560.331887201735,553.211496746204,0.000265081371975,0.0022702403197824,0.0148238474944456,0.0389043976407173,0.111063568462346
2012,41,10.0,222.0,155.0,306.0,208.0,0.0006463851928036,0.00342399468127,0.0174719422296872,0.0525919846999188,0.1322859610102
2012,41,5.0,81.0,120.0,270.0,361.0,0.0003393670480591,0.0011860049996739,0.0109334995163552,0.0314523531212945,0.105905989932314
2012,41,15.0,303.0,275.0,576.0,569.0,0.0004966235944751,0.0022759185886351,0.013856131550836,0.0399922502232777,0.114233292017188
2012,42,4.00438116100767,217.237677984666,164.179627601314,320.350492880613,208.227820372399,0.0002588372688817,0.0033505434864457,0.0185066901209143,0.0550583928764335,0.13243085253376
2012,42,1.0,115.0,99.0,308.0,419.0,6.78734096118222e-05,0.0016838342587963,0.009020137100993,0.0358789805976248,0.122921356735844
2012,42,5.00438116100767,332.237677984666,263.179627601314,628.350492880613,627.227820372399,0.0001656862506868,0.0024955310467665,0.0132605510601594,0.0436269967694467,0.12592319642514
2012,43,5.0,230.0,181.0,346.0,273.0,0.0003231925964018,0.0035473818769915,0.0204027196359573,0.0594667539417382,0.173625323825887
2012,43,7.0,93.0,110.0,316.0,431.0,0.0004751138672827,0.00136170944407,0.0100223745566589,0.0368109021715891,0.126441777453815
2012,43,12.0,323.0,291.0,662.0,704.0,0.00039729887558,0.0024261442380499,0.0146623064774301,0.0459633153607809,0.141336094165379
2012,44,3.0,185.0,159.0,320.0,242.0,0.000193915557841,0.0028533289010584,0.0179228310614211,0.0549981539345556,0.15390962771379
2012,44,5.0,109.0,99.0,299.0,363.0,0.0003393670480591,0.0015959820365982,0.009020137100993,0.034830568826915,0.106492726718643
2012,44,8.0,294.0,258.0,619.0,605.0,0.0002648659170533,0.0022083170463984,0.0129995706913298,0.0429777827920293,0.121460705923372
2012,45,2.0,225.0,177.0,312.0,247.0,0.0001292770385607,0.0034702648796656,0.0199518308042234,0.0536232000861917,0.157089578699612
2012,45,4.0,96.0,117.0,275.0,475.0,0.0002714936384472,0.0014056355551691,0.0106601620284463,0.0320348041050221,0.139349986753045
2012,45,6.0,321.0,294.0,587.0,722.0,0.00019864943779,0.0024111216731084,0.0148134642761665,0.0407559911129583,0.144949801118471
2012,46,7.0,233.0,194.0,357.0,268.0,0.0004524696349625,0.003593652075387,0.0218681083390924,0.0613573154832386,0.170445372840065
2012,46,8.0,111.0,101.0,289.0,491.0,0.0005429872768945,0.0016252661106642,0.0092023620929322,0.0336656668594596,0.144043881043674
2012,46,15.0,344.0,295.0,646.0,759.0,0.0004966235944751,0.0025838811699355,0.0148638502090787,0.0448524195212454,0.152377976522049
2012,47,10.0,197.0,184.0,324.0,282.0,0.0006463851928036,0.0030384096946405,0.0207408862597577,0.0556856308587375,0.179349235600367
2012,47,8.0,101.0,106.0,283.0,464.0,0.0005429872768945,0.0014788457403341,0.0096579245727804,0.0329667256789864,0.136122934428237
2012,47,18.0,298.0,290.0,607.0,746.0,0.0005959483133701,0.0022383621762813,0.014611920544518,0.0421446109123777,0.149768077055927
2012,48,3.00296735905045,222.219584569733,195.192878338279,313.30959446093,278.274975272008,0.0001941073635362,0.0034273814218054,0.0220025722191792,0.0538482790791731,0.176980156389169
2012,48,5.0,96.0,106.0,326.0,470.0,0.0003393670480591,0.0014056355551691,0.0096579245727804,0.0379758041390444,0.137883144787223
2012,48,8.00296735905045,318.219584569733,301.192878338279,639.30959446093,748.274975272008,0.0002649641610879,0.0023902371874257,0.0151758841615642,0.0443878980413605,0.15022480449807
2012,49,4.0,225.0,226.0,363.0,304.0,0.0002585540771214,0.0034702648796656,0.0254752189929633,0.0623885308695115,0.193341019937984
2012,49,3.0,104.0,126.0,346.0,524.0,0.0002036202288354,0.0015227718514332,0.0114801744921729,0.0403056080739551,0.153725038018096
2012,49,7.0,329.0,352.0,709.0,828.0,0.0002317576774217,0.0024712119328744,0.0177358483850701,0.0492265718894164,0.166230519842235
2012,50,3.00263157894737,230.201754385965,232.20350877193,382.335087719298,293.25701754386,0.0001940856592076,0.0035504936154801,0.0261744921986698,0.0657116375280243,0.18650858840757
2012,50,6.0,92.0,108.0,350.0,537.0,0.0004072404576709,0.001347067407037,0.0098401495647196,0.0407715688609373,0.157538827129232
2012,50,9.00263157894737,322.201754385965,340.20350877193,732.335087719298,830.25701754386,0.0002980612836314,0.0024201483897619,0.017141471169454,0.0508467501308267,0.166683642063985
2012,51,3.0,205.0,211.0,380.0,304.0,0.000193915557841,0.003161796890362,0.0237843858739613,0.0653103077972848,0.193341019937984
2012,51,5.0,102.0,121.0,333.0,482.0,0.0003393670480591,0.0014934877773671,0.0110246120123248,0.0387912355162632,0.141403565505195
2012,51,8.0,307.0,332.0,713.0,786.0,0.0002648659170533,0.002305963718518,0.0167281297268275,0.0495042958493003,0.157798536951687
2012,52,0.0,248.0,216.0,362.0,299.0,0.0,0.0038250030673647,0.0243479969136286,0.062216661638466,0.190161068952162
2012,52,1.0,103.0,127.0,306.0,479.0,6.78734096118222e-05,0.0015081298144001,0.0115712869881426,0.0356460002041337,0.140523460325702
2012,52,1.0,351.0,343.0,668.0,778.0,3.31082396316743e-05,0.0026364601472307,0.017282374988861,0.0463799013006067,0.156192444972535
2013,1,5.0,256.0,204.0,400.0,309.0,0.0003282781359586,0.0039928514368277,0.0226909192496056,0.0677277160825909,0.18761038561101
2013,1,8.0,127.0,111.0,353.0,541.0,0.0005521397428978,0.0018734878614218,0.0099906328336329,0.0408070949652034,0.152007781869262
2013,1,13.0,383.0,315.0,753.0,850.0,0.0004374148139406,0.0029036580429401,0.0156710275072229,0.051729616802367,0.163271306308372
2013,2,6.0,228.0,203.0,384.0,339.0,0.0003939337631503,0.0035561333109246,0.022579689253284,0.0650186074392873,0.205824986155769
2013,2,4.0,97.0,152.0,384.0,524.0,0.0002760698714489,0.0014309316736843,0.0136808665829929,0.0443907208686632,0.14723119722642
2013,2,10.0,325.0,355.0,768.0,863.0,0.0003364729338004,0.0024639395925732,0.0176609992541718,0.0527600872565974,0.165768396875442
2013,3,5.0,260.0,198.0,416.0,298.0,0.0003282781359586,0.0040552397405281,0.022023539271676,0.0704368247258946,0.180931698744599
2013,3,4.0,92.0,129.0,397.0,615.0,0.0002760698714489,0.0013571723090614,0.0116107354553031,0.0458935317314044,0.172799973843986
2013,3,9.0,352.0,327.0,813.0,913.0,0.0003028256404204,0.0026686361125716,0.0162680190313076,0.0558514986192887,0.175372591364169
2013,4,12.0098441345365,269.220672682527,215.176374077112,375.307629204266,348.285479901559,0.0007885138491278,0.0041990552724381,0.0239340672970916,0.0635468213859421,0.211462696398211
2013,4,4.0,104.0,118.0,396.0,533.0,0.0002760698714489,0.0015341947841564,0.0106206727420602,0.0457779308958089,0.149759977331454
2013,4,16.0098441345365,373.220672682527,333.176374077112,771.307629204266,881.285479901559,0.0005386879225635,0.0028295175144285,0.0165752892791086,0.0529873148678338,0.169280742981328
2013,5,5.0,244.0,214.0,394.0,324.0,0.0003282781359586,0.0038056865257264,0.0238032192128216,0.0667118003413521,0.19671768588339
2013,5,4.0,105.0,143.0,371.0,529.0,0.0002760698714489,0.001548946657081,0.0128708152721577,0.042887910005922,0.14863607506255
2013,5,9.0,349.0,357.0,765.0,853.0,0.0003028256404204,0.002645892054794,0.0177604978415193,0.0525539931657513,0.163847557977696
2013,6,9.0,258.0,193.0,438.0,326.0,0.0005909006447255,0.0040240455886779,0.0214673892900681,0.0741618491104371,0.197931992586374
2013,6,0.0,112.0,122.0,387.0,532.0,0.0,0.0016522097675531,0.0109806955468758,0.0447375233754496,0.149479001764228
2013,6,9.0,370.0,315.0,825.0,858.0,0.0003028256404204,0.0028051004592372,0.0156710275072229,0.056675874982673,0.164807977426569
2013,7,3.0,236.0,235.0,430.0,345.0,0.0001969668815751,0.0036809099183255,0.0261390491355751,0.0728072947887853,0.20946790626472
2013,7,4.00338983050847,116.098305084746,128.108474576271,375.317796610169,557.472033898305,0.000276303828967,0.0017126674433694,0.0115304930843993,0.0433870509019889,0.156636020937204
2013,7,7.00338983050847,352.098305084746,363.108474576271,805.317796610169,902.472033898305,0.0002356451122819,0.0026693813980807,0.0180643901371127,0.0553237463781814,0.173350338683941
2013,8,3.0,234.0,204.0,381.0,342.0,0.0001969668815751,0.0036497157664753,0.0226909192496056,0.0645106495686679,0.207646446210245
2013,8,2.0,119.0,118.0,364.0,558.0,0.0001380349357244,0.0017554728780251,0.0106206727420602,0.0420787041567536,0.156784366512104
2013,8,5.0,353.0,322.0,745.0,900.0,0.0001682364669002,0.0026762174651641,0.016019272562939,0.0511800325601108,0.1728755007971
2013,9,3.0,258.0,191.0,419.0,371.0,0.0001969668815751,0.0040240455886779,0.0212449292974249,0.070944782596514,0.225253893403511
2013,9,4.00352112676056,103.090669014085,104.091549295775,356.31338028169,569.50088028169,0.0002763128907019,0.0015207804490058,0.0093688328837665,0.0411901244944123,0.16001583287285
2013,9,7.00352112676056,361.090669014085,295.091549295775,775.31338028169,940.50088028169,0.0002356495300454,0.0027375556796694,0.0146805961465496,0.0532625020766529,0.180655067420901
2013,10,1.0,251.0,211.0,413.0,351.0,6.56556271917259e-05,0.0039148660572021,0.0234695292238568,0.0699288668552751,0.213110826373672
2013,10,3.0,136.0,143.0,376.0,598.0,0.0002070524035866,0.002006254717743,0.0128708152721577,0.0434659141838994,0.168023389201144
2013,10,4.0,387.0,354.0,789.0,949.0,0.0001345891735201,0.0029339834533102,0.0176112499604981,0.05420274589252,0.182287611396053
2013,11,2.0,216.0,190.0,381.0,306.0,0.0001313112543834,0.0033689683998233,0.0211336993011033,0.0645106495686679,0.185788925556535
2013,11,0.0,106.0,121.0,342.0,521.0,0.0,0.0015636985300056,0.0108906898456719,0.0395354857736531,0.146388270524742
2013,11,2.0,322.0,311.0,723.0,827.0,6.7294586760095e-05,0.0024411955347956,0.015472030332528,0.0496686758939062,0.158853376843558
2013,12,8.007136485281,229.204281891169,209.186440677966,383.341659232828,292.260481712756,0.0005257135679508,0.0035749165870164,0.023267807027138,0.0649071376478757,0.17744693098055
2013,12,8.0,100.0,138.0,328.0,474.0,0.0005521397428978,0.0014751872924581,0.0124207867661382,0.0379170740753165,0.133182418865121
2013,12,16.007136485281,329.204281891169,347.186440677966,711.341659232828,766.260481712756,0.0005385968174947,0.0024958137359885,0.0172722801968229,0.0488677708468448,0.147186293907911
2013,13,7.0,229.0,186.0,345.0,282.0,0.000459589390342,0.0035717303868498,0.0206887793158169,0.0584151551212347,0.171217245120728
2013,13,3.0,100.0,111.0,352.0,526.0,0.0002070524035866,0.0014751872924581,0.0099906328336329,0.0406914941296079,0.147793148360872
2013,13,10.0,329.0,297.0,697.0,808.0,0.0003364729338004,0.0024942650029433,0.0147755402210959,0.0478825271065734,0.155203782937841
2013,14,4.0,245.0,173.0,324.0,276.0,0.0002626225087669,0.0038212836016515,0.0192427893636361,0.0548594500268987,0.167574325011776
2013,14,3.0,100.0,114.0,319.0,470.0,0.0002070524035866,0.0014751872924581,0.0102606499372446,0.0368766665549572,0.132058516596217
2013,14,7.0,345.0,287.0,643.0,746.0,0.0002355310536603,0.0026155666444238,0.0142780472843586,0.0441728334713439,0.143294581771819
2013,15,8.0,223.0,198.0,368.0,270.0,0.0005252450175338,0.0034781479312991,0.022023539271676,0.0623094987959837,0.163931404902825
2013,15,6.0,82.0,117.0,331.0,412.0,0.0004141048071733,0.0012096535798156,0.0105306670408563,0.0382638765821029,0.115761933697109
2013,15,14.0,305.0,315.0,699.0,682.0,0.0004710621073206,0.0023123125407225,0.0156710275072229,0.0480199231671375,0.131001212826247
2013,16,7.0,219.0,182.0,344.0,244.0,0.000459589390342,0.0034157596275987,0.0202438593305305,0.0582458358310282,0.148145417764034
2013,16,4.0,90.0,112.0,330.0,410.0,0.0002760698714489,0.0013276685632123,0.0100806385348368,0.0381482757465074,0.115199982562657
2013,16,11.0,309.0,294.0,674.0,654.0,0.0003701202271805,0.0023426379510926,0.0146262923400747,0.0463024724100868,0.12562286391256
2013,17,1.0,223.0,191.0,337.0,256.0,6.56556271917259e-05,0.0034781479312991,0.0212449292974249,0.0570606007995829,0.155431257981937
2013,17,1.0,110.0,114.0,297.0,454.0,6.90174678622294e-05,0.0016227060217039,0.0102606499372446,0.0343334481718567,0.127562907520601
2013,17,2.0,333.0,305.0,634.0,710.0,6.7294586760095e-05,0.0025245904133134,0.0151735345704857,0.0435545511988057,0.136379561739935
2013,18,4.0,215.0,180.0,313.0,239.0,0.0002626225087669,0.0033533713238982,0.0200213993378873,0.0529969378346274,0.145109651006574
2013,18,5.0,87.0,113.0,281.0,460.0,0.0003450873393111,0.0012834129444385,0.0101706442360407,0.032483834802329,0.129248760923957
2013,18,9.0,302.0,293.0,594.0,699.0,0.0003028256404204,0.0022895684829449,0.014576543046401,0.0408066299875246,0.134266638952415
2013,19,6.0,201.0,171.0,328.0,244.0,0.0003939337631503,0.0031350122609467,0.0190203293709929,0.0555367271877246,0.148145417764034
2013,19,3.0,83.0,99.0,272.0,470.0,0.0002070524035866,0.0012244054527402,0.0089105644191861,0.0314434272819697,0.132058516596217
2013,19,9.0,284.0,270.0,600.0,714.0,0.0003028256404204,0.0021531041362793,0.0134323092919053,0.0412188181692167,0.137147897299033
2013,20,4.0,233.0,168.0,329.0,236.0,0.0002626225087669,0.0036341186905502,0.0186866393820282,0.0557060464779311,0.143288190952099
2013,20,2.0,76.0,101.0,284.0,406.0,0.0001380349357244,0.0011211423422681,0.0090905758215939,0.0328306373091155,0.114076080293753
2013,20,6.0,309.0,269.0,613.0,642.0,0.0002018837602802,0.0023426379510926,0.0133825599982316,0.0421118925628831,0.123317857235265
2013,21,6.0,218.0,168.0,307.0,240.0,0.0003939337631503,0.0034001625516736,0.0186866393820282,0.0519810220933885,0.145716804358066
2013,21,2.0,107.0,93.0,278.0,459.0,0.0001380349357244,0.0015784504029302,0.0083705302119627,0.0321370322955426,0.128967785356731
2013,21,8.0,325.0,261.0,585.0,699.0,0.0002691783470403,0.0024639395925732,0.0129845656488418,0.0401883477149863,0.134266638952415
2013,22,5.00511770726714,239.24462640737,190.194472876151,302.309109518936,241.246673490276,0.000328614142239,0.0037315166027499,0.0211553305184022,0.0511867638466984,0.146473726345904
2013,22,3.0,98.0,111.0,316.0,426.0,0.0002070524035866,0.0014456835466089,0.0099906328336329,0.0365298640481707,0.119695591638273
2013,22,8.00511770726714,337.24462640737,301.194472876151,618.309109518936,667.246673490276,0.0002693505440382,0.0025567704227313,0.014984212284018,0.0424766179293856,0.128167336483145
2013,23,6.00612870275792,230.23493360572,192.196118488253,290.296220633299,261.266598569969,0.0003943361469737,0.0035909917400606,0.0213779735524735,0.0491527500272532,0.158628890954657
2013,23,4.0,109.0,104.0,299.0,471.0,0.0002760698714489,0.0016079541487793,0.0093605929252056,0.0345646498430476,0.132339492163443
2013,23,10.0061287027579,339.23493360572,296.196118488253,589.296220633299,732.266598569969,0.0003366791480602,0.0025718596433694,0.0147355476836891,0.040483489610151,0.140656616605303
2013,24,6.0,219.0,191.0,329.0,242.0,0.0003939337631503,0.0034157596275987,0.0212449292974249,0.0557060464779311,0.14693111106105
2013,24,3.0,92.0,89.0,295.0,404.0,0.0002070524035866,0.0013571723090614,0.0080105074071471,0.0341022465006657,0.113514129159301
2013,24,9.0,311.0,280.0,624.0,646.0,0.0003028256404204,0.0023578006562777,0.0139298022286426,0.0428675708959854,0.124086192794363
2013,25,7.0,218.0,172.0,270.0,232.0,0.000459589390342,0.0034001625516736,0.0191315593673145,0.0457162083557489,0.140859577546131
2013,25,0.0,96.0,98.0,277.0,431.0,0.0,0.0014161798007598,0.0088205587179822,0.0320214314599471,0.121100469474403
2013,25,7.0,314.0,270.0,547.0,663.0,0.0002355310536603,0.0023805447140553,0.0134323092919053,0.0375778225642692,0.127351618920531
2013,26,5.00515463917526,207.213402061856,150.154639175258,345.355670103093,263.271134020619,0.0003286165670266,0.0032319231646587,0.0167016999631345,0.058475376930638,0.159845951371703
2013,26,1.0,99.0,106.0,335.0,493.0,6.90174678622294e-05,0.0014604354195335,0.0095406043276134,0.0387262799244848,0.138520954642415
2013,26,6.00515463917526,306.213402061856,256.154639175258,680.355670103093,756.271134020619,0.0002020571999368,0.0023215117695899,0.0127435123702166,0.0467390944272916,0.145267501146895
2013,27,5.0,273.0,207.0,383.0,301.0,0.0003282781359586,0.0042580017275545,0.0230246092385704,0.0648492881490808,0.182753158799075
2013,27,3.0,96.0,110.0,380.0,585.0,0.0002070524035866,0.0014161798007598,0.009900627132429,0.0439283175262813,0.164370706827206
2013,27,8.0,369.0,317.0,763.0,886.0,0.0002691783470403,0.0027975191066446,0.0157705260945703,0.0524165971051873,0.170186326340256
2013,28,3.00524017467249,232.405240174672,194.338864628821,383.668995633188,333.581659388646,0.0001973109285298,0.0036248421763974,0.0216163111978069,0.0649625620148434,0.20253522249406
2013,28,2.0,116.0,135.0,476.0,714.0,0.0001380349357244,0.0017112172592514,0.0121507696625265,0.0550259977434471,0.200616554999359
2013,28,5.00524017467249,348.405240174672,329.338864628821,859.668995633188,1047.58165938865,0.0001684127845948,0.0026413829708503,0.0163843758945899,0.0590575666945292,0.201223559991855
2013,29,3.0,215.0,176.0,317.0,211.0,0.0001969668815751,0.0033533713238982,0.0195764793526009,0.0536742149954533,0.1281093571648
2013,29,3.0,95.0,105.0,290.0,442.0,0.0002070524035866,0.0014014279278352,0.0094505986264095,0.0335242423226883,0.124191200713889
2013,29,6.0,310.0,281.0,607.0,653.0,0.0002018837602802,0.0023502193036852,0.0139795515223163,0.0416997043811909,0.125430780022785
2013,30,3.00357568533969,201.239570917759,150.178784266985,270.321811680572,215.256257449344,0.0001972016454387,0.0031387488667405,0.0167043856215985,0.0457706972810835,0.130693558139982
2013,30,4.005,85.10625,96.12,245.30625,370.4625,0.0002764149587882,0.0012554765850876,0.0086513479997189,0.028357607476793,0.104090911073459
2013,30,7.00857568533969,286.345820917759,246.298784266985,515.628061680572,585.718757449344,0.0002358196022608,0.0021708886317758,0.0122531905499793,0.0354226321955953,0.11250713724479
2013,31,4.00454545454545,216.245454545455,178.202272727273,291.330681818182,191.217045454545,0.0002629209434359,0.003372796773005,0.0198214381399546,0.0493279042608236,0.116098070010115
2013,31,2.0,83.0,108.0,259.0,386.0,0.0001380349357244,0.0012244054527402,0.0097206157300212,0.0299406164192285,0.108456568949233
2013,31,6.00454545454545,299.245454545455,286.202272727273,550.330681818182,577.217045454545,0.0002020367025229,0.0022686853026218,0.0142383609159962,0.0378066338446745,0.110874095335086
2013,32,6.0,212.0,171.0,304.0,212.0,0.0003939337631503,0.0033065800961229,0.0190203293709929,0.0514730642227691,0.128716510516292
2013,32,1.0,95.0,96.0,269.0,412.0,6.90174678622294e-05,0.0014014279278352,0.0086405473155744,0.0310966247751833,0.115761933697109
2013,32,7.0,307.0,267.0,573.0,624.0,0.0002355310536603,0.0023274752459076,0.0132830614108842,0.039363971351602,0.119860347219323
2013,33,2.0,221.0,196.0,296.0,242.0,0.0001313112543834,0.0034469537794489,0.0218010792790328,0.0501185099011173,0.14693111106105
2013,33,2.0,104.0,106.0,269.0,412.0,0.0001380349357244,0.0015341947841564,0.0095406043276134,0.0310966247751833,0.115761933697109
2013,33,4.0,325.0,302.0,565.0,654.0,0.0001345891735201,0.0024639395925732,0.0150242866894645,0.0388143871093457,0.12562286391256
2013,34,2.00213447171825,209.223052294557,179.191035218783,322.343649946638,225.240128068303,0.0001314513944628,0.0032632678319211,0.0199314181882483,0.05457899801153,0.136755298647145
2013,34,4.0,103.0,115.0,288.0,418.0,0.0002760698714489,0.0015194429112318,0.0103506556384485,0.0332930406514974,0.117447787100465
2013,34,6.00213447171825,312.223052294557,294.191035218783,610.343649946638,643.240128068303,0.0002019555794764,0.0023670730469619,0.014635796207276,0.0419294065464776,0.123556065858443
2013,35,2.00207039337474,225.232919254658,189.195652173913,301.311594202899,249.257763975155,0.000131447187359,0.0035129749424487,0.0210442316953663,0.0510178652614169,0.151337686782903
2013,35,2.0,75.0,96.0,249.0,387.0,0.0001380349357244,0.0011063904693436,0.0086405473155744,0.0287846080632738,0.108737544516459
2013,35,4.00207039337474,300.232919254658,285.195652173913,550.311594202899,636.257763975155,0.0001346588366534,0.002276171620755,0.0141882822544691,0.0378053225631018,0.122214866203609
2013,36,3.0,198.0,192.0,318.0,220.0,0.0001969668815751,0.0030882210331714,0.0213561592937465,0.0538435342856598,0.133573737328228
2013,36,5.0,75.0,101.0,269.0,364.0,0.0003450873393111,0.0011063904693436,0.0090905758215939,0.0310966247751833,0.102275106470262
2013,36,8.0,273.0,293.0,587.0,584.0,0.0002691783470403,0.0020697092577615,0.014576543046401,0.0403257437755504,0.112176991628341
2013,37,5.00564971751412,226.255367231638,161.181920903955,276.31186440678,217.245197740113,0.0003286490717054,0.0035289221411751,0.0179282644692547,0.0467849287569843,0.13190114990344
2013,37,6.0,90.0,104.0,297.0,371.0,0.0004141048071733,0.0013276685632123,0.0093605929252056,0.0343334481718567,0.104241935440843
2013,37,11.0056497175141,316.255367231638,265.181920903955,573.31186440678,588.245197740113,0.0003703103248832,0.002397643448264,0.013192613260013,0.0393853958220628,0.112992425723124
2013,38,4.00453514739229,199.225623582766,155.175736961451,293.332199546485,231.261904761905,0.0002629202667133,0.0031073371772474,0.0172601966514232,0.0496667998219157,0.140411440548601
2013,38,3.0,99.0,105.0,273.0,399.0,0.0002070524035866,0.0014604354195335,0.0094505986264095,0.0315590281175652,0.112109251323171
2013,38,7.00453514739229,298.225623582766,260.175736961451,566.332199546485,630.261904761905,0.0002356836490951,0.0022609536045089,0.0129435591448727,0.0389059065941319,0.121063158243387
2013,39,1.0011135857461,215.239420935412,171.190423162584,294.327394209354,217.241648106904,6.57287403623181e-05,0.0033571055904059,0.0190415101386667,0.0498353054758499,0.13189899473174
2013,39,5.0,89.0,102.0,266.0,347.0,0.0003450873393111,0.0013129166902877,0.0091805815227978,0.0307498222683969,0.0974985218274196
2013,39,6.0011135857461,304.239420935412,273.190423162584,560.327394209354,564.241648106904,0.0002019212294265,0.0023065463226594,0.0135910305907642,0.038493388295244,0.10838173054118
2013,40,5.00558659217877,206.230167597765,187.208938547486,285.31843575419,212.23687150838,0.0003286449271719,0.0032165875820701,0.0208232495460068,0.0483099150247219,0.128860327846478
2013,40,1.0,108.0,129.0,256.0,361.0,6.90174678622294e-05,0.0015932022758547,0.0116107354553031,0.0295938139124421,0.101432179768584
2013,40,6.00558659217877,314.230167597765,316.208938547486,541.31843575419,573.23687150838,0.0002020717339863,0.0023822896957693,0.0157311713460553,0.0371875102916613,0.110109568041527
2013,41,9.0096256684492,203.217112299465,197.210695187166,301.32192513369,225.24064171123,0.0005915326240247,0.003169592729816,0.0219357449002479,0.0510196144872857,0.136755610507169
2013,41,2.00223463687151,101.112849162011,105.117318435754,283.316201117318,404.451396648045,0.0001381891647029,0.0014916039018803,0.0094611579544837,0.0327515895868982,0.11364096058853
2013,41,11.0118603053207,304.329961461476,302.32801362292,584.638126251008,629.692038359275,0.0003705192943532,0.0023072327423114,0.0150406051355201,0.0401634877012198,0.120953696088118
2013,42,4.0,193.0,173.0,299.0,230.0,0.0002626225087669,0.0030102356535459,0.0192427893636361,0.0506264677717367,0.139645270843147
2013,42,3.0,100.0,101.0,273.0,394.0,0.0002070524035866,0.0014751872924581,0.0090905758215939,0.0315590281175652,0.110704373487041
2013,42,7.0,293.0,274.0,572.0,624.0,0.0002355310536603,0.0022213363096121,0.0136313064666002,0.0392952733213199,0.119860347219323
2013,43,3.0,216.0,160.0,299.0,245.0,0.0001969668815751,0.0033689683998233,0.0177967994114554,0.0506264677717367,0.148752571115526
2013,43,3.0,81.0,119.0,277.0,437.0,0.0002070524035866,0.001194901706891,0.0107106784432641,0.0320214314599471,0.122786322877759
2013,43,6.0,297.0,279.0,576.0,682.0,0.0002018837602802,0.0022516617199822,0.0138800529349689,0.0395700654424481,0.131001212826247
2013,44,4.0,225.0,161.0,289.0,250.0,0.0002626225087669,0.0035093420831493,0.017908029407777,0.048933274869672,0.151788337872986
2013,44,5.00587544065805,89.1045828437133,95.1116333725029,239.280846063455,423.497062279671,0.0003454928473479,0.0013144594831082,0.0085605892543404,0.0276610657469281,0.118992327292572
2013,44,9.00587544065805,314.104582843713,256.111633372503,528.280846063455,673.497062279671,0.0003030233330959,0.0023813375934686,0.0127413728619056,0.0362918535602825,0.129367935474415
2013,45,4.0,187.0,183.0,336.0,244.0,0.0002626225087669,0.0029166531979952,0.0203550893268521,0.0568912815093764,0.148145417764034
2013,45,3.0,86.0,89.0,275.0,403.0,0.0002070524035866,0.001268661071514,0.0080105074071471,0.0317902297887562,0.113233153592075
2013,45,7.0,273.0,272.0,611.0,647.0,0.0002355310536603,0.0020697092577615,0.0135318078792528,0.041974496502319,0.124278276684138
2013,46,2.0,242.0,170.0,329.0,272.0,0.0001313112543834,0.0037744923738762,0.0189090993746713,0.0557060464779311,0.165145711605809
2013,46,2.0,99.0,90.0,298.0,401.0,0.0001380349357244,0.0014604354195335,0.008100513108351,0.0344490490074522,0.112671202457623
2013,46,4.0,341.0,260.0,627.0,673.0,0.0001345891735201,0.0025852412340537,0.0129348163551681,0.0430736649868315,0.129272457818276
2013,47,8.00742115027829,221.205009276438,212.196660482375,362.335807050093,275.255102040816,0.0005257322578098,0.0034501513246988,0.0236026337649095,0.0613504416661128,0.167122057719338
2013,47,7.00708502024291,104.105263157895,109.11032388664,303.306680161943,465.470647773279,0.0004836112651925,0.0015357476128853,0.0098205512100016,0.0350625056684107,0.130785879285148
2013,47,15.0145061705212,325.310272434333,321.306984369015,665.642487212036,740.725749814095,0.000505197494076,0.0024662918772976,0.0159847955247926,0.0457283277434968,0.142281483280466
2013,48,3.0,217.0,235.0,396.0,279.0,0.0001969668815751,0.0033845654757485,0.0261390491355751,0.067050438921765,0.169395785066252
2013,48,3.0,116.0,99.0,329.0,535.0,0.0002070524035866,0.0017112172592514,0.0089105644191861,0.0380326749109119,0.150321928465906
2013,48,6.0,333.0,334.0,725.0,814.0,0.0002018837602802,0.0025245904133134,0.0166162640870236,0.0498060719544702,0.156356286276488
2013,49,7.0,211.0,233.0,417.0,321.0,0.000459589390342,0.0032909830201978,0.0259165891429319,0.0706061440161011,0.194896225828914
2013,49,6.0,97.0,117.0,389.0,561.0,0.0004141048071733,0.0014309316736843,0.0105306670408563,0.0449687250466406,0.157627293213782
2013,49,13.0,308.0,350.0,806.0,882.0,0.0004374148139406,0.0023350565985001,0.0174122527858032,0.0553706124073145,0.169417990781158
2013,50,5.0,249.0,193.0,407.0,358.0,0.0003282781359586,0.0038836719053519,0.0214673892900681,0.0689129511140363,0.217360899834116
2013,50,2.0,115.0,115.0,332.0,594.0,0.0001380349357244,0.0016964653863268,0.0103506556384485,0.0383794774176984,0.16689948693224
2013,50,7.0,364.0,308.0,739.0,952.0,0.0002355310536603,0.002759612343682,0.0153227824515068,0.0507678443784186,0.182863863065377
2013,51,9.0,266.0,221.0,395.0,371.0,0.0005909006447255,0.0041488221960788,0.0245818291870728,0.0668811196315586,0.225253893403511
2013,51,6.0,99.0,122.0,347.0,509.0,0.0004141048071733,0.0014604354195335,0.0109806955468758,0.0401134899516305,0.143016563718031
2013,51,15.0,365.0,343.0,742.0,880.0,0.0005047094007007,0.0027671936962745,0.0170640077300872,0.0509739384692647,0.169033823001609
2013,52,3.00244498777506,242.197229013855,234.190709046455,417.339853300733,331.269763651182,0.000197127408781,0.0037775685697799,0.0260490317057892,0.0706636877357556,0.201131547248759
2013,52,3.0,106.0,109.0,390.0,602.0,0.0002070524035866,0.0015636985300056,0.0098106214312251,0.045084325882236,0.169147291470048
2013,52,6.00244498777506,348.197229013855,343.190709046455,807.339853300733,933.269763651182,0.0002019660275012,0.0026398059648969,0.0170734953704455,0.0554626576899417,0.179266086411099
2014,1,4.0,272.0,249.0,427.0,376.0,0.0002679002721897,0.0042896180899145,0.0271679218284232,0.0713511653941183,0.216407986865255
2014,1,2.0,96.0,161.0,375.0,604.0,0.0001408997276636,0.0014269446674121,0.014275197352254,0.0430077284780637,0.161951411011301
2014,1,6.0,368.0,410.0,802.0,980.0,0.0002060056072597,0.0028159202689139,0.0200552511024559,0.0545435439358516,0.179258259409235
2014,2,10.0,244.0,204.0,374.0,346.0,0.0006697506804743,0.0038480397571291,0.0222580564377443,0.0624949317503518,0.199141392168559
2014,2,4.0,111.0,141.0,353.0,621.0,0.0002817994553273,0.0016499047716952,0.0125018809109802,0.0404846084073506,0.166509646089434
2014,2,14.0,355.0,345.0,727.0,967.0,0.0004806797502727,0.0027164448246316,0.0168757600740178,0.0494428384555662,0.176880343723194
2014,3,2.0,244.0,189.0,385.0,319.0,0.0001339501360948,0.0038480397571291,0.0206214346408514,0.0643330179783034,0.183601456941533
2014,3,2.0,118.0,112.0,395.0,574.0,0.0001408997276636,0.0017539528203607,0.0099305720711332,0.0453014739968938,0.153907466755773
2014,3,4.0,362.0,301.0,780.0,893.0,0.0001373370715064,0.002770008525399,0.0147234892239981,0.0530473369949679,0.163344515971885
2014,4,2.00167785234899,258.21644295302,208.174496644295,375.314597315436,349.292785234899,0.0001340625103701,0.0040722423706053,0.022713527917685,0.0627145993158796,0.201036565104368
2014,4,5.0,86.0,122.0,364.0,574.0,0.0003522493191591,0.00127830459789,0.0108172302917701,0.0417461684427072,0.153907466755773
2014,4,7.00167785234899,344.21644295302,330.174496644295,739.314597315436,923.292785234899,0.0002403974829683,0.0026339295070784,0.0161505669215325,0.0502803469090909,0.168885568986033
2014,5,6.0,209.0,223.0,426.0,392.0,0.0004018504082845,0.0032960668411475,0.0243311107138088,0.0711840666461227,0.22561683737016
2014,5,3.0,119.0,121.0,369.0,546.0,0.0002113495914955,0.0017688168273129,0.0107285644697064,0.0423196048224147,0.146399785450613
2014,5,9.0,328.0,344.0,795.0,938.0,0.0003090084108896,0.0025098419788146,0.0168268448274264,0.0540674780910249,0.171575762577411
2014,6,4.0,216.0,213.0,389.0,329.0,0.0002679002721897,0.0034064614243438,0.0232400295158801,0.0650014129702857,0.189356988507098
2014,6,2.0,114.0,115.0,356.0,605.0,0.0001408997276636,0.0016944967925519,0.0101965695373243,0.0408286702351751,0.162219542486485
2014,6,6.0,330.0,328.0,745.0,934.0,0.0002060056072597,0.0025251458933195,0.0160442008819647,0.0506670077708347,0.170844096212475
2014,7,3.00246710526316,264.217105263158,212.174342105263,394.324013157895,343.282072368421,0.0002010904386851,0.0041668767441238,0.0231499435353933,0.065891048903282,0.197577080340912
2014,7,3.0,114.0,111.0,392.0,613.0,0.0002113495914955,0.0016944967925519,0.0098419062490695,0.0449574121690693,0.164364594287959
2014,7,6.00246710526316,378.217105263158,323.174342105263,786.324013157895,956.282072368421,0.0002060903135127,0.0028941011216317,0.0158081526360782,0.0534774293759262,0.174919856935734
2014,8,5.0,237.0,203.0,412.0,328.0,0.0003348753402371,0.0037376451739328,0.0221489483179515,0.0688446841741844,0.188781435350542
2014,8,4.0,114.0,103.0,358.0,532.0,0.0002817994553273,0.0016944967925519,0.00913257967256,0.0410580447870581,0.142645944798033
2014,8,9.0,351.0,306.0,770.0,860.0,0.0003090084108896,0.0026858369956217,0.0149680654569549,0.0523672429309298,0.157308268461165
2014,9,5.0,239.0,186.0,423.0,358.0,0.0003348753402371,0.0037691864834175,0.0202941102814728,0.0706827704021359,0.206048030047238
2014,9,3.0,128.0,109.0,353.0,569.0,0.0002113495914955,0.0019025928898828,0.0096645746049421,0.0404846084073506,0.152566809379851
2014,9,8.0,367.0,295.0,776.0,927.0,0.0002746741430129,0.0028082683116614,0.01442999774445,0.0527752993693527,0.169563680073838
2014,10,7.0,232.0,178.0,354.0,296.0,0.000468825476332,0.0036587919002212,0.0194212453231299,0.05915295679044,0.170363734340733
2014,10,6.0,90.0,108.0,357.0,554.0,0.000422699182991,0.0013377606256988,0.0095759087828784,0.0409433575111166,0.148544837252087
2014,10,13.0,322.0,286.0,711.0,850.0,0.0004463454823961,0.0024639302352997,0.0139897605251278,0.0483546879531053,0.155479102548826
2014,11,6.0,249.0,182.0,367.0,301.0,0.0004018504082845,0.0039268930308408,0.0198576778023013,0.0613252405143827,0.173241500123515
2014,11,1.0,69.0,114.0,347.0,519.0,7.04498638318371e-05,0.0010256164797024,0.0101079037152606,0.0397964847517016,0.139160235620638
2014,11,7.0,318.0,296.0,714.0,820.0,0.0002403398751363,0.0024333224062897,0.0144789129910414,0.0485587161723167,0.149991604811809
2014,12,8.00768491834774,205.196926032661,184.176753121998,362.347742555235,282.270893371758,0.0005363152423087,0.003236089874649,0.0200951792426958,0.0605478541200093,0.162461903684147
2014,12,2.0,91.0,114.0,313.0,484.0,0.0001408997276636,0.001352624632651,0.0101079037152606,0.0358971173696905,0.129775633989188
2014,12,10.0076849183477,296.196926032661,298.176753121998,675.347742555235,766.270893371758,0.0003436065348114,0.0022664862163189,0.0145853894067724,0.0459299990873312,0.140163659777327
2014,13,1.0,205.0,184.0,349.0,270.0,6.69750680474327e-05,0.0032329842221782,0.0200758940418871,0.058317463050462,0.155399352270263
2014,13,5.0,99.0,82.0,325.0,490.0,0.0003522493191591,0.0014715366882687,0.0072705974092225,0.0372733646809885,0.131384422840294
2014,13,6.0,304.0,266.0,674.0,760.0,0.0002060056072597,0.002326195004755,0.0130114555933007,0.0458383399161645,0.139016609337774
2014,14,2.0,199.0,211.0,362.0,300.0,0.0001339501360948,0.0031383602937242,0.0230218132762944,0.0604897467744047,0.172665946966959
2014,14,2.0,112.0,102.0,324.0,542.0,0.0001408997276636,0.0016647687786475,0.0090439138504963,0.037158677405047,0.145327259549876
2014,14,4.0,311.0,313.0,686.0,842.0,0.0001373370715064,0.0023797587055223,0.0153104721830944,0.0466544527930102,0.154015769818955
2014,15,2.0,200.0,177.0,365.0,290.0,0.0001339501360948,0.0031541309484665,0.019312137203337,0.0609910430183915,0.166910415401394
2014,15,2.0,96.0,104.0,329.0,487.0,0.0001408997276636,0.0014269446674121,0.0092212454946236,0.0377321137847546,0.130580028414741
2014,15,4.0,296.0,281.0,694.0,777.0,0.0001373370715064,0.0022649793467351,0.013745184292171,0.0471985280442406,0.142126191388751
2014,16,4.0,189.0,194.0,351.0,288.0,0.0002679002721897,0.0029806537463008,0.0211669752398157,0.0586516605464532,0.165759309088281
2014,16,3.0,76.0,121.0,291.0,526.0,0.0002113495914955,0.0011296645283679,0.0107285644697064,0.0333739972989774,0.141037155946928
2014,16,7.0,265.0,315.0,642.0,814.0,0.0002403398751363,0.0020277686719081,0.0154083026762771,0.0436620389112428,0.148894105264405
2014,17,2.0,227.0,167.0,298.0,254.0,0.0001339501360948,0.0035799386265095,0.0182210560054084,0.0497954269026868,0.146190501765359
2014,17,2.0,92.0,114.0,303.0,458.0,0.0001408997276636,0.0013674886396033,0.0101079037152606,0.0347502446102755,0.122804215634397
2014,17,4.0,319.0,281.0,601.0,712.0,0.0001373370715064,0.0024409743635422,0.013745184292171,0.0408736532486868,0.130236612958546
2014,18,1.0,219.0,197.0,348.0,253.0,6.69750680474327e-05,0.0034537733885708,0.0214942995991943,0.0581503643024664,0.145614948608802
2014,18,4.0,90.0,98.0,320.0,447.0,0.0002817994553273,0.0013377606256988,0.0086892505622415,0.036699928301281,0.11985476940737
2014,18,5.0,309.0,295.0,668.0,700.0,0.0001716713393831,0.0023644547910174,0.01442999774445,0.0454302834777417,0.128041613863739
2014,19,4.0,194.0,169.0,300.0,274.0,0.0002679002721897,0.0030595070200125,0.0184392722449941,0.0501296243986779,0.157701564896489
2014,19,4.0,80.0,100.0,250.0,451.0,0.0002817994553273,0.0011891205561767,0.0088665822063689,0.0286718189853758,0.120927295308107
2014,19,8.0,274.0,269.0,550.0,725.0,0.0002746741430129,0.0020966362871804,0.0131582013330747,0.0374051735220927,0.132614528644587
2014,20,12.0,198.0,155.0,288.0,235.0,0.0008037008165691,0.0031225896389818,0.016911758567894,0.0481244394227308,0.135254991790785
2014,20,3.0,95.0,96.0,252.0,428.0,0.0002113495914955,0.0014120806604599,0.0085119189181141,0.0289011935372588,0.114760271378869
2014,20,15.0,293.0,251.0,540.0,663.0,0.0005150140181493,0.0022420234749776,0.0122777268944303,0.0367250794580547,0.121273699988085
2014,21,4.0,202.0,152.0,291.0,220.0,0.0002679002721897,0.0031856722579512,0.0165844342085154,0.0486257356667176,0.126621694442437
2014,21,0.0,90.0,91.0,256.0,390.0,0.0,0.0013377606256988,0.0080685898077957,0.0293599426410248,0.104571275321866
2014,21,4.0,292.0,243.0,547.0,610.0,0.0001373370715064,0.0022343715177251,0.0118864049216995,0.0372011453028813,0.111579120652687
2014,22,1.0,219.0,192.0,326.0,247.0,6.69750680474327e-05,0.0034537733885708,0.02094875900023,0.0544741918465634,0.142161629669463
2014,22,2.0,94.0,95.0,265.0,414.0,0.0001408997276636,0.0013972166535077,0.0084232530960504,0.0303921281244984,0.111006430726289
2014,22,3.0,313.0,287.0,591.0,661.0,0.0001030028036298,0.0023950626200273,0.0140386757717192,0.0401935591846487,0.120907866805617
2014,23,1.0,212.0,162.0,321.0,256.0,6.69750680474327e-05,0.0033433788053745,0.017675515406444,0.0536386981065854,0.147341608078472
2014,23,1.0,85.0,102.0,265.0,412.0,7.04498638318371e-05,0.0012634405909378,0.0090439138504963,0.0303921281244984,0.11047016777592
2014,23,2.0,297.0,264.0,586.0,668.0,6.8668535753248e-05,0.0022726313039876,0.012913625100118,0.0398535121526297,0.122188282944254
2014,24,7.0,187.0,182.0,316.0,253.0,0.000468825476332,0.0029491124368162,0.0198576778023013,0.0528032043666074,0.145614948608802
2014,24,3.0,86.0,105.0,258.0,452.0,0.0002113495914955,0.00127830459789,0.0093099113166873,0.0295893171929078,0.121195426783291
2014,24,10.0,273.0,287.0,574.0,705.0,0.0003433426787662,0.002088984329928,0.0140386757717192,0.039037399275784,0.128956196819909
2014,25,5.0,210.0,164.0,276.0,257.0,0.0003348753402371,0.0033118374958898,0.0178937316460298,0.0461192544467837,0.147917161235028
2014,25,2.0,81.0,128.0,300.0,457.0,0.0001408997276636,0.0012039845631289,0.0113492252241522,0.034406182782451,0.122536084159213
2014,25,7.0,291.0,292.0,576.0,714.0,0.0002403398751363,0.0022267195604727,0.0142832520046759,0.0391734180885917,0.130602446141014
2014,26,8.00921658986175,185.213133640553,160.184331797235,283.326036866359,232.267281105991,0.0005364178261126,0.0029209323843907,0.0174774112626727,0.0473434260349219,0.133682166805356
2014,26,1.0,73.0,87.0,245.0,386.0,7.04498638318371e-05,0.0010850725075113,0.0077139265195409,0.0280983826056683,0.103498749421129
2014,26,9.00921658986175,258.213133640553,247.184331797235,528.326036866359,618.267281105991,0.0003093248557548,0.0019758358606473,0.0120910825433813,0.0359311401549559,0.113091343531368
2014,27,5.0054704595186,212.231947483589,178.194748358862,294.321663019694,225.246170678337,0.0003352417246356,0.0033470367690565,0.0194424939503981,0.0491807813985717,0.129641144536188
2014,27,5.0,86.0,107.0,275.0,405.0,0.0003522493191591,0.00127830459789,0.0094872429608147,0.0315390008839134,0.108593247449631
2014,27,10.0054704595186,298.231947483589,285.194748358862,569.321663019694,630.246170678337,0.0003435305029887,0.0022820581134693,0.0139503714425334,0.0387192283547965,0.115282481178709
2014,28,0.0,232.0,167.0,295.0,212.0,0.0,0.0036587919002212,0.0182210560054084,0.0492941306587,0.122017269189984
2014,28,1.0,85.0,103.0,262.0,415.0,7.04498638318371e-05,0.0012634405909378,0.00913257967256,0.0300480662966738,0.111274562201473
2014,28,1.0,317.0,270.0,557.0,627.0,3.4334267876624e-05,0.0024256704490372,0.0132071165796661,0.0378812393669194,0.114688702703664
2014,29,1.0,192.0,170.0,329.0,233.0,6.69750680474327e-05,0.0030279657105278,0.018548380364787,0.0549754880905501,0.134103885477671
2014,29,7.0,71.0,99.0,269.0,381.0,0.0004931490468228,0.0010553444936069,0.0087779163843052,0.0308508772282644,0.102158092045208
2014,29,8.0,263.0,269.0,598.0,614.0,0.0002746741430129,0.0020124647574031,0.0131582013330747,0.0406696250294754,0.112310787017623
2014,30,6.00684150513113,192.218928164196,155.176738882554,285.324971493729,239.27251995439,0.0004023086185563,0.0030314183510188,0.0169310422150638,0.0476774455084804,0.137714054136984
2014,30,7.0,92.0,103.0,267.0,400.0,0.0004931490468228,0.0013674886396033,0.00913257967256,0.0306215026763814,0.107252590073709
2014,30,13.0068415051311,284.218928164196,258.176738882554,552.324971493729,639.27251995439,0.0004465803804659,0.0021748310886591,0.0126287788465922,0.037563293453287,0.116933550219571
2014,31,3.0,214.0,158.0,291.0,241.0,0.0002009252041422,0.0033749201148592,0.0172390829272726,0.0486257356667176,0.138708310730124
2014,31,2.0,72.0,112.0,244.0,417.0,0.0001408997276636,0.0010702085005591,0.0099305720711332,0.0279836953297268,0.111810825151842
2014,31,5.0,286.0,270.0,535.0,658.0,0.0001716713393831,0.0021884597742102,0.0132071165796661,0.0363850324260357,0.120359117031915
2014,32,5.00555555555556,216.24,166.184444444444,281.312222222222,232.257777777778,0.0003352474239485,0.003410246381482,0.0181320722721551,0.0470069201291914,0.133676697134805
2014,32,1.0,102.0,119.0,290.0,421.0,7.04498638318371e-05,0.0015161287091254,0.010551232825579,0.0332593100230359,0.112883351052579
2014,32,6.00555555555556,318.24,285.184444444444,571.312222222222,653.257777777778,0.0002061963531923,0.0024351588760303,0.0139498674240188,0.038854605104572,0.119491685908152
2014,33,4.0,196.0,173.0,292.0,215.0,0.0002679002721897,0.0030910483294972,0.0188757047241655,0.0487928344147132,0.123743928659654
2014,33,4.0,105.0,90.0,298.0,369.0,0.0002817994553273,0.001560720729982,0.007979923985732,0.034176808230568,0.0989405143429967
2014,33,8.0,301.0,263.0,590.0,584.0,0.0002746741430129,0.0023032391329975,0.0128647098535266,0.0401255497782449,0.106823289280605
2014,34,5.0,201.0,176.0,291.0,241.0,0.0003348753402371,0.0031699016032088,0.0192030290835441,0.0486257356667176,0.138708310730124
2014,34,1.0,106.0,101.0,306.0,417.0,7.04498638318371e-05,0.0015755847369342,0.0089552480284326,0.0350943064381,0.111810825151842
2014,34,6.0,307.0,277.0,597.0,658.0,0.0002060056072597,0.0023491508765124,0.0135495233058056,0.0406016156230716,0.120359117031915
2014,35,2.0,188.0,163.0,283.0,233.0,0.0001339501360948,0.0029648830915585,0.0177846235262369,0.0472889456827529,0.134103885477671
2014,35,2.0,93.0,112.0,288.0,406.0,0.0001408997276636,0.0013823526465555,0.0099305720711332,0.0330299354711529,0.108861378924815
2014,35,4.0,281.0,275.0,571.0,639.0,0.0001373370715064,0.0021501999879478,0.0134516928126229,0.0388333710565726,0.116883701798471
2014,36,5.0,213.0,186.0,292.0,230.0,0.0003348753402371,0.0033591494601168,0.0202941102814728,0.0487928344147132,0.132377226008002
2014,36,2.0,98.0,96.0,287.0,463.0,0.0001408997276636,0.0014566726813165,0.0085119189181141,0.0329152481952114,0.124144873010318
2014,36,7.0,311.0,282.0,579.0,693.0,0.0002403398751363,0.0023797587055223,0.0137940995387624,0.0393774463078031,0.126761197725102
2014,37,2.0,198.0,167.0,288.0,251.0,0.0001339501360948,0.0031225896389818,0.0182210560054084,0.0481244394227308,0.144463842295689
2014,37,0.0,89.0,112.0,244.0,389.0,0.0,0.0013228966187466,0.0099305720711332,0.0279836953297268,0.104303143846682
2014,37,2.0,287.0,279.0,532.0,640.0,6.8668535753248e-05,0.0021961117314627,0.0136473537989883,0.0361810042068242,0.117066618389705
2014,38,3.0,202.0,180.0,308.0,237.0,0.0002009252041422,0.0031856722579512,0.0196394615627156,0.0514664143826427,0.136406098103898
2014,38,0.0,82.0,91.0,253.0,358.0,0.0,0.0012188485700812,0.0080685898077957,0.0290158808132003,0.0959910681159697
2014,38,3.0,284.0,271.0,561.0,595.0,0.0001030028036298,0.0021731558597053,0.0132560318262575,0.0381532769925346,0.108835371784178
2014,39,10.0213447171825,218.465314834578,147.313767342583,313.668089647812,249.531483457844,0.00067118024436,0.0034453410534311,0.0160731281743527,0.0524135450663189,0.143618632964396
2014,39,2.0,119.0,90.0,265.0,396.0,0.0001408997276636,0.0017688168273129,0.007979923985732,0.0303921281244984,0.106180064172972
2014,39,12.0213447171825,337.465314834578,237.313767342583,578.668089647812,645.531483457844,0.0004127440697569,0.00258227016331,0.0116082614490861,0.0393548732817715,0.11807841848828
2014,40,8.00850159404888,210.223166843783,157.166843783209,299.317747077577,267.283740701381,0.0005363699392193,0.0033153569831331,0.0171481788189648,0.0500156207895247,0.153836000656917
2014,40,2.0,77.0,97.0,303.0,433.0,0.0001408997276636,0.0011445285353201,0.0086005847401778,0.0347502446102755,0.11610092875479
2014,40,10.0085015940489,287.223166843783,254.166843783209,602.317747077577,700.283740701381,0.0003436345747736,0.0021978193946115,0.0124326338390023,0.0409632724452231,0.12809351474563
2014,41,5.0,232.0,155.0,307.0,229.0,0.0003348753402371,0.0036587919002212,0.016911758567894,0.0512993156346471,0.131801672851445
2014,41,4.0,113.0,94.0,257.0,410.0,0.0002817994553273,0.0016796327855997,0.0083345872739868,0.0294746299169663,0.109933904825552
2014,41,9.0,345.0,249.0,564.0,639.0,0.0003090084108896,0.0026399252521068,0.0121798964012476,0.038357305211746,0.116883701798471
2014,42,3.00308959835221,216.222451081359,170.175077239959,313.322348094748,269.277033985582,0.0002011321302021,0.003409969623545,0.0185674827132574,0.0523557720856718,0.154983246898582
2014,42,4.0,91.0,120.0,278.0,453.0,0.0002817994553273,0.001352624632651,0.0106398986476427,0.0318830627117379,0.121463558258476
2014,42,7.00308959835221,307.222451081359,290.175077239959,591.322348094748,722.277033985582,0.0002404459542338,0.0023508530626777,0.0141939854578584,0.0402154818872279,0.132116452983184
2014,43,10.0,204.0,201.0,325.0,276.0,0.0006697506804743,0.0032172135674358,0.0219307320783658,0.0543070930985678,0.158852671209602
2014,43,2.00202224469161,79.0798786653185,123.124368048534,277.280080889788,508.513650151668,0.0001410421945268,0.0011754438662612,0.0109169233090955,0.0318004971500894,0.136348515166506
2014,43,12.0020222446916,283.079878665319,324.124368048534,602.280080889788,784.513650151668,0.0004120806468104,0.0021661151305852,0.0158546233893615,0.0409607107901501,0.143500562662218
2014,44,6.0,201.0,189.0,317.0,276.0,0.0004018504082845,0.0031699016032088,0.0206214346408514,0.052970303114603,0.158852671209602
2014,44,4.0,102.0,112.0,293.0,414.0,0.0002817994553273,0.0015161287091254,0.0099305720711332,0.0336033718508604,0.111006430726289
2014,44,10.0,303.0,301.0,610.0,690.0,0.0003433426787662,0.0023185430475025,0.0147234892239981,0.041485737906321,0.1262124479514
2014,45,3.0,208.0,228.0,292.0,263.0,0.0002009252041422,0.0032802961864052,0.0248766513127731,0.0487928344147132,0.151370480174367
2014,45,1.0,95.0,94.0,301.0,416.0,7.04498638318371e-05,0.0014120806604599,0.0083345872739868,0.0345208700583925,0.111542693676658
2014,45,4.0,303.0,322.0,593.0,679.0,0.0001373370715064,0.0023185430475025,0.0157507094024166,0.0403295779974563,0.124200365447827
2014,46,7.00708502024291,225.227732793522,179.181174089069,315.318825910931,262.265182186235,0.0004692999960449,0.003551988812285,0.0195501210071362,0.052689381029157,0.150947553462161
2014,46,2.0,84.0,120.0,298.0,484.0,0.0001408997276636,0.0012485765839856,0.0106398986476427,0.034176808230568,0.129775633989188
2014,46,9.00708502024291,309.227732793522,299.181174089069,613.318825910931,746.265182186235,0.0003092516698725,0.0023661973926184,0.0146345209060582,0.041711449286481,0.136504283282061
2014,47,1.0,205.0,193.0,350.0,262.0,6.69750680474327e-05,0.0032329842221782,0.0210578671200228,0.0584845617984576,0.150794927017811
2014,47,4.0,106.0,134.0,304.0,487.0,0.0002817994553273,0.0015755847369342,0.0118812201565344,0.034864931886217,0.130580028414741
2014,47,5.0,311.0,327.0,654.0,749.0,0.0001716713393831,0.0023797587055223,0.0159952856353734,0.0444781517880884,0.137004526834201
2014,48,3.0,222.0,207.0,349.0,303.0,0.0002009252041422,0.0035010853527978,0.0225853807971229,0.058317463050462,0.174392606436629
2014,48,6.0,89.0,109.0,301.0,485.0,0.000422699182991,0.0013228966187466,0.0096645746049421,0.0345208700583925,0.130043765464372
2014,48,9.0,311.0,316.0,650.0,788.0,0.0003090084108896,0.0023797587055223,0.0154572179228685,0.0442061141624732,0.144138273892324
2014,49,2.00172117039587,273.234939759036,210.180722891566,380.327022375215,297.255593803787,0.0001340654115992,0.0043090938984818,0.0229324234914039,0.0635521692677904,0.171086395317855
2014,49,4.0,91.0,104.0,320.0,504.0,0.0002817994553273,0.001352624632651,0.0092212454946236,0.036699928301281,0.135138263492874
2014,49,6.00172117039587,364.234939759036,314.180722891566,700.327022375215,801.255593803787,0.0002060647023851,0.002787110188897,0.0153682275344914,0.0476288250802826,0.146562941925694
2014,50,8.0067283431455,252.211942809083,192.161480235492,387.325483599664,350.294365012616,0.0005362511756194,0.003977547471935,0.0209663778051082,0.0647216033762914,0.201613027506976
2014,50,3.0,112.0,125.0,383.0,553.0,0.0002113495914955,0.0016647687786475,0.0110832277579612,0.0439252266855957,0.148276705776903
2014,50,11.0067283431455,364.211942809083,317.161480235492,770.325483599664,903.294365012616,0.0003779079593787,0.002786934217219,0.0155140320149986,0.0523893788773371,0.16522752612891
2014,51,6.0,210.0,196.0,395.0,339.0,0.0004018504082845,0.0033118374958898,0.0213851914794014,0.0660040054582593,0.195112520072664
2014,51,6.0,90.0,122.0,382.0,542.0,0.000422699182991,0.0013377606256988,0.0108172302917701,0.0438105394096542,0.145327259549876
2014,51,12.0,300.0,318.0,777.0,881.0,0.0004120112145194,0.002295587175745,0.0155550484160512,0.0528433087757565,0.161149516877078
2014,52,2.0,250.0,226.0,455.0,374.0,0.0001339501360948,0.0039426636855831,0.0246584350731874,0.0760299303379949,0.215256880552142
2014,52,2.0,109.0,126.0,384.0,626.0,0.0001408997276636,0.0016201767577908,0.0111718935800249,0.0440399139615372,0.167850303465355
2014,52,4.0,359.0,352.0,839.0,1000.0,0.0001373370715064,0.0027470526536415,0.0172181668001573,0.0570598919727924,0.182916591233913
1,1,9.0,249.0,243.0,421.0,463.0,0.0006157770185312,0.003956691985079,0.025912872470592,0.069763365087572,0.254442966391643
1,1,7.0,115.0,132.0,440.0,734.0,0.0005038347367176,0.001718635689234,0.0115070897028201,0.050261358509931,0.189772438484666
1,1,16.0,364.0,375.0,861.0,1197.0,0.0005612238219867,0.0028033446219767,0.0179866746720494,0.0582192375920422,0.210463331616405
1,2,8.01073105298457,279.374245472837,264.354124748491,486.651911468813,454.608987256875,0.0005480915648957,0.0044393487465858,0.0281900194307927,0.0806424583619087,0.249831661481512
1,2,5.0,94.0,132.0,508.0,822.0,0.0003598819547983,0.0014047978677217,0.0115070897028201,0.0580290230069203,0.212524447458304
1,2,13.0107310529846,373.374245472837,396.354124748491,994.651911468813,1276.60898725688,0.0004563707630248,0.0028755403379969,0.0190109138580693,0.0672565342104317,0.224460635446555
1,3,5.0,257.0,253.0,482.0,529.0,0.0003420983436284,0.0040838146191377,0.0269792458232913,0.0798715961335148,0.290713454041424
1,3,7.00426829268293,119.07256097561,156.09512195122,496.30243902439,862.525609756098,0.0005041419530205,0.0017794987208797,0.0136075800792828,0.0566928064026319,0.22300216378595
1,3,12.0042682926829,376.07256097561,409.09512195122,978.30243902439,1391.5256097561,0.0004210675832108,0.0028963214046263,0.0196220289825573,0.0661510129319806,0.244665928035771
1,4,4.0,286.0,230.0,531.0,434.0,0.0002736786749027,0.0045446341676007,0.024526587112083,0.0879913227114032,0.238505933939467
1,4,3.0,130.0,155.0,477.0,838.0,0.0002159291728789,0.0019428055617427,0.0135121129086146,0.0544878818391752,0.216661176362602
1,4,7.0,416.0,385.0,1008.0,1272.0,0.0002455354221192,0.0032038224251162,0.0184663193299707,0.0681591074248299,0.22365025715628
1,5,2.0,243.0,253.0,482.0,437.0,0.0001368393374513,0.0038613500095349,0.0269792458232913,0.0798715961335148,0.240154592469003
1,5,3.0,117.0,137.0,462.0,773.0,0.0002159291728789,0.0017485250055685,0.0119429643127754,0.0527744264354276,0.199855715188892
1,5,5.0,360.0,390.0,944.0,1210.0,0.0001753824443708,0.0027725386371198,0.0187061416589314,0.0638315450486502,0.21274906537665
1,6,1.0,227.0,234.0,445.0,490.0,6.84196687256889e-05,0.0036071047414174,0.0249531364531627,0.0737403740236807,0.269280893157463
1,6,8.0,119.0,129.0,448.0,768.0,0.0005758111276773,0.001778414321903,0.011245564936847,0.0511752013919298,0.198562987406299
1,6,9.0,346.0,363.0,893.0,1258.0,0.0003156883998675,0.0026647176901207,0.0174111010825438,0.060383018780132,0.22118869772217
1,7,6.0,237.0,224.0,492.0,475.0,0.0004105180123541,0.0037660080339908,0.0238867631004635,0.0815286831902267,0.261037600509785
1,7,2.0,131.0,145.0,461.0,804.0,0.0001439527819193,0.00195775021991,0.0126403636887039,0.0526601960751777,0.207870627440969
1,7,8.0,368.0,369.0,953.0,1279.0,0.0002806119109933,0.0028341506068336,0.0176988878772966,0.0644401085078005,0.224881036873335
1,8,9.00680272108844,217.164021164021,228.172335600907,466.352229780801,403.304610733182,0.0006162424584545,0.0034508077991454,0.024331689850796,0.0772786243838511,0.221637195495417
1,8,4.0,88.0,132.0,412.0,724.0,0.0002879055638386,0.0013151299187182,0.0115070897028201,0.0470629084229354,0.187186982919479
1,8,13.0068027210884,305.164021164021,360.172335600907,878.352229780801,1127.30461073318,0.0004562329709348,0.0023502195537113,0.0172754736702019,0.0593925634786394,0.198209092833283
1,9,4.0,227.0,234.0,471.0,409.0,0.0002736786749027,0.0036071047414174,0.0249531364531627,0.0780488003711317,0.224767112860005
1,9,4.0,109.0,144.0,423.0,674.0,0.0002879055638386,0.0016289677402304,0.0125531887667129,0.0483194423856837,0.174259705093548
1,9,8.0,336.0,378.0,894.0,1083.0,0.0002806119109933,0.0025877027279785,0.0181305680694258,0.0604506369422598,0.190419204795795
1,10,5.0,224.0,210.0,391.0,361.0,0.0003420983436284,0.0035594337536453,0.0223938404066845,0.0647921039174363,0.198388576387437
1,10,4.0,96.0,119.0,366.0,671.0,0.0002879055638386,0.0014346871840562,0.0103738157169363,0.0418083118514426,0.173484068423993
1,10,9.0,320.0,329.0,757.0,1032.0,0.0003156883998675,0.0024644787885509,0.0157803092456114,0.0511869487307502,0.18145209542868
1,11,6.0,212.0,188.0,391.0,323.0,0.0004105180123541,0.0033687498025572,0.0200478190307461,0.0647921039174363,0.177505568346654
1,11,1.00083822296731,76.0637049455155,140.117351215423,333.279128248114,643.53897736798,7.20367232236701e-05,0.0011367460693454,0.0122147191617987,0.0380705948835358,0.166384143045027
1,11,7.00083822296731,288.063704945515,328.117351215423,724.279128248114,966.53897736798,0.0002455648240377,0.0022185215330925,0.0157379734681771,0.048974423519668,0.169942367012513
1,12,4.0,223.0,198.0,370.0,345.0,0.0002736786749027,0.003543543424388,0.0211141923834454,0.0613122210983412,0.189595730896581
1,12,1.0,93.0,119.0,352.0,579.0,7.19763909596637e-05,0.0013898532095544,0.0103738157169363,0.0402090868079448,0.14969787722428
1,12,5.0,316.0,317.0,722.0,924.0,0.0001753824443708,0.002433672803694,0.0152047356561058,0.0488203130562769,0.16246292265126
1,13,2.0,214.0,177.0,331.0,284.0,0.0001368393374513,0.0034005304610719,0.0188748083427769,0.0548495815771647,0.156073007462693
1,13,2.0,85.0,92.0,343.0,553.0,0.0001439527819193,0.0012702959442164,0.0080200928231776,0.0391810135656962,0.142975692754796
1,13,4.0,299.0,269.0,674.0,837.0,0.0001403059554966,0.0023027473680523,0.0129024412980835,0.0455746412741422,0.147166089025005
1,14,3.0,223.0,190.0,358.0,305.0,0.000205259006177,0.003543543424388,0.020261093701286,0.0593237166302869,0.167613617169441
1,14,4.0,82.0,105.0,343.0,566.0,0.0002879055638386,0.0012254619697146,0.0091533668090614,0.0391810135656962,0.146336784989538
1,14,7.0,305.0,295.0,701.0,871.0,0.0002455354221192,0.0023489563453376,0.0141495174086789,0.047400331651593,0.153144161936415
1,15,7.0,199.0,165.0,289.0,262.0,0.0004789376810798,0.0031621755222117,0.0175951603195378,0.0478898159389746,0.143982844912766
1,15,3.0,87.0,114.0,284.0,523.0,0.0002159291728789,0.0013001852605509,0.009937941106981,0.0324414223109555,0.135219326059237
1,15,10.0,286.0,279.0,573.0,785.0,0.0003507648887417,0.0022026279172674,0.0133820859560048,0.0387452068992336,0.138023153984025
1,16,7.0,206.0,195.0,285.0,231.0,0.0004789376810798,0.0032734078270131,0.0207942803776356,0.0472269811162899,0.126946706774233
1,16,3.0,102.0,106.0,297.0,505.0,0.0002159291728789,0.0015243551330597,0.0092405417310525,0.0339264169942034,0.130565506041902
1,16,10.0,308.0,301.0,582.0,736.0,0.0003507648887417,0.0023720608339803,0.0144373042034317,0.0393537703583839,0.12940769596464
1,17,6.0,183.0,162.0,309.0,251.0,0.0004105180123541,0.0029079302540942,0.017275248313728,0.0512039900523985,0.137937763637802
1,17,1.0,100.0,96.0,263.0,445.0,7.19763909596637e-05,0.0014944658167252,0.0083687925111419,0.0300425847457088,0.115052772650785
1,17,7.0,283.0,258.0,572.0,696.0,0.0002455354221192,0.0021795234286247,0.01237483217437,0.0386775887371058,0.12237466901004
1,18,3.00327153762268,189.206106870229,170.185387131952,301.328244274809,254.276990185387,0.0002054828436974,0.0030065473356684,0.0181481161856321,0.0499327133409515,0.13973864291125
1,18,3.0,87.0,84.0,295.0,432.0,0.0002159291728789,0.0013001852605509,0.0073226934472491,0.0336979562737037,0.111691680416043
1,18,6.00327153762268,276.206106870229,254.185387131952,596.328244274809,686.276990185387,0.000210573687298,0.002127200286406,0.0121918663059503,0.0403226199027648,0.12066511425739
1,19,2.0,241.0,166.0,306.0,267.0,0.0001368393374513,0.0038295693510202,0.0177017976548077,0.0507068639353849,0.146730609128658
1,19,3.0,93.0,108.0,283.0,472.0,0.0002159291728789,0.0013898532095544,0.0094148915750346,0.0323271919507056,0.122033502676788
1,19,5.0,334.0,274.0,589.0,739.0,0.0001753824443708,0.00257229973555,0.0131422636270441,0.0398270974932786,0.129935172986235
1,20,4.0,222.0,195.0,322.0,238.0,0.0002736786749027,0.0035276530951306,0.0207942803776356,0.053358203226124,0.130793576676482
1,20,1.0,94.0,106.0,296.0,433.0,7.19763909596637e-05,0.0014047978677217,0.0092405417310525,0.0338121866339536,0.111950225972562
1,20,5.0,316.0,301.0,618.0,671.0,0.0001753824443708,0.002433672803694,0.0144373042034317,0.041788024194985,0.117979027163415
1,21,1.0,173.0,171.0,279.0,265.0,6.84196687256889e-05,0.0027490269615207,0.0182349843311574,0.0462327288822627,0.145631503442301
1,21,4.0,87.0,108.0,282.0,421.0,0.0002879055638386,0.0013001852605509,0.0094148915750346,0.0322129615904558,0.108847679294338
1,21,5.0,260.0,279.0,561.0,686.0,0.0001753824443708,0.0020023890156976,0.0133820859560048,0.0379337889537,0.12061641227139
1,22,5.0,191.0,198.0,284.0,254.0,0.0003420983436284,0.0030350528881529,0.0211141923834454,0.0470612724106187,0.139586422167338
1,22,2.0,93.0,116.0,289.0,518.0,0.0001439527819193,0.0013898532095544,0.0101122909509631,0.0330125741122047,0.133926598276644
1,22,7.0,284.0,314.0,573.0,772.0,0.0002455354221192,0.0021872249248389,0.0150608422587294,0.0387452068992336,0.13573742022378
1,23,4.0,169.0,159.0,312.0,256.0,0.0002736786749027,0.0026854656444913,0.0169553363079183,0.0517011161694121,0.140685527853695
1,23,3.0,76.0,104.0,297.0,467.0,0.0002159291728789,0.0011357940207111,0.0090661918870704,0.0339264169942034,0.120740774894195
1,23,7.0,245.0,263.0,609.0,723.0,0.0002455354221192,0.0018868665724843,0.0126146545033307,0.0411794607358347,0.127121962204395
1,24,6.0,215.0,182.0,294.0,233.0,0.0004105180123541,0.0034164207903292,0.0194079950191266,0.0487183594673306,0.128045812460589
1,24,1.0,84.0,100.0,264.0,420.0,7.19763909596637e-05,0.0012553512860491,0.0087174921991061,0.0301568151059586,0.10858913373782
1,24,7.0,299.0,282.0,558.0,653.0,0.0002455354221192,0.0023027473680523,0.0135259793533812,0.0377309344673165,0.114814165033845
1,25,5.0,203.0,175.0,270.0,248.0,0.0003420983436284,0.0032257368392411,0.0186615336722371,0.044741350531222,0.136289105108267
1,25,2.0,98.0,114.0,279.0,451.0,0.0001439527819193,0.0014645765003907,0.009937941106981,0.0318702705097063,0.116604045989897
1,25,7.0,301.0,289.0,549.0,699.0,0.0002455354221192,0.0023181503604807,0.0138617306139261,0.0371223710081663,0.122902146031635
1,26,1.0,168.0,183.0,301.0,243.0,6.84196687256889e-05,0.002669575315234,0.0195146323543965,0.0498783204070289,0.133541340892374
1,26,6.0,80.0,85.0,270.0,390.0,0.0004318583457579,0.0011955726533801,0.0074098683692402,0.0308421972674577,0.100832767042261
1,26,7.0,248.0,268.0,571.0,633.0,0.0002455354221192,0.0019099710611269,0.0128544768322913,0.038609970574978,0.111297651556545
1,27,6.0,167.0,168.0,295.0,212.0,0.0004105180123541,0.0026536849859766,0.0179150723253476,0.0488840681730018,0.116505202753841
1,27,3.0,81.0,85.0,275.0,405.0,0.0002159291728789,0.0012105173115474,0.0074098683692402,0.0314133490687069,0.10471095039004
1,27,9.0,248.0,253.0,570.0,617.0,0.0003156883998675,0.0019099710611269,0.0121350098454093,0.0385423524128502,0.108484440774705
1,28,5.0,184.0,172.0,298.0,220.0,0.0003420983436284,0.0029238205833515,0.0183416216664273,0.0493811942900154,0.120901625499269
1,28,1.0,107.0,100.0,287.0,431.0,7.19763909596637e-05,0.0015990784238959,0.0087174921991061,0.032784113391705,0.111433134859524
1,28,6.0,291.0,272.0,585.0,651.0,0.000210458933245,0.0022411353983385,0.0130463346954598,0.0395566248447673,0.114462513686115
1,29,13.0,199.0,174.0,273.0,235.0,0.0008894556934339,0.0031621755222117,0.0185548963369671,0.0452384766482355,0.129144918146946
1,29,7.0,93.0,116.0,265.0,415.0,0.0005038347367176,0.0013898532095544,0.0101122909509631,0.0302710454662085,0.107296405955226
1,29,20.0,292.0,290.0,538.0,650.0,0.0007015297774834,0.0022488368945527,0.0139096950797182,0.0363785712247604,0.11428668801225
1,30,5.0,214.0,179.0,287.0,227.0,0.0003420983436284,0.0034005304610719,0.0190880830133168,0.0475583985276322,0.124748495401519
1,30,3.0,80.0,99.0,264.0,393.0,0.0002159291728789,0.0011955726533801,0.0086303172771151,0.0301568151059586,0.101608403711817
1,30,8.0,294.0,278.0,551.0,620.0,0.0002806119109933,0.0022642398869812,0.0133341214902126,0.0372576073324219,0.1090119177963
1,31,4.0,223.0,176.0,285.0,232.0,0.0002736786749027,0.003543543424388,0.018768171007507,0.0472269811162899,0.127496259617411
1,31,5.0,90.0,103.0,284.0,390.0,0.0003598819547983,0.0013450192350527,0.0089790169650793,0.0324414223109555,0.100832767042261
1,31,9.0,313.0,279.0,569.0,622.0,0.0003156883998675,0.0024105683150514,0.0133820859560048,0.0384747342507224,0.10936356914403
1,32,2.0,238.0,181.0,283.0,241.0,0.0001368393374513,0.0037818983632482,0.0193013576838566,0.0468955637049475,0.132442235206017
1,32,2.0,101.0,108.0,245.0,410.0,0.0001439527819193,0.0015094104748924,0.0094148915750346,0.0279864382612116,0.106003678172633
1,32,4.0,339.0,289.0,528.0,651.0,0.0001403059554966,0.0026108072166211,0.0138617306139261,0.0357023896034823,0.114462513686115
1,33,5.0,211.0,154.0,301.0,212.0,0.0003420983436284,0.0033528594732998,0.0164221496315686,0.0498783204070289,0.116505202753841
1,33,3.0,68.0,87.0,273.0,424.0,0.0002159291728789,0.0010162367553731,0.0075842182132223,0.0311848883482072,0.109623315963894
1,33,8.0,279.0,241.0,574.0,636.0,0.0002806119109933,0.0021487174437678,0.0115594362559038,0.0388128250613615,0.11182512857814
1,34,1.0010649627263,225.239616613419,174.185303514377,290.308839190628,249.26517571885,6.84925331226279e-05,0.0035791316697854,0.0185746566099565,0.0481067019871854,0.136984386021681
1,34,3.0,87.0,83.0,259.0,415.0,0.0002159291728789,0.0013001852605509,0.0072355185252581,0.0295856633047094,0.107296405955226
1,34,4.0010649627263,312.239616613419,257.185303514377,549.308839190628,664.26517571885,0.0001403433106499,0.0024047122252783,0.0123357556926544,0.0371432541466296,0.116794872145819
1,35,6.0,189.0,169.0,276.0,240.0,0.0004105180123541,0.0030032722296382,0.0180217096606175,0.0457356027652491,0.131892682362839
1,35,3.0,98.0,78.0,248.0,415.0,0.0002159291728789,0.0014645765003907,0.0067996439153028,0.0283291293419611,0.107296405955226
1,35,9.0,287.0,247.0,524.0,655.0,0.0003156883998675,0.0022103294134816,0.0118472230506566,0.0354319169549711,0.115165816381575
1,36,5.00562429696288,196.220472440945,175.196850393701,280.314960629921,233.26209223847,0.0003424831561634,0.0031180079141184,0.0186825252736682,0.0464506293062555,0.128189845995416
1,36,0.0,103.0,87.0,268.0,455.0,0.0,0.0015392997912269,0.0075842182132223,0.030613736546958,0.117638228215971
1,36,5.00562429696288,299.220472440945,262.196850393701,548.314960629921,688.26209223847,0.0001755797249607,0.0023044453357215,0.0125761318615134,0.0370760499049763,0.121014146163564
1,37,3.0,187.0,185.0,318.0,231.0,0.000205259006177,0.0029714915711235,0.0197279070249363,0.0526953684034392,0.126946706774233
1,37,2.0,99.0,115.0,260.0,421.0,0.0001439527819193,0.0014795211585579,0.0100251160289721,0.0296998936649592,0.108847679294338
1,37,5.0,286.0,300.0,578.0,652.0,0.0001753824443708,0.0022026279172674,0.0143893397376395,0.0390832977098727,0.11463833935998
1,38,5.011641443539,200.46565774156,154.358556461001,281.654249126892,219.509895227008,0.0003428948473388,0.0031854653063037,0.0164603851371136,0.0466725610696088,0.120632287027816
1,38,2.0,96.0,96.0,251.0,393.0,0.0001439527819193,0.0014346871840562,0.0083687925111419,0.0286718204227106,0.101608403711817
1,38,7.011641443539,296.46565774156,250.358556461001,532.654249126892,612.509895227008,0.0002459437630839,0.0022832291407433,0.0120083144171412,0.0360171013755277,0.107694965077269
1,39,4.0043057050592,229.246501614639,162.174381054898,300.32292787944,234.251883745963,0.0002739732698165,0.0036428023917511,0.0172938438447439,0.0497661236622849,0.128733788732513
1,39,3.0,90.0,99.0,272.0,462.0,0.0002159291728789,0.0013450192350527,0.0086303172771151,0.0310706579879574,0.119448047111601
1,39,7.0043057050592,319.246501614639,261.174381054898,572.32292787944,696.251883745963,0.0002456864511348,0.0024586757235886,0.0125270896658888,0.0386994245268134,0.122418956639409
1,40,3.0,222.0,185.0,330.0,255.0,0.000205259006177,0.0035276530951306,0.0197279070249363,0.0546838728714935,0.140135975010516
1,40,7.0,87.0,86.0,299.0,440.0,0.0005038347367176,0.0013001852605509,0.0074970432912313,0.0341548777147031,0.113760044868192
1,40,10.0,309.0,271.0,629.0,695.0,0.0003507648887417,0.0023797623301945,0.0129983702296677,0.0425318239783909,0.122198843336175
1,41,6.0,201.0,178.0,287.0,217.0,0.0004105180123541,0.0031939561807264,0.0189814456780469,0.0475583985276322,0.119252966969734
1,41,2.0,84.0,95.0,280.0,442.0,0.0001439527819193,0.0012553512860491,0.0082816175891508,0.0319845008699561,0.114277135981229
1,41,8.0,285.0,273.0,567.0,659.0,0.0002806119109933,0.0021949264210532,0.013094299161252,0.0383394979264668,0.115869119077035
1,42,5.0,205.0,169.0,289.0,243.0,0.0003420983436284,0.0032575174977558,0.0180217096606175,0.0478898159389746,0.133541340892374
1,42,1.0,81.0,107.0,264.0,445.0,7.19763909596637e-05,0.0012105173115474,0.0093277166530435,0.0301568151059586,0.115052772650785
1,42,6.0,286.0,276.0,553.0,688.0,0.000210458933245,0.0022026279172674,0.0132381925586284,0.0373928436566775,0.12096806361912
1,43,4.0,198.0,187.0,304.0,269.0,0.0002736786749027,0.0031462851929543,0.0199411816954762,0.0503754465240425,0.147829714815015
1,43,3.0,85.0,101.0,296.0,435.0,0.0002159291728789,0.0012702959442164,0.0088046671210972,0.0338121866339536,0.112467317085599
1,43,7.0,283.0,288.0,600.0,704.0,0.0002455354221192,0.0021795234286247,0.013813766148134,0.0405708972766844,0.12378127440096
1,44,3.0,244.0,182.0,291.0,253.0,0.000205259006177,0.0038772403387922,0.0194079950191266,0.048221233350317,0.139036869324159
1,44,0.0,91.0,112.0,272.0,435.0,0.0,0.0013599638932199,0.0097635912629989,0.0310706579879574,0.112467317085599
1,44,3.0,335.0,294.0,563.0,688.0,0.0001052294666225,0.0025800012317642,0.0141015529428867,0.0380690252779556,0.12096806361912
1,45,7.0,236.0,158.0,347.0,277.0,0.0004789376810798,0.0037501177047335,0.0168486989726483,0.0575009208679038,0.152226137560443
1,45,3.0,83.0,105.0,294.0,460.0,0.0002159291728789,0.0012404066278819,0.0091533668090614,0.0335837259134539,0.118930955998564
1,45,10.0,319.0,263.0,641.0,737.0,0.0003507648887417,0.0024567772923367,0.0126146545033307,0.0433432419239245,0.129583521638505
1,46,6.0,215.0,163.0,350.0,247.0,0.0004105180123541,0.0034164207903292,0.017381885648998,0.0579980469849174,0.135739552265088
1,46,3.0,89.0,120.0,249.0,412.0,0.0002159291728789,0.0013300745768854,0.0104609906389274,0.028443359702211,0.106520769285671
1,46,9.0,304.0,283.0,599.0,659.0,0.0003156883998675,0.0023412548491234,0.0135739438191733,0.0405032791145566,0.115869119077035
1,47,4.0,188.0,200.0,303.0,257.0,0.0002736786749027,0.0029873819003809,0.0213274670539852,0.0502097378183713,0.141235080696873
1,47,2.0,98.0,114.0,295.0,451.0,0.0001439527819193,0.0014645765003907,0.009937941106981,0.0336979562737037,0.116604045989897
1,47,6.0,286.0,314.0,598.0,708.0,0.000210458933245,0.0022026279172674,0.0150608422587294,0.0404356609524288,0.12448457709642
1,48,2.00385356454721,185.356454720617,197.3795761079,343.660886319846,311.599229287091,0.0001371029970611,0.0029453750954848,0.021048032032854,0.0569476006618765,0.171240242386949
1,48,2.0,89.0,117.0,273.0,519.0,0.0001439527819193,0.0013300745768854,0.0101994658729542,0.0311848883482072,0.134185143833163
1,48,4.00385356454721,274.356454720617,314.3795761079,616.660886319846,830.599229287091,0.0001404411250106,0.0021129551973781,0.0150790484239723,0.0416974757890528,0.146040669201152
1,49,6.0,194.0,195.0,358.0,302.0,0.0004105180123541,0.003082723875925,0.0207942803776356,0.0593237166302869,0.165964958639906
1,49,5.0,102.0,103.0,314.0,509.0,0.0003598819547983,0.0015243551330597,0.0089790169650793,0.0358683331184508,0.131599688267976
1,49,11.0,296.0,298.0,672.0,811.0,0.0003858413776158,0.0022796428794096,0.0142934108060553,0.0454394049498866,0.142594621504515
1,50,5.0,193.0,176.0,334.0,303.0,0.0003420983436284,0.0030668335466676,0.018768171007507,0.0553467076941783,0.166514511483084
1,50,4.0,84.0,104.0,292.0,507.0,0.0002879055638386,0.0012553512860491,0.0090661918870704,0.0333552651929542,0.131082597154939
1,50,9.0,277.0,280.0,626.0,810.0,0.0003156883998675,0.0021333144513394,0.0134300504217969,0.0423289694920074,0.14241879583065
1,51,2.0,208.0,193.0,360.0,297.0,0.0001368393374513,0.0033051884855278,0.0205810057070957,0.0596551340416293,0.163217194424013
1,51,4.0,98.0,111.0,326.0,532.0,0.0002879055638386,0.0014645765003907,0.0096764163410078,0.0372390974414489,0.137546236067905
1,51,6.0,306.0,304.0,686.0,829.0,0.000210458933245,0.0023566578415518,0.0145811976008081,0.0463860592196759,0.145759483634085
1,52,3.00287081339713,206.197129186603,214.204784688995,324.31004784689,298.285167464115,0.0002054554262786,0.0032765402746945,0.0228422274413027,0.0537409982648706,0.163923461857878
1,52,6.0,97.0,104.0,326.0,523.0,0.0004318583457579,0.0014496318422234,0.0090661918870704,0.0372390974414489,0.135219326059237
1,52,9.00287081339713,303.197129186603,318.204784688995,650.31004784689,821.285167464115,0.0003157890979217,0.0023350715425935,0.015262522510108,0.0439727702486532,0.144403018004707
1,53,1.0,232.0,218.0,378.0,359.0,6.84196687256889e-05,0.0036865563877041,0.0232469390888439,0.0626378907437108,0.19728947070108
1,53,2.0,118.0,116.0,348.0,559.0,0.0001439527819193,0.0017634696637357,0.0101122909509631,0.0397521653669454,0.144526966093907
1,53,3.0,350.0,334.0,726.0,918.0,0.0001052294666225,0.0026955236749776,0.016020131574572,0.0490907857047882,0.16140796860807
2,1,3.0,227.0,188.0,374.0,353.0,0.0002090917649587,0.0036290142627693,0.0194892860334061,0.0615526507341456,0.184725159596475
2,1,8.0,93.0,123.0,334.0,618.0,0.0005861214847709,0.0013979299061073,0.0104766564540765,0.0381290720887072,0.154097839430732
2,1,11.0,320.0,311.0,708.0,971.0,0.0003929018371151,0.0024791141986862,0.0145417393795173,0.0477223396873269,0.163981874317819
2,2,4.0,231.0,189.0,414.0,316.0,0.000278789019945,0.0036929616506595,0.0195929524484774,0.0681358219356585,0.165363032386646
2,2,5.0,109.0,109.0,364.0,591.0,0.0003663259279818,0.0016384339759753,0.0092841914918238,0.0415538390427827,0.14736540955269
2,2,9.0,340.0,298.0,778.0,907.0,0.0003214651394578,0.0026340588361041,0.0139338853218526,0.0524406501083903,0.153173594239198
2,3,8.0,250.0,236.0,394.0,367.0,0.00055757803989,0.003996711743138,0.0244652739568289,0.064844236334902,0.192051369892086
2,3,5.0,114.0,133.0,341.0,608.0,0.0003663259279818,0.001713591497809,0.0113284171413997,0.0389281843779915,0.151604346883309
2,3,13.0,364.0,369.0,735.0,975.0,0.0004643385347724,0.0028199924010056,0.0172537036367906,0.0495422594211656,0.164657391822732
2,4,7.0,260.0,236.0,374.0,324.0,0.0004878807849037,0.0041565802128635,0.0244652739568289,0.0615526507341456,0.169549438269853
2,4,5.0,109.0,120.0,345.0,552.0,0.0003663259279818,0.0016384339759753,0.0102211282478795,0.0393848199718682,0.137640788617741
2,4,12.0,369.0,356.0,719.0,876.0,0.0004286201859438,0.0028587285603601,0.0166458495791259,0.0484637884677797,0.147938333576117
2,5,5.0,201.0,207.0,361.0,328.0,0.0003484862749312,0.003213356241483,0.021458947919761,0.0594131200936539,0.171642641211456
2,5,2.0,111.0,115.0,343.0,598.0,0.0001465303711927,0.0016684969847087,0.0097952479042178,0.0391565021749298,0.149110854335886
2,5,7.0,312.0,322.0,704.0,926.0,0.0002500284418005,0.0024171363437191,0.0150560774283105,0.0474527219489804,0.156382302387539
2,6,4.0,207.0,216.0,388.0,341.0,0.000278789019945,0.0033092773233183,0.0223919456554028,0.0638567606546751,0.178445550771666
2,6,2.0,105.0,130.0,350.0,608.0,0.0001465303711927,0.0015783079585083,0.0110728889352028,0.0399556144642141,0.151604346883309
2,6,6.0,312.0,346.0,738.0,949.0,0.0002143100929719,0.0024171363437191,0.0161782695347684,0.0497444727249255,0.160266528040793
2,7,3.0,246.0,197.0,370.0,357.0,0.0002090917649587,0.0039327643552478,0.0204222837690479,0.0608943336139943,0.186818362538078
2,7,7.0,106.0,115.0,332.0,612.0,0.0005128562991745,0.001593339462875,0.0097952479042178,0.0379007542917688,0.152601743902278
2,7,10.0,352.0,312.0,702.0,969.0,0.0003571834882865,0.0027270256185549,0.014588497383953,0.0473179130798072,0.163644115565362
2,8,6.0,213.0,224.0,371.0,346.0,0.0004181835299175,0.0034051984051536,0.0232212769759732,0.0610589128940321,0.18106205444867
2,8,3.0,93.0,135.0,346.0,559.0,0.0002197955567891,0.0013979299061073,0.0114987692788644,0.0394989788703374,0.139386233400937
2,8,9.0,306.0,359.0,717.0,905.0,0.0003214651394578,0.0023706529524937,0.0167861235924331,0.0483289795986065,0.152835835486741
2,9,5.0,246.0,221.0,402.0,372.0,0.0003484862749312,0.0039327643552478,0.0229102777307593,0.0661608705752046,0.19466787356909
2,9,4.0,95.0,103.0,375.0,568.0,0.0002930607423854,0.0014279929148408,0.0087731350794298,0.0428095869259437,0.141630376693617
2,9,9.0,341.0,324.0,777.0,940.0,0.0003214651394578,0.002641806067975,0.015149593437182,0.0523732456738037,0.158746613654737
2,10,3.00256629597947,232.198460222412,209.17878528657,372.318220701454,353.301967493584,0.000209270628744,0.0037121212508379,0.0216848147796298,0.0612758647080084,0.184883179407935
2,10,2.0,105.0,119.0,372.0,612.0,0.0001465303711927,0.0015783079585083,0.0101359521791471,0.0424671102305362,0.152601743902278
2,10,5.00256629597947,337.198460222412,328.17878528657,744.318220701454,965.301967493584,0.0001786834079982,0.0026123546578516,0.0153449850981475,0.0501703488189005,0.163019594142406
2,11,9.0,230.0,230.0,380.0,345.0,0.0006272752948762,0.003676974803687,0.0238432754664011,0.0625401264143725,0.180538753713269
2,11,1.0,100.0,122.0,304.0,567.0,7.32651855963688e-05,0.0015031504366745,0.0103914803853441,0.0347043051346317,0.141381027438875
2,11,10.0,330.0,352.0,684.0,912.0,0.0003571834882865,0.0025565865173952,0.0164588175613829,0.046104633257248,0.154017991120341
2,12,6.0,221.0,189.0,395.0,304.0,0.0004181835299175,0.003533093180934,0.0195929524484774,0.0650088156149398,0.159083423561837
2,12,0.0,95.0,118.0,337.0,606.0,0.0,0.0014279929148408,0.0100507761104148,0.0384715487841147,0.151105648373824
2,12,6.0,316.0,307.0,732.0,910.0,0.0002143100929719,0.0024481252712027,0.0143547073617743,0.0493400461174058,0.153680232367884
2,13,3.0,220.0,197.0,364.0,323.0,0.0002090917649587,0.0035171063339615,0.0204222837690479,0.0599068579337674,0.169026137534452
2,13,3.0,93.0,112.0,326.0,573.0,0.0002197955567891,0.0013979299061073,0.0095397196980208,0.0372158009009537,0.142877122967329
2,13,6.0,313.0,309.0,690.0,896.0,0.0002143100929719,0.00242488357559,0.0144482233706458,0.0465090598647677,0.151315921100685
2,14,5.0,220.0,197.0,361.0,337.0,0.0003484862749312,0.0035171063339615,0.0204222837690479,0.0594131200936539,0.176352347830063
2,14,1.0,91.0,119.0,309.0,585.0,7.32651855963688e-05,0.0013678668973738,0.0101359521791471,0.0352750996269776,0.145869314024236
2,14,6.0,311.0,316.0,670.0,922.0,0.0002143100929719,0.0024093891118482,0.014775529401696,0.0451609711730353,0.155706784882625
2,15,3.0,229.0,198.0,358.0,332.0,0.0002090917649587,0.0036609879567144,0.0205259501841192,0.0589193822535404,0.173735844153059
2,15,4.00382775119617,92.088038277512,124.118660287081,301.288038277512,524.501435406699,0.0002933411832872,0.0013842217494934,0.010571939539577,0.0343947105717019,0.130784042029919
2,15,7.00382775119617,321.088038277512,322.118660287081,659.288038277512,856.501435406699,0.000250165162753,0.0024875434835065,0.0150616257465402,0.0444389374498175,0.14464542815025
2,16,7.0,185.0,206.0,323.0,289.0,0.0004878807849037,0.0029575666899221,0.0213552815046897,0.0531591074522166,0.151233912530825
2,16,0.0,99.0,116.0,262.0,502.0,0.0,0.0014881189323078,0.0098804239729501,0.029909631398926,0.125173325880627
2,16,7.0,284.0,322.0,585.0,791.0,0.0002500284418005,0.002200213851334,0.0150560774283105,0.0394315942331726,0.133583586596699
2,17,3.0,184.0,205.0,330.0,296.0,0.0002090917649587,0.0029415798429496,0.0212516150896184,0.0543111624124814,0.154897017678631
2,17,4.0,98.0,102.0,298.0,505.0,0.0002930607423854,0.001473087427941,0.0086879590106975,0.0340193517438166,0.125921373644854
2,17,7.0,282.0,307.0,628.0,801.0,0.0002500284418005,0.0021847193875922,0.0143547073617743,0.0423299849203973,0.135272380358983
2,18,2.0,207.0,201.0,314.0,264.0,0.0001393945099725,0.0033092773233183,0.0208369494293331,0.0516778939318762,0.138151394145806
2,18,2.0020725388601,100.103626943005,103.106735751295,310.321243523316,450.466321243523,0.0001466822161369,0.0015047081055208,0.0087822264111184,0.0354259313322089,0.112323441488571
2,18,4.0020725388601,307.103626943005,304.106735751295,624.321243523316,714.466321243523,0.0001429474229805,0.0023792030063201,0.0142194240991995,0.0420820204201045,0.120658626667837
2,19,1.0,175.0,172.0,296.0,261.0,6.96972549862529e-05,0.0027976982201966,0.0178306233922652,0.0487154668911954,0.136581491939603
2,19,0.0,92.0,109.0,265.0,478.0,0.0,0.0013828984017406,0.0092841914918238,0.0302521080943336,0.119188943766812
2,19,1.0,267.0,281.0,561.0,739.0,3.57183488286502e-05,0.0020685109095288,0.0131389992464449,0.0378138878030938,0.12480185903282
2,20,3.0,208.0,196.0,344.0,311.0,0.0002090917649587,0.0033252641702908,0.0203186173539766,0.0566152723330109,0.162746528709642
2,20,4.0,93.0,124.0,293.0,469.0,0.0002930607423854,0.0013979299061073,0.0105618325228088,0.0334485572514707,0.116944800474131
2,20,7.0,301.0,320.0,637.0,780.0,0.0002500284418005,0.0023319167931392,0.014962561419439,0.0429366248316769,0.131725913458186
2,21,9.0,234.0,194.0,312.0,260.0,0.0006272752948762,0.0037409221915772,0.020111284523834,0.0513487353718006,0.136058191204203
2,21,5.0,87.0,102.0,279.0,489.0,0.0003663259279818,0.0013077408799068,0.0086879590106975,0.0318503326729021,0.121931785568977
2,21,14.0,321.0,296.0,591.0,749.0,0.0005000568836011,0.0024868614305571,0.0138403693129811,0.0398360208406924,0.126490652795104
2,22,3.0,223.0,189.0,320.0,263.0,0.0002090917649587,0.0035650668748791,0.0195929524484774,0.0526653696121032,0.137628093410405
2,22,2.0,97.0,111.0,278.0,497.0,0.0001465303711927,0.0014580559235743,0.0094545436292885,0.0317361737744329,0.123926579606915
2,22,5.0,320.0,300.0,598.0,760.0,0.0001785917441432,0.0024791141986862,0.0140274013307241,0.0403078518827987,0.128348325933617
2,23,4.0,194.0,181.0,318.0,268.0,0.000278789019945,0.0031014483126751,0.0187636211279069,0.0523362110520275,0.140244597087409
2,23,3.0,99.0,75.0,265.0,499.0,0.0002197955567891,0.0014881189323078,0.0063882051549246,0.0302521080943336,0.1244252781164
2,23,7.0,293.0,256.0,583.0,767.0,0.0002500284418005,0.0022699389381721,0.0119700491355512,0.0392967853639994,0.129530481567216
2,24,8.00855614973262,212.226737967914,157.167914438503,295.31550802139,263.28128342246,0.0005581743800396,0.003392836383377,0.0162930342540738,0.0486028136941642,0.137775289232234
2,24,4.0,91.0,112.0,250.0,406.0,0.0002930607423854,0.0013678668973738,0.0095397196980208,0.0285397246172958,0.101235797425367
2,24,12.0085561497326,303.226737967914,269.167914438503,545.31550802139,669.28128342246,0.0004289257974845,0.0023491678484924,0.0125857545372763,0.0367566834894972,0.113027805665757
2,25,4.0,174.0,172.0,296.0,292.0,0.000278789019945,0.0027817113732241,0.0178306233922652,0.0487154668911954,0.152803814737028
2,25,3.0,87.0,115.0,290.0,483.0,0.0002197955567891,0.0013077408799068,0.0097952479042178,0.0331060805560631,0.120435690040523
2,25,7.0,261.0,287.0,586.0,775.0,0.0002500284418005,0.0020220275183035,0.0134195472730593,0.0394989986677593,0.130881516577044
2,26,7.0,189.0,199.0,286.0,229.0,0.0004878807849037,0.0030215140778123,0.0206296165991905,0.0470696740908172,0.119835868406779
2,26,1.0,94.0,105.0,301.0,482.0,7.32651855963688e-05,0.0014129614104741,0.0089434872168945,0.0343618284392241,0.120186340785781
2,26,8.0,283.0,304.0,587.0,711.0,0.0002857467906292,0.0021924666194631,0.014214433348467,0.0395664031023459,0.120073236498423
2,27,6.00634920634921,181.191534391534,178.18835978836,289.30582010582,291.307936507936,0.0004186260521713,0.0028966813330394,0.0184721484666959,0.0476137435837676,0.152441657402687
2,27,3.0,89.0,116.0,280.0,479.0,0.0002197955567891,0.0013378038886403,0.0098804239729501,0.0319644915713713,0.119438293021554
2,27,9.00634920634921,270.191534391534,294.18835978836,569.30582010582,770.307936507936,0.000321691922625,0.002093236466484,0.0137556606319292,0.0383737369111047,0.13008912382128
2,28,1.0,198.0,188.0,298.0,286.0,6.96972549862529e-05,0.0031653957005653,0.0194892860334061,0.0490446254512711,0.149664010324623
2,28,3.0,97.0,94.0,287.0,482.0,0.0002197955567891,0.0014580559235743,0.0080065504608389,0.0327636038606556,0.120186340785781
2,28,4.0,295.0,282.0,585.0,768.0,0.0001428733953146,0.0022854334019139,0.0131857572508806,0.0394315942331726,0.129699360943445
2,29,4.00395647873393,242.239366963403,193.190900098912,289.285855588526,283.279920870425,0.0002790647756521,0.0038726436903718,0.0200274080376536,0.0476104578378851,0.148240590915768
2,29,2.0,76.0,102.0,269.0,497.0,0.0001465303711927,0.0011423943318726,0.0086879590106975,0.0307087436882103,0.123926579606915
2,29,6.00395647873393,318.239366963403,295.190900098912,558.285855588526,780.279920870425,0.0002144514118594,0.0024654741663122,0.013802537416217,0.0376309424336519,0.131773186320177
2,30,5.0,201.0,178.0,288.0,287.0,0.0003484862749312,0.003213356241483,0.018452621882693,0.0473988326508929,0.150187311060024
2,30,6.0,79.0,113.0,322.0,575.0,0.0004395911135782,0.0011874888449729,0.0096248957667531,0.036759165307077,0.143375821476813
2,30,11.0,280.0,291.0,610.0,862.0,0.0003929018371151,0.0021692249238504,0.0136065792908023,0.0411167050978381,0.145574022308918
2,31,10.0,169.0,185.0,306.0,273.0,0.0006969725498625,0.0027017771383613,0.0191782867881922,0.0503612596915737,0.142861100764413
2,31,5.0,85.0,98.0,274.0,459.0,0.0003663259279818,0.0012776778711734,0.0083472547357682,0.0312795381805562,0.114451307926708
2,31,15.0,254.0,283.0,580.0,732.0,0.0005357752324297,0.0019677968952072,0.0132325152553164,0.0390945720602395,0.123619703399221
2,32,6.0,204.0,183.0,317.0,293.0,0.0004181835299175,0.0032613167824006,0.0189709539580496,0.0521716317719897,0.153327115472428
2,32,0.0,104.19152854512,132.243093922652,312.574585635359,538.990791896869,0.0,0.0015661554163038,0.0112639468573316,0.035683170385594,0.134396952272438
2,32,6.0,308.19152854512,315.243093922652,629.574585635359,831.990791896869,0.0002143100929719,0.0023876312322844,0.0147401379839739,0.0424361189748569,0.140506085963352
2,33,3.0,201.0,177.0,323.0,241.0,0.0002090917649587,0.003213356241483,0.0183489554676217,0.0531591074522166,0.126115477231588
2,33,1.0,91.0,103.0,261.0,478.0,7.32651855963688e-05,0.0013678668973738,0.0087731350794298,0.0297954725004568,0.119188943766812
2,33,4.0,292.0,280.0,584.0,719.0,0.0001428733953146,0.0022621917063012,0.0130922412420091,0.039364189798586,0.121424271508251
2,34,6.0,207.0,179.0,314.0,254.0,0.0004181835299175,0.0033092773233183,0.0185562882977643,0.0516778939318762,0.132918386791798
2,34,4.0,81.0,108.0,293.0,468.0,0.0002930607423854,0.0012175518537064,0.0091990154230915,0.0334485572514707,0.116695451219389
2,34,10.0,288.0,287.0,607.0,722.0,0.0003571834882865,0.0022312027788176,0.0134195472730593,0.0409144917940783,0.121930909636936
2,35,7.0,206.0,187.0,324.0,241.0,0.0004878807849037,0.0032932904763457,0.0193856196183348,0.0533236867322545,0.126115477231588
2,35,2.0,77.0,105.0,294.0,430.0,0.0001465303711927,0.0011574258362394,0.0089434872168945,0.0335627161499399,0.107220179539182
2,35,9.0,283.0,292.0,618.0,671.0,0.0003214651394578,0.0021924666194631,0.0136533372952381,0.0416559405745311,0.113318061449286
2,36,2.0,183.0,171.0,307.0,265.0,0.0001393945099725,0.002925592995977,0.0177269569771939,0.0505258389716115,0.138674694881207
2,36,2.0,92.0,105.0,286.0,451.0,0.0001465303711927,0.0013828984017406,0.0089434872168945,0.0326494449621864,0.11245651388877
2,36,4.0,275.0,276.0,593.0,716.0,0.0001428733953146,0.002130488764496,0.0129052092242661,0.0399708297098656,0.120917633379566
2,37,3.0,194.0,159.0,277.0,258.0,0.0002090917649587,0.0031014483126751,0.0164829599963381,0.0455884605704768,0.135011589733401
2,37,3.0,77.0,85.0,243.0,408.0,0.0002197955567891,0.0011574258362394,0.0072399658422479,0.0277406123280115,0.101734495934852
2,37,6.0,271.0,244.0,520.0,666.0,0.0002143100929719,0.0020994998370124,0.0114089530823222,0.0350503059850423,0.112473664568143
2,38,4.00429645542428,202.216970998926,174.186895810956,287.308270676692,264.283566058002,0.0002790884710942,0.0032328117706128,0.0180573310411214,0.0472849883368817,0.138299784472493
2,38,4.0,92.0,104.0,275.0,428.0,0.0002930607423854,0.0013828984017406,0.0088583111481622,0.0313936970790254,0.106721481029698
2,38,8.00429645542428,294.216970998926,278.186895810956,562.308270676692,692.283566058002,0.0002859002529227,0.0022793670946809,0.0130074641082953,0.0379020710483424,0.116912416809078
2,39,4.0,215.0,200.0,309.0,274.0,0.000278789019945,0.0034371720990987,0.0207332830142618,0.0508549975316871,0.143384401499814
2,39,1.0,70.0,103.0,263.0,413.0,7.32651855963688e-05,0.0010522053056722,0.0087731350794298,0.0300237902973952,0.102981242208563
2,39,5.0,285.0,303.0,572.0,687.0,0.0001785917441432,0.0022079610832049,0.0141676753440313,0.0385553365835466,0.116020131468941
2,40,4.00428265524625,197.210920770878,183.195931477516,288.30835117773,262.28051391863,0.0002790875092597,0.0031527808116801,0.0189912654719233,0.0474495808657225,0.137251585814913
2,40,3.0,96.0,100.0,268.0,454.0,0.0002197955567891,0.0014430244192076,0.0085176068732328,0.0305945847897411,0.113204561652997
2,40,7.00428265524625,293.210920770878,283.195931477516,556.30835117773,716.28051391863,0.0002501814111745,0.0022715729902905,0.0132416766202112,0.0374976498669497,0.120965006395167
2,41,2.0,200.0,169.0,323.0,270.0,0.0001393945099725,0.0031973693945104,0.0175196241470512,0.0531591074522166,0.14129119855821
2,41,4.0,97.0,96.0,254.0,464.0,0.0002930607423854,0.0014580559235743,0.0081769025983035,0.0289963602111725,0.11569805420042
2,41,6.0,297.0,265.0,577.0,734.0,0.0002143100929719,0.0023009278656557,0.0123908711754729,0.0388923587564797,0.123957462151678
2,42,4.0,183.0,188.0,344.0,278.0,0.000278789019945,0.002925592995977,0.0194892860334061,0.0566152723330109,0.145477604441417
2,42,3.0,95.0,107.0,325.0,499.0,0.0002197955567891,0.0014279929148408,0.0091138393543592,0.0371016420024845,0.1244252781164
2,42,7.0,278.0,295.0,669.0,777.0,0.0002500284418005,0.0021537304601087,0.0137936113085453,0.0450935667384487,0.131219275329501
2,43,1.0,211.0,170.0,317.0,276.0,6.96972549862529e-05,0.0033732247112085,0.0176232905621225,0.0521716317719897,0.144431002970615
2,43,7.0,86.0,108.0,277.0,518.0,0.0005128562991745,0.0012927093755401,0.0091990154230915,0.0316220148759637,0.129162913956503
2,43,8.0,297.0,278.0,594.0,794.0,0.0002857467906292,0.0023009278656557,0.0129987252331376,0.0400382341444522,0.134090224725384
2,44,4.0,207.0,152.0,325.0,271.0,0.000278789019945,0.0033092773233183,0.015757295090839,0.0534882660122923,0.141814499293611
2,44,5.0,96.0,110.0,300.0,469.0,0.0003663259279818,0.0014430244192076,0.0093693675605561,0.034247669540755,0.116944800474131
2,44,9.0,303.0,262.0,625.0,740.0,0.0003214651394578,0.002347411256881,0.0122505971621657,0.0421277716166374,0.124970738409048
2,45,4.0,204.0,210.0,306.0,320.0,0.000278789019945,0.0032613167824006,0.0217699471649749,0.0503612596915737,0.167456235328249
2,45,8.0,100.0,103.0,283.0,502.0,0.0005861214847709,0.0015031504366745,0.0087731350794298,0.0323069682667789,0.125173325880627
2,45,12.0,304.0,313.0,589.0,822.0,0.0004286201859438,0.0023551584887519,0.0146352553883888,0.0397012119715191,0.138818847259781
2,46,7.0,216.0,177.0,335.0,327.0,0.0004878807849037,0.0034531589460712,0.0183489554676217,0.0551340588126705,0.171119340476055
2,46,6.0,110.0,114.0,286.0,549.0,0.0004395911135782,0.001653465480342,0.0097100718354855,0.0326494449621864,0.136892740853514
2,46,13.0,326.0,291.0,621.0,876.0,0.0004643385347724,0.0025255975899116,0.0136065792908023,0.041858153878291,0.147938333576117
2,47,5.0,225.0,195.0,376.0,337.0,0.0003484862749312,0.0035970405688242,0.0202149509389053,0.0618818092942212,0.176352347830063
2,47,4.0,88.0,123.0,286.0,558.0,0.0002930607423854,0.0013227723842736,0.0104766564540765,0.0326494449621864,0.139136884146195
2,47,9.0,313.0,318.0,662.0,895.0,0.0003214651394578,0.00242488357559,0.0148690454105675,0.0446217356963424,0.151147041724457
2,48,7.00559552358114,225.179856115108,212.169464428457,410.327737809752,397.317346123102,0.0004882707775375,0.0035999159010135,0.0219948477648978,0.0675314436682774,0.207916459413705
2,48,5.0,103.0,115.0,341.0,572.0,0.0003663259279818,0.0015482449497748,0.0097952479042178,0.0389281843779915,0.142627773712587
2,48,12.0055955235811,328.179856115108,327.169464428457,751.327737809752,969.317346123102,0.0004288200488069,0.0025424854406805,0.0152977912689867,0.0506428213563105,0.16369770878068
2,49,2.0,221.0,206.0,394.0,358.0,0.0001393945099725,0.003533093180934,0.0213552815046897,0.064844236334902,0.187341663273479
2,49,2.0,118.0,136.0,313.0,613.0,0.0001465303711927,0.001773717515276,0.0115839453475967,0.0357317352208543,0.15285109315702
2,49,4.0,339.0,342.0,707.0,971.0,0.0001428733953146,0.0026263116042332,0.0159912375170254,0.0476549352527403,0.163981874317819
2,50,2.00155520995334,241.187402799378,242.188180404355,400.311041990669,401.311819595645,0.0001395029038371,0.0038558261002609,0.0251067804351629,0.0658829030820147,0.210006770319426
2,50,4.0,106.0,109.0,356.0,664.0,0.0002930607423854,0.001593339462875,0.0092841914918238,0.0406405678550292,0.165567905148877
2,50,6.00155520995334,347.187402799378,351.188180404355,756.311041990669,1065.31181959564,0.0002143656425035,0.0026897413121404,0.0164208584971287,0.0509787181569984,0.179909195582101
2,51,10.0,254.0,228.0,438.0,449.0,0.0006969725498625,0.0040606591310282,0.0236359426362585,0.0720857246565662,0.23496203019495
2,51,3.0,104.0,146.0,426.0,751.0,0.0002197955567891,0.0015632764541415,0.01243570603492,0.0486316907478721,0.187261290311455
2,51,13.0,358.0,374.0,864.0,1200.0,0.0004643385347724,0.0027735090097802,0.0174874936589693,0.0582374314828396,0.202655251474132
2,52,2.0,253.0,256.0,520.0,524.0,0.0001393945099725,0.0040446722840557,0.0265386022582551,0.0855812256196676,0.274209585350009
2,52,6.0,134.0,151.0,476.0,878.0,0.0004395911135782,0.0020142215851439,0.0128615863785817,0.0543396356713312,0.218928645663726
2,52,8.0,387.0,407.0,996.0,1402.0,0.0002857467906292,0.0029981787340362,0.019030507805349,0.0671348168482734,0.236768885472278
3,1,3.0,284.0,257.0,518.0,551.0,0.0002120391017693,0.0045668188911392,0.025872602914567,0.0850421479873726,0.275402834240272
3,1,3.0,141.0,159.0,479.0,971.0,0.0002226470865234,0.0021322707995108,0.013214050763358,0.0548003472231686,0.234060225487992
3,1,6.0,425.0,416.0,997.0,1522.0,0.0002172136566998,0.0033121771381473,0.0189384163986786,0.0672198976499957,0.247511446444872
3,2,6.0,249.0,239.0,454.0,450.0,0.0004240782035386,0.0040040067038509,0.0240605139944806,0.0745350100120988,0.224920645023815
3,2,4.0,97.0,138.0,439.0,891.0,0.0002968627820312,0.0014668813301599,0.0114687987757447,0.0502241178099603,0.214776169835016
3,2,10.0,346.0,377.0,893.0,1341.0,0.0003620227611663,0.0026965018583505,0.0171629398613024,0.0602079925791837,0.218076773773044
3,3,6.0,267.0,226.0,463.0,479.0,0.0004240782035386,0.0042934529715992,0.0227517831077515,0.0760125762898717,0.239415531036461
3,3,4.0,104.0,127.0,415.0,789.0,0.0002968627820312,0.0015727387457384,0.0105546191631853,0.0474783801620354,0.190188998877472
3,3,10.0,371.0,353.0,878.0,1268.0,0.0003620227611663,0.0028913358076533,0.0160703389152248,0.0591966601170473,0.206205331203743
3,4,5.0033692722372,234.157681940701,252.169811320755,490.330188679245,503.338948787062,0.0003536366421018,0.00376533706124,0.025386340059701,0.0804994835296076,0.251580713392878
3,4,3.0,106.0,137.0,412.0,852.0,0.0002226470865234,0.001602983721618,0.0113856915382393,0.0471351629560448,0.205375192704191
3,4,8.0033692722372,340.157681940701,389.169811320755,902.330188679245,1355.33894878706,0.0002897401842569,0.0026509705823274,0.0177169710014126,0.0608370540917955,0.22040860948578
3,5,2.00151400454201,245.185465556397,213.161241483724,415.314155942468,446.337623012869,0.0001414664105672,0.0039426676617454,0.0214592846602511,0.068183799055811,0.223090102369891
3,5,2.0,102.0,136.0,385.0,789.0,0.0001484313910156,0.0015424937698588,0.0113025843007339,0.0440462081021292,0.190188998877472
3,5,4.00151400454201,347.185465556397,349.161241483724,800.314155942468,1235.33762301287,0.000144863914877,0.0027057406157951,0.0158955792824479,0.0539589123874578,0.200893693771147
3,6,10.0,243.0,194.0,397.0,363.0,0.0007067970058977,0.0039075246146015,0.0195302916942646,0.0651770902528705,0.181435986985878
3,6,3.0,109.0,133.0,351.0,650.0,0.0002226470865234,0.0016483511854374,0.0110532625882177,0.0401564131009022,0.156682952180427
3,6,13.0,352.0,327.0,748.0,1013.0,0.0004706295895162,0.0027432620061832,0.0148866878903074,0.0504317787785324,0.164736593461666
3,7,4.00337268128162,200.168634064081,216.182124789207,392.330522765599,374.315345699831,0.0002829571824622,0.0032187813361175,0.0217634018361811,0.0644104833532728,0.187091664438041
3,7,0.0,107.0,117.0,355.0,603.0,0.0,0.0016181062095578,0.0097235467881313,0.040614036042223,0.145353569484304
3,7,4.00337268128162,307.168634064081,333.182124789207,747.330522765599,977.315345699831,0.0001449312032055,0.0023938751230658,0.0151681293650348,0.050386641174545,0.15893346573386
3,8,3.0,199.0,173.0,380.0,342.0,0.0002120391017693,0.0031999892934391,0.0174161879541638,0.0623861317281884,0.1709396902181
3,8,3.0,96.0,115.0,340.0,586.0,0.0002226470865234,0.0014517588422201,0.0095573323131205,0.03889795001227,0.141255707658047
3,8,6.0,295.0,288.0,720.0,928.0,0.0002172136566998,0.0022990406017728,0.0131112113529313,0.0485439581825445,0.150913680880973
3,9,4.0037558685446,202.189671361502,190.178403755869,336.315492957746,333.312676056338,0.0002829842660232,0.0032512803196019,0.0191455654603182,0.05521427012077,0.166597560207123
3,9,1.0,80.0,116.0,299.0,567.0,7.42156955078219e-05,0.0012097990351834,0.0096404395506259,0.0342073148637315,0.136675744440465
3,9,5.0037558685446,282.189671361502,306.178403755869,635.315492957746,900.312676056338,0.0001811473515732,0.0021992051249526,0.0139387839005081,0.0428343454484215,0.146411099016661
3,10,8.00756143667297,202.190926275992,174.164461247637,320.302457466919,354.334593572779,0.0005659720447982,0.0032513004990638,0.0175334161388701,0.0525853455378781,0.177104811868091
3,10,4.0,107.0,113.0,290.0,576.0,0.0002968627820312,0.0016181062095578,0.0093911178381097,0.0331776632457597,0.138845200701425
3,10,12.007561436673,309.190926275992,287.164461247637,610.302457466919,930.334593572779,0.0004347010546179,0.0024096355701975,0.0130731734182931,0.0411479124638587,0.151293338326479
3,11,4.0,205.0,216.0,329.0,324.0,0.000282718802359,0.0032964713826885,0.0217450670410369,0.0540132561541421,0.161942864417147
3,11,5.0,99.0,96.0,306.0,567.0,0.0003710784775391,0.0014971263060395,0.007978294800518,0.035008155011043,0.136675744440465
3,11,9.0,304.0,312.0,635.0,891.0,0.0003258204850497,0.0023691808235218,0.0142038122990089,0.0428130742304386,0.144896648345848
3,12,4.00408580183861,209.213483146067,186.189989785495,300.306435137896,280.286006128703,0.0002830075856097,0.0033642256588468,0.0187440454178498,0.0493025179508827,0.140093576199149
3,12,5.0,106.0,115.0,335.0,533.0,0.0003710784775391,0.001602983721618,0.0095573323131205,0.0383259213356189,0.12848002078795
3,12,9.00408580183861,315.213483146067,301.189989785495,635.306435137896,813.286006128703,0.000325968400376,0.0024565715117933,0.0137116861578641,0.0428337347506048,0.132258604303737
3,13,6.0,202.0,180.0,298.0,313.0,0.0004240782035386,0.0032482303380638,0.018120889200864,0.0489238611973688,0.156444804205454
3,13,3.0,92.0,118.0,294.0,509.0,0.0002226470865234,0.0013912688904609,0.0098066540256367,0.0336352861870805,0.122694804092058
3,13,9.0,294.0,298.0,592.0,822.0,0.0003258204850497,0.0022912472438007,0.0135664617471303,0.0399139211723144,0.133675695780345
3,14,5.0,190.0,176.0,332.0,320.0,0.0003533985029488,0.0030552661595649,0.0177182027741782,0.054505778246733,0.159943569794713
3,14,3.0,109.0,113.0,276.0,547.0,0.0002226470865234,0.0016483511854374,0.0093911178381097,0.0315759829511368,0.131854730527221
3,14,8.0,299.0,289.0,608.0,867.0,0.000289618208933,0.0023302140336613,0.0131567363923512,0.0409926757985932,0.140993708323064
3,15,6.0,198.0,189.0,311.0,289.0,0.0004240782035386,0.0031839089452308,0.0190269336609072,0.0510581235985963,0.14444903647085
3,15,2.0,99.0,115.0,295.0,529.0,0.0001484313910156,0.0014971263060395,0.0095573323131205,0.0337496919224107,0.127515818005301
3,15,8.0,297.0,304.0,606.0,818.0,0.000289618208933,0.002314627317717,0.0138396119836497,0.0408578314703083,0.133025205776547
3,16,5.0,182.0,163.0,311.0,250.0,0.0003533985029488,0.002926623373899,0.0164094718874491,0.0510581235985963,0.12495591390212
3,16,1.0,101.0,87.0,276.0,449.0,7.42156955078219e-05,0.001527371281919,0.0072303296629694,0.0315759829511368,0.108231762352326
3,16,6.0,283.0,250.0,587.0,699.0,0.0002172136566998,0.0022055203061075,0.0113812598549751,0.0395768103516023,0.113673128163578
3,17,2.0,196.0,185.0,296.0,312.0,0.0001413594011795,0.0031517482488144,0.0186242472342214,0.0485955131356415,0.155944980549845
3,17,4.0,91.0,102.0,253.0,461.0,0.0002968627820312,0.0013761464025211,0.0084769382255504,0.0289446510385421,0.111124370700272
3,17,6.0,287.0,287.0,549.0,773.0,0.0002172136566998,0.0022366937379959,0.0130656863135114,0.0370147681141902,0.125707193233828
3,18,4.0,194.0,184.0,337.0,278.0,0.000282718802359,0.0031195875523979,0.0185235756275499,0.0553266484010513,0.138950976259157
3,18,2.00197433366239,87.0858835143139,109.1076011846,304.300098716683,511.50444225074,0.0001485779175615,0.0013169552231714,0.0090676313252926,0.0348136765547363,0.123298501638844
3,18,6.00197433366239,281.085883514314,293.1076011846,641.300098716683,789.50444225074,0.0002172851320722,0.0021906029111342,0.0133437350982014,0.0432378405202282,0.128391186909417
3,19,3.0,220.0,174.0,258.0,276.0,0.0002120391017693,0.003537676605812,0.0175168595608352,0.0423568999628227,0.13795132894794
3,19,4.0,108.0,90.0,259.0,454.0,0.0002968627820312,0.0016332286974976,0.0074796513754856,0.0296310854505233,0.109437015830637
3,19,7.0,328.0,264.0,517.0,730.0,0.0002534159328164,0.0025562214148525,0.0120186104068537,0.0348572588616327,0.118714425693007
3,20,5.0,192.0,169.0,270.0,300.0,0.0003533985029488,0.0030874268559814,0.0170135015274779,0.0443269883331865,0.149947096682543
3,20,4.0,78.0,104.0,260.0,451.0,0.0002968627820312,0.0011795540593038,0.0086431527005612,0.0297454911858535,0.10871386374365
3,20,9.0,270.0,273.0,530.0,751.0,0.0003258204850497,0.00210420665247,0.0124283357616328,0.0357337469954842,0.122129498212943
3,21,2.0,217.0,196.0,301.0,243.0,0.0001413594011795,0.0034894355611873,0.0197316349076075,0.0494163832899598,0.12145714831286
3,21,2.0,93.0,98.0,265.0,505.0,0.0001484313910156,0.0014063913784007,0.0081445092755288,0.0303175198625045,0.121730601309409
3,21,4.0,310.0,294.0,566.0,748.0,0.0001448091044665,0.0024159409713545,0.0133843615894507,0.0381609449046114,0.121641630710095
3,22,3.0,167.0,183.0,285.0,273.0,0.0002120391017693,0.0026854181507755,0.0184229040208784,0.0467895987961413,0.136451857981115
3,22,5.0,87.0,100.0,251.0,461.0,0.0003710784775391,0.0013156564507619,0.0083107237505396,0.0287158395678816,0.111124370700272
3,22,8.0,254.0,283.0,536.0,734.0,0.000289618208933,0.0019795129249162,0.0128835861558318,0.0361382799803387,0.119364915696804
3,23,3.0,204.0,185.0,296.0,236.0,0.0002120391017693,0.0032803910344803,0.0186242472342214,0.0485955131356415,0.117958382723601
3,23,2.0,85.0,102.0,276.0,437.0,0.0001484313910156,0.0012854114748824,0.0084769382255504,0.0315759829511368,0.105339154004379
3,23,5.0,289.0,287.0,572.0,673.0,0.0001810113805831,0.0022522804539401,0.0130656863135114,0.0385654778894659,0.109444943138895
3,24,8.0,230.0,194.0,312.0,263.0,0.0005654376047181,0.0036984800878944,0.0195302916942646,0.05122229762946,0.13145362142503
3,24,5.0,108.0,103.0,274.0,472.0,0.0003710784775391,0.0016332286974976,0.0085600454630558,0.0313471714804764,0.113775928352556
3,24,13.0,338.0,297.0,586.0,735.0,0.0004706295895162,0.0026341549945736,0.0135209367077104,0.0395093881874598,0.119527538197754
3,25,3.0,200.0,202.0,313.0,289.0,0.0002120391017693,0.0032160696416473,0.0203356645476363,0.0513864716603236,0.14444903647085
3,25,2.0,121.0,107.0,311.0,591.0,0.0001484313910156,0.0018298210407149,0.0088924744130773,0.035580183687694,0.142460961136358
3,25,5.0,321.0,309.0,624.0,880.0,0.0001810113805831,0.0025016679090477,0.0140672371807492,0.0420714304248719,0.143107800835406
3,26,4.0,188.0,184.0,271.0,248.0,0.000282718802359,0.0030231054631485,0.0185235756275499,0.0444911623640502,0.123956266590903
3,26,2.0,75.0,111.0,253.0,448.0,0.0001484313910156,0.0011341865954844,0.0092249033630989,0.0289446510385421,0.107990711656664
3,26,6.0,263.0,295.0,524.0,696.0,0.0002172136566998,0.0020496531466652,0.0134298866288706,0.0353292140106296,0.11318526066073
3,27,1.00104712041885,202.211518324607,174.18219895288,311.325654450262,267.279581151832,7.07537107474598e-05,0.0032516316263759,0.0175352018221555,0.0511115876023645,0.133592657320812
3,27,3.0,76.0,99.0,225.0,437.0,0.0002226470865234,0.0011493090834242,0.0082276165130342,0.0257412904492963,0.105339154004379
3,27,4.00104712041885,278.211518324607,273.18219895288,536.325654450262,704.279581151832,0.000144847012609,0.0021682019542682,0.0124366303761449,0.036160236308138,0.114531706854454
3,28,4.0,201.0,170.0,305.0,220.0,0.000282718802359,0.0032321499898555,0.0171141731341494,0.0500730794134144,0.109961204233865
3,28,2.0,89.0,121.0,250.0,444.0,0.0001484313910156,0.0013459014266415,0.0100559757381529,0.0286014338325514,0.107026508874015
3,28,6.0,290.0,291.0,555.0,664.0,0.0002172136566998,0.0022600738119122,0.013247786471191,0.0374193010990447,0.107981340630351
3,29,1.0,212.0,188.0,252.0,269.0,7.06797005897741e-05,0.0034090338201461,0.0189262620542358,0.0413718557776407,0.134452563358681
3,29,3.0,96.0,114.0,229.0,426.0,0.0002226470865234,0.0014517588422201,0.0094742250756151,0.0261989133906171,0.102687596352095
3,29,4.0,308.0,302.0,481.0,695.0,0.0001448091044665,0.0024003542554103,0.0137485619048099,0.0324300609525054,0.113022638159781
3,30,7.00780379041249,192.214046822742,166.185061315496,288.321070234114,244.272017837235,0.0004953094736982,0.003090868803424,0.0167301171274272,0.0473348322832571,0.122092932918266
3,30,7.0,94.0,106.0,222.0,472.0,0.0005195098685547,0.0014215138663405,0.0088093671755719,0.0253980732433057,0.113775928352556
3,30,14.0078037904125,286.214046822742,272.185061315496,510.321070234114,716.272017837235,0.0005071143806081,0.0022305685235362,0.012391235645896,0.0344069509626614,0.11648194690071
3,31,5.0,183.0,164.0,265.0,246.0,0.0003533985029488,0.0029427037221073,0.0165101434941206,0.0435061181788682,0.122956619279686
3,31,5.0,97.0,92.0,243.0,459.0,0.0003710784775391,0.0014668813301599,0.0076458658504964,0.02780059368524,0.110642269308948
3,31,10.0,280.0,256.0,508.0,705.0,0.0003620227611663,0.0021821402321911,0.0116544100914945,0.0342504593843509,0.114648863169274
3,32,1.0,189.0,170.0,247.0,282.0,7.06797005897741e-05,0.0030391858113567,0.0171141731341494,0.0405509856233225,0.140950270881591
3,32,5.0,87.0,98.0,236.0,424.0,0.0003710784775391,0.0013156564507619,0.0081445092755288,0.0269997535379286,0.102205494960771
3,32,6.0,276.0,268.0,483.0,706.0,0.0002172136566998,0.0021509668003027,0.0122007105645333,0.0325649052807903,0.114811485670223
3,33,4.0,191.0,176.0,268.0,252.0,0.000282718802359,0.0030713465077732,0.0177182027741782,0.0439986402714592,0.125955561213337
3,33,4.0,84.0,124.0,241.0,437.0,0.0002968627820312,0.0012702889869426,0.0103052974506691,0.0275717822145796,0.105339154004379
3,33,8.0,275.0,300.0,509.0,689.0,0.000289618208933,0.0021431734423306,0.0136575118259701,0.0343178815484933,0.112046903154085
3,34,4.0,219.0,177.0,299.0,281.0,0.000282718802359,0.0035215962576038,0.0178188743808496,0.0490880352282325,0.140450447225982
3,34,1.0,97.0,118.0,280.0,484.0,7.42156955078219e-05,0.0014668813301599,0.0098066540256367,0.0320336058924576,0.116668536700503
3,34,5.0,316.0,295.0,579.0,765.0,0.0001810113805831,0.0024627011191871,0.0134298866288706,0.0390374330384629,0.124406213226233
3,35,1.0,192.0,161.0,291.0,238.0,7.06797005897741e-05,0.0030874268559814,0.0162081286741062,0.0477746429813232,0.118958030034818
3,35,1.0,92.0,101.0,229.0,405.0,7.42156955078219e-05,0.0013912688904609,0.008393830988045,0.0261989133906171,0.0976255317431892
3,35,2.0,284.0,262.0,520.0,643.0,7.24045522332745e-05,0.0022133136640796,0.0119275603280139,0.0350595253540599,0.104566268110416
3,36,2.00221238938053,204.225663716814,160.176991150442,301.33296460177,237.262168141593,0.0001415157721985,0.0032840197856246,0.0161252750509164,0.0494710474307673,0.118589244218124
3,36,1.0,116.0,82.0,279.0,400.0,7.42156955078219e-05,0.0017542086010159,0.0068147934754424,0.0319192001571274,0.0964202782648782
3,36,3.00221238938053,320.225663716814,242.176991150442,580.33296460177,637.262168141593,0.0001086869218811,0.002495633229202,0.0110251170687167,0.0391273043966395,0.103633167543575
3,37,4.0042735042735,215.229700854701,190.202991452991,266.284188034188,261.278846153846,0.0002830208523616,0.0034609685344982,0.0191480407432919,0.0437169485048278,0.130593348017781
3,37,4.0,89.0,89.0,241.0,441.0,0.0002968627820312,0.0013459014266415,0.0073965441379802,0.0275717822145796,0.106303356787028
3,37,8.0042735042735,304.229700854701,279.202991452991,507.284188034188,702.278846153846,0.0002897729195147,0.002370970964509,0.0127107271920515,0.0342021977924968,0.114206342325344
3,38,7.01515151515152,186.402597402597,185.400432900433,288.623376623377,258.558441558442,0.0004958288086828,0.0029974186731535,0.0186645594576721,0.0473844631417382,0.129233625448171
3,38,3.0,109.0,95.0,253.0,407.0,0.0002226470865234,0.0016483511854374,0.0078951875630126,0.0289446510385421,0.0981076331345136
3,38,10.0151515151515,295.402597402597,280.400432900433,541.623376623377,665.558441558442,0.0003625712805014,0.0023021781874499,0.0127652407611493,0.0365174202020747,0.108234778294169
3,39,2.0,205.0,190.0,318.0,284.0,0.0001413594011795,0.0032964713826885,0.0191276052675787,0.0522073418146419,0.141949918192808
3,39,0.0,107.0,106.0,270.0,463.0,0.0,0.0016181062095578,0.0088093671755719,0.0308895485391556,0.111606472091597
3,39,2.0,312.0,296.0,588.0,747.0,7.24045522332745e-05,0.0024315276872987,0.0134754116682905,0.0396442325157447,0.121479008209145
3,40,4.0,210.0,192.0,345.0,303.0,0.000282718802359,0.0033768731237297,0.0193289484809216,0.0566400406479605,0.151446567649369
3,40,3.0,88.0,96.0,284.0,458.0,0.0002226470865234,0.0013307789387017,0.007978294800518,0.0324912288337784,0.110401218613286
3,40,7.0,298.0,288.0,629.0,761.0,0.0002534159328164,0.0023224206756891,0.0131112113529313,0.042408541245584,0.123755723222436
3,41,3.00320855614973,198.211764705882,178.190374331551,294.314438502674,262.280213903743,0.0002122658815573,0.0031873141954396,0.0179387112773473,0.0483187877103569,0.131093855307143
3,41,1.0,102.0,104.0,263.0,471.0,7.42156955078219e-05,0.0015424937698588,0.0086431527005612,0.0300887083918441,0.113534877656894
3,41,4.00320855614973,300.211764705882,282.190374331551,557.314438502674,733.280213903743,0.0001449252615022,0.0023396577497922,0.0128467279153603,0.0375753455516696,0.119247862281682
3,42,5.0,218.0,212.0,315.0,310.0,0.0003533985029488,0.0035055159093956,0.021342380614351,0.0517148197220509,0.154945333238628
3,42,2.0,77.0,105.0,288.0,472.0,0.0001484313910156,0.001164431571364,0.0087262599380665,0.0329488517750993,0.113775928352556
3,42,7.0,295.0,317.0,603.0,782.0,0.0002534159328164,0.0022990406017728,0.0144314374961084,0.040655564977881,0.127170795742372
3,43,5.0,204.0,197.0,286.0,304.0,0.0003533985029488,0.0032803910344803,0.019832306514279,0.046953772827005,0.151946391304977
3,43,2.0,92.0,102.0,261.0,479.0,0.0001484313910156,0.0013912688904609,0.0084769382255504,0.0298598969211837,0.115463283222192
3,43,7.0,296.0,299.0,547.0,783.0,0.0002534159328164,0.0023068339597449,0.0136119867865502,0.0368799237859054,0.127333418243321
3,44,3.00308324768756,193.198355601233,199.204522096608,311.319630010277,267.274409044193,0.0002122570247927,0.0031066968313265,0.0200542392956873,0.0511105985457686,0.133590072179064
3,44,4.0,103.0,108.0,272.0,457.0,0.0002968627820312,0.0015576162577986,0.0089755816505827,0.031118360009816,0.110160167917623
3,44,7.00308324768756,296.198355601233,307.204522096608,583.319630010277,724.274409044193,0.0002535275534005,0.0023083798159511,0.0139854979784197,0.0393286718420503,0.117783315772361
3,45,3.0,212.0,189.0,309.0,315.0,0.0002120391017693,0.0034090338201461,0.0190269336609072,0.050729775536869,0.157444451516671
3,45,4.0,82.0,122.0,242.0,432.0,0.0002968627820312,0.001240044011063,0.0101390829756583,0.0276861879499098,0.104133900526068
3,45,7.0,294.0,311.0,551.0,747.0,0.0002534159328164,0.0022912472438007,0.014158287259589,0.037149612442475,0.121479008209145
3,46,8.0,205.0,221.0,320.0,330.0,0.0005654376047181,0.0032964713826885,0.0222484250743942,0.0525356898763692,0.164941806350798
3,46,7.0,107.0,107.0,305.0,551.0,0.0005195098685547,0.0016181062095578,0.0088924744130773,0.0348937492757128,0.13281893330987
3,46,15.0,312.0,328.0,625.0,881.0,0.0005430341417495,0.0024315276872987,0.0149322129297273,0.0421388525890143,0.143270423336355
3,47,7.0,209.0,195.0,358.0,355.0,0.0004947579041284,0.0033607927755214,0.019630963300936,0.058774303049188,0.17743739774101
3,47,2.0,95.0,118.0,293.0,536.0,0.0001484313910156,0.0014366363542803,0.0098066540256367,0.0335208804517503,0.129203172874937
3,47,9.0,304.0,313.0,651.0,891.0,0.0003258204850497,0.0023691808235218,0.0142493373384288,0.0438918288567173,0.144896648345848
3,48,2.0,235.0,198.0,360.0,343.0,0.0001413594011795,0.0037788818289356,0.0199329781209504,0.0591026511109153,0.171439513873708
3,48,3.0,87.0,124.0,305.0,536.0,0.0002226470865234,0.0013156564507619,0.0103052974506691,0.0348937492757128,0.129203172874937
3,48,5.0,322.0,322.0,665.0,879.0,0.0001810113805831,0.0025094612670198,0.0146590626932079,0.0448357391547113,0.142945178334456
3,49,5.004,234.1872,203.1624,382.3056,426.3408,0.0003536812217512,0.0037658117219119,0.0204526852232312,0.0627646513737477,0.213095217191043
3,49,2.0,99.0,122.0,351.0,640.0,0.0001484313910156,0.0014971263060395,0.0101390829756583,0.0401564131009022,0.154272445223805
3,49,7.004,333.1872,325.1624,733.3056,1066.3408,0.0002535607419209,0.0025966471213254,0.0148030310778694,0.0494410505297579,0.173411007760303
3,50,6.0,247.0,224.0,398.0,365.0,0.0004240782035386,0.0039718460074344,0.0225504398944086,0.0653412642837342,0.182435634297095
3,50,2.0,101.0,115.0,342.0,655.0,0.0001484313910156,0.001527371281919,0.0095573323131205,0.0391267614829304,0.157888205658738
3,50,8.0,348.0,339.0,740.0,1020.0,0.000289618208933,0.0027120885742947,0.0154329883633462,0.049892401465393,0.165874950968311
3,51,3.0,242.0,190.0,400.0,409.0,0.0002120391017693,0.0038914442663932,0.0191276052675787,0.0656696123454615,0.204427875143868
3,51,0.0,114.0,131.0,347.0,674.0,0.0,0.0017239636251364,0.0108870481132069,0.0396987901595814,0.16246816887632
3,51,3.0,356.0,321.0,747.0,1083.0,0.0001086068283499,0.0027744354380716,0.014613537653788,0.0503643566143899,0.176120168528118
3,52,4.0,257.0,227.0,438.0,440.0,0.000282718802359,0.0041326494895168,0.022852454714423,0.0719082255182803,0.21992240846773
3,52,3.0,109.0,142.0,373.0,754.0,0.0002226470865234,0.0016483511854374,0.0118012277257663,0.0426733392781667,0.181752224529295
3,52,7.0,366.0,369.0,811.0,1194.0,0.0002534159328164,0.0028523690177927,0.0167987395459432,0.054679375119505,0.194171266133493
4,1,4.00282087447109,238.16784203103,257.181241184767,450.317348377997,469.330747531735,0.0002874629328315,0.0038480014184588,0.02525229874455,0.0729773103888549,0.22500479160183
4,1,6.0,108.0,143.0,402.0,773.0,0.0004514474332626,0.0016401012554321,0.0116423216818959,0.0456517023698726,0.180955735578238
4,1,10.0028208744711,346.16784203103,400.181241184767,852.317348377997,1242.33074753174,0.0003675449093663,0.0027098665858226,0.0178117653022499,0.0569104909254658,0.195407750366478
4,2,7.0,243.0,237.0,437.0,494.0,0.0005027056150962,0.003926073044587,0.0232707283582891,0.070819134005826,0.236831632352807
4,2,8.0,108.0,132.0,412.0,725.0,0.0006019299110169,0.0016401012554321,0.0107467584755963,0.0467873168566854,0.169719156913613
4,2,15.0,351.0,369.0,849.0,1219.0,0.0005511618881995,0.002747693621808,0.0164239117682571,0.0566889866640286,0.191738028033192
4,3,5.0,206.0,229.0,471.0,439.0,0.0003590754393544,0.0033282759143412,0.0224852185402878,0.0763290895120001,0.210463738062515
4,3,2.0,107.0,147.0,403.0,796.0,0.0001504824777542,0.0016249151326966,0.0119679810296413,0.0457652638185539,0.186339929521705
4,3,7.0,313.0,376.0,874.0,1235.0,0.0002572088811597,0.0024502225174528,0.0167354764901482,0.0583582736682697,0.194254687958156
4,4,1.0,252.0,228.0,441.0,428.0,7.18150878708906e-05,0.0040714831573495,0.0223870298130376,0.0714673640653759,0.205190159204456
4,4,2.0,96.0,124.0,377.0,744.0,0.0001504824777542,0.0014578677826063,0.0100954397801056,0.0428126661528407,0.174166969301694
4,4,3.0,348.0,352.0,818.0,1172.0,0.0001102323776399,0.0027242090609379,0.0156672545865217,0.0546190707787696,0.18434533950361
4,5,3.0,229.0,252.0,407.0,432.0,0.0002154452636126,0.0036998795358454,0.0247435592670416,0.0659574085592018,0.20710782424375
4,5,9.0,92.0,117.0,378.0,700.0,0.000677171149894,0.0013971232916644,0.0095255359215512,0.042926227601522,0.163866772192454
4,5,12.0,321.0,369.0,785.0,1132.0,0.0004409295105596,0.0025128480131065,0.0164239117682571,0.0524156119331713,0.178053689691201
4,6,2.0,267.0,245.0,438.0,446.0,0.0001436301757417,0.004313833345287,0.0240562381762905,0.0709811915207134,0.213819651881279
4,6,1.0,91.0,127.0,392.0,774.0,7.52412388771155e-05,0.0013819371689289,0.0103396842909146,0.0445160878830599,0.181189830967085
4,6,3.0,358.0,372.0,830.0,1220.0,0.0001102323776399,0.0028024909305051,0.0165574395062104,0.0554203285408054,0.191895319278502
4,7,4.0,242.0,219.0,443.0,477.0,0.0002872603514835,0.0039099163653912,0.0215033312677862,0.0717914790951508,0.228681555935808
4,7,4.0,115.0,141.0,392.0,778.0,0.0003009649555084,0.0017464041145805,0.0114794920080233,0.0445160878830599,0.18212621252247
4,7,8.0,357.0,360.0,835.0,1255.0,0.0002939530070397,0.0027946627435484,0.0160233285543972,0.0557541859416536,0.197400512864361
4,8,9.0,262.0,228.0,426.0,471.0,0.000646335790838,0.0042330499493078,0.0223870298130376,0.0690365013420638,0.225805058376867
4,8,2.0,111.0,142.0,337.0,789.0,0.0001504824777542,0.0016856596236385,0.0115609068449596,0.0382702082055897,0.18470126179978
4,8,11.0,373.0,370.0,763.0,1260.0,0.0004041853846796,0.0029199137348558,0.0164684210142415,0.0509466393694391,0.198186969090912
4,9,6.0,206.0,211.0,403.0,456.0,0.0004308905272253,0.0033282759143412,0.0207178214497848,0.0653091784996519,0.218613814479514
4,9,6.0,93.0,130.0,385.0,760.0,0.0004514474332626,0.0014123094143998,0.0105839288017236,0.0437211577422909,0.177912495523236
4,9,12.0,299.0,341.0,788.0,1216.0,0.0004409295105596,0.0023406279000587,0.0151776528806929,0.0526159263736803,0.191266154297261
4,10,7.0,213.0,212.0,356.0,401.0,0.0005027056150962,0.0034413726687121,0.020816010177035,0.0576924752999406,0.192245920189222
4,10,6.0,87.0,106.0,356.0,643.0,0.0004514474332626,0.0013211926779869,0.0086299727152515,0.040427875730534,0.150523335028211
4,10,13.0,300.0,318.0,712.0,1044.0,0.0004776736364396,0.0023484560870154,0.0141539402230508,0.0475412938807872,0.164212060103899
4,11,4.0,243.0,198.0,375.0,406.0,0.0002872603514835,0.003926073044587,0.0194413679955327,0.0607715680828026,0.194643001488339
4,11,6.0,107.0,110.0,315.0,607.0,0.0004514474332626,0.0016249151326966,0.0089556320629968,0.0357718563346017,0.142095901029742
4,11,10.0,350.0,308.0,690.0,1013.0,0.0003674412587996,0.0027398654348513,0.0137088477632065,0.0460723213170551,0.159336031499281
4,12,6.0,177.0,221.0,335.0,350.0,0.0004308905272253,0.0028597322176621,0.0216997087222865,0.0542892674873037,0.167795690938224
4,12,7.0,85.0,129.0,318.0,606.0,0.0005266886721398,0.001290820432516,0.0105025139647872,0.0361125406806455,0.141861805640896
4,12,13.0,262.0,350.0,653.0,956.0,0.0004776736364396,0.0020509849826601,0.0155782360945528,0.0436017765507782,0.150370430516597
4,13,8.0,233.0,214.0,339.0,376.0,0.0005745207029671,0.0037645062526287,0.0210123876315353,0.0549374975468536,0.180260513693634
4,13,2.0,90.0,110.0,325.0,659.0,0.0001504824777542,0.0013667510461934,0.0089556320629968,0.0369074708214144,0.154268861249753
4,13,10.0,323.0,324.0,664.0,1035.0,0.0003674412587996,0.0025285043870199,0.0144209956989575,0.0443362628326443,0.162796438896107
4,14,1.0,213.0,212.0,371.0,367.0,7.18150878708906e-05,0.0034413726687121,0.020816010177035,0.0601233380232527,0.175945767355223
4,14,0.0,99.0,122.0,326.0,643.0,0.0,0.0015034261508127,0.0099326101062329,0.0370210322700957,0.150523335028211
4,14,1.0,312.0,334.0,697.0,1010.0,3.67441258799699e-05,0.002442394330496,0.0148660881588018,0.0465397216782426,0.15886415776335
4,15,4.0035746201966,205.183199285076,203.181411974978,333.297587131367,374.334226988383,0.000287517063147,0.0033150791272233,0.0199501242427145,0.0540133786885006,0.17946191502669
4,15,5.0,96.0,121.0,325.0,609.0,0.0003762061943855,0.0014578677826063,0.0098511952692965,0.0369074708214144,0.142564091807435
4,15,9.0035746201966,301.183199285076,324.181411974978,658.297587131367,983.334226988383,0.0003308284792142,0.002357718392226,0.0144290702091763,0.0439555042848672,0.154669865119193
4,16,7.0,192.0,183.0,350.0,343.0,0.0005027056150962,0.0031020824055996,0.0179685370867802,0.0567201302106158,0.164439777119459
4,16,5.0,93.0,132.0,316.0,576.0,0.0003762061943855,0.0014123094143998,0.0107467584755963,0.0358854177832829,0.134838943975505
4,16,12.0,285.0,315.0,666.0,919.0,0.0004409295105596,0.0022310332826646,0.0140204124850975,0.0444698057929836,0.144550654440118
4,17,4.00380952380952,213.202857142857,208.198095238095,297.282857142857,328.312380952381,0.0002875339327706,0.0034446501664918,0.0204427059873372,0.0481769210472193,0.157398293729937
4,17,5.0,82.0,111.0,289.0,579.0,0.0003762061943855,0.0012452620643095,0.0090370468999332,0.0328192586688885,0.135541230142044
4,17,9.00380952380952,295.202857142857,319.198095238095,586.282857142857,907.312380952381,0.0003308371105421,0.0023109031558716,0.014207266538716,0.0391469741695171,0.142712294285406
4,18,8.0,204.0,159.0,318.0,298.0,0.0005745207029671,0.0032959625559496,0.0156120076327763,0.0515342897342166,0.142866045427402
4,18,8.0,88.0,105.0,287.0,537.0,0.0006019299110169,0.0013363788007224,0.0085485578783152,0.032592135771526,0.125709223810497
4,18,16.0,292.0,264.0,605.0,835.0,0.0005879060140795,0.0022858305913617,0.0117504409398913,0.0403967455026352,0.131338189834057
4,19,2.0,177.0,185.0,331.0,305.0,0.0001436301757417,0.0028597322176621,0.0181649145412805,0.0536410374277538,0.146221959246166
4,19,6.0,93.0,87.0,275.0,509.0,0.0004514474332626,0.0014123094143998,0.0070830908134611,0.0312293983873507,0.119154552922799
4,19,8.0,270.0,272.0,606.0,814.0,0.0002939530070397,0.0021136104783139,0.0121065149077668,0.0404635169828049,0.128035073682542
4,20,5.0,237.0,222.0,309.0,297.0,0.0003590754393544,0.003829132969412,0.0217978974495367,0.0500757721002294,0.142386629167578
4,20,2.0,99.0,89.0,299.0,507.0,0.0001504824777542,0.0015034261508127,0.0072459204873338,0.0339548731557013,0.118686362145106
4,20,7.0,336.0,311.0,608.0,804.0,0.0002572088811597,0.0026302708174573,0.0138423755011598,0.0405970599431442,0.126462161229439
4,21,4.0,186.0,197.0,349.0,287.0,0.0002872603514835,0.0030051423304246,0.0193431792682825,0.0565580726957283,0.137592466569343
4,21,3.0,104.0,94.0,267.0,491.0,0.0002257237166313,0.0015793567644901,0.0076529946720155,0.0303209067979005,0.114940835923564
4,21,7.0,290.0,291.0,616.0,778.0,0.0002572088811597,0.0022701742174482,0.0129521905814711,0.0411312317845013,0.122372588851373
4,22,1.0,188.0,194.0,299.0,264.0,7.18150878708906e-05,0.0030374556888163,0.019048613086532,0.0484551969513546,0.126565892593403
4,22,4.0,94.0,100.0,292.0,447.0,0.0003009649555084,0.0014274955371353,0.0081414836936335,0.0331599430149323,0.104640638814324
4,22,5.0,282.0,294.0,591.0,711.0,0.0001837206293998,0.0022075487217945,0.0130857183194244,0.0394619447802602,0.111834075415586
4,23,5.0,198.0,177.0,323.0,290.0,0.0003590754393544,0.0031990224807746,0.0173794047232792,0.052344577308654,0.139030715348814
4,23,5.0,88.0,114.0,286.0,491.0,0.0003762061943855,0.0013363788007224,0.0092812914107422,0.0324785743228447,0.114940835923564
4,23,10.0,286.0,291.0,609.0,781.0,0.0003674412587996,0.0022388614696214,0.0129521905814711,0.0406638314233138,0.122844462587304
4,24,6.0,198.0,180.0,301.0,273.0,0.0004308905272253,0.0031990224807746,0.0176739709050297,0.0487793119811296,0.130880638931814
4,24,8.0,103.0,104.0,262.0,493.0,0.0006019299110169,0.0015641706417547,0.0084671430413788,0.0297530995544941,0.115409026701257
4,24,14.0,301.0,284.0,563.0,766.0,0.0005144177623195,0.0023562842739721,0.01264062585958,0.0375923433355101,0.12048509390765
4,25,6.0,197.0,189.0,304.0,326.0,0.0004308905272253,0.0031828658015788,0.0185576694502812,0.049265484525792,0.15628970070246
4,25,3.0,97.0,125.0,296.0,561.0,0.0002257237166313,0.0014730539053418,0.0101768546170419,0.0336141888096574,0.131327513142809
4,25,9.0,294.0,314.0,600.0,887.0,0.0003306971329197,0.0023014869652751,0.0139759032391131,0.040062888101787,0.13951733459019
4,26,5.00492125984252,209.205708661417,212.208661417323,322.316929133858,268.263779527559,0.0003594288600624,0.0033800695207791,0.0208364983760282,0.052233880541595,0.128610017827217
4,26,2.0,93.0,98.0,264.0,462.0,0.0001504824777542,0.0014123094143998,0.0079786540197608,0.0299802224518566,0.10815206964702
4,26,7.00492125984252,302.205708661417,310.208661417323,586.316929133858,730.263779527559,0.0002573897085509,0.002365722786789,0.0138071536175264,0.0391492492067886,0.114864099286858
4,27,8.0,180.0,168.0,285.0,250.0,0.0005745207029671,0.0029082022552496,0.0164957061780277,0.04618639174293,0.119854064955874
4,27,2.0,75.0,89.0,246.0,462.0,0.0001504824777542,0.0011389592051612,0.0072459204873338,0.0279361163755937,0.10815206964702
4,27,10.0,255.0,257.0,531.0,712.0,0.0003674412587996,0.0019961876739631,0.0114388762180002,0.0354556559700815,0.111991366660896
4,28,2.0,211.0,143.0,279.0,277.0,0.0001436301757417,0.0034090593103204,0.0140409879967736,0.0452140466536051,0.132798303971108
4,28,1.0,80.0,91.0,239.0,448.0,7.52412388771155e-05,0.0012148898188386,0.0074087501612065,0.0271411862348248,0.10487473420317
4,28,3.0,291.0,234.0,518.0,725.0,0.0001102323776399,0.002278002404405,0.0104151635603582,0.0345876267278761,0.11403615284993
4,29,3.00326441784548,195.212187159956,188.204570184984,270.293797606094,263.286180631121,0.000215679698067,0.00315398068306,0.0184795672091279,0.0438031411295413,0.126223675981385
4,29,4.00446927374302,83.0927374301676,99.1106145251397,259.28938547486,450.502793296089,0.0003013012292017,0.0012618565090417,0.0080690745202242,0.0294452782422027,0.105460626573021
4,29,7.0077336915885,278.304924590124,287.315184710124,529.583183080954,713.78897392721,0.000257493048897,0.0021786229806668,0.0127881822313267,0.0353610530072674,0.112272756597735
4,30,5.00548245614035,203.222587719298,156.171052631579,295.323464912281,253.277412280702,0.0003594691624239,0.0032834021551274,0.0153342368912133,0.0478593868116422,0.121425309693388
4,30,2.0,99.0,105.0,232.0,473.0,0.0001504824777542,0.0015034261508127,0.0085485578783152,0.0263462560940558,0.11072711892433
4,30,7.00548245614035,302.222587719298,261.171052631579,527.323464912281,726.277412280702,0.0002574103292183,0.0023658549192098,0.0116245266255932,0.0352101682803789,0.114237078618336
4,31,2.0,240.0,201.0,332.0,306.0,0.0001436301757417,0.0038776030069995,0.0197359341772832,0.0538030949426412,0.14670137550599
4,31,5.0,94.0,116.0,315.0,639.0,0.0003762061943855,0.0014274955371353,0.0094441210846148,0.0357718563346017,0.149586953472826
4,31,7.0,334.0,317.0,647.0,945.0,0.0002572088811597,0.0026146144435438,0.0141094309770664,0.0432011476697603,0.148640226818184
4,32,4.0,213.0,188.0,321.0,302.0,0.0002872603514835,0.0034413726687121,0.018459480723031,0.052020462278879,0.144783710466696
4,32,3.0,86.0,124.0,341.0,617.0,0.0002257237166313,0.0013060065552515,0.0100954397801056,0.0387244540003148,0.144436854918206
4,32,7.0,299.0,312.0,662.0,919.0,0.0002572088811597,0.0023406279000587,0.0138868847471442,0.044202719872305,0.144550654440118
4,33,5.0,188.0,200.0,308.0,286.0,0.0003590754393544,0.0030374556888163,0.019637745450033,0.0499137145853419,0.13711305030952
4,33,2.0,97.0,97.0,266.0,490.0,0.0001504824777542,0.0014730539053418,0.0078972391828245,0.0302073453492192,0.114706740534718
4,33,7.0,285.0,297.0,574.0,776.0,0.0002572088811597,0.0022310332826646,0.0132192460573777,0.0383268296173762,0.122058006360752
4,34,5.0,209.0,187.0,305.0,283.0,0.0003590754393544,0.0033767459519287,0.0183612919957809,0.0494275420406795,0.135674801530049
4,34,8.0,78.0,116.0,281.0,488.0,0.0006019299110169,0.0011845175733676,0.0094441210846148,0.0319107670794383,0.114238549757025
4,34,13.0,287.0,303.0,586.0,771.0,0.0004776736364396,0.0022466896565781,0.0134863015332843,0.039128087379412,0.121271550134201
4,35,5.0,202.0,180.0,282.0,242.0,0.0003590754393544,0.0032636491975579,0.0176739709050297,0.0457002191982676,0.116018734877286
4,35,1.0,83.0,97.0,250.0,424.0,7.52412388771155e-05,0.001260448187045,0.0078972391828245,0.0283903621703188,0.0992564448708578
4,35,6.0,285.0,277.0,532.0,666.0,0.0002204647552798,0.0022310332826646,0.0123290611376889,0.0355224274502511,0.104755969376625
4,36,4.0,197.0,200.0,235.0,305.0,0.0002872603514835,0.0031828658015788,0.019637745450033,0.0380835159985563,0.146221959246166
4,36,4.0,88.0,107.0,254.0,443.0,0.0003009649555084,0.0013363788007224,0.0087113875521878,0.0288446079650439,0.103704257258939
4,36,8.0,285.0,307.0,489.0,748.0,0.0002939530070397,0.0022310332826646,0.013664338517222,0.0326512538029564,0.117653851492065
4,37,2.0,192.0,192.0,289.0,250.0,0.0001436301757417,0.0031020824055996,0.0188522356320317,0.0468346218024799,0.119854064955874
4,37,5.0,84.0,94.0,257.0,431.0,0.0003762061943855,0.0012756343097805,0.0076529946720155,0.0291852923110877,0.100895112592782
4,37,7.0,276.0,286.0,546.0,681.0,0.0002572088811597,0.0021605796000542,0.0127296443515489,0.0364572281726262,0.107115338056279
4,38,8.00842105263158,197.207368421053,210.221052631579,286.301052631579,249.262105263158,0.0005751254616018,0.0031862161866331,0.0206413375990847,0.0463972370991415,0.119500306220994
4,38,3.0,82.0,82.0,243.0,506.0,0.0002257237166313,0.0012452620643095,0.0066760166287794,0.0275954320295499,0.118452266756259
4,38,11.0084210526316,279.207368421053,292.221052631579,529.301052631579,755.262105263158,0.0004044948088976,0.0021856874796933,0.0130065387134099,0.0353422147395617,0.118796117072482
4,39,3.0,206.0,159.0,281.0,282.0,0.0002154452636126,0.0033282759143412,0.0156120076327763,0.0455381616833801,0.135195385270226
4,39,2.0,90.0,104.0,266.0,435.0,0.0001504824777542,0.0013667510461934,0.0084671430413788,0.0302073453492192,0.101831494148168
4,39,5.0,296.0,263.0,547.0,717.0,0.0001837206293998,0.0023171433391885,0.0117059316939068,0.0365239996527958,0.112777822887448
4,40,1.0,200.0,209.0,278.0,261.0,7.18150878708906e-05,0.0032313358391663,0.0205214439952845,0.0450519891387177,0.125127643813932
4,40,2.0,95.0,116.0,242.0,486.0,0.0001504824777542,0.0014426816598708,0.0094441210846148,0.0274818705808686,0.113770358979332
4,40,3.0,295.0,325.0,520.0,747.0,0.0001102323776399,0.0023093151522318,0.0144655049449419,0.0347211696882154,0.117496560246755
4,41,5.0,200.0,206.0,279.0,321.0,0.0003590754393544,0.0032313358391663,0.020226877813534,0.0452140466536051,0.153892619403342
4,41,1.0,96.0,100.0,257.0,470.0,7.52412388771155e-05,0.0014578677826063,0.0081414836936335,0.0291852923110877,0.11002483275779
4,41,6.0,296.0,306.0,536.0,791.0,0.0002204647552798,0.0023171433391885,0.0136198292712376,0.0357895133709297,0.124417375040406
4,42,6.0,226.0,186.0,306.0,288.0,0.0004308905272253,0.0036514094982579,0.0182631032685307,0.0495895995555669,0.138071882829167
4,42,2.0,101.0,99.0,260.0,469.0,0.0001504824777542,0.0015337983962837,0.0080600688566971,0.0295259766571315,0.109790737368944
4,42,8.0,327.0,285.0,566.0,757.0,0.0002939530070397,0.0025598171348468,0.0126851351055644,0.0377926577760191,0.119069472699858
4,43,3.0,202.0,192.0,317.0,275.0,0.0002154452636126,0.0032636491975579,0.0188522356320317,0.0513722322193291,0.131839471451461
4,43,5.0,96.0,112.0,268.0,526.0,0.0003762061943855,0.0014578677826063,0.0091184617368695,0.0304344682465817,0.123134174533187
4,43,8.0,298.0,304.0,585.0,801.0,0.0002939530070397,0.002332799713102,0.0135308107792687,0.0390613158992423,0.125990287493509
4,44,7.0,196.0,198.0,318.0,313.0,0.0005027056150962,0.0031667091223829,0.0194413679955327,0.0515342897342166,0.150057289324754
4,44,2.0,101.0,105.0,297.0,506.0,0.0001504824777542,0.0015337983962837,0.0085485578783152,0.0337277502583387,0.118452266756259
4,44,9.0,297.0,303.0,615.0,819.0,0.0003306971329197,0.0023249715261453,0.0134863015332843,0.0410644603043317,0.128821529909093
4,45,3.0,191.0,204.0,322.0,361.0,0.0002154452636126,0.0030859257264038,0.0200305003590337,0.0521825197937665,0.173069269796282
4,45,3.0,84.0,109.0,296.0,551.0,0.0002257237166313,0.0012756343097805,0.0088742172260605,0.0336141888096574,0.128986559254346
4,45,6.0,275.0,313.0,618.0,912.0,0.0002204647552798,0.0021527514130975,0.0139313939931287,0.0412647747448406,0.143449615722946
4,46,4.0,216.0,173.0,314.0,330.0,0.0002872603514835,0.0034898427062996,0.0169866498142786,0.0508860596746667,0.158207365741754
4,46,3.0,105.0,118.0,279.0,551.0,0.0002257237166313,0.0015945428872256,0.0096069507584875,0.0316836441820758,0.128986559254346
4,46,7.0,321.0,291.0,593.0,881.0,0.0002572088811597,0.0025128480131065,0.0129521905814711,0.0395954877405995,0.138573587118328
4,47,1.0,205.0,180.0,321.0,329.0,7.18150878708906e-05,0.0033121192351454,0.0176739709050297,0.052020462278879,0.15772794948193
4,47,3.0,94.0,109.0,303.0,526.0,0.0002257237166313,0.0014274955371353,0.0088742172260605,0.0344091189504264,0.123134174533187
4,47,4.0,299.0,289.0,624.0,855.0,0.0001469765035198,0.0023406279000587,0.0128631720895022,0.0416654036258585,0.134484014740262
4,48,2.0,234.0,212.0,307.0,307.0,0.0001436301757417,0.0037806629318245,0.020816010177035,0.0497516570704544,0.147180791765813
4,48,4.0,107.0,94.0,325.0,540.0,0.0003009649555084,0.0016249151326966,0.0076529946720155,0.0369074708214144,0.126411509977036
4,48,6.0,341.0,306.0,632.0,847.0,0.0002204647552798,0.0026694117522409,0.0136198292712376,0.0421995754672156,0.13322568477778
4,49,5.0,213.0,216.0,317.0,339.0,0.0003590754393544,0.0034413726687121,0.0212087650860357,0.0513722322193291,0.162522112080165
4,49,2.0,113.0,106.0,270.0,569.0,0.0001504824777542,0.0017160318691095,0.0086299727152515,0.0306615911439443,0.13320027625358
4,49,7.0,326.0,322.0,587.0,908.0,0.0002572088811597,0.0025519889478901,0.0143319772069886,0.0391948588595816,0.142820450741705
4,50,4.0,192.0,225.0,345.0,336.0,0.0002872603514835,0.0031020824055996,0.0220924636312872,0.0559098426361784,0.161083863300695
4,50,8.0,78.0,115.0,309.0,517.0,0.0006019299110169,0.0011845175733676,0.0093627062476785,0.035090487642514,0.121027316033569
4,50,12.0,270.0,340.0,654.0,853.0,0.0004409295105596,0.0021136104783139,0.0151331436347084,0.0436685480309478,0.134169432249641
4,51,6.0,231.0,203.0,322.0,359.0,0.0004308905272253,0.003732192894237,0.0199323116317835,0.0521825197937665,0.172110437276635
4,51,8.0,101.0,101.0,310.0,608.0,0.0006019299110169,0.0015337983962837,0.0082228985305698,0.0352040490911953,0.142329996418588
4,51,14.0,332.0,304.0,632.0,967.0,0.0005144177623195,0.0025989580696304,0.0135308107792687,0.0421995754672156,0.15210063421501
4,52,2.0,232.0,241.0,384.0,365.0,0.0001436301757417,0.0037483495734329,0.0236634832672898,0.0622300857167899,0.174986934835576
4,52,4.0,107.0,124.0,289.0,619.0,0.0003009649555084,0.0016249151326966,0.0100954397801056,0.0328192586688885,0.144905045695898
4,52,6.0,339.0,365.0,673.0,984.0,0.0002204647552798,0.0026537553783274,0.0162458747843194,0.0449372061541711,0.154774585385284
5,1,6.0,234.0,221.0,399.0,441.0,0.0004362224749928,0.003788625156963,0.0210945430137445,0.0629975628713852,0.203730342262713
5,1,3.0,117.0,125.0,375.0,700.0,0.0002280251676033,0.0017823003393383,0.0099659930372384,0.0420053964642945,0.159938615981949
5,1,9.0,351.0,346.0,774.0,1141.0,0.0003344370751934,0.0027549002521395,0.0150308674111895,0.0507175062168027,0.174430022244939
5,2,4.0,231.0,257.0,453.0,452.0,0.0002908149833285,0.0037400530395661,0.0245307581653047,0.0715235488239035,0.208812051480151
5,2,2.0,112.0,141.0,390.0,842.0,0.0001520167784022,0.00170613365817,0.011241640146005,0.0436856123228663,0.192383306652573
5,2,6.0,343.0,398.0,843.0,1294.0,0.0002229580501289,0.002692110502803,0.0172898417042006,0.0552388342903936,0.197819849942989
5,3,6.0,257.0,242.0,493.0,476.0,0.0004362224749928,0.0041610113903398,0.0230990018521546,0.077839093973917,0.219899417045469
5,3,3.0,115.0,149.0,435.0,809.0,0.0002280251676033,0.001751833666871,0.0118794637003883,0.0487262598985816,0.18484334332771
5,3,9.0,372.0,391.0,928.0,1285.0,0.0003344370751934,0.0029197233441479,0.0169857490109106,0.0608085862651071,0.196443977725457
5,4,3.00205338809035,248.169746748802,246.168377823409,454.310746064339,510.349075975359,0.0002182605265022,0.0040180433578191,0.023496875269772,0.0717305007226419,0.235767782135872
5,4,6.0,125.0,120.0,392.0,916.0,0.0004560503352066,0.0019041670292076,0.0095673533157489,0.0439096411040092,0.209291103199237
5,4,9.00205338809035,373.169746748802,366.168377823409,846.310746064339,1426.34907597536,0.0003345133784275,0.0029289043572909,0.0159070183157052,0.0554557758719186,0.218052674015276
5,5,9.0,244.0,222.0,456.0,461.0,0.0006543337124893,0.0039505322149529,0.0211899934346212,0.0719972147101545,0.212969813567145
5,5,3.0,118.0,141.0,411.0,834.0,0.0002280251676033,0.001797533675572,0.011241640146005,0.0460379145248668,0.190555436755637
5,5,12.0,362.0,363.0,867.0,1295.0,0.0004459161002579,0.0028412361574772,0.0157693782377508,0.0568114701420774,0.197972724633826
5,6,5.0,216.0,253.0,412.0,455.0,0.0003635187291607,0.0034971924525813,0.024148956481798,0.0650501150451396,0.210197972175815
5,6,3.00208768267223,124.086290883786,133.092553931802,380.26443980515,797.55462769659,0.0002281838490003,0.0018902481910205,0.0106111957263411,0.0425950894807685,0.182228261891131
5,6,8.00208768267223,340.086290883786,386.092553931802,792.26443980515,1252.55462769659,0.0002973549777815,0.0026692416196722,0.016772560654903,0.0519143109188235,0.191483901465484
5,7,6.00440528634361,231.169603524229,226.165932452276,430.315712187959,469.344346549192,0.0004365427558115,0.0037427990403293,0.0215876334405347,0.0679419577270823,0.21682468109192
5,7,7.0,113.0,135.0,380.0,713.0,0.0005320587244077,0.0017213669944037,0.0107632724802176,0.0425654684171518,0.162908904564471
5,7,13.0044052863436,344.169603524229,361.165932452276,810.315712187959,1182.34434654919,0.0004832394742883,0.0027012903918167,0.0156897030177132,0.0530971475070616,0.180750526441501
5,8,8.0,219.0,219.0,338.0,437.0,0.0005816299666571,0.0035457645699782,0.0209036421719912,0.0533663565176145,0.201882448001827
5,8,5.0,103.0,121.0,350.0,746.0,0.0003800419460055,0.001569033632067,0.0096470812600468,0.0392050367000082,0.170448867889335
5,8,13.0,322.0,340.0,688.0,1183.0,0.0004830757752794,0.0025272874107947,0.0147702165312267,0.045082227748269,0.18085075926009
5,9,2.0,199.0,213.0,376.0,393.0,0.0001454074916642,0.0032219504539985,0.0203309396467311,0.0593661244101274,0.181555611132078
5,9,4.00318217979316,96.0763723150358,96.0763723150358,369.293556085919,692.550517104216,0.0003042754291646,0.0014635636835853,0.0076599716602782,0.0413661926269285,0.158236530290331
5,9,6.00318217979316,295.076372315036,309.076372315036,745.293556085919,1085.55051710422,0.0002230762988959,0.0023159714315986,0.0134268380699385,0.0488364735970679,0.165953199690178
5,10,2.0,213.0,195.0,353.0,374.0,0.0001454074916642,0.0034486203351843,0.018612832070951,0.0557346859488696,0.172778113392868
5,10,6.0,112.0,139.0,335.0,600.0,0.0004560503352066,0.00170613365817,0.0110821842574092,0.0375248208414364,0.137090242270242
5,10,8.0,325.0,334.0,688.0,974.0,0.0002972774001719,0.0025508335667959,0.0145095656512638,0.045082227748269,0.148899948875171
5,11,3.0,209.0,208.0,337.0,374.0,0.0002181112374964,0.0033838575119884,0.0198536875423478,0.0532084678888642,0.172778113392868
5,11,3.0,94.0,125.0,327.0,578.0,0.0002280251676033,0.0014319336059641,0.0099659930372384,0.0366287057168648,0.132063600053667
5,11,6.0,303.0,333.0,664.0,952.0,0.0002229580501289,0.0023781617561204,0.0144661238379367,0.0435095918965852,0.145536705676759
5,12,4.0,203.0,232.0,288.0,342.0,0.0002908149833285,0.0032867132771944,0.0221444976433879,0.0454719250800976,0.157994959305778
5,12,3.0,107.0,137.0,288.0,595.0,0.0002280251676033,0.0016299669770017,0.0109227283688134,0.0322601444845782,0.135947823584657
5,12,7.0,310.0,369.0,576.0,937.0,0.0002601177251504,0.0024331027867899,0.0160300291177136,0.0377432604404113,0.143243585314205
5,13,3.0,190.0,228.0,322.0,341.0,0.0002181112374964,0.0030762341018076,0.0217626959598812,0.0508401384576091,0.157532985740556
5,13,6.0,88.0,94.0,323.0,540.0,0.0004560503352066,0.0013405335885621,0.0074944267640033,0.036180648154579,0.123381218043218
5,13,9.0,278.0,322.0,645.0,881.0,0.0003344370751934,0.0021819437894438,0.0139882638913382,0.0422645885140022,0.134682602627336
5,14,8.0,193.0,204.0,333.0,324.0,0.0005816299666571,0.0031248062192046,0.0194718858588411,0.0525769133738628,0.149679435131789
5,14,1.0,99.0,124.0,260.0,551.0,7.60083892011041e-05,0.0015081002871324,0.0098862650929405,0.0291237415485775,0.125894539151506
5,14,9.0,292.0,328.0,593.0,875.0,0.0003344370751934,0.0022918258507827,0.014248914771301,0.038857210835354,0.133765354482315
5,15,3.00284360189573,197.18672985782,200.189573459716,331.313744075829,324.307109004739,0.0002183179780059,0.0031925923305924,0.0191081790418513,0.0523106727382734,0.149821311373621
5,15,5.0,97.0,107.0,300.0,567.0,0.0003800419460055,0.0014776336146651,0.0085308900398761,0.0336043171714356,0.129550278945379
5,15,8.00284360189573,294.18672985782,307.189573459716,631.313744075829,891.307109004739,0.0002973830674942,0.0023089888782376,0.0133448721062799,0.0413677761497659,0.136258298729858
5,16,3.0,204.0,193.0,311.0,330.0,0.0002181112374964,0.0033029039829934,0.0184219312291977,0.0491033635413554,0.152451276523119
5,16,4.0,94.0,105.0,293.0,559.0,0.0003040335568044,0.0014319336059641,0.0083714341512803,0.0328202164374355,0.127722409048443
5,16,7.0,298.0,298.0,604.0,889.0,0.0002601177251504,0.0023389181627851,0.0129456603714869,0.0395780022673757,0.135905600154032
5,17,4.0,196.0,189.0,324.0,306.0,0.0002908149833285,0.0031733783366015,0.018040129545691,0.0511559157151098,0.141363910957801
5,17,1.0,116.0,106.0,276.0,566.0,7.60083892011041e-05,0.0017670670031046,0.0084511620955782,0.0309159717977208,0.129321795208262
5,17,5.0,312.0,295.0,600.0,872.0,0.0001857983751074,0.002448800224124,0.0128153349315055,0.0393158962920951,0.133306730409804
5,18,1.0,193.0,220.0,278.0,313.0,7.27037458321478e-05,0.0031248062192046,0.0209990925928678,0.0438930387925942,0.144597725914352
5,18,4.0,96.0,108.0,285.0,583.0,0.0003040335568044,0.0014624002784314,0.008610617984174,0.0319241013128638,0.133206018739252
5,18,5.0,289.0,328.0,563.0,896.0,0.0001857983751074,0.0022682796947815,0.014248914771301,0.0368914160207492,0.13697572298989
5,19,5.0,189.0,190.0,316.0,328.0,0.0003635187291607,0.0030600433960086,0.0181355799665677,0.0498928066851071,0.151527329392676
5,19,2.0,82.0,99.0,251.0,526.0,0.0001520167784022,0.0012491335711602,0.0078930664854928,0.0281156120334345,0.120182445723579
5,19,7.0,271.0,289.0,567.0,854.0,0.0002601177251504,0.0021270027587744,0.0125546840515427,0.0371535219960299,0.130554985974739
5,20,9.0,190.0,165.0,268.0,292.0,0.0006543337124893,0.0030762341018076,0.0157493194446509,0.0423141525050908,0.134896281044699
5,20,5.0,84.0,91.0,261.0,566.0,0.0003800419460055,0.0012796002436275,0.0072552429311096,0.029235755939149,0.129321795208262
5,20,14.0,274.0,256.0,529.0,858.0,0.0005202354503009,0.0021505489147756,0.0111211042117471,0.0346635152308638,0.131166484738087
5,21,4.0,213.0,183.0,257.0,286.0,0.0002908149833285,0.0034486203351843,0.017467427020431,0.0405773775888371,0.13212443965337
5,21,2.00205128205128,93.0953846153846,110.112820512821,268.274871794872,502.514871794872,0.0001521726930467,0.0014181532956481,0.0087790688203316,0.030050646269737,0.114816475864598
5,21,6.00205128205128,306.095384615385,293.112820512821,525.274871794872,788.514871794872,0.0002230342751033,0.002402456559133,0.0127333524325086,0.0344194206405512,0.120543967245964
5,22,6.0,193.0,187.0,283.0,303.0,0.0004362224749928,0.0031248062192046,0.0178492287039377,0.0446824819363459,0.139977990262136
5,22,3.0,88.0,107.0,261.0,517.0,0.0002280251676033,0.0013405335885621,0.0085308900398761,0.029235755939149,0.118126092089526
5,22,9.0,281.0,294.0,544.0,820.0,0.0003344370751934,0.002205489945445,0.0127718931181783,0.0356464126381662,0.125357246486284
5,23,2.0,191.0,173.0,270.0,255.0,0.0001454074916642,0.0030924248076066,0.0165129228116643,0.0426299297625915,0.117803259131501
5,23,5.0,86.0,102.0,251.0,506.0,0.0003800419460055,0.0013100669160948,0.0081322503183866,0.0281156120334345,0.115612770981238
5,23,7.0,277.0,275.0,521.0,761.0,0.0002601177251504,0.0021740950707768,0.0119464986649627,0.0341393032803026,0.116337639726905
5,24,2.0,198.0,191.0,289.0,276.0,0.0001454074916642,0.0032057597481995,0.0182310303874443,0.0456298137088479,0.127504704001154
5,24,1.0,86.0,88.0,239.0,503.0,7.60083892011041e-05,0.0013100669160948,0.0070160590982159,0.026771439346577,0.114927319769887
5,24,3.0,284.0,279.0,528.0,779.0,0.0001114790250644,0.0022290361014462,0.0121202659182713,0.0345979887370437,0.119089384161969
5,25,1.0,195.0,197.0,300.0,269.0,7.27037458321478e-05,0.0031571876308025,0.0188037329127044,0.0473665886251016,0.124270889044603
5,25,1.0,88.0,98.0,251.0,516.0,7.60083892011041e-05,0.0013405335885621,0.0078133385411949,0.0281156120334345,0.117897608352408
5,25,2.0,283.0,295.0,551.0,785.0,7.43193500429862e-05,0.0022211873827792,0.0128153349315055,0.0361050980949073,0.120006632306991
5,26,3.0,213.0,173.0,289.0,297.0,0.0002181112374964,0.0034486203351843,0.0165129228116643,0.0456298137088479,0.137206148870807
5,26,3.0,88.0,109.0,275.0,469.0,0.0002280251676033,0.0013405335885621,0.0086903459284719,0.0308039574071493,0.107158872707906
5,26,6.0,301.0,282.0,564.0,766.0,0.0002229580501289,0.0023624643187863,0.0122505913582527,0.0369569425145694,0.117102013181089
5,27,6.0,181.0,207.0,266.0,302.0,0.0004362224749928,0.0029305177496167,0.0197582371214711,0.0419983752475901,0.139516016696915
5,27,3.0,97.0,89.0,250.0,481.0,0.0002280251676033,0.0014776336146651,0.0070957870425138,0.028003597642863,0.109900677553311
5,27,9.0,278.0,296.0,516.0,783.0,0.0003344370751934,0.0021819437894438,0.0128587767448326,0.0338116708112018,0.119700882925317
5,28,2.0,198.0,190.0,282.0,270.0,0.0001454074916642,0.0032057597481995,0.0181355799665677,0.0445245933075955,0.124732862609825
5,28,7.0,103.0,110.0,258.0,478.0,0.0005320587244077,0.001569033632067,0.0087700738727698,0.0288997127674346,0.10921522634196
5,28,9.0,301.0,300.0,540.0,748.0,0.0003344370751934,0.0023624643187863,0.0130325439981412,0.0353843066628856,0.114350268746025
5,29,2.0,203.0,173.0,262.0,261.0,0.0001454074916642,0.0032867132771944,0.0165129228116643,0.0413668207325888,0.12057510052283
5,29,3.0,68.0,105.0,253.0,491.0,0.0002280251676033,0.0010358668638889,0.0083714341512803,0.0283396408145774,0.112185514924482
5,29,5.0,271.0,278.0,515.0,752.0,0.0001857983751074,0.0021270027587744,0.0120768241049441,0.0337461443173816,0.114961767509372
5,30,6.0,192.0,184.0,291.0,275.0,0.0004362224749928,0.0031086155134056,0.0175628774413076,0.0459455909663486,0.127042730435932
5,30,1.0,99.0,85.0,230.0,478.0,7.60083892011041e-05,0.0015081002871324,0.0067768752653221,0.025763309831434,0.10921522634196
5,30,7.0,291.0,269.0,521.0,753.0,0.0002601177251504,0.0022839771321157,0.0116858477849999,0.0341393032803026,0.115114642200209
5,31,7.0,184.0,214.0,278.0,273.0,0.000508926220825,0.0029790898670137,0.0204263900676078,0.0438930387925942,0.126118783305489
5,31,3.0,93.0,100.0,243.0,448.0,0.0002280251676033,0.0014167002697304,0.0079727944297908,0.0272194969088628,0.102360714228448
5,31,10.0,277.0,314.0,521.0,721.0,0.0003715967502149,0.0021740950707768,0.0136407293847211,0.0341393032803026,0.110222652093427
5,32,4.0,195.0,172.0,300.0,288.0,0.0002908149833285,0.0031571876308025,0.0164174723907876,0.0473665886251016,0.133048386783813
5,32,4.0,79.0,99.0,239.0,458.0,0.0003040335568044,0.0012034335624592,0.0078930664854928,0.026771439346577,0.104645551599618
5,32,8.0,274.0,271.0,539.0,746.0,0.0002972774001719,0.0021505489147756,0.0117727314116542,0.0353187801690654,0.114044519364351
5,33,2.0,186.0,176.0,267.0,253.0,0.0001454074916642,0.0030114712786116,0.0167992740742943,0.0421562638763405,0.116879312001058
5,33,5.0,95.0,86.0,256.0,443.0,0.0003800419460055,0.0014471669421978,0.00685660320962,0.0286756839862917,0.101218295542862
5,33,7.0,281.0,262.0,523.0,696.0,0.0002601177251504,0.002205489945445,0.0113817550917099,0.0342703562679429,0.106400784822504
5,34,3.0,200.0,180.0,309.0,253.0,0.0002181112374964,0.0032381411597975,0.017181075757801,0.0487875862838547,0.116879312001058
5,34,6.0,98.0,120.0,257.0,512.0,0.0004560503352066,0.0014928669508987,0.0095673533157489,0.0287876983768632,0.11698367340394
5,34,9.0,298.0,300.0,566.0,765.0,0.0003344370751934,0.0023389181627851,0.0130325439981412,0.0370879955022097,0.116949138490252
5,35,4.0,197.0,184.0,298.0,293.0,0.0002908149833285,0.0031895690424005,0.0175628774413076,0.047050811367601,0.135358254609921
5,35,3.0,96.0,109.0,242.0,454.0,0.0002280251676033,0.0014624002784314,0.0086903459284719,0.0271074825182914,0.10373161665115
5,35,7.0,293.0,293.0,540.0,747.0,0.0002601177251504,0.0022996745694498,0.0127284513048512,0.0353843066628856,0.114197394055188
5,36,8.0,200.0,178.0,316.0,290.0,0.0005816299666571,0.0032381411597975,0.0169901749160476,0.0498928066851071,0.133972333914256
5,36,3.0,88.0,113.0,267.0,470.0,0.0002280251676033,0.0013405335885621,0.0090092577056636,0.0299078422825777,0.107387356445023
5,36,11.0,288.0,291.0,583.0,760.0,0.0004087564252364,0.0022604309761145,0.0126415676781969,0.0382019458971524,0.116184765036068
5,37,6.0,179.0,167.0,271.0,308.0,0.0004362224749928,0.0028981363380187,0.0159402202864042,0.0427878183913418,0.142287858088244
5,37,2.0,89.0,88.0,255.0,443.0,0.0001520167784022,0.0013557669247958,0.0070160590982159,0.0285636695957203,0.101218295542862
5,37,8.0,268.0,255.0,526.0,751.0,0.0002972774001719,0.0021034566027732,0.01107766239842,0.0344669357494034,0.114808892818535
5,38,4.0,193.0,167.0,308.0,258.0,0.0002908149833285,0.0031248062192046,0.0159402202864042,0.0486296976551043,0.119189179827166
5,38,4.0,117.0,111.0,243.0,494.0,0.0003040335568044,0.0017823003393383,0.0088498018170677,0.0272194969088628,0.112870966135833
5,38,8.0,310.0,278.0,551.0,752.0,0.0002972774001719,0.0024331027867899,0.0120768241049441,0.0361050980949073,0.114961767509372
5,39,2.0,213.0,186.0,258.0,263.0,0.0001454074916642,0.0034486203351843,0.017753778283061,0.0407352662175874,0.121499047653274
5,39,0.0,84.0,105.0,246.0,465.0,0.0,0.0012796002436275,0.0083714341512803,0.0275555400805772,0.106244937759438
5,39,2.0,297.0,291.0,504.0,728.0,7.43193500429862e-05,0.0023310694441181,0.0126415676781969,0.0330253528853599,0.111292774929286
5,40,2.0020942408377,205.214659685864,184.192670157068,283.296335078534,281.294240837696,0.0001455597508178,0.0033225701806131,0.0175812678888902,0.0447292698755462,0.129950503316086
5,40,5.0,98.0,108.0,260.0,474.0,0.0003800419460055,0.0014928669508987,0.008610617984174,0.0291237415485775,0.108301291393491
5,40,7.0020942408377,303.214659685864,292.192670157068,543.296335078534,755.294240837696,0.0002601955464593,0.002379846559604,0.0126933794325211,0.0356003039430383,0.115465373558977
5,41,4.004,208.208,199.199,280.28,309.309,0.0002911057983119,0.0033710344729956,0.0190136283882122,0.0442530248661449,0.142892581485119
5,41,4.0,88.0,99.0,236.0,432.0,0.0003040335568044,0.0013405335885621,0.0078930664854928,0.0264353961748627,0.0987049744345745
5,41,8.004,296.208,298.199,516.28,741.309,0.000297426038872,0.0023248532589337,0.012954305292339,0.0338300182294714,0.113327384189635
5,42,3.0,190.0,199.0,292.0,284.0,0.0002181112374964,0.0030762341018076,0.0189946337544577,0.0461034795950989,0.131200492522927
5,42,2.0,68.0,106.0,278.0,487.0,0.0001520167784022,0.0010358668638889,0.0084511620955782,0.0311400005788637,0.111271579976013
5,42,5.0,258.0,305.0,570.0,771.0,0.0001857983751074,0.0020249694161026,0.0132497530647769,0.0373501014774903,0.117866386635274
5,43,6.0,201.0,203.0,343.0,330.0,0.0004362224749928,0.0032543318655965,0.0193764354379644,0.0541557996613662,0.152451276523119
5,43,3.0,100.0,115.0,299.0,531.0,0.0002280251676033,0.0015233336233661,0.0091687135942594,0.0334923027808642,0.121324864409165
5,43,9.0,301.0,318.0,642.0,861.0,0.0003344370751934,0.0023624643187863,0.0138144966380296,0.0420680090325417,0.131625108810598
5,44,2.0,188.0,223.0,326.0,344.0,0.0001454074916642,0.0030438526902096,0.0212854438554979,0.0514716929726104,0.158918906436221
5,44,2.0,108.0,114.0,275.0,552.0,0.0001520167784022,0.0016452003132353,0.0090889856499615,0.0308039574071493,0.126123022888623
5,44,4.0,296.0,337.0,601.0,896.0,0.0001486387000859,0.002323220725451,0.0146398910912452,0.0393814227859152,0.13697572298989
5,45,6.0,200.0,221.0,305.0,320.0,0.0004362224749928,0.0032381411597975,0.0210945430137445,0.0481560317688533,0.147831540870903
5,45,0.0,91.0,110.0,277.0,567.0,0.0,0.0013862335972631,0.0087700738727698,0.0310279861882922,0.129550278945379
5,45,6.0,291.0,331.0,582.0,887.0,0.0002229580501289,0.0022839771321157,0.0143792402112824,0.0381364194033322,0.135599850772358
5,46,0.0,214.0,205.0,322.0,372.0,0.0,0.0034648110409833,0.0195673362797178,0.0508401384576091,0.171854166262425
5,46,1.0,76.0,96.0,312.0,550.0,7.60083892011041e-05,0.0011577335537582,0.0076538826525991,0.034948489858293,0.125666055414389
5,46,1.0,290.0,301.0,634.0,922.0,3.71596750214931e-05,0.0022761284134486,0.0130759858114683,0.0415437970819805,0.140950464951651
5,47,3.0,215.0,204.0,363.0,365.0,0.0002181112374964,0.0034810017467823,0.0194718858588411,0.057313572236373,0.168620351305874
5,47,5.0,104.0,108.0,285.0,581.0,0.0003800419460055,0.0015842669683007,0.008610617984174,0.0319241013128638,0.132749051265018
5,47,8.0,319.0,312.0,648.0,946.0,0.0002972774001719,0.0025037412547935,0.0135538457580668,0.0424611679954627,0.144619457531737
5,48,3.0,195.0,227.0,337.0,357.0,0.0002181112374964,0.0031571876308025,0.0216672455390045,0.0532084678888642,0.164924562784101
5,48,5.0,82.0,93.0,323.0,619.0,0.0003800419460055,0.0012491335711602,0.0074146988197054,0.036180648154579,0.141431433275467
5,48,8.0,277.0,320.0,660.0,976.0,0.0002972774001719,0.0021740950707768,0.0139013802646839,0.0432474859213046,0.149205698256845
5,49,5.0,206.0,212.0,325.0,343.0,0.0003635187291607,0.0033352853945914,0.0202354892258545,0.0513138043438601,0.158456932870999
5,49,1.0,84.0,116.0,260.0,576.0,7.60083892011041e-05,0.0012796002436275,0.0092484415385573,0.0291237415485775,0.131606632579433
5,49,6.0,290.0,328.0,585.0,919.0,0.0002229580501289,0.0022761284134486,0.014248914771301,0.0383329988847927,0.14049184087914
5,50,1.0,237.0,215.0,354.0,361.0,7.27037458321478e-05,0.00383719727436,0.0205218404884845,0.0558925745776199,0.166772457044988
5,50,4.0,85.0,123.0,309.0,601.0,0.0003040335568044,0.0012948335798611,0.0098065371486426,0.0346124466865787,0.137318726007359
5,50,5.0,322.0,338.0,663.0,962.0,0.0001857983751074,0.0025272874107947,0.0146833329045724,0.0434440654027651,0.147065452585128
5,51,6.0,215.0,203.0,333.0,359.0,0.0004362224749928,0.0034810017467823,0.0193764354379644,0.0525769133738628,0.165848509914545
5,51,4.0,100.0,116.0,319.0,629.0,0.0003040335568044,0.0015233336233661,0.0092484415385573,0.0357325905922932,0.143716270646637
5,51,10.0,315.0,319.0,652.0,988.0,0.0003715967502149,0.0024723463801252,0.0138579384513568,0.0427232739707433,0.151040194546888
5,52,7.0,202.0,207.0,363.0,357.0,0.000508926220825,0.0032705225713954,0.0197582371214711,0.057313572236373,0.164924562784101
5,52,4.0,107.0,138.0,320.0,608.0,0.0003040335568044,0.0016299669770017,0.0110024563131113,0.0358446049828647,0.138918112167179
5,52,11.0,309.0,345.0,683.0,965.0,0.0004087564252364,0.0024252540681228,0.0149874255978623,0.0447545952791682,0.147524076657639
6,1,8.00650935720098,235.191212367779,229.186330349878,359.292107404394,398.323840520749,0.0005891025511896,0.0038085986558743,0.0212526434423223,0.0548634776653744,0.177263942210386
6,1,3.0,94.0,127.0,341.0,715.0,0.0002303982474347,0.0014367601757581,0.0099238210961757,0.0375054163906001,0.159434461341651
6,1,11.006509357201,329.191212367779,356.186330349878,700.292107404394,1113.32384052075,0.0004135925778501,0.0025884357103765,0.0151045535769564,0.044773249473539,0.16538603654796
6,2,2.0,246.0,244.0,383.0,461.0,0.0001471559015065,0.0039836321260166,0.0226263276348558,0.0584836446801988,0.205156380426924
6,2,7.0,104.0,129.0,369.0,720.0,0.000537595910681,0.0015896070029664,0.0100801017433596,0.0405850400238459,0.16054938764474
6,2,9.0,350.0,373.0,752.0,1181.0,0.0003381937978561,0.0027520555367063,0.0158175595303462,0.0480791990201003,0.175439438242677
6,3,2.0,245.0,245.0,390.0,472.0,0.0001471559015065,0.003967438499488,0.0227190584858183,0.0595525363584269,0.210051651977241
6,3,4.0,115.0,124.0,376.0,799.0,0.0003071976632463,0.0017577385128956,0.0096894001253999,0.0413549459321573,0.178165223233537
6,3,6.0,360.0,369.0,766.0,1271.0,0.0002254625319041,0.0028306856948979,0.0156479342270717,0.0489742904912192,0.188809082139241
6,4,4.0,223.0,252.0,405.0,426.0,0.000294311803013,0.0036111787158605,0.023368174442556,0.0618430185260588,0.189580516403188
6,4,1.0,101.0,136.0,370.0,753.0,7.6799415811583e-05,0.0015437529548039,0.0106270840085031,0.0406950265821761,0.167907901245124
6,4,5.0,324.0,388.0,775.0,1179.0,0.0001878854432534,0.0025476171254081,0.0164536544176255,0.0495497064369385,0.175142335044976
6,5,3.00215053763441,230.164874551971,280.200716845878,423.303225806452,459.329032258065,0.0002208920844119,0.0037272040184789,0.0259832509134275,0.0646378993473798,0.204412758531597
6,5,5.0,99.0,144.0,341.0,706.0,0.0003839970790579,0.0015131835893623,0.0112522065972386,0.0375054163906001,0.157427593996092
6,5,8.00215053763441,329.164874551971,424.200716845878,764.303225806452,1165.32903225807,0.0003006975201488,0.0025882286157142,0.0179887938110595,0.0488658070548578,0.173111490929075
6,6,5.00400962309543,223.178829190056,197.15797914996,395.316760224539,427.34242181235,0.0003681847736169,0.0036140746089767,0.0182826271806273,0.060364399324019,0.190177927249235
6,6,2.0,102.0,117.0,305.0,716.0,0.0001535988316231,0.0015590376375248,0.0091424178602563,0.0335459002907127,0.159657446602269
6,6,7.00400962309543,325.178829190056,314.15797914996,700.316760224539,1143.34242181235,0.0002631902905173,0.0025568862779776,0.0133222856223532,0.0447748256541855,0.169845344794057
6,7,8.0,218.0,209.0,336.0,376.0,0.000588623606026,0.0035302105832179,0.0193807478511675,0.0513068005549524,0.167329282083565
6,7,2.0,89.0,110.0,300.0,640.0,0.0001535988316231,0.001360336762154,0.0085954355951128,0.0329959674990617,0.142710566795324
6,7,10.0,307.0,319.0,636.0,1016.0,0.0003757708865068,0.0024139458564823,0.0135276179361406,0.0406627268308295,0.150928424432312
6,8,4.0,228.0,221.0,347.0,371.0,0.000294311803013,0.0036921468485032,0.0204935180627178,0.0529864874778824,0.165104158651603
6,8,4.0,109.0,110.0,327.0,639.0,0.0003071976632463,0.0016660304165706,0.0085954355951128,0.0359656045739773,0.142487581534706
6,8,8.0,337.0,331.0,674.0,1010.0,0.0003006167092054,0.0026498363310572,0.014036493845964,0.0430922608238665,0.150037114839208
6,9,3.00260190806592,220.1908065915,211.183000867303,357.309627059844,362.313963573287,0.0002209252953233,0.0035656876869569,0.0195831793792444,0.0545607552735829,0.161238658014811
6,9,3.0,100.0,111.0,331.0,610.0,0.0002303982474347,0.0015284682720831,0.0086735759187047,0.0364055508072981,0.136021008976793
6,9,6.00260190806592,320.1908065915,322.183000867303,688.309627059844,972.313963573287,0.0002255603040341,0.0025176653773788,0.0136625973080004,0.0440071483335921,0.144438793873674
6,10,4.0,195.0,217.0,322.0,349.0,0.000294311803013,0.0031577571730619,0.0201225946588677,0.0491690171984961,0.155313615550968
6,10,1.0,93.0,100.0,303.0,598.0,7.6799415811583e-05,0.0014214754930373,0.0078140323591934,0.0333259271740523,0.133345185849381
6,10,5.0,288.0,317.0,625.0,947.0,0.0001878854432534,0.0022645485559183,0.0134428052845033,0.0399594406749504,0.140678364111614
6,11,3.0,255.0,208.0,365.0,391.0,0.0002207338522597,0.0041293747647733,0.019288017000205,0.0557350660790406,0.174004652379452
6,11,2.0,94.0,128.0,293.0,623.0,0.0001535988316231,0.0014367601757581,0.0100019614197676,0.0322260615907503,0.138919817364823
6,11,5.0,349.0,336.0,658.0,1014.0,0.0001878854432534,0.0027441925208871,0.0142485254750571,0.0420692991425878,0.15063132123461
6,12,3.00490596892886,197.322158626329,245.400654129191,370.605069501226,408.667211774325,0.0002210948234,0.0031953613425967,0.0227562114841598,0.0565909535284337,0.18186699775875
6,12,2.0,92.0,109.0,342.0,670.0,0.0001535988316231,0.0014061908103164,0.0085172952715208,0.0376154029489303,0.149400124613855
6,12,5.00490596892886,289.322158626329,354.400654129191,712.605069501226,1078.66721177433,0.0001880697952827,0.0022749447101125,0.0150288296093354,0.045560479999045,0.160237738936903
6,13,4.00318979266348,214.170653907496,215.171451355662,374.298245614035,447.356459330144,0.0002945465014205,0.0034681995827475,0.0199530317870518,0.0571548971303211,0.199084668019038
6,13,3.0,103.0,138.0,361.0,684.0,0.0002303982474347,0.0015743223202456,0.010783364655687,0.0397051475572043,0.152521918262503
6,13,7.00318979266348,317.170653907496,353.171451355662,735.298245614035,1131.35645933014,0.0002631594836764,0.0024939178690482,0.014976703636024,0.0470113705984146,0.168064810903561
6,14,0.0,229.0,226.0,404.0,436.0,0.0,0.0037083404750317,0.0209571723175304,0.0616903197148833,0.194030763267112
6,14,2.0,124.0,135.0,348.0,750.0,0.0001535988316231,0.001895300657383,0.0105489436849112,0.0382753222989116,0.16723894546327
6,14,2.0,353.0,361.0,752.0,1186.0,7.51541773013702e-05,0.0027756445841637,0.0153086836205227,0.0480791990201003,0.176182196236931
6,15,5.00383435582822,236.180981595092,230.176380368098,387.296779141104,446.342024539877,0.0003681718778105,0.0038246266090908,0.0213444516230073,0.0591397577469289,0.198633219494634
6,15,6.0,95.0,134.0,369.0,700.0,0.0004607964948694,0.0014520448584789,0.0104708033613192,0.0405850400238459,0.156089682432386
6,15,11.0038343558282,331.180981595092,364.176380368098,756.296779141104,1146.34202453988,0.0004134920590864,0.0026040812972874,0.0154433822413361,0.048353914045992,0.170290940575148
6,16,3.0025974025974,216.187012987013,191.165367965368,377.326406926407,368.318614718615,0.0002209249638201,0.0035008517486286,0.0177269272459926,0.0576172937627678,0.163910876007657
6,16,2.0,88.0,128.0,345.0,671.0,0.0001535988316231,0.0013450520794331,0.0100019614197676,0.037945362623921,0.149623109874473
6,16,5.0025974025974,304.187012987013,319.165367965368,722.326406926407,1039.31861471861,0.000187983046081,0.0023918272951001,0.0135346305839599,0.0461820147288413,0.154392441931746
6,17,3.00273722627737,190.173357664234,207.188868613139,320.29197080292,376.343065693431,0.00022093525176,0.0030795963296897,0.0192128000964589,0.048908203170649,0.167481954786196
6,17,1.0,96.0,130.0,315.0,672.0,7.6799415811583e-05,0.0014673295411998,0.0101582420669515,0.0346457658740148,0.14984609513509
6,17,4.00273722627737,286.173357664234,337.188868613139,635.29197080292,1048.34306569343,0.0001504112115972,0.0022501856383362,0.0142989410248215,0.0406174589097145,0.155733038552804
6,18,2.0,177.0,200.0,322.0,372.0,0.0001471559015065,0.0028662718955485,0.0185461701925048,0.0491690171984961,0.165549183337995
6,18,6.0,91.0,116.0,310.0,578.0,0.0004607964948694,0.0013909061275956,0.0090642775366644,0.0340958330823638,0.128885480637027
6,18,8.0,268.0,316.0,632.0,950.0,0.0003006167092054,0.0021072882395351,0.0134003989586847,0.0404069864105098,0.141124018908166
6,19,3.0,214.0,198.0,317.0,334.0,0.0002207338522597,0.0034654360771038,0.0183607084905797,0.0484055231426188,0.148638245255082
6,19,2.0,83.0,115.0,294.0,612.0,0.0001535988316231,0.001268628665829,0.0089861372130724,0.0323360481490805,0.136466979498029
6,19,5.0,297.0,313.0,611.0,946.0,0.0001878854432534,0.0023353156982907,0.0132731799812288,0.0390643492038315,0.140529812512763
6,20,2.0,197.0,193.0,325.0,303.0,0.0001471559015065,0.003190144426119,0.0178970542357671,0.0496271136320225,0.134842479976915
6,20,3.0,77.0,82.0,312.0,563.0,0.0002303982474347,0.001176920569504,0.0064075065345386,0.0343158061990242,0.125540701727762
6,20,5.0,274.0,275.0,637.0,866.0,0.0001878854432534,0.00215446633445,0.0116617396001212,0.0407266619359094,0.128645684604707
6,21,6.0,227.0,173.0,323.0,351.0,0.0004414677045195,0.0036759532219746,0.0160424372165166,0.0493217160096715,0.156203664923753
6,21,7.0,90.0,100.0,255.0,539.0,0.000537595910681,0.0013756214448748,0.0078140323591934,0.0280465723742024,0.120189055472937
6,21,13.0,317.0,273.0,578.0,890.0,0.0004885021524589,0.0024925760146739,0.0115769269484839,0.0369544907361941,0.132210922977124
6,22,1.00087950747581,245.215479331574,206.181178540018,319.280562884785,366.321899736148,7.36426631109995e-05,0.0039709278913082,0.0191193561384719,0.0487537623839363,0.163022288548769
6,22,4.0,104.0,149.0,318.0,622.0,0.0003071976632463,0.0015896070029664,0.0116429082151983,0.0349757255490054,0.138696832104206
6,22,5.00087950747581,349.215479331574,355.181178540018,637.280562884785,988.321899736148,0.0001879184925838,0.00274588683828,0.0150619287818103,0.0407445997534297,0.146816798384967
6,23,3.0,206.0,197.0,294.0,294.0,0.0002207338522597,0.0033358870648757,0.0182679776396172,0.0448934504855834,0.130837257799383
6,23,2.0,92.0,113.0,282.0,540.0,0.0001535988316231,0.0014061908103164,0.0088298565658886,0.031016209449118,0.120412040733555
6,23,5.0,298.0,310.0,576.0,834.0,0.0001878854432534,0.0023431787141099,0.013145961003773,0.0368266205260343,0.123892033441484
6,24,3.0,218.0,166.0,256.0,278.0,0.0002207338522597,0.0035302105832179,0.015393321259779,0.0390908956609161,0.123716862817104
6,24,2.0,86.0,93.0,279.0,490.0,0.0001535988316231,0.0013144827139915,0.0072670500940499,0.0306862497741274,0.10926277770267
6,24,5.0,304.0,259.0,535.0,768.0,0.0001878854432534,0.0023903568090249,0.0109832383870232,0.0342052812177575,0.114087627917338
6,25,3.0,218.0,196.0,292.0,289.0,0.0002207338522597,0.0035302105832179,0.0181752467886547,0.0445880528632325,0.128612134367421
6,25,5.0,82.0,103.0,249.0,505.0,0.0003839970790579,0.0012533439831081,0.0080484533299692,0.0273866530242212,0.112607556611935
6,25,8.0,300.0,299.0,541.0,794.0,0.0003006167092054,0.0023589047457482,0.0126794914197681,0.034588891848237,0.117949969487456
6,26,5.0,210.0,228.0,313.0,315.0,0.0003678897537662,0.0034006615709897,0.0211426340194554,0.047794727897917,0.140182776213625
6,26,1.0,102.0,130.0,276.0,541.0,7.6799415811583e-05,0.0015590376375248,0.0101582420669515,0.0303562900991368,0.120635025994172
6,26,6.0,312.0,358.0,589.0,856.0,0.0002254625319041,0.0024532609355781,0.0151814646430668,0.0376577768920732,0.1271601686162
6,27,2.0,248.0,193.0,308.0,282.0,0.0001471559015065,0.0040160193790736,0.0178970542357671,0.0470312338420397,0.125496961562674
6,27,1.0,95.0,115.0,298.0,519.0,7.6799415811583e-05,0.0014520448584789,0.0089861372130724,0.0327759943824013,0.115729350260583
6,27,3.0,343.0,308.0,606.0,801.0,0.000112731265952,0.0026970144259721,0.0130611483521357,0.0387446736784319,0.118989830679411
6,28,3.0,199.0,181.0,305.0,355.0,0.0002207338522597,0.003222531679176,0.0167842840242168,0.0465731374085134,0.157983763669323
6,28,8.0,96.0,128.0,332.0,629.0,0.0006143953264926,0.0014673295411998,0.0100019614197676,0.0365155373656283,0.140257728928529
6,28,11.0,295.0,309.0,637.0,984.0,0.0004133479751575,0.0023195896666524,0.0131035546779543,0.0407266619359094,0.146174773269089
6,29,3.0,247.0,206.0,401.0,378.0,0.0002207338522597,0.0039998257525451,0.0191025552982799,0.0612322232813569,0.16821933145635
6,29,1.0,110.0,123.0,368.0,814.0,7.6799415811583e-05,0.0016813150992914,0.0096112598018079,0.0404750534655157,0.181510002142803
6,29,4.0,357.0,329.0,769.0,1192.0,0.0001503083546027,0.0028070966474404,0.0139516811943268,0.0491660958064589,0.177073505830035
6,30,5.0,217.0,195.0,369.0,399.0,0.0003678897537662,0.0035140169566894,0.0180825159376921,0.0563458613237424,0.177564849870591
6,30,6.0,92.0,128.0,345.0,684.0,0.0004607964948694,0.0014061908103164,0.0100019614197676,0.037945362623921,0.152521918262503
6,30,11.0,309.0,323.0,714.0,1083.0,0.0004133479751575,0.0024296718881207,0.0136972432394151,0.0456496650270633,0.160881381555309
6,31,3.0,214.0,204.0,299.0,308.0,0.0002207338522597,0.0034654360771038,0.0189170935963549,0.0456569445414607,0.137067603408878
6,31,2.0,106.0,127.0,331.0,623.0,0.0001535988316231,0.0016201763684081,0.0099238210961757,0.0364055508072981,0.138919817364823
6,31,5.0,320.0,331.0,630.0,931.0,0.0001878854432534,0.0025161650621314,0.014036493845964,0.04027911620035,0.138301538530002
6,32,3.0,187.0,197.0,328.0,309.0,0.0002207338522597,0.0030282081608337,0.0182679776396172,0.0500852100655488,0.13751262809527
6,32,7.0,97.0,103.0,266.0,593.0,0.000537595910681,0.0014826142239206,0.0080484533299692,0.0292564245158347,0.132230259546292
6,32,10.0,284.0,300.0,594.0,902.0,0.0003757708865068,0.0022330964926416,0.0127218977455867,0.0379774524174728,0.133993542163332
6,33,3.0,186.0,188.0,305.0,294.0,0.0002207338522597,0.0030120145343052,0.0174333999809545,0.0465731374085134,0.130837257799383
6,33,3.0,100.0,109.0,262.0,491.0,0.0002303982474347,0.0015284682720831,0.0085172952715208,0.0288164782825139,0.109485762963288
6,33,6.0,286.0,297.0,567.0,785.0,0.0002254625319041,0.00224882252428,0.0125946787681309,0.036251204580315,0.1166130050978
6,34,5.00508646998983,208.211597151577,178.181078331638,270.274669379451,322.327568667345,0.0003682640058047,0.0033717008431798,0.0165228830191129,0.0412706207050809,0.143443725161829
6,34,4.0,99.0,108.0,279.0,540.0,0.0003071976632463,0.0015131835893623,0.0084391549479289,0.0306862497741274,0.120412040733555
6,34,9.00508646998983,307.211597151577,286.181078331638,549.274669379451,862.327568667345,0.0003383849325898,0.0024156096482325,0.0121358880508562,0.0351179337045138,0.128100139058571
6,35,4.0,210.0,213.0,273.0,318.0,0.000294311803013,0.0034006615709897,0.0197516712550176,0.0416867754508989,0.141517850272802
6,35,2.0,102.0,105.0,294.0,557.0,0.0001535988316231,0.0015590376375248,0.0082047339771531,0.0323360481490805,0.124202790164055
6,35,6.0,312.0,318.0,567.0,875.0,0.0002254625319041,0.0024532609355781,0.0134852116103219,0.036251204580315,0.129982648994363
6,36,4.0,199.0,202.0,337.0,306.0,0.000294311803013,0.003222531679176,0.0187316318944298,0.0514594993661279,0.136177554036093
6,36,2.0,82.0,109.0,299.0,521.0,0.0001535988316231,0.0012533439831081,0.0085172952715208,0.0328859809407315,0.116175320781819
6,36,6.0,281.0,311.0,636.0,827.0,0.0002254625319041,0.0022095074451842,0.0131883673295916,0.0406627268308295,0.122852172249529
6,37,5.0,244.0,213.0,338.0,336.0,0.0003678897537662,0.0039512448729595,0.0197516712550176,0.0516121981773034,0.149528294627866
6,37,5.0,93.0,124.0,304.0,577.0,0.0003839970790579,0.0014214754930373,0.0096894001253999,0.0334359137323825,0.128662495376409
6,37,10.0,337.0,337.0,642.0,913.0,0.0003757708865068,0.0026498363310572,0.0142909318008758,0.041046337461309,0.13562760975069
6,38,1.0,219.0,192.0,305.0,329.0,7.35779507532569e-05,0.0035464042097465,0.0178043233848046,0.0465731374085134,0.146413121823119
6,38,2.0,85.0,119.0,304.0,571.0,0.0001535988316231,0.0012991980312706,0.0092986985074402,0.0334359137323825,0.127324583812703
6,38,3.0,304.0,311.0,609.0,900.0,0.000112731265952,0.0023903568090249,0.0131883673295916,0.0389364789936716,0.133696438965631
6,39,4.0,206.0,195.0,262.0,281.0,0.000294311803013,0.0033358870648757,0.0180825159376921,0.0400070885279689,0.125051936876281
6,39,5.0,84.0,110.0,257.0,487.0,0.0003839970790579,0.0012839133485498,0.0085954355951128,0.0282665454908629,0.108593821920817
6,39,9.0,290.0,305.0,519.0,768.0,0.0003381937978561,0.0022802745875566,0.0129339293746799,0.0331823195364788,0.114087627917338
6,40,5.0,191.0,217.0,354.0,333.0,0.0003678897537662,0.0030929826669478,0.0201225946588677,0.0540553791561106,0.148193220568689
6,40,2.0,99.0,119.0,282.0,540.0,0.0001535988316231,0.0015131835893623,0.0092986985074402,0.031016209449118,0.120412040733555
6,40,7.0,290.0,336.0,636.0,873.0,0.0002630396205547,0.0022802745875566,0.0142485254750571,0.0406627268308295,0.129685545796662
6,41,5.00463821892393,237.219851576994,206.191094619666,312.289424860853,318.294990723562,0.0003682310244098,0.0038414496815894,0.0191202756649759,0.0476862239189185,0.141649128427044
6,41,2.0,110.0,109.0,296.0,561.0,0.0001535988316231,0.0016813150992914,0.0085172952715208,0.0325560212657409,0.125094731206526
6,41,7.00463821892393,347.219851576994,315.191094619666,608.289424860853,879.294990723562,0.0002632139113184,0.0027301951856765,0.0133660962535698,0.0388910482974831,0.130620676733397
6,42,2.0,231.0,238.0,328.0,334.0,0.0001471559015065,0.0037407277280887,0.0220699425290807,0.0500852100655488,0.148638245255082
6,42,5.0,101.0,115.0,287.0,575.0,0.0003839970790579,0.0015437529548039,0.0089861372130724,0.031566142240769,0.128216524855174
6,42,7.0,332.0,353.0,615.0,909.0,0.0002630396205547,0.0026105212519614,0.0149694330139737,0.0393200896241512,0.135033403355287
6,43,3.0,197.0,213.0,360.0,370.0,0.0002207338522597,0.003190144426119,0.0197516712550176,0.0549715720231633,0.16465913396521
6,43,1.0,101.0,114.0,300.0,569.0,7.6799415811583e-05,0.0015437529548039,0.0089079968894805,0.0329959674990617,0.126878613291468
6,43,4.0,298.0,327.0,660.0,939.0,0.0001503083546027,0.0023431787141099,0.0138668685426895,0.0421971693527476,0.139489951320808
6,44,1.00078492935636,237.186028257457,259.203296703297,381.299058084772,396.310832025118,7.36357042467838e-05,0.0038409019593849,0.0240361422755883,0.058223912871865,0.176368103735913
6,44,3.0,93.0,117.0,337.0,649.0,0.0002303982474347,0.0014214754930373,0.0091424178602563,0.0370654701572793,0.144717434140883
6,44,4.00078492935636,330.186028257457,376.203296703297,718.299058084772,1045.31083202512,0.0001503378499627,0.0025962579634542,0.0159533995740399,0.0459245257574579,0.155282595393287
6,45,2.00153964588145,251.193225558122,238.183217859892,392.301770592764,416.320246343341,0.0001472691854953,0.0040677292811832,0.02208693247714,0.0599040139915406,0.185272787067777
6,45,0.0,98.0,135.0,361.0,668.0,0.0,0.0014978989066414,0.0105489436849112,0.0397051475572043,0.14895415409262
6,45,2.00153964588145,349.193225558122,373.183217859892,753.301770592764,1084.32024634334,7.52120327111481e-05,0.0027457118565073,0.0158253291266085,0.0481624278597386,0.161077506260489
6,46,0.0,251.18334550767,257.187728268809,416.303871439007,445.325054784514,0.0,0.0040675692873361,0.023849236899485,0.0635691062564752,0.198180642848183
6,46,5.0,122.0,132.0,401.0,708.0,0.0003839970790579,0.0018647312919414,0.0103145227141354,0.0441046098904125,0.157873564517327
6,46,5.0,373.18334550767,389.187728268809,817.303871439007,1153.32505478451,0.0001878854432534,0.0029343465491741,0.0165040216095766,0.0522544089026788,0.171328280882811
6,47,2.0,259.0,255.0,445.0,428.0,0.0001471559015065,0.0041941492708874,0.0236463669954436,0.0679509709730769,0.190470565775973
6,47,0.0,104.0,131.0,366.0,718.0,0.0,0.0015896070029664,0.0102363823905434,0.0402550803488553,0.160103417123504
6,47,2.0,363.0,386.0,811.0,1146.0,7.51541773013702e-05,0.0028542747423553,0.0163688417659883,0.0518513702198156,0.170240132282903
6,48,4.0,220.0,240.0,453.0,441.0,0.000294311803013,0.003562597836275,0.0222554042310057,0.0691725614624805,0.196255886699075
6,48,6.0,92.0,161.0,399.0,685.0,0.0004607964948694,0.0014061908103164,0.0125805920983015,0.0438846367737521,0.15274490352312
6,48,10.0,312.0,401.0,852.0,1126.0,0.0003757708865068,0.0024532609355781,0.0170049366532676,0.0544727095280923,0.167269100305889
6,49,2.0,257.0,294.0,432.0,520.0,0.0001471559015065,0.0041617620178303,0.027262870182982,0.065965886427796,0.231412836924079
6,49,3.0,85.0,135.0,393.0,732.0,0.0002303982474347,0.0012991980312706,0.0105489436849112,0.0432247174237708,0.163225210772152
6,49,5.0,342.0,429.0,825.0,1252.0,0.0001878854432534,0.002689151410153,0.018192313776189,0.0527464616909345,0.185986601761077
6,50,5.0,235.0,286.0,502.0,524.0,0.0003678897537662,0.0038055022342028,0.0265210233752818,0.0766548032100778,0.233192935669649
6,50,1.00067658998647,125.084573748309,126.085250338295,390.263870094723,836.565629228687,7.68513775272878e-05,0.0019118780230133,0.0098523422616044,0.042923779912345,0.186541804857364
6,50,6.00067658998647,360.084573748309,412.085250338295,892.263870094723,1360.56562922869,0.000225487956186,0.0028313506996187,0.0174750213908943,0.0570469842935227,0.202114199563231
6,51,5.0,232.0,244.0,471.0,495.0,0.0003678897537662,0.0037569213546173,0.0226263276348558,0.0719211400636387,0.220287219764268
6,51,2.0,123.0,146.0,406.0,799.0,0.0001535988316231,0.0018800159746622,0.0114084872444225,0.0446545426820635,0.178165223233537
6,51,7.0,355.0,390.0,877.0,1294.0,0.0002630396205547,0.0027913706158021,0.0165384670692628,0.0560710871550904,0.192225768912807
6,52,1.0,248.0,247.0,429.0,462.0,7.35779507532569e-05,0.0040160193790736,0.0229045201877434,0.0655077899942696,0.205601405113316
6,52,2.00141542816702,100.070771408351,148.10474168436,359.25406935598,804.569002123142,0.0001537075356795,0.0015295499906054,0.0115729524407157,0.0395131186545853,0.179407028623347
6,52,3.00141542816702,348.070771408351,395.10474168436,788.25406935598,1266.56900212314,0.0001127844536217,0.0027368859817713,0.0167549404083496,0.0503971067539496,0.188150850320129
6,53,2.00128040973111,271.173495518566,304.194622279129,476.304737516005,509.325864276568,0.0001472501114306,0.0043912823108617,0.0282082261821672,0.0727311671759305,0.226662583021248
6,53,3.0,139.0,155.0,427.0,875.0,0.0002303982474347,0.0021245708981955,0.0121117501567499,0.0469642604069978,0.195112103040482
6,53,5.00128040973111,410.173495518566,459.194622279129,903.304737516005,1384.32586427657,0.0001879335573234,0.0032252006838629,0.019472756766528,0.0577528833122759,0.205643820468662
7,1,1.00050530570995,307.155128852956,353.178372915614,592.299140980293,726.366851945427,7.45671367931895e-05,0.0049721535818248,0.0320401898042118,0.0879280836911989,0.31244801625929
7,1,3.0,144.0,194.0,482.0,1033.0,0.0002336033517839,0.0022089713255204,0.0149214825565088,0.0521644325406982,0.225970249873304
7,1,4.00050530570995,451.155128852956,547.178372915614,1074.29914098029,1759.36685194543,0.0001523433765006,0.0035534159379606,0.0227759726210902,0.0672437659601849,0.255122726153228
7,2,7.0,355.0,384.0,715.0,868.0,0.0005217063363616,0.0057466548845838,0.0348363145320821,0.106143290593256,0.373371771284299
7,2,4.0,169.0,200.0,625.0,1291.0,0.0003114711357119,0.0025924732917565,0.015382971707741,0.0676406023608639,0.28240812447864
7,2,11.0,524.0,584.0,1340.0,2159.0,0.0004188913683266,0.0041271612188592,0.0243086508332594,0.0838748193584386,0.313072833647945
7,3,4.0,353.0,421.0,826.0,933.0,0.0002981179064923,0.0057142793641073,0.0381929385885588,0.122621479762279,0.401331638949597
7,3,1.0,156.0,226.0,666.0,1458.0,7.78677839279757e-05,0.0023930522693137,0.0173827580297474,0.0720778258757366,0.318939616955737
7,3,5.0,509.0,647.0,1492.0,2391.0,0.0001904051674212,0.0040090172908384,0.0269309881662993,0.0933889779722316,0.346714750001036
7,4,2.0,289.0,456.0,760.0,931.0,0.0001490589532461,0.0046782627088584,0.0413681235068475,0.112823637553671,0.400471335329127
7,4,3.0,160.0,228.0,670.0,1319.0,0.0002336033517839,0.0024544125839115,0.0175365877468248,0.0725107257308461,0.288533165133482
7,4,5.0,449.0,684.0,1430.0,2250.0,0.0001904051674212,0.0035364415787553,0.0284710910444339,0.0895082027481844,0.326268585320924
7,5,3.00304568527919,277.281218274112,378.383756345178,611.620304568528,701.711675126904,0.000223815423199,0.0044885618799951,0.0343268113277899,0.0907963520567175,0.301842547319129
7,5,5.0,142.0,198.0,555.0,1101.0,0.0003893389196398,0.0021782911682215,0.0152291419906636,0.0600648548964471,0.240845348606493
7,5,8.00304568527919,419.281218274112,576.383756345178,1166.62030456853,1802.7116751269,0.000304764250717,0.0033023686714827,0.02399162924479,0.0730224382877402,0.261408083548964
7,6,4.00241109101869,237.142857142857,314.189270644967,551.332127787824,553.333333333333,0.000298297603844,0.0038388117136455,0.0285031152468582,0.0818464423121415,0.238017334996903
7,6,2.0,126.0,175.0,474.0,957.0,0.0001557355678559,0.0019328499098303,0.0134601002442734,0.0512986328304792,0.209345139524445
7,6,6.00241109101869,363.142857142857,489.189270644967,1025.33212778782,1510.33333333333,0.0002285780177432,0.0028602082383697,0.0203622109100776,0.0641787664183636,0.21901080890209
7,7,3.0,239.0,234.0,433.0,517.0,0.0002235884298692,0.0038688746969451,0.0212283791679875,0.0642797829746572,0.222388485891685
7,7,2.0,124.0,163.0,392.0,755.0,0.0001557355678559,0.0019021697525314,0.0125371219418089,0.0424241858007338,0.165157346228794
7,7,5.0,363.0,397.0,825.0,1272.0,0.0001904051674212,0.0028590830581028,0.016524887638363,0.0516393477393372,0.184450506901429
7,8,1.00078678206137,230.180959874115,261.205350118017,372.292682926829,407.320220298977,7.45881150783422e-05,0.0037261141898557,0.0236964368077445,0.055267650950553,0.175209530107074
7,8,1.0,90.0,130.0,361.0,681.0,7.78677839279757e-05,0.0013806070784502,0.0099989316100316,0.039069211923635,0.148969738783853
7,8,2.00078678206137,320.180959874115,391.205350118017,733.292682926829,1088.32022029898,7.61920284425089e-05,0.0025218290851327,0.0162836888015785,0.0458990979980243,0.157815421623602
7,9,3.0,216.0,248.0,368.0,372.0,0.0002235884298692,0.0034965562114651,0.022498453135303,0.0546303929207248,0.160016473407557
7,9,5.0,101.0,128.0,326.0,587.0,0.0003893389196398,0.0015493479435941,0.0098451018929542,0.0352813381914266,0.128407102299738
7,9,8.0,317.0,376.0,694.0,959.0,0.0003046482678739,0.0024967750121724,0.0156507751940163,0.0434396452498182,0.139062921476785
7,10,6.0,180.0,228.0,319.0,343.0,0.0004471768597385,0.0029137968428875,0.0206840617534237,0.0473562373416066,0.147542070910731
7,10,1.0,89.0,130.0,299.0,543.0,7.78677839279757e-05,0.0013652669998008,0.0099989316100316,0.0323592641694373,0.118782038413556
7,10,7.0,269.0,358.0,618.0,886.0,0.0002665672343896,0.002118714442506,0.0149015359560049,0.0386825659429217,0.128477318486373
7,11,1.0,209.0,212.0,307.0,342.0,7.45294766230919e-05,0.0033832418897972,0.0192325486479203,0.045574811485496,0.147111919100496
7,11,2.0,96.0,109.0,283.0,554.0,0.0001557355678559,0.0014726475503469,0.0083837195807188,0.0306276647489992,0.121188304385102
7,11,3.0,305.0,321.0,590.0,896.0,0.0001142431004527,0.0024022598697558,0.0133614330778703,0.036929957777223,0.129927401087799
7,12,2.0,206.0,181.0,315.0,333.0,0.0001490589532461,0.0033346786090824,0.0164202420060074,0.046762428722903,0.143240552808377
7,12,5.0,82.0,111.0,287.0,535.0,0.0003893389196398,0.0012578864492546,0.0085375492977962,0.0310605646041087,0.117032026797887
7,12,7.0,288.0,292.0,602.0,868.0,0.0002665672343896,0.0022683634179989,0.0121543254166297,0.0376810755625224,0.125867169803805
7,13,3.0,204.0,191.0,369.0,316.0,0.0002235884298692,0.0033023030886059,0.0173274376969471,0.0547788450754007,0.135927972034376
7,13,3.0,85.0,110.0,285.0,567.0,0.0002336033517839,0.001303906685203,0.0084606344392575,0.0308441146765539,0.124032073260564
7,13,6.0,289.0,301.0,654.0,883.0,0.0002284862009054,0.002276239679867,0.0125289450356354,0.04093591929882,0.128042293705945
7,14,5.0,222.0,221.0,276.0,292.0,0.0003726473831154,0.0035936827728947,0.020049024769766,0.0409727946905436,0.125604328588727
7,14,1.0,84.0,112.0,292.0,491.0,7.78677839279757e-05,0.0012885666065535,0.0086144641563349,0.0316016894229956,0.107406962911706
7,14,6.0,306.0,333.0,568.0,783.0,0.0002284862009054,0.0024101361316239,0.0138609259032113,0.035552908504174,0.113541467691682
7,15,2.0,190.0,205.0,302.0,295.0,0.0001490589532461,0.0030756744452702,0.0185975116642626,0.0448325507121165,0.126894784019433
7,15,1.0,85.0,111.0,278.0,497.0,7.78677839279757e-05,0.001303906685203,0.0085375492977962,0.0300865399301123,0.108719471623458
7,15,3.0,275.0,316.0,580.0,792.0,0.0001142431004527,0.0021659720137143,0.0131533110673116,0.0363040262894734,0.114846542032965
7,16,4.0,195.0,190.0,284.0,322.0,0.0002981179064923,0.0031566132464615,0.0172367181278531,0.0421604119279507,0.138508882895788
7,16,7.0,80.0,107.0,226.0,501.0,0.0005450744874958,0.0012272062919557,0.0082298898636414,0.0244588418136884,0.109594477431292
7,16,11.0,275.0,297.0,510.0,823.0,0.0004188913683266,0.0021659720137143,0.0123624474271884,0.0319225058752266,0.119341798097387
7,17,0.0,168.0,218.0,277.0,283.0,0.0,0.0027195437200284,0.0197768660624841,0.0411212468452195,0.121732962296609
7,17,2.0,99.0,106.0,265.0,475.0,0.0001557355678559,0.0015186677862952,0.0081529750051027,0.0286796154010063,0.103906939680367
7,17,2.0,267.0,324.0,542.0,758.0,7.6162066968485e-05,0.0021029619187698,0.0134863062842055,0.0339254866360252,0.109916261188116
7,18,2.0,210.0,199.0,309.0,308.0,0.0001490589532461,0.0033994296500355,0.0180531942496988,0.0458717157948477,0.132486757552493
7,18,4.0,86.0,113.0,268.0,547.0,0.0003114711357119,0.0013192467638524,0.0086913790148736,0.0290042902923384,0.119657044221391
7,18,6.0,296.0,312.0,577.0,855.0,0.0002284862009054,0.0023313735129434,0.0129868134588646,0.0361162468431485,0.123982062421951
7,19,7.0,184.0,195.0,262.0,306.0,0.0005217063363616,0.0029785478838406,0.0176903159733229,0.0388944645250812,0.131626453932022
7,19,1.0,116.0,110.0,257.0,474.0,7.78677839279757e-05,0.0017794491233358,0.0084606344392575,0.0278138156907872,0.103688188228408
7,19,8.0,300.0,305.0,519.0,780.0,0.0003046482678739,0.0023628785604156,0.0126954426440824,0.0324858442142012,0.113106442911254
7,20,5.0,174.0,186.0,287.0,262.0,0.0003726473831154,0.002816670281458,0.0168738398514773,0.0426057683919783,0.112699774281666
7,20,2.0,84.0,93.0,241.0,504.0,0.0001557355678559,0.0012885666065535,0.0071530818440995,0.0260822162703491,0.110250731787168
7,20,7.0,258.0,279.0,528.0,766.0,0.0002665672343896,0.0020320755619574,0.011613208189177,0.0330491825531758,0.111076327269257
7,21,1.0,232.0,212.0,304.0,311.0,7.45294766230919e-05,0.0037555603752773,0.0192325486479203,0.0451294550214683,0.133777212983199
7,21,1.0,95.0,106.0,244.0,490.0,7.78677839279757e-05,0.0014573074716974,0.0081529750051027,0.0264068911616813,0.107188211459747
7,21,2.0,327.0,318.0,548.0,801.0,7.6162066968485e-05,0.002575537630853,0.0132365598715351,0.0343010455286749,0.116151616374249
7,22,2.0,212.0,184.0,292.0,289.0,0.0001490589532461,0.003431805170512,0.0166924007132893,0.0433480291653577,0.124313873158021
7,22,5.0,100.0,81.0,245.0,474.0,0.0003893389196398,0.0015340078649447,0.0062301035416351,0.0265151161254586,0.103688188228408
7,22,7.0,312.0,265.0,537.0,763.0,0.0002665672343896,0.0024573937028322,0.0110304665596126,0.0336125208921504,0.110641302488829
7,23,3.0,192.0,200.0,316.0,306.0,0.0002235884298692,0.0031080499657467,0.0181439138187928,0.0469108808775789,0.131626453932022
7,23,1.0,83.0,95.0,233.0,518.0,7.78677839279757e-05,0.0012732265279041,0.0073069115611769,0.0252164165601301,0.11331325211459
7,23,4.0,275.0,295.0,549.0,824.0,0.0001523241339369,0.0021659720137143,0.0122791986229649,0.0343636386774498,0.11948680635753
7,24,8.0,215.0,200.0,279.0,295.0,0.0005962358129847,0.0034803684512268,0.0181439138187928,0.0414181511545712,0.126894784019433
7,24,3.0,99.0,120.0,247.0,521.0,0.0002336033517839,0.0015186677862952,0.0092297830246446,0.0267315660530134,0.113969506470466
7,24,11.0,314.0,320.0,526.0,816.0,0.0004188913683266,0.0024731462265683,0.0133198086757586,0.0329239962556259,0.118326740276389
7,25,1.00106837606838,210.224358974359,178.190170940171,262.279914529915,285.304487179487,7.46091021323046e-05,0.0034030615193197,0.0161653355244721,0.0389360184401721,0.122724241628529
7,25,3.0,95.0,98.0,229.0,492.0,0.0002336033517839,0.0014573074716974,0.0075376561367931,0.0247835167050205,0.107625714363664
7,25,4.00106837606838,305.224358974359,276.190170940171,491.279914529915,777.304487179487,0.0001523648188018,0.0024040269797903,0.0114962507345254,0.0307507567803177,0.112715571286959
7,26,1.0,207.0,204.0,284.0,318.0,7.45294766230919e-05,0.0033508663693207,0.0185067920951686,0.0421604119279507,0.136788275654847
7,26,4.0,87.0,98.0,260.0,491.0,0.0003114711357119,0.0013345868425019,0.0075376561367931,0.0281384905821194,0.107406962911706
7,26,5.0,294.0,302.0,544.0,809.0,0.0001904051674212,0.0023156209892073,0.0125705694377471,0.0340506729335751,0.11731168245539
7,27,4.00793650793651,191.378968253968,197.390873015873,309.613095238095,307.609126984127,0.000298709410275,0.0030979968527416,0.0179072149430813,0.0459627311039645,0.132318622817143
7,27,1.0,97.0,99.0,251.0,495.0,7.78677839279757e-05,0.0014879876289963,0.0076145709953318,0.0271644659081229,0.10828196871954
7,27,5.00793650793651,288.378968253968,296.390873015873,560.613095238095,802.609126984127,0.0001907073978456,0.0022713482712069,0.012337092880664,0.0350905388754256,0.116384953078566
7,28,3.0,218.0,169.0,297.0,325.0,0.0002235884298692,0.0035289317319416,0.0153316071768799,0.0440902899387371,0.139799338326494
7,28,2.0,110.0,105.0,273.0,556.0,0.0001557355678559,0.0016874086514392,0.008076060146564,0.0295454151112253,0.121625807289019
7,28,5.0,328.0,274.0,570.0,881.0,0.0001904051674212,0.002583413892721,0.0114050861786183,0.0356780948017239,0.12775227718566
7,29,2.0,202.0,193.0,288.0,299.0,0.0001490589532461,0.0032699275681294,0.017508876835135,0.0427542205466542,0.128615391260375
7,29,3.0,73.0,102.0,274.0,524.0,0.0002336033517839,0.0011198257414096,0.0078453155709479,0.0296536400750027,0.114625760826342
7,29,5.0,275.0,295.0,562.0,823.0,0.0001904051674212,0.0021659720137143,0.0122791986229649,0.0351773496115242,0.119341798097387
7,30,8.00798403193613,216.215568862275,194.193612774451,270.269461077844,314.313373253493,0.0005968308587062,0.0035000457885224,0.0176171608716983,0.0401220838400956,0.135202466486175
7,30,6.0,99.0,101.0,252.0,518.0,0.0004672067035678,0.0015186677862952,0.0077684007124092,0.0272726908719003,0.11331325211459
7,30,14.0079840319361,315.215568862275,295.193612774451,522.269461077844,832.313373253493,0.0005334385089668,0.0024827203652462,0.0122872576389426,0.0326904900778606,0.120692314148935
7,31,3.0,210.0,218.0,302.0,317.0,0.0002235884298692,0.0033994296500355,0.0197768660624841,0.0448325507121165,0.136358123844611
7,31,2.0,95.0,89.0,279.0,551.0,0.0001557355678559,0.0014573074716974,0.0068454224099447,0.0301947648938896,0.120532050029226
7,31,5.0,305.0,307.0,581.0,868.0,0.0001904051674212,0.0024022598697558,0.0127786914483059,0.0363666194382484,0.125867169803805
7,32,0.0,220.0,208.0,291.0,299.0,0.0,0.0035613072524181,0.0188696703715445,0.0431995770106818,0.128615391260375
7,32,1.0,109.0,106.0,296.0,559.0,7.78677839279757e-05,0.0016720685727897,0.0081529750051027,0.0320345892781051,0.122282061644895
7,32,1.0,329.0,314.0,587.0,858.0,3.80810334842425e-05,0.0025912901545891,0.0130700622630881,0.0367421783308981,0.124417087202379
7,33,4.0,204.0,203.0,288.0,366.0,0.0002981179064923,0.0033023030886059,0.0184160725260747,0.0427542205466542,0.157435562546144
7,33,2.0,84.0,106.0,279.0,593.0,0.0001557355678559,0.0012885666065535,0.0081529750051027,0.0301947648938896,0.12971961101149
7,33,6.0,288.0,309.0,567.0,959.0,0.0002284862009054,0.0022683634179989,0.0128619402525294,0.035490315355399,0.139062921476785
7,34,7.0,188.0,185.0,310.0,351.0,0.0005217063363616,0.0030432989247937,0.0167831202823833,0.0460201679495236,0.150983285392614
7,34,2.0,102.0,112.0,284.0,554.0,0.0001557355678559,0.0015646880222436,0.0086144641563349,0.0307358897127765,0.121188304385102
7,34,9.0,290.0,297.0,594.0,905.0,0.0003427293013581,0.002284115941735,0.0123624474271884,0.0371803303723228,0.131232475429083
7,35,4.0,213.0,217.0,293.0,321.0,0.0002981179064923,0.0034479929307503,0.0196861464933901,0.0434964813200336,0.138078731085553
7,35,0.0,90.0,107.0,269.0,569.0,0.0,0.0013806070784502,0.0082298898636414,0.0291125152561158,0.124469576164482
7,35,4.0,303.0,324.0,562.0,890.0,0.0001523241339369,0.0023865073460197,0.0134863062842055,0.0351773496115242,0.129057351526943
7,36,4.0,218.0,165.0,297.0,297.0,0.0002981179064923,0.0035289317319416,0.014968728900504,0.0440902899387371,0.127755087639904
7,36,2.0,74.0,103.0,287.0,547.0,0.0001557355678559,0.0011351658200591,0.0079222304294866,0.0310605646041087,0.119657044221391
7,36,6.0,292.0,268.0,584.0,844.0,0.0002284862009054,0.0022998684654711,0.0111553397659478,0.0365543988845732,0.122386971560382
7,37,3.0,176.0,190.0,260.0,309.0,0.0002235884298692,0.0028490458019345,0.0172367181278531,0.0385975602157295,0.132916909362728
7,37,4.00406504065041,94.0955284552846,91.0924796747967,254.258130081301,541.549796747968,0.0003117876714189,0.0014434328070653,0.0070063651881268,0.0275170769181537,0.118464804346539
7,37,7.00406504065041,270.095528455285,281.092479674797,514.258130081301,850.549796747968,0.0002667220353388,0.0021273431115037,0.0117003064045714,0.0321890356449086,0.123336746191093
7,38,6.0,207.0,207.0,297.0,283.0,0.0004471768597385,0.0033508663693207,0.0187789508024505,0.0440902899387371,0.121732962296609
7,38,0.0,96.0,115.0,250.0,573.0,0.0,0.0014726475503469,0.0088452087319511,0.0270562409443456,0.125344581972316
7,38,6.0,303.0,322.0,547.0,856.0,0.0002284862009054,0.0023865073460197,0.0134030574799821,0.0342384523798999,0.124127070682094
7,39,3.0,190.0,193.0,285.0,344.0,0.0002235884298692,0.0030756744452702,0.017508876835135,0.0423088640826265,0.147972222720966
7,39,3.0,107.0,106.0,295.0,490.0,0.0002336033517839,0.0016413884154908,0.0081529750051027,0.0319263643143278,0.107188211459747
7,39,6.0,297.0,299.0,580.0,834.0,0.0002284862009054,0.0023392497748114,0.0124456962314119,0.0363040262894734,0.120936888958956
7,40,3.0,217.0,217.0,299.0,328.0,0.0002235884298692,0.0035127439717033,0.0196861464933901,0.0443871942480889,0.1410897937572
7,40,3.0,87.0,110.0,271.0,595.0,0.0002336033517839,0.0013345868425019,0.0084606344392575,0.0293289651836706,0.130157113915407
7,40,6.0,304.0,327.0,570.0,923.0,0.0002284862009054,0.0023943836078878,0.0136111794905408,0.0356780948017239,0.13384262411165
7,41,4.0,190.0,228.0,293.0,373.0,0.0002981179064923,0.0030756744452702,0.0206840617534237,0.0434964813200336,0.160446625217792
7,41,4.0,99.0,122.0,290.0,537.0,0.0003114711357119,0.0015186677862952,0.009383612741722,0.0313852394954408,0.117469529701804
7,41,8.0,289.0,350.0,583.0,910.0,0.0003046482678739,0.002276239679867,0.0145685407391109,0.0364918057357983,0.131957516729796
7,42,2.0,215.0,200.0,299.0,313.0,0.0001490589532461,0.0034803684512268,0.0181439138187928,0.0443871942480889,0.13463751660367
7,42,6.0,75.0,103.0,283.0,555.0,0.0004672067035678,0.0011505058987085,0.0079222304294866,0.0306276647489992,0.12140705583706
7,42,8.0,290.0,303.0,582.0,868.0,0.0003046482678739,0.002284115941735,0.0126121938398589,0.0364292125870233,0.125867169803805
7,43,4.0,218.0,189.0,318.0,356.0,0.0002981179064923,0.0035289317319416,0.0171459985587592,0.0472077851869307,0.153134044443791
7,43,2.0,84.0,111.0,321.0,584.0,0.0001557355678559,0.0012885666065535,0.0085375492977962,0.0347402133725397,0.127750847943862
7,43,6.0,302.0,300.0,639.0,940.0,0.0002284862009054,0.0023786310841517,0.0124873206335237,0.0399970220671957,0.136307764534075
7,44,2.0,190.0,229.0,303.0,370.0,0.0001490589532461,0.0030756744452702,0.0207747813225177,0.0449810028667924,0.159156169787086
7,44,1.0,93.0,109.0,268.0,570.0,7.78677839279757e-05,0.0014266273143986,0.0083837195807188,0.0290042902923384,0.12468832761644
7,44,3.0,283.0,338.0,571.0,940.0,0.0001142431004527,0.0022289821086587,0.01406904791377,0.0357406879504988,0.136307764534075
7,45,3.00254452926209,235.199321458863,208.176420695505,350.296861747243,383.324851569126,0.0002237780723034,0.0038073502239785,0.0188856751810199,0.052002323902578,0.164887878810663
7,45,5.0,120.0,120.0,348.0,652.0,0.0003893389196398,0.0018408094379336,0.0092297830246446,0.037662287394529,0.142625946677051
7,45,8.00254452926209,355.199321458863,328.176420695505,698.296861747243,1035.32485156913,0.0003047451661779,0.0027976428711644,0.0136601472986231,0.0437085993564288,0.150130655408469
7,46,8.0,216.0,243.0,339.0,425.0,0.0005962358129847,0.0034965562114651,0.0220448552898332,0.0503252804351242,0.182814519350031
7,46,2.0,117.0,118.0,334.0,668.0,0.0001557355678559,0.0017947892019853,0.0090759533075672,0.0361471379016457,0.14612596990839
7,46,10.0,333.0,361.0,673.0,1093.0,0.0003808103348424,0.0026227952020613,0.0150264091623401,0.0421251891255441,0.158494028335898
7,47,7.0,247.0,257.0,353.0,419.0,0.0005217063363616,0.0039983767788513,0.0233149292571487,0.0524036106005866,0.180233608488619
7,47,3.0,93.0,140.0,333.0,716.0,0.0002336033517839,0.0014266273143986,0.0107680801954187,0.0360389129378683,0.156626039602406
7,47,10.0,340.0,397.0,686.0,1135.0,0.0003808103348424,0.0026779290351376,0.016524887638363,0.0429389000596186,0.164584375261888
7,48,8.0,240.0,260.0,388.0,469.0,0.0005962358129847,0.0038850624571834,0.0235870879644306,0.0575994360142425,0.201741199000387
7,48,7.0,99.0,158.0,346.0,766.0,0.0005450744874958,0.0015186677862952,0.0121525476491154,0.0374458374669742,0.167563612200339
7,48,15.0,339.0,418.0,734.0,1235.0,0.0005712155022636,0.0026700527732696,0.0173990000827096,0.0459433712008164,0.179085201276152
7,49,2.0,237.0,254.0,421.0,410.0,0.0001490589532461,0.0038364991764686,0.0230427705498668,0.0624983571185466,0.1763622421965
7,49,7.0,92.0,135.0,340.0,730.0,0.0005450744874958,0.0014112872357491,0.0103835059027252,0.03679648768431,0.159688559929827
7,49,9.0,329.0,389.0,761.0,1140.0,0.0003427293013581,0.0025912901545891,0.016191892421469,0.0476333862177401,0.165309416562602
7,50,3.0,232.0,225.0,396.0,398.0,0.0002235884298692,0.0037555603752773,0.0204119030461419,0.0587870532516495,0.171200420473676
7,50,4.0,107.0,119.0,334.0,686.0,0.0003114711357119,0.0016413884154908,0.0091528681661059,0.0361471379016457,0.150063496043646
7,50,7.0,339.0,344.0,730.0,1084.0,0.0002665672343896,0.0026700527732696,0.0143187943264405,0.0456929986057165,0.157188953994614
7,51,4.0,239.0,257.0,395.0,425.0,0.0002981179064923,0.0038688746969451,0.0233149292571487,0.0586386010969736,0.182814519350031
7,51,3.0,128.0,141.0,328.0,676.0,0.0002336033517839,0.0019635300671292,0.0108449950539574,0.0354977881189814,0.147875981524059
7,51,7.0,367.0,398.0,723.0,1101.0,0.0002665672343896,0.0028905881055751,0.0165665120404747,0.0452548465642919,0.159654094417039
7,52,5.0,240.0,216.0,371.0,395.0,0.0003726473831154,0.0038850624571834,0.0195954269242962,0.0550757493847524,0.16990996504297
7,52,4.0,138.0,148.0,347.0,675.0,0.0003114711357119,0.0021169308536237,0.0113833990637284,0.0375540624307516,0.147657230072101
7,52,9.0,378.0,364.0,718.0,1070.0,0.0003427293013581,0.0029772269861236,0.0151512823686754,0.0449418808204171,0.155158838352617
8,1,3.0,231.0,264.0,356.0,394.0,0.0002242856650262,0.0037207927366704,0.0234225459126009,0.0515964975111813,0.164217278097245
8,1,2.0,112.0,119.0,304.0,685.0,0.0001567301176948,0.0017164249431258,0.0089751986309531,0.0324843612462198,0.147295762721922
8,1,5.0,343.0,383.0,660.0,1079.0,0.000191302702986,0.0026936724863224,0.0156135656553652,0.0405952931627243,0.153054693145062
8,2,7.00546875,229.17890625,234.1828125,385.30078125,425.33203125,0.0005237420724714,0.0036914597825674,0.0207771124156184,0.0558431764068029,0.177276315886922
8,2,1.0,112.0,139.0,314.0,708.0,7.8365058847403e-05,0.0017164249431258,0.0104836353756511,0.0335529257608981,0.15224145986441
8,2,8.00546875,341.17890625,373.1828125,699.30078125,1133.33203125,0.000306293562109,0.0026793709407556,0.0152133533796935,0.0430126063996453,0.160761618419313
8,3,3.0,250.0,257.0,456.0,464.0,0.0002242856650262,0.0040268319660936,0.0228014935588577,0.0660898956884795,0.19339293664244
8,3,3.0,118.0,118.0,347.0,780.0,0.0002350951765422,0.0018083762793647,0.0088997767937182,0.0370791886593364,0.167723642223502
8,3,6.0,368.0,375.0,803.0,1244.0,0.0002295632435832,0.0028900043001943,0.0152874337356709,0.0493909400146479,0.176459720363723
8,4,5.0,226.0,281.0,429.0,504.0,0.0003738094417104,0.0036402560973486,0.0249308159145486,0.062176678180609,0.210064741525409
8,4,3.0,92.0,137.0,367.0,748.0,0.0002350951765422,0.0014099204889962,0.0103327917011813,0.039216317688693,0.160842672286128
8,4,8.0,318.0,418.0,796.0,1252.0,0.0003060843247776,0.0024973406724505,0.0170403928040278,0.0489603838750433,0.177594509562204
8,5,2.0,267.0,294.0,416.0,501.0,0.0001495237766841,0.0043006565397879,0.0260841988572146,0.0602925364175602,0.208814356159187
8,5,5.0,97.0,150.0,360.0,785.0,0.000391825294237,0.0014865466025286,0.011313275585235,0.0384683225284182,0.168798793776217
8,5,7.0,364.0,444.0,776.0,1286.0,0.0002678237841804,0.0028585912099748,0.0181003215430344,0.0477302234761728,0.182417363655746
8,6,2.0,216.0,224.0,425.0,495.0,0.0001495237766841,0.0034791828187048,0.0198736753197826,0.061596942253517,0.206313585426741
8,6,4.0,127.0,127.0,339.0,743.0,0.0003134602353896,0.0019463032837231,0.0095785733288323,0.0362243370475938,0.159767520733413
8,6,6.0,343.0,351.0,764.0,1238.0,0.0002295632435832,0.0026936724863224,0.014309037976588,0.0469921272368506,0.175608628464863
8,7,6.00428571428571,239.170714285714,273.195,403.287857142857,479.342142857143,0.0004488917381454,0.0038524011105566,0.024238342540125,0.0584501149364075,0.199787466947464
8,7,1.0,112.0,128.0,331.0,732.0,7.8365058847403e-05,0.0017164249431258,0.0096539951660672,0.0353694854358512,0.157402187317441
8,7,7.00428571428571,351.170714285714,401.195,734.287857142857,1211.34214285714,0.0002679877579258,0.0027578393325761,0.01635531194022,0.0451645921614287,0.171827247422319
8,8,2.0,190.0,240.0,371.0,414.0,0.0001495237766841,0.0030603922942311,0.0212932235569099,0.0537705072377761,0.172553180538729
8,8,4.0,80.0,132.0,348.0,693.0,0.0003134602353896,0.0012260178165184,0.0099556825150068,0.0371860451108042,0.149016005206265
8,8,6.0,270.0,372.0,719.0,1107.0,0.0002295632435832,0.0021203835898164,0.0151651342657855,0.0442242663393921,0.157026455339744
8,9,4.0,245.0,207.0,342.0,417.0,0.0002990475533683,0.0039462953267717,0.0183654053178348,0.0495674217663596,0.173803565904952
8,9,2.0,105.0,116.0,293.0,669.0,0.0001567301176948,0.0016091483841805,0.0087489331192484,0.0313089402800737,0.143855277753235
8,9,6.0,350.0,323.0,635.0,1086.0,0.0002295632435832,0.0027486453942065,0.0131675762576579,0.0390575926641363,0.154047633693733
8,10,5.0,224.0,249.0,346.0,420.0,0.0003738094417104,0.0036080414416198,0.022091719440294,0.0501471576934515,0.175053951271175
8,10,4.0,85.0,113.0,298.0,702.0,0.0003134602353896,0.0013026439300509,0.0085226676075437,0.0318432225374128,0.150951278001152
8,10,9.0,309.0,362.0,644.0,1122.0,0.0003443448653749,0.0024266612194566,0.0147574693661676,0.039611164843628,0.159154185086895
8,11,3.0,199.0,217.0,347.0,446.0,0.0002242856650262,0.0032053582450105,0.0192526229660393,0.0502920916752245,0.185890624445104
8,11,3.0,103.0,117.0,317.0,672.0,0.0002350951765422,0.0015784979387675,0.0088243549564833,0.0338734951153016,0.144500368684863
8,11,6.0,302.0,334.0,664.0,1118.0,0.0002295632435832,0.0023716883115725,0.0136160076472376,0.0408413252424984,0.158586790487655
8,12,2.00164473684211,195.160361842105,223.183388157895,385.316611842105,411.337993421053,0.0001496467403163,0.0031435119343207,0.0198012240759777,0.0558454707975506,0.171443669181694
8,12,4.0,109.0,125.0,298.0,713.0,0.0003134602353896,0.0016704492750064,0.0094277296543625,0.0318432225374128,0.153316611417124
8,12,6.00164473684211,304.160361842105,348.183388157895,683.316611842105,1124.33799342105,0.0002296261721039,0.0023886542219357,0.0141942145982005,0.0420294517889239,0.159485826296936
8,13,4.0,202.0,232.0,366.0,426.0,0.0002990475533683,0.0032536802286036,0.0205834494383462,0.0530458373289112,0.17755472200362
8,13,3.0,102.0,94.0,333.0,709.0,0.0002350951765422,0.001563172716061,0.0070896527000806,0.0355831983387868,0.152456490174953
8,13,7.0,304.0,326.0,699.0,1135.0,0.0002678237841804,0.0023873948566822,0.0132898757275432,0.0429941059405217,0.160998217534426
8,14,8.0,190.0,219.0,347.0,409.0,0.0005980951067366,0.0030603922942311,0.0194300664956803,0.0502920916752245,0.170469204928358
8,14,3.0,105.0,125.0,322.0,688.0,0.0002350951765422,0.0016091483841805,0.0094277296543625,0.0344077773726407,0.147940853653551
8,14,11.0,295.0,344.0,669.0,1097.0,0.0004208659465693,0.0023167154036883,0.0140236725468554,0.041148865342216,0.155607968841644
8,15,2.0,201.0,205.0,359.0,396.0,0.0001495237766841,0.0032375729007392,0.0181879617881939,0.0520312994565003,0.165050868341393
8,15,3.0,112.0,94.0,343.0,724.0,0.0002350951765422,0.0017164249431258,0.0070896527000806,0.0366517628534651,0.155681944833097
8,15,5.0,313.0,299.0,702.0,1120.0,0.000191302702986,0.0024580743096761,0.0121891804985749,0.0431786300003522,0.158870487787275
8,16,5.00446827524576,208.185880250223,211.188561215371,347.310098302055,348.310991957105,0.0003741434984054,0.0033533182299237,0.018737021860921,0.0503370354568824,0.145174322412556
8,16,8.0,92.0,132.0,317.0,640.0,0.0006269204707792,0.0014099204889962,0.0099556825150068,0.0338734951153016,0.137619398747489
8,16,13.0044682752458,300.185880250223,343.188561215371,664.310098302055,988.310991957105,0.0004975579863901,0.0023574415347303,0.0139905930357873,0.0408603987750457,0.140190579801563
8,17,2.0,215.0,232.0,302.0,369.0,0.0001495237766841,0.0034630754908404,0.0205834494383462,0.0437700624954403,0.153797400045389
8,17,1.0,82.0,131.0,282.0,673.0,7.8365058847403e-05,0.0012566682619314,0.0098802606777719,0.0301335193139276,0.144715398995406
8,17,3.0,297.0,363.0,584.0,1042.0,0.0001147816217916,0.0023324219487981,0.0147982358561294,0.0359206836470167,0.14780629310209
8,18,5.0,196.0,207.0,312.0,363.0,0.0003738094417104,0.0031570362614173,0.0183654053178348,0.0452194023131702,0.151296629312944
8,18,3.0,109.0,108.0,295.0,621.0,0.0002350951765422,0.0016704492750064,0.0081455584213692,0.0315226531830093,0.133533822847173
8,18,8.0,305.0,315.0,607.0,984.0,0.0003060843247776,0.0023952481292371,0.0128414443379636,0.0373353681057177,0.139579071413106
8,19,1.0,249.0,227.0,333.0,391.0,7.47618883420852e-05,0.0040107246382292,0.0201398406142439,0.0482630159304028,0.162966892731022
8,19,9.0,86.0,123.0,319.0,716.0,0.0007052855296266,0.0013179691527573,0.0092768859798927,0.0340872080182372,0.153961702348753
8,19,10.0,335.0,350.0,652.0,1107.0,0.0003826054059721,0.0026308463058834,0.0142682714866262,0.0401032290031761,0.157026455339744
8,20,6.0,214.0,185.0,366.0,395.0,0.0004485713300525,0.0034469681629761,0.0164135264917847,0.0530458373289112,0.164634073219319
8,20,6.0,107.0,103.0,274.0,698.0,0.0004701903530844,0.0016397988295934,0.0077684492351947,0.0292786677021849,0.15009115675898
8,20,12.0,321.0,288.0,640.0,1093.0,0.0004591264871665,0.0025209004901151,0.0117407491089953,0.0393651327638539,0.155040574242403
8,21,2.0017559262511,195.171202809482,198.173836698859,331.290605794557,413.362598770852,0.0001496550530464,0.0031436865533366,0.0175823325331639,0.0480152666217882,0.172287514815616
8,21,3.0,91.0,111.0,320.0,677.0,0.0002350951765422,0.0013945952662897,0.0083718239330739,0.034194064469705,0.145575520237578
8,21,5.0017559262511,286.171202809482,309.173836698859,651.290605794557,1090.36259877085,0.0001913698856736,0.0022473804530195,0.0126039321102319,0.0400595955702399,0.154666462439041
8,22,3.0,206.0,230.0,349.0,400.0,0.0002242856650262,0.0033181095400611,0.0204060059087053,0.0505819596387705,0.16671804882969
8,22,0.0,79.0,121.0,334.0,669.0,0.0,0.001210692593812,0.0091260423054229,0.0356900547902546,0.143855277753235
8,22,3.0,285.0,351.0,683.0,1069.0,0.0001147816217916,0.0022381826781396,0.014309037976588,0.0420099776214253,0.151636206646962
8,23,4.0,225.0,222.0,347.0,435.0,0.0002990475533683,0.0036241487694842,0.0196962317901416,0.0502920916752245,0.181305878102288
8,23,1.0,106.0,116.0,336.0,710.0,7.8365058847403e-05,0.001624473606887,0.0087489331192484,0.0359037676931903,0.152671520485496
8,23,5.0,331.0,338.0,683.0,1145.0,0.000191302702986,0.0025994332156639,0.0137790736070847,0.0420099776214253,0.162416704032527
8,24,5.00388802488336,220.171073094868,251.195178849145,366.284603421462,444.345256609642,0.0003741001177926,0.0035463676605901,0.0222864795818867,0.0530870860360098,0.185200935471719
8,24,7.0,85.0,121.0,372.0,808.0,0.0005485554119318,0.0013026439300509,0.0091260423054229,0.0397505999460321,0.173744490918705
8,24,12.0038880248834,305.171073094868,372.195178849145,738.284603421462,1252.34525660964,0.0004592752451004,0.0023965916128779,0.01517309102238,0.0454104241112423,0.17764348374612
8,25,3.002700270027,200.1800180018,186.167416741674,344.309630963096,378.340234023402,0.0002244875423125,0.0032243651818513,0.016517101765387,0.0499021657782673,0.157690364025375
8,25,5.00470809792844,85.0800376647834,126.118644067797,283.26647834275,563.530131826742,0.0003921942446082,0.0013038705250886,0.0095120998451676,0.0302688506954946,0.121176059247015
8,25,8.00740836795544,285.260055666583,312.286060809471,627.576109305846,941.870365850144,0.0003063677729406,0.0022402249661687,0.012730806563196,0.0386009638472617,0.133603039691957
8,26,4.00383141762452,190.181992337165,195.186781609195,311.297892720306,344.329501915709,0.0002993339973849,0.0030633237044746,0.0173173157339931,0.0451176431094924,0.143514856784715
8,26,4.0,93.0,104.0,284.0,619.0,0.0003134602353896,0.0014252457117027,0.0078438710724296,0.0303472322168632,0.133103762226087
8,26,8.00383141762452,283.181992337165,299.186781609195,595.297892720306,963.329501915709,0.0003062309168872,0.0022239053684565,0.0121967949291712,0.036615594657777,0.136646989168948
8,27,4.0,210.0,198.0,346.0,406.0,0.0002990475533683,0.0033825388515186,0.0175669094344506,0.0501471576934515,0.169218819562135
8,27,4.00335008375209,118.098827470687,114.095477386935,313.262144053601,645.540201005025,0.0003137227648999,0.0018098908323625,0.0086052905247156,0.0334740810927715,0.13881070989007
8,27,8.00335008375209,328.098827470687,312.095477386935,659.262144053601,1051.54020100502,0.000306212500793,0.0025766495170624,0.0127230371460143,0.0405499091044578,0.149159557733569
8,28,1.0,226.0,251.0,397.0,412.0,7.47618883420852e-05,0.0036402560973486,0.0222691629699349,0.0575387907638736,0.171719590294581
8,28,2.0,108.0,149.0,379.0,820.0,0.0001567301176948,0.0016551240522999,0.0112378537480001,0.0404985951063069,0.17632485464522
8,28,3.0,334.0,400.0,776.0,1232.0,0.0001147816217916,0.0026229930333285,0.0163065959847156,0.0477302234761728,0.174757536566003
8,29,5.0,221.0,212.0,335.0,379.0,0.0003738094417104,0.0035597194580267,0.0188090141419371,0.0485528838939487,0.157965351266131
8,29,2.0,90.0,142.0,315.0,660.0,0.0001567301176948,0.0013792700435833,0.0107099008873558,0.0336597822123659,0.141920004958348
8,29,7.0,311.0,354.0,650.0,1039.0,0.0002678237841804,0.0024423677645663,0.0144313374464733,0.0399802129632891,0.14738074715266
8,30,3.0,226.0,218.0,346.0,376.0,0.0002242856650262,0.0036402560973486,0.0193413447308598,0.0501471576934515,0.156714965899909
8,30,4.0,98.0,137.0,322.0,582.0,0.0003134602353896,0.0015018718252351,0.0103327917011813,0.0344077773726407,0.125147640735998
8,30,7.0,324.0,355.0,668.0,958.0,0.0002678237841804,0.0025444603077797,0.0144721039364351,0.0410873573222725,0.135891006518044
8,31,4.00735294117647,236.433823529412,199.365808823529,318.584558823529,331.608455882353,0.0002995972731355,0.0038083171138158,0.0176880864036815,0.0461737286416827,0.138212786850331
8,31,2.0,107.0,112.0,286.0,601.0,0.0001567301176948,0.0016397988295934,0.0084472457703088,0.0305609451197989,0.129233216636314
8,31,6.00735294117647,343.433823529412,311.365808823529,604.584558823529,932.608455882353,0.0002298445710876,0.0026970794207396,0.0126932911198487,0.0371867991016629,0.132289250268363
8,32,3.00293829578844,209.204701273261,176.172380019589,340.333006856024,293.286973555338,0.0002245053375679,0.0033697287141769,0.0156303244679583,0.0493258178124148,0.122240579945777
8,32,6.0,89.0,120.0,302.0,562.0,0.0004701903530844,0.0013639448208768,0.009050620468188,0.0322706483432841,0.120847034525139
8,32,9.00293829578844,298.204701273261,296.172380019589,642.333006856024,855.286973555338,0.0003444572861602,0.0023418827962442,0.0120739083570278,0.0395086313960826,0.121321302398963
8,33,5.00494559841741,200.197823936696,206.203758654797,290.28684470821,310.306627101879,0.000374179183987,0.0032246519878826,0.0182947613804654,0.0420724282598759,0.129334288523369
8,33,2.0,100.0,106.0,280.0,570.0,0.0001567301176948,0.0015325222706481,0.0079947147468994,0.0299198064109919,0.122567277009482
8,33,7.00494559841741,300.197823936696,312.203758654797,570.28684470821,880.306627101879,0.0002680130054495,0.0023575353317555,0.0127274513932336,0.0350772146178406,0.124870306473256
8,34,6.0,214.0,209.0,284.0,343.0,0.0004485713300525,0.0034469681629761,0.0185428488474757,0.0411612508235267,0.142960726871459
8,34,3.00301810865191,80.0804828973843,97.0975855130785,285.286720321932,529.532193158954,0.0002353316908043,0.0012272512348449,0.0073232782904691,0.0304847265844964,0.11386547193746
8,34,9.00301810865191,294.080482897384,306.097585513079,569.286720321932,872.532193158954,0.0003444603398435,0.0023094941852626,0.0124785241471468,0.0350156989471435,0.123767513515414
8,35,4.0,197.0,188.0,326.0,318.0,0.0002990475533683,0.0031731435892817,0.0166796917862461,0.0472484780579919,0.132540848819604
8,35,3.0,107.0,98.0,257.0,556.0,0.0002350951765422,0.0016397988295934,0.0073913400490202,0.0274621080272319,0.119556852661881
8,35,7.0,304.0,286.0,583.0,874.0,0.0002678237841804,0.0023873948566822,0.0116592161290717,0.0358591756270732,0.123975719933999
8,36,3.0,196.0,219.0,311.0,332.0,0.0002242856650262,0.0031570362614173,0.0194300664956803,0.0450744683313972,0.138375980528643
8,36,0.0,102.0,119.0,252.0,514.0,0.0,0.001563172716061,0.0089751986309531,0.0269278257698927,0.110525579619077
8,36,3.0,298.0,338.0,563.0,846.0,0.0001147816217916,0.002340275221353,0.0137790736070847,0.0346290152282027,0.120003957739317
8,37,7.0,204.0,196.0,307.0,325.0,0.0005233332183945,0.0032858948843323,0.0173894659048097,0.0444947324043053,0.135458414674123
8,37,1.0,103.0,128.0,274.0,547.0,7.8365058847403e-05,0.0015784979387675,0.0096539951660672,0.0292786677021849,0.117621579866994
8,37,8.0,307.0,324.0,581.0,872.0,0.0003060843247776,0.0024109546743468,0.0132083427476197,0.0357361595871861,0.123692022634378
8,38,4.0,217.0,227.0,297.0,329.0,0.0002990475533683,0.0034952901465692,0.0201398406142439,0.0430453925865754,0.13712559516242
8,38,4.0,98.0,130.0,274.0,541.0,0.0003134602353896,0.0015018718252351,0.009804838840537,0.0292786677021849,0.116331398003737
8,38,8.0,315.0,357.0,571.0,870.0,0.0003060843247776,0.0024737808547858,0.0145536369163587,0.0351210793877509,0.123408325334758
8,39,6.0,194.0,176.0,291.0,327.0,0.0004485713300525,0.0031248216056886,0.0156150306084006,0.0421757886959376,0.136292004918272
8,39,2.0,78.0,108.0,238.0,502.0,0.0001567301176948,0.0011953673711055,0.0081455584213692,0.0254318354493431,0.107945215892562
8,39,8.0,272.0,284.0,529.0,829.0,0.0003060843247776,0.0021360901349262,0.0115776831491481,0.032537742550123,0.117592530692546
8,40,4.00383141762452,201.192528735632,212.2030651341,313.299808429119,314.300766283525,0.0002993339973849,0.0032406740242073,0.0188270304390079,0.0454077887243444,0.130999026251164
8,40,1.0,92.0,114.0,304.0,582.0,7.8365058847403e-05,0.0014099204889962,0.0085980894447786,0.0324843612462198,0.125147640735998
8,40,5.00383141762452,293.192528735632,326.2030651341,617.299808429119,896.300766283525,0.0001914492950956,0.0023025208392141,0.0132981539802941,0.0379688889279904,0.127139053521047
8,41,3.0,201.0,205.0,318.0,314.0,0.0002242856650262,0.0032375729007392,0.0181879617881939,0.046089006203808,0.130873668331307
8,41,5.0,107.0,115.0,289.0,589.0,0.000391825294237,0.0016397988295934,0.0086735112820135,0.0308815144742024,0.126652852909798
8,41,8.0,308.0,320.0,607.0,903.0,0.0003060843247776,0.0024188079469017,0.0130452767877725,0.0373353681057177,0.128089330778491
8,42,3.0,222.0,205.0,295.0,334.0,0.0002242856650262,0.0035758267858911,0.0181879617881939,0.0427555246230295,0.139209570772791
8,42,3.0,78.0,110.0,251.0,607.0,0.0002350951765422,0.0011953673711055,0.008296402095839,0.0268209693184249,0.130523398499572
8,42,6.0,300.0,315.0,546.0,941.0,0.0002295632435832,0.0023559817664627,0.0128414443379636,0.0335833788891628,0.133479579471273
8,43,4.00356506238859,215.191622103387,206.183600713012,344.306595365419,353.314616755793,0.0002993140841645,0.0034661620108858,0.0182929729322951,0.0499017258170089,0.147259808821339
8,43,3.0,87.0,95.0,285.0,604.0,0.0002350951765422,0.0013332943754638,0.0071650745373155,0.0304540886683311,0.129878307567943
8,43,7.00356506238859,302.191622103387,301.183600713012,629.306595365419,957.314616755793,0.0002679601853947,0.0023731931721779,0.0122781982351225,0.0387074026183259,0.135793785830251
8,44,5.00435540069686,197.171602787456,245.213414634146,337.293554006969,364.317073170732,0.000374135059691,0.0031759076516417,0.0217557669039921,0.0488852978085901,0.15184557898592
8,44,5.0,97.0,116.0,280.0,593.0,0.000391825294237,0.0014865466025286,0.0087489331192484,0.0299198064109919,0.12751297415197
8,44,10.0043554006969,294.171602787456,361.213414634146,617.293554006969,957.317073170732,0.0003827720459572,0.0023102097745945,0.0147254030417465,0.037968504230868,0.135794134269394
8,45,6.00505902192243,220.185497470489,228.192242833052,335.282462057336,397.334738617201,0.0004489495520845,0.0035465999987375,0.0202456185024869,0.0485938222446182,0.165607180886287
8,45,1.0,93.0,110.0,319.0,626.0,7.8365058847403e-05,0.0014252457117027,0.008296402095839,0.0340872080182372,0.134608974399888
8,45,7.00505902192243,313.185497470489,338.192242833052,654.282462057336,1023.3347386172,0.0002680173450941,0.0024595310718701,0.0137869106726085,0.0402436187249191,0.145158650976588
8,46,2.00175901495163,200.175901495163,192.168865435356,328.288478452067,415.364995602463,0.0001496552839635,0.0032242988759293,0.0170495608849699,0.0475801563522516,0.173122104047488
8,46,8.0,102.0,120.0,314.0,674.0,0.0006269204707792,0.001563172716061,0.009050620468188,0.0335529257608981,0.144930429305949
8,46,10.0017590149516,302.175901495163,312.168865435356,642.288478452067,1089.36499560246,0.000382672706835,0.0023730697139568,0.0127260289191535,0.0395058925421239,0.154524953776559
8,47,2.0,239.0,245.0,359.0,410.0,0.0001495237766841,0.0038496513595854,0.0217368323810122,0.0520312994565003,0.170886000050432
8,47,5.0,114.0,129.0,305.0,705.0,0.000391825294237,0.0017470753885388,0.0097294170033021,0.0325912176976876,0.151596368932781
8,47,7.0,353.0,374.0,664.0,1115.0,0.0002678237841804,0.0027722052118711,0.0152466672457091,0.0408413252424984,0.158161244538225
8,48,4.00597460791636,243.362957430919,245.365944734877,388.579536967886,459.685586258402,0.0002994942263382,0.0039199269453835,0.0217692996437172,0.0563183795282572,0.191594710040332
8,48,4.0,121.0,126.0,301.0,772.0,0.0003134602353896,0.0018543519474842,0.0095031514915974,0.0321637918918163,0.166003399739159
8,48,8.00597460791636,364.362957430919,371.365944734877,689.579536967886,1231.6855862584,0.0003063129165064,0.0028614416136056,0.0151392860581847,0.0424146719124652,0.174712937401275
8,49,1.0,232.0,254.0,433.0,522.0,7.47618883420852e-05,0.0037369000645348,0.0225353282643963,0.0627564141077009,0.217567053722746
8,49,6.0,111.0,129.0,340.0,808.0,0.0004701903530844,0.0017010997204194,0.0097294170033021,0.0363311934990616,0.173744490918705
8,49,7.0,343.0,383.0,773.0,1330.0,0.0002678237841804,0.0026936724863224,0.0156135656553652,0.0475456994163423,0.188658704247389
8,50,6.01675977653631,249.695530726257,256.715083798883,418.164804469274,505.40782122905,0.0004498243225945,0.0040219277796767,0.0227762152906686,0.060606290149052,0.21065151454643
8,50,2.0,122.0,147.0,383.0,837.0,0.0001567301176948,0.0018696771701907,0.0110870100735303,0.0409260209121782,0.17998036992445
8,50,8.01675977653631,371.695530726257,403.715083798883,801.164804469274,1342.40782122905,0.0003067255628882,0.0029190263102225,0.01645804691111,0.0492780607713438,0.190418736935815
8,51,1.0,228.0,239.0,399.0,453.0,7.47618883420852e-05,0.0036724707530773,0.0212045017920894,0.0578286587274195,0.188808190299624
8,51,3.0,113.0,137.0,351.0,808.0,0.0002350951765422,0.0017317501658323,0.0103327917011813,0.0375066144652077,0.173744490918705
8,51,4.0,341.0,376.0,750.0,1261.0,0.0001530421623888,0.0026779659412126,0.0153282002256327,0.0461310149576413,0.178871147410495
8,52,4.00311526479751,227.176791277259,236.183800623053,387.301401869159,430.334890965732,0.0002992804564472,0.0036592110602793,0.0209546436132804,0.0561331343191548,0.179361483412861
8,52,3.0,128.0,144.0,379.0,772.0,0.0002350951765422,0.0019616285064295,0.0108607445618256,0.0404985951063069,0.166003399739159
8,52,7.00311526479751,355.176791277259,380.183800623053,766.301401869159,1202.33489096573,0.0002679429758957,0.0027893001470665,0.0154987590917345,0.0471336819089169,0.170549580903023
9,1,5.0,230.0,233.0,378.0,471.0,0.000372602291601,0.0036688698741577,0.0203365357067781,0.0531383978472192,0.190478359420091
9,1,3.0020979020979,101.070629370629,150.104895104895,367.256643356643,809.565734265734,0.0002347887931042,0.001538417522464,0.0111337177125708,0.0383693929921713,0.171262037548313
9,1,8.0020979020979,331.070629370629,383.104895104895,745.256643356643,1280.56573426573,0.0003053593622336,0.0025786848848966,0.0153615414968321,0.0446659863990689,0.177861768944191
9,2,4.00330578512397,208.171900826446,217.179338842975,382.315702479339,399.329752066116,0.0002983281819033,0.0033206765895143,0.0189556883225521,0.0537450896867359,0.161494004333727
9,2,1.0,120.0,127.0,347.0,802.0,7.82082399578694e-05,0.0018265454944256,0.0094199602784998,0.0362530661027526,0.169661521356661
9,2,5.00330578512397,328.171900826446,344.179338842975,729.315702479339,1201.32975206612,0.0001909257150183,0.0025561069005658,0.0138007247193774,0.0437105868668929,0.166856436237756
9,3,4.0,231.0,272.0,381.0,462.0,0.0002980818332808,0.0036848214823062,0.0237405052027625,0.0535601311634669,0.186838645545822
9,3,2.0,119.0,152.0,330.0,758.0,0.0001564164799157,0.0018113242819721,0.0112742831679683,0.0344769792908022,0.160353407965522
9,3,6.0,350.0,424.0,711.0,1220.0,0.0002289594798535,0.0027261243663612,0.0170013322144408,0.0426128590906642,0.169449605206197
9,4,3.0,221.0,238.0,372.0,496.0,0.0002235613749606,0.0035253054008211,0.0207729420524171,0.0522949312147236,0.200588675737506
9,4,2.0,98.0,152.0,311.0,746.0,0.0001564164799157,0.0014916788204476,0.0112742831679683,0.0324919410892105,0.157814831586121
9,4,5.0,319.0,390.0,683.0,1242.0,0.0001907995665446,0.0024846676367692,0.0156380178387545,0.0409347155540417,0.172505253824669
9,5,4.0,243.0,248.0,405.0,515.0,0.0002980818332808,0.0038762407800883,0.0216457547436952,0.0569339976934491,0.208272516138741
9,5,4.0,102.0,137.0,355.0,830.0,0.0003128329598314,0.0015525636702618,0.0101616894342872,0.0370888716613175,0.175584866241931
9,5,8.0,345.0,385.0,760.0,1345.0,0.0003052793064714,0.002687179732556,0.0154375304305654,0.0455496102797536,0.186811245083881
9,6,3.00217391304348,202.146376811594,251.181884057971,373.270289855072,551.399275362319,0.0002237233759569,0.0032245597915399,0.0219234736224924,0.0524735057324488,0.22299284364425
9,6,4.0,114.0,155.0,358.0,851.0,0.0003128329598314,0.0017352182197043,0.0114968019147045,0.0374022987457793,0.180027374905883
9,6,7.00217391304348,316.146376811594,406.181884057971,731.270289855072,1402.39927536232,0.0002672023494957,0.0024624409747511,0.0162868706376346,0.0438277325158697,0.194783609468526
9,7,9.0,195.0,259.0,359.0,498.0,0.0006706841248818,0.0031105635889597,0.022605848704101,0.0504674201776499,0.201397501042899
9,7,6.0,93.0,113.0,365.0,805.0,0.0004692494397472,0.0014155727581798,0.0083815394603974,0.0381336286095236,0.170296165451511
9,7,15.0,288.0,372.0,724.0,1303.0,0.0005723986996339,0.0022432109071772,0.0149162631692736,0.0433919971612389,0.180977734084979
9,8,4.0,234.0,238.0,393.0,413.0,0.0002980818332808,0.0037326763067517,0.0207729420524171,0.055247064428458,0.16702242556369
9,8,3.0,107.0,126.0,311.0,707.0,0.0002346247198736,0.0016286697325295,0.009345787362921,0.0324919410892105,0.149564458353066
9,8,7.0,341.0,364.0,704.0,1120.0,0.0002671193931625,0.0026560240255119,0.0145954833161709,0.0421933232065086,0.15556029330405
9,9,5.0,228.0,260.0,366.0,459.0,0.000372602291601,0.0036369666578606,0.0226931299732288,0.0514514645822281,0.185625407587732
9,9,6.0,99.0,124.0,306.0,727.0,0.0004692494397472,0.0015069000329011,0.0091974415317636,0.0319695626151075,0.153795418985402
9,9,11.0,327.0,384.0,672.0,1186.0,0.0004197590463982,0.0025469790508575,0.0153974329489275,0.04027544487894,0.164727239159467
9,10,5.0,206.0,234.0,357.0,401.0,0.000372602291601,0.0032860312785934,0.0204238169759059,0.0501862646334848,0.162169473731331
9,10,1.0,105.0,128.0,347.0,769.0,7.82082399578694e-05,0.0015982273076224,0.0094941331940785,0.0362530661027526,0.162680436313307
9,10,6.0,311.0,362.0,704.0,1170.0,0.0002289594798535,0.002422356222681,0.0145152883528952,0.0421933232065086,0.162504949255123
9,11,6.0,211.0,234.0,331.0,428.0,0.0004471227499212,0.0033657893193359,0.0204238169759059,0.0465312425593374,0.173088615354138
9,11,1.0,97.0,121.0,291.0,629.0,7.82082399578694e-05,0.001476457607994,0.0089749227850274,0.0304024271927983,0.133063711886957
9,11,7.0,308.0,355.0,622.0,1057.0,0.0002671193931625,0.0023989894423979,0.0142346059814304,0.0372787599921141,0.146810026805697
9,12,2.0,202.0,225.0,327.0,369.0,0.0001490409166404,0.0032222248459993,0.0196382855537557,0.0459689314710071,0.14922826884504
9,12,1.0,62.0,119.0,260.0,652.0,7.82082399578694e-05,0.0009437151721199,0.0088265769538699,0.0271636806533593,0.137929316614143
9,12,3.0,264.0,344.0,587.0,1021.0,0.0001144797399267,0.0020562766649124,0.0137935336834143,0.035181080571336,0.141809874520924
9,13,4.00346620450607,201.17417677643,249.215771230503,321.278162911612,379.32842287695,0.0002983401364292,0.003209051637537,0.0217518687996625,0.0451645683609019,0.153405213738879
9,13,6.0,108.0,99.0,251.0,608.0,0.0004692494397472,0.001643890944983,0.0073431186422951,0.0262233993999738,0.128621203223005
9,13,10.0034662045061,309.17417677643,348.215771230503,572.278162911612,987.32842287695,0.0003817314031527,0.002408135019314,0.0139625754929186,0.0342987464371543,0.137133124151931
9,14,3.0,184.0,206.0,300.0,361.0,0.0002235613749606,0.0029350958993261,0.0179799414403274,0.0421733316247771,0.145992967623467
9,14,4.0,94.0,114.0,251.0,632.0,0.0003128329598314,0.0014307939706334,0.0084557123759762,0.0262233993999738,0.133698355981808
9,14,7.0,278.0,320.0,551.0,993.0,0.0002671193931625,0.0021653216395669,0.0128311941241063,0.0330234674528214,0.137920867188323
9,15,5.0,211.0,211.0,282.0,365.0,0.000372602291601,0.0033657893193359,0.0184163477859665,0.0396429317272905,0.147610618234253
9,15,5.0,89.0,111.0,249.0,555.0,0.0003910411997893,0.0013546879083656,0.00823319362924,0.0260144480103326,0.117409157547315
9,15,10.0,300.0,322.0,531.0,920.0,0.0003815991330892,0.0023366780283096,0.0129113890873819,0.031824793498091,0.127781669499755
9,16,7.00645161290323,208.191705069124,225.207373271889,314.289400921659,331.305069124424,0.0005221239853918,0.0033209924990332,0.0196563853561094,0.0441821037707388,0.133983961856434
9,16,2.0,76.0,118.0,280.0,589.0,0.0001564164799157,0.0011568121464695,0.0087524040382911,0.0292531945497716,0.124601790622286
9,16,9.00645161290323,284.191705069124,343.207373271889,594.289400921659,920.305069124424,0.0003436854127694,0.0022135483768762,0.0137617513477382,0.035617961322855,0.127824041501964
9,17,6.00526777875329,218.19139596137,227.1992976295,321.281826163301,367.322212467076,0.0004475153072082,0.0034805036497525,0.0198302430420482,0.045165083332663,0.148549750338189
9,17,5.0,83.0,109.0,269.0,625.0,0.0003910411997893,0.0012633606336444,0.0080848477980825,0.0281039619067448,0.13221751976049
9,17,11.0052677787533,301.19139596137,336.1992976295,590.281826163301,992.322212467076,0.0004199600643787,0.0023459577241961,0.0134807451633509,0.0353777725486311,0.137826727163841
9,18,3.0,210.0,200.0,311.0,336.0,0.0002235613749606,0.0033498377111874,0.0174562538255606,0.0437196871176856,0.135882651306052
9,18,2.0,87.0,98.0,257.0,634.0,0.0001564164799157,0.0013242454834586,0.0072689457267164,0.0268502535688975,0.134121452045041
9,18,5.0,297.0,298.0,568.0,970.0,0.0001907995665446,0.0023133112480265,0.011949049528074,0.0340423403143422,0.134726325450829
9,19,3.0030518819939,200.203458799593,208.211597151577,268.272634791455,304.309257375381,0.0002237888026055,0.0031935671247478,0.0181729724465165,0.0377131693097091,0.123066514015306
9,19,4.0,111.0,104.0,242.0,499.0,0.0003128329598314,0.0016895545823437,0.0077139832201888,0.0252831181465883,0.105562467776775
9,19,7.0030518819939,311.203458799593,312.211597151577,510.272634791455,803.309257375381,0.0002672358527148,0.0024239409483699,0.0125188987839036,0.0305825258568076,0.11157412829569
9,20,4.0037037037037,212.196296296296,213.197222222222,316.292592592593,335.310185185185,0.0002983578349782,0.003384872169084,0.0186081241300778,0.0444637079928931,0.135603681466924
9,20,0.0,88.0,130.0,264.0,539.0,0.0,0.0013394666959121,0.009642479025236,0.0275815834326417,0.114024389041447
9,20,4.0037037037037,300.196296296296,343.197222222222,580.292592592593,874.310185185185,0.0001527809862479,0.0023382069657849,0.0137613443162105,0.0347790808431848,0.121435668612612
9,21,1.0,201.0,216.0,315.0,346.0,7.45204583202028e-05,0.0032062732378508,0.0188527541316055,0.044281998206016,0.139926777833018
9,21,3.0,86.0,103.0,275.0,572.0,0.0002346247198736,0.001309024271005,0.0076398103046101,0.0287308160756685,0.121005474084801
9,21,4.0,287.0,319.0,590.0,918.0,0.0001526396532357,0.0022354219804162,0.0127910966424685,0.0353608816645455,0.127503883261712
9,22,9.0,208.0,203.0,316.0,335.0,0.0006706841248818,0.0033179344948904,0.017718097632944,0.0444225759780986,0.135478238653356
9,22,6.0,113.0,112.0,255.0,546.0,0.0004692494397472,0.0017199970072508,0.0083073665448187,0.0266413021792562,0.115505225262764
9,22,15.0,321.0,315.0,571.0,881.0,0.0005723986996339,0.0025002454902913,0.0126307067159171,0.0342221414075517,0.122364837857918
9,23,1.0,195.0,194.0,319.0,369.0,7.45204583202028e-05,0.0031105635889597,0.0169325662107938,0.0448443092943463,0.14922826884504
9,23,1.0,85.0,106.0,287.0,547.0,7.82082399578694e-05,0.0012938030585515,0.0078623290513463,0.0299845244135158,0.115716773294381
9,23,2.0,280.0,300.0,606.0,916.0,7.63198266178582e-05,0.002180899493089,0.0120292444913496,0.0363198208283298,0.127226097023669
9,24,9.0,184.0,182.0,289.0,326.0,0.0006706841248818,0.0029350958993261,0.0158851909812602,0.0406269761318686,0.131838524779087
9,24,2.0,99.0,108.0,264.0,561.0,0.0001564164799157,0.0015069000329011,0.0080106748825037,0.0275815834326417,0.118678445737016
9,24,11.0,283.0,290.0,553.0,887.0,0.0004197590463982,0.0022042662733721,0.0116282696749713,0.0331433348482944,0.123198196572047
9,25,1.0,195.0,196.0,312.0,360.0,7.45204583202028e-05,0.0031105635889597,0.0171071287490494,0.0438602648897682,0.145588554970771
9,25,1.0,116.0,106.0,275.0,517.0,7.82082399578694e-05,0.0017656606446114,0.0078623290513463,0.0287308160756685,0.109370332345877
9,25,2.0,311.0,302.0,587.0,877.0,7.63198266178582e-05,0.002422356222681,0.0121094394546253,0.035181080571336,0.121809265381832
9,26,3.0,197.0,193.0,273.0,327.0,0.0002235613749606,0.0031424668052568,0.016845284941666,0.0383777317785472,0.132242937431783
9,26,6.0,107.0,113.0,248.0,551.0,0.0004692494397472,0.0016286697325295,0.0083815394603974,0.0259099723155119,0.116562965420848
9,26,9.0,304.0,306.0,521.0,878.0,0.0003434392197803,0.0023678337353537,0.0122698293811766,0.0312254565207258,0.121948158500853
9,27,5.0,205.0,198.0,273.0,326.0,0.000372602291601,0.0032700796704449,0.017281691287305,0.0383777317785472,0.131838524779087
9,27,4.0,83.0,91.0,247.0,510.0,0.0003128329598314,0.0012633606336444,0.0067497353176652,0.0258054966206913,0.10788949612456
9,27,9.0,288.0,289.0,520.0,836.0,0.0003434392197803,0.0022432109071772,0.0115881721933335,0.0311655228229893,0.116114647501951
9,28,2.0,199.0,197.0,274.0,298.0,0.0001490409166404,0.0031743700215538,0.0171944100181772,0.0385183095506298,0.120514970503582
9,28,4.0,94.0,122.0,236.0,562.0,0.0003128329598314,0.0014307939706334,0.0090490957006061,0.0246562639776646,0.118889993768633
9,28,6.0,293.0,319.0,510.0,860.0,0.0002289594798535,0.0022821555409824,0.0127910966424685,0.0305661858456241,0.119448082358467
9,29,7.0,200.0,188.0,275.0,304.0,0.0005216432082414,0.0031903216297023,0.016408878596027,0.0386588873227124,0.122941446419762
9,29,1.0,99.0,115.0,246.0,530.0,7.82082399578694e-05,0.0015069000329011,0.0085298852915549,0.0257010209258707,0.112120456756896
9,29,8.0,299.0,303.0,521.0,834.0,0.0003052793064714,0.0023288891015486,0.0121495369362631,0.0312254565207258,0.115836861263908
9,30,5.0,185.0,214.0,290.0,297.0,0.000372602291601,0.0029510475074746,0.0186781915933499,0.0407675539039512,0.120110557850886
9,30,7.0,88.0,99.0,274.0,519.0,0.000547457679705,0.0013394666959121,0.0073431186422951,0.0286263403808479,0.109793428409111
9,30,12.0,273.0,313.0,564.0,816.0,0.0004579189597071,0.0021263770057617,0.0125505117526415,0.0338026055233961,0.113336785121522
9,31,8.0,237.0,198.0,310.0,326.0,0.0005961636665616,0.0037805311311972,0.017281691287305,0.043579109345603,0.131838524779087
9,31,3.0,106.0,101.0,238.0,548.0,0.0002346247198736,0.0016134485200759,0.0074914644734526,0.0248652153673058,0.115928321325998
9,31,11.0,343.0,299.0,548.0,874.0,0.0004197590463982,0.002671601879034,0.0119891470097118,0.0328436663596118,0.121392586024767
9,32,3.0,222.0,210.0,315.0,391.0,0.0002235613749606,0.0035412570089696,0.0183290665168387,0.044281998206016,0.158125347204365
9,32,2.0,112.0,120.0,264.0,583.0,0.0001564164799157,0.0017047757947972,0.0089007498694486,0.0275815834326417,0.123332502432585
9,32,5.0,334.0,330.0,579.0,974.0,0.0001907995665446,0.0026015015381847,0.0132321689404846,0.0347016109894438,0.135281897926915
9,33,3.0,218.0,186.0,316.0,313.0,0.0002235613749606,0.0034774505763755,0.0162343160577714,0.0444225759780986,0.126581160294031
9,33,5.0,78.0,116.0,289.0,564.0,0.0003910411997893,0.0011872545713766,0.0086040582071337,0.0301934758031571,0.119313089831866
9,33,8.0,296.0,302.0,605.0,877.0,0.0003052793064714,0.0023055223212655,0.0121094394546253,0.0362598871305933,0.121809265381832
9,34,5.00438981562774,212.186128182616,216.189640035119,336.294995610184,370.324846356453,0.0003729294226735,0.0033847099713189,0.0188693061545481,0.0472756012454042,0.149764053474468
9,34,1.0,95.0,123.0,313.0,639.0,7.82082399578694e-05,0.0014460151830869,0.0091232686161848,0.0327008924788518,0.135179192203125
9,34,6.00438981562774,307.186128182616,339.189640035119,649.294995610184,1009.32484635645,0.0002291269948373,0.0023926502544194,0.0136006503630511,0.0389146500087345,0.140188276016317
9,35,2.00191570881226,210.201149425287,188.180076628352,312.298850574713,332.318007662835,0.0001491836761391,0.0033530463679989,0.0164245959126898,0.0439022766377469,0.134393607017771
9,35,1.0,77.0,115.0,275.0,552.0,7.82082399578694e-05,0.0011720333589231,0.0085298852915549,0.0287308160756685,0.116774513452465
9,35,3.00191570881226,287.201149425287,303.180076628352,587.298850574713,884.318007662835,0.0001145528432089,0.0022369887185578,0.0121567575555619,0.0351989917913492,0.122825686291146
9,36,2.0,187.0,224.0,296.0,344.0,0.0001490409166404,0.0029829507237717,0.0195510042846279,0.0416110205364468,0.139117952527625
9,36,4.0,83.0,103.0,268.0,560.0,0.0003128329598314,0.0012633606336444,0.0076398103046101,0.0279994862119242,0.118466897705399
9,36,6.0,270.0,327.0,564.0,904.0,0.0002289594798535,0.0021030102254786,0.0131118764955711,0.0338026055233961,0.125559379595412
9,37,7.0,186.0,204.0,300.0,323.0,0.0005216432082414,0.0029669991156231,0.0178053789020718,0.0421733316247771,0.130625286820997
9,37,5.0,103.0,106.0,276.0,553.0,0.0003910411997893,0.0015677848827153,0.0078623290513463,0.0288352917704891,0.116986061484082
9,37,12.0,289.0,310.0,576.0,876.0,0.0004579189597071,0.0022509998339382,0.012430219307728,0.0345218098962343,0.12167037226281
9,38,5.0,205.0,185.0,342.0,346.0,0.000372602291601,0.0032700796704449,0.0161470347886436,0.0480775980522459,0.139926777833018
9,38,2.0,77.0,98.0,249.0,553.0,0.0001564164799157,0.0011720333589231,0.0072689457267164,0.0260144480103326,0.116986061484082
9,38,7.0,282.0,283.0,591.0,899.0,0.0002671193931625,0.002196477346611,0.0113475873035065,0.0354208153622821,0.124864914000304
9,39,3.0,218.0,230.0,301.0,331.0,0.0002235613749606,0.0034774505763755,0.0200746918993947,0.0423139093968597,0.13386058804257
9,39,5.0,110.0,109.0,242.0,564.0,0.0003910411997893,0.0016743333698901,0.0080848477980825,0.0252831181465883,0.119313089831866
9,39,8.0,328.0,339.0,543.0,895.0,0.0003052793064714,0.0025547679776185,0.0135930462752251,0.0325439978709292,0.124309341524218
9,40,3.0,205.0,184.0,295.0,382.0,0.0002235613749606,0.0032700796704449,0.0160597535195158,0.0414704427643642,0.154485633330095
9,40,1.0,93.0,106.0,267.0,556.0,7.82082399578694e-05,0.0014155727581798,0.0078623290513463,0.0278950105171036,0.117620705578932
9,40,4.0,298.0,290.0,562.0,938.0,0.0001526396532357,0.0023211001747875,0.0116282696749713,0.033682738127923,0.130281745642142
9,41,5.00935453695042,193.361085126286,198.370439663237,314.587464920486,359.67165575304,0.0003732993959819,0.0030844202611055,0.0173140237312476,0.044224004943632,0.14545576840286
9,41,1.0,89.0,98.0,273.0,573.0,7.82082399578694e-05,0.0013546879083656,0.0072689457267164,0.0285218646860273,0.121217022116417
9,41,6.00935453695042,282.361085126286,296.370439663237,587.587464920486,932.67165575304,0.0002293164481726,0.0021992898122142,0.0118837082623929,0.0352162895163112,0.129541675290461
9,42,1.0,198.0,203.0,312.0,326.0,7.45204583202028e-05,0.0031584184134053,0.017718097632944,0.0438602648897682,0.131838524779087
9,42,4.0,88.0,120.0,246.0,543.0,0.0003128329598314,0.0013394666959121,0.0089007498694486,0.0257010209258707,0.114870581167914
9,42,5.0,286.0,323.0,558.0,869.0,0.0001907995665446,0.0022276330536551,0.0129514865690198,0.033443003336977,0.12069812042966
9,43,4.0,197.0,198.0,330.0,367.0,0.0002980818332808,0.0031424668052568,0.017281691287305,0.0463906647872548,0.148419443539647
9,43,1.0,93.0,104.0,263.0,569.0,7.82082399578694e-05,0.0014155727581798,0.0077139832201888,0.0274771077378211,0.12037082998995
9,43,5.0,290.0,302.0,593.0,936.0,0.0001907995665446,0.0022587887606993,0.0121094394546253,0.0355406827577551,0.130003959404099
9,44,5.0,196.0,211.0,321.0,359.0,0.000372602291601,0.0031265151971083,0.0184163477859665,0.0451254648385115,0.145184142318074
9,44,0.0,89.0,109.0,281.0,557.0,0.0,0.0013546879083656,0.0080848477980825,0.0293576702445922,0.117832253610549
9,44,5.0,285.0,320.0,602.0,916.0,0.0001907995665446,0.0022198441268941,0.0128311941241063,0.0360800860373838,0.127226097023669
9,45,4.0,191.0,219.0,369.0,404.0,0.0002980818332808,0.0030467571563657,0.0191145979389889,0.0518731978984759,0.16338271168942
9,45,3.00265017667845,87.0768551236749,116.102473498233,312.275618374558,614.542402826855,0.0002348319855272,0.0013254153116242,0.0086116589652672,0.0326252122052185,0.13000523566307
9,45,7.00265017667845,278.076855123675,335.102473498233,681.275618374558,1018.54240282685,0.0002672205236748,0.0021659202584964,0.0134367652778875,0.0408313669869201,0.141468531184247
9,46,1.0,185.0,208.0,311.0,379.0,7.45204583202028e-05,0.0029510475074746,0.0181545039785831,0.0437196871176856,0.153272395372006
9,46,6.0,96.0,110.0,311.0,590.0,0.0004692494397472,0.0014612363955405,0.0081590207136612,0.0324919410892105,0.124813338653903
9,46,7.0,281.0,318.0,622.0,969.0,0.0002671193931625,0.00218868841985,0.0127509991608306,0.0372787599921141,0.134587432331807
9,47,3.00278810408922,200.185873605948,201.186802973978,300.278810408922,372.345724907063,0.0002237691457551,0.0031932866126295,0.0175598394953341,0.0422125261708968,0.150581322329898
9,47,3.0,91.0,106.0,273.0,634.0,0.0002346247198736,0.0013851303332727,0.0078623290513463,0.0285218646860273,0.134121452045041
9,47,6.00278810408922,291.185873605948,307.186802973978,573.278810408922,1006.34572490706,0.0002290658736639,0.0022680254433638,0.0123174171916334,0.0343587189417989,0.139774496546267
9,48,3.0,165.0,240.0,341.0,414.0,0.0002235613749606,0.0026320153445044,0.0209475045906727,0.0479370202801633,0.167426838216386
9,48,4.0,104.0,127.0,302.0,622.0,0.0003128329598314,0.0015830060951689,0.0094199602784998,0.031551659835825,0.13158287566564
9,48,7.0,269.0,367.0,643.0,1036.0,0.0002671193931625,0.0020952212987176,0.0147157757610844,0.038537367644581,0.143893271306246
9,49,4.0,236.0,218.0,326.0,452.0,0.0002980818332808,0.0037645795230487,0.0190273166698611,0.0458283536989245,0.182794519018856
9,49,3.0,104.0,130.0,322.0,712.0,0.0002346247198736,0.0015830060951689,0.009642479025236,0.0336411737322373,0.15062219851115
9,49,7.0,340.0,348.0,648.0,1164.0,0.0002671193931625,0.0026482350987509,0.0139539236099656,0.0388370361332636,0.161671590540995
9,50,6.0,218.0,225.0,382.0,472.0,0.0004471227499212,0.0034774505763755,0.0196382855537557,0.0537007089355495,0.190882772072788
9,50,3.0,128.0,115.0,306.0,691.0,0.0002346247198736,0.001948315194054,0.0085298852915549,0.0319695626151075,0.146179689847198
9,50,9.0,346.0,340.0,688.0,1163.0,0.0003434392197803,0.0026949686593171,0.0136331437568629,0.0412343840427243,0.161532697421973
9,51,3.0,248.0,246.0,416.0,445.0,0.0002235613749606,0.0039559988208309,0.0214711922054396,0.0584803531863576,0.17996363044998
9,51,1.0,108.0,153.0,368.0,755.0,7.82082399578694e-05,0.001643890944983,0.011348456083547,0.0384470556939855,0.159718763870672
9,51,4.0,356.0,399.0,784.0,1200.0,0.0001526396532357,0.0027728579269274,0.015998895173495,0.04698801902543,0.166671742825768
9,52,3.0,302.0,306.0,535.0,566.0,0.0002235613749606,0.0048173856608505,0.0267080683531078,0.0752091080641859,0.228897561426267
9,52,4.0,141.0,172.0,446.0,920.0,0.0003128329598314,0.0021461909559501,0.0127577414795431,0.0465961598899933,0.194624189087442
9,52,7.0,443.0,478.0,981.0,1486.0,0.0002671193931625,0.0034504945551372,0.0191665962228838,0.058794957479524,0.206395174865909
10,1,5.0,293.0,308.0,521.0,627.0,0.0003755191255453,0.0046644583040255,0.026687885079092,0.0710857987915824,0.245517435748772
10,1,4.0,113.0,176.0,494.0,1014.0,0.0003154231426891,0.0017197900280937,0.0129212087472822,0.0504011660127824,0.21009023929689
10,1,9.0,406.0,484.0,1015.0,1641.0,0.0003462033968078,0.0031590134863706,0.0192354819760182,0.0592509331356464,0.222349060312534
10,2,3.0,248.0,270.0,442.0,609.0,0.0002253114753271,0.0039480739228612,0.0233952239329702,0.0603069540611889,0.238469088311008
10,2,2.0,126.0,163.0,413.0,988.0,0.0001577115713445,0.0019176419782284,0.0119668012829943,0.0421370072131157,0.20470331008415
10,2,5.0,374.0,433.0,855.0,1597.0,0.0001923352204488,0.0029100272017305,0.0172086026768923,0.0499108845625396,0.216387232979352
10,3,0.0,245.0,265.0,423.0,520.0,0.0,0.0039003149641169,0.0229619790453226,0.057714573682993,0.203618925979843
10,3,5.0,136.0,146.0,360.0,901.0,0.0003942789283614,0.0020698357860243,0.0107187299835409,0.0367295946651856,0.186677816179979
10,3,5.0,381.0,411.0,783.0,1421.0,0.0001923352204488,0.0029644929514955,0.0163342625870733,0.0457078627046415,0.192539923646624
10,4,5.00395569620253,205.162183544304,241.190664556962,366.289556962025,447.353639240506,0.0003758162134611,0.0032661107532602,0.020898924473526,0.0499769400108645,0.175172437606396
10,4,3.0,109.0,123.0,328.0,787.0,0.0002365673570168,0.0016589125049753,0.0090301629313392,0.033464741806058,0.163058203477961
10,4,8.00395569620253,314.162183544304,364.190664556962,694.289556962025,1234.35363924051,0.0003078885166583,0.0024444398392219,0.0144739317436354,0.0405293636614133,0.167250074209922
10,5,1.0,178.0,216.0,348.0,424.0,7.51038251090664e-05,0.0028336982188278,0.0187161791463762,0.047481493242746,0.166027739645103
10,5,3.0,100.0,119.0,302.0,714.0,0.0002365673570168,0.001521938077959,0.0087364990961737,0.0308120488580168,0.147933363765266
10,5,4.0,278.0,335.0,650.0,1138.0,0.000153868176359,0.0021630683478104,0.0133138150040622,0.0379439473282464,0.154194534208204
10,6,3.0,216.0,229.0,347.0,419.0,0.0002253114753271,0.0034386450295888,0.0198426158542599,0.0473450521702094,0.164069865356835
10,6,5.0,105.0,115.0,288.0,668.0,0.0003942789283614,0.001598034981857,0.0084428352610082,0.0293836757321485,0.138402642850417
10,6,8.0,321.0,344.0,635.0,1087.0,0.0003077363527181,0.0024976436677954,0.0136714995862608,0.0370683177745177,0.147284234344743
10,7,4.0,226.0,225.0,365.0,406.0,0.0003004153004362,0.0035978415587364,0.0194960199441419,0.0498009914758687,0.158979392207339
10,7,3.00261324041812,93.0810104529617,115.100174216028,264.229965156794,673.586236933798,0.0002367734261431,0.0014166353414326,0.0084501896471241,0.0269584986627921,0.139560052963031
10,7,7.00261324041812,319.081010452962,340.100174216028,629.229965156794,1079.5862369338,0.0002693698322627,0.0024827123528711,0.0135165098577955,0.0367314902388673,0.146279698542702
10,8,7.0,176.0,200.0,283.0,371.0,0.0005257267757634,0.0028018589129983,0.0173297955059039,0.0386128235278653,0.145274272189465
10,8,1.0,97.0,114.0,286.0,663.0,7.88557856722814e-05,0.0014762799356202,0.0083694193022168,0.029179622428453,0.13736669492489
10,8,8.0,273.0,314.0,569.0,1034.0,0.0003077363527181,0.0021241642408354,0.0124792176455986,0.0332155477381111,0.140102942329774
10,9,1.0,210.0,215.0,312.0,380.0,7.51038251090664e-05,0.0033431271121002,0.0186295301688467,0.0425696146314275,0.148798445908347
10,9,2.0,89.0,108.0,282.0,649.0,0.0001577115713445,0.0013545248893835,0.0079289235494686,0.028771515821062,0.134466040733414
10,9,3.0,299.0,323.0,594.0,1029.0,0.0001154011322692,0.0023264655971054,0.0128369022277972,0.0346749303276591,0.139425461951004
10,10,8.0,199.0,209.0,360.0,450.0,0.0006008306008725,0.0031680109300378,0.0181096363036695,0.0491187861131855,0.176208685944095
10,10,5.0,91.0,124.0,304.0,665.0,0.0003942789283614,0.0013849636509427,0.0091035788901306,0.0310161021617123,0.137781074095101
10,10,13.0,290.0,333.0,664.0,1115.0,0.0005000715731669,0.0022564382045504,0.0132343295413513,0.0387612015783933,0.151078124465859
10,11,4.0,183.0,234.0,345.0,469.0,0.0003004153004362,0.0029132964834016,0.0202758607419075,0.0470721700251361,0.183648608239512
10,11,4.0,96.0,137.0,286.0,719.0,0.0003154231426891,0.0014610605548407,0.0100579863544185,0.029179622428453,0.148969311690793
10,11,8.0,279.0,371.0,631.0,1188.0,0.0003077363527181,0.0021708491692054,0.0147445533328569,0.03683481656019,0.160969337995911
10,12,2.0,210.0,209.0,326.0,441.0,0.0001502076502181,0.0033431271121002,0.0181096363036695,0.0444797896469402,0.172684512225213
10,12,2.0,82.0,112.0,316.0,699.0,0.0001577115713445,0.0012479892239264,0.0082225873846341,0.0322404219838851,0.144825519988685
10,12,4.0,292.0,321.0,642.0,1140.0,0.000153868176359,0.0022719998473404,0.0127574167650864,0.0374769448995911,0.154465526359713
10,13,1.0,206.0,181.0,305.0,423.0,7.51038251090664e-05,0.0032794485004411,0.015683464932843,0.0416145271236711,0.165636164787449
10,13,5.00430292598967,95.0817555938038,129.111015490534,297.255593803787,636.547332185886,0.000394618238971,0.001447085443574,0.0094788089927657,0.0303279929788115,0.131885977655552
10,13,6.00430292598967,301.081755593804,310.111015490534,602.255593803787,1059.54733218589,0.0002309677853823,0.0023426633655688,0.0123246587789935,0.0351568531222041,0.143564505586949
10,14,6.0,211.0,218.0,315.0,437.0,0.0004506229506543,0.003359046765015,0.0188894771014352,0.0429789378490373,0.171118212794599
10,14,1.0,97.0,136.0,292.0,680.0,7.88557856722814e-05,0.0014762799356202,0.0099845703956271,0.0297917823395394,0.140888917871682
10,14,7.0,308.0,354.0,607.0,1117.0,0.0002692693086283,0.0023964929896604,0.0140689268998149,0.035433809274224,0.151349116617367
10,15,3.00271002710027,194.175248419151,222.20054200542,315.284552845528,373.3369467028,0.0002255150087285,0.0030912025594707,0.0192534497712747,0.0430177625444746,0.146189361761958
10,15,3.0,112.0,121.0,254.0,613.0,0.0002365673570168,0.0017045706473141,0.0088833310137565,0.0259147695693254,0.127007215669619
10,15,6.00271002710027,306.175248419151,343.20054200542,569.284552845528,986.3369467028,0.0002309065112705,0.0023822949235196,0.0136397269419523,0.0332321585968539,0.133644785649544
10,16,3.00276243093923,211.194290976059,202.186003683241,325.29926335175,345.317679558011,0.0002255189444573,0.0033621398099183,0.0175192104899325,0.0443841803870872,0.13521772121818
10,16,3.0,76.0,116.0,288.0,664.0,0.0002365673570168,0.0011566729392488,0.0085162512197996,0.0293836757321485,0.137573884509995
10,16,6.00276243093923,287.194290976059,318.186003683241,613.29926335175,1009.31767955801,0.0002309085270913,0.0022346074837488,0.0126455808654344,0.0358015306847248,0.136758584769379
10,17,3.00273722627737,212.193430656934,221.201642335766,321.292883211679,339.309306569343,0.0002255170514908,0.0033780457668512,0.0191668961362446,0.0438375455837865,0.132864993420413
10,17,2.0,80.0,98.0,243.0,576.0,0.0001577115713445,0.0012175504623672,0.0071947639615548,0.0247924763990003,0.119341201020719
10,17,5.00273722627737,292.193430656934,319.201642335766,564.292883211679,915.309306569343,0.0001924405134527,0.0022735048967343,0.0126859451195558,0.0329407683665973,0.124020819141383
10,18,3.00274473924977,189.172918572736,207.189387008234,307.28087831656,387.35407136322,0.0002255176157437,0.0030115672045506,0.0179527485392314,0.041925732607508,0.151678115355574
10,18,3.0,87.0,122.0,235.0,616.0,0.0002365673570168,0.0013240861278243,0.0089567469725478,0.0239762631842184,0.127628784424935
10,18,6.00274473924977,276.172918572736,329.189387008234,542.28087831656,1003.35407136322,0.0002309078465443,0.0021488521535507,0.0130828853729202,0.0316558108983981,0.135950539261649
10,19,4.0,220.0,206.0,309.0,386.0,0.0003004153004362,0.0035023236412478,0.017849689371081,0.0421602914138176,0.151147895054268
10,19,4.0,84.0,112.0,274.0,584.0,0.0003154231426891,0.0012784279854856,0.0082225873846341,0.0279553026062801,0.120998717701562
10,19,8.0,304.0,318.0,583.0,970.0,0.0003077363527181,0.0023653697040804,0.0126381885710202,0.034032801988258,0.13143119348151
10,20,4.0,190.0,179.0,281.0,378.0,0.0003004153004362,0.0030247340538049,0.015510166977784,0.038339941382792,0.14801529619304
10,20,4.0,98.0,115.0,256.0,585.0,0.0003154231426891,0.0014914993163998,0.0084428352610082,0.0261188228730209,0.121205907286668
10,20,8.0,288.0,294.0,537.0,963.0,0.0003077363527181,0.0022408765617604,0.0116843630184904,0.0313475380234898,0.130482720951231
10,21,5.0,228.0,214.0,313.0,410.0,0.0003755191255453,0.0036296808645659,0.0185428811913171,0.0427060557039641,0.160545691637953
10,21,2.0,93.0,91.0,260.0,602.0,0.0001577115713445,0.0014154024125019,0.0066808522500152,0.0265269294804118,0.12472813023346
10,21,7.0,321.0,305.0,573.0,1012.0,0.0002692693086283,0.0024976436677954,0.0121215330633999,0.0334490489524388,0.137122028663183
10,22,5.0,220.0,214.0,324.0,377.0,0.0003755191255453,0.0035023236412478,0.0185428811913171,0.044206907501867,0.147623721335386
10,22,3.0,95.0,113.0,276.0,633.0,0.0002365673570168,0.0014458411740611,0.0082960033434254,0.0281593559099756,0.131151007371727
10,22,8.0,315.0,327.0,600.0,1010.0,0.0003077363527181,0.0024509587394254,0.0129958731532189,0.0350251821491506,0.136851036511675
10,23,2.0,181.0,221.0,315.0,377.0,0.0001502076502181,0.0028814571775721,0.0191494240340238,0.0429789378490373,0.147623721335386
10,23,3.0,90.0,122.0,304.0,652.0,0.0002365673570168,0.0013697442701631,0.0089567469725478,0.0310161021617123,0.13508760948873
10,23,5.0,271.0,343.0,619.0,1029.0,0.0001923352204488,0.0021086025980454,0.0136317568549054,0.036134312917207,0.139425461951004
10,24,2.0,201.0,210.0,293.0,369.0,0.0001502076502181,0.0031998502358673,0.0181962852811991,0.0399772342532316,0.144491122474158
10,24,4.0,73.0,123.0,250.0,607.0,0.0003154231426891,0.0011110147969101,0.0090301629313392,0.0255066629619344,0.125764078158987
10,24,6.0,274.0,333.0,543.0,976.0,0.0002308022645385,0.0021319450622304,0.0132343295413513,0.0316977898449813,0.132244169936035
10,25,6.00533807829181,215.19128113879,209.185943060498,326.290035587189,368.327402135231,0.0004510238607528,0.0034257705060127,0.0181257480797404,0.04451936241353,0.144227750061003
10,25,5.0,85.0,106.0,254.0,601.0,0.0003942789283614,0.0012936473662652,0.0077820916318858,0.0259147695693254,0.124520940648354
10,25,11.0053380782918,300.19128113879,315.185943060498,580.290035587189,969.327402135231,0.0004233428250804,0.0023357347428776,0.0125263502620547,0.0338746069929639,0.131340059110273
10,26,2.0,183.0,200.0,303.0,328.0,0.0001502076502181,0.0029132964834016,0.0173297955059039,0.0413416449785978,0.128436553310362
10,26,2.0,90.0,91.0,309.0,564.0,0.0001577115713445,0.0013697442701631,0.0066808522500152,0.031526235420951,0.116854925999454
10,26,4.0,273.0,291.0,612.0,892.0,0.000153868176359,0.0021241642408354,0.0115651348244241,0.0357256857921336,0.120862499572687
10,27,3.0,178.0,202.0,272.0,365.0,0.0002253114753271,0.0028336982188278,0.0175030934609629,0.0371119717299624,0.142924823043544
10,27,1.0,97.0,103.0,281.0,633.0,7.88557856722814e-05,0.0014762799356202,0.0075618437555117,0.0286694891692143,0.131151007371727
10,27,4.0,275.0,305.0,553.0,998.0,0.000153868176359,0.0021397258836254,0.0121215330633999,0.0322815428808004,0.135225083602626
10,28,6.0053428317008,222.19768477293,204.181656277827,324.288512911843,367.326803205699,0.000451024217752,0.0035373100200489,0.0176921317467575,0.0442462725129995,0.143835940677603
10,28,4.0,82.0,120.0,280.0,550.0,0.0003154231426891,0.0012479892239264,0.0088099150549651,0.0285674625173666,0.113954271807978
10,28,10.0053428317008,304.19768477293,324.181656277827,604.288512911843,917.326803205699,0.0003848759638402,0.0023669078539911,0.0128838644758014,0.0352755253922944,0.124294182018457
10,29,4.00376293508937,191.179680150517,206.193791157103,314.295390404516,348.327375352775,0.0003006979112551,0.0030435141523516,0.0178664811766982,0.0428828001601098,0.136396242420596
10,29,2.0,86.0,105.0,227.0,541.0,0.0001577115713445,0.0013088667470448,0.0077086756730944,0.0231600499694365,0.112089565542029
10,29,6.00376293508937,277.179680150517,311.193791157103,541.295390404516,889.327375352775,0.0002309470135285,0.0021566855855748,0.0123676912414281,0.0315982827423562,0.120500369421025
10,30,6.0,201.0,222.0,322.0,349.0,0.0004506229506543,0.0031998502358673,0.0192360730115533,0.0439340253567937,0.136659625321087
10,30,5.0,102.0,131.0,276.0,668.0,0.0003942789283614,0.0015523768395182,0.0096174906016702,0.0281593559099756,0.138402642850417
10,30,11.0,303.0,353.0,598.0,1017.0,0.0004231374849874,0.0023575888826854,0.0140291841684595,0.0349084315419867,0.137799509041954
10,31,8.0,195.0,245.0,289.0,338.0,0.0006008306008725,0.0031043323183788,0.0212289994947322,0.039431469963085,0.132352301886898
10,31,4.0,87.0,113.0,275.0,674.0,0.0003154231426891,0.0013240861278243,0.0082960033434254,0.0280573292581279,0.139645780361049
10,31,12.0,282.0,358.0,564.0,1012.0,0.0004616045290771,0.0021941916333904,0.0142278978252366,0.0329236712202015,0.137122028663183
10,32,3.0,202.0,196.0,302.0,338.0,0.0002253114753271,0.0032157698887821,0.0169831995957858,0.0412052039060612,0.132352301886898
10,32,2.0,104.0,107.0,254.0,589.0,0.0001577115713445,0.0015828156010774,0.0078555075906772,0.0259147695693254,0.122034665627089
10,32,5.0,306.0,303.0,556.0,927.0,0.0001923352204488,0.0023809313468704,0.0120420476006891,0.0324566687915462,0.125604862224082
10,33,2.0,200.0,204.0,269.0,346.0,0.0001502076502181,0.0031839305829526,0.0176763914160219,0.0367026485123525,0.135484900748126
10,33,4.0,94.0,111.0,265.0,571.0,0.0003154231426891,0.0014306217932815,0.0081491714258427,0.0270370627396505,0.118305253095192
10,33,6.0,294.0,315.0,534.0,917.0,0.0002308022645385,0.0022875614901304,0.012518960376954,0.031172412112744,0.124249901466541
10,34,1.00095328884652,204.19447092469,195.185891325072,313.298379408961,336.320305052431,7.51754207478739e-05,0.0032507051042347,0.0169126579115053,0.0427467669105456,0.131694575576902
10,34,1.0,100.0,135.0,236.0,561.0,7.88557856722814e-05,0.001521938077959,0.0099111544368357,0.0240782898360661,0.116233357244138
10,34,2.00095328884652,304.19447092469,330.185891325072,549.298379408961,897.320305052431,7.69707583836178e-05,0.0023668828476119,0.0131224891762787,0.0320654596550535,0.121583380029107
10,35,5.0,198.0,206.0,304.0,313.0,0.0003755191255453,0.003152091277123,0.017849689371081,0.0414780860511344,0.122562930445559
10,35,2.0,87.0,99.0,255.0,540.0,0.0001577115713445,0.0013240861278243,0.0072681799203462,0.0260167962211731,0.111882375956924
10,35,7.0,285.0,305.0,559.0,853.0,0.0002692693086283,0.0022175340975754,0.0121215330633999,0.0326317947022919,0.115578152618276
10,36,3.0,170.0,203.0,266.0,319.0,0.0002253114753271,0.0027063409955097,0.0175897424384924,0.0362933252947426,0.124912379591481
10,36,4.0,83.0,90.0,222.0,513.0,0.0003154231426891,0.001263208604706,0.0066074362912238,0.0226499167101978,0.106288257159078
10,36,7.0,253.0,293.0,488.0,832.0,0.0002692693086283,0.0019685478129353,0.011644620287135,0.0284871481479758,0.112732735027439
10,37,2.00192864030858,206.198649951784,175.168756027001,315.303760848602,339.326904532305,0.0001503524984825,0.0032826109387251,0.0151781936048575,0.0430203833050152,0.132871884340255
10,37,1.0,93.0,125.0,266.0,520.0,7.88557856722814e-05,0.0014154024125019,0.009176994848922,0.0271390893914982,0.107738584254816
10,37,3.00192864030858,299.198649951784,300.168756027001,581.303760848602,859.326904532305,0.000115475321361,0.0023280112569004,0.0119295262320685,0.0339337835128476,0.116435423354075
10,38,6.0,181.0,219.0,342.0,393.0,0.0004506229506543,0.0028814571775721,0.0189761260789647,0.0466628468075262,0.153888919057843
10,38,3.0,111.0,100.0,260.0,544.0,0.0002365673570168,0.0016893512665345,0.0073415958791376,0.0265269294804118,0.112711134297346
10,38,9.0,292.0,319.0,602.0,937.0,0.0003462033968078,0.0022719998473404,0.0126779313023756,0.0351419327563144,0.126959822981623
10,39,5.0,189.0,178.0,299.0,301.0,0.0003755191255453,0.0030088144008902,0.0154235180002544,0.0407958806884513,0.117864032153717
10,39,4.0,93.0,98.0,240.0,497.0,0.0003154231426891,0.0014154024125019,0.0071947639615548,0.0244863964434571,0.102973223797391
10,39,9.0,282.0,276.0,539.0,798.0,0.0003462033968078,0.0021941916333904,0.010968993854093,0.0314642886306536,0.108125868451799
10,40,4.0,197.0,200.0,310.0,377.0,0.0003004153004362,0.0031361716242083,0.0173297955059039,0.0422967324863542,0.147623721335386
10,40,3.0,98.0,123.0,280.0,575.0,0.0002365673570168,0.0014914993163998,0.0090301629313392,0.0285674625173666,0.119134011435613
10,40,7.0,295.0,323.0,590.0,952.0,0.0002692693086283,0.0022953423115254,0.0128369022277972,0.0344414291133314,0.128992264117935
10,41,4.0,181.0,188.0,296.0,351.0,0.0003004153004362,0.0028814571775721,0.0162900077755496,0.0403865574708414,0.137442775036394
10,41,3.0,98.0,93.0,233.0,507.0,0.0002365673570168,0.0014914993163998,0.0068276841675979,0.0237722098805229,0.105045119648445
10,41,7.0,279.0,281.0,529.0,858.0,0.0002692693086283,0.0021708491692054,0.01116770751087,0.0308805355948344,0.116255632997047
10,42,1.0,171.0,213.0,297.0,358.0,7.51038251090664e-05,0.0027222606484244,0.0184562322137876,0.0405229985433781,0.140183799039969
10,42,1.0,93.0,114.0,258.0,527.0,7.88557856722814e-05,0.0014154024125019,0.0083694193022168,0.0263228761767163,0.109188911350553
10,42,2.0,264.0,327.0,555.0,885.0,7.69340881795284e-05,0.0020541368482803,0.0129958731532189,0.0323982934879643,0.119914027042408
10,43,7.0,202.0,201.0,317.0,345.0,0.0005257267757634,0.0032157698887821,0.0174164444834334,0.0432518199941106,0.135093325890473
10,43,5.0,104.0,102.0,248.0,566.0,0.0003942789283614,0.0015828156010774,0.0074884277967203,0.025302609658239,0.117269305169665
10,43,12.0,306.0,303.0,565.0,911.0,0.0004616045290771,0.0023809313468704,0.0120420476006891,0.0329820465237834,0.123436925012016
10,44,5.0,195.0,227.0,317.0,349.0,0.0003755191255453,0.0031043323183788,0.0196693178992009,0.0432518199941106,0.136659625321087
10,44,0.0,100.0,87.0,259.0,607.0,0.0,0.001521938077959,0.0063871884148497,0.0264249028285641,0.125764078158987
10,44,5.0,295.0,314.0,576.0,956.0,0.0001923352204488,0.0022953423115254,0.0124792176455986,0.0336241748631845,0.129534248420952
10,45,3.0,205.0,198.0,329.0,387.0,0.0002253114753271,0.0032635288475264,0.0171564975508448,0.0448891128645501,0.151539469911922
10,45,4.0,101.0,118.0,274.0,628.0,0.0003154231426891,0.0015371574587386,0.0086630831373823,0.0279553026062801,0.1301150594462
10,45,7.0,306.0,316.0,603.0,1015.0,0.0002692693086283,0.0023809313468704,0.0125587031083094,0.0352003080598963,0.137528516890446
10,46,7.00651162790698,182.169302325581,209.194418604651,309.287441860465,368.342325581395,0.0005262158239269,0.0029000720647478,0.0181264824769753,0.0421995102895514,0.14423359370731
10,46,3.0,92.0,104.0,265.0,588.0,0.0002365673570168,0.0014001830317223,0.0076352597143031,0.0270370627396505,0.121827476041984
10,46,10.006511627907,274.169302325581,313.194418604651,574.287441860465,956.342325581395,0.0003849209239754,0.0021332623733875,0.0124472016406183,0.0335242037618875,0.129580632193861
10,47,4.0,206.0,208.0,306.0,387.0,0.0003004153004362,0.0032794485004411,0.01802298732614,0.0417509681962077,0.151539469911922
10,47,5.0,89.0,127.0,278.0,619.0,0.0003942789283614,0.0013545248893835,0.0093238267665047,0.0283634092136711,0.128250353180252
10,47,9.0,295.0,335.0,584.0,1006.0,0.0003462033968078,0.0022953423115254,0.0133138150040622,0.0340911772918399,0.136309052208659
10,48,4.0,183.0,224.0,311.0,369.0,0.0003004153004362,0.0029132964834016,0.0194093709666123,0.0424331735588908,0.144491122474158
10,48,1.0,93.0,112.0,275.0,629.0,7.88557856722814e-05,0.0014154024125019,0.0082225873846341,0.0280573292581279,0.130322249031306
10,48,5.0,276.0,336.0,586.0,998.0,0.0001923352204488,0.0021475067050204,0.0133535577354176,0.0342079278990037,0.135225083602626
10,49,5.0,177.0,235.0,318.0,382.0,0.0003755191255453,0.002817778565913,0.020362509719437,0.0433882610666472,0.149581595623654
10,49,3.0,96.0,96.0,241.0,658.0,0.0002365673570168,0.0014610605548407,0.0070479320439721,0.0245884230953048,0.136330746999363
10,49,8.0,273.0,331.0,559.0,1040.0,0.0003077363527181,0.0021241642408354,0.0131548440786405,0.0326317947022919,0.140915918784299
10,50,1.00080710250202,209.168684422922,231.186440677966,331.267150928168,467.376916868442,7.5164441594223e-05,0.0033298928566505,0.0200320687034346,0.0451984453687917,0.183013049693313
10,50,3.0,99.0,105.0,302.0,721.0,0.0002365673570168,0.0015067186971794,0.0077086756730944,0.0308120488580168,0.149383690861004
10,50,4.00080710250202,308.168684422922,336.186440677966,633.267150928168,1188.37691686844,0.0001538992232065,0.0023978054930273,0.0133609673971957,0.0369671621838878,0.16102040875247
10,51,5.0,213.0,229.0,338.0,460.0,0.0003755191255453,0.0033908860708445,0.0198426158542599,0.0461170825173797,0.18012443452063
10,51,5.0,93.0,111.0,284.0,749.0,0.0003942789283614,0.0014154024125019,0.0081491714258427,0.0289755691247575,0.155184999243956
10,51,10.0,306.0,340.0,622.0,1209.0,0.0003846704408976,0.0023809313468704,0.0135125286608392,0.0363094388279528,0.163814755586748
10,52,6.0,258.0,239.0,360.0,461.0,0.0004506229506543,0.0041072704520088,0.0207091056295551,0.0491187861131855,0.180516009378284
10,52,3.0,104.0,149.0,353.0,749.0,0.0002365673570168,0.0015828156010774,0.010938977859915,0.0360154081022514,0.155184999243956
10,52,9.0,362.0,388.0,713.0,1210.0,0.0003462033968078,0.0028166573449905,0.0154201797658989,0.0416215914539073,0.163950251662502
2025,1,6.0,244.0,236.0,384.0,527.0,0.0004592148560698,0.0039156557130812,0.0203547772056879,0.050980696003403,0.200711077039485
2025,1,1.0,109.0,143.0,319.0,858.0,8.04964273190668e-05,0.0016742145414621,0.0104034437195779,0.0318357616468497,0.174834758260932
2025,1,7.0,353.0,379.0,703.0,1385.0,0.0002746316005927,0.0027703850002783,0.0149567212180601,0.0400514097213578,0.183853891871758
2025,2,2.0,216.0,245.0,427.0,527.0,0.0001530716186899,0.0034663181722358,0.0211310187092947,0.0566894718579507,0.200711077039485
2025,2,2.0,116.0,140.0,390.0,874.0,0.0001609928546381,0.0017817329065102,0.0101851896555308,0.0389214640823555,0.178095080093303
2025,2,4.0,332.0,385.0,817.0,1401.0,0.0001569323431958,0.0026055745611683,0.015193503084309,0.0465462329194158,0.185977835748977
2025,3,5.0,216.0,233.0,374.0,476.0,0.0003826790467249,0.0034663181722358,0.020096030037819,0.0496530737116477,0.181287424422761
2025,3,3.0,105.0,139.0,324.0,778.0,0.0002414892819572,0.0016127754757204,0.0101124383008485,0.0323347547761107,0.158533149099073
2025,3,8.0,321.0,372.0,698.0,1254.0,0.0003138646863917,0.0025192452835392,0.0146804757074363,0.0397665490547763,0.166464101377029
2025,4,5.0,230.0,247.0,379.0,516.0,0.0003826790467249,0.0036909869426585,0.0213035168212073,0.0503168848575253,0.196521661769211
2025,4,1.0,97.0,134.0,340.0,890.0,8.04964273190668e-05,0.0014898973442369,0.0097486815274366,0.0339315327897458,0.181355401925675
2025,4,6.0,327.0,381.0,719.0,1406.0,0.0002353985147938,0.0025663339804278,0.0150356485068097,0.0409629638544186,0.186641568210608
2025,5,1.0,187.0,212.0,388.0,449.0,7.65358093449811e-05,0.0030009328620745,0.0182847998627366,0.0515117449201051,0.171004314213907
2025,5,2.0,100.0,87.0,330.0,721.0,0.0001609928546381,0.0015359766435432,0.0063293678573655,0.0329335465312239,0.146918252571249
2025,5,3.0,287.0,299.0,718.0,1170.0,0.0001176992573969,0.0022524093345039,0.0117996296680738,0.0409059917211023,0.15531339602163
2025,6,4.00308404009252,217.167309175019,264.203546646106,356.274479568234,456.351580570547,0.0003063792768844,0.0034850508805968,0.0227873064785342,0.0472997941058301,0.173804207295989
2025,6,1.0,104.0,121.0,308.0,768.0,8.04964273190668e-05,0.001597415709285,0.0088029139165659,0.0307379767624756,0.156495447953841
2025,6,5.00308404009252,321.167309175019,385.203546646106,664.274479568234,1224.35158057055,0.0001962864254043,0.0025205583453774,0.0152015357767646,0.0378451342085762,0.162528377694754
2025,7,6.0,209.0,231.0,376.0,490.0,0.0004592148560698,0.0033539837870244,0.0199235319259064,0.0499185981699987,0.186619407494018
2025,7,7.0,90.0,144.0,331.0,746.0,0.0005634749912334,0.0013823789791889,0.0104761950742603,0.0330333451570761,0.15201250543433
2025,7,13.0,299.0,375.0,707.0,1236.0,0.0005100301153865,0.0023465867282811,0.0147988666405607,0.040279298254623,0.164074664515158
2025,8,3.00247320692498,204.168178070899,218.179719703215,345.284418796373,443.365210222589,0.0002297967169286,0.0032764438233307,0.0188177948532135,0.0458407291389832,0.168858271092246
2025,8,7.0,84.0,145.0,342.0,684.0,0.0005634749912334,0.0012902203805763,0.0105489464289426,0.0341311300414502,0.13937875833389
2025,8,10.002473206925,288.168178070899,363.179719703215,687.284418796373,1127.36521022259,0.0003924278895291,0.002261577331686,0.0143323953025176,0.0391560595338817,0.149653777227614
2025,9,3.0,180.0,225.0,334.0,426.0,0.0002296074280349,0.0028885984768632,0.0194060375901686,0.0443425845446265,0.162244627739698
2025,9,1.0,84.0,90.0,290.0,627.0,8.04964273190668e-05,0.0012902203805763,0.0065476219214126,0.0289416014971361,0.127763861806065
2025,9,4.0,264.0,315.0,624.0,1053.0,0.0001569323431958,0.0020719026630977,0.012431047978071,0.0355506111893702,0.139782056419467
