Year,Week,0-14,15-64,65-74,75-84,85+,0-14.1,15-64.1,65-74.1,75-84.1,85+.1
2000,1,33,593,407,403,158,0.0006984748059092,0.003906285272289,0.0318799240541599,0.0740427703585172,0.196088118410875
2000,1,27,264,209,304,234,0.0006206241795958,0.001787820363597,0.0190070001363731,0.0616597327204528,0.2102607220858
2000,1,60,857,616,707,392,0.000661154199348,0.0028616987578656,0.0259230848186065,0.0681571637009229,0.204308810401494
2000,2,36,589,387,344,142,0.0007619725155373,0.003879935961852,0.0303133430195574,0.0632027617948633,0.176231093761672
2000,2,21,256,225,316,197,0.0004827076952412,0.0017336439889425,0.020462081486526,0.0640936695383654,0.177014368593601
2000,2,57,845,612,660,339,0.0006280964893806,0.0028216282968453,0.0257547530990052,0.0636262065666324,0.1766854253217
2000,3,29,614,400,402,141,0.0006138111930717,0.0040446191520834,0.031331620692049,0.0738590413998112,0.174990029721097
2000,3,34,241,202,281,161,0.0007815267446762,0.0016320632864654,0.0183704020456811,0.0569946871527869,0.144666565195785
2000,3,63,855,602,683,302,0.0006942119093154,0.0028550203476955,0.0253339238000018,0.0658434834621362,0.157401175360335
2000,4,34,625,466,407,158,0.0007196407091186,0.0041170797557852,0.0365013381062371,0.0747776861933411,0.196088118410875
2000,4,24,243,223,293,171,0.0005516659374185,0.001645607380129,0.0202801963177569,0.0594286239706995,0.153652066139623
2000,4,58,868,689,700,329,0.0006391157260364,0.0028984300138008,0.028995138701331,0.0674823402979434,0.171473465872683
2000,5,31,589,412,436,188,0.0006561429994905,0.003879935961852,0.0322715693128105,0.0801058259958151,0.233320039628129
2000,5,22,235,239,307,228,0.0005056937759669,0.0015914310054746,0.0217352776679099,0.0622682169249309,0.204869421519497
2000,5,53,824,651,743,416,0.0005840195427574,0.0027515049900598,0.0273959873651182,0.0716276840591028,0.216817513079137
2000,6,39,661,450,421,157,0.0008254702251655,0.0043542235497185,0.0352480732785552,0.0773498916152251,0.1948470543703
2000,6,36,273,249,298,237,0.0008274989061277,0.0018487687850832,0.0226447035117555,0.0604427643114965,0.212956372368951
2000,6,75,934,699,719,394,0.0008264427491851,0.0031188175494124,0.0294159680003343,0.0693140038203162,0.205351202291298
2000,7,28,587,463,426,186,0.0005926452898624,0.0038667613066335,0.0362663509510467,0.0782685364087551,0.230837911546979
2000,7,27,269,261,298,194,0.0006206241795958,0.001821680597756,0.0237360145243702,0.0604427643114965,0.174318718310449
2000,7,55,856,724,724,380,0.000606058016069,0.0028583595527805,0.0304680412478427,0.06979602053673,0.198054459062673
2000,8,28,572,439,425,159,0.0005926452898624,0.0037679513924946,0.0343864537095238,0.0780848074500491,0.19732918245145
2000,8,31,245,214,309,203,0.0007125685024989,0.0016591514737926,0.0194617130582959,0.0626738730612497,0.182405669159903
2000,8,59,817,653,734,362,0.0006501349626922,0.0027281305544646,0.0274801532249189,0.0707600539695578,0.188672932054441
2000,9,42,584,459,491,191,0.0008889679347936,0.0038469993238057,0.0359530347441263,0.090210918724645,0.237043231749855
2000,9,25,266,236,333,237,0.0005746520181442,0.0018013644572606,0.0214624499147562,0.0675417466970749,0.212956372368951
2000,9,67,850,695,824,428,0.0007382888559387,0.0028383243222704,0.029247636280733,0.0794363548650077,0.223071864417958
2000,10,51,623,379,403,171,0.0010794610636779,0.0041039051005667,0.0296867106057165,0.0740427703585172,0.212221950938352
2000,10,32,244,217,283,201,0.0007355545832246,0.0016523794269608,0.0197345408114495,0.0574003432891057,0.180608568971136
2000,10,83,867,596,686,372,0.0009145966424315,0.0028950908087158,0.0250814262205998,0.0661326934919845,0.193884891503459
2000,11,30,573,414,331,160,0.0006349770962811,0.0037745387201039,0.0324282274162707,0.0608142853316853,0.198570246492025
2000,11,33,268,220,271,197,0.0007585406639504,0.0018149085509242,0.0200073685646032,0.0549664064711931,0.177014368593601
2000,11,63,841,634,602,357,0.0006942119093154,0.0028082714765052,0.0266805775568125,0.0580348126562313,0.186066952329932
2000,12,37,567,415,412,165,0.0007831384187467,0.0037350147544483,0.0325065564680009,0.0756963309868711,0.204775566694901
2000,12,30,284,193,300,207,0.0006895824217731,0.0019232613002331,0.0175519187862201,0.0608484204478152,0.185999869537438
2000,12,67,851,608,712,372,0.0007382888559387,0.0028416635273554,0.0255864213794038,0.0686391804173367,0.193884891503459
2000,13,30,569,428,415,169,0.0006349770962811,0.0037481894096669,0.0335248341404925,0.0762475178629891,0.209739822857202
2000,13,27,260,223,297,222,0.0006206241795958,0.0017607321762697,0.0202801963177569,0.0602399362433371,0.199478120953195
2000,13,57,829,651,712,391,0.0006280964893806,0.0027682010154849,0.0273959873651182,0.0686391804173367,0.203787614456592
2000,14,40,594,419,406,154,0.0008466361283748,0.0039128725998983,0.0328198726749214,0.0745939572346351,0.191123862248574
2000,14,26,255,218,264,189,0.00059763809887,0.0017268719421107,0.0198254833958341,0.0535466099940774,0.169825967838531
2000,14,66,849,637,670,343,0.0007272696192829,0.0028349851171854,0.0268068263465135,0.0645902399994601,0.178770209101307
2000,15,30,580,399,402,153,0.0006349770962811,0.0038206500133687,0.0312532916403189,0.0738590413998112,0.189882798207999
2000,15,33,249,221,304,179,0.0007585406639504,0.0016862396611199,0.0200983111489878,0.0616597327204528,0.160840466894693
2000,15,63,829,620,706,332,0.0006942119093154,0.0027682010154849,0.0260914165382078,0.0680607603576401,0.173037053707388
2000,16,29,531,400,375,153,0.0006138111930717,0.0034978709605151,0.031331620692049,0.0688983595147492,0.189882798207999
2000,16,27,288,206,272,168,0.0006206241795958,0.0019503494875603,0.0187341723832194,0.0551692345393525,0.150956415856472
2000,16,56,819,606,647,321,0.0006170772527248,0.0027348089646346,0.0255022555196032,0.0623729631039563,0.167303898313468
2000,17,28,568,395,384,130,0.0005926452898624,0.0037416020820576,0.0309399754333984,0.0705519201431032,0.16133832527477
2000,17,32,209,214,262,164,0.0007355545832246,0.0014153577878476,0.0194617130582959,0.0531409538577586,0.147362215478937
2000,17,60,777,609,646,294,0.000661154199348,0.0025945623510636,0.0256285043093042,0.0622765597606735,0.153231607801121
2000,18,39,570,388,377,123,0.0008254702251655,0.0037547767372761,0.0303916720712876,0.0692658174321612,0.152650876990744
2000,18,24,231,212,257,178,0.0005516659374185,0.0015643428181473,0.0192798278895268,0.0521268135169617,0.159941916800309
2000,18,63,801,600,634,301,0.0006942119093154,0.0026747032731042,0.0252497579402011,0.0611197196412802,0.156879979415433
2000,19,33,544,366,332,128,0.0006984748059092,0.0035835062194355,0.0286684329332249,0.0609980142903913,0.15885619719362
2000,19,21,282,194,250,161,0.0004827076952412,0.0019097172065695,0.0176428613706047,0.050707017039846,0.144666565195785
2000,19,54,826,560,582,289,0.0005950387794132,0.0027581834002298,0.0235664407441877,0.0561067457905758,0.150625628076612
2000,20,31,558,362,389,143,0.0006561429994905,0.003675728805965,0.0283551167263044,0.0714705649366332,0.177472157802247
2000,20,27,248,224,243,174,0.0006206241795958,0.001679467614288,0.0203711389021415,0.0492872205627303,0.156347716422774
2000,20,58,806,586,632,317,0.0006391157260364,0.0026913992985293,0.0246605969215965,0.0609269129547146,0.165219114533861
2000,21,44,542,339,382,152,0.0009312997412123,0.0035703315642169,0.0265535485365116,0.0701844622256912,0.188641734167424
2000,21,30,235,195,255,165,0.0006895824217731,0.0015914310054746,0.0177338039549892,0.051721157380643,0.14826076557332
2000,21,74,777,534,637,317,0.0008154235125293,0.0025945623510636,0.022472284566779,0.0614089296711285,0.165219114533861
2000,22,39,530,422,354,121,0.0008254702251655,0.0034912836329059,0.0330548598301117,0.0650400513819233,0.150168748909594
2000,22,24,254,183,279,171,0.0005516659374185,0.0017200998952789,0.0166424929423745,0.0565890310164682,0.153652066139623
2000,22,63,784,605,633,292,0.0006942119093154,0.0026179367866588,0.0254601725897028,0.0610233162979974,0.152189215911317
2000,23,41,545,358,359,129,0.0008678020315842,0.0035900935470447,0.0280418005193839,0.0659586961754532,0.160097261234195
2000,23,24,243,228,242,159,0.0005516659374185,0.001645607380129,0.0207349092396797,0.049084392494571,0.142869465007018
2000,23,65,788,586,601,288,0.000716250382627,0.0026312936069989,0.0246605969215965,0.0579384093129486,0.15010443213171
2000,24,22,551,333,393,125,0.0004656498706061,0.0036296175127002,0.0260835742261308,0.0722054807714572,0.155133005071895
2000,24,29,237,168,241,151,0.0006665963410473,0.0016049750991382,0.0152783541766061,0.0488815644264116,0.135681064251948
2000,24,51,788,501,634,276,0.0005619810694458,0.0026312936069989,0.021083547880068,0.0611197196412802,0.143850080792889
2000,25,30,560,336,328,124,0.0006349770962811,0.0036889034611836,0.0263185613813212,0.0602630984555673,0.153891941031319
2000,25,31,249,214,226,164,0.0007125685024989,0.0016862396611199,0.0194617130582959,0.0458391434040208,0.147362215478937
2000,25,61,809,550,554,288,0.0006721734360038,0.0027014169137844,0.0231456114451844,0.0534074521786581,0.15010443213171
2000,26,28,566,373,402,149,0.0005926452898624,0.0037284274268391,0.0292167362953357,0.0738590413998112,0.184918542045698
2000,26,25,255,225,249,139,0.0005746520181442,0.0017268719421107,0.020462081486526,0.0505041889716866,0.124898463119343
2000,26,53,821,598,651,288,0.0005840195427574,0.0027414873748047,0.0251655920804005,0.0627585764770874,0.15010443213171
2000,27,31,585,344,331,132,0.0006561429994905,0.003853586651415,0.0269451937951622,0.0608142853316853,0.163820453355921
2000,27,31,276,197,229,161,0.0007125685024989,0.0018690849255786,0.0179156891237583,0.046447627608499,0.144666565195785
2000,27,62,861,541,560,293,0.0006831926726596,0.0028750555782057,0.0227668650760814,0.0539858722383547,0.152710411856219
2000,28,28,565,317,349,116,0.0005926452898624,0.0037218400992298,0.0248303093984489,0.0641214065883933,0.143963428706718
2000,28,25,234,196,253,152,0.0005746520181442,0.0015846589586428,0.0178247465393738,0.0513155012443242,0.136579614346332
2000,28,53,799,513,602,268,0.0005840195427574,0.0026680248629342,0.021588543038872,0.0580348126562313,0.139680513233675
2000,29,34,550,341,327,132,0.0007196407091186,0.003623030185091,0.0267102066399718,0.0600793694968613,0.163820453355921
2000,29,21,250,184,248,152,0.0004827076952412,0.0016930117079517,0.0167334355267591,0.0503013609035273,0.136579614346332
2000,29,55,800,525,575,284,0.000606058016069,0.0026713640680192,0.022093538197676,0.0554319223875964,0.148019648352103
2000,30,43,568,393,333,137,0.0009101338380029,0.0037416020820576,0.0307833173299382,0.0611817432490973,0.170025773558797
2000,30,24,239,233,231,140,0.0005516659374185,0.0016185191928018,0.0211896221616025,0.0468532837448177,0.125797013213726
2000,30,67,807,626,564,277,0.0007382888559387,0.0026947385036144,0.0263439141176099,0.0543714856114858,0.144371276737791
2000,31,28,587,334,303,119,0.0005926452898624,0.0038667613066335,0.0261619032778609,0.0556698744879174,0.147686620828444
2000,31,27,232,165,207,147,0.0006206241795958,0.0015711148649791,0.0150055264234524,0.0419854101089925,0.132086863874413
2000,31,55,819,499,510,266,0.000606058016069,0.0027348089646346,0.0209993820202673,0.0491657050742159,0.138638121343871
2000,32,29,502,341,355,112,0.0006138111930717,0.0033068384598467,0.0267102066399718,0.0652237803406293,0.138999172544418
2000,32,19,259,189,218,122,0.0004367355337896,0.0017539601294379,0.0171881484486819,0.0442165188587457,0.109623111514819
2000,32,48,761,530,573,234,0.0005289233594784,0.0025411350697033,0.0223039528471777,0.0552391157010308,0.121959851107014
2000,33,29,552,358,347,125,0.0006138111930717,0.0036362048403095,0.0280418005193839,0.0637539486709813,0.155133005071895
2000,33,19,275,188,225,139,0.0004367355337896,0.0018623128787468,0.0170972058642973,0.0456363153358614,0.124898463119343
2000,33,48,827,546,572,264,0.0005289233594784,0.0027615226053148,0.022977279725583,0.055142712357748,0.137595729454068
2000,34,25,504,311,354,134,0.0005291475802343,0.0033200131150652,0.0243603350880681,0.0650400513819233,0.166302581437071
2000,34,20,234,177,219,159,0.0004597216145154,0.0015846589586428,0.0160968374360671,0.0444193469269051,0.142869465007018
2000,34,45,738,488,573,293,0.000495865649511,0.0024643333527477,0.0205364697913636,0.0552391157010308,0.152710411856219
2000,35,41,546,340,331,140,0.0008678020315842,0.003596680874654,0.0266318775882417,0.0608142853316853,0.173748965680522
2000,35,34,263,195,231,167,0.0007815267446762,0.0017810483167652,0.0177338039549892,0.0468532837448177,0.150057865762088
2000,35,75,809,535,562,307,0.0008264427491851,0.0027014169137844,0.0225143674966794,0.0541786789249203,0.160007155084844
2000,36,28,579,395,346,124,0.0005926452898624,0.0038140626857594,0.0309399754333984,0.0635702197122753,0.153891941031319
2000,36,23,230,174,268,162,0.0005286798566927,0.0015575707713155,0.0158240096829135,0.0543579222667149,0.145565115290169
2000,36,51,809,569,614,286,0.0005619810694458,0.0027014169137844,0.0239451871132908,0.0591916527756247,0.149062040241906
2000,37,30,544,387,381,128,0.0006349770962811,0.0035835062194355,0.0303133430195574,0.0700007332669852,0.15885619719362
2000,37,28,215,179,241,152,0.0006436102603216,0.0014559900688384,0.0162787226048363,0.0488815644264116,0.136579614346332
2000,37,58,759,566,622,280,0.0006391157260364,0.0025344566595332,0.0238189383235897,0.0599628795218869,0.145934864572496
2000,38,46,568,334,347,105,0.0009736315476311,0.0037416020820576,0.0261619032778609,0.0637539486709813,0.130311724260391
2000,38,25,245,191,240,138,0.0005746520181442,0.0016591514737926,0.017370033617451,0.0486787363582522,0.123999913024959
2000,38,71,813,525,587,243,0.0007823658025619,0.0027147737341245,0.022093538197676,0.0565887625069897,0.12665061461113
2000,39,36,575,388,357,125,0.0007619725155373,0.0037877133753224,0.0303916720712876,0.0655912382580413,0.155133005071895
2000,39,24,236,197,210,168,0.0005516659374185,0.0015982030523064,0.0179156891237583,0.0425938943134707,0.150956415856472
2000,39,60,811,585,567,293,0.000661154199348,0.0027080953239545,0.0246185139916961,0.0546606956413342,0.152710411856219
2000,40,43,590,349,337,122,0.0009101338380029,0.0038865232894612,0.0273368390538128,0.0619166590839213,0.151409812950169
2000,40,26,233,187,239,136,0.00059763809887,0.0015778869118109,0.0170062632799127,0.0484759082900928,0.122202812836191
2000,40,69,823,536,576,258,0.0007603273292503,0.0027481657849747,0.0225564504265797,0.0555283257308792,0.134468553784657
2000,41,33,550,342,369,110,0.0006984748059092,0.003623030185091,0.0267885356917019,0.0677959857625132,0.136517044463267
2000,41,22,265,193,221,150,0.0005056937759669,0.0017945924104288,0.0175519187862201,0.0448250030632239,0.134782514157564
2000,41,55,815,535,590,260,0.000606058016069,0.0027214521442945,0.0225143674966794,0.056877972536838,0.13551094567446
2000,42,28,580,375,340,114,0.0005926452898624,0.0038206500133687,0.029373394398796,0.0624678459600393,0.141481300625568
2000,42,28,236,199,258,153,0.0006436102603216,0.0015982030523064,0.0180975742925275,0.0523296415851211,0.137478164440715
2000,42,56,816,574,598,267,0.0006170772527248,0.0027247913493796,0.0241556017627924,0.0576491992831002,0.139159317288773
2000,43,18,564,333,350,124,0.0003809862577686,0.0037152527716206,0.0260835742261308,0.0643051355470993,0.153891941031319
2000,43,20,226,197,235,137,0.0004597216145154,0.0015304825839883,0.0179156891237583,0.0476645960174553,0.123101362930575
2000,43,38,790,530,585,261,0.0004187309929204,0.0026379720171689,0.0223039528471777,0.0563959558204241,0.136032141619362
2000,44,31,574,376,353,134,0.0006561429994905,0.0037811260477131,0.0294517234505261,0.0648563224232172,0.166302581437071
2000,44,20,296,194,256,166,0.0004597216145154,0.0020045258622148,0.0176428613706047,0.0519239854488023,0.149159315667704
2000,44,51,870,570,609,300,0.0005619810694458,0.0029051084239709,0.0239872700431911,0.0587096360592108,0.156358783470531
2000,45,33,561,364,375,141,0.0006984748059092,0.0036954907887928,0.0285117748297646,0.0688983595147492,0.174990029721097
2000,45,28,231,198,253,165,0.0006436102603216,0.0015643428181473,0.0180066317081429,0.0513155012443242,0.14826076557332
2000,45,61,792,562,628,306,0.0006721734360038,0.002644650427339,0.0236506066039884,0.0605412995815835,0.159485959139942
2000,46,35,520,341,379,145,0.000740806612328,0.0034254103568133,0.0267102066399718,0.0696332753495732,0.179954285883398
2000,46,27,224,184,267,154,0.0006206241795958,0.0015169384903247,0.0167334355267591,0.0541550941985556,0.138376714535099
2000,46,62,744,525,646,299,0.0006831926726596,0.0024843685832578,0.022093538197676,0.0622765597606735,0.155837587525629
2000,47,42,529,354,363,133,0.0008889679347936,0.0034846963052966,0.0277284843124634,0.0666936120102772,0.165061517396496
2000,47,31,235,190,220,150,0.0007125685024989,0.0015914310054746,0.0172790910330664,0.0446221749950645,0.134782514157564
2000,47,73,764,544,583,283,0.0008044042758735,0.0025511526849583,0.0228931138657824,0.0562031491338586,0.147498452407201
2000,48,28,590,359,401,142,0.0005926452898624,0.0038865232894612,0.028120129571114,0.0736753124411052,0.176231093761672
2000,48,25,256,153,266,154,0.0005746520181442,0.0017336439889425,0.0139142154108377,0.0539522661303962,0.138376714535099
2000,48,53,846,512,667,296,0.0005840195427574,0.0028249675019303,0.0215464601089716,0.0643010299696118,0.154273999690924
2000,49,24,549,356,407,128,0.0005079816770249,0.0036164428574817,0.0278851424159236,0.0747776861933411,0.15885619719362
2000,49,19,258,189,264,187,0.0004367355337896,0.0017471880826061,0.0171881484486819,0.0535466099940774,0.168028867649763
2000,49,43,807,545,671,315,0.0004738271761994,0.0026947385036144,0.0229351967956827,0.0646866433427429,0.164176722644058
2000,50,26,603,422,402,150,0.0005503134834436,0.0039721585483816,0.0330548598301117,0.0738590413998112,0.186159606086274
2000,50,23,263,209,278,176,0.0005286798566927,0.0017810483167652,0.0190070001363731,0.0563862029483088,0.158144816611542
2000,50,49,866,631,680,326,0.0005399425961342,0.0028917516036308,0.0265543287671115,0.0655542734322879,0.169909878037977
2000,51,23,545,384,395,138,0.0004868157738155,0.0035900935470447,0.0300783558643671,0.0725729386888692,0.171266837599372
2000,51,22,246,219,275,184,0.0005056937759669,0.0016659235206244,0.0199164259802187,0.0557777187438306,0.165333217366612
2000,51,45,791,603,670,322,0.000495865649511,0.002641311222254,0.0253760067299022,0.0645902399994601,0.16782509425837
2000,52,41,557,379,359,157,0.0008678020315842,0.0036691414783558,0.0296867106057165,0.0659586961754532,0.1948470543703
2000,52,23,266,192,280,179,0.0005286798566927,0.0018013644572606,0.0174609762018355,0.0567918590846276,0.160840466894693
2000,52,64,823,571,639,336,0.0007052311459712,0.0027481657849747,0.0240293529730914,0.0616017363576941,0.175121837486995
2001,1,33,567,394,454,168,0.000703430545918,0.0037045651323206,0.0312774193926595,0.0773734349513331,0.194030956851433
2001,1,25,255,212,278,199,0.0005795411377238,0.0017103608544096,0.0186968618573554,0.0531207832400303,0.169237788305682
2001,1,58,822,606,732,367,0.0006440828754021,0.0027205413587411,0.0253177794960828,0.0659399844625967,0.179752031864825
2001,2,28,584,399,389,158,0.0005968501601728,0.0038156367500445,0.0316743409585562,0.0662957405199749,0.182481495134086
2001,2,26,253,205,286,182,0.0006027227832328,0.001696946259473,0.0180795126450842,0.054649438872837,0.154780288802181
2001,2,54,837,604,675,340,0.0005996633667537,0.0027701862740466,0.025234222468043,0.0608053135413289,0.166527767940164
2001,3,35,626,428,442,189,0.0007460627002161,0.0040900489820682,0.0339764860407571,0.0753283221332362,0.218284826457862
2001,3,22,247,221,296,206,0.000509996201197,0.0016567024746634,0.0194905965588469,0.0565602584138452,0.175190876336535
2001,3,57,873,649,738,395,0.00063297799824,0.0028893340707798,0.0271142555989402,0.0664804761385196,0.19346608334225
2001,4,33,626,429,461,153,0.000703430545918,0.0040900489820682,0.0340558703539364,0.0785664174285563,0.176706764275412
2001,4,23,263,211,293,199,0.0005331778467059,0.0017640192341557,0.0186086691127452,0.0559870125515428,0.169237788305682
2001,4,56,889,640,754,352,0.0006218731210779,0.0029422886471057,0.0267382489727607,0.0679217872743141,0.172405218573347
2001,5,26,630,411,466,170,0.0005542180058748,0.0041161834803562,0.0326269527167083,0.07941854776943,0.196340849194903
2001,5,31,261,206,350,223,0.0007186310107775,0.0017506046392192,0.0181677053896944,0.06687868393529,0.189648375840035
2001,5,57,891,617,816,393,0.00063297799824,0.0029489079691464,0.0257773431503022,0.0735068679255176,0.192486508236719
2001,6,27,574,437,505,168,0.0005755340830238,0.0037503005043245,0.0346909448593711,0.086065164428245,0.194030956851433
2001,6,31,281,238,273,207,0.0007186310107775,0.0018847505885847,0.0209898732172197,0.0521653734695262,0.1760413174838
2001,6,58,855,675,778,375,0.0006440828754021,0.0028297601724132,0.0282004969634586,0.0700837539780058,0.183670332286946
2001,7,37,600,425,483,161,0.0007886948545141,0.0039201747431964,0.033738333101219,0.0823157909284007,0.18594633364929
2001,7,20,264,227,306,193,0.000463632910179,0.001770726531624,0.0200197530265079,0.0584710779548535,0.164135141422093
2001,7,57,864,652,789,354,0.00063297799824,0.0028595471215965,0.027239591141,0.0710746553838645,0.173384793678877
2001,8,31,586,444,471,181,0.0006607983916199,0.0038287039991885,0.0352466350516265,0.0802706781103038,0.209045257083984
2001,8,31,267,215,306,220,0.0007186310107775,0.0017908484240288,0.0189614400911859,0.0584710779548535,0.187097052398241
2001,8,62,853,659,777,401,0.0006885023840505,0.0028231408503725,0.0275320407391396,0.0699936720320186,0.196404808658841
2001,9,28,597,389,402,153,0.0005968501601728,0.0039005738694804,0.0308804978267628,0.0685112794062465,0.176706764275412
2001,9,28,258,198,302,189,0.0006490860742507,0.0017304827468144,0.017462163432813,0.0577067501384502,0.160733376833034
2001,9,56,855,587,704,342,0.0006218731210779,0.0028297601724132,0.024523987729704,0.0634176899749564,0.167507343045695
2001,10,36,631,408,413,189,0.0007673787773651,0.0041227171049282,0.0323887997771703,0.0703859661561687,0.218284826457862
2001,10,24,248,223,257,226,0.0005563594922149,0.0016634097721316,0.0196669820480672,0.0491080622039129,0.19219969928183
2001,10,60,879,631,670,415,0.0006662926297263,0.002909192036902,0.0263622423465813,0.0603549038113931,0.203261834397554
2001,11,34,594,425,394,153,0.000724746623067,0.0038809729957644,0.033738333101219,0.0671478708608486,0.176706764275412
2001,11,24,271,229,296,205,0.0005563594922149,0.0018176776139019,0.0201961385157282,0.0565602584138452,0.17434043518927
2001,11,58,865,654,690,358,0.0006440828754021,0.0028628567826169,0.0273231481690399,0.0621565427311362,0.175343943889938
2001,12,34,578,394,373,156,0.000724746623067,0.0037764350026125,0.0312774193926595,0.063568923429179,0.180171602790616
2001,12,20,272,200,270,185,0.000463632910179,0.0018243849113702,0.0176385489220334,0.0515921276072237,0.157331612243975
2001,12,54,850,594,643,341,0.0005996633667537,0.0028132118673114,0.0248164373278436,0.05792269126974,0.16701755549293
2001,13,32,528,405,380,138,0.000682114468769,0.0034497537740128,0.0321506468376323,0.0647619059064022,0.159382571699391
2001,13,27,236,221,254,180,0.0006259044287417,0.0015829222025124,0.0194905965588469,0.0485348163416104,0.153079406507652
2001,13,59,764,626,634,318,0.0006551877525642,0.0025285810195599,0.0261533497764816,0.0571119537558556,0.15575244177933
2001,14,42,590,376,420,174,0.0008952752402593,0.0038548384974764,0.0298485017554314,0.0715789486333919,0.200960633881841
2001,14,22,237,225,287,196,0.000509996201197,0.0015896294999806,0.0198433675372875,0.0548405208269378,0.166686464863888
2001,14,64,827,601,707,370,0.0007107121383747,0.0027370896638429,0.0251088869259831,0.0636879358129178,0.18122139452312
2001,15,33,542,395,398,128,0.000703430545918,0.0035412245180207,0.0313568037058389,0.0678295751335475,0.147833109982044
2001,15,17,286,219,297,166,0.0003940879736522,0.001918287075926,0.0193142110696265,0.0567513403679461,0.141173230445946
2001,15,50,828,614,695,294,0.0005552438581052,0.0027403993248633,0.0256520076082423,0.062606952461072,0.143997540512966
2001,16,32,549,392,414,158,0.000682114468769,0.0035869598900247,0.0311186507663008,0.0705563922243434,0.182481495134086
2001,16,23,254,203,290,174,0.0005331778467059,0.0017036535569413,0.0179031271558639,0.0554137666892403,0.147976759624063
2001,16,55,803,595,704,332,0.0006107682439158,0.0026576577993541,0.0248582158418635,0.0634176899749564,0.162609467518043
2001,17,33,591,398,406,128,0.000703430545918,0.0038613721220484,0.0315949566453769,0.0691929836789455,0.147833109982044
2001,17,17,206,205,257,180,0.0003940879736522,0.0013817032784642,0.0180795126450842,0.0491080622039129,0.153079406507652
2001,17,50,797,603,663,308,0.0005552438581052,0.0026377998332319,0.025192443954023,0.0597243301894831,0.150854566251678
2001,18,43,589,387,381,165,0.0009165913174083,0.0038483048729044,0.0307217292004042,0.0649323319745769,0.190566118336229
2001,18,20,252,219,270,180,0.000463632910179,0.0016902389620047,0.0193142110696265,0.0515921276072237,0.153079406507652
2001,18,63,841,606,651,345,0.0006996072612126,0.0027834249181281,0.0253177794960828,0.0586433468376372,0.16897670570399
2001,19,30,571,379,382,150,0.0006394823144709,0.0037306996306085,0.0300866546949694,0.0651027580427517,0.173241925760208
2001,19,15,227,199,259,163,0.0003477246826343,0.0015225565252979,0.0175503561774232,0.0494902261121146,0.138621907004151
2001,19,45,798,578,641,313,0.0004997194722947,0.0026411094942523,0.0241479811035245,0.0577425273777657,0.153303504015504
2001,20,31,513,359,340,128,0.0006607983916199,0.0033517494054329,0.0284989684313827,0.0579448631794125,0.147833109982044
2001,20,17,248,199,265,165,0.0003940879736522,0.0016634097721316,0.0175503561774232,0.0506367178367196,0.140322789298681
2001,20,48,761,558,605,293,0.000533034103781,0.0025186520364988,0.0233124108231258,0.0544995773222281,0.143507752960201
2001,21,28,549,376,390,127,0.0005968501601728,0.0035869598900247,0.0298485017554314,0.0664661665881496,0.14667816381031
2001,21,22,247,181,250,172,0.000509996201197,0.0016567024746634,0.0159628867744402,0.0477704885252071,0.146275877329534
2001,21,50,796,557,640,299,0.0005552438581052,0.0026344901722116,0.0232706323091058,0.0576524454317785,0.146446478276792
2001,22,29,547,349,347,129,0.0006181662373219,0.0035738926408807,0.0277051252995893,0.0591378456566357,0.148988056153779
2001,22,25,228,225,280,171,0.0005795411377238,0.0015292638227662,0.0198433675372875,0.053502947148232,0.145425436182269
2001,22,54,775,574,627,300,0.0005996633667537,0.0025649872907839,0.0239808670474448,0.0564813801339455,0.146936265829557
2001,23,32,567,325,402,120,0.000682114468769,0.0037045651323206,0.0257999017832851,0.0685112794062465,0.138593540608167
2001,23,21,258,194,276,155,0.000486814555688,0.0017304827468144,0.0171093924543724,0.0527386193318287,0.131818377826034
2001,23,53,825,519,678,275,0.0005885584895916,0.0027304703418022,0.0216830487763482,0.0610755593792904,0.134691577010427
2001,24,32,532,349,383,130,0.000682114468769,0.0034758882723008,0.0277051252995893,0.0652731841109264,0.150143002325514
2001,24,24,248,202,236,183,0.0005563594922149,0.0016634097721316,0.0178149344112537,0.0450953411677955,0.155630729949446
2001,24,56,780,551,619,313,0.0006218731210779,0.0025815355958857,0.0230199612249862,0.0557607245660483,0.153303504015504
2001,25,30,543,355,364,136,0.0006394823144709,0.0035477581425927,0.0281814311786653,0.0620350888156063,0.157072679355922
2001,25,29,226,194,245,151,0.0006722677197596,0.0015158492278296,0.0171093924543724,0.046815078754703,0.128416613236975
2001,25,59,769,549,609,287,0.0006551877525642,0.0025451293246617,0.0229364041969463,0.0548599051061767,0.140569027643609
2001,26,37,559,359,369,140,0.0007886948545141,0.0036522961357446,0.0284989684313827,0.06288721915648,0.161692464042861
2001,26,22,247,181,272,170,0.000509996201197,0.0016567024746634,0.0159628867744402,0.0519742915154254,0.144574995035004
2001,26,59,806,540,641,310,0.0006551877525642,0.0026675867824152,0.0225603975707669,0.0577425273777657,0.151834141357209
2001,27,29,571,342,394,120,0.0006181662373219,0.0037306996306085,0.0271494351073339,0.0671478708608486,0.138593540608167
2001,27,30,271,194,251,164,0.0006954493652686,0.0018176776139019,0.0171093924543724,0.047961570479308,0.139472348151416
2001,27,59,842,536,645,284,0.0006551877525642,0.0027867345791484,0.0223932835146871,0.0581028551617143,0.139099664985314
2001,28,27,595,369,379,147,0.0005755340830238,0.0038875066203364,0.0292928115631761,0.0645914798382274,0.169777087245004
2001,28,27,223,220,248,148,0.0006259044287417,0.0014957273354248,0.0194024038142367,0.0473883246170055,0.12586528979518
2001,28,54,818,589,627,295,0.0005996633667537,0.0027073027146596,0.0246075447577439,0.0564813801339455,0.144487328065731
2001,29,36,545,340,377,143,0.0007673787773651,0.0035608253917367,0.0269906664809752,0.0642506277018779,0.165157302558065
2001,29,27,250,185,233,144,0.0006259044287417,0.0016768243670682,0.0163156577528809,0.0445220953054931,0.122463525206121
2001,29,63,795,525,610,287,0.0006996072612126,0.0026311805111912,0.0219337198604678,0.0549499870521639,0.140569027643609
2001,30,36,540,351,348,135,0.0007673787773651,0.0035281572688767,0.027863893925948,0.0593082717248104,0.155917733184187
2001,30,23,264,208,254,163,0.0005331778467059,0.001770726531624,0.0183440908789147,0.0485348163416104,0.138621907004151
2001,30,59,804,559,602,298,0.0006551877525642,0.0026609674603745,0.0233541893371457,0.0542293314842667,0.145956690724026
2001,31,37,583,393,360,124,0.0007886948545141,0.0038091031254725,0.0311980350794802,0.0613533845429073,0.143213325295105
2001,31,26,280,205,252,181,0.0006027227832328,0.0018780432911164,0.0180795126450842,0.0481526524334088,0.153929847654917
2001,31,63,863,598,612,305,0.0006996072612126,0.0028562374605761,0.0249835513839233,0.0551301509441382,0.149385203593383
2001,32,28,591,371,366,148,0.0005968501601728,0.0038613721220484,0.0294515801895347,0.0623759409519558,0.170932033416739
2001,32,19,243,197,245,172,0.0004404512646701,0.0016298732847903,0.0173739706882029,0.046815078754703,0.146275877329534
2001,32,47,834,568,611,320,0.0005219292266189,0.0027602572909855,0.0237301959633252,0.0550400689981511,0.156732016884861
2001,33,20,544,345,377,126,0.0004263215429806,0.0035542917671647,0.0273875880468719,0.0642506277018779,0.145523217638575
2001,33,21,205,185,279,180,0.000486814555688,0.0013749959809959,0.0163156577528809,0.0533118651941312,0.153079406507652
2001,33,41,749,530,656,306,0.0004552999636463,0.0024789361042544,0.0221426124305675,0.059093756567573,0.149874991146148
2001,34,22,552,321,346,148,0.0004689536972787,0.0036065607637407,0.0254823645305678,0.0589674195884609,0.170932033416739
2001,34,26,229,200,264,138,0.0006027227832328,0.0015359711202345,0.0176385489220334,0.0504456358826187,0.117360878322533
2001,34,48,781,521,610,286,0.000533034103781,0.0025848452569061,0.021766605804388,0.0549499870521639,0.140079240090844
2001,35,27,510,352,359,119,0.0005755340830238,0.0033321485317169,0.0279432782391273,0.0611829584747326,0.137438594436432
2001,35,23,253,202,219,159,0.0005331778467059,0.001696946259473,0.0178149344112537,0.0418469479480814,0.135220142415092
2001,35,50,763,554,578,278,0.0005552438581052,0.0025252713585395,0.023145296767046,0.052067364780575,0.136160939668723
2001,36,26,516,369,385,111,0.0005542180058748,0.0033713502791489,0.0292928115631761,0.0656140362472759,0.128199025062554
2001,36,15,255,211,244,148,0.0003477246826343,0.0017103608544096,0.0186086691127452,0.0466239968006022,0.12586528979518
2001,36,41,771,580,629,259,0.0004552999636463,0.0025517486467024,0.0242315381315644,0.0566615440259198,0.126854976166184
2001,37,28,545,326,380,131,0.0005968501601728,0.0035608253917367,0.0258792860964645,0.0647619059064022,0.151297948497248
2001,37,14,256,202,211,132,0.0003245430371253,0.0017170681518778,0.0178149344112537,0.0403182923152748,0.112258231438945
2001,37,42,801,528,591,263,0.0004664048408084,0.0026510384773134,0.0220590554025276,0.053238430078408,0.128814126377245
2001,38,36,568,370,411,147,0.0007673787773651,0.0037110987568926,0.0293721958763554,0.0700451140198192,0.169777087245004
2001,38,22,290,211,231,181,0.000509996201197,0.0019451162657991,0.0186086691127452,0.0441399313972914,0.153929847654917
2001,38,58,858,581,642,328,0.0006440828754021,0.0028396891554743,0.0242733166455844,0.0578326093237528,0.160650317306982
2001,39,24,521,354,369,124,0.0005115858515767,0.0034040184020088,0.028102046865486,0.06288721915648,0.143213325295105
2001,39,25,247,191,266,161,0.0005795411377238,0.0016567024746634,0.0168448142205419,0.0508277997908204,0.136921024709622
2001,39,49,768,545,635,285,0.0005441389809431,0.0025418196636413,0.0227692901408666,0.0572020357018427,0.139589452538079
2001,40,29,576,356,380,155,0.0006181662373219,0.0037633677534685,0.0282608154918446,0.0647619059064022,0.179016656618882
2001,40,28,253,194,244,174,0.0006490860742507,0.001696946259473,0.0171093924543724,0.0466239968006022,0.147976759624063
2001,40,57,829,550,624,329,0.00063297799824,0.0027437089858837,0.0229781827109663,0.0562111342959841,0.161140104859747
2001,41,30,598,389,368,136,0.0006394823144709,0.0039071074940524,0.0308804978267628,0.0627167930883053,0.157072679355922
2001,41,21,222,192,262,170,0.000486814555688,0.0014890200379566,0.016933006965152,0.0500634719744171,0.144574995035004
2001,41,51,820,581,630,306,0.0005663487352673,0.0027139220367004,0.0242733166455844,0.056751625971907,0.149874991146148
2001,42,23,586,355,383,145,0.0004902697744277,0.0038287039991885,0.0281814311786653,0.0652731841109264,0.167467194901535
2001,42,29,272,215,260,172,0.0006722677197596,0.0018243849113702,0.0189614400911859,0.0496813080662154,0.146275877329534
2001,42,52,858,570,643,317,0.0005774536124294,0.0028396891554743,0.023813752991365,0.05792269126974,0.155262654226565
2001,43,26,586,370,387,156,0.0005542180058748,0.0038287039991885,0.0293721958763554,0.0659548883836254,0.180171602790616
2001,43,22,262,220,245,173,0.000509996201197,0.0017573119366875,0.0194024038142367,0.046815078754703,0.147126318476799
2001,43,48,848,590,632,329,0.000533034103781,0.0028065925452706,0.0246493232717638,0.0569317898638813,0.161140104859747
2001,44,26,604,389,371,150,0.0005542180058748,0.0039463092414844,0.0308804978267628,0.0632280712928295,0.173241925760208
2001,44,20,262,195,267,166,0.000463632910179,0.0017573119366875,0.0171975851989825,0.0510188817449212,0.141173230445946
2001,44,46,866,584,638,316,0.0005108243494568,0.0028661664436372,0.0243986521876442,0.0574722815398042,0.1547728666738
2001,45,29,560,357,427,139,0.0006181662373219,0.0036588297603166,0.028340199805024,0.0727719311106151,0.160537517871126
2001,45,18,261,198,235,154,0.0004172696191611,0.0017506046392192,0.017462163432813,0.0449042592136947,0.130967936678769
2001,45,47,821,555,662,293,0.0005219292266189,0.0027172316977207,0.023187075281066,0.0596342482434959,0.143507752960201
2001,46,24,587,388,425,150,0.0005115858515767,0.0038352376237605,0.0308011135135835,0.0724310789742656,0.173241925760208
2001,46,16,226,214,285,197,0.0003709063281432,0.0015158492278296,0.0188732473465757,0.0544583569187361,0.167536906011152
2001,46,40,813,602,710,347,0.0004441950864842,0.0026907544095578,0.0251506654400031,0.0639581816508793,0.169956280809521
2001,47,30,558,387,435,177,0.0006394823144709,0.0036457625111726,0.0307217292004042,0.074135339656013,0.204425472397046
2001,47,18,253,205,287,189,0.0004172696191611,0.001696946259473,0.0180795126450842,0.0548405208269378,0.160733376833034
2001,47,48,811,592,722,366,0.000533034103781,0.0026841350875171,0.0247328802998037,0.0650391650027251,0.179262244312059
2001,48,33,551,395,406,185,0.000703430545918,0.0036000271391687,0.0313568037058389,0.0691929836789455,0.213665041770923
2001,48,21,256,219,292,189,0.000486814555688,0.0017170681518778,0.0193142110696265,0.0557959305974419,0.160733376833034
2001,48,54,807,614,698,374,0.0005996633667537,0.0026708964434356,0.0256520076082423,0.0628771982990334,0.183180544734181
2001,49,23,583,377,432,151,0.0004902697744277,0.0038091031254725,0.0299278860686108,0.0736240614514888,0.174396871931943
2001,49,17,245,207,305,172,0.0003940879736522,0.0016432878797268,0.0182558981343045,0.0582799960007527,0.146275877329534
2001,49,40,828,584,737,323,0.0004441950864842,0.0027403993248633,0.0243986521876442,0.0663903941925325,0.158201379543156
2001,50,24,569,367,398,163,0.0005115858515767,0.0037176323814646,0.0291340429368174,0.0678295751335475,0.18825622599276
2001,50,21,251,224,253,194,0.000486814555688,0.0016835316645365,0.0197551747926774,0.0483437343875096,0.164985582569358
2001,50,45,820,591,651,357,0.0004997194722947,0.0027139220367004,0.0246911017857838,0.0586433468376372,0.174854156337173
2001,51,35,529,374,417,159,0.0007460627002161,0.0034562873985848,0.0296897331290727,0.0710676704288676,0.183636441305821
2001,51,14,252,207,295,184,0.0003245430371253,0.0016902389620047,0.0182558981343045,0.0563691764597444,0.156481171096711
2001,51,49,781,581,712,343,0.0005441389809431,0.0025848452569061,0.0242733166455844,0.0641383455428536,0.16799713059846
2001,52,33,568,433,475,200,0.000703430545918,0.0037110987568926,0.0343734076066537,0.0809523823830027,0.230989234346944
2001,52,26,282,248,285,224,0.0006027227832328,0.0018914578860529,0.0218718006633214,0.0544583569187361,0.1904988169873
2001,52,59,850,681,760,424,0.0006551877525642,0.0028132118673114,0.0284511680475782,0.068462278950237,0.20766992237244
2002,1,26,591,439,475,189,0.0005602409991026,0.0038344696197793,0.0353201037838784,0.0756105228297249,0.201587904725716
2002,1,22,274,249,353,244,0.000515950206764,0.0018229108626526,0.0213272544984508,0.0636225676553879,0.195015030743532
2002,1,48,865,688,828,433,0.0005390328703338,0.0028413077776628,0.0285425258903591,0.0699883518008111,0.197830547364276
2002,2,23,587,432,494,201,0.0004955978068984,0.0038085172027249,0.0347569130629509,0.0786349437429139,0.214387136771794
2002,2,26,249,234,320,234,0.0006097593352665,0.0016565868788339,0.0200424801310742,0.057674848866074,0.187022611450765
2002,2,49,836,666,814,435,0.0005502627217991,0.0027460500602614,0.0276298288415395,0.0688049738718118,0.198744314326697
2002,3,33,569,424,464,160,0.0007110751142456,0.0036917313259804,0.0341132665247481,0.0738595423010366,0.17065642728103
2002,3,25,248,234,305,242,0.0005863070531409,0.0016499339194812,0.0200424801310742,0.0549713403254768,0.193416546884979
2002,3,58,817,658,769,402,0.0006513313849867,0.0026836398316191,0.0272979390056051,0.0650012591000286,0.183667159446741
2002,4,29,576,407,460,184,0.0006248841913067,0.0037371480558255,0.0327455176310672,0.0732228221087863,0.196254891373184
2002,4,20,273,227,305,222,0.0004690456425127,0.0018162579032999,0.0194429187596318,0.0549713403254768,0.177431708299443
2002,4,49,849,634,765,406,0.0005502627217991,0.0027887517956482,0.0263022694978019,0.0646631511203146,0.185494693371584
2002,5,25,625,445,476,185,0.0005386932683679,0.0040550651647412,0.0358028386875305,0.0757697028777875,0.197321494043691
2002,5,32,252,219,287,237,0.0007504730280204,0.0016765457568922,0.0187577057636977,0.0517271300767601,0.189420337238595
2002,5,57,877,664,763,422,0.0006401015335214,0.0028807247641737,0.0275468563825559,0.0644940971304575,0.192804829070957
2002,6,26,573,395,467,191,0.0005602409991026,0.0037176837430347,0.031780047823763,0.0743370824452243,0.203721110066729
2002,6,23,265,222,350,210,0.0005394024888896,0.0017630342284779,0.019014660637173,0.0630818659472684,0.167840805148122
2002,6,49,838,617,817,401,0.0005502627217991,0.0027526195580132,0.0255970035964412,0.0690585548565974,0.18321027596553
2002,7,33,630,408,503,193,0.0007110751142456,0.0040875056860591,0.0328259734483425,0.0800675641754771,0.205854315407742
2002,7,29,295,245,337,222,0.0006801161816435,0.0019626230090603,0.0209846480004837,0.0607388252120842,0.177431708299443
2002,7,62,925,653,840,415,0.0006962507908478,0.0030383927102174,0.0270905078581461,0.0710026757399533,0.189606644702481
2002,8,45,638,398,455,185,0.0009696478830622,0.0041394105201678,0.032021415275589,0.0724269218684734,0.197321494043691
2002,8,22,242,249,327,213,0.000515950206764,0.0016100161633647,0.0213272544984508,0.0589364861850194,0.170238530935952
2002,8,67,880,647,782,398,0.0007524000481743,0.0028905790108014,0.0268415904811953,0.0661001100340993,0.181839625521898
2002,9,24,590,380,410,160,0.0005171455376332,0.0038279815155157,0.0305732105646327,0.0652638197056573,0.17065642728103
2002,9,23,247,193,301,233,0.0005394024888896,0.0016432809601284,0.0165307635269116,0.0542504047146509,0.186223369521488
2002,9,47,837,573,711,393,0.0005278030188685,0.0027493348091373,0.023771609498802,0.0600986933941747,0.179555208115844
2002,10,23,577,396,457,149,0.0004955978068984,0.0037436361600891,0.0318605036410383,0.0727452819645985,0.158923797905459
2002,10,19,255,212,286,185,0.0004455933603871,0.0016965046349504,0.0181581443922553,0.0515468961740536,0.147859756916203
2002,10,42,832,608,743,334,0.0004716537615421,0.0027329110647577,0.025223627531015,0.0628035572318872,0.152599082724407
2002,11,22,577,383,407,173,0.0004740500761637,0.0037436361600891,0.0308145780164588,0.0647862795614696,0.184522261997613
2002,11,19,246,221,292,210,0.0004455933603871,0.0016366280007757,0.0189290090126812,0.0526282995902925,0.167840805148122
2002,11,41,823,604,699,383,0.0004604239100768,0.0027033483248745,0.0250576826130478,0.0590843694550325,0.174986373303736
2002,12,25,496,336,425,141,0.0005386932683679,0.0032180997147386,0.0270331546045174,0.067651520426596,0.150390976541407
2002,12,21,204,222,260,171,0.0004924979246384,0.0013572037079603,0.019014660637173,0.0468608147036851,0.136670369906328
2002,12,46,700,558,685,312,0.0005165731674032,0.0022993242131375,0.023149316056425,0.0579009915260333,0.142547646137769
2002,13,31,552,346,390,146,0.0006679796527762,0.0035814335534994,0.0278377127772709,0.0620802187444057,0.15572398989394
2002,13,17,250,194,270,179,0.0003986887961358,0.0016632398381867,0.0166164151514034,0.0486631537307499,0.143064305340542
2002,13,48,802,540,660,325,0.0005390328703338,0.0026343685984804,0.0224025639255726,0.0557878166528204,0.148487131393509
2002,14,22,563,371,395,147,0.0004740500761637,0.0036528027003989,0.0298491082091546,0.0628761189847186,0.156790592564446
2002,14,17,251,186,285,179,0.0003986887961358,0.0016698927975394,0.0159312021554693,0.0513666622713472,0.143064305340542
2002,14,39,814,557,680,326,0.0004379642071462,0.0026737855849913,0.0231078298269332,0.0574783565513907,0.14894401487472
2002,15,26,527,341,410,135,0.0005602409991026,0.0034192309469098,0.0274354336908941,0.0652638197056573,0.143991360518369
2002,15,14,249,216,280,192,0.0003283319497589,0.0016565868788339,0.0185007508902224,0.0504654927578148,0.15345445042114
2002,15,40,776,557,690,327,0.0004491940586115,0.0025489651277067,0.0231078298269332,0.0583236265006759,0.149400898355931
2002,16,29,525,343,435,151,0.0006248841913067,0.0034062547383826,0.0275963453254448,0.0692433209072218,0.161057003246472
2002,16,17,239,232,285,151,0.0003986887961358,0.0015900572853065,0.0198711768820907,0.0513666622713472,0.120685531320793
2002,16,46,764,575,720,302,0.0005165731674032,0.0025095481411958,0.0238545819577856,0.0608594363485314,0.137978811325661
2002,17,25,531,353,429,157,0.0005386932683679,0.0034451833639641,0.0284009034981983,0.0682882406188463,0.16745661926951
2002,17,25,237,195,252,177,0.0005863070531409,0.001576751366601,0.0167020667758952,0.0454189434820333,0.141465821481989
2002,17,50,768,548,681,334,0.0005614925732644,0.0025226871366994,0.022734453761507,0.0575628835463192,0.152599082724407
2002,18,29,516,333,395,158,0.0006248841913067,0.0033478618000103,0.0267917871526913,0.0628761189847186,0.168523221940017
2002,18,21,250,213,280,184,0.0004924979246384,0.0016632398381867,0.018243796016747,0.0504654927578148,0.147060514986926
2002,18,50,766,546,675,342,0.0005614925732644,0.0025161176389476,0.0226514813025234,0.0570557215767481,0.156254150574093
2002,19,26,536,349,405,136,0.0005602409991026,0.003477623885282,0.0280790802290969,0.0644679194653444,0.145057963188875
2002,19,23,229,176,261,176,0.0005394024888896,0.001523527691779,0.0150746859105515,0.0470410486063916,0.140666579552712
2002,19,49,765,525,666,312,0.0005502627217991,0.0025128328900717,0.0217802704831955,0.0562949786223915,0.142547646137769
2002,20,19,529,330,374,138,0.0004094068839596,0.0034322071554369,0.0265504197008653,0.0595333379754045,0.147191168529888
2002,20,18,215,220,257,177,0.0004221410782614,0.0014303862608405,0.0188433573881894,0.0463201129955657,0.141465821481989
2002,20,37,744,550,631,315,0.0004155045042156,0.0024438531636776,0.0228174262204906,0.0533365337998935,0.143918296581401
2002,21,28,600,358,352,157,0.000603336460572,0.0038928625581515,0.0288031825845751,0.0560313769180277,0.16745661926951
2002,21,24,320,197,270,169,0.0005628547710153,0.002128946992879,0.0168733700248787,0.0486631537307499,0.135071886047774
2002,21,52,920,555,622,326,0.000583952276195,0.0030219689658379,0.0230248573679496,0.0525757908455368,0.14894401487472
2002,22,25,573,335,402,132,0.0005386932683679,0.0037176837430347,0.026952698787242,0.0639903793211567,0.140791552506849
2002,22,20,247,203,269,186,0.0004690456425127,0.0016432809601284,0.0173872797718293,0.0484829198280435,0.14865899884548
2002,22,45,820,538,671,318,0.0005053433159379,0.0026934940782468,0.022319591466589,0.0567176135970341,0.145288947025034
2002,23,21,563,334,405,124,0.000452502345429,0.0036528027003989,0.0268722429699667,0.0644679194653444,0.132258731142798
2002,23,13,249,208,279,162,0.0003048796676332,0.0016565868788339,0.0178155378942882,0.0502852588551083,0.129477192542837
2002,23,34,812,542,684,286,0.0003818149498198,0.0026672160872395,0.0224855363845562,0.0578164645311048,0.130668675626288
2002,24,26,532,336,401,130,0.0005602409991026,0.0034516714682277,0.0270331546045174,0.0638311992730941,0.138658347165837
2002,24,21,212,219,280,172,0.0004924979246384,0.0014104273827823,0.0187577057636977,0.0504654927578148,0.137469611835605
2002,24,47,744,555,681,302,0.0005278030188685,0.0024438531636776,0.0230248573679496,0.0575628835463192,0.137978811325661
2002,25,29,563,382,385,143,0.0006248841913067,0.0036528027003989,0.0307341221991834,0.0612843185040928,0.15252418188242
2002,25,14,247,217,280,195,0.0003283319497589,0.0016432809601284,0.0185864025147141,0.0504654927578148,0.155852176208971
2002,25,43,810,599,665,338,0.0004828836130074,0.0026606465894877,0.0248502514655888,0.056210451627463,0.15442661664925
2002,26,24,543,363,437,146,0.0005171455376332,0.0035230406151271,0.0292054616709518,0.0695616810033469,0.15572398989394
2002,26,28,240,219,284,188,0.0006566638995178,0.0015967102446592,0.0187577057636977,0.0511864283686407,0.150257482704033
2002,26,52,783,582,721,334,0.000583952276195,0.0025719583698381,0.0241449855642282,0.0609439633434599,0.152599082724407
2002,27,32,613,357,443,170,0.0006895273835109,0.0039772079135782,0.0287227267672997,0.0705167612917224,0.181322453986094
2002,27,24,258,236,287,160,0.0005628547710153,0.0017164635130087,0.0202137833800578,0.0517271300767601,0.127878708684283
2002,27,56,871,593,730,330,0.0006288716820561,0.0028610162709182,0.024601334088638,0.0617047062978165,0.150771548799563
2002,28,23,592,348,401,157,0.0004955978068984,0.0038409577240429,0.0279986244118216,0.0638311992730941,0.16745661926951
2002,28,19,255,216,261,163,0.0004455933603871,0.0016965046349504,0.0185007508902224,0.0470410486063916,0.130276434472114
2002,28,42,847,564,662,320,0.0004716537615421,0.0027821822978964,0.0233982334333758,0.0559568706426774,0.146202713987455
2002,29,23,559,362,413,173,0.0004955978068984,0.0036268502833445,0.0291250058536765,0.065741359849845,0.184522261997613
2002,29,23,251,233,245,161,0.0005394024888896,0.0016698927975394,0.0199568285065824,0.0441573061630879,0.12867795061356
2002,29,46,810,595,658,334,0.0005165731674032,0.0026606465894877,0.0246843065476216,0.0556187626629634,0.152599082724407
2002,30,27,579,355,418,134,0.0005817887298373,0.0037566123686162,0.028561815132749,0.0665372600901579,0.142924757847862
2002,30,23,238,214,302,176,0.0005394024888896,0.0015834043259537,0.0183294476412388,0.0544306386173573,0.140666579552712
2002,30,50,817,569,720,310,0.0005614925732644,0.0026836398316191,0.0236056645808348,0.0608594363485314,0.141633879175347
2002,31,36,578,365,434,157,0.0007757183064498,0.0037501242643526,0.0293663733055025,0.0690841408591592,0.16745661926951
2002,31,30,246,200,290,193,0.0007035684637691,0.0016366280007757,0.017130324898354,0.0522678317848796,0.154253692350417
2002,31,66,824,565,724,350,0.000741170196709,0.0027066330737504,0.0234397196628676,0.0611975443282454,0.159909218423779
2002,32,23,590,367,392,165,0.0004955978068984,0.0038279815155157,0.0295272849400532,0.0623985788405309,0.175989440633562
2002,32,14,260,179,248,205,0.0003283319497589,0.0017297694317141,0.0153316407840269,0.0446980078712074,0.163844595501738
2002,32,37,850,546,640,370,0.0004155045042156,0.0027920365445241,0.0226514813025234,0.0540972767542501,0.169046888047995
2002,33,20,584,381,410,142,0.0004309546146943,0.0037890528899342,0.0306536663819081,0.0652638197056573,0.151457579211914
2002,33,20,254,186,260,208,0.0004690456425127,0.0016898516755977,0.0159312021554693,0.0468608147036851,0.166242321289569
2002,33,40,838,567,670,350,0.0004491940586115,0.0027526195580132,0.0235226921218512,0.0566330866021056,0.159909218423779
2002,34,22,560,393,409,146,0.0004740500761637,0.0036333383876081,0.0316191361892123,0.0651046396575947,0.15572398989394
2002,34,21,223,211,260,163,0.0004924979246384,0.0014836099356625,0.0180724927677635,0.0468608147036851,0.130276434472114
2002,34,43,783,604,669,309,0.0004828836130074,0.0025719583698381,0.0250576826130478,0.056548559607177,0.141176995694137
2002,35,23,528,317,402,145,0.0004955978068984,0.0034257190511733,0.0255044940762857,0.0639903793211567,0.154657387223433
2002,35,24,220,189,266,171,0.0005628547710153,0.0014636510576043,0.0161881570289446,0.047942218119924,0.136670369906328
2002,35,47,748,506,668,316,0.0005278030188685,0.0024569921591812,0.0209920321228513,0.0564640326122485,0.144375180062612
2002,36,22,495,348,405,138,0.0004740500761637,0.003211611610475,0.0279986244118216,0.0644679194653444,0.147191168529888
2002,36,14,258,205,240,157,0.0003283319497589,0.0017164635130087,0.0175585830208129,0.0432561366495555,0.125480982896453
2002,36,36,753,553,645,295,0.0004042746527503,0.0024734159035608,0.022941884908966,0.0545199117288927,0.134780626957185
2002,37,25,574,303,396,139,0.0005386932683679,0.0037241718472983,0.0243781126344308,0.0630352990327812,0.148257771200395
2002,37,22,239,192,257,159,0.000515950206764,0.0015900572853065,0.0164451119024199,0.0463201129955657,0.127079466755007
2002,37,47,813,495,653,298,0.0005278030188685,0.0026705008361154,0.0205356835984415,0.0551961276883208,0.136151277400818
2002,38,21,544,347,359,140,0.000452502345429,0.0035295287193907,0.0279181685945462,0.0571456372544658,0.149324373870901
2002,38,24,233,227,280,155,0.0005628547710153,0.00155013952919,0.0194429187596318,0.0504654927578148,0.1238824990379
2002,38,45,777,574,639,295,0.0005053433159379,0.0025522498765826,0.0238130957282938,0.0540127497593216,0.134780626957185
2002,39,20,544,360,378,134,0.0004309546146943,0.0035295287193907,0.0289640942191258,0.0601700581676548,0.142924757847862
2002,39,22,231,201,252,163,0.000515950206764,0.0015368336104845,0.0172159765228458,0.0454189434820333,0.130276434472114
2002,39,42,775,561,630,297,0.0004716537615421,0.0025456803788308,0.0232737747449004,0.0532520068049649,0.135694393919607
2002,40,19,569,360,385,153,0.0004094068839596,0.0036917313259804,0.0289640942191258,0.0612843185040928,0.163190208587485
2002,40,22,231,198,275,141,0.000515950206764,0.0015368336104845,0.0169590216493705,0.0495643232442824,0.112693112028025
2002,40,41,800,558,660,294,0.0004604239100768,0.0026277991007286,0.023149316056425,0.0557878166528204,0.134323743475975
2002,41,19,543,318,398,174,0.0004094068839596,0.0035230406151271,0.0255849498935611,0.0633536591289064,0.18558886466812
2002,41,14,241,211,262,172,0.0003283319497589,0.001603363204012,0.0180724927677635,0.0472212825090981,0.137469611835605
2002,41,33,784,529,660,346,0.0003705850983545,0.002575243118714,0.0219462154011627,0.0557878166528204,0.158081684498936
2002,42,28,569,314,376,149,0.000603336460572,0.0036917313259804,0.0252631266244597,0.0598516980715296,0.158923797905459
2002,42,18,218,177,258,192,0.0004221410782614,0.0014503451388988,0.0151603375350433,0.0465003468982722,0.15345445042114
2002,42,46,787,491,634,341,0.0005165731674032,0.0025850973653417,0.0203697386804743,0.053590114784679,0.155797267092882
2002,43,28,526,346,384,139,0.000603336460572,0.0034127428426462,0.0278377127772709,0.0611251384560303,0.148257771200395
2002,43,18,233,189,247,161,0.0004221410782614,0.00155013952919,0.0161881570289446,0.0445177739685009,0.12867795061356
2002,43,46,759,535,631,300,0.0005165731674032,0.0024931243968162,0.0221951327781135,0.0533365337998935,0.137065044363239
2002,44,23,511,327,369,119,0.0004955978068984,0.0033154212786924,0.0263090522490392,0.0587374377350916,0.126925717790266
2002,44,24,245,177,268,197,0.0005628547710153,0.0016299750414229,0.0151603375350433,0.048302685925337,0.157450660067524
2002,44,47,756,504,637,316,0.0005278030188685,0.0024832701501885,0.0209090596638677,0.0538436957694646,0.144375180062612
2002,45,26,545,366,442,157,0.0005602409991026,0.0035360168236543,0.0294468291227779,0.0703575812436598,0.16745661926951
2002,45,18,247,220,295,169,0.0004221410782614,0.0016432809601284,0.0188433573881894,0.053169001298412,0.135071886047774
2002,45,44,792,586,737,326,0.0004941134644726,0.0026015211097213,0.0243109304821954,0.0622963952623161,0.14894401487472
2002,46,23,541,367,421,153,0.0004955978068984,0.0035100644066,0.0295272849400532,0.0670148002343457,0.163190208587485
2002,46,24,239,216,262,188,0.0005628547710153,0.0015900572853065,0.0185007508902224,0.0472212825090981,0.150257482704033
2002,46,47,780,583,683,341,0.0005278030188685,0.0025621041232104,0.02418647179372,0.0577319375361763,0.155797267092882
2002,47,20,559,318,388,166,0.0004309546146943,0.0036268502833445,0.0255849498935611,0.0617618586482806,0.177056043304068
2002,47,23,249,227,279,183,0.0005394024888896,0.0016565868788339,0.0194429187596318,0.0502852588551083,0.146261273057649
2002,47,43,808,545,667,349,0.0004828836130074,0.0026540770917359,0.0226099950730316,0.05637950561732,0.159452334942569
2002,48,21,517,335,415,176,0.000452502345429,0.0033543499042739,0.026952698787242,0.0660597199459702,0.187722070009133
2002,48,19,234,211,267,200,0.0004455933603871,0.0015567924885427,0.0180724927677635,0.0481224520226305,0.159848385855354
2002,48,40,751,546,682,376,0.0004491940586115,0.0024668464058089,0.0226514813025234,0.0576474105412478,0.17178818893526
2002,49,20,552,383,442,149,0.0004309546146943,0.0035814335534994,0.0308145780164588,0.0703575812436598,0.158923797905459
2002,49,11,262,202,279,176,0.000257975103382,0.0017430753504196,0.0173016281473376,0.0502852588551083,0.140666579552712
2002,49,31,814,585,721,325,0.0003481253954239,0.0026737855849913,0.0242694442527036,0.0609439633434599,0.148487131393509
2002,50,39,541,336,442,170,0.0008403614986539,0.0035100644066,0.0270331546045174,0.0703575812436598,0.181322453986094
2002,50,18,202,229,269,178,0.0004221410782614,0.0013438977892548,0.0196142220086154,0.0484829198280435,0.142265063411265
2002,50,57,743,565,711,348,0.0006401015335214,0.0024405684148017,0.0234397196628676,0.0600986933941747,0.158995451461358
2002,51,25,537,396,430,154,0.0005386932683679,0.0034841119895456,0.0318605036410383,0.0684474206669089,0.164256811257991
2002,51,23,238,195,288,176,0.0005394024888896,0.0015834043259537,0.0167020667758952,0.0519073639794666,0.140666579552712
2002,51,48,775,591,718,330,0.0005390328703338,0.0025456803788308,0.0245183616296544,0.0606903823586743,0.150771548799563
2002,52,32,611,352,420,174,0.0006895273835109,0.003964231705051,0.028320447680923,0.0668556201862831,0.18558886466812
2002,52,21,262,202,281,191,0.0004924979246384,0.0017430753504196,0.0173016281473376,0.0506457266605212,0.152655208491863
2002,52,53,873,554,701,365,0.0005951821276602,0.0028675857686701,0.0229833711384578,0.0592534234448896,0.166762470641941
2003,1,23,591,372,426,190,0.0005052313125808,0.003803935862329,0.0303017893109467,0.0635981567272049,0.186077930491983
2003,1,30,275,217,332,206,0.0007178577633406,0.0018137555466721,0.0180559264239453,0.056601446410008,0.15425665641641
2003,1,53,866,589,758,396,0.0006069996597446,0.0028209892909252,0.0242439535077574,0.0603316722046594,0.168044813582426
2003,2,32,608,384,496,171,0.0007029305218515,0.0039133553372184,0.0312792663854934,0.074048558067356,0.167470137442785
2003,2,22,238,218,286,224,0.0005264290264498,0.0015697229822108,0.018139133458157,0.0487590773291033,0.167735393384835
2003,2,54,846,602,782,395,0.0006184524835134,0.0027558394227745,0.0247790492558064,0.0622419098470233,0.167620457992571
2003,3,21,583,405,456,179,0.000461298154965,0.003752444344734,0.03298985126595,0.0680769001586982,0.175304997674026
2003,3,31,232,240,328,236,0.000741786355452,0.0015301501339197,0.0199696882108151,0.055919501272538,0.176721218030451
2003,3,52,815,645,784,415,0.0005955468359759,0.0026548571271409,0.0265489813455068,0.0624010963172203,0.176107569789663
2003,4,33,536,408,489,195,0.0007248971006594,0.0034499316788635,0.0332342205345867,0.0730035179333409,0.190974718136509
2003,4,21,265,204,328,258,0.0005025004343384,0.0017478007995204,0.0169742349791928,0.055919501272538,0.193195229880747
2003,4,54,801,612,817,453,0.0006184524835134,0.0026092522194355,0.0251906613696902,0.0650276730754706,0.192233082204138
2003,5,26,613,430,487,201,0.0005711310490043,0.0039455375357152,0.0350262618379223,0.072704935037908,0.19685086330994
2003,5,22,253,247,343,253,0.0005264290264498,0.0016686551029383,0.0205521374502972,0.0584767955380505,0.189451136278407
2003,5,48,866,677,830,454,0.0005497355409008,0.0028209892909252,0.0278661401099351,0.066062385131751,0.192657437793993
2003,6,36,704,451,541,218,0.000790796837083,0.0045312535483581,0.0367368467183789,0.0807666732145959,0.213499941301328
2003,6,24,279,280,351,256,0.0005742862106725,0.0018401374455328,0.0232979695792843,0.0598406858129904,0.191697592439811
2003,6,60,983,731,892,474,0.000687169426126,0.0032021160196068,0.0300888455249077,0.0709971657078577,0.201144549591085
2003,7,21,609,437,528,189,0.000461298154965,0.0039197917769177,0.0355964567980745,0.0788258843942822,0.185098572963078
2003,7,21,269,210,340,245,0.0005025004343384,0.0017741826983811,0.0174734771844632,0.057965336684948,0.183460586514663
2003,7,42,878,647,868,434,0.0004810185982882,0.0028600792118156,0.0266313037682836,0.0690869280654939,0.184170325996901
2003,8,28,581,401,483,184,0.0006150642066201,0.0037395714653353,0.0326640255744345,0.0721077692470422,0.180201785318552
2003,8,24,244,246,309,223,0.0005742862106725,0.0016092958305018,0.0204689304160855,0.0526802618695557,0.166986574664367
2003,8,52,825,647,792,407,0.0005955468359759,0.0026874320612163,0.0266313037682836,0.0630378421980082,0.172712725070826
2003,9,23,528,332,463,185,0.0005052313125808,0.0033984401612686,0.0270435323957911,0.0691219402927133,0.181181142847457
2003,9,18,265,200,309,209,0.0004307146580043,0.0017478007995204,0.0166414068423459,0.0526802618695557,0.156503112577814
2003,9,41,793,532,772,394,0.0004695657745194,0.0025831922721752,0.0218977644586196,0.0614459774960383,0.167196102402716
2003,10,22,525,356,455,173,0.0004832647337729,0.0033791308421704,0.0289984865448845,0.0679276087109818,0.169428852500595
2003,10,20,247,214,286,228,0.0004785718422271,0.0016290822546473,0.0178063053213101,0.0487590773291033,0.170730668266707
2003,10,42,772,570,741,401,0.0004810185982882,0.0025147849106169,0.0234618904913781,0.058978587207985,0.170166591531699
2003,11,20,595,365,459,199,0.0004393315761572,0.0038296816211265,0.0297315943507945,0.0685247745018476,0.194892148252129
2003,11,28,236,210,334,220,0.0006700005791179,0.0015565320327804,0.0174734771844632,0.056942418978743,0.164740118502962
2003,11,48,831,575,793,419,0.0005497355409008,0.0027069770216615,0.02366769654832,0.0631174354331067,0.177804992149082
2003,12,20,530,347,441,175,0.0004393315761572,0.0034113130406673,0.0282653787389745,0.0658375284429516,0.171387567558405
2003,12,19,238,222,297,199,0.0004546432501157,0.0015697229822108,0.018471961595004,0.0506344264571457,0.149014925373134
2003,12,39,768,569,738,374,0.0004466601269819,0.0025017549369868,0.0234207292799897,0.0587398075026895,0.158708990605624
2003,13,24,581,385,462,175,0.0005271978913886,0.0037395714653353,0.0313607228083723,0.0689726488449969,0.171387567558405
2003,13,21,269,222,304,217,0.0005025004343384,0.0017741826983811,0.018471961595004,0.0518278304477182,0.162493662341558
2003,13,45,850,607,766,392,0.0005153770695945,0.0027688693964047,0.0249848553127483,0.0609684180854473,0.166347391223007
2003,14,21,605,406,475,164,0.000461298154965,0.0038940460181202,0.0330713076888289,0.0709134376653107,0.160614634740448
2003,14,17,241,224,280,201,0.000406786065893,0.0015895094063563,0.0186383756634274,0.0477361596228983,0.15051256281407
2003,14,38,846,630,755,365,0.0004352073032131,0.0027558394227745,0.0259315631746811,0.0600928924993639,0.154889790296933
2003,15,12,531,342,426,173,0.0002635989456943,0.0034177494803667,0.02785809662458,0.0635981567272049,0.169428852500595
2003,15,22,238,223,308,209,0.0005264290264498,0.0015697229822108,0.0185551686292157,0.0525097755851882,0.156503112577814
2003,15,34,769,565,734,382,0.000389396008138,0.0025050124303943,0.0232560844344362,0.0584214345622955,0.162103835324461
2003,16,34,552,355,420,188,0.0007468636794672,0.0035529147140535,0.0289170301220056,0.0627024080409063,0.184119215434173
2003,16,16,233,216,315,206,0.0003828574737816,0.0015367456086349,0.0179727193897336,0.0537031795757606,0.15425665641641
2003,16,50,785,571,735,394,0.0005726411884383,0.0025571323249149,0.0235030517027665,0.058501027797394,0.167196102402716
2003,17,25,564,334,433,167,0.0005491644701965,0.003630151990446,0.0272064452415489,0.06464319686122,0.163552707327164
2003,17,10,269,203,266,212,0.0002392859211135,0.0017741826983811,0.0168910279449811,0.0453493516417534,0.158749568739218
2003,17,35,833,537,699,379,0.0004008488319068,0.0027134920084766,0.0221035705155615,0.0556356713338482,0.160830768554897
2003,18,21,535,360,465,163,0.000461298154965,0.0034434952391642,0.0293243122364,0.0694205231881462,0.159635277211543
2003,18,17,233,197,291,216,0.000406786065893,0.0015367456086349,0.0163917857397107,0.0496115087509408,0.16174484362109
2003,18,38,768,557,756,379,0.0004352073032131,0.0025017549369868,0.0229267947433291,0.0601724857344624,0.160830768554897
2003,19,17,548,367,444,172,0.0003734318397336,0.003527168955256,0.0298945071965523,0.0662854027861009,0.16844949497169
2003,19,16,241,214,291,222,0.0003828574737816,0.0015895094063563,0.0178063053213101,0.0496115087509408,0.166237755943899
2003,19,33,789,581,735,394,0.0003779431843693,0.002570162298545,0.0239146638166503,0.058501027797394,0.167196102402716
2003,20,17,596,359,451,168,0.0003734318397336,0.0038361180608259,0.0292428558135211,0.067330442920116,0.164532064856069
2003,20,22,280,231,313,200,0.0005264290264498,0.001846732920248,0.0192208249029095,0.0533622070070256,0.149763744093602
2003,20,39,876,590,764,368,0.0004466601269819,0.0028535642250006,0.0242851147191458,0.0608092316152503,0.156162857066496
2003,21,28,610,402,505,164,0.0006150642066201,0.0039262282166171,0.0327454819973134,0.075392181096804,0.160614634740448
2003,21,13,249,241,314,217,0.0003110716974476,0.0016422732040777,0.0200528952450268,0.0535326932913931,0.162493662341558
2003,21,41,859,643,819,381,0.0004695657745194,0.0027981868370725,0.02646665892273,0.0651868595456676,0.161679479734606
2003,22,26,575,353,431,150,0.0005711310490043,0.0037009528271391,0.0287541172762478,0.0643446139657872,0.146903629335776
2003,22,16,252,236,287,162,0.0003828574737816,0.0016620596282232,0.0196368600739682,0.0489295636134708,0.121308632715818
2003,22,42,827,589,718,312,0.0004810185982882,0.0026939470480314,0.0242439535077574,0.0571479428007196,0.132398944034638
2003,23,28,548,355,407,162,0.0006150642066201,0.003527168955256,0.0289170301220056,0.0607616192205925,0.158655919682638
2003,23,11,275,205,278,184,0.0002632145132249,0.0018137555466721,0.0170574420134046,0.0473951870541633,0.137782644566114
2003,23,39,823,560,685,346,0.0004466601269819,0.0026809170744012,0.0230502783774943,0.0545213660424692,0.146827034089695
2003,24,13,562,322,412,155,0.0002855655245021,0.0036172791110472,0.0262289681670023,0.0615080764591747,0.151800416980302
2003,24,26,241,196,282,183,0.0006221433948952,0.0015895094063563,0.016308578705499,0.0480771321916333,0.137033825845646
2003,24,39,803,518,694,338,0.0004466601269819,0.0026157672062505,0.0213215074991822,0.0552377051583557,0.143432189370858
2003,25,24,554,317,403,138,0.0005271978913886,0.0035657875934522,0.0258216860526078,0.0601644534297267,0.135151338988914
2003,25,18,252,206,270,169,0.0004307146580043,0.0016620596282232,0.0171406490476163,0.0460312967792234,0.126550363759094
2003,25,42,806,523,673,307,0.0004810185982882,0.0026255396864731,0.0215273135561241,0.0535662472212873,0.130277166085365
2003,26,19,581,324,425,130,0.0004173649973493,0.0037395714653353,0.02639188101276,0.0634488652794885,0.127316478757672
2003,26,20,222,211,274,185,0.0004785718422271,0.001464195386768,0.0175566842186749,0.0467132419166934,0.138531463286582
2003,26,39,803,535,699,315,0.0004466601269819,0.0026157672062505,0.0220212480927847,0.0556356713338482,0.133672010804202
2003,27,25,586,340,415,168,0.0005491644701965,0.0037717536638322,0.0276951837788223,0.0619559508023241,0.164532064856069
2003,27,17,251,216,269,205,0.000406786065893,0.001655464153508,0.0179727193897336,0.0458608104948559,0.153507837695942
2003,27,42,837,556,684,373,0.0004810185982882,0.0027265219821067,0.0228856335319408,0.0544417728073707,0.158284635015769
2003,28,22,560,290,386,126,0.0004832647337729,0.0036044062316485,0.0236223626348778,0.0576264988185472,0.123399048642052
2003,28,18,252,190,285,163,0.0004307146580043,0.0016620596282232,0.0158093365002286,0.0485885910447358,0.122057451436286
2003,28,40,812,480,671,289,0.0004581129507507,0.0026450846469183,0.0197573814664237,0.0534070607510903,0.122638765467982
2003,29,16,571,336,431,142,0.0003514652609257,0.0036752070683416,0.0273693580873067,0.0643446139657872,0.139068769104535
2003,29,21,246,213,303,202,0.0005025004343384,0.0016224867799321,0.0177230982870984,0.0516573441633507,0.151261381534538
2003,29,37,817,549,734,344,0.0004237544794444,0.002661372113956,0.0225975050522221,0.0584214345622955,0.145978322909986
2003,30,22,569,346,388,160,0.0004832647337729,0.0036623341889428,0.0281839223160956,0.0579250817139801,0.156697204624828
2003,30,19,279,207,307,181,0.0004546432501157,0.0018401374455328,0.017223856081828,0.0523392893008207,0.13553618840471
2003,30,41,848,553,695,341,0.0004695657745194,0.0027623544095896,0.0227621498977756,0.0553172983934542,0.144705256140422
2003,31,22,585,341,406,149,0.0004832647337729,0.0037653172241328,0.0277766402017011,0.0606123277728761,0.145924271806871
2003,31,16,264,196,254,165,0.0003828574737816,0.0017412053248052,0.016308578705499,0.0433035162293435,0.123555088877222
2003,31,38,849,537,660,314,0.0004352073032131,0.0027656119029971,0.0221035705155615,0.0525315351650068,0.133247655214348
2003,32,27,575,312,375,156,0.0005930976278122,0.0037009528271391,0.0254144039382134,0.0559842928936663,0.152779774509207
2003,32,16,221,214,254,166,0.0003828574737816,0.0014575999120529,0.0178063053213101,0.0433035162293435,0.12430390759769
2003,32,43,796,526,629,322,0.000492471422057,0.0025929647523978,0.0216507971902893,0.0500641448769535,0.136642499933184
2003,33,19,561,315,348,157,0.0004173649973493,0.0036108426713479,0.02565877320685,0.0519534238053223,0.153759132038112
2003,33,17,222,203,218,167,0.000406786065893,0.001464195386768,0.0168910279449811,0.0371660099921137,0.125052726318158
2003,33,36,783,518,566,324,0.0004123016556756,0.0025506173380998,0.0213215074991822,0.0450497710657483,0.137491211112894
2003,34,20,541,308,351,137,0.0004393315761572,0.0034821138773604,0.0250885782466978,0.0524012981484717,0.134171981460009
2003,34,16,245,216,249,145,0.0003828574737816,0.001615891305217,0.0179727193897336,0.042451084807506,0.108578714467862
2003,34,36,786,524,600,282,0.0004123016556756,0.0025603898183224,0.0215684747675125,0.0477559410590971,0.119668276339
2003,35,24,541,312,370,149,0.0005271978913886,0.0034821138773604,0.0254144039382134,0.0552378356550841,0.145924271806871
2003,35,10,247,198,229,161,0.0002392859211135,0.0016290822546473,0.0164749927739224,0.0390413591201561,0.12055981399535
2003,35,34,788,510,599,310,0.000389396008138,0.0025669048051375,0.0209922178080751,0.0476763478239986,0.131550232854929
2003,36,21,570,298,366,151,0.000461298154965,0.0036687706286422,0.0242740140179089,0.0546406698642183,0.147882986864681
2003,36,12,220,173,257,162,0.0002871431053362,0.0014510044373377,0.0143948169186292,0.043814975082446,0.121308632715818
2003,36,33,790,471,623,313,0.0003779431843693,0.0025734197919526,0.0193869305639282,0.0495865854663625,0.132823299624493
2003,37,31,590,315,422,159,0.0006809639430437,0.0037974994226297,0.02565877320685,0.0630009909363392,0.155717847095923
2003,37,18,247,207,282,178,0.0004307146580043,0.0016290822546473,0.017223856081828,0.0480771321916333,0.133289732243306
2003,37,49,837,522,704,337,0.0005611883646696,0.0027265219821067,0.0214861523447357,0.0560336375093406,0.143007833781004
2003,38,25,580,354,407,151,0.0005491644701965,0.0037331350256359,0.0288355736991267,0.0607616192205925,0.147882986864681
2003,38,23,250,201,255,161,0.0005503576185611,0.0016488686787928,0.0167246138765576,0.043474002513711,0.12055981399535
2003,38,48,830,555,662,312,0.0005497355409008,0.002703719528254,0.0228444723205524,0.0526907216352038,0.132398944034638
2003,39,19,507,326,374,150,0.0004173649973493,0.0032632749275817,0.0265547938585178,0.0558350014459499,0.146903629335776
2003,39,17,218,202,251,160,0.000406786065893,0.0014378134879073,0.0168078209107694,0.042792057376241,0.119810995274882
2003,39,36,725,528,625,310,0.0004123016556756,0.0023616827204628,0.021733119613066,0.0497457719365595,0.131550232854929
2003,40,24,585,328,386,135,0.0005271978913886,0.0037653172241328,0.0267177067042756,0.0576264988185472,0.132213266402198
2003,40,16,242,216,250,188,0.0003828574737816,0.0015961048810715,0.0179727193897336,0.0426215710918735,0.140777919447986
2003,40,40,827,544,636,323,0.0004581129507507,0.0026939470480314,0.0223916989952802,0.050621297522643,0.137066855523039
2003,41,18,540,306,403,126,0.0003953984185415,0.003475677437661,0.02492566540094,0.0601644534297267,0.123399048642052
2003,41,22,233,195,273,181,0.0005264290264498,0.0015367456086349,0.0162253716712873,0.0465427556323259,0.13553618840471
2003,41,40,773,501,676,307,0.0004581129507507,0.0025180424040245,0.0206217669055797,0.0538050269265828,0.130277166085365
2003,42,22,542,320,396,151,0.0004832647337729,0.0034885503170598,0.0260660553212445,0.0591194132957116,0.147882986864681
2003,42,20,239,184,278,186,0.0004785718422271,0.0015763184569259,0.0153100942949582,0.0473951870541633,0.13928028200705
2003,42,42,781,504,674,337,0.0004810185982882,0.0025441023512848,0.0207452505397449,0.0536458404563858,0.143007833781004
2003,43,27,564,364,412,138,0.0005930976278122,0.003630151990446,0.0296501379279156,0.0615080764591747,0.135151338988914
2003,43,28,236,197,282,180,0.0006700005791179,0.0015565320327804,0.0163917857397107,0.0480771321916333,0.134787369684242
2003,43,55,800,561,694,318,0.0006299053072822,0.0026059947260279,0.0230914395888827,0.0552377051583557,0.134945077573766
2003,44,23,557,343,429,164,0.0005052313125808,0.0035850969125504,0.0279395530474589,0.0640460310703543,0.160614634740448
2003,44,21,263,240,331,187,0.0005025004343384,0.0017346098500901,0.0199696882108151,0.0564309601256405,0.140029100727518
2003,44,44,820,583,760,351,0.0005039242458257,0.0026711445941786,0.0239969862394271,0.0604908586748564,0.148948812038968
2003,45,29,524,332,426,169,0.0006370307854279,0.0033726944024711,0.0270435323957911,0.0635981567272049,0.165511422384974
2003,45,21,218,214,259,188,0.0005025004343384,0.0014378134879073,0.0178063053213101,0.044155947651181,0.140777919447986
2003,45,50,742,546,685,357,0.0005726411884383,0.0024170601083909,0.0224740214180569,0.0545213660424692,0.151494945578096
2003,46,23,569,328,425,164,0.0005052313125808,0.0036623341889428,0.0267177067042756,0.0634488652794885,0.160614634740448
2003,46,25,246,211,268,171,0.0005982148027838,0.0016224867799321,0.0175566842186749,0.0456903242104884,0.12804800120003
2003,46,48,815,539,693,335,0.0005497355409008,0.0026548571271409,0.0221858929383382,0.0551581119232572,0.142159122601294
2003,47,16,521,340,396,151,0.0003514652609257,0.003353385083373,0.0276951837788223,0.0591194132957116,0.147882986864681
2003,47,15,263,207,277,165,0.0003589288816703,0.0017346098500901,0.017223856081828,0.0472247007697958,0.123555088877222
2003,47,31,784,547,673,316,0.0003550375368317,0.0025538748315074,0.0225151826294453,0.0535662472212873,0.134096366394057
2003,48,16,546,324,454,165,0.0003514652609257,0.0035142960758573,0.02639188101276,0.0677783172632654,0.161593992269354
2003,48,16,244,216,267,184,0.0003828574737816,0.0016092958305018,0.0179727193897336,0.0455198379261209,0.137782644566114
2003,48,32,790,540,721,349,0.0003664903606005,0.0025734197919526,0.0222270541497266,0.0573867225060151,0.148100100859259
2003,49,18,520,378,438,176,0.0003953984185415,0.0033469486436736,0.03079052784822,0.0653896540998023,0.17236692508731
2003,49,25,243,240,289,181,0.0005982148027838,0.0016027003557866,0.0199696882108151,0.0492705361822058,0.13553618840471
2003,49,43,763,618,727,357,0.000492471422057,0.0024854674699491,0.0254376286380205,0.057864281916606,0.151494945578096
2003,50,17,548,330,458,184,0.0003734318397336,0.003527168955256,0.0268806195500334,0.0683754830541311,0.180201785318552
2003,50,8,254,200,288,216,0.0001914287368908,0.0016752505776535,0.0166414068423459,0.0491000498978383,0.16174484362109
2003,50,25,802,530,746,400,0.0002863205942191,0.002612509712843,0.0218154420358428,0.0593765533834774,0.169742235941844
2003,51,29,617,359,492,178,0.0006370307854279,0.0039712832945127,0.0292428558135211,0.0734513922764902,0.174325640145121
2003,51,15,275,195,294,249,0.0003589288816703,0.0018137555466721,0.0162253716712873,0.0501229676040433,0.186455861396535
2003,51,44,892,554,786,427,0.0005039242458257,0.0029056841195211,0.022803311109164,0.0625602827874172,0.181199836867918
2003,52,32,577,403,530,222,0.0007029305218515,0.0037138257065378,0.0328269384201923,0.0791244672897151,0.217417371416948
2003,52,17,258,219,318,241,0.000406786065893,0.0017016324765142,0.0182223404923688,0.0542146384288631,0.180465311632791
2003,52,49,835,622,848,463,0.0005611883646696,0.0027200069952916,0.025602273483574,0.0674950633635239,0.196476638102684
2004,1,19,606,400,520,196,0.0004271409030535,0.0038702613096605,0.0329275717217127,0.0731124512627032,0.176798856520321
2004,1,12,251,232,329,239,0.0002941455069566,0.0016414335199992,0.0187531578139943,0.0529963679613909,0.168257191433487
2004,1,31,857,632,849,435,0.0003635172046702,0.0027690386608525,0.0257757984750443,0.0637372829697728,0.172001416312281
2004,2,27,649,359,440,187,0.0006069897043392,0.0041448838118311,0.0295524956202372,0.061864381837672,0.168680541680102
2004,2,22,264,218,300,200,0.0005392667627537,0.0017264480050987,0.0176215017390118,0.0483249555878944,0.14080099701547
2004,2,49,913,577,740,387,0.0005745917106077,0.0029499793434753,0.0235326514558554,0.0555542866874345,0.153021949684719
2004,3,33,614,328,477,211,0.0007418763053034,0.0039213538682039,0.0270006088118045,0.0670666139467489,0.190329381254019
2004,3,19,265,209,317,209,0.0004657303860146,0.0017329875808756,0.0168940085479517,0.0510633697378751,0.147137041881166
2004,3,52,879,537,794,420,0.0006097707949306,0.0028401225004543,0.0219012718055361,0.0596082481484094,0.166070332991168
2004,4,25,673,382,564,237,0.0005620275040177,0.0042981614874612,0.0314458309942357,0.0792988894464704,0.213782290792429
2004,4,22,242,231,343,251,0.0005392667627537,0.0015825773380072,0.0186723252372098,0.0552515325554926,0.176705251254415
2004,4,47,915,613,907,488,0.0005511389877257,0.0029564415107118,0.0250008931411427,0.0680915378723014,0.192957910713548
2004,5,18,714,475,593,226,0.0004046598028928,0.004560010849996,0.0391014914195339,0.0833763146130443,0.203859905987717
2004,5,16,295,248,411,274,0.0003921940092754,0.0019291748541823,0.0200464790425456,0.0662051891554153,0.192897365911194
2004,5,34,1009,723,1004,500,0.0003986962889931,0.0032601633708286,0.0294871871795207,0.0753736538299786,0.197702777370438
2004,6,23,630,399,604,237,0.0005170653036963,0.0040235389852906,0.0328452527924085,0.0849229241589861,0.213782290792429
2004,6,23,260,255,360,298,0.0005637788883334,0.0017002897019912,0.0206123070800368,0.0579899467054733,0.20979348555305
2004,6,46,890,654,964,535,0.0005394126262848,0.0028756644202552,0.0266730572827199,0.0723707194144416,0.211541971786369
2004,7,22,641,395,575,224,0.0004945842035356,0.0040937912532878,0.0325159770751913,0.0808454989924123,0.202055836023224
2004,7,20,277,227,376,296,0.0004902425115943,0.0018114624901983,0.018348994930072,0.060567277670161,0.208385475582896
2004,7,42,918,622,951,520,0.0004925071805209,0.0029661347615666,0.0253679535624645,0.0713947657293921,0.205610888465256
2004,8,25,630,379,571,221,0.0005620275040177,0.0040235389852906,0.0311988742063228,0.0802830955211607,0.199349731076484
2004,8,17,251,225,344,269,0.0004167061348551,0.0016414335199992,0.0181873297765031,0.0554126157407856,0.189377340985807
2004,8,42,881,604,915,490,0.0004925071805209,0.0028465846676908,0.0246338327198209,0.0686921247554088,0.193748721823029
2004,9,23,612,351,450,222,0.0005170653036963,0.003908580728568,0.0288939441858029,0.0632703905158009,0.200251766058731
2004,9,13,258,223,329,238,0.0003186576325363,0.0016872105504374,0.0180256646229341,0.0529963679613909,0.167553186448409
2004,9,36,870,574,779,460,0.000422149011875,0.0028110427478899,0.0234102979820814,0.058482147742583,0.181886555180803
2004,10,17,532,397,501,191,0.000382178702732,0.0033976551431343,0.0326806149337999,0.0704410347742583,0.172288681609088
2004,10,26,241,217,329,210,0.0006373152650726,0.0015760377622303,0.0175406691622274,0.0529963679613909,0.147841046866244
2004,10,43,773,614,830,401,0.0005042335419618,0.0024976276369183,0.0250416776324007,0.0623108891223927,0.158557627451091
2004,11,13,624,395,447,197,0.0002922543020892,0.0039852195663831,0.0325159770751913,0.0628485879123622,0.177700891502567
2004,11,17,249,219,324,231,0.0004167061348551,0.0016283543684454,0.0177023343157963,0.0521909520349259,0.162625151552868
2004,11,30,873,614,771,428,0.0003517908432292,0.0028207359987447,0.0250416776324007,0.0578815608594756,0.169233577429095
2004,12,33,573,359,481,197,0.0007418763053034,0.0036595045056691,0.0295524956202372,0.0676290174180005,0.177700891502567
2004,12,10,246,189,314,191,0.0002451212557971,0.0016087356411147,0.0152773570122626,0.0505801201819961,0.134464952149774
2004,12,43,819,548,795,388,0.0005042335419618,0.0026462574833584,0.0223499012093739,0.0596833215087978,0.15341735523946
2004,13,18,601,345,478,178,0.0004046598028928,0.0038383284605709,0.0284000306099772,0.0672072148145618,0.160562226839883
2004,13,31,276,201,320,217,0.0007598758929712,0.0018049229144214,0.0162473479336761,0.051546619293754,0.152769081761785
2004,13,49,877,546,798,395,0.0005745917106077,0.0028336603332177,0.0222683322268579,0.0599085415899631,0.156185194122646
2004,14,22,590,364,457,169,0.0004945842035356,0.0037680761925737,0.0299640902667586,0.0642545965904911,0.152443911999664
2004,14,14,229,207,300,208,0.000343169758116,0.0014975628529076,0.0167323433943828,0.0483249555878944,0.146433036896089
2004,14,36,819,571,757,377,0.000422149011875,0.0026462574833584,0.0232879445083075,0.0568305338140377,0.14906789413731
2004,15,21,573,389,474,169,0.0004721031033749,0.0036595045056691,0.0320220634993656,0.0666448113433103,0.152443911999664
2004,15,15,231,210,299,216,0.0003676818836957,0.0015106420044614,0.0169748411247362,0.0481638724026014,0.152065076776708
2004,15,36,804,599,773,385,0.000422149011875,0.0025977912290845,0.0244299102635309,0.0580317075802525,0.152231138575237
2004,16,27,589,366,468,173,0.0006069897043392,0.0037616896227558,0.0301287281253672,0.0658012061364329,0.156052051928651
2004,16,26,271,197,319,194,0.0006373152650726,0.001772225035537,0.0159240176265382,0.051385536108461,0.136576967105006
2004,16,53,860,563,787,367,0.0006214971563716,0.0027787319117073,0.0229616685782436,0.0590827346256904,0.145113838589902
2004,17,23,572,354,455,166,0.0005170653036963,0.0036531179358512,0.0291409009737158,0.0639733948548653,0.149737807052925
2004,17,15,235,206,293,209,0.0003676818836957,0.0015368003075689,0.0166515108175984,0.0471973732908435,0.147137041881166
2004,17,38,807,560,748,375,0.000445601734757,0.0026074844799392,0.0228393151044697,0.0561548735705419,0.148277083027829
2004,18,27,599,302,425,167,0.0006069897043392,0.003825555320935,0.0248603166498931,0.0597553688204786,0.150639842035171
2004,18,20,222,216,279,175,0.0004902425115943,0.0014517858224694,0.0174598365854429,0.0449422086967418,0.123200872388536
2004,18,47,821,518,704,342,0.0005511389877257,0.0026527196505949,0.0211263664716344,0.0528516457134512,0.13522869972138
2004,19,27,531,337,421,146,0.0006069897043392,0.0033912685733164,0.027741479175543,0.0591929653492271,0.131697107407994
2004,19,20,234,198,270,198,0.0004902425115943,0.0015302607317921,0.0160048502033227,0.043492460029105,0.139392987045315
2004,19,47,765,535,691,344,0.0005511389877257,0.0024717789679721,0.0218197028230201,0.0518756920284016,0.136019510830861
2004,20,28,549,362,408,156,0.0006294708044999,0.003506226830039,0.02979945240815,0.0573651540676595,0.140717457230459
2004,20,19,242,205,239,180,0.0004657303860146,0.0015825773380072,0.0165706782408139,0.0384988812850225,0.126720897313923
2004,20,47,791,567,647,336,0.0005511389877257,0.002555787142047,0.0231248065432755,0.0485724641713109,0.132856266392934
2004,21,16,588,333,416,148,0.0003596976025713,0.0037553030529379,0.0274122034583259,0.0584899610101626,0.133501177372487
2004,21,11,234,201,273,171,0.0002696333813768,0.0015302607317921,0.0162473479336761,0.0439757095849839,0.120384852448227
2004,21,27,822,534,689,319,0.0003166117589063,0.0026559507342132,0.0217789183317621,0.0517255453076248,0.12613437196234
2004,22,23,514,315,386,163,0.0005170653036963,0.0032826968864117,0.0259304627308488,0.0542719349757759,0.147031702106185
2004,22,24,266,198,293,184,0.0005882910139132,0.0017395271566525,0.0160048502033227,0.0471973732908435,0.129536917254232
2004,22,47,780,513,679,347,0.0005511389877257,0.0025202452222461,0.0209224440153445,0.0509748117037405,0.137205727495084
2004,23,17,537,309,431,147,0.000382178702732,0.0034295879922239,0.0254365491550231,0.060598974027356,0.132599142390241
2004,23,23,240,189,268,158,0.0005637788883334,0.0015694981864534,0.0152773570122626,0.043170293658519,0.111232787642221
2004,23,40,777,498,699,305,0.0004690544576389,0.0025105519713913,0.0203106766464748,0.052476278911509,0.120598694195967
2004,24,29,535,312,460,165,0.0006519519046606,0.0034168148525881,0.0256835059429359,0.0646763991939298,0.148835772070678
2004,24,23,246,182,270,178,0.0005637788883334,0.0016087356411147,0.0147115289747714,0.043492460029105,0.125312887343768
2004,24,52,781,494,730,343,0.0006097707949306,0.0025234763058644,0.0201475386814429,0.0548035530835502,0.135624105276121
2004,25,23,604,322,447,152,0.0005170653036963,0.0038574881700247,0.0265066952359788,0.0628485879123622,0.137109317301473
2004,25,18,260,213,296,169,0.0004412182604349,0.0017002897019912,0.0172173388550896,0.0476806228467225,0.118976842478072
2004,25,41,864,535,743,321,0.0004807808190799,0.0027916562461803,0.0218197028230201,0.0557795067685997,0.126925183071821
2004,26,27,568,323,426,160,0.0006069897043392,0.0036275716565795,0.026589014165283,0.0598959696882915,0.144325597159446
2004,26,17,259,203,262,186,0.0004167061348551,0.0016937501262143,0.016409013087245,0.0422037945467611,0.130944927224387
2004,26,44,827,526,688,346,0.0005159599034028,0.0026721061523045,0.0214526424016983,0.0516504719472364,0.136810321940343
2004,27,23,608,321,451,182,0.0005170653036963,0.0038830344492963,0.0264243763066745,0.0634109913836138,0.164170366768869
2004,27,16,235,204,295,212,0.0003921940092754,0.0015368003075689,0.0164898456640294,0.0475195396614295,0.149249056836398
2004,27,39,843,525,746,394,0.0004573280961979,0.0027238034901968,0.0214118579104403,0.056004726849765,0.155789788567905
2004,28,17,557,299,414,162,0.000382178702732,0.0035573193885823,0.0246133598619803,0.0582087592745368,0.146129667123939
2004,28,17,236,192,264,183,0.0004167061348551,0.0015433398833458,0.0155198547426159,0.0425259609173471,0.128832912269155
2004,28,34,793,491,678,345,0.0003986962889931,0.0025622493092835,0.0200251852076689,0.0508997383433521,0.136414916385602
2004,29,21,566,335,416,165,0.0004721031033749,0.0036147985169436,0.0275768413169344,0.0584899610101626,0.148835772070678
2004,29,17,242,201,265,187,0.0004167061348551,0.0015825773380072,0.0162473479336761,0.04268704410264,0.131648932209464
2004,29,38,808,536,681,352,0.000445601734757,0.0026107155635575,0.0218604873142781,0.0511249584245174,0.139182755268788
2004,30,28,605,317,446,161,0.0006294708044999,0.0038638747398426,0.0260951005894574,0.0627079870445493,0.145227632141692
2004,30,17,252,217,298,187,0.0004167061348551,0.0016479730957761,0.0175406691622274,0.0480027892173084,0.131648932209464
2004,30,45,857,534,744,348,0.0005276862648438,0.0027690386608525,0.0217789183317621,0.0558545801289882,0.137601133049825
2004,31,18,570,332,460,166,0.0004046598028928,0.0036403447962153,0.0273298845290216,0.0646763991939298,0.149737807052925
2004,31,18,258,199,256,211,0.0004412182604349,0.0016872105504374,0.0160856827801071,0.0412372954350032,0.148545051851321
2004,31,36,828,531,716,377,0.000422149011875,0.0026753372359228,0.0216565648579882,0.0537525260381123,0.14906789413731
2004,32,17,575,323,457,171,0.000382178702732,0.0036722776453049,0.026589014165283,0.0642545965904911,0.154247981964157
2004,32,19,250,211,289,183,0.0004657303860146,0.0016348939442223,0.0170556737015206,0.0465530405496716,0.128832912269155
2004,32,36,825,534,746,354,0.000422149011875,0.002665643985068,0.0217789183317621,0.056004726849765,0.13997356637827
2004,33,31,551,310,478,164,0.000696914104982,0.0035189999696748,0.0255188680843274,0.0672072148145618,0.147933737088432
2004,33,23,240,193,289,196,0.0005637788883334,0.0015694981864534,0.0156006873194004,0.0465530405496716,0.137984977075161
2004,33,54,791,503,767,360,0.0006332235178126,0.002555787142047,0.0205145991027647,0.0575812674179219,0.142345999706715
2004,34,22,552,364,465,167,0.0004945842035356,0.0035253865394927,0.0299640902667586,0.0653794035329942,0.150639842035171
2004,34,17,241,191,275,188,0.0004167061348551,0.0015760377622303,0.0154390221658315,0.0442978759555699,0.132352937194542
2004,34,39,793,555,740,355,0.0004573280961979,0.0025622493092835,0.0226353926481798,0.0555542866874345,0.140368971933011
2004,35,20,556,338,465,140,0.0004496220032142,0.0035509328187644,0.0278237981048473,0.0653794035329942,0.126284897514515
2004,35,13,225,227,271,180,0.0003186576325363,0.0014714045498001,0.018348994930072,0.0436535432143979,0.126720897313923
2004,35,33,781,565,736,320,0.0003869699275521,0.0025234763058644,0.0230432375607596,0.0552539932458808,0.12652977751708
2004,36,19,599,337,455,149,0.0004271409030535,0.003825555320935,0.027741479175543,0.0639733948548653,0.134403212354734
2004,36,19,236,218,276,189,0.0004657303860146,0.0015433398833458,0.0176215017390118,0.0444589591408628,0.133056942179619
2004,36,38,835,555,731,338,0.000445601734757,0.0026979548212506,0.0226353926481798,0.0548786264439386,0.133647077502416
2004,37,30,523,308,434,165,0.0006744330048213,0.003340176014773,0.0253542302257188,0.0610207766307946,0.148835772070678
2004,37,27,265,200,271,175,0.0006618273906523,0.0017329875808756,0.0161665153568916,0.0436535432143979,0.123200872388536
2004,37,57,788,508,705,340,0.0006684026021355,0.0025460938911922,0.0207185215590546,0.0529267190738396,0.134437888611898
2004,38,23,611,324,440,191,0.0005170653036963,0.0039021941587501,0.0266713330945873,0.061864381837672,0.172288681609088
2004,38,21,254,183,275,207,0.000514754637174,0.0016610522473298,0.0147923615515558,0.0442978759555699,0.145729031911012
2004,38,44,865,507,715,398,0.0005159599034028,0.0027948873297986,0.0206777370677966,0.0536774526777238,0.157371410786869
2004,39,20,586,359,440,177,0.0004496220032142,0.0037425299133021,0.0295524956202372,0.061864381837672,0.159660191857637
2004,39,21,256,184,276,190,0.000514754637174,0.0016741313988836,0.0148731941283403,0.0444589591408628,0.133760947164697
2004,39,41,842,543,716,367,0.0004807808190799,0.0027205724065785,0.022145978753084,0.0537525260381123,0.145113838589902
2004,40,27,622,346,437,171,0.0006069897043392,0.0039724464267472,0.0284823495392815,0.0614425792342333,0.154247981964157
2004,40,24,261,206,329,202,0.0005882910139132,0.0017068292777681,0.0166515108175984,0.0529963679613909,0.142209006985625
2004,40,51,883,552,766,373,0.0005980444334896,0.0028530468349273,0.0225130391744058,0.0575061940575335,0.147486271918347
2004,41,25,577,333,437,174,0.0005620275040177,0.0036850507849408,0.0274122034583259,0.0614425792342333,0.156954086910897
2004,41,18,246,214,301,199,0.0004412182604349,0.0016087356411147,0.017298171431874,0.0484860387731874,0.140096992030393
2004,41,43,823,547,738,373,0.0005042335419618,0.0026591818178315,0.0223091167181159,0.0554041399666576,0.147486271918347
2004,42,21,596,360,465,167,0.0004721031033749,0.0038063956114813,0.0296348145495415,0.0653794035329942,0.150639842035171
2004,42,19,237,204,284,222,0.0004657303860146,0.0015498794591227,0.0164898456640294,0.0457476246232067,0.156289106687172
2004,42,40,833,564,749,389,0.0004690544576389,0.0026914926540141,0.0230024530695016,0.0562299469309303,0.153812760794201
2004,43,13,564,364,475,172,0.0002922543020892,0.0036020253773078,0.0299640902667586,0.0667854122111232,0.155150016946404
2004,43,16,260,209,318,202,0.0003921940092754,0.0017002897019912,0.0168940085479517,0.0512244529231681,0.142209006985625
2004,43,29,824,573,793,374,0.0003400644817882,0.0026624129014497,0.0233695134908234,0.059533174788021,0.147881677473088
2004,44,16,604,323,467,179,0.0003596976025713,0.0038574881700247,0.026589014165283,0.06566060526862,0.16146426182213
2004,44,15,242,200,314,210,0.0003676818836957,0.0015825773380072,0.0161665153568916,0.0505801201819961,0.147841046866244
2004,44,31,846,523,781,389,0.0003635172046702,0.0027334967410516,0.0213302889279244,0.0586322944633599,0.153812760794201
2004,45,19,562,329,458,169,0.0004271409030535,0.0035892522376719,0.0270829277411087,0.064395197458304,0.152443911999664
2004,45,14,261,218,297,183,0.000343169758116,0.0017068292777681,0.0176215017390118,0.0478417060320155,0.128832912269155
2004,45,33,823,547,755,352,0.0003869699275521,0.0026591818178315,0.0223091167181159,0.0566803870932608,0.139182755268788
2004,46,26,589,339,445,177,0.0005845086041784,0.0037616896227558,0.0279061170341516,0.0625673861767364,0.159660191857637
2004,46,12,275,179,324,210,0.0002941455069566,0.0017983833386445,0.014469031244418,0.0521909520349259,0.147841046866244
2004,46,38,864,518,769,387,0.000445601734757,0.0027916562461803,0.0211263664716344,0.0577314141386988,0.153021949684719
2004,47,17,569,315,456,160,0.000382178702732,0.0036339582263974,0.0259304627308488,0.0641139957226782,0.144325597159446
2004,47,17,241,227,266,177,0.0004167061348551,0.0015760377622303,0.018348994930072,0.042848127287933,0.124608882358691
2004,47,34,810,542,722,337,0.0003986962889931,0.002617177730794,0.022105194261826,0.0542029662004428,0.133251671947675
2004,48,24,573,357,447,185,0.000539546403857,0.0036595045056691,0.0293878577616286,0.0628485879123622,0.166876471715609
2004,48,17,269,195,293,201,0.0004167061348551,0.0017591458839832,0.0157623524729693,0.0471973732908435,0.141505002000547
2004,48,41,842,552,740,386,0.0004807808190799,0.0027205724065785,0.0225130391744058,0.0555542866874345,0.152626544129978
2004,49,10,561,334,456,171,0.0002248110016071,0.003582865667854,0.0274945223876301,0.0641139957226782,0.154247981964157
2004,49,17,240,243,294,174,0.0004167061348551,0.0015694981864534,0.0196423161586233,0.0473584564761365,0.122496867403459
2004,49,27,801,577,750,345,0.0003166117589063,0.0025880979782297,0.0235326514558554,0.0563050202913187,0.136414916385602
2004,50,29,580,361,434,192,0.0006519519046606,0.0037042104943945,0.0297171334788458,0.0610207766307946,0.173190716591335
2004,50,9,248,217,284,211,0.0002206091302174,0.0016218147926685,0.0175406691622274,0.0457476246232067,0.148545051851321
2004,50,38,828,578,718,403,0.000445601734757,0.0026753372359228,0.0235734359471133,0.0539026727588891,0.159348438560573
2004,51,24,629,313,472,219,0.000539546403857,0.0040171524154727,0.0257658248722402,0.0663636096076845,0.197545661111991
2004,51,13,242,211,310,191,0.0003186576325363,0.0015825773380072,0.0170556737015206,0.0499357874408242,0.134464952149774
2004,51,37,871,524,782,410,0.000433875373316,0.0028142738315082,0.0213710734191823,0.0587073678237483,0.162116277443759
2004,52,10,599,340,486,185,0.0002248110016071,0.003825555320935,0.0279884359634558,0.068332021757065,0.166876471715609
2004,52,18,245,201,286,207,0.0004412182604349,0.0016021960653378,0.0162473479336761,0.0460697909937927,0.145729031911012
2004,52,28,844,541,772,392,0.0003283381203472,0.002727034573815,0.022064409770568,0.0579566342198641,0.154998977458424
2004,53,24,587,341,522,188,0.000539546403857,0.00374891648312,0.0280707548927601,0.073393652998329,0.169582576662349
2004,53,14,272,225,296,230,0.000343169758116,0.0017787646113139,0.0181873297765031,0.0476806228467225,0.161921146567791
2004,53,38,859,566,818,418,0.000445601734757,0.002775500828089,0.0230840220520176,0.0614100087977316,0.165279521881686
2005,1,24,643,386,588,242,0.0005534245900327,0.0040761833880091,0.0319367664752672,0.0787372126386377,0.200053844753034
2005,1,23,259,229,372,251,0.0005783034826496,0.0016791779603495,0.0179409972609093,0.0567969086242835,0.165051993843977
2005,1,47,902,615,960,493,0.0005653261612431,0.0028911392461896,0.0247480475798627,0.0684856672065218,0.180559145950638
2005,2,35,637,350,482,226,0.0008070775271311,0.004038147462149,0.0289582079438952,0.0645430892718084,0.186827144273495
2005,2,17,233,223,316,266,0.0004274417045671,0.0015106118330557,0.0174709274636803,0.0482468363582623,0.174915658814733
2005,2,52,870,573,798,492,0.0006254672422264,0.0027885711132871,0.023057937013433,0.0569287108654212,0.180192900218487
2005,3,16,634,403,511,216,0.0003689497266885,0.0040191294992189,0.0333433080039707,0.0684263871740542,0.178560456473782
2005,3,14,272,234,378,230,0.0003520108155258,0.0017634610239964,0.0183327220919335,0.0577129877956429,0.151242862884919
2005,3,30,906,637,889,446,0.0003608464858998,0.0029039602628024,0.0256333435908496,0.0634205814027061,0.163345596539522
2005,4,23,610,382,514,203,0.0005303652321147,0.0038669857957785,0.031605815527337,0.0688281076467003,0.167813762334157
2005,4,14,264,230,328,231,0.0003520108155258,0.0017115945232906,0.0180193422271142,0.0500789947009811,0.151900440549636
2005,4,37,874,612,842,434,0.0004450439992765,0.0028013921298999,0.0246273253965463,0.0600676372790535,0.158950647753706
2005,5,25,658,381,523,211,0.0005764839479508,0.0041712732026594,0.0315230777903544,0.0700332690646386,0.174427112573926
2005,5,24,269,221,310,249,0.00060344711233,0.0017440110862317,0.0173142375312706,0.0473307571869029,0.163736838514543
2005,5,49,927,602,833,460,0.0005893825936364,0.0029712706000197,0.0242249181188249,0.0594255841489923,0.168473036789642
2005,6,14,609,341,566,233,0.0003228310108524,0.0038606464748018,0.0282135683110521,0.0757912625058995,0.192613825733293
2005,6,16,269,243,304,240,0.0004022980748866,0.0017440110862317,0.0190378267877771,0.0464146780155435,0.15781863953209
2005,6,30,878,584,870,473,0.0003608464858998,0.0028142131465127,0.0235005850189265,0.0620651359059104,0.17323423130761
2005,7,29,669,372,540,216,0.0006687213796229,0.0042410057334029,0.0307784381575114,0.0723096850762999,0.178560456473782
2005,7,8,283,234,333,210,0.0002011490374433,0.0018347774624669,0.0183327220919335,0.0508423940104473,0.138091309590578
2005,7,37,952,606,873,426,0.0004450439992765,0.0030514019538498,0.0243858810299134,0.0622791536159307,0.156020681896495
2005,8,19,653,394,577,208,0.0004381278004426,0.004139576597776,0.0325986683711277,0.0772642375722686,0.171947106234013
2005,8,26,251,211,352,260,0.0006537343716908,0.0016273114596437,0.0165307878692221,0.0537433113864188,0.17097019282643
2005,8,45,904,605,929,468,0.0005412697288498,0.002897549754496,0.0243456403021413,0.0662741508696445,0.171403002646853
2005,9,10,604,386,543,247,0.0002305935791803,0.0038289498699183,0.0319367664752672,0.072711405548946,0.20418718865289
2005,9,15,277,223,361,253,0.0003771544452062,0.0017958775869375,0.0174709274636803,0.0551174301434579,0.166367149173411
2005,9,25,881,609,904,500,0.0003007054049165,0.0028238289089723,0.0245066032132299,0.064490669952808,0.183122866075698
2005,10,25,643,425,554,250,0.0005764839479508,0.0040761833880091,0.035163538217587,0.0741843806153151,0.206667194992804
2005,10,22,283,233,358,274,0.0005531598529692,0.0018347774624669,0.0182543771257287,0.0546593905577782,0.180176280132469
2005,10,47,926,658,912,524,0.0005653261612431,0.0029680653458665,0.0264783988740644,0.0650613838461957,0.191912763647331
2005,11,25,655,365,611,268,0.0005764839479508,0.0041522552397293,0.0301992739986335,0.0818170695955912,0.221547233032286
2005,11,34,280,231,354,296,0.0008548834091342,0.0018153275247022,0.018097687193319,0.0540486711102052,0.194642988756244
2005,11,59,935,596,965,564,0.0007096647556031,0.0029969126332453,0.0239834737521921,0.0688423633898891,0.206562592933387
2005,12,22,583,402,541,211,0.0005073058741967,0.0036958241294079,0.0332605702669882,0.0724435919005153,0.174427112573926
2005,12,22,263,227,378,224,0.0005531598529692,0.0017051112107024,0.0177843073284996,0.0577129877956429,0.147297396896617
2005,12,44,846,629,919,435,0.0005292415126531,0.0027116450136102,0.0253114177686725,0.0655607585029099,0.159316893485857
2005,13,21,593,360,529,209,0.0004842465162786,0.0037592173391748,0.0297855853137207,0.0708367100099308,0.172773775013984
2005,13,14,290,242,356,241,0.0003520108155258,0.0018801606505844,0.0189594818215723,0.0543540308339917,0.158476217196807
2005,13,35,883,602,885,450,0.0004209875668832,0.0028302394172787,0.0242249181188249,0.0631352244560123,0.164810579468128
2005,14,20,608,329,543,209,0.0004611871583606,0.0038543071538251,0.0272207154672615,0.072711405548946,0.172773775013984
2005,14,21,268,206,347,243,0.0005280162232887,0.0017375277736435,0.0161390630381979,0.0529799120769526,0.159791372526241
2005,14,41,876,535,890,452,0.0004931568640631,0.0028078026382063,0.0215287893580919,0.0634919206393796,0.165543070932431
2005,15,21,583,310,492,200,0.0004842465162786,0.0036958241294079,0.0256486984645929,0.0658821575139621,0.165333755994243
2005,15,13,260,199,266,215,0.0003268671858454,0.0016856612729377,0.015590648274764,0.0406128432636006,0.141379197914164
2005,15,34,843,509,758,415,0.0004089593506865,0.0027020292511506,0.0204825304360164,0.0540751413984828,0.151991978842829
2005,16,18,578,327,512,202,0.0004150684425245,0.0036641275245245,0.0270552399932963,0.0685602939982695,0.166987093554185
2005,16,11,258,220,297,262,0.0002765799264846,0.0016726946477613,0.0172358925650657,0.0453459189822908,0.172285348155864
2005,16,29,836,547,809,464,0.0003488182697032,0.0026795924720782,0.0220116780913575,0.0577134424688293,0.169938019718248
2005,17,16,584,348,472,194,0.0003689497266885,0.0037021634503846,0.02879273246993,0.0632040210296547,0.160373743314416
2005,17,12,247,180,302,221,0.000301723556165,0.0016013782092909,0.014102093916872,0.046109318291757,0.145324663902466
2005,17,28,831,528,774,415,0.0003367900535065,0.0026635662013121,0.021247104263687,0.0552165691852582,0.151991978842829
2005,18,24,693,342,444,187,0.0005534245900327,0.0043931494368434,0.0282963060480347,0.0594546299516244,0.154587061854617
2005,18,29,255,186,269,200,0.0007291652607321,0.0016532447099966,0.014572163714101,0.0410708828492803,0.131515532943408
2005,18,53,948,528,713,387,0.0006374954584231,0.003038580937237,0.021247104263687,0.0508648757481771,0.14173709834259
2005,19,19,650,301,483,166,0.0004381278004426,0.0041205586348459,0.0249040588317498,0.0646769960960238,0.137227017475222
2005,19,16,256,186,291,223,0.0004022980748866,0.0016597280225849,0.014572163714101,0.0444298398109314,0.1466398192319
2005,19,35,906,487,774,389,0.0004209875668832,0.0029039602628024,0.0195972344250295,0.0552165691852582,0.142469589806893
2005,20,32,653,333,434,189,0.000737899453377,0.004139576597776,0.0275516664151917,0.0581155617094707,0.15624039941456
2005,20,14,251,199,289,208,0.0003520108155258,0.0016273114596437,0.015590648274764,0.044124480087145,0.136776154261144
2005,20,46,904,532,723,397,0.0005532979450464,0.002897549754496,0.0214080671747755,0.0515782681149117,0.145399555664104
2005,21,31,552,321,451,181,0.000714840095459,0.0034993051791307,0.026558813571401,0.060391977721132,0.14962704917479
2005,21,19,258,205,297,208,0.0004777289639279,0.0016726946477613,0.0160607180719931,0.0453459189822908,0.136776154261144
2005,21,50,810,526,748,389,0.0006014108098331,0.0025962558640949,0.0211666228081427,0.0533617490317482,0.142469589806893
2005,22,19,591,330,467,142,0.0004381278004426,0.0037465386972214,0.027303453204244,0.0625344869085779,0.117386966755913
2005,22,22,235,209,310,194,0.0005531598529692,0.0015235784582322,0.0163740979368124,0.0473307571869029,0.127570066955106
2005,22,41,826,539,777,336,0.0004931568640631,0.0026475399305461,0.0216897522691804,0.0554305868952786,0.123058566002869
2005,23,27,552,363,462,184,0.0006226026637868,0.0034993051791307,0.0300337985246684,0.061864952787501,0.152107055514704
2005,23,11,247,209,290,210,0.0002765799264846,0.0016013782092909,0.0163740979368124,0.0442771599490382,0.138091309590578
2005,23,38,799,572,752,394,0.0004570722154731,0.0025609980684096,0.0230176962856609,0.0536471059784421,0.14430081846765
2005,24,22,642,310,463,212,0.0005073058741967,0.0040698440670324,0.0256486984645929,0.0619988596117164,0.175253781353898
2005,24,25,253,221,292,185,0.0006285907420104,0.0016402780848202,0.0173142375312706,0.0445825196728247,0.121651867972652
2005,24,47,895,531,755,397,0.0005653261612431,0.0028687024671172,0.0213678264470034,0.0538611236884624,0.145399555664104
2005,25,19,614,299,442,193,0.0004381278004426,0.0038923430796852,0.0247385833577847,0.0591868163031936,0.159547074534444
2005,25,19,250,195,277,220,0.0004777289639279,0.0016208281470555,0.0152772684099446,0.0422923217444261,0.144667086237749
2005,25,38,864,494,719,413,0.0004570722154731,0.0027693395883679,0.0198789195194344,0.0512929111682179,0.151259487378526
2005,26,21,666,329,518,164,0.0004842465162786,0.0042219877704729,0.0272207154672615,0.0693637349435618,0.135573679915279
2005,26,18,263,190,306,200,0.0004525853342475,0.0017051112107024,0.0148855435789204,0.04672003773933,0.131515532943408
2005,26,39,929,519,824,364,0.0004691004316698,0.0029776811083261,0.0208849377137378,0.0587835310189312,0.133313446503108
2005,27,27,611,374,488,188,0.0006226026637868,0.0038733251167552,0.0309439136314765,0.0653465302171007,0.155413730634588
2005,27,17,248,197,336,219,0.0004274417045671,0.0016078615218791,0.0154339583423543,0.051300433596127,0.144009508573032
2005,27,44,859,571,824,407,0.0005292415126531,0.0027533133176018,0.0229774555578887,0.0587835310189312,0.149062012985618
2005,28,19,597,347,516,197,0.0004381278004426,0.0037845746230815,0.0287099947329475,0.069095921295131,0.162853749654329
2005,28,17,261,235,295,244,0.0004274417045671,0.001692144585526,0.0184110670581384,0.0450405592585044,0.160448950190958
2005,28,36,858,582,811,441,0.0004330157830798,0.0027501080634486,0.0234201035633822,0.0578561209421762,0.161514367878766
2005,29,18,607,323,470,199,0.0004150684425245,0.0038479678328484,0.0267242890453661,0.062936207381224,0.164507087214272
2005,29,10,279,223,311,192,0.0002514362968041,0.001808844212114,0.0174709274636803,0.0474834370487961,0.126254911625672
2005,29,28,886,546,781,391,0.0003367900535065,0.0028398551797383,0.0219714373635854,0.0557159438419724,0.143202081271196
2005,30,18,643,342,523,184,0.0004150684425245,0.0040761833880091,0.0282963060480347,0.0700332690646386,0.152107055514704
2005,30,21,237,218,283,223,0.0005280162232887,0.0015365450834086,0.017079202632656,0.0432084009157856,0.1466398192319
2005,30,39,880,560,806,407,0.0004691004316698,0.0028206236548191,0.0225348075523953,0.0574994247588089,0.149062012985618
2005,31,28,627,336,491,179,0.0006456620217049,0.0039747542523821,0.0277998796261394,0.0657482506897468,0.147973711614847
2005,31,19,258,175,293,218,0.0004777289639279,0.0016726946477613,0.0137103690858477,0.0447351995347179,0.143351930908315
2005,31,47,885,511,784,397,0.0005653261612431,0.0028366499255851,0.0205630118915607,0.0559299615519928,0.145399555664104
2005,32,17,592,314,481,194,0.0003920090846065,0.0037528780181981,0.0259796494125231,0.0644091824475931,0.160373743314416
2005,32,14,246,194,324,198,0.0003520108155258,0.0015948948967026,0.0151989234437398,0.0494682752534082,0.130200377613974
2005,32,31,838,508,805,392,0.0003728747020965,0.0026860029803846,0.0204422897082443,0.0574280855221354,0.143568327003347
2005,33,17,593,300,442,185,0.0003920090846065,0.0037592173391748,0.0248213210947673,0.0591868163031936,0.152933724294675
2005,33,19,246,181,276,192,0.0004777289639279,0.0015948948967026,0.0141804388830768,0.0421396418825329,0.126254911625672
2005,33,36,839,481,718,377,0.0004330157830798,0.0026892082345378,0.0193557900583966,0.0512215719315444,0.138074641021076
2005,34,18,592,310,447,184,0.0004150684425245,0.0037528780181981,0.0256486984645929,0.0598563504242705,0.152107055514704
2005,34,10,220,170,287,183,0.0002514362968041,0.0014263287694089,0.0133186442548235,0.0438191203633585,0.120336712643218
2005,34,28,812,480,734,367,0.0003367900535065,0.0026026663724013,0.0193155493306245,0.0523629997183198,0.134412183699562
2005,35,15,618,332,473,186,0.0003458903687704,0.003917700363592,0.0274689286782091,0.0633379278538701,0.153760393074646
2005,35,15,264,184,280,203,0.0003771544452062,0.0017115945232906,0.0144154737816913,0.0427503613301058,0.133488265937559
2005,35,30,882,516,753,389,0.0003608464858998,0.0028270341631255,0.0207642155304214,0.0537184452151155,0.142469589806893
2005,36,12,548,330,480,182,0.0002767122950163,0.0034739478952239,0.027303453204244,0.0642752756233777,0.150453717954761
2005,36,12,245,171,303,212,0.000301723556165,0.0015884115841144,0.0133969892210284,0.0462619981536503,0.139406464920012
2005,36,24,793,501,783,394,0.0002886771887199,0.0025417665434904,0.0201606046138393,0.0558586223153193,0.14430081846765
2005,37,32,649,308,466,157,0.000737899453377,0.0041142193138692,0.0254832229906277,0.0624005800843625,0.129786998455481
2005,37,16,231,200,283,231,0.0004022980748866,0.0014976452078793,0.0156689932409688,0.0432084009157856,0.151900440549636
2005,37,48,880,508,749,388,0.0005773543774398,0.0028206236548191,0.0204422897082443,0.0534330882684217,0.142103344074742
2005,38,16,611,324,472,182,0.0003689497266885,0.0038733251167552,0.0268070267823487,0.0632040210296547,0.150453717954761
2005,38,12,255,211,335,203,0.000301723556165,0.0016532447099966,0.0165307878692221,0.0511477537342338,0.133488265937559
2005,38,28,866,535,807,385,0.0003367900535065,0.0027757500966743,0.0215287893580919,0.0575707639954824,0.141004606878287
2005,39,16,610,304,444,188,0.0003689497266885,0.0038669857957785,0.0251522720426975,0.0594546299516244,0.155413730634588
2005,39,14,256,188,281,186,0.0003520108155258,0.0016597280225849,0.0147288536465107,0.0429030411919991,0.122309445637369
2005,39,30,866,492,725,374,0.0003608464858998,0.0027757500966743,0.0197984380638901,0.0517209465882586,0.136975903824622
2005,40,23,624,340,463,177,0.0005303652321147,0.0039557362894521,0.0281308305740696,0.0619988596117164,0.146320374054905
2005,40,18,238,199,273,218,0.0004525853342475,0.0015430283959969,0.015590648274764,0.0416816022968532,0.143351930908315
2005,40,41,862,539,736,395,0.0004931568640631,0.0027629290800615,0.0216897522691804,0.0525056781916667,0.144667064199801
2005,41,33,612,293,445,167,0.000760958811295,0.0038796644377318,0.0242421569358894,0.0595885367758397,0.138053686255193
2005,41,11,246,202,261,194,0.0002765799264846,0.0015948948967026,0.0158256831733785,0.0398494439541344,0.127570066955106
2005,41,44,858,495,706,361,0.0005292415126531,0.0027501080634486,0.0199191602472065,0.0503655010914629,0.132214709306654
2005,42,13,569,313,453,181,0.0002997716529344,0.0036070736357343,0.0258969116755405,0.0606597913695627,0.14962704917479
2005,42,9,235,186,289,185,0.0002262926671237,0.0015235784582322,0.014572163714101,0.044124480087145,0.121651867972652
2005,42,22,804,499,742,366,0.0002646207563265,0.0025770243391756,0.0200801231582951,0.0529337136117075,0.134045937967411
2005,43,24,590,325,438,197,0.0005534245900327,0.0037401993762447,0.0268897645193312,0.0586511890063321,0.162853749654329
2005,43,21,248,228,322,170,0.0005280162232887,0.0016078615218791,0.0178626522947045,0.0491629155296217,0.111788203001897
2005,43,45,838,553,760,367,0.0005412697288498,0.0026860029803846,0.0222531224579903,0.0542178198718297,0.134412183699562
2005,44,25,586,313,469,202,0.0005764839479508,0.003714842092338,0.0258969116755405,0.0628023005570086,0.166987093554185
2005,44,16,209,228,310,215,0.0004022980748866,0.0013550123309384,0.0178626522947045,0.0473307571869029,0.141379197914164
2005,44,41,795,541,779,417,0.0004931568640631,0.0025481770517968,0.0217702337247247,0.0555732653686255,0.152724470307132
2005,45,22,626,333,427,176,0.0005073058741967,0.0039684149314054,0.0275516664151917,0.0571782139399631,0.145493705274934
2005,45,10,226,207,297,177,0.0002514362968041,0.0014652286449382,0.0162174080044027,0.0453459189822908,0.116391246654916
2005,45,32,852,540,724,353,0.0003849029182932,0.0027308765385294,0.0217299929969526,0.0516496073515852,0.129284743449443
2005,46,19,606,281,426,194,0.0004381278004426,0.0038416285118717,0.0232493040920987,0.0570443071157477,0.160373743314416
2005,46,19,229,206,315,179,0.0004777289639279,0.0014846785827029,0.0161390630381979,0.0480941564963691,0.11770640198435
2005,46,38,835,487,741,373,0.0004570722154731,0.002676387217925,0.0195972344250295,0.052862374375034,0.136609658092471
2005,47,19,587,323,466,190,0.0004381278004426,0.0037211814133147,0.0267242890453661,0.0624005800843625,0.157067068194531
2005,47,18,252,209,307,205,0.0004525853342475,0.001633794772232,0.0163740979368124,0.0468727176012232,0.134803421266993
2005,47,37,839,532,773,395,0.0004450439992765,0.0026892082345378,0.0214080671747755,0.0551452299485847,0.144667064199801
2005,48,22,647,326,527,182,0.0005073058741967,0.0041015406719158,0.0269725022563138,0.0705688963615001,0.150453717954761
2005,48,20,275,218,319,216,0.0005028725936083,0.0017829109617611,0.017079202632656,0.048704875943942,0.142036775578881
2005,48,42,922,544,846,398,0.0005051850802598,0.0029552443292537,0.0218909559080411,0.0603529942257473,0.145765801396256
2005,49,26,684,332,518,198,0.0005995433058688,0.0043360955480532,0.0274689286782091,0.0693637349435618,0.163680418434301
2005,49,17,262,199,318,222,0.0004274417045671,0.0016986278981142,0.015590648274764,0.0485521960820488,0.145982241567183
2005,49,43,946,531,836,420,0.0005172132964565,0.0030321704289306,0.0213678264470034,0.0596396018590127,0.153823207503586
2005,50,25,627,358,539,223,0.0005764839479508,0.0039747542523821,0.0296201098397556,0.0721757782520845,0.184347137933581
2005,50,16,266,227,337,244,0.0004022980748866,0.0017245611484671,0.0177843073284996,0.0514531134580203,0.160448950190958
2005,50,41,893,585,876,467,0.0004931568640631,0.0028622919588108,0.0235408257466986,0.0624931713259511,0.171036756914702
2005,51,23,641,373,572,260,0.0005303652321147,0.0040635047460557,0.030861175894494,0.0765947034511918,0.214933882792516
2005,51,19,285,244,339,249,0.0004777289639279,0.0018477440876433,0.019116171753982,0.0517584731818067,0.163736838514543
2005,51,42,926,617,911,509,0.0005051850802598,0.0029680653458665,0.0248285290354069,0.0649900446095222,0.18641907766506
2005,52,17,700,366,555,227,0.0003920090846065,0.0044375246836802,0.0302820117356161,0.0743182874395305,0.187653813053466
2005,52,18,254,214,355,275,0.0004525853342475,0.0016467613974084,0.0167658227678367,0.0542013509720985,0.180833857797186
2005,52,35,954,580,910,502,0.0004209875668832,0.0030578124621562,0.023339622107838,0.0649187053728488,0.183855357540001
2006,1,21,577,348,572,223,0.000498353159582,0.0036287325378942,0.0287560386529086,0.0738070749133456,0.166045016107865
2006,1,13,243,232,359,245,0.0003361158878257,0.0015597949389586,0.0176483741388999,0.0521149378744511,0.147678209336412
2006,1,34,820,580,931,468,0.0004207091452888,0.002604841724672,0.0229725780743174,0.0635991757803254,0.155894935807205
2006,2,24,631,340,551,221,0.0005695464680938,0.0039683366228965,0.0280949802930716,0.0710973746105829,0.164555823138288
2006,2,11,270,215,318,272,0.0002844057512371,0.0017331054877318,0.0163551743097564,0.0461630926018815,0.163952950773486
2006,2,35,901,555,869,493,0.0004330829436797,0.0028621492608896,0.0219823807435279,0.0593637849120331,0.164222656737077
2006,3,18,583,346,451,224,0.0004271598510703,0.0036664663251167,0.0285907740629494,0.0581940398355225,0.166789612592654
2006,3,18,236,220,354,248,0.0004653912292972,0.0015148625744619,0.016735527200681,0.0513891030851133,0.149486513940531
2006,3,36,819,566,805,472,0.0004454567420705,0.0026016650884224,0.0224180675690753,0.0549917685318603,0.157227371155984
2006,4,20,677,365,513,206,0.0004746220567448,0.0042576289916021,0.0301607876675622,0.06619410739606,0.153386875866459
2006,4,16,226,211,325,201,0.0004136810927086,0.0014506734823237,0.0160508919970168,0.0471792613069543,0.121156408475995
2006,4,36,903,576,838,407,0.0004454567420705,0.0028685025333888,0.0228141465013911,0.0572460894778869,0.135575296738317
2006,5,21,723,359,554,218,0.000498353159582,0.0045469213603077,0.0296649938976845,0.0714844746538347,0.162322033683922
2006,5,8,239,237,333,242,0.0002068405463543,0.0015341193021034,0.0180287270298245,0.0483405969698947,0.145869904732293
2006,5,29,962,596,887,460,0.0003588401533346,0.0030559240721153,0.0236063043660228,0.0605934145189567,0.153230065109646
2006,6,29,663,347,548,251,0.00068820198228,0.004169583488083,0.028673406357929,0.0707102745673311,0.186893717681947
2006,6,21,268,220,333,236,0.00054295643418,0.0017202676693042,0.016735527200681,0.0483405969698947,0.142253295524054
2006,6,50,931,567,881,487,0.0006186899195424,0.0029574483483776,0.0224576754623069,0.0601835379833155,0.162224003713907
2006,7,17,673,354,515,239,0.0004034287482331,0.0042324731334538,0.0292518324227864,0.0664521740915612,0.177958559864484
2006,7,17,258,211,322,241,0.0004395361610029,0.001656078577166,0.0160508919970168,0.0467437604333517,0.14526713653092
2006,7,34,931,565,837,480,0.0004207091452888,0.0029574483483776,0.0223784596758437,0.0571777767219467,0.159892241853543
2006,8,20,650,347,486,180,0.0004746220567448,0.0040878269491009,0.028673406357929,0.0627102070067937,0.134027367261954
2006,8,11,237,219,332,231,0.0002844057512371,0.0015212814836757,0.0166594566224961,0.0481954300120272,0.139239454517188
2006,8,31,887,566,818,411,0.0003835877501163,0.0028176763533952,0.0224180675690753,0.0558798343590829,0.136907732087096
2006,9,23,642,326,533,223,0.0005458153652565,0.0040375152328043,0.0269381281633569,0.0687747743510721,0.166045016107865
2006,9,16,251,212,324,224,0.0004136810927086,0.0016111462126692,0.0161269625752017,0.0470340943490868,0.135020077107577
2006,9,39,893,538,857,447,0.0004825781372431,0.0028367361708928,0.021309046558591,0.0585440318407507,0.148899650226112
2006,10,20,645,363,542,222,0.0004746220567448,0.0040563821264156,0.029995523077603,0.0699360744808275,0.165300419623077
2006,10,4,249,184,347,229,0.0001034202731771,0.0015983083942416,0.0139969863860241,0.0503729343800405,0.138033918114442
2006,10,24,894,547,889,451,0.0002969711613803,0.0028399128071424,0.0216655175976752,0.0607300400308371,0.150232085574892
2006,11,20,653,354,494,200,0.0004746220567448,0.0041066938427122,0.0292518324227864,0.0637424737887985,0.148919296957727
2006,11,11,251,207,313,235,0.0002844057512371,0.0016111462126692,0.0157466096842771,0.0454372578125437,0.141650527322681
2006,11,31,904,561,807,435,0.0003835877501163,0.0028716791696384,0.0222200281029174,0.0551283940437407,0.144902344179774
2006,12,16,630,339,503,201,0.0003796976453958,0.0039620476583594,0.028012347998092,0.0649037739185539,0.149663893442515
2006,12,12,257,181,284,220,0.0003102608195314,0.0016496596679522,0.0137687746514694,0.0412274160343847,0.132609004302084
2006,12,28,887,520,787,421,0.0003464663549437,0.0028176763533952,0.0205961044804225,0.0537621389249368,0.140238820459045
2006,13,21,602,331,499,200,0.000498353159582,0.0037859566513212,0.027351289638255,0.0643876405275515,0.148919296957727
2006,13,17,252,220,291,239,0.0004395361610029,0.001617565121883,0.016735527200681,0.0422435847394576,0.144061600128173
2006,13,38,854,551,790,439,0.0004702043388522,0.0027128473571584,0.0218239491706016,0.0539670771927574,0.146234779528553
2006,14,27,606,309,477,229,0.0006407397766055,0.0038111125094695,0.0255333791487033,0.0615489068770382,0.170512595016597
2006,14,13,267,216,329,239,0.0003361158878257,0.0017138487600904,0.0164312448879413,0.0477599291384245,0.144061600128173
2006,14,40,873,525,806,468,0.0004949519356339,0.0027732034459008,0.0207941439465804,0.0550600812878005,0.155894935807205
2006,15,19,577,305,473,184,0.0004508909539075,0.0036287325378942,0.0252028499687849,0.0610327734860358,0.137005753201109
2006,15,19,263,186,328,250,0.0004912462975915,0.0016881731232351,0.0141491275423939,0.047614762180557,0.150692050343278
2006,15,38,840,491,801,434,0.0004702043388522,0.002668374449664,0.0194474755767067,0.0547185175080995,0.144569235342579
2006,16,17,611,324,465,188,0.0004034287482331,0.0038425573321549,0.0267728635733977,0.060000506704031,0.139984139140263
2006,16,12,250,218,275,205,0.0003102608195314,0.0016047273034554,0.0165833860443112,0.0399209134135767,0.123567481281488
2006,16,29,861,542,740,393,0.0003588401533346,0.0027350838109056,0.0214674781315173,0.0505514393957474,0.130911773017588
2006,17,16,567,316,444,177,0.0003796976453958,0.0035658428925234,0.0261118052135607,0.0572908064012683,0.131793577807588
2006,17,15,225,198,283,227,0.0003878260244143,0.0014442545731099,0.0150619744806129,0.0410822490765171,0.136828381711696
2006,17,31,792,514,727,404,0.0003835877501163,0.0025158959096832,0.020358457121033,0.0496633735685248,0.134575970226732
2006,18,23,629,307,461,183,0.0005458153652565,0.0039557586938223,0.0253681145587441,0.0594843733130286,0.13626115671632
2006,18,21,229,192,301,185,0.00054295643418,0.0014699302099651,0.0146055510115034,0.0436952543181331,0.111512117254025
2006,18,44,858,499,762,368,0.0005444471291973,0.0027255539021568,0.0197643387225593,0.0520543200264318,0.122584052087716
2006,19,19,619,331,474,209,0.0004508909539075,0.0038928690484515,0.027351289638255,0.0611618068337864,0.155620665320824
2006,19,10,246,214,291,235,0.0002585506829429,0.0015790516666001,0.0162791037315715,0.0422435847394576,0.141650527322681
2006,19,29,865,545,765,444,0.0003588401533346,0.002747790355904,0.0215863018112121,0.0522592582942524,0.147900323714527
2006,20,18,557,305,442,189,0.0004271598510703,0.0035029532471527,0.0252028499687849,0.0570327397057671,0.140728735625052
2006,20,13,249,188,256,206,0.0003361158878257,0.0015983083942416,0.0143012686987638,0.0371627412140932,0.124170249482861
2006,20,31,806,493,698,395,0.0003835877501163,0.0025603688171776,0.0195266913631698,0.047682303646259,0.131577990691978
2006,21,16,577,312,431,233,0.0003796976453958,0.0036287325378942,0.0257812760336422,0.0556133728805104,0.173490980955752
2006,21,17,240,205,281,182,0.0004395361610029,0.0015405382113172,0.0155944685279073,0.040791915160782,0.109703812649906
2006,21,33,817,517,712,415,0.000408335346898,0.0025953118159232,0.0204772808007278,0.0486386822294218,0.138240167435876
2006,22,22,561,276,435,205,0.0005220842624193,0.003528109105301,0.0228065134143758,0.0561295062715128,0.15264227938167
2006,22,12,251,197,276,200,0.0003102608195314,0.0016111462126692,0.014985903902428,0.0400660803714443,0.120553640274622
2006,22,34,812,473,711,405,0.0004207091452888,0.0025794286346752,0.0187345334985382,0.0485703694734816,0.134909079063927
2006,23,14,635,302,438,193,0.0003322354397213,0.0039934924810448,0.024954953083846,0.0565166063147647,0.143707121564206
2006,23,14,270,208,284,193,0.00036197095612,0.0017331054877318,0.015822680262462,0.0412274160343847,0.11633426286501
2006,23,28,905,510,722,386,0.0003464663549437,0.002874855805888,0.0202000255481067,0.0493218097888238,0.128580011157224
2006,24,18,583,321,466,185,0.0004271598510703,0.0036664663251167,0.0265249666884588,0.0601295400517816,0.137750349685897
2006,24,11,279,206,287,192,0.0002844057512371,0.0017908756706562,0.0156705391060922,0.0416629169079873,0.115731494663637
2006,24,29,862,527,753,377,0.0003588401533346,0.0027382604471552,0.0208733597330436,0.05143950522297,0.12558203162247
2006,25,21,614,305,478,169,0.000498353159582,0.0038614242257661,0.0252028499687849,0.0616779402247888,0.125836805929279
2006,25,14,214,199,306,194,0.00036197095612,0.0013736465717578,0.0151380450587978,0.0444210891074708,0.116937031066383
2006,25,35,828,504,784,363,0.0004330829436797,0.0026302548146688,0.0199623781887172,0.0535572006571162,0.120918507901742
2006,26,18,611,343,493,175,0.0004271598510703,0.0038425573321549,0.0283428771780105,0.0636134404410479,0.130304384838011
2006,26,15,271,193,302,216,0.0003878260244143,0.0017395243969457,0.0146816215896883,0.0438404212760006,0.130197931496592
2006,26,33,882,536,795,391,0.000408335346898,0.0028017931721472,0.0212298307721278,0.0543086409724583,0.130245555343199
2006,27,30,604,350,490,199,0.0007119330851172,0.0037985345803953,0.0289213032428679,0.0632263403977961,0.148174700472938
2006,27,13,265,221,329,201,0.0003361158878257,0.0017010109416627,0.0168115977788659,0.0477599291384245,0.121156408475995
2006,27,43,869,571,819,400,0.0005320733308065,0.0027604969009024,0.0226161070352332,0.0559481471150231,0.133243534877953
2006,28,20,580,268,453,194,0.0004746220567448,0.0036475994315055,0.0221454550545388,0.0584521065310237,0.144451718048995
2006,28,19,263,207,317,225,0.0004912462975915,0.0016881731232351,0.0157466096842771,0.0460179256440139,0.13562284530895
2006,28,39,843,475,770,419,0.0004825781372431,0.0026779043584128,0.0188137492850014,0.0526008220739534,0.139572602784655
2006,29,21,666,302,460,205,0.000498353159582,0.0041884503816942,0.024954953083846,0.0593553399652779,0.15264227938167
2006,29,17,250,204,285,208,0.0004395361610029,0.0016047273034554,0.0155183979497224,0.0413725829922522,0.125375785885607
2006,29,38,916,506,745,413,0.0004702043388522,0.0029097988046336,0.0200415939751804,0.0508930031754484,0.137573949761486
2006,30,16,648,299,470,172,0.0003796976453958,0.0040752490200268,0.0247070561989071,0.060645673442784,0.128070595383645
2006,30,13,229,189,319,200,0.0003361158878257,0.0014699302099651,0.0143773392769487,0.046308259559749,0.120553640274622
2006,30,29,877,488,789,372,0.0003588401533346,0.0027859099908992,0.0193286518970119,0.0538987644368172,0.123916487436496
2006,31,21,615,335,483,188,0.000498353159582,0.0038677131903032,0.0276818188181735,0.0623231069635418,0.139984139140263
2006,31,11,252,159,283,174,0.0002844057512371,0.001617565121883,0.0120952219314013,0.0410822490765171,0.104881667038921
2006,31,32,867,494,766,362,0.0003959615485071,0.0027541436284032,0.0195662992564014,0.0523275710501926,0.120585399064547
2006,32,31,616,303,451,164,0.0007356641879544,0.0038740021548403,0.0250375853788256,0.0581940398355225,0.122113823505336
2006,32,13,233,172,273,174,0.0003361158878257,0.0014956058468204,0.0130841394478051,0.0396305794978416,0.104881667038921
2006,32,44,849,475,724,338,0.0005444471291973,0.0026969641759104,0.0188137492850014,0.0494584353007042,0.11259078697187
2006,33,26,628,306,456,178,0.0006170086737682,0.0039494697292852,0.0252854822637645,0.0588392065742755,0.132538174292377
2006,33,12,260,215,304,187,0.0003102608195314,0.0016689163955936,0.0163551743097564,0.0441307551917357,0.112717653656772
2006,33,38,888,521,760,365,0.0004702043388522,0.0028208529896448,0.0206357123736541,0.0519176945145514,0.121584725576132
2006,34,17,607,314,445,185,0.0004034287482331,0.0038174014740066,0.0259465406236015,0.0574198397490189,0.137750349685897
2006,34,15,241,179,269,194,0.0003878260244143,0.001546957120531,0.0136166334950995,0.0390499116663714,0.116937031066383
2006,34,32,848,493,714,379,0.0003959615485071,0.0026937875396608,0.0195266913631698,0.0487753077413022,0.12624824929686
2006,35,24,632,282,466,192,0.0005695464680938,0.0039746255874335,0.0233023071842535,0.0601295400517816,0.142962525079418
2006,35,18,271,181,297,186,0.0004653912292972,0.0017395243969457,0.0137687746514694,0.0431145864866629,0.112114885455398
2006,35,42,903,463,763,378,0.0005196995324156,0.0028685025333888,0.0183384545662224,0.052122632782372,0.125915140459665
2006,36,18,604,304,435,185,0.0004271598510703,0.0037985345803953,0.0251202176738052,0.0561295062715128,0.137750349685897
2006,36,15,240,169,281,186,0.0003878260244143,0.0015405382113172,0.0128559277132504,0.040791915160782,0.112114885455398
2006,36,33,844,473,716,371,0.000408335346898,0.0026810809946624,0.0187345334985382,0.0489119332531826,0.123583378599301
2006,37,10,588,300,400,194,0.0002373110283724,0.0036979111478021,0.0247896884938867,0.0516133391002417,0.144451718048995
2006,37,13,238,170,263,201,0.0003361158878257,0.0015277003928895,0.0129319982914353,0.0381789099191661,0.121156408475995
2006,37,23,826,470,663,395,0.0002845973629895,0.0026239015421696,0.0186157098188434,0.0452913571883521,0.131577990691978
2006,38,16,580,305,458,187,0.0003796976453958,0.0036475994315055,0.0252028499687849,0.0590972732697767,0.139239542655475
2006,38,16,235,175,291,204,0.0004136810927086,0.0015084436652481,0.0133123511823599,0.0422435847394576,0.122964713080114
2006,38,32,815,480,749,391,0.0003959615485071,0.002588958543424,0.0190117887511593,0.0511662541992092,0.130245555343199
2006,39,19,555,319,422,207,0.0004508909539075,0.0034903753180785,0.0263597020984996,0.054452072750755,0.154131472351247
2006,39,20,246,203,314,193,0.0005171013658858,0.0015790516666001,0.0154423273715375,0.0455824247704112,0.11633426286501
2006,39,39,801,522,736,400,0.0004825781372431,0.0025444856359296,0.0206753202668857,0.0502781883719866,0.133243534877953
2006,40,26,609,349,457,228,0.0006170086737682,0.0038299794030807,0.0288386709478882,0.0589682399220261,0.169767998531809
2006,40,12,250,202,299,218,0.0003102608195314,0.0016047273034554,0.0153662567933525,0.043404920402398,0.131403467899338
2006,40,38,859,551,756,446,0.0004702043388522,0.0027287305384064,0.0218239491706016,0.0516444434907906,0.148566541388917
2006,41,26,620,306,482,221,0.0006170086737682,0.0038991580129886,0.0252854822637645,0.0621940736157912,0.164555823138288
2006,41,17,243,205,327,215,0.0004395361610029,0.0015597949389586,0.0155944685279073,0.0474695952226894,0.129595163295219
2006,41,43,863,511,809,436,0.0005320733308065,0.0027414370834048,0.0202396334413383,0.0552650195556211,0.145235453016968
2006,42,25,628,327,439,180,0.000593277570931,0.0039494697292852,0.0270207604583365,0.0566456396625153,0.134027367261954
2006,42,15,222,199,256,201,0.0003878260244143,0.0014249978454684,0.0151380450587978,0.0371627412140932,0.121156408475995
2006,42,40,850,526,695,381,0.0004949519356339,0.00270014081216,0.020833751839812,0.0474773653784384,0.12691446697125
2006,43,14,591,281,463,179,0.0003322354397213,0.0037167780414133,0.0232196748892739,0.0597424400085298,0.133282770777165
2006,43,7,281,200,268,194,0.00018098547806,0.0018037134890839,0.0152141156369827,0.0389047447085039,0.116937031066383
2006,43,21,872,481,731,373,0.0002598497662078,0.0027700268096512,0.0190513966443908,0.0499366245922856,0.124249596273691
2006,44,14,591,294,431,200,0.0003322354397213,0.0037167780414133,0.024293894724009,0.0556133728805104,0.148919296957727
2006,44,18,257,193,263,202,0.0004653912292972,0.0016496596679522,0.0146816215896883,0.0381789099191661,0.121759176677368
2006,44,32,848,487,694,402,0.0003959615485071,0.0026937875396608,0.0192890440037803,0.0474090526224982,0.133909752552342
2006,45,21,606,287,506,194,0.000498353159582,0.0038111125094695,0.0237154686591516,0.0652908739618057,0.144451718048995
2006,45,13,266,197,299,207,0.0003361158878257,0.0017074298508765,0.014985903902428,0.043404920402398,0.124773017684234
2006,45,34,872,484,805,401,0.0004207091452888,0.0027700268096512,0.0191702203240856,0.0549917685318603,0.133576643715148
2006,46,17,595,342,485,210,0.0004034287482331,0.0037419338995616,0.0282602448830309,0.0625811736590431,0.156365261805613
2006,46,13,226,198,270,212,0.0003361158878257,0.0014506734823237,0.0150619744806129,0.039195078624239,0.127786858691099
2006,46,30,821,540,755,422,0.0003712139517254,0.0026080183609216,0.0213882623450542,0.0515761307348504,0.14057192929624
2006,47,9,577,300,468,186,0.0002135799255351,0.0036287325378942,0.0247896884938867,0.0603876067472828,0.138494946170686
2006,47,11,259,189,271,214,0.0002844057512371,0.0016624974863798,0.0143773392769487,0.0393402455821065,0.128992395093846
2006,47,20,836,489,739,400,0.0002474759678169,0.0026556679046656,0.0193682597902435,0.0504831266398072,0.133243534877953
2006,48,22,588,304,460,195,0.0005220842624193,0.0036979111478021,0.0251202176738052,0.0593553399652779,0.145196314533784
2006,48,18,244,212,306,210,0.0004653912292972,0.0015662138481725,0.0161269625752017,0.0444210891074708,0.126581322288353
2006,48,40,832,516,766,405,0.0004949519356339,0.0026429613596672,0.0204376729074962,0.0523275710501926,0.134909079063927
2006,49,14,582,344,462,220,0.0003322354397213,0.0036601773605796,0.0284255094729901,0.0596134066607792,0.163811226653499
2006,49,19,269,210,295,223,0.0004912462975915,0.001726686578518,0.0159748214188319,0.0428242525709278,0.134417308906204
2006,49,33,851,554,757,443,0.000408335346898,0.0027033174484096,0.0219427728502963,0.0517127562467308,0.147567214877333
2006,50,15,591,333,446,205,0.0003559665425586,0.0037167780414133,0.0275165542282143,0.0575488730967695,0.15264227938167
2006,50,18,228,194,298,204,0.0004653912292972,0.0014635113007513,0.0147576921678732,0.0432597534445304,0.122964713080114
2006,50,33,819,527,744,409,0.000408335346898,0.0026016650884224,0.0208733597330436,0.0508246904195082,0.136241514412707
2006,51,22,627,354,564,217,0.0005220842624193,0.0039431807647481,0.0292518324227864,0.0727748081313408,0.161577437199134
2006,51,18,265,220,316,260,0.0004653912292972,0.0017010109416627,0.016735527200681,0.0458727586861463,0.156719732357009
2006,51,40,892,574,880,477,0.0004949519356339,0.0028335595346432,0.022734930714928,0.0601152252273753,0.158892915341959
2006,52,12,638,350,544,236,0.0002847732340469,0.004012359374656,0.0289213032428679,0.0701941411763287,0.175724770410118
2006,52,14,262,217,343,241,0.00036197095612,0.0016817542140213,0.0165073154661262,0.0497922665485702,0.14526713653092
2006,52,26,900,567,887,477,0.000321718758162,0.00285897262464,0.0224576754623069,0.0605934145189567,0.158892915341959
2007,1,15,606,368,524,245,0.0003660013425961,0.0037823308629786,0.0302090726409851,0.0659605012841556,0.163389018265841
2007,1,11,270,225,352,267,0.0002922690607785,0.0017157134161908,0.0166774302611516,0.0487715115965833,0.146775223903839
2007,1,26,876,593,876,512,0.0003307046164759,0.0027582940578335,0.0230981444121117,0.0577780146109638,0.154282070649973
2007,2,30,665,367,511,232,0.0007320026851923,0.004150577597163,0.0301269827696781,0.0643240766339762,0.15471939688847
2007,2,15,311,215,373,272,0.0003985487192435,0.0019762476756864,0.0159362111384337,0.0516811756406976,0.149523823602412
2007,2,45,976,582,884,504,0.0005723733746699,0.0030731678087277,0.022669679675968,0.0583056677124338,0.151871413296068
2007,3,18,631,319,526,223,0.0004392016111153,0.0039383676147517,0.0261866689469409,0.0662122589226447,0.14871735131952
2007,3,10,264,208,364,263,0.0002656991461623,0.0016775864513865,0.0154173577525313,0.0504341767646486,0.14457634414498
2007,3,28,895,527,890,486,0.0003561434331279,0.0028181200705034,0.0205273559952494,0.0587014075385363,0.14644743424978
2007,4,29,625,366,520,212,0.0007076025956859,0.0039009187943262,0.030044892898371,0.0654569860071773,0.14138151784636
2007,4,22,242,194,349,268,0.0005845381215571,0.0015377875804376,0.0143796509807263,0.0483558453045669,0.147324943843553
2007,4,51,867,560,869,480,0.0006486898246259,0.002729955420253,0.0218127502036806,0.0573163181471776,0.14463944123435
2007,5,15,657,378,553,258,0.0003660013425961,0.0041006458365957,0.0310299713540553,0.0696109870422482,0.172058639643212
2007,5,13,285,226,378,313,0.000345408890011,0.0018110308282014,0.0167515521734234,0.0523739527940582,0.172062341130717
2007,5,28,942,604,931,571,0.0003561434331279,0.0029661107334237,0.0235266091482555,0.06140562968357,0.172060668635029
2007,6,23,665,392,584,250,0.0005612020586474,0.004150577597163,0.0321792295523537,0.0735132304388299,0.166723488026368
2007,6,17,291,223,354,257,0.0004516885484759,0.0018491577930056,0.016529186436608,0.0490486224579275,0.141278024506691
2007,6,40,956,615,938,507,0.0005087763330399,0.0030101930585489,0.0239550738843992,0.0618673261473562,0.152775409803782
2007,7,18,638,342,537,245,0.0004392016111153,0.0039820579052481,0.0280747359870024,0.067596925934335,0.163389018265841
2007,7,18,265,257,341,255,0.0004782584630922,0.0016839409455206,0.0190493314538487,0.04724740185919,0.140178584627262
2007,7,36,903,599,878,500,0.0004578986997359,0.0028433099705749,0.0233318524500083,0.0579099278863313,0.150666084619115
2007,8,17,665,330,548,254,0.0004148015216089,0.004150577597163,0.0270896575313181,0.0689815929460253,0.16939106383479
2007,8,11,226,220,326,275,0.0002922690607785,0.001436115674293,0.0163068206997927,0.0451690703991084,0.151172983421557
2007,8,28,891,550,874,529,0.0003561434331279,0.0028055251204676,0.0214232368071863,0.0576461013355963,0.159404717527023
2007,9,17,686,379,520,241,0.0004148015216089,0.0042816484686524,0.0311120612253624,0.0654569860071773,0.160721442457419
2007,9,17,254,196,292,266,0.0004516885484759,0.0016140415100461,0.0145278948052698,0.0404581857562566,0.146225503964124
2007,9,34,940,575,812,507,0.0004324598830839,0.0029598132584058,0.022397020298422,0.0535567897992039,0.152775409803782
2007,10,20,559,349,527,223,0.0004880017901282,0.0034889817696453,0.0286493650861516,0.0663381377418893,0.14871735131952
2007,10,17,234,191,319,273,0.0004516885484759,0.0014869516273653,0.0141572852439109,0.0441991823844036,0.150073543542127
2007,10,37,793,540,846,496,0.0004706181080619,0.0024969488445913,0.021033723410692,0.0557993154804514,0.149460755942162
2007,11,25,640,324,537,249,0.0006100022376602,0.00399454084539,0.026597118303476,0.067596925934335,0.166056594074263
2007,11,10,254,232,326,246,0.0002656991461623,0.0016140415100461,0.0171962836470541,0.0451690703991084,0.135231105169829
2007,11,35,894,556,863,495,0.0004451792914099,0.0028149713329945,0.0216569448450828,0.0569205783210751,0.149159423772924
2007,12,20,601,345,504,222,0.0004880017901282,0.003751123512624,0.0283210056009235,0.0634429248992642,0.148050457367415
2007,12,22,262,196,334,277,0.0005845381215571,0.0016648774631184,0.0145278948052698,0.0462775138444853,0.152272423300986
2007,12,42,863,541,838,499,0.0005342151496919,0.0027173604702173,0.0210726747503414,0.0552716623789814,0.150364752449877
2007,13,24,606,317,498,252,0.0005856021481538,0.0037823308629786,0.0260224892043268,0.0626876519837967,0.168057275930579
2007,13,12,269,197,327,262,0.0003188389753948,0.0017093589220567,0.0146020167175416,0.0453076258297805,0.144026624205265
2007,13,36,875,514,825,514,0.0004578986997359,0.0027551453203246,0.0200209885798068,0.0544142260890926,0.15488473498845
2007,14,18,604,338,559,215,0.0004392016111153,0.0037698479228368,0.0277463765017743,0.0703662599577156,0.143382199702677
2007,14,9,244,233,359,223,0.0002391292315461,0.0015504965687057,0.0172704055593259,0.0497413996112881,0.12258754655639
2007,14,27,848,571,918,438,0.0003434240248019,0.0026701294075831,0.0222412149398243,0.0605481933936813,0.131983490126345
2007,15,20,581,350,471,206,0.0004880017901282,0.0036262941112056,0.0287314549574586,0.0592889238641933,0.137380154133727
2007,15,14,234,222,325,242,0.0003719788046272,0.0014869516273653,0.0164550645243362,0.0450305149684363,0.13303222541097
2007,15,34,815,572,796,448,0.0004324598830839,0.002566221069788,0.0222801662794737,0.0525014835962639,0.134996811818727
2007,16,18,597,340,492,241,0.0004392016111153,0.0037261576323403,0.0279105562443884,0.0619323790683293,0.160721442457419
2007,16,9,257,205,325,240,0.0002391292315461,0.0016331049924482,0.0151949920157159,0.0450305149684363,0.13193278553154
2007,16,27,854,545,817,481,0.0003434240248019,0.0026890218326368,0.0212284801089391,0.0538865729876227,0.144940773403588
2007,17,25,580,297,504,236,0.0006100022376602,0.0036200526411347,0.0243806917781863,0.0634429248992642,0.157386972696891
2007,17,12,255,200,285,249,0.0003188389753948,0.0016203960041802,0.014824382454357,0.0394882977415518,0.136880264988973
2007,17,37,835,497,789,485,0.0004706181080619,0.0026291958199669,0.0193588158057665,0.0520397871324777,0.146146102080541
2007,18,16,582,307,471,219,0.0003904014321025,0.0036325355812765,0.0252015904912566,0.0592889238641933,0.146049775511098
2007,18,15,237,203,327,240,0.0003985487192435,0.0015060151097674,0.0150467481911723,0.0453076258297805,0.13193278553154
2007,18,31,819,510,798,459,0.0003943016581059,0.0025788160198238,0.0198651832212091,0.0526333968716314,0.138311465680347
2007,19,18,595,312,471,256,0.0004392016111153,0.0037136746921985,0.0256120398477917,0.0592889238641933,0.170724851739001
2007,19,15,266,174,320,240,0.0003985487192435,0.0016902954396546,0.0128972127352906,0.0443377378150757,0.13193278553154
2007,19,33,861,486,791,496,0.0004197404747579,0.0027110629951994,0.0189303510696228,0.0521717004078452,0.149460755942162
2007,20,28,587,274,464,207,0.0006832025061794,0.0036637429316311,0.0224926247381248,0.0584077721294813,0.138047048085833
2007,20,13,245,210,307,212,0.000345408890011,0.0015568510628398,0.0155656015770748,0.0425365172163383,0.116540627219527
2007,20,41,832,484,771,419,0.0005214957413659,0.00261974960744,0.0188524483903239,0.0508525676541702,0.126258178910818
2007,21,14,557,297,501,215,0.0003416012530897,0.0034764988295035,0.0243806917781863,0.0630652884415304,0.143382199702677
2007,21,7,256,192,293,245,0.0001859894023136,0.0016267504983142,0.0142314071561827,0.0405967411869287,0.134681385230114
2007,21,21,813,489,794,460,0.0002671075748459,0.0025599235947701,0.0190472050885711,0.0523695703208964,0.138612797849586
2007,22,16,543,268,466,192,0.0003904014321025,0.0033891182485106,0.0220000855102826,0.0586595297679704,0.128043638804251
2007,22,14,248,212,326,235,0.0003719788046272,0.0015759145452419,0.0157138454016184,0.0451690703991084,0.129184185832967
2007,22,30,791,480,792,427,0.0003815822497799,0.0024906513695734,0.0186966430317262,0.0522376570455289,0.128668836264724
2007,23,23,536,280,479,207,0.0005612020586474,0.0033454279580141,0.0229851639659669,0.0602959544181499,0.138047048085833
2007,23,12,240,174,309,252,0.0003188389753948,0.0015250785921696,0.0128972127352906,0.0428136280776825,0.138529424808117
2007,23,35,776,454,788,459,0.0004451792914099,0.0024434203069393,0.017683908200841,0.0519738304947939,0.138311465680347
2007,24,16,576,297,454,196,0.0003904014321025,0.003595086760851,0.0243806917781863,0.0571489839370356,0.130711214612673
2007,24,12,216,185,287,255,0.0003188389753948,0.0013725707329526,0.0137125537702802,0.039765408602896,0.140178584627262
2007,24,28,792,482,741,451,0.0003561434331279,0.0024938001070823,0.018774545711025,0.0488738685236578,0.135900808326441
2007,25,16,570,307,483,233,0.0003904014321025,0.0035576379404255,0.0252015904912566,0.0607994696951282,0.155386290840575
2007,25,16,263,174,296,227,0.0004251186338597,0.0016712319572525,0.0128972127352906,0.041012407478945,0.124786426315249
2007,25,32,833,481,779,460,0.0004070210664319,0.002622898344949,0.0187355943713756,0.0513802207556402,0.138612797849586
2007,26,14,557,286,452,176,0.0003416012530897,0.0034764988295035,0.0234777031938091,0.0568972262985464,0.117373335570563
2007,26,12,207,182,300,195,0.0003188389753948,0.0013153802857462,0.0134901880334648,0.0415666292016335,0.107195388244377
2007,26,26,764,468,752,371,0.0003307046164759,0.002405635456832,0.018229226955933,0.049599391538179,0.111794234787383
2007,27,23,602,317,490,214,0.0005612020586474,0.003757364982695,0.0260224892043268,0.0616806214298402,0.142715305750571
2007,27,18,228,225,328,226,0.0004782584630922,0.0014488246625611,0.0166774302611516,0.0454461812604526,0.124236706375534
2007,27,41,830,542,818,440,0.0005214957413659,0.0026134521324222,0.0211116260899908,0.0539525296253064,0.132586154464821
2007,28,19,575,313,469,206,0.0004636017006217,0.0035888452907801,0.0256941297190987,0.0590371662257042,0.137380154133727
2007,28,13,227,208,304,249,0.000345408890011,0.001442470168427,0.0154173577525313,0.0421208509243219,0.136880264988973
2007,28,32,802,521,773,455,0.0004070210664319,0.0025252874821718,0.0202936479573528,0.0509844809295377,0.137106137003394
2007,29,13,607,328,486,227,0.0003172011635833,0.0037885723330496,0.0269254777887041,0.0611771061528619,0.151384927127942
2007,29,10,242,226,281,234,0.0002656991461623,0.0015377875804376,0.0167515521734234,0.0389340760188634,0.128634465893252
2007,29,23,849,554,767,461,0.0002925463914979,0.0026732781450921,0.021579042165784,0.0505887411034352,0.138914130018824
2007,30,22,606,340,487,199,0.000536801969141,0.0037823308629786,0.0279105562443884,0.0613029849721064,0.132711896468989
2007,30,18,235,189,311,263,0.0004782584630922,0.0014933061214994,0.0140090414193673,0.0430907389390267,0.14457634414498
2007,30,40,841,529,798,462,0.0005087763330399,0.0026480882450205,0.0206052586745482,0.0526333968716314,0.139215462188062
2007,31,18,555,328,448,215,0.0004392016111153,0.0034640158893616,0.0269254777887041,0.0563937110215681,0.143382199702677
2007,31,21,236,198,294,214,0.0005579682069409,0.0014996606156334,0.0146761386298134,0.0407352966176008,0.117640067098957
2007,31,39,791,526,742,429,0.0004960569247139,0.0024906513695734,0.0204884046555999,0.0489398251613415,0.1292715006032
2007,32,24,562,355,488,199,0.0005856021481538,0.0035077061798581,0.0291419043139938,0.061428863791351,0.132711896468989
2007,32,15,222,203,294,243,0.0003985487192435,0.0014106976977568,0.0150467481911723,0.0407352966176008,0.133581945350685
2007,32,39,784,558,782,442,0.0004960569247139,0.0024686102070108,0.0217348475243817,0.0515780906686915,0.133188818803297
2007,33,14,565,299,486,195,0.0003416012530897,0.0035264305900708,0.0245448715208004,0.0611771061528619,0.130044320660567
2007,33,15,250,185,274,209,0.0003985487192435,0.00158862353351,0.0137125537702802,0.0379641880041586,0.114891467400383
2007,33,29,815,484,760,404,0.0003688628414539,0.002566221069788,0.0188524483903239,0.050127044639649,0.121738196372245
2007,34,21,546,301,455,225,0.0005124018796346,0.0034078426587233,0.0247090512634144,0.0572748627562802,0.150051139223731
2007,34,11,258,222,284,238,0.0002922690607785,0.0016394594865823,0.0164550645243362,0.0393497423108797,0.130833345652111
2007,34,32,804,523,739,463,0.0004070210664319,0.0025315849571897,0.0203715506366517,0.0487419552482903,0.1395167943573
2007,35,15,560,305,466,199,0.0003660013425961,0.0034952232397162,0.0250374107486425,0.0586595297679704,0.132711896468989
2007,35,16,241,186,274,242,0.0004251186338597,0.0015314330863036,0.013786675682552,0.0379641880041586,0.13303222541097
2007,35,31,801,491,740,441,0.0003943016581059,0.0025221387446628,0.0191251077678699,0.048807911885974,0.132887486634059
2007,36,13,575,311,471,192,0.0003172011635833,0.0035888452907801,0.0255299499764847,0.0592889238641933,0.128043638804251
2007,36,10,230,194,271,217,0.0002656991461623,0.0014615336508292,0.0143796509807263,0.0375485217121422,0.119289226918101
2007,36,23,805,505,742,409,0.0002925463914979,0.0025347336946986,0.0196704265229619,0.0489398251613415,0.123244857218436
2007,37,12,602,287,458,227,0.0002928010740769,0.003757364982695,0.0235597930651161,0.0576524992140139,0.151384927127942
2007,37,13,257,177,310,215,0.000345408890011,0.0016331049924482,0.0131195784721059,0.0429521835083546,0.118189787038672
2007,37,25,859,464,768,442,0.0003179852081499,0.0027047655201815,0.0180734215973353,0.050654697741119,0.133188818803297
2007,38,15,618,304,497,223,0.0003660013425961,0.0038572285038297,0.0249553208773355,0.0625617731645522,0.14871735131952
2007,38,14,235,202,308,245,0.0003719788046272,0.0014933061214994,0.0149726262789005,0.0426750726470104,0.134681385230114
2007,38,29,853,506,805,468,0.0003688628414539,0.0026858730951278,0.0197093778626114,0.0530950933354177,0.141023455203491
2007,39,17,621,326,467,204,0.0004148015216089,0.0038759529140425,0.02676129804609,0.058785408587215,0.136046366229516
2007,39,21,254,227,294,234,0.0005579682069409,0.0016140415100461,0.0168256740856952,0.0407352966176008,0.128634465893252
2007,39,38,875,553,761,438,0.0004833375163879,0.0027551453203246,0.0215400908261345,0.0501930012773327,0.131983490126345
2007,40,20,572,303,504,208,0.0004880017901282,0.0035701208805673,0.0248732310060285,0.0634429248992642,0.138713942037938
2007,40,9,254,162,293,200,0.0002391292315461,0.0016140415100461,0.0120077497880292,0.0405967411869287,0.10994398794295
2007,40,29,826,465,797,408,0.0003688628414539,0.0026008571823864,0.0181123729369847,0.0525674402339477,0.122943525049198
2007,41,21,599,274,447,210,0.0005124018796346,0.0037386405724822,0.0224926247381248,0.0562678322023236,0.140047729942149
2007,41,12,241,203,300,219,0.0003188389753948,0.0015314330863036,0.0150467481911723,0.0415666292016335,0.120388666797531
2007,41,33,840,477,747,429,0.0004197404747579,0.0026449395075116,0.0185797890127779,0.0492696083497602,0.1292715006032
2007,42,23,622,302,497,228,0.0005612020586474,0.0038821943841134,0.0247911411347215,0.0625617731645522,0.152051821080048
2007,42,19,246,191,319,228,0.0005048283777084,0.0015632055569738,0.0141572852439109,0.0441991823844036,0.125336146254963
2007,42,42,868,493,816,456,0.0005342151496919,0.002733104157762,0.0192030104471688,0.0538206163499389,0.137407469172633
2007,43,9,624,292,467,226,0.0002196008055576,0.0038946773242552,0.0239702424216512,0.058785408587215,0.150718033175837
2007,43,12,242,216,329,267,0.0003188389753948,0.0015377875804376,0.0160103330507055,0.0455847366911247,0.146775223903839
2007,43,21,866,508,796,493,0.0002671075748459,0.0027268066827441,0.0197872805419102,0.0525014835962639,0.148556759434447
2007,44,24,619,323,465,205,0.0005856021481538,0.0038634699739006,0.026515028432169,0.0585336509487259,0.136713260181622
2007,44,10,248,209,263,206,0.0002656991461623,0.0015759145452419,0.015491479664803,0.0364400782667653,0.113242307581239
2007,44,34,867,532,728,411,0.0004324598830839,0.002729955420253,0.0207221126934965,0.048016432233769,0.123847521556912
2007,45,17,581,321,503,209,0.0004148015216089,0.0036262941112056,0.0263508486895549,0.0633170460800196,0.139380835990044
2007,45,12,268,199,325,238,0.0003188389753948,0.0017030044279227,0.0147502605420852,0.0450305149684363,0.130833345652111
2007,45,29,849,520,828,447,0.0003688628414539,0.0026732781450921,0.0202546966177034,0.0546120960021439,0.134695479649489
2007,46,19,626,314,477,235,0.0004636017006217,0.0039071602643971,0.0257762195904057,0.0600441967796607,0.156720078744786
2007,46,10,242,201,309,245,0.0002656991461623,0.0015377875804376,0.0148985043666288,0.0428136280776825,0.134681385230114
2007,46,29,868,515,786,480,0.0003688628414539,0.002733104157762,0.0200599399194562,0.0518419172194265,0.14463944123435
2007,47,14,617,320,458,223,0.0003416012530897,0.0038509870337588,0.0262687588182479,0.0576524992140139,0.14871735131952
2007,47,12,279,192,307,270,0.0003188389753948,0.0017729038633971,0.0142314071561827,0.0425365172163383,0.148424383722983
2007,47,26,896,512,765,493,0.0003307046164759,0.0028212688080124,0.0199430859005079,0.0504568278280677,0.148556759434447
2007,48,14,611,303,487,262,0.0003416012530897,0.0038135382133332,0.0248732310060285,0.0613029849721064,0.174726215451634
2007,48,11,282,219,338,236,0.0002922690607785,0.0017919673457992,0.0162326987875209,0.0468317355671737,0.129733905772681
2007,48,25,893,522,825,498,0.0003179852081499,0.0028118225954855,0.0203325992970022,0.0544142260890926,0.150063420280638
2007,49,13,622,364,519,242,0.0003172011635833,0.0038821943841134,0.029880713155757,0.0653311071879328,0.161388336409524
2007,49,10,227,198,318,281,0.0002656991461623,0.001442470168427,0.0146761386298134,0.0440606269537315,0.154471303059845
2007,49,23,849,562,837,523,0.0002925463914979,0.0026732781450921,0.0218906528829794,0.0552057057412976,0.157596724511594
2007,50,14,593,318,536,236,0.0003416012530897,0.0037011917520567,0.0261045790756338,0.0674710471150905,0.157386972696891
2007,50,11,259,216,348,278,0.0002922690607785,0.0016458139807163,0.0160103330507055,0.0482172898738948,0.152822143240701
2007,50,25,852,534,884,514,0.0003179852081499,0.0026827243576189,0.0208000153727954,0.0583056677124338,0.15488473498845
2007,51,15,635,312,496,238,0.0003660013425961,0.0039633334950354,0.0256120398477917,0.0624358943453076,0.158720760601102
2007,51,14,237,197,336,267,0.0003719788046272,0.0015060151097674,0.0146020167175416,0.0465546247058295,0.146775223903839
2007,51,29,872,509,832,505,0.0003688628414539,0.0027456991077977,0.0198262318815596,0.0548759225528789,0.152172745465306
2007,52,21,598,320,481,224,0.0005124018796346,0.0037323991024113,0.0262687588182479,0.060547712056639,0.149384245271626
2007,52,14,242,220,344,252,0.0003719788046272,0.0015377875804376,0.0163068206997927,0.0476630681512064,0.138529424808117
2007,52,35,840,540,825,476,0.0004451792914099,0.0026449395075116,0.021033723410692,0.0544142260890926,0.143434112557397
2008,1,28,654,350,522,276,0.0007037751434807,0.0040518144188312,0.028400662270154,0.0649007422201488,0.167515162191996
2008,1,25,250,219,353,291,0.0006845093843138,0.0015730573360836,0.0158547658157252,0.0468403040912894,0.148265273277057
2008,1,53,904,569,875,567,0.0006945541656054,0.0028220425553679,0.0217702898026721,0.0561642831203246,0.157050210267188
2008,2,16,584,352,554,259,0.0004021572248461,0.0036181339764487,0.0285629517688406,0.0688793317815373,0.157197199303358
2008,2,15,253,230,354,294,0.0004107056305883,0.0015919340241167,0.0166511239160585,0.0469729961708681,0.149793781248986
2008,2,31,837,582,908,553,0.0004062486629013,0.0026128867465077,0.0222676777946487,0.0582824789408626,0.153172427297628
2008,3,21,650,306,507,226,0.0005278313576105,0.0040270326792665,0.0248302932990489,0.063035778363248,0.137168212519533
2008,3,13,262,196,346,245,0.0003559448798432,0.0016485640882157,0.0141896534241194,0.0459114595342383,0.124828151040822
2008,3,34,912,502,853,471,0.0004455630496337,0.0028470163832915,0.0192068286132537,0.0547521525732993,0.130459698475918
2008,4,15,612,331,515,246,0.0003770223982932,0.0037916061534017,0.0268589120326313,0.0640304257535951,0.149306992388518
2008,4,12,274,234,325,285,0.0003285645044706,0.0017240708403477,0.016940708679816,0.0431249258630851,0.145208257333201
2008,4,27,886,565,840,531,0.0003538294805914,0.0027658514425398,0.0216172473436023,0.0539177117955116,0.147078768345462
2008,5,13,659,313,536,280,0.0003267527451874,0.0040827915932871,0.025398306544452,0.0666413751532563,0.169942918165793
2008,5,18,240,190,337,289,0.0004928467567059,0.0015101350426403,0.0137552762784831,0.0447172308180298,0.147246267962439
2008,5,31,899,503,873,569,0.0004062486629013,0.0028064339129157,0.0192450892280212,0.0560359076160496,0.15760417926284
2008,6,23,710,404,591,295,0.0005781010107163,0.0043987587727373,0.032782478734692,0.0734795759618927,0.179047003067532
2008,6,19,260,244,376,317,0.0005202271320785,0.001635979629527,0.0176646705892099,0.0498922219216,0.161512342367104
2008,6,42,970,648,967,612,0.0005504014142534,0.0030280766357377,0.0247928783692996,0.0620695563169759,0.169514512669346
2008,7,19,806,386,690,401,0.0004775617045047,0.0049935205222905,0.0313218732465127,0.0857883374174381,0.243382536373154
2008,7,18,281,221,465,323,0.0004928467567059,0.001768116445758,0.015999558197604,0.0617018170041064,0.164569358310961
2008,7,37,1087,607,1155,724,0.000484877436366,0.0033933188691205,0.0232241931638347,0.0741368537188285,0.200536776425828
2008,8,21,694,361,684,305,0.0005278313576105,0.0042996318144784,0.0292932545129302,0.0850423518746778,0.185116393002024
2008,8,27,271,211,390,350,0.0007392701350589,0.0017051941523147,0.0152755962882102,0.0517499110357021,0.178325930058317
2008,8,48,965,572,1074,655,0.0006290301877181,0.0030124679932854,0.0218850716469744,0.0689376457956899,0.181424846075853
2008,9,17,650,358,568,285,0.000427292051399,0.0040270326792665,0.0290498202649004,0.0706199647146447,0.172977613133039
2008,9,19,258,227,407,327,0.0005202271320785,0.0016233951708383,0.0164339353432403,0.0540056763885404,0.166607368940199
2008,9,36,908,585,975,612,0.0004717726407886,0.0028345294693297,0.0223824596389511,0.062583058334076,0.169514512669346
2008,10,16,721,348,553,313,0.0004021572248461,0.0044669085565402,0.0282383727714674,0.0687550008577439,0.189971904949619
2008,10,15,255,234,354,320,0.0004107056305883,0.0016045184828053,0.016940708679816,0.0469729961708681,0.163040850339032
2008,10,31,976,582,907,633,0.0004062486629013,0.0030468070066804,0.0222676777946487,0.0582182911887251,0.175331187123687
2008,11,13,647,348,494,280,0.0003267527451874,0.004008446374593,0.0282383727714674,0.061419476353934,0.169942918165793
2008,11,17,252,237,389,288,0.0004654663813334,0.0015856417947723,0.0171578972526342,0.0516172189561234,0.146736765305129
2008,11,30,899,585,883,568,0.0003931438673238,0.0028064339129157,0.0223824596389511,0.0566777851374247,0.157327194765014
2008,12,16,602,313,548,276,0.0004021572248461,0.0037296518044899,0.025398306544452,0.068133346238777,0.167515162191996
2008,12,17,232,180,334,270,0.0004654663813334,0.0014597972078856,0.0130313143690892,0.0443191545792936,0.137565717473559
2008,12,33,834,493,882,546,0.0004324582540562,0.0026035215610363,0.0188624830803468,0.0566135973852872,0.151233535812848
2008,13,11,646,332,508,240,0.0002764830920817,0.0040022509397018,0.0269400567819746,0.0631601092870414,0.145665358427823
2008,13,16,221,175,342,264,0.0004380860059608,0.0013905826850979,0.0126693334143923,0.0453806912159234,0.134508701529702
2008,13,27,867,507,850,504,0.0003538294805914,0.0027065386012212,0.0193981316870909,0.0545595893168868,0.139600186904168
2008,14,22,594,338,536,233,0.0005529661841634,0.0036800883253605,0.0274269252780344,0.0666413751532563,0.141416785473678
2008,14,15,237,226,337,295,0.0004107056305883,0.0014912583546073,0.0163615391523009,0.0447172308180298,0.150303283906295
2008,14,37,831,564,873,528,0.000484877436366,0.002594156375565,0.0215789867288349,0.0560359076160496,0.146247814851985
2008,15,13,602,338,469,255,0.0003267527451874,0.0037296518044899,0.0274269252780344,0.0583112032590993,0.154769443329561
2008,15,6,229,215,354,309,0.0001642822522353,0.0014409205198526,0.0155651810519677,0.0469729961708681,0.157436321108628
2008,15,19,831,553,823,564,0.0002489911159717,0.002594156375565,0.0211581199663931,0.0528265200091739,0.156219256773711
2008,16,17,602,321,509,240,0.000427292051399,0.0037296518044899,0.0260474645391984,0.0632844402108348,0.145665358427823
2008,16,14,227,205,306,219,0.0003833252552157,0.0014283360611639,0.0148412191425739,0.0406037763510894,0.111581081950775
2008,16,31,829,526,815,459,0.0004062486629013,0.0025879129185841,0.0201250833676722,0.0523130179920738,0.12713588450201
2008,17,26,596,303,444,238,0.0006535054903749,0.0036924791951428,0.024586859051019,0.0552029301642645,0.144451480440924
2008,17,8,253,203,307,273,0.0002190430029804,0.0015919340241167,0.0146964267606951,0.0407364684306681,0.139094225445487
2008,17,34,849,506,751,511,0.0004455630496337,0.0026503474883931,0.0193598710723235,0.0482050018552729,0.141539078388948
2008,18,16,592,336,497,233,0.0004021572248461,0.0036676974555781,0.0272646357793478,0.0617924691253141,0.141416785473678
2008,18,11,228,185,341,254,0.0003011841290981,0.0014346282905083,0.0133932953237862,0.0452479991363447,0.129413674956607
2008,18,27,820,521,838,487,0.0003538294805914,0.00255981736217,0.019933780293835,0.0537893362912366,0.13489145044113
2008,19,17,577,317,459,240,0.000427292051399,0.0035747659322104,0.0257228855418252,0.0570678940211654,0.145665358427823
2008,19,14,264,177,318,232,0.0003833252552157,0.0016611485469043,0.0128141257962711,0.042196081306034,0.118204616495798
2008,19,31,841,494,777,472,0.0004062486629013,0.0026253736604695,0.0189007436951142,0.0498738834108483,0.130736682973744
2008,20,13,592,281,481,242,0.0003267527451874,0.0036676974555781,0.0228016745654665,0.0598031743446199,0.146879236414721
2008,20,13,243,211,312,258,0.0003559448798432,0.0015290117306733,0.0152755962882102,0.0413999288285617,0.131451685585845
2008,20,26,835,492,793,500,0.000340724685014,0.0026066432895268,0.0188242224655794,0.0509008874450485,0.138492248912865
2008,21,14,574,307,458,243,0.0003518875717403,0.0035561796275369,0.0249114380483922,0.056943563097372,0.14748617540817
2008,21,17,259,168,306,250,0.0004654663813334,0.0016296874001827,0.0121625600778166,0.0406037763510894,0.127375664327369
2008,21,31,833,475,764,493,0.0004062486629013,0.0026003998325459,0.0181737920145329,0.0490394426330606,0.136553357428085
2008,22,22,609,294,509,220,0.0005529661841634,0.0037730198487281,0.0238565563069293,0.0632844402108348,0.133526578558837
2008,22,16,218,206,323,260,0.0004380860059608,0.0013717059970649,0.0149136153335132,0.0428595417039277,0.132470690900464
2008,22,38,827,500,832,480,0.0004979822319435,0.0025816694616032,0.0191303073837189,0.0534042097784115,0.13295255895635
2008,23,8,561,288,457,222,0.000201078612423,0.0034756389739515,0.0233696878108696,0.0568192321735786,0.134740456545736
2008,23,9,221,182,289,227,0.0002464233783529,0.0013905826850979,0.013176106750968,0.0383480109982511,0.115657103209251
2008,23,17,782,470,746,449,0.0002227815248168,0.0024411916795329,0.0179824889406957,0.0478840630945853,0.124366039523752
2008,24,20,540,300,472,198,0.0005026965310576,0.0033455348412368,0.0243434248029891,0.0586841960304794,0.120173920702954
2008,24,9,237,179,293,237,0.0002464233783529,0.0014912583546073,0.0129589181781499,0.038878779316566,0.120752129782346
2008,24,29,777,479,765,435,0.0003800390717464,0.0024255830370806,0.0183268344736027,0.0491036303851981,0.120488256554192
2008,25,16,588,311,453,207,0.0004021572248461,0.0036429157160134,0.0252360170457654,0.056321908478405,0.125636371643997
2008,25,13,256,212,294,233,0.0003559448798432,0.0016108107121497,0.0153479924791495,0.0390114713961447,0.118714119153108
2008,25,29,844,523,747,440,0.0003800390717464,0.0026347388459408,0.0200103015233699,0.0479482508467228,0.121873179043321
2008,26,22,589,272,491,215,0.0005529661841634,0.0036491111509046,0.0220713718213768,0.0610464835825538,0.130491883591591
2008,26,16,248,199,329,268,0.0004380860059608,0.001560472877395,0.0144068419969375,0.0436556941814,0.13654671215894
2008,26,38,837,471,820,483,0.0004979822319435,0.0026128867465077,0.0180207495554632,0.0526339567527614,0.133783512449827
2008,27,20,611,342,489,225,0.0005026965310576,0.0037854107185105,0.0277515042754076,0.060797821734967,0.136561273526084
2008,27,13,251,178,320,269,0.0003559448798432,0.001579349565428,0.0128865219872105,0.0424614654651915,0.137056214816249
2008,27,33,862,520,809,494,0.0004324582540562,0.002690929958769,0.0198955196790676,0.0519278914792487,0.13683034192591
2008,28,19,555,275,445,218,0.0004775617045047,0.0034384663646045,0.0223148060694067,0.0553272610880579,0.132312700571939
2008,28,15,251,195,258,249,0.0004107056305883,0.001579349565428,0.01411725723318,0.0342345565313106,0.126866161670059
2008,28,34,806,470,703,467,0.0004455630496337,0.0025161131633037,0.0179824889406957,0.0451239897526722,0.129351760484616
2008,29,12,535,295,438,200,0.0003016179186346,0.0033145576667809,0.0239377010562726,0.0544569446215042,0.121387798689852
2008,29,13,251,195,291,237,0.0003559448798432,0.001579349565428,0.01411725723318,0.0386133951574085,0.120752129782346
2008,29,25,786,490,729,437,0.0003276198894365,0.0024536785934947,0.0187477012360445,0.0467928713082476,0.121042225549844
2008,30,22,581,316,480,254,0.0005529661841634,0.0035995476717751,0.0256417407924819,0.0596788434208265,0.154162504336112
2008,30,17,239,198,318,251,0.0004654663813334,0.001503842813296,0.0143344458059982,0.042196081306034,0.127885166984678
2008,30,39,820,514,798,505,0.000511087027521,0.00255981736217,0.019665955990463,0.0512218262057361,0.139877171401993
2008,31,19,550,309,440,217,0.0004775617045047,0.0034074891901486,0.0250737275470788,0.054705606469091,0.13170576157849
2008,31,10,243,160,295,266,0.0002738037537255,0.0015290117306733,0.0115833905503015,0.0391441634757234,0.135527706844321
2008,31,29,793,469,735,483,0.0003800390717464,0.0024755306929278,0.0179442283259283,0.0471779978210727,0.133783512449827
2008,32,16,567,289,475,227,0.0004021572248461,0.0035128115832986,0.0234508325602129,0.0590571888018596,0.137775151512982
2008,32,7,227,199,277,246,0.0001916626276078,0.0014283360611639,0.0144068419969375,0.0367557060433064,0.125337653698131
2008,32,23,794,488,752,473,0.0003014102982816,0.0024786524214183,0.0186711800065096,0.0482691896074104,0.13101366747157
2008,33,21,569,327,441,189,0.0005278313576105,0.003525202453081,0.0265343330352581,0.0548299373928844,0.11471146976191
2008,33,12,243,231,274,227,0.0003285645044706,0.0015290117306733,0.0167235201069979,0.0363576298045702,0.115657103209251
2008,33,33,812,558,715,416,0.0004324582540562,0.0025348435342464,0.0213494230402302,0.0458942427783224,0.115225551095503
2008,34,18,569,309,479,227,0.0004524268779519,0.003525202453081,0.0250737275470788,0.0595545124970331,0.137775151512982
2008,34,14,266,189,306,238,0.0003833252552157,0.001673733005593,0.0136828800875437,0.0406037763510894,0.121261632439655
2008,34,32,835,498,785,465,0.0004193534584787,0.0026066432895268,0.019053786154184,0.0503873854279484,0.128797791488964
2008,35,15,604,277,448,214,0.0003770223982932,0.0037420426742722,0.0224770955680933,0.0557002538594381,0.129884944598142
2008,35,9,213,194,313,217,0.0002464233783529,0.0013402448503433,0.0140448610422406,0.0415326209081404,0.110562076636156
2008,35,24,817,471,761,431,0.000314515093859,0.0025504521766987,0.0180207495554632,0.048846879376648,0.119380318562889
2008,36,20,606,296,477,216,0.0005026965310576,0.0037544335440546,0.0240188458056159,0.0593058506494464,0.13109882258504
2008,36,15,262,210,313,235,0.0004107056305883,0.0016485640882157,0.0152032000972708,0.0415326209081404,0.119733124467727
2008,36,35,868,506,790,451,0.0004586678452111,0.0027096603297117,0.0193598710723235,0.0507083241886359,0.124920008519404
2008,37,16,569,286,448,211,0.0004021572248461,0.003525202453081,0.023207398312183,0.0557002538594381,0.128064127617794
2008,37,10,249,187,327,211,0.0002738037537255,0.0015667651067393,0.0135380877056649,0.0433903100222425,0.107505060692299
2008,37,26,818,473,775,422,0.000340724685014,0.0025535739051891,0.018097270784998,0.0497455079065732,0.116887458082458
2008,38,19,574,300,437,230,0.0004775617045047,0.0035561796275369,0.0243434248029891,0.0543326136977108,0.13959596849333
2008,38,12,259,163,292,222,0.0003285645044706,0.0016296874001827,0.0118005791231197,0.0387460872369872,0.113109589922704
2008,38,31,833,463,729,452,0.0004062486629013,0.0026003998325459,0.0177146646373237,0.0467928713082476,0.12519699301723
2008,39,17,594,277,476,200,0.000427292051399,0.0036800883253605,0.0224770955680933,0.059181519725653,0.121387798689852
2008,39,16,236,188,290,227,0.0004380860059608,0.001484966125263,0.0136104838966043,0.0384807030778298,0.115657103209251
2008,39,33,830,465,766,427,0.0004324582540562,0.0025910346470745,0.0177911858668585,0.0491678181373356,0.118272380571586
2008,40,16,554,308,458,233,0.0004021572248461,0.0034322709297133,0.0249925827977355,0.056943563097372,0.141416785473678
2008,40,9,221,163,273,248,0.0002464233783529,0.0013905826850979,0.0118005791231197,0.0362249377249915,0.12635665901275
2008,40,25,775,471,731,481,0.0003276198894365,0.0024193395800997,0.0180207495554632,0.0469212468125226,0.133229543454176
2008,41,12,636,309,437,210,0.0003016179186346,0.00394029659079,0.0250737275470788,0.0543326136977108,0.127457188624345
2008,41,14,224,199,290,214,0.0003833252552157,0.0014094593731309,0.0144068419969375,0.0384807030778298,0.109033568664228
2008,41,26,860,508,727,424,0.000340724685014,0.0026846865017881,0.0194363923018584,0.0466644958039726,0.117441427078109
2008,42,22,582,321,479,243,0.0005529661841634,0.0036057431066663,0.0260474645391984,0.0595545124970331,0.14748617540817
2008,42,15,268,207,293,260,0.0004107056305883,0.0016863174642817,0.0149860115244526,0.038878779316566,0.132470690900464
2008,42,37,850,528,772,503,0.000484877436366,0.0026534692168835,0.0202016045972071,0.0495529446501607,0.139323202406342
2008,43,15,564,288,466,278,0.0003770223982932,0.0034942252786251,0.0233696878108696,0.0579382104877191,0.168729040178894
2008,43,11,241,192,319,257,0.0003011841290981,0.0015164272719846,0.0139000686603619,0.0423287733856128,0.130942182928535
2008,43,26,805,480,785,535,0.000340724685014,0.0025129914348132,0.0183650950883701,0.0503873854279484,0.148186706336765
2008,44,17,563,291,476,231,0.000427292051399,0.0034880298437339,0.0236131220588995,0.059181519725653,0.140202907486779
2008,44,9,253,201,283,242,0.0002464233783529,0.0015919340241167,0.0145516343788163,0.0375518585207787,0.123299643068893
2008,44,26,816,492,759,473,0.000340724685014,0.0025473304482082,0.0188242224655794,0.048718503872373,0.13101366747157
2008,45,18,575,292,511,214,0.0004524268779519,0.003562375062428,0.0236942668082427,0.0635331020584216,0.129884944598142
2008,45,16,237,201,310,255,0.0004380860059608,0.0014912583546073,0.0145516343788163,0.0411345446694042,0.129923177613916
2008,45,34,812,493,821,469,0.0004455630496337,0.0025348435342464,0.0188624830803468,0.0526981445048989,0.129905729480267
2008,46,12,585,302,487,206,0.0003016179186346,0.0036243294113398,0.0245057143016757,0.0605491598873802,0.125029432650548
2008,46,13,257,193,337,221,0.0003559448798432,0.001617102941494,0.0139724648513012,0.0447172308180298,0.112600087265394
2008,46,25,842,495,824,427,0.0003276198894365,0.0026284953889599,0.0189390043098817,0.0528907077613114,0.118272380571586
2008,47,13,639,310,519,240,0.0003267527451874,0.0039588828954635,0.0251548722964221,0.0645277494487687,0.145665358427823
2008,47,13,248,171,315,229,0.0003559448798432,0.001560472877395,0.0123797486506348,0.0417980050672979,0.11667610852387
2008,47,26,887,481,834,469,0.000340724685014,0.0027689731710302,0.0184033557031375,0.0535325852826866,0.129905729480267
2008,48,12,602,314,498,262,0.0003016179186346,0.0037296518044899,0.0254794512937953,0.0619168000491075,0.159018016283706
2008,48,9,271,222,301,258,0.0002464233783529,0.0017051941523147,0.0160719543885434,0.0399403159531957,0.131451685585845
2008,48,21,873,536,799,520,0.0002752007071267,0.0027252689721639,0.0205076895153466,0.0512860139578736,0.144031938869379
2008,49,16,602,349,570,296,0.0004021572248461,0.0037296518044899,0.0283195175208107,0.0708686265622315,0.179653942060981
2008,49,12,255,214,384,285,0.0003285645044706,0.0016045184828053,0.0154927848610283,0.0509537585582298,0.145208257333201
2008,49,28,857,563,954,581,0.0003669342761689,0.0026753213163167,0.0215407261140674,0.0612351155391882,0.160927993236749
2008,50,20,625,342,565,265,0.0005026965310576,0.003872146806987,0.0277515042754076,0.0702469719432646,0.160838833264054
2008,50,7,252,227,359,314,0.0001916626276078,0.0015856417947723,0.0164339353432403,0.0476364565687617,0.159983834395175
2008,50,27,877,569,924,579,0.0003538294805914,0.0027377558861257,0.0217702898026721,0.0593094829750628,0.160374024241097
2008,51,16,585,351,515,287,0.0004021572248461,0.0036243294113398,0.0284818070194973,0.0640304257535951,0.174191491119938
2008,51,12,281,215,343,295,0.0003285645044706,0.001768116445758,0.0155651810519677,0.0455133832955021,0.150303283906295
2008,51,28,866,566,858,582,0.0003669342761689,0.0027034168727308,0.0216555079583697,0.0550730913339869,0.161204977734574
2008,52,20,665,393,568,269,0.0005026965310576,0.0041199642026342,0.0318898864919158,0.0706199647146447,0.163266589237851
2008,52,14,223,227,279,260,0.0003833252552157,0.0014031671437866,0.0164339353432403,0.0370210902024638,0.132470690900464
2008,52,34,888,620,847,529,0.0004455630496337,0.0027720948995207,0.0237215811558114,0.0543670260604742,0.146524799349811
2009,1,23,606,321,555,260,0.0005969586484198,0.0037274299338747,0.0256896148982775,0.0686260728887523,0.143591311090098
2009,1,19,257,193,361,287,0.0005374831832047,0.0015998821970807,0.0137065196594025,0.0458383036907189,0.135826754812685
2009,1,42,863,514,916,547,0.0005685004071012,0.0026700465731423,0.0193406043527851,0.057383363097051,0.139409931438241
2009,2,20,656,324,550,301,0.0005190944768868,0.0040349736577918,0.02592970475714,0.0680078199798446,0.166234556300459
2009,2,7,271,201,359,305,0.000198020120128,0.001687035312875,0.0142746655520203,0.0455843518697176,0.144345505985606
2009,2,27,927,525,909,606,0.0003654645474222,0.0028680569794935,0.0197545083369886,0.056944843946746,0.154446834463572
2009,3,14,656,426,631,348,0.0003633661338207,0.0040349736577918,0.0340927599584618,0.078023517104149,0.192191447151361
2009,3,12,303,228,408,325,0.0003394630630766,0.0018862424346905,0.0161921579396051,0.0518061714842473,0.153810785066629
2009,3,26,959,654,1039,673,0.0003519288234436,0.0029670621826691,0.0246084732426487,0.0650887710238384,0.171522639594033
2009,4,28,684,337,586,323,0.0007267322676415,0.0042071981431853,0.0269700941455437,0.0724592409239799,0.178384590315775
2009,4,16,266,227,388,334,0.0004526174174355,0.0016559092000913,0.0161211397030279,0.0492666532742352,0.15807016065309
2009,4,44,950,564,974,657,0.0005955718550584,0.002939216969276,0.0212219860991649,0.0610168074852922,0.167444835383774
2009,5,20,688,340,688,339,0.0005190944768868,0.0042318016410987,0.0272101840044061,0.0850716002656966,0.18722097869055
2009,5,21,306,228,422,398,0.0005940603603842,0.0019049181023607,0.0161921579396051,0.0535838342312558,0.188359053712364
2009,5,41,994,568,1110,737,0.0005549646831226,0.0030753491236425,0.0213724966388753,0.0695366081197888,0.18783385643507
2009,6,22,656,336,584,290,0.0005710039245755,0.0040349736577918,0.0268900641925896,0.0722119397604169,0.160159539292801
2009,6,13,291,220,365,324,0.0003677516516664,0.0018115397640097,0.0156240120469874,0.0463462073327213,0.153337521112578
2009,6,35,947,556,949,614,0.000473750339251,0.0029299352314783,0.0209209650197442,0.0594506676627744,0.156485736568702
2009,7,17,634,337,499,288,0.0004412303053538,0.0038996544192683,0.0269700941455437,0.0617016403089863,0.159054990745954
2009,7,11,234,208,342,294,0.0003111744744869,0.0014567020782758,0.0147717932080608,0.0434257613912073,0.139139602491043
2009,7,28,868,545,841,582,0.0003790002714008,0.0026855161361385,0.0205070610355406,0.0526849436294977,0.148330128148183
2009,8,19,638,326,537,240,0.0004931397530425,0.0039242579171816,0.0260897646630482,0.0664003624166847,0.132545825621629
2009,8,8,260,210,370,302,0.0002263087087177,0.0016185578647509,0.0149138296812152,0.0469810868852243,0.142925714123452
2009,8,27,898,536,907,542,0.0003654645474222,0.0027783335141156,0.0201684123211922,0.0568195527609446,0.138135617622535
2009,9,18,560,285,503,273,0.0004671850291981,0.003444489707871,0.0228085365919287,0.0621962426361125,0.150770876644602
2009,9,11,239,205,311,291,0.0003111744744869,0.0014878281910595,0.0145587384983291,0.0394895081656885,0.13771981062889
2009,9,29,799,490,814,564,0.0003925359953794,0.0024720361667911,0.0184375411145227,0.0509935126211785,0.143742598411641
2009,10,10,596,350,493,285,0.0002595472384434,0.0036659211890913,0.0280104835339475,0.0609597368182971,0.157398167925684
2009,10,14,217,208,347,280,0.0003960402402561,0.0013508732948113,0.0147717932080608,0.0440606409437104,0.132513907134327
2009,10,24,813,558,840,565,0.0003248573754864,0.0025153509431804,0.0209962202895994,0.052622298036597,0.143997461174783
2009,11,14,584,307,539,255,0.0003633661338207,0.0035921106953512,0.0245691955569196,0.0666476635802477,0.14082993972298
2009,11,12,250,212,335,261,0.0003394630630766,0.0015563056391836,0.0150558661543696,0.0425369300177031,0.123521892007355
2009,11,26,834,519,874,516,0.0003519288234436,0.0025803231077644,0.0195287425274231,0.0547522481952211,0.131509185780863
2009,12,19,615,317,486,271,0.0004931397530425,0.0037827878041798,0.025369495086461,0.0600941827458264,0.149666328097756
2009,12,6,244,199,333,298,0.0001697315315383,0.0015189543038432,0.0141326290788658,0.0422829781967019,0.141032658307248
2009,12,25,859,516,819,569,0.000338393099465,0.0026576709227453,0.0194158596226403,0.051306740585682,0.145016912227347
2009,13,13,611,323,498,248,0.0003374114099764,0.0037581843062664,0.0258496748041858,0.0615779897272048,0.136964019809016
2009,13,13,230,172,335,263,0.0003677516516664,0.0014318011880489,0.012215136691281,0.0425369300177031,0.124468419915457
2009,13,26,841,495,833,511,0.0003519288234436,0.0026019804959591,0.0186256792891607,0.052183778886292,0.130234871965157
2009,14,19,563,327,483,252,0.0004931397530425,0.003462942331306,0.0261697946160024,0.0597232310004818,0.13917311690271
2009,14,9,220,221,361,279,0.0002545972973075,0.0013695489624815,0.0156950302835646,0.0458383036907189,0.132040643180276
2009,14,28,783,548,844,531,0.0003790002714008,0.0024225335652033,0.0206199439403234,0.0528728804081998,0.135332127227982
2009,15,12,567,298,529,287,0.0003114566861321,0.0034875458292194,0.0238489259803324,0.0654111577624324,0.158502716472531
2009,15,15,245,209,337,300,0.0004243288288458,0.0015251795263999,0.014842811444638,0.0427908818387043,0.14197918621535
2009,15,27,812,507,866,587,0.0003654645474222,0.0025122570305812,0.0190772109082919,0.0542510834520154,0.149604441963889
2009,16,14,560,324,513,295,0.0003633661338207,0.003444489707871,0.02592970475714,0.0634327484539278,0.162920910659918
2009,16,12,241,153,311,290,0.0003394630630766,0.001500278636173,0.0108657901963139,0.0394895081656885,0.137246546674838
2009,16,26,801,477,824,585,0.0003519288234436,0.0024782239919895,0.017948381860464,0.0516199685501856,0.149094716437607
2009,17,18,583,334,465,262,0.0004671850291981,0.0035859598208729,0.0267300042866813,0.0574975205284141,0.144695859636945
2009,17,16,241,213,340,255,0.0004526174174355,0.001500278636173,0.0151268843909468,0.0431718095702061,0.120682308283048
2009,17,34,824,547,805,517,0.0004602146152724,0.002549383981772,0.0205823163053958,0.0504297022850721,0.131764048544005
2009,18,14,572,297,492,256,0.0003633661338207,0.0035183002016111,0.0237688960273783,0.0608360862365156,0.141382213996404
2009,18,11,261,191,313,247,0.0003111744744869,0.0016247830873077,0.0135644831862481,0.0397434599866898,0.116896196650638
2009,18,25,833,488,805,503,0.000338393099465,0.0025772291951652,0.0183622858446675,0.0504297022850721,0.128195969860028
2009,19,13,608,280,503,241,0.0003374114099764,0.0037397316828314,0.022408386827158,0.0621962426361125,0.133098099895052
2009,19,14,243,187,324,271,0.0003960402402561,0.0015127290812864,0.0132804102399393,0.0411401950021964,0.128254531547866
2009,19,27,851,467,827,512,0.0003654645474222,0.0026329196219514,0.017572105511188,0.0518079053288877,0.130489734728299
2009,20,12,586,280,483,240,0.0003114566861321,0.0036044124443079,0.022408386827158,0.0597232310004818,0.132545825621629
2009,20,16,250,168,294,254,0.0004526174174355,0.0015563056391836,0.0119310637449722,0.0373309176871782,0.120209044328996
2009,20,28,836,448,777,494,0.0003790002714008,0.0025865109329629,0.0168571804475636,0.0486756256838522,0.125902204991757
2009,21,19,564,288,448,217,0.0004931397530425,0.0034690932057844,0.0230486264507911,0.055395460638128,0.119843517332889
2009,21,10,241,184,308,252,0.0002828858858972,0.001500278636173,0.0130673555302076,0.0391085804341867,0.119262516420894
2009,21,29,805,472,756,469,0.0003925359953794,0.0024905996423865,0.017760243685826,0.0473600682329373,0.119530635913227
2009,22,16,579,266,446,241,0.0004152755815094,0.0035613563229595,0.0212879674858001,0.0551481594745649,0.133098099895052
2009,22,10,243,194,337,254,0.0002828858858972,0.0015127290812864,0.0137775378959798,0.0427908818387043,0.120209044328996
2009,22,26,822,460,783,495,0.0003519288234436,0.0025431961565735,0.0173087120666948,0.0490514992412565,0.126157067754898
2009,23,9,583,327,474,260,0.000233592514599,0.0035859598208729,0.0261697946160024,0.0586103757644479,0.143591311090098
2009,23,13,224,188,310,237,0.0003677516516664,0.0013944498527085,0.0133514284765165,0.0393625322551879,0.112163557110127
2009,23,22,807,515,784,497,0.0002977859275292,0.002496787467585,0.0193782319877127,0.0491141448341572,0.12666679328118
2009,24,7,536,279,454,251,0.0001816830669103,0.0032968687203908,0.0223283568742038,0.0561373641288172,0.138620842629287
2009,24,8,266,203,286,247,0.0002263087087177,0.0016559092000913,0.0144167020251747,0.0363151104031734,0.116896196650638
2009,24,15,802,482,740,498,0.000203035859679,0.0024813179045888,0.018136520035102,0.0463577387465259,0.126921656044322
2009,25,16,609,275,469,249,0.0004152755815094,0.0037458825573097,0.0220082370623873,0.0579921228555402,0.13751629408244
2009,25,14,237,197,316,251,0.0003960402402561,0.001475377745946,0.0139905926057114,0.0401243877181916,0.118789252466843
2009,25,30,846,472,785,500,0.000406071719358,0.0026174500589553,0.017760243685826,0.0491767904270579,0.127431381570604
2009,26,10,586,286,411,200,0.0002595472384434,0.0036044124443079,0.0228885665448828,0.0508203891122112,0.11045485468469
2009,26,18,255,212,335,221,0.000509194594615,0.0015874317519672,0.0150558661543696,0.0425369300177031,0.104591333845308
2009,26,28,841,498,746,421,0.0003790002714008,0.0026019804959591,0.0187385621939435,0.0467336123039302,0.107297223282449
2009,27,9,599,266,460,245,0.000233592514599,0.0036843738125263,0.0212879674858001,0.0568792676195064,0.135307196988746
2009,27,12,250,185,311,248,0.0003394630630766,0.0015563056391836,0.0131383737667848,0.0394895081656885,0.117369460604689
2009,27,21,849,451,771,493,0.0002842502035506,0.002626731796753,0.0169700633523464,0.0482997521264479,0.125647342228616
2009,28,12,565,308,407,241,0.0003114566861321,0.0034752440802627,0.0246492255098738,0.050325786785085,0.133098099895052
2009,28,14,256,185,321,253,0.0003960402402561,0.001593656974524,0.0131383737667848,0.0407592672706946,0.119735780374945
2009,28,26,821,493,728,494,0.0003519288234436,0.0025401022439743,0.0185504240193055,0.0456059916317174,0.125902204991757
2009,29,16,579,297,428,252,0.0004152755815094,0.0035613563229595,0.0237688960273783,0.0529224490024973,0.13917311690271
2009,29,15,239,183,319,255,0.0004243288288458,0.0014878281910595,0.0129963372936304,0.0405053154496934,0.120682308283048
2009,29,31,818,480,747,507,0.0004196074433366,0.0025308205061766,0.0180612647652468,0.0467962578968309,0.129215420912593
2009,30,15,563,301,441,234,0.0003893208576651,0.003462942331306,0.0240890158391948,0.0545299065656573,0.129232179981088
2009,30,13,224,183,303,249,0.0003677516516664,0.0013944498527085,0.0129963372936304,0.0384737008816837,0.117842724558741
2009,30,28,787,484,744,483,0.0003790002714008,0.0024349092156002,0.0182117753049571,0.0466083211181287,0.123098714597204
2009,31,20,574,285,459,221,0.0005190944768868,0.0035306019505678,0.0228085365919287,0.0567556170377249,0.122052614426583
2009,31,8,248,195,292,240,0.0002263087087177,0.0015438551940701,0.013848556132557,0.037076965866177,0.11358334897228
2009,31,28,822,480,751,461,0.0003790002714008,0.0025431961565735,0.0180612647652468,0.0470468402684337,0.117491733808097
2009,32,63,799,333,500,245,0.0016351476021935,0.0049145487081946,0.0266499743337272,0.0618252908907679,0.135307196988746
2009,32,56,381,239,366,268,0.0015841609610245,0.0023718097941158,0.0169733585419544,0.0464731832432219,0.126834739685713
2009,32,119,1180,572,866,513,0.0016107511534534,0.0036508168671007,0.0215230071785857,0.0542510834520154,0.13074459749144
2009,33,22,607,301,462,246,0.0005710039245755,0.0037335808083531,0.0240890158391948,0.0571265687830695,0.135859471262169
2009,33,19,270,204,294,249,0.0005374831832047,0.0016808100903183,0.0144877202617519,0.0373309176871782,0.117842724558741
2009,33,41,877,505,756,495,0.0005549646831226,0.0027133613495316,0.0190019556384367,0.0473600682329373,0.126157067754898
2009,34,10,597,295,465,250,0.0002595472384434,0.0036720720635696,0.02360883612147,0.0574975205284141,0.138068568355863
2009,34,11,230,201,288,242,0.0003111744744869,0.0014318011880489,0.0142746655520203,0.0365690622241746,0.114529876880382
2009,34,21,827,496,753,492,0.0002842502035506,0.0025586657195697,0.0186633069240883,0.0471721314542351,0.125392479465474
2009,35,25,589,347,472,251,0.0006488680961085,0.0036228650677429,0.0277703936750851,0.0583630746008849,0.138620842629287
2009,35,15,248,211,314,256,0.0004243288288458,0.0015438551940701,0.0149848479177924,0.0398704358971904,0.121155572237099
2009,35,40,837,558,786,507,0.000541428959144,0.0025896048455621,0.0209962202895994,0.0492394360199586,0.129215420912593
2009,36,17,596,294,487,258,0.0004412303053538,0.0036659211890913,0.0235288061685159,0.0602178333276079,0.142486762543251
2009,36,12,237,186,327,264,0.0003394630630766,0.001475377745946,0.013209392003362,0.0415211227336982,0.124941683869508
2009,36,29,833,480,814,522,0.0003925359953794,0.0025772291951652,0.0180612647652468,0.0509935126211785,0.133038362359711
2009,37,14,593,294,504,219,0.0003633661338207,0.0036474685656563,0.0235288061685159,0.062319893217894,0.120948065879736
2009,37,10,232,174,330,281,0.0002828858858972,0.0014442516331624,0.0123571731644355,0.0419020504652001,0.132987171088378
2009,37,24,825,468,834,500,0.0003248573754864,0.0025524778943713,0.0176097331461156,0.0522464244791927,0.127431381570604
2009,38,13,586,285,451,261,0.0003374114099764,0.0036044124443079,0.0228085365919287,0.0557664123834726,0.144143585363521
2009,38,18,269,173,284,250,0.000509194594615,0.0016745848677615,0.0122861549278582,0.0360611585821722,0.118315988512792
2009,38,31,855,458,735,511,0.0004196074433366,0.0026452952723484,0.0172334567968396,0.0460445107820223,0.130234871965157
2009,39,21,585,286,443,241,0.0005450492007311,0.0035982615698295,0.0228885665448828,0.0547772077292203,0.133098099895052
2009,39,6,244,203,326,270,0.0001697315315383,0.0015189543038432,0.0144167020251747,0.0413941468231976,0.127781267593815
2009,39,27,829,489,769,511,0.0003654645474222,0.0025648535447682,0.0183999134795951,0.0481744609406465,0.130234871965157
2009,40,11,596,293,470,243,0.0002855019622877,0.0036659211890913,0.0234487762155617,0.0581157734373218,0.134202648441899
2009,40,11,242,212,304,266,0.0003111744744869,0.0015065038587297,0.0150558661543696,0.0386006767921843,0.12588821177761
2009,40,22,838,505,774,509,0.0002977859275292,0.0025926987581613,0.0190019556384367,0.0484876889051501,0.129725146438875
2009,41,26,566,292,458,229,0.0006748228199528,0.0034813949547411,0.0233687462626076,0.0566319664559434,0.126470808613971
2009,41,10,232,202,321,286,0.0002828858858972,0.0014442516331624,0.0143456837885975,0.0407592672706946,0.135353490858634
2009,41,36,798,494,779,515,0.0004872860632296,0.0024689422541918,0.0185880516542331,0.0488009168696536,0.131254323017722
2009,42,21,602,310,475,228,0.0005450492007311,0.0037028264359613,0.0248092854157821,0.0587340263462295,0.125918534340547
2009,42,16,220,174,305,248,0.0004526174174355,0.0013695489624815,0.0123571731644355,0.0387276527026849,0.117369460604689
2009,42,37,822,484,780,476,0.0005008217872082,0.0025431961565735,0.0182117753049571,0.0488635624625543,0.121314675255215
2009,43,15,598,303,462,237,0.0003893208576651,0.003678222938048,0.0242490757451031,0.0571265687830695,0.130889002801358
2009,43,7,260,190,283,238,0.000198020120128,0.0016185578647509,0.0134934649496709,0.0359341826716716,0.112636821064178
2009,43,22,858,493,745,475,0.0002977859275292,0.0026545770101461,0.0185504240193055,0.0466709667110295,0.121059812492074
2009,44,11,572,324,469,267,0.0002855019622877,0.0035183002016111,0.02592970475714,0.0579921228555402,0.147457231004062
2009,44,6,293,194,297,256,0.0001697315315383,0.0018239902091232,0.0137775378959798,0.0377118454186801,0.121155572237099
2009,44,17,865,518,766,523,0.0002301073076362,0.0026762343983408,0.0194911148924955,0.0479865241619444,0.133293225122852
2009,45,14,608,316,518,261,0.0003633661338207,0.0037397316828314,0.0252894651335069,0.0640510013628355,0.144143585363521
2009,45,8,261,181,353,262,0.0002263087087177,0.0016247830873077,0.012854300820476,0.044822496406714,0.123995155961406
2009,45,22,869,497,871,523,0.0002977859275292,0.0026886100487377,0.0187009345590159,0.054564311416519,0.133293225122852
2009,46,12,610,276,453,227,0.0003114566861321,0.0037520334317881,0.0220882670153414,0.0560137135470357,0.125366260067124
2009,46,10,250,186,313,252,0.0002828858858972,0.0015563056391836,0.013209392003362,0.0397434599866898,0.119262516420894
2009,46,22,860,462,766,479,0.0002977859275292,0.0026607648353446,0.01738396733655,0.0479865241619444,0.122079263544639
2009,47,14,582,324,469,241,0.0003633661338207,0.0035798089463945,0.02592970475714,0.0579921228555402,0.133098099895052
2009,47,10,257,197,329,268,0.0002828858858972,0.0015998821970807,0.0139905926057114,0.0417750745546995,0.126834739685713
2009,47,24,839,521,798,509,0.0003248573754864,0.0025957926707606,0.0196039977972783,0.0499911831347671,0.129725146438875
2009,48,18,569,313,519,255,0.0004671850291981,0.0034998475781761,0.0250493752746445,0.064174651944617,0.14082993972298
2009,48,11,242,201,316,278,0.0003111744744869,0.0015065038587297,0.0142746655520203,0.0401243877181916,0.131567379226224
2009,48,29,811,514,835,533,0.0003925359953794,0.0025091631179819,0.0193406043527851,0.0523090700720934,0.135841852754264
2009,49,9,623,310,504,296,0.000233592514599,0.0038319948000065,0.0248092854157821,0.062319893217894,0.163473184933342
2009,49,9,264,201,331,260,0.0002545972973075,0.0016434587549779,0.0142746655520203,0.0420290263757007,0.123048628053303
2009,49,18,887,511,835,556,0.0002436430316148,0.002744300475524,0.0192277214480023,0.0523090700720934,0.141703696306512
2009,50,15,628,332,504,281,0.0003893208576651,0.0038627491723982,0.026569944380773,0.062319893217894,0.15518907083199
2009,50,14,271,194,333,280,0.0003960402402561,0.001687035312875,0.0137775378959798,0.0422829781967019,0.132513907134327
2009,50,29,899,526,837,561,0.0003925359953794,0.0027814274267149,0.0197921359719162,0.0524343612578948,0.142978010122218
2009,51,13,598,298,489,257,0.0003374114099764,0.003678222938048,0.0238489259803324,0.060465134491171,0.141934488269827
2009,51,8,226,185,300,271,0.0002263087087177,0.0014069002978219,0.0131383737667848,0.0380927731501819,0.128254531547866
2009,51,21,824,483,789,528,0.0002842502035506,0.002549383981772,0.0181741476700296,0.0494273727986607,0.134567538938558
2009,52,15,655,323,555,283,0.0003893208576651,0.0040288227833134,0.0258496748041858,0.0686260728887523,0.156293619378837
2009,52,16,260,227,345,308,0.0004526174174355,0.0016185578647509,0.0161211397030279,0.0438066891227092,0.145765297847759
2009,52,31,915,550,900,591,0.0004196074433366,0.0028309300283027,0.0206951992101786,0.0563810336106396,0.150623893016454
2009,53,22,639,357,564,300,0.0005710039245755,0.00393040879166,0.0285706932046264,0.0697389281247861,0.165682282027036
2009,53,7,264,203,382,321,0.000198020120128,0.0016434587549779,0.0144167020251747,0.0485047978112316,0.151917729250425
2009,53,29,903,560,946,621,0.0003925359953794,0.0027938030771118,0.0210714755594546,0.0592627308840723,0.15826977591069
2010,1,17,582,352,529,315,0.0004578314561719,0.0035522882794526,0.0280691337366022,0.0654223391769106,0.157492564533732
2010,1,6,251,212,345,288,0.0001762316202846,0.0015450233683008,0.014964321549823,0.0419099422854073,0.126292344007325
2010,1,23,833,564,874,603,0.0003231350419111,0.0025529034532668,0.0211176668215513,0.0535609450892086,0.140870811276781
2010,2,12,661,330,584,314,0.0003231751455331,0.0040344717400656,0.0263148128780646,0.0722242837038105,0.156992588138387
2010,2,11,307,224,345,326,0.0003230913038552,0.0018897297771648,0.0158113586186809,0.0419099422854073,0.142955917174958
2010,2,23,968,554,929,640,0.0003231350419111,0.0029666393070376,0.0207432401048571,0.0569314851119849,0.149514625567396
2010,3,20,684,318,547,341,0.0005386252425552,0.0041748542665732,0.0253579105915895,0.0676484301129869,0.170491950812707
2010,3,12,261,225,368,347,0.0003524632405693,0.0016065780841694,0.0158819450410857,0.0447039384377678,0.152164733925492
2010,3,32,945,543,915,688,0.0004495791887459,0.0028961509763951,0.0203313707164936,0.0560735294698237,0.160728222484951
2010,4,16,651,297,525,310,0.0004309001940442,0.0039734358589753,0.0236833315902581,0.0649276523022269,0.154992682557006
2010,4,8,259,196,362,300,0.0002349754937128,0.0015942671409957,0.0138349387913458,0.0439750698762825,0.13155452500763
2010,4,24,910,493,887,610,0.0003371843915594,0.0027888861254175,0.0184592371330227,0.0543576181855012,0.142506127493925
2010,5,9,607,300,508,294,0.0002423813591498,0.0037048779821782,0.0239225571618769,0.0628252330848215,0.146993060231483
2010,5,11,235,176,359,300,0.0003230913038552,0.0014465358229111,0.0124232103432493,0.0436106355955398,0.13155452500763
2010,5,20,842,476,867,594,0.0002809869929661,0.0025804858435182,0.0178227117146426,0.053131967268128,0.13876826185474
2010,6,17,641,281,477,326,0.0004578314561719,0.0039123999778851,0.022407461874958,0.0589914098060233,0.162992304882529
2010,6,16,246,193,343,261,0.0004699509874257,0.0015142460103666,0.0136231795241313,0.0416669860982456,0.114452436756638
2010,6,33,887,474,820,587,0.0004636285383942,0.0027183977947751,0.0177478263713038,0.050251687612301,0.137132945637596
2010,7,13,698,363,571,301,0.0003501064076609,0.0042603045000995,0.028946294165871,0.0706165513610887,0.1504928949989
2010,7,8,258,209,342,305,0.0002349754937128,0.0015881116694088,0.0147525622826085,0.0415455080046647,0.133747100424424
2010,7,21,956,572,913,606,0.0002950363426145,0.0029298627867024,0.0214172081949067,0.0559509643780864,0.141571661084128
2010,8,20,673,335,541,317,0.0005386252425552,0.0041077147973739,0.0267135221640959,0.0669063998009615,0.158492517324423
2010,8,11,274,232,415,357,0.0003230913038552,0.0016865992147985,0.0163760499979195,0.0504134088360697,0.156549884759079
2010,8,31,947,567,956,674,0.0004355298390976,0.002902280396451,0.0212299948365596,0.0585861138504387,0.157457590050664
2010,9,15,586,254,529,293,0.0004039689319164,0.0035767026318887,0.0202544317303891,0.0654223391769106,0.146493083836138
2010,9,12,256,202,357,300,0.0003524632405693,0.0015758007262351,0.0142584573257747,0.043367679408378,0.13155452500763
2010,9,27,842,456,886,593,0.0003793324405043,0.0025804858435182,0.0170738582812543,0.0542963356396326,0.138534645252291
2010,10,11,577,331,505,298,0.0002962438834054,0.0035217703389075,0.0263945547352708,0.0624542179288088,0.148992965812864
2010,10,12,271,197,329,317,0.0003524632405693,0.001668132800038,0.0139055252137506,0.0399662927881131,0.139009281424729
2010,10,23,848,528,834,615,0.0003231350419111,0.0025988741036858,0.0197697306414523,0.0511096432544622,0.14367421050617
2010,11,16,595,313,494,254,0.0004309001940442,0.0036316349248699,0.0249592013055582,0.0610938290234288,0.126994004417676
2010,11,11,230,183,325,292,0.0003230913038552,0.0014157584649769,0.0129173153000831,0.0394803804137895,0.12804640434076
2010,11,27,825,496,819,546,0.0003793324405043,0.0025283857730434,0.0185715651480309,0.0501904050664324,0.127554664937185
2010,12,9,575,294,468,300,0.0002423813591498,0.0035095631626894,0.0234441060186394,0.0578783643379851,0.149992918603555
2010,12,10,253,173,329,285,0.0002937193671411,0.0015573343114746,0.0122114510760348,0.0399662927881131,0.124976798757248
2010,12,19,828,467,797,585,0.0002669376433178,0.0025375799031272,0.0174857276696178,0.0488421890573218,0.136665712432698
2010,13,14,608,323,514,260,0.0003770376697887,0.0037109815702873,0.0257566198776208,0.0635672633968469,0.129993862789747
2010,13,8,261,177,370,311,0.0002349754937128,0.0016065780841694,0.0124937967656541,0.0449468946249296,0.136378190924576
2010,13,22,869,500,884,571,0.0003090856922628,0.0026632330142724,0.0187213358347086,0.0541737705478952,0.133395079998412
2010,14,16,625,285,512,283,0.0004309001940442,0.0038147425681407,0.022726429303783,0.0633199199595051,0.141493319882686
2010,14,21,233,189,328,282,0.0006168106709963,0.0014342248797374,0.013340833834512,0.0398448146945322,0.123661253507172
2010,14,37,858,474,840,565,0.0005198259369874,0.0026295212039651,0.0177478263713038,0.0514773385296742,0.131993380383717
2010,15,17,628,296,486,265,0.0004578314561719,0.0038330533324678,0.0236035897330519,0.0601044552740615,0.132493744766473
2010,15,14,275,186,312,334,0.0004112071139975,0.0016927546863854,0.0131290745672975,0.0379011651972379,0.146464037841828
2010,15,31,903,482,798,599,0.0004355298390976,0.002767433155222,0.0180473677446591,0.0489034716031905,0.139936344866985
2010,16,9,553,311,502,285,0.0002423813591498,0.0033752842242909,0.0247997175911457,0.062083202772796,0.142493272673377
2010,16,9,230,185,319,278,0.0002643474304269,0.0014157584649769,0.0130584881448927,0.0387515118523042,0.121907193173737
2010,16,18,783,496,821,563,0.0002528882936695,0.0023996679518703,0.0185715651480309,0.0503129701581697,0.131526147178819
2010,17,10,616,295,457,263,0.0002693126212776,0.0037598102751595,0.0235238478758456,0.0565179754326052,0.131493791975783
2010,17,15,229,173,331,241,0.0004405790507116,0.00140960299339,0.0122114510760348,0.0402092489752749,0.105682135089463
2010,17,25,845,468,788,504,0.0003512337412077,0.002589679973602,0.0175231703412873,0.0482906461445039,0.117742767634325
2010,18,12,575,336,471,274,0.0003231751455331,0.0035095631626894,0.0267932640213021,0.0582493794939979,0.13699353232458
2010,18,14,233,190,338,301,0.0004112071139975,0.0014342248797374,0.0134114202569168,0.0410595956303411,0.131993040090989
2010,18,26,808,526,809,575,0.000365283090856,0.0024762857025685,0.0196948452981135,0.0495775796077458,0.134329546408208
2010,19,7,581,268,458,294,0.0001885188348943,0.0035461846913436,0.0213708177312767,0.0566416471512761,0.146993060231483
2010,19,9,257,169,313,289,0.0002643474304269,0.001581956197822,0.0119291053864155,0.0380226432908188,0.126730859090683
2010,19,16,838,437,771,583,0.0002247895943729,0.0025682270034065,0.0163624475195353,0.0472488428647367,0.1361984792278
2010,20,10,569,315,478,275,0.0002693126212776,0.0034729416340353,0.0251186850199707,0.0591150815246942,0.137493508719925
2010,20,9,220,191,308,264,0.0002643474304269,0.0013542037491083,0.0134820066793217,0.0374152528229144,0.115767982006714
2010,20,19,789,506,786,539,0.0002669376433178,0.0024180562120378,0.0189459918647251,0.0481680810527666,0.125919348720042
2010,21,13,534,292,497,259,0.0003501064076609,0.0032593160502194,0.0232846223042268,0.0614648441794415,0.129493886394402
2010,21,11,257,180,297,267,0.0003230913038552,0.001581956197822,0.0127055560328686,0.0360789937935246,0.117083527256791
2010,21,24,791,472,794,526,0.0003371843915594,0.0024241856320937,0.0176729410279649,0.0486583414197159,0.122882332888204
2010,22,17,569,330,476,275,0.0004578314561719,0.0034729416340353,0.0263148128780646,0.0588677380873524,0.137493508719925
2010,22,7,245,194,321,306,0.0002056035569987,0.0015080905387797,0.0136937659465361,0.038994468039466,0.134185615507782
2010,22,24,814,524,797,581,0.0003371843915594,0.0024946739627361,0.0196199599547746,0.0488421890573218,0.135731246022902
2010,23,9,577,272,467,271,0.0002423813591498,0.0035217703389075,0.0216897851601017,0.0577546926193142,0.135493603138544
2010,23,8,241,191,300,257,0.0002349754937128,0.0014834686524323,0.0134820066793217,0.0364434280742673,0.112698376423203
2010,23,17,818,463,767,528,0.0002388389440212,0.0025069328028479,0.0173359569829402,0.047003712681262,0.123349566093102
2010,24,18,590,284,501,309,0.0004847627182997,0.0036011169843248,0.0226466874465768,0.0619595310541251,0.154492706161661
2010,24,11,255,194,305,284,0.0003230913038552,0.0015696452546483,0.0136937659465361,0.0370508185421717,0.12453828367389
2010,24,29,845,478,806,593,0.0004074311398009,0.002589679973602,0.0178975970579814,0.0493937319701398,0.138534645252291
2010,25,14,586,297,485,269,0.0003770376697887,0.0035767026318887,0.0236833315902581,0.0599807835553906,0.134493650347854
2010,25,7,232,163,348,285,0.0002056035569987,0.0014280694081506,0.0115055868519866,0.04227437656615,0.124976798757248
2010,25,21,818,460,833,554,0.0002950363426145,0.0025069328028479,0.0172236289679319,0.0510483607085936,0.129423597756778
2010,26,17,610,326,484,284,0.0004578314561719,0.0037231887465053,0.0259958454492396,0.0598571118367197,0.141993296278032
2010,26,13,262,204,370,275,0.0003818351772834,0.0016127335557563,0.0143996301705844,0.0449468946249296,0.120591647923661
2010,26,30,872,530,854,559,0.0004214804894492,0.0026724271443562,0.0198446159847911,0.0523352941718354,0.130591680769023
2010,27,18,608,307,546,311,0.0004847627182997,0.0037109815702873,0.0244807501623207,0.067524758394316,0.155492658952352
2010,27,9,266,213,360,336,0.0002643474304269,0.0016373554421037,0.0150349079722278,0.0437321136891207,0.147341068008545
2010,27,27,874,520,906,647,0.0003793324405043,0.002678556564412,0.019470189268097,0.0555219865570057,0.15114994178454
2010,28,15,628,286,542,287,0.0004039689319164,0.0038330533324678,0.0228061711609893,0.0670300715196324,0.143493225464067
2010,28,15,243,175,329,314,0.0004405790507116,0.001495779595606,0.0123526239208445,0.0399662927881131,0.137693736174653
2010,28,30,871,461,871,601,0.0004214804894492,0.0026693624343282,0.0172610716396013,0.0533770974516027,0.140403578071883
2010,29,14,612,312,471,303,0.0003770376697887,0.0037353959227234,0.024879459448352,0.0582493794939979,0.15149284778959
2010,29,13,260,196,356,298,0.0003818351772834,0.0016004226125825,0.0138349387913458,0.0432462013147971,0.130677494840912
2010,29,27,872,508,827,601,0.0003793324405043,0.0026724271443562,0.019020877208064,0.0506806654333816,0.140403578071883
2010,30,15,589,297,451,255,0.0004039689319164,0.0035950133962158,0.0236833315902581,0.0557759451205797,0.127493980813021
2010,30,7,254,189,347,282,0.0002056035569987,0.0015634897830614,0.013340833834512,0.0421528984725691,0.123661253507172
2010,30,22,843,486,798,537,0.0003090856922628,0.0025835505535461,0.0181971384313368,0.0489034716031905,0.125452115515144
2010,31,14,637,295,474,252,0.0003770376697887,0.003887985625449,0.0235238478758456,0.0586203946500106,0.125994051626986
2010,31,19,277,192,361,282,0.0005580667975681,0.0017050656295591,0.0135525931017265,0.0438535917827016,0.123661253507172
2010,31,33,914,487,835,534,0.0004636285383942,0.0028011449655293,0.0182345811030062,0.0511709258003309,0.124751265707796
2010,32,9,614,302,477,307,0.0002423813591498,0.0037476030989414,0.0240820408762894,0.0589914098060233,0.153492753370971
2010,32,17,259,205,318,278,0.0004993229241398,0.0015942671409957,0.0144702165929892,0.0386300337587233,0.121907193173737
2010,32,26,873,507,795,585,0.000365283090856,0.0026754918543841,0.0189834345363945,0.0487196239655845,0.136665712432698
2010,33,17,587,311,448,263,0.0004578314561719,0.0035828062199977,0.0247997175911457,0.055404929964567,0.131493791975783
2010,33,9,259,190,307,245,0.0002643474304269,0.0015942671409957,0.0134114202569168,0.0372937747293335,0.107436195422898
2010,33,26,846,501,755,508,0.000365283090856,0.0025927446836299,0.018758778506378,0.0462683221308381,0.118677234044121
2010,34,13,574,319,481,262,0.0003501064076609,0.0035034595745804,0.0254376524487958,0.059486096680707,0.130993815580438
2010,34,5,235,180,336,279,0.0001468596835705,0.0014465358229111,0.0127055560328686,0.0408166394431793,0.122345708257096
2010,34,18,809,499,817,541,0.0002528882936695,0.0024793504125965,0.0186838931630392,0.050067839974695,0.12638658192494
2010,35,15,564,273,485,258,0.0004039689319164,0.0034424236934902,0.021769527017308,0.0599807835553906,0.128993909999057
2010,35,3,243,180,343,267,8.81158101423316e-05,0.001495779595606,0.0127055560328686,0.0416669860982456,0.117083527256791
2010,35,18,807,453,828,525,0.0002528882936695,0.0024732209925406,0.016961530266246,0.0507419479792503,0.122648716285755
2010,36,12,602,274,507,275,0.0003231751455331,0.0036743600416331,0.0218492688745142,0.0627015613661506,0.137493508719925
2010,36,8,254,161,323,268,0.0002349754937128,0.0015634897830614,0.0113644140071769,0.0392374242266277,0.117522042340149
2010,36,20,856,435,830,543,0.0002809869929661,0.0026233917839092,0.0162875621761965,0.0508645130709876,0.126853815129838
2010,37,18,628,315,488,252,0.0004847627182997,0.0038330533324678,0.0251186850199707,0.0603517987114033,0.125994051626986
2010,37,9,237,180,323,297,0.0002643474304269,0.0014588467660849,0.0127055560328686,0.0392374242266277,0.130238979757554
2010,37,27,865,495,811,549,0.0003793324405043,0.0026509741741606,0.0185341224763615,0.0497001446994831,0.128255514744532
2010,38,17,608,292,531,292,0.0004578314561719,0.0037109815702873,0.0232846223042268,0.0656696826142524,0.145993107440793
2010,38,10,285,192,342,297,0.0002937193671411,0.0017543094022539,0.0135525931017265,0.0415455080046647,0.130238979757554
2010,38,27,893,484,873,589,0.0003793324405043,0.0027367860549427,0.0181222530879979,0.05349966254334,0.137600178842495
2010,39,19,578,277,508,313,0.0005116939804275,0.0035278739270165,0.022088494446133,0.0628252330848215,0.156492611743042
2010,39,8,246,184,392,295,0.0002349754937128,0.0015142460103666,0.0129879017224879,0.0476194126837092,0.129361949590836
2010,39,27,824,461,900,608,0.0003793324405043,0.0025253210630154,0.0172610716396013,0.0551542912817938,0.142038894289027
2010,40,16,588,283,448,305,0.0004309001940442,0.0035889098081068,0.0225669455893705,0.055404929964567,0.15249280058028
2010,40,15,213,185,325,286,0.0004405790507116,0.0013111154480003,0.0130584881448927,0.0394803804137895,0.125415313840607
2010,40,31,801,468,773,591,0.0004355298390976,0.002454832732373,0.0175231703412873,0.047371407956474,0.138067412047393
2010,41,18,614,284,465,302,0.0004847627182997,0.0037476030989414,0.0226466874465768,0.0575073491819724,0.150992871394245
2010,41,7,232,173,366,268,0.0002056035569987,0.0014280694081506,0.0122114510760348,0.044460982250606,0.117522042340149
2010,41,25,846,457,831,570,0.0003512337412077,0.0025927446836299,0.0171113009529237,0.0509257956168563,0.133161463395962
2010,42,15,602,280,450,294,0.0004039689319164,0.0036743600416331,0.0223277200177518,0.0556522734019088,0.146993060231483
2010,42,7,265,180,332,273,0.0002056035569987,0.0016311999705168,0.0127055560328686,0.0403307270688558,0.119714617756943
2010,42,22,867,460,782,567,0.0003090856922628,0.0026571035942165,0.0172236289679319,0.0479229508692919,0.132460613588615
2010,43,10,592,271,552,293,0.0002693126212776,0.0036133241605429,0.0216100433028955,0.0682667887063415,0.146493083836138
2010,43,15,251,180,323,287,0.0004405790507116,0.0015450233683008,0.0127055560328686,0.0392374242266277,0.125853828923966
2010,43,25,843,451,875,580,0.0003512337412077,0.0025835505535461,0.0168866449229072,0.0536222276350773,0.135497629420453
2010,44,20,580,313,467,315,0.0005386252425552,0.0035400811032346,0.0249592013055582,0.0577546926193142,0.157492564533732
2010,44,13,235,165,320,305,0.0003818351772834,0.0014465358229111,0.0116467596967962,0.0388729899458851,0.133747100424424
2010,44,33,815,478,787,620,0.0004636285383942,0.0024977386727641,0.0178975970579814,0.0482293635986352,0.144842293518415
2010,45,8,581,317,492,287,0.0002154500970221,0.0035461846913436,0.0252781687343832,0.0608464855860869,0.143493225464067
2010,45,6,280,181,366,309,0.0001762316202846,0.0017235320443197,0.0127761424552734,0.044460982250606,0.135501160757859
2010,45,14,861,498,858,596,0.0001966908950763,0.0026387153340489,0.0186464504913698,0.0525804243553101,0.139235495059638
2010,46,13,552,293,472,307,0.0003501064076609,0.0033691806361818,0.0233643641614331,0.0583730512126688,0.153492753370971
2010,46,9,244,203,328,278,0.0002643474304269,0.0015019350671928,0.0143290437481796,0.0398448146945322,0.121907193173737
2010,46,22,796,496,800,585,0.0003090856922628,0.0024395091822334,0.0185715651480309,0.0490260366949278,0.136665712432698
2010,47,13,573,263,459,285,0.0003501064076609,0.0034973559864714,0.0209721084452454,0.056765318869947,0.142493272673377
2010,47,6,240,172,324,276,0.0001762316202846,0.0014773131808454,0.01214086465363,0.0393589023202086,0.121030163007019
2010,47,19,813,435,783,561,0.0002669376433178,0.0024916092527082,0.0162875621761965,0.0479842334151606,0.131058913973921
2010,48,14,619,294,506,310,0.0003770376697887,0.0037781210394865,0.0234441060186394,0.0625778896474797,0.154992682557006
2010,48,7,242,187,327,303,0.0002056035569987,0.0014896241240191,0.0131996609897024,0.0397233366009513,0.132870070257706
2010,48,21,861,481,833,613,0.0002950363426145,0.0026387153340489,0.0180099250729897,0.0510483607085936,0.143206977301272
2010,49,12,640,285,503,326,0.0003231751455331,0.0039062963897761,0.022726429303783,0.0622068744914669,0.162992304882529
2010,49,18,293,187,368,333,0.0005286948608539,0.0018035531749488,0.0131996609897024,0.0447039384377678,0.146025522758469
2010,49,30,933,472,871,659,0.0004214804894492,0.00285937445606,0.0176729410279649,0.0533770974516027,0.153953341013929
2010,50,19,684,318,545,372,0.0005116939804275,0.0041748542665732,0.0253579105915895,0.0674010866756451,0.185991219068408
2010,50,9,280,175,363,327,0.0002643474304269,0.0017235320443197,0.0123526239208445,0.0440965479698634,0.143394432258316
2010,50,28,964,493,908,699,0.0003933817901526,0.0029543804669258,0.0184592371330227,0.0556445516487431,0.163298005111891
2010,51,7,657,304,557,339,0.0001885188348943,0.0040100573876295,0.0242415245907019,0.068885147299696,0.169491998022017
2010,51,14,242,211,370,336,0.0004112071139975,0.0014896241240191,0.0148937351274182,0.0449468946249296,0.147341068008545
2010,51,21,899,515,927,675,0.0002950363426145,0.0027551743151103,0.0192829759097499,0.0568089200202476,0.157691206653113
2010,52,18,631,349,558,366,0.0004847627182997,0.0038513640967948,0.0278299081649835,0.0690088190183669,0.182991360696337
2010,52,15,272,194,357,336,0.0004405790507116,0.0016742882716248,0.0136937659465361,0.043367679408378,0.147341068008545
2010,52,33,903,543,915,702,0.0004636285383942,0.002767433155222,0.0203313707164936,0.0560735294698237,0.163998854919238
2011,1,14,646,332,599,396,0.0003915508426913,0.0039115380988647,0.0264656953983339,0.0745103628223048,0.17972718335245
2011,1,16,243,198,413,373,0.0004882992419046,0.0014805249109915,0.0139527470039832,0.0482560206141619,0.151378972215137
2011,1,30,889,530,1012,769,0.0004378152914425,0.0026998020444963,0.0198239817915145,0.0609724217220161,0.164761443657668
2011,2,16,687,353,662,391,0.0004474866773615,0.0041597936128793,0.0281397303482285,0.0823470120006106,0.177457900734363
2011,2,12,286,209,412,403,0.0003662244314285,0.0017425108005909,0.0147278996153156,0.0481391779492366,0.163554224672119
2011,2,28,973,562,1074,794,0.0004086276053464,0.0029549014502755,0.0210209014468512,0.0647078862939183,0.17011779748269
2011,3,19,765,412,611,409,0.0005313904293668,0.0046320845907608,0.0328429713979325,0.0760030579038869,0.185627318159475
2011,3,9,250,231,402,424,0.0002746683235713,0.0015231737767403,0.0162782048379804,0.0469707512999832,0.172076901392006
2011,3,28,1015,643,1013,833,0.0004086276053464,0.0030824511531651,0.0240506043244223,0.0610326711505952,0.178473709449723
2011,4,20,683,323,631,387,0.0005593583467019,0.0041355735627315,0.0257482518483791,0.078490883039857,0.175642474639894
2011,4,16,263,211,438,408,0.0004882992419046,0.0016023788131308,0.0148688364537397,0.0511770872372952,0.165583433414949
2011,4,36,946,534,1069,795,0.0005253783497311,0.0028729052127036,0.0199735967484316,0.064406639151023,0.17033205163569
2011,5,23,736,361,711,417,0.0006432620987072,0.0044564892271895,0.0287774579481884,0.0884421835837374,0.189258170348413
2011,5,10,277,226,455,434,0.0003051870261904,0.0016876765446282,0.0159258627419202,0.0531634125410258,0.176135318877666
2011,5,33,1013,587,1166,851,0.0004815968205868,0.0030763773577894,0.021955994927583,0.0702508337231925,0.182330284203739
2011,6,19,755,397,641,428,0.0005313904293668,0.0045715344653914,0.0316472321480077,0.079734795607842,0.194250592108203
2011,6,12,264,204,457,433,0.0003662244314285,0.0016084715082377,0.0143755575192554,0.0533970978708765,0.1757294771291
2011,6,31,1019,601,1098,861,0.0004524091344906,0.0030945987439165,0.0224796472767928,0.0661538725798159,0.184472825733748
2011,7,5,738,346,634,401,0.0001398395866754,0.0044685992522634,0.0275817186982637,0.0788640568102525,0.181996465970536
2011,7,11,314,236,414,355,0.0003357057288094,0.0019131062635858,0.0166305469340406,0.0483728632790872,0.144073820740948
2011,7,16,1052,582,1048,756,0.0002335014887693,0.0031948163676155,0.0217689762314367,0.0631414011508626,0.161976139668657
2011,8,16,710,333,573,404,0.0004474866773615,0.004299058901229,0.0265454113483289,0.0712761901455436,0.183358035541388
2011,8,17,254,238,383,412,0.0005188179445237,0.0015475445571681,0.0167714837724647,0.0447507406664019,0.167206800409213
2011,8,33,964,571,956,816,0.0004815968205868,0.0029275693710849,0.0213575350999146,0.0575984537215884,0.174831388848709
2011,9,17,665,349,599,393,0.0004754545946966,0.0040265833370666,0.0278208665482486,0.0745103628223048,0.178365613781598
2011,9,7,254,224,387,370,0.0002136309183332,0.0015475445571681,0.0157849259034962,0.0452181113261033,0.150161446969439
2011,9,24,919,573,986,763,0.000350252233154,0.0027909089751317,0.0214323425783732,0.0594059365789604,0.163475918739663
2011,10,15,661,325,598,402,0.0004195187600264,0.0040023632869188,0.0259076837483691,0.0743859715655063,0.182450322494154
2011,10,13,280,211,403,369,0.0003967431340475,0.0017059546299491,0.0148688364537397,0.0470875939649086,0.149755605220873
2011,10,28,941,536,1001,771,0.0004086276053464,0.0028577207242644,0.0200484042268901,0.0603096780076464,0.16518995196367
2011,11,20,642,320,538,378,0.0005593583467019,0.0038873180487169,0.0255091039983941,0.0669224961575959,0.171557765927338
2011,11,10,283,211,406,368,0.0003051870261904,0.00172423271527,0.0148688364537397,0.0474381219596846,0.149349763472307
2011,11,30,925,531,944,746,0.0004378152914425,0.0028091303612588,0.0198613855307437,0.0568754605786396,0.159833598138648
2011,12,20,624,360,542,355,0.0005593583467019,0.0037783278230519,0.0286977419981934,0.06742006118479,0.161119065884141
2011,12,15,219,194,411,362,0.0004577805392856,0.0013343002284245,0.0136708733271351,0.0480223352843112,0.146914712980911
2011,12,35,843,554,953,717,0.000510784506683,0.0025601047508553,0.020721671533017,0.0574177054358512,0.153620227701623
2011,13,12,728,339,620,358,0.0003356150080211,0.0044080491268939,0.0270237070482988,0.0771225792150734,0.162480635454993
2011,13,11,291,226,403,388,0.0003357057288094,0.0017729742761257,0.0159258627419202,0.0470875939649086,0.157466598443628
2011,13,23,1019,565,1023,746,0.0003356583901059,0.0030945987439165,0.021133112664539,0.0616351654363859,0.159833598138648
2011,14,20,670,366,591,394,0.0005593583467019,0.0040568583997513,0.0291760376981633,0.0735152327679167,0.178819470305215
2011,14,14,268,187,400,385,0.0004272618366665,0.0016328422886656,0.0131775943926508,0.0467370659701326,0.15624907319793
2011,14,34,938,553,991,779,0.0004961906636349,0.0028486100312008,0.0206842677937877,0.0597071837218557,0.166903985187677
2011,15,17,648,329,564,346,0.0004754545946966,0.0039236481239385,0.026226547548349,0.0701566688343571,0.157034357171585
2011,15,16,288,199,406,352,0.0004882992419046,0.0017546961908048,0.0140232154231952,0.0474381219596846,0.14285629549525
2011,15,33,936,528,970,698,0.0004815968205868,0.0028425362358252,0.0197491743130559,0.0584419457216953,0.149549398794606
2011,16,8,641,327,495,375,0.0002237433386807,0.00388126303618,0.026067115648359,0.0615736721152602,0.170196196356487
2011,16,9,259,203,376,313,0.0002746683235713,0.0015780080327029,0.0143050891000434,0.0439328420119246,0.127028467301174
2011,16,17,900,530,871,688,0.0002480953318174,0.0027332079190626,0.0198239817915145,0.0524772522923677,0.147406857264597
2011,17,16,645,280,500,356,0.0004474866773615,0.0039054830863277,0.0223204659985949,0.0621956283992527,0.161572922407758
2011,17,12,243,192,379,372,0.0003662244314285,0.0014805249109915,0.013529936488711,0.0442833700067006,0.150973130466571
2011,17,28,888,472,879,728,0.0004086276053464,0.0026967651468085,0.0176545649162167,0.0529592477210002,0.155977023384632
2011,18,14,636,323,506,331,0.0003915508426913,0.0038509879734952,0.0257482518483791,0.0629419759400438,0.150226509317325
2011,18,10,242,169,361,315,0.0003051870261904,0.0014744322158846,0.0119091628468342,0.0421802020380447,0.127840150798306
2011,18,24,878,492,867,646,0.000350252233154,0.00266639616993,0.0184026397008021,0.0522362545780514,0.138408182838561
2011,19,16,629,313,489,302,0.0004474866773615,0.0038086028857366,0.0249510923484293,0.0608273245744692,0.137064670132424
2011,19,17,280,218,338,309,0.0005188179445237,0.0017059546299491,0.0153621153882239,0.039492820744762,0.12540510030691
2011,19,33,909,531,827,611,0.0004815968205868,0.0027605399982533,0.0198613855307437,0.0498262774348887,0.130909287483531
2011,20,26,608,271,505,270,0.0007271658507125,0.0036814476224609,0.02160302244864,0.0628175846832453,0.12254126137667
2011,20,12,239,186,309,254,0.0003662244314285,0.0014561541305637,0.0131071259734388,0.0361043834619274,0.103083804135777
2011,20,38,847,457,814,524,0.0005545660358272,0.0025722523416067,0.0170935088277776,0.0490430348633608,0.112269176172455
2011,21,13,621,278,462,285,0.0003635829253562,0.0037601627854411,0.0221610340986049,0.0574687606409095,0.12934910923093
2011,21,9,285,177,302,305,0.0002746683235713,0.0017364181054839,0.0124729102005304,0.0352864848074501,0.123781733312646
2011,21,22,906,455,764,590,0.0003210645470579,0.0027514293051897,0.017018701349319,0.0460305634344074,0.126409950270512
2011,22,20,656,294,470,322,0.0005593583467019,0.0039720882242341,0.0234364892985246,0.0584638906952976,0.14614180060477
2011,22,12,279,175,321,313,0.0003662244314285,0.0016998619348421,0.0123319733621064,0.0375064954410314,0.127028467301174
2011,22,32,935,469,791,635,0.0004670029775387,0.0028394993381373,0.0175423536985288,0.0476572980060423,0.136051387155551
2011,23,19,589,286,517,309,0.0005313904293668,0.003566402384259,0.0227987616985648,0.0643102797648273,0.140241665797745
2011,23,10,257,160,303,293,0.0003051870261904,0.001565822642489,0.0112749470739258,0.0354033274723754,0.118911632329853
2011,23,29,846,446,820,602,0.0004232214483945,0.0025692154439189,0.0166820676962556,0.0494045314348352,0.128981000106523
2011,24,12,632,284,450,288,0.0003356150080211,0.0038267679233475,0.0226393297985748,0.0559760655593275,0.130710678801782
2011,24,11,259,163,356,303,0.0003357057288094,0.0015780080327029,0.0114863523315619,0.041595988713418,0.122970049815514
2011,24,23,891,447,806,591,0.0003356583901059,0.002705875839872,0.0167194714354848,0.0485610394347283,0.126624204423513
2011,25,17,634,269,478,286,0.0004754545946966,0.0038388779484214,0.0214435905486501,0.0594590207496856,0.129802965754547
2011,25,10,281,185,350,312,0.0003051870261904,0.0017120473250561,0.0130366575542267,0.040894932723866,0.126622625552608
2011,25,27,915,454,828,598,0.0003940337622983,0.0027787613843804,0.0169812976100898,0.0498865268634678,0.128123983494519
2011,26,12,558,276,463,263,0.0003356150080211,0.0033786969956137,0.0220016021986149,0.057593151897708,0.119364265711349
2011,26,15,264,164,324,258,0.0004577805392856,0.0016084715082377,0.011556820750774,0.0378570234358074,0.104707171130041
2011,26,27,822,440,787,521,0.0003940337622983,0.0024963298994105,0.0164576452608799,0.047416300291726,0.111626413713452
2011,27,8,596,297,465,312,0.0002237433386807,0.0036087874720175,0.0236756371485096,0.0578419344113051,0.141603235368597
2011,27,14,273,184,331,278,0.0004272618366665,0.0016633057642004,0.0129661891350147,0.0386749220902847,0.112824006101362
2011,27,22,869,481,796,590,0.0003210645470579,0.0026390640907394,0.0179911985692801,0.0479585451489376,0.126409950270512
2011,28,22,582,265,427,309,0.0006152941813721,0.0035240172965004,0.0211247267486702,0.0531150666529618,0.140241665797745
2011,28,9,235,174,328,280,0.0002746683235713,0.0014317833501358,0.0122615049428943,0.0383243940955087,0.113635689598494
2011,28,31,817,439,755,589,0.0004524091344906,0.0024811454109713,0.0164202415216507,0.0454883185771958,0.126195696117511
2011,29,16,598,318,433,255,0.0004474866773615,0.0036208974970914,0.0253496720984042,0.0538614141937529,0.115733413522411
2011,29,14,219,185,316,267,0.0004272618366665,0.0013343002284245,0.0130366575542267,0.0369222821164047,0.108359746867136
2011,29,30,817,503,749,522,0.0004378152914425,0.0024811454109713,0.0188140808323241,0.0451268220057214,0.111840667866453
2011,30,15,595,303,441,281,0.0004195187600264,0.0036027324594806,0.0241539328484795,0.0548565442481409,0.127533683136461
2011,30,12,246,158,327,291,0.0003662244314285,0.0014988029963124,0.0111340102355018,0.0382075514305834,0.118099948832721
2011,30,27,841,461,768,572,0.0003940337622983,0.0025540309554796,0.0172431237846947,0.0462715611487237,0.122553375516497
2011,31,14,568,292,468,298,0.0003915508426913,0.0034392471209832,0.0232770573985347,0.0582151081817006,0.135249244037955
2011,31,10,252,174,315,300,0.0003051870261904,0.0015353591669542,0.0122615049428943,0.0368054394514794,0.121752524569815
2011,31,24,820,466,783,598,0.000350252233154,0.0024902561040348,0.017430142480841,0.0471753025774097,0.128123983494519
2011,32,16,624,291,443,296,0.0004474866773615,0.0037783278230519,0.0231973414485397,0.0551053267617379,0.13434153099072
2011,32,15,264,172,288,296,0.0004577805392856,0.0016084715082377,0.0121205681044703,0.0336506874984955,0.120129157575551
2011,32,31,888,463,731,592,0.0004524091344906,0.0026967651468085,0.0173179312631532,0.0440423322912982,0.126838458576514
2011,33,15,600,289,443,265,0.0004195187600264,0.0036330075221653,0.0230379095485497,0.0551053267617379,0.120271978758584
2011,33,12,254,173,330,292,0.0003662244314285,0.0015475445571681,0.0121910365236823,0.0385580794253594,0.118505790581287
2011,33,27,854,462,773,557,0.0003940337622983,0.0025935106254217,0.0172805275239239,0.0465728082916191,0.119339563221484
2011,34,13,612,297,432,297,0.0003635829253562,0.0037056676726086,0.0236756371485096,0.0537370229369544,0.134795387514337
2011,34,12,244,189,332,281,0.0003662244314285,0.0014866176060985,0.0133185312310749,0.03879176475521,0.114041531347061
2011,34,25,856,486,764,578,0.0003648460762021,0.0025995844207974,0.0181782172654265,0.0460305634344074,0.123838900434502
2011,35,22,621,287,439,314,0.0006152941813721,0.0037601627854411,0.0228784776485597,0.0546077617345439,0.142510948415831
2011,35,16,255,181,314,265,0.0004882992419046,0.0015536372522751,0.0127547838773786,0.0366885967865541,0.107548063370004
2011,35,38,876,468,753,579,0.0005545660358272,0.0026603223745543,0.0175049499592996,0.0453678197200377,0.124053154587503
2011,36,7,605,269,463,294,0.0001957754213456,0.00366328258485,0.0214435905486501,0.057593151897708,0.133433817943485
2011,36,7,231,199,347,249,0.0002136309183332,0.001407412569708,0.0140232154231952,0.04054440472909,0.101054595392947
2011,36,14,836,468,810,543,0.0002043138026732,0.0025388464670404,0.0175049499592996,0.0488020371490445,0.116340005079472
2011,37,13,589,259,470,290,0.0003635829253562,0.003566402384259,0.0206464310487003,0.0584638906952976,0.131618391849016
2011,37,15,234,164,319,269,0.0004577805392856,0.0014256906550289,0.011556820750774,0.0372728101111807,0.109171430364268
2011,37,28,823,423,789,559,0.0004086276053464,0.0024993667970984,0.0158217816939823,0.0475367991488841,0.119768071527485
2011,38,16,609,268,424,293,0.0004474866773615,0.0036875026349978,0.0213638745986551,0.0527418928825663,0.132979961419868
2011,38,13,215,176,284,260,0.0003967431340475,0.0013099294479966,0.0124024417813184,0.0331833168387941,0.105518854627173
2011,38,29,824,444,708,553,0.0004232214483945,0.0025024036947862,0.016607260217797,0.0426565954339797,0.11848254660948
2011,39,13,542,286,480,318,0.0003635829253562,0.0032818167950227,0.0227987616985648,0.0597078032632826,0.144326374510301
2011,39,11,286,169,298,296,0.0003357057288094,0.0017425108005909,0.0119091628468342,0.0348191141477488,0.120129157575551
2011,39,24,828,455,778,614,0.000350252233154,0.0025145512855376,0.017018701349319,0.0468740554345144,0.131552049942533
2011,40,12,614,259,445,294,0.0003356150080211,0.0037177776976825,0.0206464310487003,0.0553541092753349,0.133433817943485
2011,40,8,249,181,321,292,0.0002441496209523,0.0015170810816333,0.0127547838773786,0.0375064954410314,0.118505790581287
2011,40,20,863,440,766,586,0.0002918768609617,0.0026208427046123,0.0164576452608799,0.0461510622915656,0.125552933658509
2011,41,12,632,269,457,296,0.0003356150080211,0.0038267679233475,0.0214435905486501,0.056846804356917,0.13434153099072
2011,41,13,226,170,332,262,0.0003967431340475,0.0013769490941732,0.0119796312660462,0.03879176475521,0.106330538124306
2011,41,25,858,439,789,558,0.0003648460762021,0.0026056582161731,0.0164202415216507,0.0475367991488841,0.119553817374485
2011,42,15,646,237,429,290,0.0004195187600264,0.0039115380988647,0.0188926801488107,0.0533638491665589,0.131618391849016
2011,42,6,253,163,342,284,0.0001831122157142,0.0015414518620611,0.0114863523315619,0.0399601914044634,0.115259056592759
2011,42,21,899,400,771,574,0.0003064707040098,0.0027301710213748,0.014961495691709,0.0464523094344609,0.122981883822498
2011,43,12,621,279,460,296,0.0003356150080211,0.0037601627854411,0.0222407500485999,0.0572199781273125,0.13434153099072
2011,43,11,255,193,309,291,0.0003357057288094,0.0015536372522751,0.013600404907923,0.0361043834619274,0.118099948832721
2011,43,23,876,472,769,587,0.0003356583901059,0.0026603223745543,0.0176545649162167,0.0463318105773028,0.12576718781151
2011,44,16,641,318,471,314,0.0004474866773615,0.00388126303618,0.0253496720984042,0.0585882819520961,0.142510948415831
2011,44,12,242,181,331,273,0.0003662244314285,0.0014744322158846,0.0127547838773786,0.0386749220902847,0.110794797358532
2011,44,28,883,499,802,587,0.0004086276053464,0.0026815806583692,0.018664465875407,0.048320041720412,0.12576718781151
2011,45,18,605,288,461,292,0.0005034225120317,0.00366328258485,0.0229581935985547,0.057344369384111,0.132526104896251
2011,45,12,246,167,349,295,0.0003662244314285,0.0014988029963124,0.0117682260084101,0.0407780900589407,0.119723315826985
2011,45,30,851,455,810,587,0.0004378152914425,0.0025843999323581,0.017018701349319,0.0488020371490445,0.12576718781151
2011,46,16,616,325,520,340,0.0004474866773615,0.0037298877227564,0.0259076837483691,0.0646834535352229,0.154311218029881
2011,46,7,248,171,328,262,0.0002136309183332,0.0015109883865263,0.0120500996852582,0.0383243940955087,0.106330538124306
2011,46,23,864,496,848,602,0.0003356583901059,0.0026238796023001,0.0185522546577192,0.0510915154350491,0.128981000106523
2011,47,16,656,291,486,282,0.0004474866773615,0.0039720882242341,0.0231973414485397,0.0604541508040737,0.127987539660078
2011,47,8,247,167,334,288,0.0002441496209523,0.0015048956914194,0.0117682260084101,0.0390254500850607,0.116882423587023
2011,47,24,903,458,820,570,0.000350252233154,0.0027423186121262,0.0171309125670068,0.0494045314348352,0.122124867210495
2011,48,9,628,327,509,328,0.0002517112560158,0.0038025478731997,0.026067115648359,0.0633151497104393,0.148864939746474
2011,48,14,242,180,312,286,0.0004272618366665,0.0014744322158846,0.0126843154581666,0.0364549114567034,0.116070740089891
2011,48,23,870,507,821,614,0.0003356583901059,0.0026421009884272,0.0189636957892412,0.0494647808634143,0.131552049942533
2011,49,11,610,297,532,324,0.000307647090686,0.0036935576475347,0.0236756371485096,0.0661761486168049,0.147049513652004
2011,49,10,272,202,314,372,0.0003051870261904,0.0016572130690934,0.0142346206808314,0.0366885967865541,0.150973130466571
2011,49,21,882,499,846,696,0.0003064707040098,0.0026785437606814,0.018664465875407,0.050971016577891,0.149120890488604
2011,50,7,645,310,494,350,0.0001957754213456,0.0039054830863277,0.0247119444984443,0.0614492808584617,0.158849783266054
2011,50,12,289,192,341,328,0.0003662244314285,0.0017607888859118,0.013529936488711,0.039843348739538,0.133116093529665
2011,50,19,934,502,835,678,0.0002772830179136,0.0028364624404495,0.0187766770930948,0.0503082728635212,0.145264315734589
2011,51,15,663,311,541,363,0.0004195187600264,0.0040144733119927,0.0247916604484393,0.0672956699279915,0.164749918073079
2011,51,13,278,205,388,342,0.0003967431340475,0.0016937692397352,0.0144460259384675,0.0453349539910286,0.13879787800959
2011,51,28,941,516,929,705,0.0004086276053464,0.0028577207242644,0.0193003294423047,0.0559717191499536,0.151049177865612
2011,52,13,638,316,571,363,0.0003635829253562,0.0038630979985691,0.0251902401984142,0.0710274076319466,0.164749918073079
2011,52,13,256,203,360,370,0.0003967431340475,0.001559729947382,0.0143050891000434,0.0420633593731193,0.150161446969439
2011,52,26,894,519,931,733,0.0003794399192502,0.0027149865329356,0.0194125406599925,0.0560922180071117,0.157048294149637
2012,1,13,651,351,632,389,0.0003748494634221,0.0039158182576284,0.027521965336528,0.0791298455457922,0.161460167810658
2012,1,15,305,195,376,372,0.000471743335257,0.0018431454201809,0.0135307189754358,0.0423583049849376,0.139798772829259
2012,1,28,956,546,1008,761,0.0004211948869648,0.0028818898305611,0.0200993180892912,0.0597739752087734,0.15009179524989
2012,2,25,669,306,585,386,0.0007208643527348,0.0040240897301895,0.0239935082421013,0.073245189310583,0.160214973714432
2012,2,13,255,232,405,387,0.0004088442238894,0.001540990433266,0.0160980861656467,0.0456253019119674,0.145435820120761
2012,2,38,924,538,990,773,0.0005716216323094,0.0027854248989942,0.0198048225861514,0.0587065827943311,0.15245855154818
2012,3,12,622,326,605,442,0.0003460148893127,0.0037413808851687,0.0255617113951798,0.0757492983468422,0.183458596843986
2012,3,12,275,188,381,383,0.0003773946682056,0.001661852428032,0.0130450008583689,0.0429215803171841,0.143932607509694
2012,3,24,897,514,986,825,0.000361024188827,0.0027040326129846,0.018921336076732,0.0584693844800105,0.162714495507436
2012,4,16,717,360,573,439,0.0004613531857503,0.0043128136570193,0.0282276567554133,0.0717427238888274,0.18221340274776
2012,4,15,267,225,421,417,0.000471743335257,0.0016135076301256,0.0156123680485798,0.0474277829751562,0.156709914703766
2012,4,31,984,585,994,856,0.0004663229105682,0.0029662966456821,0.0215349836670977,0.0589437811086516,0.168828615944685
2012,5,14,673,368,642,419,0.0004036840375315,0.0040481500574253,0.0288549380166447,0.0803819000639218,0.173912108772919
2012,5,7,300,200,404,402,0.0002201468897866,0.0018129299214894,0.0138776604876265,0.0455126468455181,0.151072867412263
2012,5,21,973,568,1046,821,0.0003158961652236,0.002933136825456,0.0209091807229256,0.0620273591948185,0.16192557674134
2012,6,12,644,340,561,414,0.0003460148893127,0.0038737126849657,0.0266594536023348,0.0702402584670719,0.171836785279209
2012,6,10,276,187,392,429,0.000314495556838,0.0016678955277703,0.0129756125559308,0.0441607860481264,0.161219552536967
2012,6,22,920,527,953,843,0.000330938839758,0.0027733667825483,0.0193998912693342,0.0565124983868662,0.166264629954871
2012,7,17,654,355,589,405,0.0004901877598597,0.0039338635030552,0.0278356059671437,0.0737460111178348,0.16810120299053
2012,7,12,275,214,362,422,0.0003773946682056,0.001661852428032,0.0148490967217603,0.0407811340546474,0.1585889304676
2012,7,29,929,569,951,827,0.0004362375614992,0.0028004975445515,0.0209459926608181,0.0563938992297059,0.163108954890485
2012,8,17,656,326,552,402,0.0004901877598597,0.0039458936666731,0.0255617113951798,0.0691134094007552,0.166856008894304
2012,8,9,263,208,349,387,0.0002830460011542,0.0015893352311724,0.0144327669071315,0.0393166181908064,0.145435820120761
2012,8,26,919,534,901,789,0.0003911095378959,0.0027703522534368,0.0196575748345815,0.0534289203006993,0.155614226612566
2012,9,16,622,312,542,377,0.0004613531857503,0.0037413808851687,0.0244639691880249,0.0678613548826256,0.156479391425753
2012,9,9,312,200,431,404,0.0002830460011542,0.001885447118349,0.0138776604876265,0.0485543336396492,0.151824473717797
2012,9,25,934,512,973,781,0.0003760668633614,0.0028155701901088,0.018847712200947,0.0576984899584688,0.154036389080373
2012,10,22,647,299,538,407,0.0006343606304066,0.0038917579303925,0.0234446371385238,0.0673605330753737,0.168931332388015
2012,10,12,276,215,403,360,0.0003773946682056,0.0016678955277703,0.0149184850241985,0.0453999917790688,0.135289134996057
2012,10,34,923,514,941,767,0.0005114509341715,0.0027824103698827,0.018921336076732,0.0558009034439046,0.151275173399035
2012,11,14,659,332,533,375,0.0004036840375315,0.0039639389121,0.0260321723411034,0.0667345058163089,0.155649262028269
2012,11,11,249,195,386,367,0.0003459451125218,0.0015047318348362,0.0135307189754358,0.0434848556494306,0.137919757065424
2012,11,25,908,527,919,742,0.0003760668633614,0.0027371924332107,0.0193998912693342,0.0544963127151417,0.146344431110931
2012,12,14,641,293,494,365,0.0004036840375315,0.0038556674395388,0.0229741761926003,0.0618514931956034,0.151498615040848
2012,12,7,237,207,333,385,0.0002201468897866,0.0014322146379766,0.0143633786046934,0.0375141371276176,0.144684213815227
2012,12,21,878,500,827,750,0.0003158961652236,0.0026467565598668,0.0184059689462373,0.0490407514857695,0.147922268643124
2012,13,17,689,294,545,351,0.0004901877598597,0.0041443913663686,0.0230525863502542,0.0682369712380645,0.14568770925846
2012,13,14,283,203,368,364,0.0004402937795732,0.0017101972259383,0.0140858253949409,0.0414570644533432,0.136792347607124
2012,13,31,972,497,913,715,0.0004663229105682,0.0029301222963445,0.0182955331325599,0.0541405152436609,0.141019229439778
2012,14,8,686,293,527,366,0.0002306765928751,0.0041263461209417,0.0229741761926003,0.0659832731054311,0.15191367973959
2012,14,13,275,204,346,349,0.0004088442238894,0.001661852428032,0.014155213697379,0.0389786529914585,0.131155300315622
2012,14,21,961,497,873,715,0.0003158961652236,0.0028969624761184,0.0182955331325599,0.0517685321004556,0.141019229439778
2012,15,16,668,298,493,325,0.0004613531857503,0.0040180746483806,0.0233662269808699,0.0617262877437904,0.134896027091166
2012,15,17,269,212,350,354,0.0005346424466246,0.0016255938296022,0.0147103201168841,0.0394292732572557,0.133034316079456
2012,15,33,937,510,843,679,0.0004964082596371,0.0028246137774432,0.0187740883251621,0.0499895447430516,0.133918960544908
2012,16,14,600,336,463,333,0.0004036840375315,0.0036090490853718,0.0263458129717191,0.0579701241894016,0.138216544681103
2012,16,8,241,182,354,340,0.0002515964454704,0.0014563870369298,0.0126286710437401,0.039879893523053,0.12777307194072
2012,16,22,841,518,817,673,0.000330938839758,0.0025352189827425,0.0190685838283019,0.0484477556999682,0.132735582395763
2012,17,8,591,309,473,322,0.0002306765928751,0.0035549133490912,0.0242287387150631,0.0592221787075312,0.13365083299494
2012,17,11,285,190,317,331,0.0003459451125218,0.0017222834254149,0.0131837774632451,0.0357116560644288,0.124390843565819
2012,17,19,876,499,790,653,0.0002858108161547,0.0026407275016438,0.0183691570083449,0.0468466670783046,0.12879098856528
2012,18,14,627,300,453,363,0.0004036840375315,0.0037714562942135,0.0235230472961778,0.0567180696712719,0.150668485643364
2012,18,9,262,205,341,349,0.0002830460011542,0.0015832921314341,0.0142246019998171,0.038415377659212,0.131155300315622
2012,18,23,889,505,794,712,0.0003459815142925,0.0026799163800929,0.0185900286356997,0.0470838653926251,0.140427540365206
2012,19,14,673,330,498,328,0.0004036840375315,0.0040481500574253,0.0258753520257955,0.0623523150028552,0.136141221187393
2012,19,12,265,192,355,307,0.0003773946682056,0.001601421430649,0.0133225540681214,0.0399925485895023,0.115371567899415
2012,19,26,938,522,853,635,0.0003911095378959,0.0028276283065547,0.0192158315798718,0.0505825405288529,0.125240854117845
2012,20,15,613,292,480,303,0.0004325186116409,0.0036872451488881,0.0228957660349464,0.0600986168702219,0.125764603718841
2012,20,15,269,153,332,339,0.000471743335257,0.0016255938296022,0.0106164102730343,0.0374014820611683,0.127397268787953
2012,20,30,882,445,812,642,0.0004512802360337,0.0026588146763126,0.0163813123621512,0.0481512578070675,0.126621461958514
2012,21,16,623,293,454,335,0.0004613531857503,0.0037473959669777,0.0229741761926003,0.0568432751230849,0.139046674078587
2012,21,10,272,180,339,296,0.000314495556838,0.0016437231288171,0.0124898944388638,0.0381900675263134,0.11123773321898
2012,21,26,895,473,793,631,0.0003911095378959,0.0026980035547617,0.0174120466231405,0.047024565814045,0.124451935351748
2012,22,11,584,288,454,340,0.0003171803152033,0.0035128077764285,0.0225821254043307,0.0568432751230849,0.141121997572297
2012,22,12,266,199,338,328,0.0003773946682056,0.0016074645303873,0.0138082721851883,0.0380774124598641,0.123263434107518
2012,22,23,850,487,792,668,0.0003459815142925,0.0025623497447457,0.0179274137536352,0.0469652662354649,0.131749433938142
2012,23,12,630,301,474,321,0.0003460148893127,0.0037895015396403,0.0236014574538317,0.0593473841593441,0.133235768296198
2012,23,7,264,160,333,301,0.0002201468897866,0.0015953783309107,0.0111021283901012,0.0375141371276176,0.113116748982814
2012,23,19,894,461,807,622,0.0002858108161547,0.0026949890256502,0.0169703033684308,0.0478547599141668,0.122676868128031
2012,24,21,612,284,458,349,0.0006055260562972,0.0036812300670792,0.0222684847737149,0.0573440969303367,0.144857579860976
2012,24,16,287,182,363,319,0.0005031928909408,0.0017343696248915,0.0126286710437401,0.0408937891210967,0.119881205732617
2012,24,37,899,466,821,668,0.0005565789577749,0.0027100616712075,0.0171543630578932,0.0486849540142887,0.131749433938142
2012,25,23,604,295,482,324,0.000663195204516,0.0036331094126076,0.0231309965079081,0.0603490277738478,0.134480962392424
2012,25,16,261,192,342,315,0.0005031928909408,0.0015772490316958,0.0133225540681214,0.0385280327256613,0.11837799312155
2012,25,39,865,487,824,639,0.0005866643068438,0.0026075676814177,0.0179274137536352,0.0488628527500291,0.126029772883942
2012,26,17,605,348,507,365,0.0004901877598597,0.0036391244944165,0.0272867348635662,0.0634791640691719,0.151498615040848
2012,26,10,270,195,365,323,0.000314495556838,0.0016316369293405,0.0135307189754358,0.0411190992539953,0.121384418343684
2012,26,27,875,543,872,688,0.0004061522124303,0.0026377129725324,0.0199888822756138,0.0517092325218754,0.135694027768626
2012,27,21,643,303,497,384,0.0006055260562972,0.0038676976031567,0.0237582777691395,0.0622271095510423,0.159384844316947
2012,27,10,261,190,383,406,0.000314495556838,0.0015772490316958,0.0131837774632451,0.0431468904500827,0.152576080023331
2012,27,31,904,493,880,790,0.0004663229105682,0.0027251343167649,0.01814828538099,0.0521836291505165,0.15581145630409
2012,28,16,610,300,524,369,0.0004613531857503,0.0036691999034613,0.0235230472961778,0.0656076567499922,0.153158873835817
2012,28,11,268,200,415,371,0.0003459451125218,0.0016195507298639,0.0138776604876265,0.0467518525764604,0.139422969676492
2012,28,27,878,500,939,740,0.0004061522124303,0.0026467565598668,0.0184059689462373,0.0556823042867443,0.145949971727882
2012,29,15,643,299,480,368,0.0004325186116409,0.0038676976031567,0.0234446371385238,0.0600986168702219,0.152743809137075
2012,29,10,287,203,347,376,0.000314495556838,0.0017343696248915,0.0140858253949409,0.0390913080579078,0.141301985440326
2012,29,25,930,502,827,744,0.0003760668633614,0.002803512073663,0.0184795928220223,0.0490407514857695,0.146738890493979
2012,30,13,599,318,462,304,0.0003748494634221,0.0036030340035628,0.0249344301339484,0.0578449187375886,0.126179668417583
2012,30,9,240,174,336,349,0.0002830460011542,0.0014503439371915,0.012073564624235,0.0378521023269655,0.131155300315622
2012,30,22,839,492,798,653,0.000330938839758,0.0025291899245196,0.0181114734430975,0.0473210637069456,0.12879098856528
2012,31,15,613,287,505,326,0.0004325186116409,0.0036872451488881,0.0225037152466767,0.063228753165546,0.135311091789908
2012,31,13,263,205,366,301,0.0004088442238894,0.0015893352311724,0.0142246019998171,0.0412317543204446,0.113116748982814
2012,31,28,876,492,871,627,0.0004211948869648,0.0026407275016438,0.0181114734430975,0.0516499329432953,0.123663016585652
2012,32,21,611,310,479,331,0.0006055260562972,0.0036752149852702,0.024307148872717,0.059973411418409,0.137386415283619
2012,32,13,267,192,317,329,0.0004088442238894,0.0016135076301256,0.0133225540681214,0.0357116560644288,0.123639237260285
2012,32,34,878,502,796,660,0.0005114509341715,0.0026467565598668,0.0184795928220223,0.0472024645497854,0.130171596405949
2012,33,19,631,260,456,365,0.0005478569080784,0.0037955166214493,0.0203866409900207,0.0570936860267108,0.151498615040848
2012,33,13,274,177,380,296,0.0004088442238894,0.0016558093282937,0.0122817295315494,0.0428089252507348,0.11123773321898
2012,33,32,905,437,836,661,0.0004813655851026,0.0027281488458763,0.0160868168590114,0.0495744476929907,0.130368826097473
2012,34,17,625,258,447,306,0.0004901877598597,0.0037594261305956,0.0202298206747129,0.0559668369603942,0.127009797815067
2012,34,11,233,177,330,308,0.0003459451125218,0.0014080422390234,0.0122817295315494,0.0371761719282697,0.115747371052182
2012,34,28,858,435,777,614,0.0004211948869648,0.0025864659776374,0.0160131929832265,0.0460757725567629,0.121099030595837
2012,35,20,614,276,478,345,0.0005766914821878,0.0036932602306971,0.0216412035124835,0.059848205966596,0.143197321066007
2012,35,9,281,181,362,319,0.0002830460011542,0.0016981110264617,0.012559282741302,0.0407811340546474,0.119881205732617
2012,35,29,895,457,840,664,0.0004362375614992,0.0026980035547617,0.0168230556168609,0.0498116460073112,0.130960515172046
2012,36,17,636,286,492,351,0.0004901877598597,0.0038255920304941,0.0224253050890228,0.0616010822919775,0.14568770925846
2012,36,14,279,178,306,286,0.0004402937795732,0.0016860248269851,0.0123511178339876,0.0344724503334865,0.107479701691312
2012,36,31,915,464,798,637,0.0004663229105682,0.002758294136991,0.0170807391821083,0.0473210637069456,0.125635313500893
2012,37,15,634,285,460,330,0.0004325186116409,0.0038135618668762,0.0223468949313689,0.0575945078339627,0.136971350584877
2012,37,9,272,168,324,316,0.0002830460011542,0.0016437231288171,0.0116572348096062,0.0365002415295739,0.118753796274316
2012,37,24,906,453,784,646,0.000361024188827,0.0027311633749878,0.016675807865291,0.0464908696068238,0.127410380724611
2012,38,14,625,319,445,309,0.0004036840375315,0.0037594261305956,0.0250128402916024,0.0557164260567682,0.128254991911294
2012,38,17,243,157,374,299,0.0005346424466246,0.0014684732364064,0.0108939634827868,0.042132994852039,0.11236514267728
2012,38,31,868,476,819,608,0.0004663229105682,0.0026166112687521,0.017522482436818,0.0485663548571284,0.119915652446692
2012,39,12,598,286,454,302,0.0003460148893127,0.0035970189217538,0.0224253050890228,0.0568432751230849,0.125349539020099
2012,39,12,271,178,342,293,0.0003773946682056,0.0016376800290788,0.0123511178339876,0.0385280327256613,0.110110323760679
2012,39,24,869,464,796,595,0.000361024188827,0.0026196257978636,0.0170807391821083,0.0472024645497854,0.117351666456878
2012,40,15,595,275,456,326,0.0004325186116409,0.003578973676327,0.0215627933548296,0.0570936860267108,0.135311091789908
2012,40,14,279,199,343,310,0.0004402937795732,0.0016860248269851,0.0138082721851883,0.0386406877921106,0.116498977357715
2012,40,29,874,474,799,636,0.0004362375614992,0.0026346984434209,0.017448858561033,0.0473803632855258,0.125438083809369
2012,41,16,601,282,484,344,0.0004613531857503,0.0036150641671807,0.0221116644584071,0.0605994386774738,0.142782256367265
2012,41,15,260,183,334,311,0.000471743335257,0.0015712059319575,0.0126980593461782,0.0376267921940669,0.116874780510482
2012,41,31,861,465,818,655,0.0004663229105682,0.0025955095649718,0.0171175511200007,0.0485070552785483,0.129185447948328
2012,42,16,606,278,453,324,0.0004613531857503,0.0036451395762255,0.0217980238277914,0.0567180696712719,0.134480962392424
2012,42,7,263,196,380,325,0.0002201468897866,0.0015893352311724,0.0136001072778739,0.0428089252507348,0.122136024649218
2012,42,23,869,474,833,649,0.0003459815142925,0.0026196257978636,0.017448858561033,0.0493965489572503,0.128002069799183
2012,43,17,616,277,465,334,0.0004901877598597,0.003705290394315,0.0217196136701375,0.0582205350930275,0.138631609379845
2012,43,18,256,184,328,319,0.0005660920023084,0.0015470335330043,0.0127674476486164,0.0369508617953711,0.119881205732617
2012,43,35,872,461,793,653,0.000526493608706,0.002628669385198,0.0169703033684308,0.047024565814045,0.12879098856528
2012,44,14,593,267,486,307,0.0004036840375315,0.0035669435127091,0.0209355120935982,0.0608498495810997,0.12742486251381
2012,44,12,255,171,342,320,0.0003773946682056,0.001540990433266,0.0118653997169206,0.0385280327256613,0.120257008885384
2012,44,26,848,438,828,627,0.0003911095378959,0.0025563206865228,0.0161236287969039,0.0491000510643496,0.123663016585652
2012,45,14,623,285,451,308,0.0004036840375315,0.0037473959669777,0.0223468949313689,0.056467658767646,0.127839927212552
2012,45,10,228,192,312,285,0.000314495556838,0.0013778267403319,0.0133225540681214,0.0351483807321823,0.107103898538545
2012,45,24,851,477,763,593,0.000361024188827,0.0025653642738572,0.0175592943747104,0.045245578456641,0.11695720707383
2012,46,15,649,267,442,370,0.0004325186116409,0.0039037880940105,0.0209355120935982,0.0553408097013293,0.153573938534559
2012,46,12,261,163,353,315,0.0003773946682056,0.0015772490316958,0.0113102932974156,0.0397672384566037,0.11837799312155
2012,46,27,910,430,795,685,0.0004061522124303,0.0027432214914337,0.0158291332937641,0.0471431649712052,0.135102338694053
2012,47,11,568,291,485,329,0.0003171803152033,0.0034165664674853,0.0228173558772924,0.0607246441292867,0.136556285886135
2012,47,15,275,178,334,270,0.000471743335257,0.001661852428032,0.0123511178339876,0.0376267921940669,0.101466851247042
2012,47,26,843,469,819,599,0.0003911095378959,0.0025412480409655,0.0172647988715706,0.0485663548571284,0.118140585222975
2012,48,22,641,297,447,333,0.0006343606304066,0.0038556674395388,0.023287816823216,0.0559668369603942,0.138216544681103
2012,48,12,264,161,369,329,0.0003773946682056,0.0015953783309107,0.0111715166925393,0.0415697195197925,0.123639237260285
2012,48,34,905,458,816,662,0.0005114509341715,0.0027281488458763,0.0168598675547534,0.048388456121388,0.130566055788997
2012,49,17,644,290,464,322,0.0004901877598597,0.0038737126849657,0.0227389457196385,0.0580953296412145,0.13365083299494
2012,49,13,249,200,342,343,0.0004088442238894,0.0015047318348362,0.0138776604876265,0.0385280327256613,0.128900481399021
2012,49,30,893,490,806,665,0.0004512802360337,0.0026919744965387,0.0180378495673126,0.0477954603355867,0.13115774486357
2012,50,16,642,288,536,378,0.0004613531857503,0.0038616825213478,0.0225821254043307,0.0671101221717478,0.156894456124495
2012,50,15,251,185,353,334,0.000471743335257,0.0015168180343128,0.0128368359510545,0.0397672384566037,0.125518253024119
2012,50,31,893,473,889,712,0.0004663229105682,0.0026919744965387,0.0174120466231405,0.0527173253577377,0.140427540365206
2012,51,12,639,353,494,375,0.0003460148893127,0.0038436372759209,0.0276787856518358,0.0618514931956034,0.155649262028269
2012,51,16,247,192,403,339,0.0005031928909408,0.0014926456353596,0.0133225540681214,0.0453999917790688,0.127397268787953
2012,51,28,886,545,897,714,0.0004211948869648,0.0026708727927585,0.0200625061513987,0.0531917219863788,0.140821999748254
2012,52,14,631,313,506,378,0.0004036840375315,0.0037955166214493,0.0245423793456788,0.0633539586173589,0.156894456124495
2012,52,11,251,184,361,370,0.0003459451125218,0.0015168180343128,0.0127674476486164,0.0406684789881981,0.139047166523725
2012,52,25,882,497,867,748,0.0003760668633614,0.0026588146763126,0.0182955331325599,0.0514127346289748,0.147527809260076
2013,1,11,680,336,573,409,0.000324564495917,0.0040764987594987,0.025451435217969,0.0720127604407325,0.156869569446212
2013,1,11,268,203,385,403,0.000353770961468,0.0016121216519029,0.0136527512647721,0.041811549789717,0.140606540715773
2013,1,22,948,539,958,812,0.0003385389707375,0.0028464162926845,0.0192017138440776,0.05581155207483,0.148353434631118
2013,2,12,695,311,513,388,0.0003540703591822,0.0041664215262523,0.0235577272404415,0.0644721572532212,0.148815141675135
2013,2,12,266,190,396,404,0.0003859319579651,0.0016000908933066,0.012778437144368,0.0430061654979946,0.140955440320527
2013,2,24,961,501,909,792,0.0003693152408045,0.0028854494274998,0.0178479752057196,0.0529568902254911,0.144699409147593
2013,3,13,656,311,560,432,0.0003835762224473,0.0039326223326928,0.0235577272404415,0.0703789630834384,0.165691085576439
2013,3,15,289,204,358,394,0.0004824149474564,0.0017384446171639,0.0137200061971109,0.0388793112330355,0.137466444272989
2013,3,28,945,515,918,826,0.0004308677809386,0.0028374086461887,0.0183467210198515,0.053481215871288,0.150911252469585
2013,4,22,661,353,512,438,0.000649128991834,0.0039625965882774,0.0267391566426877,0.0643464805334294,0.167992350653889
2013,4,13,268,216,407,401,0.0004180929544622,0.0016121216519029,0.0145270653851762,0.0442007812062722,0.139908741506266
2013,4,35,929,569,919,839,0.0005385847261733,0.0027893678648775,0.0202704548743602,0.0535394742763765,0.153286369033877
2013,5,16,640,330,533,409,0.0004720938122429,0.0038367047148223,0.0249969453033624,0.0669856916490583,0.156869569446212
2013,5,12,261,203,371,417,0.0003859319579651,0.0015700139968159,0.0136527512647721,0.0402911297973636,0.145491135182326
2013,5,28,901,533,904,826,0.0004308677809386,0.002705296497583,0.0189879656380211,0.0526655982000483,0.150911252469585
2013,6,11,667,316,488,424,0.000324564495917,0.0039985656949788,0.023936468835947,0.0613302392584249,0.162622732139838
2013,6,10,255,188,372,397,0.0003216099649709,0.001533921721027,0.0126439272796904,0.0403997312253889,0.13851314308725
2013,6,21,922,504,860,821,0.000323150835704,0.0027683500230539,0.0179548493087479,0.0501022283761521,0.149997746098704
2013,7,9,672,322,534,420,0.0002655527693866,0.0040285399505634,0.0243909587505536,0.0671113683688501,0.161088555421538
2013,7,12,263,197,392,393,0.0003859319579651,0.0015820447554122,0.0132492216707394,0.0425717597858937,0.137117544668235
2013,7,21,935,519,926,813,0.000323150835704,0.0028073831578692,0.0184892198238892,0.0539472831119964,0.148536135905294
2013,8,12,712,331,506,387,0.0003540703591822,0.0042683339952398,0.0250726936224635,0.0635924202146782,0.14843159749556
2013,8,10,303,198,366,394,0.0003216099649709,0.001822659927338,0.0133164766030782,0.0397481226572374,0.137466444272989
2013,8,22,1015,529,872,781,0.0003385389707375,0.0030475870644249,0.0188454668339834,0.0508013292372147,0.142689695131654
2013,9,15,649,304,516,373,0.0004425879489777,0.0038906583748745,0.0230274890067339,0.0648491874125968,0.143061978981509
2013,9,12,276,202,384,375,0.0003859319579651,0.001660244686288,0.0135854963324333,0.0417029483616917,0.130837351782667
2013,9,27,925,506,900,748,0.0004154796459051,0.0027773576695497,0.0180260987107667,0.0524325645796941,0.136660553083838
2013,10,15,646,325,530,406,0.0004425879489777,0.0038726738215237,0.0246182037078569,0.0666086614896827,0.155718936907487
2013,10,13,256,220,381,374,0.0004180929544622,0.0015399371003251,0.0147960851145314,0.041377144077616,0.130488452177914
2013,10,28,902,545,911,780,0.0004308677809386,0.002708299046415,0.0194154620501341,0.0530734070356682,0.142506993857478
2013,11,15,649,329,516,354,0.0004425879489777,0.0038906583748745,0.0249211969842613,0.0648491874125968,0.135774639569582
2013,11,14,274,187,359,373,0.0004502539509593,0.0016482139276918,0.0125766723473516,0.0389879126610608,0.13013955257316
2013,11,29,923,516,875,727,0.0004462559159722,0.0027713525718858,0.0183823457208609,0.0509761044524804,0.132823826326136
2013,12,12,619,280,477,353,0.0003540703591822,0.0037108128413672,0.0212095293483075,0.0599477953407145,0.135391095390007
2013,12,11,247,181,365,360,0.000353770961468,0.0014857986866418,0.012173142753319,0.0396395212292122,0.125603857711361
2013,12,23,866,461,842,713,0.000353927105771,0.0026002072884649,0.0164229871653428,0.0490535770845583,0.130266008487669
2013,13,16,601,289,468,361,0.0004720938122429,0.0036029055212628,0.0218912642202174,0.0588167048625878,0.138459448826607
2013,13,9,256,163,349,319,0.0002894489684738,0.0015399371003251,0.010962553971221,0.0379018983808084,0.111298973916456
2013,13,25,857,452,817,680,0.0003847033758381,0.0025731843489774,0.016102364856258,0.0475971169573445,0.124236866439852
2013,14,23,635,295,473,364,0.0006786348550992,0.0038067304592377,0.022345754134824,0.059445088461547,0.139610081365333
2013,14,15,271,161,348,362,0.0004824149474564,0.0016301677897973,0.0108280441065434,0.0377932969527831,0.126301656920868
2013,14,38,906,456,821,726,0.0005847491312739,0.0027203092417428,0.0162448636602957,0.0478301505776987,0.13264112505196
2013,15,16,624,304,479,378,0.0004720938122429,0.0037407870969517,0.0230274890067339,0.0601991487802982,0.144979699879384
2013,15,6,255,192,359,365,0.0001929659789825,0.001533921721027,0.0129129470090455,0.0389879126610608,0.12734835573513
2013,15,22,879,496,838,743,0.0003385389707375,0.0026392404232802,0.0176698517006725,0.0488205434642041,0.135747046712956
2013,16,12,621,287,523,355,0.0003540703591822,0.003722802543601,0.0217397675820152,0.0657289244511398,0.136158183749157
2013,16,11,244,206,355,364,0.000353770961468,0.0014677525487474,0.0138545160617884,0.0385535069489598,0.126999456130376
2013,16,23,865,493,878,719,0.000353927105771,0.002597204739633,0.0175629775976443,0.051150879667746,0.131362216132726
2013,17,9,595,321,493,399,0.0002655527693866,0.0035669364145613,0.0243152104314525,0.0619586228573841,0.153034127650461
2013,17,12,281,182,360,340,0.0003859319579651,0.0016903215827788,0.0122403976856578,0.039096514089086,0.118625865616285
2013,17,21,876,503,853,739,0.000323150835704,0.0026302327767844,0.0179192246077385,0.0496944195405323,0.135016241616251
2013,18,15,583,267,479,391,0.0004425879489777,0.0034949982011584,0.0202248011999932,0.0601991487802982,0.14996577421386
2013,18,6,255,210,319,343,0.0001929659789825,0.001533921721027,0.0141235357911436,0.0346438555400512,0.119672564430546
2013,18,21,838,477,798,734,0.000323150835704,0.0025161359211705,0.0169929823814935,0.0464902072606621,0.13410273524537
2013,19,10,576,250,477,352,0.0002950586326518,0.00345303424334,0.0189370797752745,0.0599477953407145,0.135007551210432
2013,19,9,255,176,338,340,0.0002894489684738,0.001533921721027,0.0118368680916251,0.0367072826725308,0.118625865616285
2013,19,19,831,426,815,692,0.0002923745656369,0.0024951180793468,0.0151761226300131,0.0474806001471674,0.126429281729967
2013,20,16,649,312,476,345,0.0004720938122429,0.0038906583748745,0.0236334755595426,0.0598221186209226,0.132322741953406
2013,20,11,251,200,357,326,0.000353770961468,0.0015098602038344,0.0134509864677558,0.0387707098050103,0.113741271149732
2013,20,27,900,512,833,671,0.0004154796459051,0.0027022939487511,0.0182398469168233,0.0485292514387613,0.122592554972266
2013,21,15,648,299,468,344,0.0004425879489777,0.0038846635237576,0.0226487474112284,0.0588167048625878,0.131939197773831
2013,21,7,254,183,335,321,0.0002251269754796,0.0015279063417289,0.0123076526179965,0.036381478388455,0.111996773125963
2013,21,22,902,482,803,665,0.0003385389707375,0.002708299046415,0.0171711058865406,0.0467814992861049,0.121496347327209
2013,22,17,625,296,522,368,0.0005015996755081,0.0037467819480686,0.0224215024539251,0.0656032477313479,0.141144258083633
2013,22,13,283,161,356,340,0.0004180929544622,0.0017023523413751,0.0108280441065434,0.0386621083769851,0.118625865616285
2013,22,30,908,457,878,708,0.0004616440510057,0.0027263143394067,0.0162804883613051,0.051150879667746,0.129352502116788
2013,23,18,597,282,491,365,0.0005311055387733,0.0035789261167952,0.0213610259865097,0.0617072694178004,0.139993625544908
2013,23,16,280,189,369,323,0.0005145759439535,0.0016843062034806,0.0127111822120292,0.0400739269413132,0.112694572335471
2013,23,34,877,471,860,688,0.0005231965911398,0.0026332353256163,0.016779234175437,0.0501022283761521,0.125698476633262
2013,24,22,581,282,464,330,0.000649128991834,0.0034830084989246,0.0213610259865097,0.0583139979834204,0.12656957925978
2013,24,16,276,192,364,341,0.0005145759439535,0.001660244686288,0.0129129470090455,0.039530919801187,0.118974765221039
2013,24,38,857,474,828,671,0.0005847491312739,0.0025731843489774,0.0168861082784653,0.0482379594133186,0.122592554972266
2013,25,8,574,292,465,338,0.0002360469061214,0.0034410445411062,0.0221185091775207,0.0584396747032122,0.12963793269638
2013,25,14,233,179,357,345,0.0004502539509593,0.0014015833764678,0.0120386328886414,0.0387707098050103,0.120370363640054
2013,25,22,807,471,822,683,0.0003385389707375,0.0024230569073801,0.016779234175437,0.0478884089827873,0.124784970262381
2013,26,13,625,306,436,380,0.0003835762224473,0.0037467819480686,0.023178985644936,0.0547950498292484,0.145746788238534
2013,26,14,275,190,371,327,0.0004502539509593,0.0016542293069899,0.012778437144368,0.0402911297973636,0.114090170754486
2013,26,27,900,496,807,707,0.0004154796459051,0.0027022939487511,0.0176698517006725,0.0470145329064591,0.129169800842611
2013,27,18,622,306,475,372,0.0005311055387733,0.0037287973947179,0.023178985644936,0.0596964419011308,0.142678434801933
2013,27,3,259,187,375,365,9.64829894912892e-05,0.0015579832382196,0.0125766723473516,0.0407255355094646,0.12734835573513
2013,27,21,881,493,850,737,0.000323150835704,0.0026452455209441,0.0175629775976443,0.0495196443252667,0.134650839067899
2013,28,14,638,296,461,355,0.0004130820857125,0.0038247150125885,0.0224215024539251,0.0579369678240448,0.136158183749157
2013,28,13,270,211,369,328,0.0004180929544622,0.0016241524104992,0.0141907907234823,0.0400739269413132,0.11443907035924
2013,28,27,908,507,830,683,0.0004154796459051,0.0027263143394067,0.0180617234117762,0.0483544762234957,0.124784970262381
2013,29,13,621,286,422,330,0.0003835762224473,0.003722802543601,0.0216640192629141,0.0530355757521625,0.12656957925978
2013,29,12,226,188,343,328,0.0003859319579651,0.0013594757213808,0.0126439272796904,0.037250289812657,0.11443907035924
2013,29,25,847,474,765,658,0.0003847033758381,0.002543158860658,0.0168861082784653,0.04456767989274,0.120217438407975
2013,30,17,640,293,451,360,0.0005015996755081,0.0038367047148223,0.0221942574966218,0.0566802006261263,0.138075904647032
2013,30,9,257,179,306,317,0.0002894489684738,0.0015459524796233,0.0120386328886414,0.0332320369757231,0.110601174706948
2013,30,26,897,472,757,677,0.0004000915108716,0.0026932863022553,0.0168148588764464,0.0441016126520316,0.123688762617324
2013,31,19,604,289,420,342,0.0005606114020385,0.0036208900746135,0.0218912642202174,0.0527842223125788,0.131172109414681
2013,31,19,276,178,327,326,0.0006110589334448,0.001660244686288,0.0119713779563026,0.0355126669642531,0.113741271149732
2013,31,38,880,467,747,668,0.0005847491312739,0.0026422429721122,0.0166367353713993,0.0435190286011461,0.122044451149737
2013,32,9,607,306,481,346,0.0002655527693866,0.0036388746279642,0.023178985644936,0.0604505022198819,0.132706286132981
2013,32,9,264,185,343,350,0.0002894489684738,0.0015880601347103,0.0124421624826741,0.037250289812657,0.122114861663823
2013,32,18,871,491,824,696,0.0002769864306034,0.0026152200326247,0.0174917281956254,0.0480049257929644,0.127160086826672
2013,33,11,608,312,471,369,0.000324564495917,0.0036448694790812,0.0236334755595426,0.0591937350219633,0.141527802263208
2013,33,9,275,192,344,327,0.0002894489684738,0.0016542293069899,0.0129129470090455,0.0373588912406822,0.114090170754486
2013,33,20,883,504,815,696,0.0003077627006704,0.002651250618608,0.0179548493087479,0.0474806001471674,0.127160086826672
2013,34,8,643,264,445,343,0.0002360469061214,0.003854689268173,0.0199975562426899,0.0559261403073751,0.131555653594256
2013,34,8,243,169,332,326,0.0002572879719767,0.0014617371694493,0.0113660835652536,0.0360556741043793,0.113741271149732
2013,34,16,886,433,777,669,0.0002462101605363,0.0026602582651039,0.015425495537079,0.0452667807538026,0.122227152423914
2013,35,12,620,286,447,329,0.0003540703591822,0.0037168076924841,0.0216640192629141,0.0561774937469588,0.126186035080205
2013,35,8,269,184,322,317,0.0002572879719767,0.001618137031201,0.0123749075503353,0.0349696598241269,0.110601174706948
2013,35,20,889,470,769,646,0.0003077627006704,0.0026692659115997,0.0167436094744276,0.0448007135130942,0.11802502311786
2013,36,7,589,300,439,357,0.0002065410428562,0.0035309673078599,0.0227244957303295,0.055172079988624,0.136925272108307
2013,36,8,251,178,347,351,0.0002572879719767,0.0015098602038344,0.0119713779563026,0.0376846955247579,0.122463761268577
2013,36,15,840,478,786,708,0.0002308220255028,0.0025221410188344,0.017028607082503,0.0457911063995995,0.129352502116788
2013,37,14,645,328,451,384,0.0004130820857125,0.0038666789704068,0.0248454486651602,0.0566802006261263,0.147280964956835
2013,37,10,260,198,362,331,0.0003216099649709,0.0015639986175177,0.0133164766030782,0.0393137169451365,0.115485769173501
2013,37,24,905,526,813,715,0.0003693152408045,0.0027173066929108,0.0187385927309551,0.0473640833369903,0.130631411036021
2013,38,16,639,310,445,310,0.0004720938122429,0.0038307098637054,0.0234819789213404,0.0559261403073751,0.118898695668278
2013,38,12,254,179,317,312,0.0003859319579651,0.0015279063417289,0.0120386328886414,0.0344266526840007,0.108856676683179
2013,38,28,893,489,762,622,0.0004308677809386,0.0026812761069275,0.0174204787936066,0.0443929046774744,0.11364019253763
2013,39,9,618,323,484,366,0.0002655527693866,0.0037048179902503,0.0244667070696547,0.0608275323792574,0.140377169724483
2013,39,8,265,181,352,319,0.0002572879719767,0.0015940755140084,0.012173142753319,0.0382277026648841,0.111298973916456
2013,39,17,883,504,836,685,0.0002615982955699,0.002651250618608,0.0179548493087479,0.048704026654027,0.125150372810734
2013,40,14,624,290,471,333,0.0004130820857125,0.0037407870969517,0.0219670125393185,0.0591937350219633,0.127720211798505
2013,40,8,242,194,351,333,0.0002572879719767,0.0014557217901511,0.0130474568737231,0.0381191012368589,0.116183568383009
2013,40,22,866,484,822,666,0.0003385389707375,0.0026002072884649,0.0172423552885595,0.0478884089827873,0.121679048601385
2013,41,14,665,271,439,389,0.0004130820857125,0.003986575992745,0.0205277944763976,0.055172079988624,0.14919868585471
2013,41,5,255,177,329,349,0.0001608049824854,0.001533921721027,0.0119041230239639,0.0357298698203036,0.121765962059069
2013,41,19,920,448,768,738,0.0002923745656369,0.00276234492539,0.0159598660522203,0.0447424551080056,0.134833540342075
2013,42,16,630,279,421,369,0.0004720938122429,0.0037767562036532,0.0211337810292064,0.0529098990323706,0.141527802263208
2013,42,7,268,158,325,311,0.0002251269754796,0.0016121216519029,0.0106262793095271,0.0352954641082027,0.108507777078425
2013,42,23,898,437,746,680,0.000353927105771,0.0026962888510872,0.0155679943411167,0.0434607701960576,0.124236866439852
2013,43,11,596,276,445,376,0.000324564495917,0.0035729312656782,0.0209065360719031,0.0559261403073751,0.144212611520234
2013,43,11,248,192,336,333,0.000353770961468,0.00149181406594,0.0129129470090455,0.0364900798164803,0.116183568383009
2013,43,22,844,468,781,709,0.0003385389707375,0.0025341512141621,0.0166723600724088,0.0454998143741568,0.129535203390964
2013,44,14,625,321,473,401,0.0004130820857125,0.0037467819480686,0.0243152104314525,0.059445088461547,0.153801216009611
2013,44,9,290,209,355,354,0.0002894489684738,0.0017444599964621,0.0140562808588048,0.0385535069489598,0.123510460082838
2013,44,23,915,530,828,755,0.000353927105771,0.0027473321812303,0.0188810915349928,0.0482379594133186,0.137939462003071
2013,45,18,630,300,468,394,0.0005311055387733,0.0037767562036532,0.0227244957303295,0.0588167048625878,0.151116406752585
2013,45,14,275,197,360,302,0.0004502539509593,0.0016542293069899,0.0132492216707394,0.039096514089086,0.105367680635641
2013,45,32,905,497,828,696,0.0004924203210727,0.0027173066929108,0.0177054764016819,0.0482379594133186,0.127160086826672
2013,46,15,575,279,441,361,0.0004425879489777,0.0034470393922231,0.0211337810292064,0.0554234334282077,0.138459448826607
2013,46,8,249,190,362,346,0.0002572879719767,0.0014978294452381,0.012778437144368,0.0393137169451365,0.120719263244808
2013,46,23,824,469,803,707,0.000353927105771,0.0024741002375232,0.0167079847734182,0.0467814992861049,0.129169800842611
2013,47,16,665,298,472,406,0.0004720938122429,0.003986575992745,0.0225729990921273,0.0593194117417552,0.155718936907487
2013,47,10,271,177,352,356,0.0003216099649709,0.0016301677897973,0.0119041230239639,0.0382277026648841,0.124208259292346
2013,47,26,936,475,824,762,0.0004000915108716,0.0028103857067011,0.0169217329794747,0.0480049257929644,0.139218370922305
2013,48,9,599,302,494,419,0.0002655527693866,0.003590915819029,0.0228759923685317,0.062084299577176,0.160705011241963
2013,48,9,303,180,373,378,0.0002894489684738,0.001822659927338,0.0121058878209802,0.0405083326534141,0.131884050596929
2013,48,18,902,482,867,797,0.0002769864306034,0.002708299046415,0.0171711058865406,0.050510037211772,0.145612915518474
2013,49,10,661,319,485,421,0.0002950586326518,0.0039625965882774,0.0241637137932503,0.0609532090990493,0.161472099601113
2013,49,23,274,195,380,383,0.0007397029194332,0.0016482139276918,0.0131147118060619,0.0412685426495908,0.133628548620698
2013,49,33,935,514,865,804,0.0005078084561063,0.0028073831578692,0.0183110963188421,0.0503935204015949,0.146891824437708
2013,50,12,630,317,507,419,0.0003540703591822,0.0037767562036532,0.0240122171550481,0.0637180969344701,0.160705011241963
2013,50,6,261,195,399,389,0.0001929659789825,0.0015700139968159,0.0131147118060619,0.0433319697820703,0.13572194624922
2013,50,18,891,512,906,808,0.0002769864306034,0.0026752710092636,0.0182398469168233,0.0527821150102254,0.147622629534413
2013,51,10,624,281,518,423,0.0002950586326518,0.0037407870969517,0.0212852776674086,0.0651005408521805,0.162239187960263
2013,51,10,254,180,363,386,0.0003216099649709,0.0015279063417289,0.0121058878209802,0.0394223183731617,0.134675247434959
2013,51,20,878,461,881,809,0.0003077627006704,0.0026362378744483,0.0164229871653428,0.0513256548830117,0.147805330808589
2013,52,12,669,322,513,437,0.0003540703591822,0.0040105553972127,0.0243909587505536,0.0644721572532212,0.167608806474314
2013,52,13,281,230,405,403,0.0004180929544622,0.0016903215827788,0.0154686344379191,0.0439835783502218,0.140606540715773
2013,52,25,950,552,918,840,0.0003847033758381,0.0028524213903484,0.0196648349572001,0.053481215871288,0.153469070308053
2014,1,14,718,356,594,497,0.000421666486773,0.0043009286414078,0.0257367023295817,0.0746323652887981,0.17821209768042
2014,1,15,303,223,435,434,0.0004919403571763,0.0018194834339411,0.0143613550253039,0.0455581226514086,0.140879271932327
2014,1,29,1021,579,1029,931,0.0004553083714631,0.003061731154431,0.0197205951650469,0.0587756302888511,0.158617557708555
2014,2,11,648,344,543,489,0.0003313093824645,0.0038816180496271,0.0248691730375733,0.0682245359458205,0.175343492486369
2014,2,8,284,212,428,432,0.000262368190494,0.0017053904133309,0.0136529473783158,0.0448250034363285,0.140230058697616
2014,2,19,932,556,971,921,0.0002983054847517,0.0027948417589908,0.0189372209184215,0.0554627181831627,0.156913824543049
2014,3,12,712,361,506,458,0.000361428417234,0.0042649877335409,0.0260981728679185,0.0635757185793466,0.164227647359421
2014,3,13,301,184,412,480,0.0004263483095528,0.0018074736422979,0.0118497279132552,0.0431493023732881,0.155811176330684
2014,3,25,1013,545,918,938,0.0003925072167785,0.0030377410964139,0.0185625636700355,0.0524354019486543,0.159810170924409
2014,4,10,711,371,540,508,0.000301190347695,0.0042589975822297,0.0268211139445921,0.0678476048079983,0.18215642982224
2014,4,7,296,205,444,478,0.0002295721666822,0.0017774491631899,0.0132021425120507,0.0465007044993688,0.155161963095973
2014,4,17,1007,576,984,986,0.0002669049074094,0.0030197485529011,0.0196184159154871,0.0562052674482308,0.167988090118835
2014,5,14,722,382,605,514,0.000421666486773,0.0043248892466524,0.0276163491289331,0.0760144461274796,0.184307883717779
2014,5,18,280,220,403,529,0.0005903284286115,0.0016813708300445,0.0141681529397617,0.042206720525328,0.171716900581108
2014,5,32,1002,602,1008,1043,0.0005024092374765,0.0030047547666404,0.0205039694116722,0.0575761276298949,0.177699369162216
2014,6,15,718,334,564,468,0.0004517855215425,0.0043009286414078,0.0241462319608997,0.070863053910576,0.167813403851985
2014,6,16,276,200,407,462,0.000524736380988,0.0016573512467582,0.012880139036147,0.042625645791088,0.149968257218283
2014,6,31,994,534,971,930,0.0004867089488054,0.0029807647086233,0.0181879064216495,0.0554627181831627,0.158447184392004
2014,7,11,736,374,604,461,0.0003313093824645,0.0044087513650086,0.0270379962675942,0.0758888024148722,0.16530337430719
2014,7,15,282,210,425,474,0.0004919403571763,0.0016933806216877,0.0135241459879543,0.0445108094870084,0.153863536626551
2014,7,26,1018,584,1029,935,0.0004082075054497,0.0030527348826746,0.0198908939143133,0.0587756302888511,0.159299050974757
2014,8,17,717,349,612,477,0.0005120235910815,0.0042949384900967,0.0252306435759101,0.0768939521157314,0.171040584695293
2014,8,8,325,245,448,556,0.000262368190494,0.001951591142016,0.0157781703192801,0.0469196297651289,0.180481279249709
2014,8,25,1042,594,1060,1033,0.0003925072167785,0.0031247050567258,0.020231491412846,0.0605463246901673,0.17599563599671
2014,9,15,704,392,566,483,0.0004517855215425,0.0042170665230517,0.0283392902056068,0.0711143413357908,0.173192038590831
2014,9,9,275,218,459,487,0.0002951642143057,0.0016513463509366,0.0140393515494002,0.0480716742459691,0.158083422652173
2014,9,24,979,610,1025,970,0.0003768069281074,0.0029357833498412,0.0207764474104985,0.058547153591907,0.165262117054026
2014,10,21,668,321,501,459,0.0006324997301595,0.0040014210758502,0.0232064085612239,0.0629475000163095,0.164586223008678
2014,10,14,294,194,422,408,0.0004591443333645,0.0017654393715468,0.0124937348650626,0.0441966155376883,0.132439499881082
2014,10,35,962,515,923,867,0.00054951010349,0.0028848044765549,0.0175407711744372,0.0527209978198343,0.14771366544932
2014,11,18,664,363,530,491,0.000542142625851,0.0039774604706055,0.0262427610832532,0.0665911676819243,0.176060643784882
2014,11,16,307,221,403,421,0.000524736380988,0.0018435030172274,0.0142325536349424,0.042206720525328,0.136659385906704
2014,11,34,971,584,933,912,0.0005338098148188,0.0029117932918242,0.0198908939143133,0.0532921895621944,0.155380464694095
2014,12,18,648,347,526,508,0.000542142625851,0.0038816180496271,0.0250860553605754,0.0660885928314946,0.18215642982224
2014,12,10,265,214,412,414,0.0003279602381175,0.0015912973927207,0.0137817487686773,0.0431493023732881,0.134387139585215
2014,12,28,913,561,938,922,0.000439608082792,0.0027378653712003,0.0191075196676879,0.0535777854333744,0.1570841978596
2014,13,15,689,321,521,456,0.0004517855215425,0.0041272142533844,0.0232064085612239,0.0654603742684576,0.163510496060909
2014,13,11,283,224,406,456,0.0003607562619293,0.0016993855175093,0.0144257557204846,0.042520914474648,0.14802061751415
2014,13,26,972,545,927,912,0.0004082075054497,0.0029147920490763,0.0185625636700355,0.0529494745167784,0.155380464694095
2014,14,14,616,321,535,464,0.000421666486773,0.0036899332076702,0.0232064085612239,0.0672193862449613,0.16637910125496
2014,14,5,272,174,375,390,0.0001639801190587,0.0016333316634718,0.0112057209614479,0.0392742436650074,0.126596580768681
2014,14,19,888,495,910,854,0.0002983054847517,0.0026628964398969,0.0168595761773717,0.0519784485547663,0.145498812334163
2014,15,13,654,330,490,418,0.0003915474520035,0.003917558957494,0.0238570555302302,0.0615654191776281,0.149884621389166
2014,15,12,298,211,380,394,0.000393552285741,0.0017894589548331,0.0135885466831351,0.0397979002472075,0.127895007238103
2014,15,25,952,541,870,812,0.0003925072167785,0.0028548169040336,0.0184263246706224,0.049693681585326,0.13834313303904
2014,16,18,636,337,506,388,0.000542142625851,0.0038097362338933,0.0243631142839018,0.0635757185793466,0.139127351911475
2014,16,8,269,190,394,361,0.000262368190494,0.0016153169760071,0.0122361320843396,0.0412641386773678,0.117182988865369
2014,16,26,905,527,900,749,0.0004082075054497,0.0027138753131832,0.0179494881726765,0.0514072568124062,0.127609614096356
2014,17,15,610,287,528,413,0.0004517855215425,0.0036539922998033,0.0207484089005335,0.0663398802567094,0.148091743142884
2014,17,10,270,198,346,364,0.0003279602381175,0.0016213218718287,0.0127513376457855,0.0362370354882468,0.118156808717435
2014,17,25,880,485,874,777,0.0003925072167785,0.0026389063818798,0.0165189786788389,0.04992215828227,0.132380066959771
2014,18,13,605,293,444,358,0.0003915474520035,0.0036240415432475,0.0211821735465377,0.0557858083976875,0.128370082433784
2014,18,7,267,157,355,389,0.0002295721666822,0.0016033071843639,0.0101109091433754,0.037179617336207,0.126271974151325
2014,18,20,872,450,799,747,0.0003140057734228,0.0026149163238627,0.0153268874339743,0.0456382202145695,0.127268867463255
2014,19,15,593,304,489,395,0.0004517855215425,0.0035521597275137,0.0219774087308787,0.0614397754650207,0.14163738145627
2014,19,14,251,190,392,387,0.0004591443333645,0.0015072288512185,0.0122361320843396,0.0410546760444878,0.125622760916614
2014,19,29,844,494,881,782,0.0004553083714631,0.0025309511208029,0.0168255164275184,0.050321992501922,0.133231933542524
2014,20,14,616,310,460,380,0.000421666486773,0.0036899332076702,0.0224111733768829,0.057796107799406,0.136258746717424
2014,20,9,272,182,343,331,0.0002951642143057,0.0016333316634718,0.0117209265228938,0.0359228415389268,0.107444790344701
2014,20,23,888,492,803,711,0.0003611066394363,0.0026628964398969,0.0167573969278119,0.0458666969115135,0.121135428067436
2014,21,6,654,285,499,383,0.000180714208617,0.003917558957494,0.0206038206851988,0.0626962125910947,0.137334473665193
2014,21,7,284,171,376,351,0.0002295721666822,0.0017053904133309,0.0110125188759057,0.0393789749814474,0.113936922691813
2014,21,13,938,456,875,734,0.0002041037527248,0.0028128343025037,0.0155312459330939,0.049979277456506,0.125054014348098
2014,22,18,586,285,460,378,0.000542142625851,0.0035102286683356,0.0206038206851988,0.057796107799406,0.135541595418911
2014,22,5,280,197,340,396,0.0001639801190587,0.0016813708300445,0.0126869369506048,0.0356086475896067,0.128544220472814
2014,22,23,866,482,800,774,0.0003611066394363,0.0025969237803499,0.0164167994292791,0.0456953393888055,0.13186894701012
2014,23,13,641,321,450,408,0.0003915474520035,0.003839686990449,0.0232064085612239,0.0565396706733319,0.146298864896602
2014,23,6,272,164,386,348,0.0001967761428705,0.0016333316634718,0.0105617140096405,0.0404262881458476,0.112963102839746
2014,23,19,913,485,836,756,0.0002983054847517,0.0027378653712003,0.0165189786788389,0.0477516296613017,0.12880222731221
2014,24,15,615,337,434,342,0.0004517855215425,0.0036839430563591,0.0243631142839018,0.0545293712716135,0.122632872045681
2014,24,12,285,193,348,368,0.000393552285741,0.0017113953091525,0.0124293341698819,0.0364464981211269,0.119455235186858
2014,24,27,900,530,782,710,0.0004239077941208,0.0026988815269225,0.0180516674222364,0.0446671942525574,0.120965054750885
2014,25,10,659,302,460,385,0.000301190347695,0.0039475097140498,0.021832820515544,0.057796107799406,0.138051624963706
2014,25,5,259,197,370,338,0.0001639801190587,0.0015552680177912,0.0126869369506048,0.0387505870828073,0.10971703666619
2014,25,15,918,499,830,723,0.0002355043300671,0.0027528591574609,0.0169958151767848,0.0474089146158857,0.123179907866042
2014,26,10,623,320,451,415,0.000301190347695,0.0037318642668483,0.0231341144535566,0.0566653143859393,0.148808894441397
2014,26,2,289,198,386,365,6.55920476235098e-05,0.0017354148924388,0.0127513376457855,0.0404262881458476,0.118481415334791
2014,26,12,912,518,837,780,0.0001884034640537,0.0027348666139481,0.0176429504239971,0.0478087488355377,0.132891186909423
2014,27,19,669,318,506,439,0.0005722616606205,0.0040074112271613,0.0229895262382218,0.0635757185793466,0.15741471002355
2014,27,5,284,188,362,373,0.0001639801190587,0.0017053904133309,0.0121073306939782,0.0379127365512872,0.121078268273636
2014,27,24,953,506,868,812,0.0003768069281074,0.0028578156612857,0.0172342334257577,0.049579443236854,0.13834313303904
2014,28,13,627,317,479,404,0.0003915474520035,0.0037558248720929,0.0229172321305545,0.0601833383389466,0.144864562299577
2014,28,9,276,226,370,398,0.0002951642143057,0.0016573512467582,0.0145545571108461,0.0387505870828073,0.129193433707526
2014,28,22,903,543,849,802,0.0003454063507651,0.0027078777986789,0.018494444170329,0.0484941789263698,0.136639399873535
2014,29,12,636,332,495,404,0.000361428417234,0.0038097362338933,0.0240016437455649,0.0621936377406651,0.144864562299577
2014,29,11,263,209,409,394,0.0003607562619293,0.0015792876010776,0.0134597452927736,0.0428351084239681,0.127895007238103
2014,29,23,899,541,904,798,0.0003611066394363,0.0026958827696704,0.0184263246706224,0.0516357335093502,0.135957906607333
2014,30,21,659,320,445,413,0.0006324997301595,0.0039475097140498,0.0231341144535566,0.0559114521102949,0.148091743142884
2014,30,11,305,176,340,400,0.0003607562619293,0.0018314932255842,0.0113345223518094,0.0356086475896067,0.129842646942237
2014,30,32,964,496,785,813,0.0005024092374765,0.0028908019910592,0.016893635927225,0.0448385517752654,0.138513506355591
2014,31,6,662,313,483,413,0.000180714208617,0.0039654801679832,0.022628055699885,0.0606859131893763,0.148091743142884
2014,31,9,283,176,315,378,0.0002951642143057,0.0016993855175093,0.0113345223518094,0.0329903646786062,0.122701301360414
2014,31,15,945,489,798,791,0.0002355043300671,0.0028338256032686,0.016655217678252,0.0455811010403335,0.134765293391479
2014,32,14,660,322,449,371,0.000421666486773,0.0039534998653609,0.0232787026688913,0.0564140269607245,0.133031565874116
2014,32,9,258,201,379,360,0.0002951642143057,0.0015492631219696,0.0129445397313277,0.0396931689307675,0.116858382248013
2014,32,23,918,523,828,731,0.0003611066394363,0.0027528591574609,0.0178132491732634,0.0472946762674137,0.124542894398446
2014,33,20,627,320,467,382,0.00060238069539,0.0037558248720929,0.0231341144535566,0.0586756137876578,0.136975898015937
2014,33,8,255,177,353,331,0.000262368190494,0.0015312484345048,0.0113989230469901,0.036970154703327,0.107444790344701
2014,33,28,882,497,820,713,0.000439608082792,0.002644903896384,0.0169276956770783,0.0468377228735256,0.121476174700537
2014,34,17,580,304,458,369,0.0005120235910815,0.0034742877604687,0.0219774087308787,0.0575448203741912,0.132314414575604
2014,34,13,248,188,354,353,0.0004263483095528,0.0014892141637537,0.0121073306939782,0.037074886019767,0.114586135926524
2014,34,30,828,492,812,722,0.0004710086601343,0.0024829710047687,0.0167573969278119,0.0463807694796376,0.123009534549492
2014,35,12,634,299,442,385,0.000361428417234,0.003797755931271,0.0216159381925419,0.0555345209724727,0.138051624963706
2014,35,14,255,194,362,365,0.0004591443333645,0.0015312484345048,0.0124937348650626,0.0379127365512872,0.118481415334791
2014,35,26,889,493,804,750,0.0004082075054497,0.002665895197149,0.0167914566776651,0.0459238160857495,0.127779987412907
2014,36,8,675,288,483,396,0.000240952278156,0.0040433521350282,0.0208207030082009,0.0606859131893763,0.141995957105526
2014,36,6,307,165,394,367,0.0001967761428705,0.0018435030172274,0.0106261147048213,0.0412641386773678,0.119130628569502
2014,36,14,982,453,877,763,0.000219804041396,0.0029447796215977,0.0154290666835341,0.050093515804978,0.129994840528064
2014,37,18,646,307,479,417,0.000542142625851,0.0038696377470048,0.0221942910538808,0.0601833383389466,0.14952604573991
2014,37,15,270,220,367,341,0.0004919403571763,0.0016213218718287,0.0141681529397617,0.0384363931334873,0.110690856518257
2014,37,33,916,527,846,758,0.0005181095261477,0.0027468616429567,0.0179494881726765,0.0483228214036618,0.129142973945311
2014,38,8,607,315,429,389,0.000240952278156,0.0036360218458698,0.0227726439152197,0.0539011527085764,0.139485927560731
2014,38,15,250,174,349,362,0.0004919403571763,0.0015012239553969,0.0112057209614479,0.0365512294375669,0.117507595482724
2014,38,23,857,489,778,751,0.0003611066394363,0.0025699349650806,0.016655217678252,0.0444387175556133,0.127950360729457
2014,39,12,579,279,399,369,0.000361428417234,0.0034682976091575,0.0201700560391946,0.0501318413303543,0.132314414575604
2014,39,11,237,187,353,339,0.0003607562619293,0.0014231603097163,0.0120429299987974,0.036970154703327,0.110041643283546
2014,39,23,816,466,752,708,0.0003611066394363,0.0024469859177431,0.0158718434316267,0.0429536190254772,0.120624308117784
2014,40,16,622,308,436,419,0.000481904556312,0.0037258741155371,0.0222665851615482,0.0547806586968283,0.150243197038423
2014,40,6,265,187,354,341,0.0001967761428705,0.0015912973927207,0.0120429299987974,0.037074886019767,0.110690856518257
2014,40,22,887,495,790,760,0.0003454063507651,0.0026598976826447,0.0168595761773717,0.0451241476464454,0.129483720578412
2014,41,17,617,295,462,375,0.0005120235910815,0.0036959233589814,0.0213267617618725,0.0580473952246208,0.134465868471142
2014,41,11,299,173,348,349,0.0003607562619293,0.0017954638506547,0.0111413202662672,0.0364464981211269,0.113287709457102
2014,41,28,916,468,810,724,0.000439608082792,0.0027468616429567,0.0159399629313332,0.0462665311311656,0.123350281182593
2014,42,18,625,302,452,358,0.000542142625851,0.0037438445694706,0.021832820515544,0.0567909580985467,0.128370082433784
2014,42,15,266,223,339,386,0.0004919403571763,0.0015973022885423,0.0143613550253039,0.0355039162731667,0.125298154299259
2014,42,33,891,525,791,744,0.0005181095261477,0.0026718927116533,0.01788136867297,0.0451812668206814,0.126757747513603
2014,43,13,652,284,426,421,0.0003915474520035,0.0039055786548717,0.0205315265775314,0.0535242215707542,0.150960348336935
2014,43,13,255,194,357,352,0.0004263483095528,0.0015312484345048,0.0124937348650626,0.0373890799690871,0.114261529309168
2014,43,26,907,478,783,773,0.0004082075054497,0.0027198728276874,0.016280560429866,0.0447243134267934,0.131698573693569
2014,44,13,587,294,421,408,0.0003915474520035,0.0035162188196468,0.0212544676542051,0.0528960030077172,0.146298864896602
2014,44,8,263,200,328,353,0.000262368190494,0.0015792876010776,0.012880139036147,0.0343518717923265,0.114586135926524
2014,44,21,850,494,749,761,0.000329706062094,0.0025489436643157,0.0168255164275184,0.0427822615027691,0.129654093894963
2014,45,10,665,286,456,449,0.000301190347695,0.0039834506219167,0.0206761147928662,0.0572935329489763,0.161000466516114
2014,45,6,249,188,327,330,0.0001967761428705,0.0014952190595753,0.0121073306939782,0.0342471404758865,0.107120183727345
2014,45,16,914,474,783,779,0.0002512046187382,0.0027408641284524,0.0161443214304529,0.0447243134267934,0.132720813592872
2014,46,10,603,312,415,460,0.000301190347695,0.0036120612406252,0.0225557615922176,0.0521421407320728,0.164944798657934
2014,46,9,244,179,336,338,0.0002951642143057,0.0014651945804674,0.0115277244373516,0.0351897223238466,0.10971703666619
2014,46,19,847,491,751,798,0.0002983054847517,0.0025399473925593,0.0167233371779586,0.0428964998512412,0.135957906607333
2014,47,8,615,285,431,440,0.000240952278156,0.0036839430563591,0.0206038206851988,0.0541524401337912,0.157773285672807
2014,47,14,274,177,345,376,0.0004591443333645,0.001645341455115,0.0113989230469901,0.0361323041718068,0.122052088125703
2014,47,22,889,462,776,816,0.0003454063507651,0.002665895197149,0.0157356044322136,0.0443244792071413,0.139024626305243
2014,48,13,610,300,401,446,0.0003915474520035,0.0036539922998033,0.0216882323002093,0.0503831287555691,0.159924739568345
2014,48,6,245,177,351,335,0.0001967761428705,0.001471199476289,0.0113989230469901,0.0367606920704469,0.108743216814123
2014,48,19,855,477,752,781,0.0002983054847517,0.0025639374505764,0.0162465006800127,0.0429536190254772,0.133061560225974
2014,49,14,641,329,473,426,0.000421666486773,0.003839686990449,0.0237847614225628,0.0594294760633022,0.152753226583217
2014,49,11,260,195,352,364,0.0003607562619293,0.0015612729136128,0.0125581355602433,0.036865423386887,0.118156808717435
2014,49,25,901,524,825,790,0.0003925072167785,0.0027018802841746,0.0178473089231167,0.0471233187447057,0.134594920074928
2014,50,15,663,318,503,468,0.0004517855215425,0.0039714703192944,0.0229895262382218,0.0631987874415244,0.167813403851985
2014,50,14,296,181,366,393,0.0004591443333645,0.0017774491631899,0.011656525827713,0.0383316618170472,0.127570400620748
2014,50,29,959,499,869,861,0.0004553083714631,0.0028758082047985,0.0169958151767848,0.04963656241109,0.146691425550017
2014,51,21,704,343,506,498,0.0006324997301595,0.0042170665230517,0.0247968789299059,0.0635757185793466,0.178570673329676
2014,51,13,282,215,370,450,0.0004263483095528,0.0016933806216877,0.013846149463858,0.0387505870828073,0.146072977810016
2014,51,34,986,558,876,948,0.0005338098148188,0.0029567746506062,0.0190053404181281,0.050036396630742,0.161513904089914
2014,52,11,702,322,488,443,0.0003313093824645,0.0042050862204294,0.0232787026688913,0.0613141317524133,0.158849012620576
2014,52,13,275,203,415,437,0.0004263483095528,0.0016513463509366,0.0130733411216892,0.0434634963226082,0.141853091784394
2014,52,24,977,525,903,880,0.0003768069281074,0.002929785835337,0.01788136867297,0.0515786143351142,0.149928518564477
1,1,14,668,309,540,472,0.0004322577200328,0.0039986383970125,0.0211737102760952,0.0673964365726267,0.159917346500539
1,1,9,292,212,403,437,0.0003022362843704,0.0017512996970129,0.0129800183739947,0.0406243378121631,0.132425775558707
1,1,23,960,521,943,909,0.0003699764929743,0.0028760582559672,0.0168464671279921,0.0525862194263778,0.145405416626576
1,2,15,676,336,508,481,0.0004631332714637,0.0040465262820067,0.0230238403002201,0.0634025736646192,0.162966617938049
1,2,5,260,207,418,462,0.0001679090468724,0.0015593764425457,0.0126738858651741,0.0421364099391667,0.140001620842386
1,2,20,936,543,926,943,0.0003217186895428,0.002804156799568,0.0175578342619956,0.0516382175915439,0.150844123079055
1,3,22,706,332,550,446,0.0006792621314801,0.0042261058507348,0.0227497469633127,0.0686445187313791,0.151108340125509
1,3,7,265,202,434,448,0.0002350726656214,0.0015893644510562,0.0123677533563534,0.0437492868746372,0.135759147483526
1,3,29,971,534,984,894,0.0004664920998371,0.0029090130901502,0.0172668204344487,0.0548725767927421,0.143005987309306
1,4,18,683,323,505,430,0.0005557599257564,0.0040884281813766,0.0221330369552711,0.0630281490169935,0.145687413125491
1,4,13,263,227,379,475,0.0004365635218684,0.001577369247652,0.0138984159004566,0.0382050224089574,0.143941060389899
1,4,31,946,550,884,905,0.0004986639687914,0.0028341157397344,0.0177841783500877,0.0492960954113658,0.144765568808637
1,5,8,626,333,500,478,0.0002470044114473,0.0037472270007931,0.0228182702975395,0.0624041079376173,0.161950194125546
1,5,8,271,208,401,421,0.0002686544749959,0.0016253500612688,0.0127351123669382,0.0404227281952293,0.127577234577153
1,5,16,897,541,901,899,0.0002573749516343,0.0026873169329194,0.0174931645225408,0.0502440972461998,0.143805797081729
1,6,11,678,339,481,486,0.00033963106574,0.0040584982532552,0.0232294103029006,0.0600327518359879,0.164660657625555
1,6,10,258,178,405,432,0.0003358180937449,0.0015473812391415,0.0108983173140144,0.0408259474290969,0.130910606501971
1,6,21,936,517,886,918,0.00033780462402,0.002804156799568,0.0167171276490824,0.0494076250389934,0.146845074216938
1,7,21,682,360,554,518,0.0006483865800492,0.0040824421957523,0.0246684003216643,0.06914375159488,0.175502511625592
1,7,9,266,216,393,483,0.0003022362843704,0.0015953620527583,0.0132249243810512,0.0396162897274941,0.146365330880676
1,7,30,948,576,947,1001,0.0004825780343143,0.0028401075277676,0.0186248849630009,0.0528092786816329,0.160121916439167
1,8,19,674,358,564,487,0.0005866354771874,0.0040345543107581,0.0245313536532107,0.0703918337536323,0.164999465563056
1,8,10,273,202,431,431,0.0003358180937449,0.001637345264673,0.0123677533563534,0.0434468724492365,0.130607572690624
1,8,29,947,560,995,918,0.0004664920998371,0.002837111633751,0.018107527047362,0.0554859897446935,0.146845074216938
1,9,10,679,337,483,504,0.0003087555143091,0.0040644842388795,0.0230923636344469,0.0602823682677383,0.170759200500576
1,9,6,268,179,395,452,0.0002014908562469,0.0016073572561625,0.0109595438157785,0.0398178993444279,0.136971282728914
1,9,16,947,516,878,956,0.0002573749516343,0.002837111633751,0.016684792779355,0.0489615065284833,0.152923628487356
1,10,13,620,331,485,465,0.0004013821686019,0.0037113110870475,0.0226812236290858,0.0605319846994888,0.157545690938031
1,10,9,285,212,406,446,0.0003022362843704,0.0017093164850982,0.0129800183739947,0.0409267522375638,0.135153079860831
1,10,22,905,543,891,911,0.0003538905584971,0.0027112840850524,0.0175578342619956,0.0496864491080622,0.145725340535545
1,11,10,644,347,533,445,0.0003087555143091,0.00385497474203,0.0237775969767154,0.0665227790615001,0.150769532188008
1,11,8,270,194,384,414,0.0002686544749959,0.0016193524595667,0.0118779413422404,0.0387090464512919,0.125455997897722
1,11,18,914,541,917,859,0.0002895468205886,0.0027382471312021,0.0174931645225408,0.05113633426722,0.137407318902342
1,12,10,641,341,516,512,0.0003087555143091,0.0038370167851572,0.0233664569713543,0.0644010393916211,0.173469664000585
1,12,13,279,192,423,452,0.0004365635218684,0.0016733308748856,0.0117554883387122,0.0426404339815012,0.136971282728914
1,12,23,920,533,939,964,0.0003699764929743,0.0027562224953019,0.0172344855647213,0.0523631601711228,0.154203324123233
1,13,19,637,319,518,447,0.0005866354771874,0.0038130728426601,0.0218589436183637,0.0646506558233715,0.151447148063011
1,13,16,283,216,385,414,0.0005373089499919,0.001697321281694,0.0132249243810512,0.0388098512597588,0.125455997897722
1,13,35,920,535,903,861,0.0005630077067,0.0027562224953019,0.0172991553041762,0.0503556268738273,0.137727242811311
1,14,15,654,326,502,536,0.0004631332714637,0.0039148345982727,0.0223386069579516,0.0626537243693678,0.181601054500612
1,14,12,270,195,351,415,0.0004029817124939,0.0016193524595667,0.0119391678440045,0.035382487771884,0.12575903170907
1,14,27,924,521,853,951,0.0004343202308829,0.0027682060713685,0.0168464671279921,0.0475673861831392,0.152123818714932
1,15,16,667,311,516,448,0.0004940088228946,0.0039926524113882,0.0213107569445489,0.0644010393916211,0.151785956000512
1,15,12,276,207,384,444,0.0004029817124939,0.0016553380697793,0.0126738858651741,0.0387090464512919,0.134547012238137
1,15,28,943,518,900,892,0.00045040616536,0.0028251280576845,0.0167494625188098,0.050188332432386,0.142686063400336
1,16,17,636,360,539,435,0.0005248843743255,0.0038070868570358,0.0246684003216643,0.0672716283567515,0.147381452812997
1,16,11,285,220,360,431,0.0003693999031194,0.0017093164850982,0.0134698303881077,0.0362897310480862,0.130607572690624
1,16,28,921,580,899,866,0.00045040616536,0.0027592183893186,0.0187542244419106,0.0501325676185723,0.138527052583735
1,17,18,614,309,487,441,0.0005557599257564,0.0036753951733019,0.0211737102760952,0.0607816011312393,0.149414300438004
1,17,11,249,220,394,373,0.0003693999031194,0.0014934028238226,0.0134698303881077,0.039717094535961,0.113031611632489
1,17,29,863,529,881,814,0.0004664920998371,0.0025854565363539,0.0171051460858116,0.0491288009699246,0.130209030950531
1,18,14,633,291,491,392,0.0004322577200328,0.003789128900163,0.019940290260012,0.0612808339947402,0.132812711500448
1,18,9,259,190,375,386,0.0003022362843704,0.0015533788408436,0.0116330353351839,0.0378018031750898,0.116971051180002
1,18,23,892,481,866,778,0.0003699764929743,0.0026723374628362,0.0155530723388948,0.0482923287627181,0.124450400589083
1,19,15,587,282,512,466,0.0004631332714637,0.0035137735614466,0.0193235802519704,0.0639018065281201,0.157884498875532
1,19,7,259,175,321,392,0.0002350726656214,0.0015533788408436,0.010714637808722,0.0323583435178768,0.118789254048085
1,19,22,846,457,833,858,0.0003538905584971,0.0025345263380711,0.0147770354654365,0.046452089906864,0.137247356947857
1,20,23,650,308,464,426,0.000710137682911,0.0038908906557756,0.0211051869418684,0.0579110121661089,0.144332181375487
1,20,10,266,176,389,411,0.0003358180937449,0.0015953620527583,0.0107758643104862,0.0392130704936264,0.124546896463681
1,20,33,916,484,853,837,0.0005308358377457,0.0027442389192354,0.0156500769480771,0.0475673861831392,0.133888155903679
1,21,13,596,307,443,381,0.0004013821686019,0.003567647432065,0.0210366636076415,0.0552900396327289,0.129085824187935
1,21,13,247,195,333,391,0.0004365635218684,0.0014814076204184,0.0119391678440045,0.0335680012194797,0.118486220236738
1,21,26,843,502,776,772,0.0004182342964057,0.0025255386560212,0.0162321046031709,0.0432734955194795,0.123490628862174
1,22,15,670,304,426,388,0.0004631332714637,0.004010610368261,0.020831093604961,0.05316829996285,0.131457479750443
1,22,9,244,186,376,388,0.0003022362843704,0.0014634148153121,0.0113881293281274,0.0379026079835567,0.117577118802696
1,22,24,914,490,802,776,0.0003860624274514,0.0027382471312021,0.0158440861664417,0.0447233806786373,0.124130476680113
1,23,10,616,300,462,374,0.0003087555143091,0.0036873671445504,0.0205570002680536,0.0576613957343584,0.126714168625427
1,23,8,246,181,377,364,0.0002686544749959,0.0014754100187163,0.0110819968193068,0.0380034127920236,0.110304307330365
1,23,18,862,481,839,738,0.0002895468205886,0.0025824606423372,0.0155530723388948,0.0467866787897465,0.118051922409695
1,24,12,633,308,456,425,0.0003705066171709,0.003789128900163,0.0211051869418684,0.056912546439107,0.143993373437985
1,24,11,282,184,392,439,0.0003693999031194,0.0016913236799919,0.0112656763245992,0.0395154849190272,0.133031843181401
1,24,23,915,492,848,864,0.0003699764929743,0.0027412430252188,0.0159087559058966,0.0472885621140704,0.138207128674765
1,25,13,687,327,480,453,0.0004013821686019,0.0041123721238736,0.0224071302921784,0.0599079436201126,0.153479995688017
1,25,11,309,207,416,476,0.0003693999031194,0.0018532589259486,0.0126738858651741,0.0419348003222329,0.144244094201246
1,25,24,996,534,896,929,0.0003860624274514,0.002983910440566,0.0172668204344487,0.049965273177131,0.148604655716269
1,26,12,650,302,494,450,0.0003705066171709,0.0038908906557756,0.0206940469365073,0.0616552586423659,0.152463571875514
1,26,15,284,185,364,438,0.0005037271406174,0.0017033188833961,0.0113269028263633,0.0366929502819538,0.132728809370054
1,26,27,934,487,858,888,0.0004343202308829,0.0027981650115348,0.0157470815572594,0.047846210252208,0.142046215582397
1,27,6,672,339,474,428,0.0001852533085854,0.0040225823395096,0.0232294103029006,0.0591590943248612,0.145009797250489
1,27,11,287,193,395,449,0.0003693999031194,0.0017213116885024,0.0118167148404763,0.0398178993444279,0.136062181294873
1,27,17,959,532,869,877,0.0002734608861114,0.0028730623619506,0.0172021506949939,0.0484596232041594,0.140286634083066
1,28,13,645,313,461,446,0.0004013821686019,0.0038609607276543,0.0214478036130026,0.0575365875184832,0.151108340125509
1,28,11,262,182,348,428,0.0003693999031194,0.0015713716459499,0.0111432233210709,0.0350800733464833,0.129698471256583
1,28,24,907,495,809,874,0.0003860624274514,0.0027172758730857,0.0160057605150789,0.0451137343753337,0.139806748219612
1,29,22,655,316,435,436,0.0006792621314801,0.003920820583897,0.0216533736156832,0.0542915739057271,0.147720260750498
1,29,14,256,163,375,363,0.0004701453312429,0.0015353860357373,0.0099799197875525,0.0378018031750898,0.110001273519017
1,29,36,911,479,810,799,0.0005790936411772,0.0027292594491522,0.01548840259944,0.0451694991891474,0.127809601633261
1,30,11,627,311,450,404,0.00033963106574,0.0037532129864174,0.0213107569445489,0.0561636971438556,0.136878406750462
1,30,14,290,178,384,422,0.0004701453312429,0.0017393044936087,0.0108983173140144,0.0387090464512919,0.1278802683885
1,30,25,917,489,834,826,0.0004021483619286,0.002747234813252,0.0158117512967143,0.0465078547206777,0.132128574404347
1,31,11,638,299,488,400,0.00033963106574,0.0038190588282844,0.0204884769338268,0.0609064093471145,0.135523175000457
1,31,7,242,207,349,352,0.0002350726656214,0.0014514196119079,0.0126738858651741,0.0351808781549502,0.106667901594199
1,31,18,880,506,837,752,0.0002895468205886,0.0026363867346366,0.0163614440820806,0.046675149162119,0.120291389772481
1,32,18,614,302,426,406,0.0005557599257564,0.0036753951733019,0.0206940469365073,0.05316829996285,0.137556022625464
1,32,15,290,182,387,348,0.0005037271406174,0.0017393044936087,0.0111432233210709,0.0390114608766926,0.10545576634881
1,32,33,904,484,813,754,0.0005308358377457,0.0027082881910358,0.0156500769480771,0.0453367936305887,0.12061131368145
1,33,7,617,321,454,369,0.0002161288600164,0.0036933531301747,0.0219959902868174,0.0566629300073565,0.125020128937922
1,33,12,246,160,352,374,0.0004029817124939,0.0014754100187163,0.0097962402822601,0.0354832925803509,0.113334645443836
1,33,19,863,481,806,743,0.0003056327550657,0.0025854565363539,0.0155530723388948,0.0449464399338924,0.118851732182119
1,34,23,607,300,440,391,0.000710137682911,0.003633493273932,0.0205570002680536,0.0549156149851032,0.132473903562947
1,34,12,275,192,343,398,0.0004029817124939,0.0016493404680772,0.0117554883387122,0.0345760493041488,0.120607456916168
1,34,35,882,492,783,789,0.0005630077067,0.0026423785226699,0.0159087559058966,0.0436638492161759,0.126209982088414
1,35,14,621,297,405,405,0.0004322577200328,0.0037172970726718,0.0203514302653731,0.05054732742947,0.137217214687963
1,35,14,270,180,364,321,0.0004701453312429,0.0016193524595667,0.0110207703175427,0.0366929502819538,0.0972738534424369
1,35,28,891,477,769,726,0.00045040616536,0.0026693415688196,0.0154237328599851,0.0428831418227832,0.116132378955879
1,36,15,631,299,469,380,0.0004631332714637,0.0037771569289145,0.0204884769338268,0.058535053245485,0.128747016250434
1,36,6,271,177,342,391,0.0002014908562469,0.0016253500612688,0.0108370908122503,0.0344752444956819,0.118486220236738
1,36,21,902,476,811,771,0.00033780462402,0.0027022964030025,0.0153913979902577,0.0452252640029612,0.12333066690769
1,37,17,664,298,420,401,0.0005248843743255,0.0039746944545154,0.0204199535995999,0.0524194506675986,0.135861982937958
1,37,8,265,213,374,368,0.0002686544749959,0.0015893644510562,0.0130412448757588,0.0377009983666228,0.111516442575753
1,37,25,929,511,794,769,0.0004021483619286,0.0027831855414516,0.0165231184307178,0.0442772621681272,0.12301074299872
1,38,9,638,320,472,460,0.0002778799628782,0.0038190588282844,0.0219274669525905,0.0589094778931108,0.155851651250525
1,38,6,258,181,356,376,0.0002014908562469,0.0015473812391415,0.0110819968193068,0.0358865118142185,0.11394071306653
1,38,15,896,501,828,836,0.0002412890171571,0.0026843210389027,0.0161997697334435,0.0461732658377952,0.133728193949194
1,39,16,659,348,495,404,0.0004940088228946,0.0039447645263941,0.0238461203109422,0.0617800668582411,0.136878406750462
1,39,12,285,180,352,398,0.0004029817124939,0.0017093164850982,0.0110207703175427,0.0354832925803509,0.120607456916168
1,39,28,944,528,847,802,0.00045040616536,0.0028281239517011,0.0170728112160841,0.0472327973002566,0.128289487496715
1,40,14,631,303,465,448,0.0004322577200328,0.0037771569289145,0.0207625702707342,0.0580358203819841,0.151785956000512
1,40,10,245,186,366,377,0.0003358180937449,0.0014694124170142,0.0113881293281274,0.0368945598988876,0.114243746877878
1,40,24,876,489,831,825,0.0003860624274514,0.0026244031585701,0.0158117512967143,0.0463405602792364,0.131968612449863
1,41,17,626,313,457,403,0.0005248843743255,0.0037472270007931,0.0214478036130026,0.0570373546549822,0.13653959881296
1,41,12,270,218,323,385,0.0004029817124939,0.0016193524595667,0.0133473773845794,0.0325599531348106,0.116668017368655
1,41,29,896,531,780,788,0.0004664920998371,0.0026843210389027,0.0171698158252664,0.0434965547747346,0.126050020133929
1,42,19,620,313,460,405,0.0005866354771874,0.0037113110870475,0.0214478036130026,0.0574117793026079,0.137217214687963
1,42,12,271,185,376,359,0.0004029817124939,0.0016253500612688,0.0113269028263633,0.0379026079835567,0.108789138273629
1,42,31,891,498,836,764,0.0004986639687914,0.0026693415688196,0.0161027651242612,0.0466193843483053,0.122210933226297
1,43,14,661,330,448,437,0.0004322577200328,0.0039567364976426,0.022612700294859,0.0559140807121051,0.148059068687999
1,43,17,262,175,353,390,0.0005708907593664,0.0015713716459499,0.010714637808722,0.0355840973888178,0.118183186425391
1,43,31,923,505,801,827,0.0004986639687914,0.0027652101773518,0.0163291092123532,0.0446676158648236,0.132288536358832
1,44,14,630,311,467,373,0.0004322577200328,0.0037711709432902,0.0213107569445489,0.0582854368137346,0.126375360687926
1,44,15,280,199,357,373,0.0005037271406174,0.0016793284765877,0.012184073851061,0.0359873166226855,0.113031611632489
1,44,29,910,510,824,746,0.0004664920998371,0.0027262635551356,0.0164907835609904,0.0459502065825401,0.119331618045573
1,45,9,658,305,432,420,0.0002778799628782,0.0039387785407698,0.0208996169391878,0.0539171492581014,0.14229933375048
1,45,7,271,198,352,372,0.0002350726656214,0.0016253500612688,0.0121228473492969,0.0354832925803509,0.112728577821142
1,45,16,929,503,784,792,0.0002573749516343,0.0027831855414516,0.0162644394728983,0.0437196140299896,0.126689867951868
1,46,18,618,280,468,372,0.0005557599257564,0.003699339115799,0.0191865335835167,0.0584102450296098,0.126036552750425
1,46,10,292,178,321,396,0.0003358180937449,0.0017512996970129,0.0108983173140144,0.0323583435178768,0.120001389293474
1,46,28,910,458,789,768,0.00045040616536,0.0027262635551356,0.0148093703351639,0.0439984380990584,0.122850781044236
1,47,16,679,300,432,361,0.0004940088228946,0.0040644842388795,0.0205570002680536,0.0539171492581014,0.122309665437912
1,47,8,272,201,382,387,0.0002686544749959,0.0016313476629709,0.0123065268545893,0.0385074368343581,0.117274084991349
1,47,24,951,501,814,748,0.0003860624274514,0.0028490952098175,0.0161997697334435,0.0453925584444025,0.119651541954542
1,48,7,623,328,450,405,0.0002161288600164,0.0037292690439203,0.0224756536264053,0.0561636971438556,0.137217214687963
1,48,6,263,201,365,370,0.0002014908562469,0.001577369247652,0.0123065268545893,0.0367937550904207,0.112122510198448
1,48,13,886,529,815,775,0.0002091171482028,0.0026543620987364,0.0171051460858116,0.0454483232582162,0.123970514725628
1,49,12,671,308,463,444,0.0003705066171709,0.0040165963538853,0.0211051869418684,0.0577862039502336,0.150430724250507
1,49,11,257,188,392,406,0.0003693999031194,0.0015413836374394,0.0115105823316557,0.0395154849190272,0.123031727406945
1,49,23,928,496,855,850,0.0003699764929743,0.002780189647435,0.0160380953848063,0.0476789158107667,0.13596766131198
1,50,10,664,332,474,430,0.0003087555143091,0.0039746944545154,0.0227497469633127,0.0591590943248612,0.145687413125491
1,50,8,259,164,405,418,0.0002686544749959,0.0015533788408436,0.0100411462893166,0.0408259474290969,0.126668133143111
1,50,18,923,496,879,848,0.0002895468205886,0.0027652101773518,0.0160380953848063,0.049017271342297,0.13564773740301
1,51,17,678,339,490,482,0.0005248843743255,0.0040584982532552,0.0232294103029006,0.061156025778865,0.163305425875551
1,51,15,271,207,387,459,0.0005037271406174,0.0016253500612688,0.0126738858651741,0.0390114608766926,0.139092519408344
1,51,32,949,546,877,941,0.0005147499032686,0.0028431034217843,0.0176548388711779,0.0489057417146695,0.150524199170086
1,52,13,668,359,533,465,0.0004013821686019,0.0039986383970125,0.0245998769874375,0.0665227790615001,0.157545690938031
1,52,14,250,201,399,398,0.0004701453312429,0.0014994004255247,0.0123065268545893,0.0402211185782955,0.120607456916168
1,52,27,918,560,932,863,0.0004343202308829,0.0027502307072687,0.018107527047362,0.0519728064744264,0.13804716672028
1,53,12,651,338,436,506,0.0003705066171709,0.0038968766413999,0.0231608869686737,0.0544163821216023,0.171436816375578
1,53,6,288,208,393,455,0.0002014908562469,0.0017273092902045,0.0127351123669382,0.0396162897274941,0.137880384162956
1,53,18,939,546,829,961,0.0002895468205886,0.0028131444816179,0.0176548388711779,0.0462290306516089,0.153723438259779
2,1,17,661,327,483,435,0.0005363021759908,0.0039640918950388,0.0209700102215851,0.0596218322207315,0.141079115945786
2,1,14,256,211,391,401,0.0004800228976197,0.0015374888758429,0.0121081660033973,0.0380554390620546,0.113984252057744
2,1,31,917,538,874,836,0.0005093337639794,0.00275167007876,0.0162931785319854,0.0475632194458468,0.126639686238952
2,2,16,689,334,463,484,0.0005047549891678,0.0041320110675972,0.0214189095229646,0.0571530192923369,0.15697078647761
2,2,5,287,215,429,457,0.0001714367491498,0.001723669169402,0.0123377046954049,0.0417539216307453,0.12990225234511
2,2,21,976,549,892,941,0.0003450325497925,0.0029287131917882,0.0166263104350558,0.0485427823177292,0.142545388457959
2,3,16,731,350,564,518,0.0005047549891678,0.0043838898264348,0.0224449650689749,0.06962052458073,0.167997659907856
2,3,10,298,186,414,478,0.0003428734982997,0.0017897331445359,0.0106735491783503,0.040293994300999,0.135871502452872
2,3,26,1029,536,978,996,0.0004271831568859,0.0030877519204406,0.0162326090950636,0.0532229160389452,0.150876946763153
2,4,11,772,420,599,659,0.0003470190550529,0.0046297714719667,0.0269339580827698,0.0739409472054207,0.213726752662697
2,4,13,305,206,488,574,0.0004457355477897,0.0018317738559847,0.0118212426383879,0.0474963024610809,0.1631595029455
2,4,24,1077,626,1087,1233,0.0003943229140486,0.0032317869954466,0.0189582337565481,0.0591547134297888,0.186778388914627
2,5,36,815,395,594,596,0.0011356987256277,0.0048876473441099,0.0253307462921288,0.073323743973322,0.193294604836066
2,5,32,324,234,439,587,0.0010971951945593,0.0019458843584887,0.0134280134824407,0.0427272065172429,0.16685475301221
2,5,68,1139,629,1033,1183,0.001117248256471,0.0034178323006627,0.0190490879119309,0.0562160248141415,0.179204245000814
2,6,17,796,434,646,672,0.0005363021759908,0.0047737021913024,0.0278317566855288,0.0797426575871482,0.217942910150732
2,6,20,334,248,504,607,0.0006857469965995,0.0020059425177013,0.014231398904467,0.049053558279477,0.17253975311484
2,6,37,1130,682,1150,1279,0.0006079144924916,0.0033908257240991,0.0206541779903607,0.0625831834813773,0.193746601315335
2,7,12,870,384,631,607,0.0003785662418759,0.005217488575921,0.0246253331042467,0.0778910478908522,0.196862122710557
2,7,8,340,234,506,534,0.0002742987986398,0.0020419774132289,0.0134280134824407,0.0492482152567765,0.151789502740238
2,7,20,1210,618,1137,1141,0.0003286024283738,0.0036308841824424,0.0187159560088606,0.06187572140724,0.172841964113211
2,8,19,803,411,638,631,0.0005993965496368,0.004815681984442,0.0263568018381391,0.0787551324157903,0.204645798073083
2,8,15,347,237,485,572,0.0005143102474496,0.0020840181246777,0.0136001675014463,0.0472043169951316,0.162591002935237
2,8,34,1150,648,1123,1203,0.0005586241282355,0.0034508403386849,0.0196244975626888,0.0611138391735537,0.182233902566339
2,9,8,774,433,579,599,0.0002523774945839,0.004641765698578,0.0277676282139032,0.071472134277026,0.194267564256382
2,9,15,312,236,476,580,0.0005143102474496,0.0018738145674336,0.0135427828284444,0.0463283605972838,0.164865002976289
2,9,23,1086,669,1055,1179,0.0003778927926299,0.0032587935720102,0.0202604766503685,0.0574132683242201,0.178598313487709
2,10,12,735,394,588,561,0.0003785662418759,0.0044078782796574,0.0252666178205031,0.0725831000948036,0.181943411599049
2,10,7,320,210,470,548,0.0002400114488098,0.0019218610948037,0.0120507813303955,0.0457443896653853,0.15576900281208
2,10,19,1055,604,1058,1109,0.0003121723069551,0.0031657709194022,0.0182919699504074,0.0575765288028671,0.167994512008371
2,11,13,705,358,537,545,0.0004101134286989,0.0042279648804877,0.02295799284198,0.0662876271273972,0.176754294690698
2,11,10,270,232,445,533,0.0003428734982997,0.0016215702987406,0.0133132441364369,0.0433111774491414,0.151505252735107
2,11,23,975,590,982,1078,0.0003778927926299,0.0029257124610589,0.0178679838919543,0.0534405966771413,0.163298542781807
2,12,17,717,365,502,499,0.0005363021759908,0.0042999302401556,0.0234068921433595,0.0619672045027065,0.161835583579189
2,12,10,287,199,423,500,0.0003428734982997,0.001723669169402,0.0114195499273747,0.0411699506988468,0.142125002565766
2,12,27,1004,564,925,999,0.0004436132783046,0.0030127336522084,0.0170805812119699,0.050338647582847,0.151331395397982
2,13,11,690,345,562,547,0.0003470190550529,0.0041380081809029,0.0221243227108467,0.0693736432878905,0.177402934304242
2,13,8,289,218,438,518,0.0002742987986398,0.0017356808012445,0.0125098587144105,0.0426298780285931,0.147241502658134
2,13,19,979,563,1000,1065,0.0003121723069551,0.0029377153839761,0.0170502964935089,0.0544201595490238,0.161329265364215
2,14,13,625,362,508,543,0.0004101134286989,0.0037481958160352,0.0232145067284826,0.0627078483812249,0.176105655077154
2,14,4,295,212,406,516,0.0001371493993199,0.0017717156967721,0.0121655506763992,0.0395153663918009,0.146673002647871
2,14,17,920,574,914,1059,0.0002793120641177,0.0027606722709479,0.0173834283965793,0.0497400258278077,0.160420368094558
2,15,12,675,340,496,495,0.0003785662418759,0.004048051481318,0.0218036803527184,0.0612265606241881,0.160538304352102
2,15,9,301,186,377,435,0.0003085861484698,0.0018077505922997,0.0106735491783503,0.036692840220958,0.123648752232217
2,15,21,976,526,873,930,0.0003450325497925,0.0029287131917882,0.0159297619104542,0.0475087992862977,0.14087907679692
2,16,12,686,346,486,442,0.0003785662418759,0.0041140197276802,0.0221884511824723,0.0599921541599907,0.14334935459319
2,16,9,304,183,417,429,0.0003085861484698,0.0018257680400635,0.0105013951593446,0.0405859797669482,0.121943252201427
2,16,21,990,529,903,871,0.0003450325497925,0.0029707234219983,0.016020616065837,0.0491414040727685,0.131941586978621
2,17,12,633,330,453,466,0.0003785662418759,0.0037961727224805,0.021162395636462,0.0559186128281395,0.151133029955716
2,17,13,263,213,389,414,0.0004457355477897,0.0015795295872917,0.0122229353494011,0.0378607820847551,0.117679502124454
2,17,25,896,543,842,880,0.0004107530354673,0.0026886547334449,0.0164446021242901,0.045821774340278,0.133304932883107
2,18,18,652,361,465,446,0.0005678493628138,0.0039101178752879,0.0231503782568569,0.0573999005851763,0.144646633820277
2,18,11,289,166,414,439,0.0003771608481297,0.0017356808012445,0.0095258557183126,0.040293994300999,0.124785752252743
2,18,29,941,527,879,885,0.000476473521142,0.002823687616263,0.0159600466289151,0.0478353202435919,0.134062347274489
2,19,10,692,305,471,399,0.0003154718682299,0.0041500024075142,0.019559183845821,0.0581405444636947,0.129403602901997
2,19,16,266,173,368,418,0.0005485975972796,0.0015975470350555,0.0099275484293257,0.0358168838231102,0.118816502144981
2,19,26,958,478,839,817,0.0004271831568859,0.002874700038661,0.0144760954243291,0.0456585138616309,0.123761511551703
2,20,14,603,302,475,405,0.0004416606155218,0.0036162593233108,0.019366798430944,0.0586343070493737,0.131349521742629
2,20,9,238,185,389,384,0.0003085861484698,0.0014293841892602,0.0106161645053484,0.0378607820847551,0.109152001970508
2,20,23,841,487,864,789,0.0003778927926299,0.0025236145433339,0.0147486578904775,0.0470190178503565,0.119519990959968
2,21,15,628,327,449,478,0.0004732078023448,0.0037661871559522,0.0209700102215851,0.0554248502424606,0.155024867636979
2,21,10,256,187,383,414,0.0003428734982997,0.0015374888758429,0.0107309338513521,0.0372768111528565,0.117679502124454
2,21,25,884,514,832,892,0.0004107530354673,0.0026526459646934,0.0155663452889229,0.0452775727447878,0.135122727422423
2,22,14,625,323,481,470,0.0004416606155218,0.0037481958160352,0.0207134963350825,0.0593749509278921,0.152430309182804
2,22,9,262,204,388,458,0.0003085861484698,0.0015735237713705,0.0117064732923842,0.0377634535961053,0.130186502350242
2,22,23,887,527,869,928,0.0003778927926299,0.0026616481568813,0.0159600466289151,0.0472911186481016,0.140576111040368
2,23,11,633,290,436,416,0.0003470190550529,0.0037961727224805,0.0185972567714363,0.053820121839004,0.13491703961712
2,23,15,239,207,380,388,0.0005143102474496,0.0014353900051815,0.0118786273113898,0.0369848256869073,0.110289001991035
2,23,26,872,497,816,804,0.0004271831568859,0.0026166371959419,0.0150515050750869,0.0444068501920034,0.121792234134112
2,24,6,609,322,418,410,0.0001892831209379,0.0036522420031447,0.0206493678634569,0.0515981902034488,0.132971120776488
2,24,11,255,214,371,386,0.0003771608481297,0.0015314830599217,0.012280320022403,0.0361088692890595,0.109720501980772
2,24,17,864,536,789,796,0.0002793120641177,0.0025926313501076,0.0162326090950636,0.0429375058841798,0.120580371107902
2,25,17,672,316,494,439,0.0005363021759908,0.0040300601414011,0.020264597033703,0.0609796793313486,0.142376395172874
2,25,11,245,201,395,413,0.0003771608481297,0.001471424900709,0.0115343192733785,0.0384447530166536,0.117395252119323
2,25,28,917,517,889,852,0.0004600433997233,0.00275167007876,0.0156571994443057,0.0483795218390821,0.129063412291372
2,26,13,585,328,490,438,0.0004101134286989,0.0035083112838089,0.0210341386932107,0.0604859167456697,0.142052075366102
2,26,11,289,194,364,400,0.0003771608481297,0.0017356808012445,0.0111326265623653,0.0354275698685112,0.113700002052613
2,26,24,874,522,854,838,0.0003943229140486,0.0026226386574005,0.0158086230366104,0.0464748162548663,0.126942651995505
2,27,13,659,322,407,441,0.0004101134286989,0.0039520976684275,0.0206493678634569,0.0502403430928318,0.143025034786418
2,27,13,268,199,397,445,0.0004457355477897,0.0016095586668981,0.0114195499273747,0.0386394099939531,0.126491252283532
2,27,26,927,521,804,886,0.0004271831568859,0.0027816773860529,0.0157783383181495,0.0437538082774151,0.134213830152765
2,28,10,658,309,433,439,0.0003154718682299,0.0039461005551219,0.0198156977323235,0.0534497998997448,0.142376395172874
2,28,8,263,214,388,404,0.0002742987986398,0.0015795295872917,0.012280320022403,0.0377634535961053,0.114837002073139
2,28,18,921,523,821,843,0.0002957421855364,0.0027636730016772,0.0158389077550714,0.0446789509897485,0.127700066386886
2,29,13,685,299,429,431,0.0004101134286989,0.0041080226143746,0.0191744130160671,0.0529560373140659,0.139781836718699
2,29,14,247,210,385,402,0.0004800228976197,0.0014834365325516,0.0120507813303955,0.037471468130156,0.114268502062876
2,29,27,932,509,814,833,0.0004436132783046,0.0027966810396994,0.0154149216966182,0.0442980098729053,0.126185237604123
2,30,10,636,337,452,439,0.0003154718682299,0.0038141640623974,0.0216112949378415,0.0557951721817198,0.142376395172874
2,30,7,253,183,390,439,0.0002400114488098,0.0015194714280791,0.0105013951593446,0.0379581105734048,0.124785752252743
2,30,17,889,520,842,878,0.0002793120641177,0.0026676496183399,0.0157480535996885,0.045821774340278,0.133001967126555
2,31,13,601,290,465,413,0.0004101134286989,0.0036042650966994,0.0185972567714363,0.0573999005851763,0.133944080196804
2,31,11,235,217,419,425,0.0003771608481297,0.0014113667414964,0.0124524740414086,0.0407806367442477,0.120806252180901
2,31,24,836,507,884,838,0.0003943229140486,0.0025086108896874,0.0153543522596963,0.048107421041337,0.126942651995505
2,32,9,635,296,406,450,0.0002839246814069,0.0038081669490918,0.0189820276011902,0.050116902446412,0.145943913047365
2,32,11,289,185,363,399,0.0003771608481297,0.0017356808012445,0.0106161645053484,0.0353302413798614,0.113415752047481
2,32,20,924,481,769,849,0.0003286024283738,0.0027726751938651,0.0145669495797119,0.0418491026931993,0.128608963656543
2,33,9,592,297,449,400,0.0002839246814069,0.0035502910769485,0.0190461560728158,0.0554248502424606,0.129727922708769
2,33,7,251,168,358,406,0.0002400114488098,0.0015074597962366,0.0096406250643163,0.0348435989366126,0.115405502083402
2,33,16,843,465,807,806,0.000262881942699,0.0025296160047925,0.0140823940843369,0.0439170687560622,0.122095199890664
2,34,16,686,318,445,430,0.0005047549891678,0.0041140197276802,0.0203928539769543,0.0549310876567817,0.139457516911927
2,34,10,225,172,391,425,0.0003428734982997,0.0013513085822838,0.0098701637563239,0.0380554390620546,0.120806252180901
2,34,26,911,490,836,855,0.0004271831568859,0.0027336656943843,0.0148395120458603,0.0454952533829839,0.129517860926201
2,35,14,631,290,435,427,0.0004416606155218,0.0037841784958691,0.0185972567714363,0.0536966811925843,0.138484557491611
2,35,10,267,188,357,438,0.0003428734982997,0.0016035528509768,0.010788318524354,0.0347462704479629,0.124501502247611
2,35,24,898,478,792,865,0.0003943229140486,0.0026946561949035,0.0144760954243291,0.0431007663628268,0.131032689708964
2,36,18,598,331,456,437,0.0005678493628138,0.0035862737567825,0.0212265241080877,0.0562889347673987,0.14172775555933
2,36,12,269,194,374,402,0.0004114481979597,0.0016155644828193,0.0111326265623653,0.0364008547550087,0.114268502062876
2,36,30,867,525,830,839,0.0004929036425607,0.0026016335422955,0.0158994771919932,0.0451687324256897,0.127094134873781
2,37,9,659,292,437,436,0.0002839246814069,0.0039520976684275,0.0187255137146876,0.0539435624854238,0.141403435752558
2,37,9,253,201,355,405,0.0003085861484698,0.0015194714280791,0.0115343192733785,0.0345516134706634,0.115121252078271
2,37,18,912,493,792,841,0.0002957421855364,0.0027366664251136,0.0149303662012432,0.0431007663628268,0.127397100630333
2,38,13,664,355,412,419,0.0004101134286989,0.0039820832349558,0.0227656074271031,0.0508575463249304,0.135889999037436
2,38,11,260,161,394,384,0.0003771608481297,0.001561512139528,0.0092389323533031,0.0383474245280038,0.109152001970508
2,38,24,924,516,806,803,0.0003943229140486,0.0027726751938651,0.0156269147258448,0.0438626485965131,0.121640751255836
2,39,10,592,327,459,463,0.0003154718682299,0.0035502910769485,0.0209700102215851,0.0566592567066579,0.1501600705354
2,39,7,265,175,384,386,0.0002400114488098,0.0015915412191343,0.0100423177753295,0.0373741396415063,0.109720501980772
2,39,17,857,502,843,849,0.0002793120641177,0.0025716262350026,0.0152029286673916,0.045876194499827,0.128608963656543
2,40,16,632,317,452,449,0.0005047549891678,0.0037901756091748,0.0203287255053287,0.0557951721817198,0.145619593240593
2,40,13,213,200,359,420,0.0004457355477897,0.0012792387912287,0.0114769346003766,0.0349409274252624,0.119385002155244
2,40,29,845,517,811,869,0.000476473521142,0.0025356174662511,0.0156571994443057,0.0441347493942583,0.131638621222069
2,41,11,603,318,453,457,0.0003470190550529,0.0036162593233108,0.0203928539769543,0.0559186128281395,0.148214151694769
2,41,11,252,201,356,407,0.0003771608481297,0.0015134656121579,0.0115343192733785,0.0346489419593131,0.115689752088534
2,41,22,855,519,809,864,0.0003614626712112,0.002565624773544,0.0157177688812276,0.0440259090751602,0.130881206830687
2,42,7,648,325,456,451,0.0002208303077609,0.0038861294220653,0.0208417532783338,0.0562889347673987,0.146268232854137
2,42,9,271,197,359,431,0.0003085861484698,0.0016275761146618,0.011304780581371,0.0349409274252624,0.12251175221169
2,42,16,919,522,815,882,0.000262881942699,0.0027576715402186,0.0158086230366104,0.0443524300324544,0.13360789863966
2,43,15,635,330,448,383,0.0004732078023448,0.0038081669490918,0.021162395636462,0.0553014095960409,0.124214485993646
2,43,6,261,197,354,407,0.0002057240989798,0.0015675179554492,0.011304780581371,0.0344542849820136,0.115689752088534
2,43,21,896,527,802,790,0.0003450325497925,0.0026886547334449,0.0159600466289151,0.0436449679583171,0.119671473838244
2,44,12,598,323,454,383,0.0003785662418759,0.0035862737567825,0.0207134963350825,0.0560420534745593,0.124214485993646
2,44,7,258,208,360,431,0.0002400114488098,0.0015495005076854,0.0119360119843917,0.0350382559139121,0.12251175221169
2,44,19,856,531,814,814,0.0003121723069551,0.0025686255042733,0.0160811855027589,0.0442980098729053,0.123307062916874
2,45,16,658,333,494,471,0.0005047549891678,0.0039461005551219,0.0213547810513389,0.0609796793313486,0.152754628989575
2,45,9,282,174,390,431,0.0003085861484698,0.0016936400897957,0.0099849331023276,0.0379581105734048,0.12251175221169
2,45,25,940,507,884,902,0.0004107530354673,0.0028206868855337,0.0153543522596963,0.048107421041337,0.136637556205185
2,46,17,629,352,456,496,0.0005363021759908,0.0037721842692578,0.0225732220122262,0.0562889347673987,0.160862624158874
2,46,11,273,190,340,425,0.0003771608481297,0.0016395877465044,0.0109030878703578,0.033091686140917,0.120806252180901
2,46,28,902,542,796,921,0.0004600433997233,0.0027066591178207,0.0164143174058292,0.0433184470010229,0.139515730892434
2,47,13,642,325,496,458,0.0004101134286989,0.0038501467422314,0.0208417532783338,0.0612265606241881,0.14853847150154
2,47,8,242,173,356,384,0.0002742987986398,0.0014534074529453,0.0099275484293257,0.0346489419593131,0.109152001970508
2,47,21,884,498,852,842,0.0003450325497925,0.0026526459646934,0.0150817897935479,0.0463659759357682,0.12754858350861
2,48,7,641,366,471,487,0.0002208303077609,0.0038441496289257,0.0234710206149851,0.0581405444636947,0.157943745897926
2,48,10,255,176,387,454,0.0003428734982997,0.0015314830599217,0.0100997024483314,0.0376661251074556,0.129049502329716
2,48,17,896,542,858,941,0.0002793120641177,0.0026886547334449,0.0164143174058292,0.0466924968930624,0.142545388457959
2,49,14,650,342,516,450,0.0004416606155218,0.0038981236486766,0.0219319372959697,0.0636953735525828,0.145943913047365
2,49,11,265,200,418,482,0.0003771608481297,0.0015915412191343,0.0114769346003766,0.040683308255598,0.137008502473399
2,49,25,915,542,934,932,0.0004107530354673,0.0027456686173014,0.0164143174058292,0.0508284290187882,0.141182042553473
2,50,15,678,340,491,475,0.0004732078023448,0.004066042821235,0.0218036803527184,0.0606093573920894,0.154051908216663
2,50,6,276,182,412,451,0.0002057240989798,0.0016576051942681,0.0104440104863427,0.0400993373236995,0.128196752314321
2,50,21,954,522,903,926,0.0003450325497925,0.0028626971157438,0.0158086230366104,0.0491414040727685,0.140273145283815
2,51,20,617,345,500,492,0.0006309437364598,0.00370021890959,0.0221243227108467,0.061720323209867,0.159565344931786
2,51,6,268,203,398,464,0.0002057240989798,0.0016095586668981,0.0116490886193823,0.0387367384826029,0.131892002381031
2,51,26,885,548,898,956,0.0004271831568859,0.0026556466954227,0.0165960257165948,0.0488693032750233,0.144817631632103
2,52,15,643,340,470,503,0.0004732078023448,0.003856143855537,0.0218036803527184,0.058017103817275,0.163132862806277
2,52,10,278,185,403,475,0.0003428734982997,0.0016696168261107,0.0106161645053484,0.0392233809258516,0.135018752437478
2,52,25,921,525,873,978,0.0004107530354673,0.0027636730016772,0.0158994771919932,0.0475087992862977,0.148150254954181
3,1,15,647,347,474,529,0.0004807232355351,0.0038984578631623,0.0207007774550744,0.0576654007622721,0.1673889495241
3,1,7,253,192,385,477,0.0002435755607524,0.001525892544792,0.0102511524127048,0.0363367138869806,0.128376334295825
3,1,22,900,539,859,1006,0.0003670245120368,0.0027127418108874,0.0151864109457648,0.045654630346208,0.146307219430064
3,2,10,635,316,460,493,0.0003204821570234,0.0038261526168594,0.0188514284605288,0.0559622032714033,0.15599764104987
3,2,7,283,196,363,489,0.0002435755607524,0.0017068284196685,0.0104647180879695,0.034260330236296,0.131605927611443
3,2,17,918,512,823,982,0.0002836098502102,0.0027669966471052,0.0144256816405039,0.0437412814609187,0.142816788747836
3,3,11,651,378,483,511,0.0003525303727257,0.0039225596119299,0.0225501264496199,0.0587603134349735,0.161693295286985
3,3,11,259,184,384,500,0.0003827615954681,0.0015620797197673,0.0098240210621754,0.0362423328119495,0.13456638815076
3,3,22,910,562,867,1011,0.0003670245120368,0.002742883386564,0.0158344396132093,0.0460798189873834,0.147034392488862
3,4,11,663,374,544,553,0.0003525303727257,0.0039948648582328,0.0223115007729044,0.0661813882166161,0.174983155173587
3,4,12,287,232,431,480,0.000417558104147,0.0017309532029854,0.0123868091653517,0.0406782433384121,0.12918373262473
3,4,23,950,606,975,1033,0.0003837074444021,0.0028634496892701,0.0170741466291901,0.0518198656432512,0.150233953947571
3,5,13,697,376,529,565,0.0004166268041304,0.0041997297227575,0.0224308136112621,0.0643565337621138,0.17878025799833
3,5,10,266,207,457,520,0.0003479650867891,0.0016042980905718,0.0110520236949474,0.0431321512892211,0.139949043676791
3,5,23,963,583,986,1085,0.0003837074444021,0.0029026337376496,0.0164261179617456,0.0524045000248674,0.157796553759065
3,6,9,685,398,519,524,0.000288433941321,0.0041274244764547,0.0237432548331977,0.063139964125779,0.165806823347124
3,6,13,289,242,410,500,0.0004523546128259,0.0017430155946438,0.0129207233535134,0.0386962407627586,0.13456638815076
3,6,22,974,640,929,1024,0.0003670245120368,0.0029357894708937,0.0180321020506298,0.0493750309564927,0.148925042441735
3,7,17,719,399,562,594,0.0005448196669397,0.0043322893409794,0.0238029112523766,0.0683712135620188,0.187956589824793
3,7,12,330,250,454,533,0.000417558104147,0.0019902946236417,0.0133478547040427,0.0428490080641278,0.14344776976871
3,7,29,1049,649,1016,1127,0.0004838050385939,0.0031618512884677,0.0182856784857168,0.0539989574292751,0.163904807452965
3,8,8,687,375,519,505,0.0002563857256187,0.0041394753508385,0.0223711571920833,0.063139964125779,0.159794743874614
3,8,14,235,232,429,525,0.0004871511215048,0.0014173310198661,0.0123868091653517,0.0404894811883498,0.141294707558298
3,8,22,922,607,948,1030,0.0003670245120368,0.0027790532773758,0.0171023217886442,0.0503848539792843,0.149797650112292
3,9,11,680,338,507,536,0.0003525303727257,0.0040972972904951,0.0201638696824644,0.0616800805621771,0.169603926171867
3,9,10,280,227,415,511,0.0003479650867891,0.0016887348321808,0.0121198520712708,0.0391681461379142,0.137526848690077
3,9,21,960,565,922,1047,0.0003503415796715,0.0028935912649466,0.0159189650915716,0.0490029908954642,0.152270038512204
3,10,13,727,379,507,489,0.0004166268041304,0.0043804928385147,0.0226097828687988,0.0616800805621771,0.154731940108289
3,10,9,279,199,392,488,0.0003131685781102,0.0016827036363516,0.010624892344418,0.0369973814121984,0.131336794835142
3,10,22,1006,578,899,977,0.0003670245120368,0.0030322425130586,0.0162852421644751,0.047780573552085,0.142089615689039
3,11,10,697,354,467,542,0.0003204821570234,0.0041997297227575,0.0211183723893266,0.0568138020168377,0.171502477584239
3,11,9,253,187,407,500,0.0003131685781102,0.001525892544792,0.0099841953186239,0.0384130975376652,0.13456638815076
3,11,19,950,541,874,1042,0.0003169757149408,0.0028634496892701,0.015242761264673,0.0464518590484119,0.151542865453406
3,12,11,601,384,495,484,0.0003525303727257,0.0036212877523347,0.0229080649646933,0.0602201969985753,0.153149813931313
3,12,12,256,212,379,454,0.000417558104147,0.0015439861322796,0.0113189807890282,0.0357704274367939,0.12218628044089
3,12,23,857,596,874,938,0.0003837074444021,0.0025831330354784,0.016792395034649,0.0464518590484119,0.136417665830418
3,13,8,647,368,429,461,0.0002563857256187,0.0038984578631623,0.021953562257831,0.0521908373987653,0.145872033517221
3,13,12,277,208,370,497,0.000417558104147,0.0016706412446932,0.0111054151137636,0.0349209977615138,0.133758989821856
3,13,20,924,576,799,958,0.0003336586473062,0.0027850815925111,0.0162288918455668,0.0424657155373925,0.139326358065608
3,14,11,677,342,510,513,0.0003525303727257,0.0040792209789194,0.0204024953591799,0.0620450514530776,0.162326145757776
3,14,11,277,226,386,476,0.0003827615954681,0.0016706412446932,0.0120664606524546,0.0364310949620117,0.128107201519524
3,14,22,954,568,896,989,0.0003670245120368,0.0028755063195407,0.016003490569934,0.0476211278116442,0.143834831030153
3,15,14,641,336,475,488,0.0004486750198327,0.0038623052400109,0.0200445568441066,0.0577870577259056,0.154415514872894
3,15,13,267,204,389,480,0.0004523546128259,0.001610329286401,0.0108918494384989,0.0367142381871051,0.12918373262473
3,15,27,908,540,864,968,0.0004504391738633,0.0027368550714286,0.0152145861052189,0.0459203732469426,0.140780704183203
3,16,7,591,351,430,419,0.0002243375099163,0.0035610333804156,0.0209394031317899,0.0523124943623988,0.13258217363062
3,16,6,278,168,352,463,0.0002087790520735,0.0016766724405224,0.0089697583611167,0.0332221384109537,0.124608475427604
3,16,13,869,519,782,882,0.000216878120749,0.0026193029262902,0.0146229077566826,0.0415621896748948,0.128273327571885
3,17,12,623,308,443,432,0.000384578588428,0.0037538473705566,0.0183741771070977,0.0538940348896341,0.136695701690759
3,17,15,258,176,354,446,0.0005219476301837,0.0015560485239381,0.009396889711646,0.0334109005610159,0.120033218230478
3,17,27,881,484,797,878,0.0004504391738633,0.002655472817102,0.0136367771757888,0.0423594183770987,0.127691589124847
3,18,14,589,325,446,463,0.0004486750198327,0.0035489825060318,0.0193883362331388,0.0542590057805345,0.146504883988012
3,18,14,280,215,380,480,0.0004871511215048,0.0016887348321808,0.0114791550454768,0.035864808511825,0.12918373262473
3,18,28,869,540,826,943,0.0004671221062286,0.0026193029262902,0.0152145861052189,0.0439007272013595,0.137144838889215
3,19,11,616,338,424,462,0.0003525303727257,0.0037116693102132,0.0201638696824644,0.0515825525805978,0.146188458752617
3,19,10,245,170,400,441,0.0003479650867891,0.0014776429781582,0.009076541198749,0.0377524300124474,0.11868755434897
3,19,21,861,508,824,903,0.0003503415796715,0.002595189665749,0.0143129810026874,0.0437944300410657,0.131327454418835
3,20,11,608,321,438,426,0.0003525303727257,0.003663465812678,0.0191497105564233,0.0532857500714666,0.134797150278387
3,20,14,250,187,348,431,0.0004871511215048,0.0015077989573043,0.0099841953186239,0.0328446141108292,0.115996226585955
3,20,25,858,508,786,857,0.0004170733091327,0.002586147193046,0.0143129810026874,0.0417747839954825,0.124637462277898
3,21,10,623,351,432,422,0.0003204821570234,0.0037538473705566,0.0209394031317899,0.0525558082896657,0.133531449336806
3,21,13,291,193,362,427,0.0004523546128259,0.0017550779863022,0.010304543831521,0.0341659491612649,0.114919695480749
3,21,23,914,544,794,849,0.0003837074444021,0.0027549400168346,0.0153272867430354,0.0421999726366579,0.123473985383822
3,22,22,599,320,411,442,0.0007050607454514,0.0036092368779509,0.0190900541372444,0.0500010120533625,0.139859954044711
3,22,14,267,202,364,468,0.0004871511215048,0.001610329286401,0.0107850666008665,0.0343547113113271,0.125954139309112
3,22,36,866,522,775,910,0.0006005855651511,0.0026102604535872,0.014707433235045,0.0411901496138664,0.132345496701152
3,23,14,622,346,446,477,0.0004486750198327,0.0037478219333647,0.0206411210358955,0.0542590057805345,0.150934837283546
3,23,13,263,203,375,477,0.0004523546128259,0.0015862045030841,0.0108384580196827,0.0353929031366694,0.128376334295825
3,23,27,885,549,821,954,0.0004504391738633,0.0026675294473726,0.0154681625403059,0.0436349843006249,0.13874461961857
3,24,15,619,351,422,529,0.0004807232355351,0.003729745621789,0.0209394031317899,0.0513392386533309,0.1673889495241
3,24,13,260,217,375,471,0.0004523546128259,0.0015681109155965,0.0115859378831091,0.0353929031366694,0.126761537638016
3,24,28,879,568,797,1000,0.0004671221062286,0.0026494445019667,0.016003490569934,0.0423594183770987,0.145434611759507
3,25,14,666,357,459,447,0.0004486750198327,0.0040129411698085,0.0212973416468633,0.0558405463077698,0.141442080221688
3,25,7,283,203,428,457,0.0002435755607524,0.0017068284196685,0.0108384580196827,0.0403951001133187,0.122993678769795
3,25,21,949,560,887,904,0.0003503415796715,0.0028604355317024,0.0157780892943011,0.0471427905903219,0.131472889030595
3,26,13,630,377,461,457,0.0004166268041304,0.0037960254308999,0.022490470030441,0.0560838602350368,0.14460633257564
3,26,13,263,239,419,519,0.0004523546128259,0.0015862045030841,0.0127605490970649,0.0395456704380386,0.139679910900489
3,26,26,893,616,880,976,0.000433756241498,0.0026916427079139,0.0173558982237312,0.0467707505292934,0.141944181077279
3,27,13,666,396,475,522,0.0004166268041304,0.0040129411698085,0.0236239419948399,0.0577870577259056,0.165173972876333
3,27,7,278,217,394,532,0.0002435755607524,0.0016766724405224,0.0115859378831091,0.0371861435622607,0.143178636992409
3,27,20,944,613,869,1054,0.0003336586473062,0.0028453647438641,0.0172713727453689,0.0461861161476773,0.153288080794521
3,28,15,615,337,479,500,0.0004807232355351,0.0037056438730213,0.0201042132632855,0.0582736855804395,0.158212617697637
3,28,7,293,213,462,521,0.0002435755607524,0.0017671403779607,0.0113723722078444,0.0436040566643767,0.140218176453092
3,28,22,908,550,941,1021,0.0003670245120368,0.0027368550714286,0.01549633769976,0.0500128139182558,0.148488738606457
3,29,7,659,357,493,507,0.0002243375099163,0.0039707631094651,0.0212973416468633,0.0599768830713083,0.160427594345404
3,29,4,298,213,428,517,0.0001391860347156,0.0017972963571068,0.0113723722078444,0.0403951001133187,0.139141645347886
3,29,11,957,570,921,1024,0.0001835122560184,0.0028845487922436,0.0160598408888422,0.0489498423153173,0.148925042441735
3,30,13,668,344,489,506,0.0004166268041304,0.0040249920441923,0.0205218081975377,0.0594902552167744,0.160111169110009
3,30,11,286,236,416,530,0.0003827615954681,0.0017249220071561,0.0126003748406164,0.0392625272129453,0.142640371439806
3,30,24,954,580,905,1036,0.0004003903767674,0.0028755063195407,0.0163415924833833,0.0480994650329665,0.150670257782849
3,31,10,670,335,494,454,0.0003204821570234,0.0040370429185761,0.0199849004249277,0.0600985400349418,0.143657056869455
3,31,17,267,196,395,470,0.0005915406475416,0.001610329286401,0.0104647180879695,0.0372805246372918,0.126492404861715
3,31,27,937,531,889,924,0.0004504391738633,0.0028242656408906,0.0149610096701319,0.0472490877506157,0.134381581265785
3,32,17,659,374,486,503,0.0005448196669397,0.0039707631094651,0.0223115007729044,0.0591252843258739,0.159161893403823
3,32,8,287,214,419,490,0.0002783720694313,0.0017309532029854,0.0114257636266606,0.0395456704380386,0.131875060387745
3,32,25,946,588,905,993,0.0004170733091327,0.0028513930589995,0.0165669937590162,0.0480994650329665,0.144416569477191
3,33,13,669,379,467,505,0.0004166268041304,0.0040310174813842,0.0226097828687988,0.0568138020168377,0.159794743874614
3,33,12,247,171,416,474,0.000417558104147,0.0014897053698167,0.0091299326175652,0.0392625272129453,0.127568935966921
3,33,25,916,550,883,979,0.0004170733091327,0.0027609683319699,0.01549633769976,0.0469301962697342,0.142380484912558
3,34,13,621,355,453,467,0.0004166268041304,0.0037417964961728,0.0211780288085055,0.0551106045259689,0.147770584929593
3,34,9,259,183,407,477,0.0003131685781102,0.0015620797197673,0.0097706296433592,0.0384130975376652,0.128376334295825
3,34,22,880,538,860,944,0.0003670245120368,0.0026524586595344,0.0151582357863107,0.0457077789263549,0.137290273500975
3,35,18,606,343,429,468,0.0005768678826421,0.0036514149382942,0.0204621517783588,0.0521908373987653,0.148087010164988
3,35,8,254,214,418,404,0.0002783720694313,0.0015319237406212,0.0114257636266606,0.0394512893630075,0.108729641625814
3,35,26,860,557,847,872,0.000433756241498,0.0025921755081813,0.0156935638159388,0.0450168473844449,0.12681898145429
3,36,11,615,339,444,464,0.0003525303727257,0.0037056438730213,0.0202235261016433,0.0540156918532676,0.146821309223407
3,36,8,237,177,371,430,0.0002783720694313,0.0014293934115245,0.0094502811304622,0.0350153788365449,0.115727093809654
3,36,19,852,516,815,894,0.0003169757149408,0.0025680622476401,0.0145383822783203,0.0433160928197433,0.130018542912999
3,37,7,607,345,417,440,0.0002243375099163,0.0036574403754861,0.0205814646167166,0.0507309538351634,0.139227103573921
3,37,5,256,202,364,445,0.0001739825433945,0.0015439861322796,0.0107850666008665,0.0343547113113271,0.119764085454177
3,37,12,863,547,781,885,0.0002001951883837,0.0026012179808843,0.0154118122213977,0.0415090410947479,0.128709631407164
3,38,16,627,328,476,444,0.0005127714512374,0.0037779491193242,0.0195673054906755,0.0579087146895391,0.140492804515502
3,38,4,237,196,386,437,0.0001391860347156,0.0014293934115245,0.0104647180879695,0.0364310949620117,0.117611023243764
3,38,20,864,524,862,881,0.0003336586473062,0.0026042321384519,0.0147637835539532,0.0458140760866488,0.128127892960126
3,39,15,554,372,501,479,0.0004807232355351,0.0033380922043152,0.0221921879345466,0.0609501387803762,0.151567687754336
3,39,9,257,187,411,437,0.0003131685781102,0.0015500173281088,0.0099841953186239,0.0387906218377897,0.117611023243764
3,39,24,811,559,912,916,0.0004003903767674,0.0024444817873663,0.015749914134847,0.048471505093995,0.133218104371709
3,40,15,616,327,457,441,0.0004807232355351,0.0037116693102132,0.0195076490714966,0.0555972323805029,0.139543528809316
3,40,2,256,162,385,423,6.95930173578368e-05,0.0015439861322796,0.0086494098482197,0.0363367138869806,0.113843164375543
3,40,17,872,489,842,864,0.0002836098502102,0.0026283453989932,0.0137776529730594,0.0447511044837103,0.125655504560214
3,41,18,630,329,418,444,0.0005768678826421,0.0037960254308999,0.0196269619098544,0.0508526107987969,0.140492804515502
3,41,14,235,202,328,448,0.0004871511215048,0.0014173310198661,0.0107850666008665,0.0309569926102068,0.120571483783081
3,41,32,865,531,746,892,0.0005338538356899,0.0026072462960196,0.0149610096701319,0.0396488407896056,0.12972767368948
3,42,9,601,321,422,453,0.000288433941321,0.0036212877523347,0.0191497105564233,0.0513392386533309,0.143340631634059
3,42,9,278,198,384,414,0.0003131685781102,0.0016766724405224,0.0105715009256019,0.0362423328119495,0.111420969388829
3,42,18,879,519,806,867,0.0003002927825755,0.0026494445019667,0.0146229077566826,0.042837755598421,0.126091808395493
3,43,10,635,355,483,451,0.0003204821570234,0.0038261526168594,0.0211780288085055,0.0587603134349735,0.142707781163269
3,43,13,256,202,408,422,0.0004523546128259,0.0015439861322796,0.0107850666008665,0.0385074786126963,0.113574031599242
3,43,23,891,557,891,873,0.0003837074444021,0.0026856143927786,0.0156935638159388,0.0473553849109096,0.12696441606605
3,44,6,657,331,451,471,0.000192289294214,0.0039587122350813,0.0197462747482122,0.0548672905987019,0.149036285871174
3,44,5,289,185,344,445,0.0001739825433945,0.0017430155946438,0.0098774124809916,0.0324670898107047,0.119764085454177
3,44,11,946,516,795,916,0.0001835122560184,0.0028513930589995,0.0145383822783203,0.0422531212168048,0.133218104371709
3,45,11,655,330,490,461,0.0003525303727257,0.0039466613606975,0.0196866183290333,0.0596119121804079,0.145872033517221
3,45,9,251,183,347,470,0.0003131685781102,0.0015138301531335,0.0097706296433592,0.0327502330357981,0.126492404861715
3,45,20,906,513,837,931,0.0003336586473062,0.0027308267562933,0.014453856799958,0.0444853615829757,0.135399623548101
3,46,8,614,310,449,421,0.0002563857256187,0.0036996184358294,0.0184934899454555,0.054623976671435,0.133215024101411
3,46,8,235,200,345,420,0.0002783720694313,0.0014173310198661,0.0106782837632342,0.0325614708857359,0.113035766046639
3,46,16,849,510,794,841,0.0002669269178449,0.0025590197749371,0.0143693313215956,0.0421999726366579,0.122310508489746
3,47,9,615,328,462,430,0.000288433941321,0.0037056438730213,0.0195673054906755,0.0562055171986703,0.136062851219968
3,47,10,249,191,343,431,0.0003479650867891,0.0015017677614751,0.0101977609938887,0.0323727087356736,0.115996226585955
3,47,19,864,519,805,861,0.0003169757149408,0.0026042321384519,0.0146229077566826,0.0427846070182741,0.125219200724936
3,48,11,604,341,465,465,0.0003525303727257,0.0036393640639104,0.020342838940001,0.0565704880895707,0.147137734458803
3,48,8,283,199,353,466,0.0002783720694313,0.0017068284196685,0.010624892344418,0.0333165194859848,0.125415873756508
3,48,19,887,540,818,931,0.0003169757149408,0.0026735577625079,0.0152145861052189,0.0434755385601841,0.135399623548101
3,49,15,611,352,452,454,0.0004807232355351,0.0036815421242537,0.0209990595509688,0.0549889475623354,0.143657056869455
3,49,16,249,232,398,498,0.0005567441388626,0.0015017677614751,0.0123868091653517,0.0375636678623851,0.134028122598157
3,49,31,860,584,850,952,0.0005171709033246,0.0025921755081813,0.0164542931211997,0.0451762931248857,0.138453750395051
3,50,13,680,384,512,512,0.0004166268041304,0.0040972972904951,0.0229080649646933,0.0622883653803446,0.16200972052238
3,50,11,260,223,418,510,0.0003827615954681,0.0015681109155965,0.0119062863960061,0.0394512893630075,0.137257715913775
3,50,24,940,607,930,1022,0.0004003903767674,0.0028333081135935,0.0171023217886442,0.0494281795366396,0.148634173218216
3,51,11,638,374,482,571,0.0003525303727257,0.0038442289284351,0.0223115007729044,0.05863865647134,0.180678809410702
3,51,8,281,205,436,548,0.0002783720694313,0.0016947660280101,0.0109452408573151,0.0411501487135676,0.147484761413233
3,51,19,919,579,918,1119,0.0003169757149408,0.0027700108046728,0.0163134173239292,0.0487903965748765,0.162741330558889
3,52,11,675,350,508,557,0.0003525303727257,0.0040671701045356,0.020879746712611,0.0618017375258106,0.176248856115168
3,52,16,275,239,440,572,0.0005567441388626,0.0016585788530348,0.0127605490970649,0.0415276730136921,0.15394394804447
3,52,27,950,589,948,1129,0.0004504391738633,0.0028634496892701,0.0165951689184703,0.0503848539792843,0.164195676676484
4,1,17,646,393,474,543,0.0005535781950241,0.0039140563229605,0.0219261208035841,0.0565473277212216,0.169788252253653
4,1,7,270,204,397,543,0.0002470734869495,0.0016369004328682,0.0101851405980504,0.0363994662634099,0.138874479950255
4,1,24,916,597,871,1086,0.0004064974976952,0.002775824368627,0.0157299794285068,0.0451550069337641,0.152783298877896
4,2,13,677,390,510,592,0.0004233245020772,0.0041018825551769,0.0217587458356178,0.0608420614722005,0.185109844077648
4,2,11,293,210,418,547,0.000388258336635,0.0017763400993718,0.0104847035568166,0.0383248788365374,0.139897496377145
4,2,24,970,600,928,1139,0.0004064974976952,0.0029394646698343,0.0158090245512631,0.0481100418306924,0.160239574053337
4,3,8,679,407,596,622,0.0002605073858937,0.0041140003766102,0.0227072039874268,0.07110170321065,0.194490410500502
4,3,12,299,224,455,599,0.0004235545490564,0.0018127156645467,0.0111836837939377,0.041717272417762,0.153196709926709
4,3,20,978,631,1051,1221,0.000338747914746,0.0029637076774205,0.0166258241530784,0.0544866960819587,0.171775697909679
4,4,7,613,379,483,517,0.000227943962657,0.0037141122693108,0.0211450376197414,0.0576210111589663,0.161658428020514
4,4,9,291,234,442,508,0.0003176659117923,0.0017642149109802,0.0116829553918814,0.040525350348683,0.129923086214972
4,4,16,904,613,925,1025,0.0002709983317968,0.0027394598572476,0.0161515534165405,0.0479545136782225,0.144201548204276
4,5,24,683,369,527,580,0.0007815221576811,0.0041382360194768,0.0205871210598538,0.0628701301879405,0.181357617508506
4,5,7,254,206,445,551,0.0002470734869495,0.0015398989257353,0.0102849949176392,0.0408004092877013,0.140920512804034
4,5,31,937,575,972,1131,0.0005250592678563,0.0028394622635409,0.0151503151949605,0.0503911214002511,0.159114098555157
4,6,16,731,444,612,686,0.0005210147717874,0.0044290637338764,0.0247714952590111,0.0730104737666406,0.214502285535923
4,6,13,287,214,502,656,0.0004588507614777,0.001739964534197,0.0106844121959941,0.0460265291290473,0.167774694009885
4,6,29,1018,658,1114,1342,0.0004911844763817,0.0030849227153518,0.0173372302578852,0.0577527872838268,0.188798514819647
4,7,12,755,410,665,617,0.0003907610788405,0.0045744775910761,0.0228745789553931,0.0793332762333594,0.192926982763359
4,7,11,286,248,465,617,0.000388258336635,0.0017339019400012,0.0123819356290025,0.0426341355478227,0.157800283847712
4,7,23,1041,658,1130,1234,0.0003895601019579,0.0031546213621623,0.0173372302578852,0.0585822707636664,0.173604595594221
4,8,17,772,378,537,573,0.0005535781950241,0.0046774790732593,0.0210892459637527,0.0640631117854346,0.179168818676507
4,8,9,293,216,460,590,0.0003176659117923,0.0017763400993718,0.0107842665155828,0.0421757039827923,0.150894922966207
4,8,26,1065,594,997,1163,0.0004403722891698,0.0032273503849211,0.0156509343057505,0.0516871893375003,0.163616000547876
4,9,11,684,356,512,565,0.0003581976556038,0.0041442949301935,0.0198618295319999,0.0610806577916993,0.17666733429708
4,9,10,298,193,433,573,0.0003529621242136,0.0018066530703509,0.0096359418403124,0.0397001735316284,0.146547103151927
4,9,21,982,549,945,1138,0.0003556853104833,0.0029758291812137,0.0144652574644058,0.0489913680280219,0.160098889616064
4,10,11,651,389,500,560,0.0003581976556038,0.0039443508765438,0.0217029541796291,0.0596490798747063,0.175103906559937
4,10,14,303,211,429,536,0.0004941469738991,0.0018369660413299,0.010534630716611,0.0393334282796041,0.137084201203198
4,10,25,954,600,929,1096,0.0004234348934325,0.0028909786546617,0.0158090245512631,0.0481618845481823,0.154190143250621
4,11,8,643,385,511,520,0.0002605073858937,0.0038958795908105,0.021479787555674,0.0609613596319499,0.162596484662799
4,11,9,267,212,409,569,0.0003176659117923,0.0016187126502808,0.0105845578764054,0.0374997020194827,0.145524086725037
4,11,17,910,597,920,1089,0.0002879357275341,0.0027576421129373,0.0157299794285068,0.0476953000907726,0.153205352189713
4,12,10,644,328,500,544,0.0003256342323671,0.0039019385015272,0.0182996631643145,0.0596490798747063,0.170100937801082
4,12,10,297,207,409,499,0.0003529621242136,0.0018005904761551,0.0103349220774335,0.0374997020194827,0.12762129925447
4,12,20,941,535,909,1043,0.000338747914746,0.0028515837673341,0.0140963802248763,0.0471250301983829,0.14673386807518
4,13,12,694,393,479,510,0.0003907610788405,0.0042048840373601,0.0219261208035841,0.0571438185199687,0.159469629188514
4,13,7,244,210,423,518,0.0002470734869495,0.0014792729837772,0.0104847035568166,0.0387833104015677,0.132480627282196
4,13,19,938,603,902,1028,0.0003218105190087,0.0028424926394892,0.0158880696740194,0.0467621311759531,0.144623601516093
4,14,10,622,354,453,505,0.0003256342323671,0.0037686424657607,0.0197502462200223,0.0540420663664839,0.157906201451372
4,14,6,242,236,393,474,0.0002117772745282,0.0014671477953856,0.0117828097114701,0.0360327210113856,0.121227446586411
4,14,16,864,590,846,979,0.0002709983317968,0.0026182448193163,0.0155455408087421,0.0438589389965148,0.137730064089742
4,15,10,636,347,500,471,0.0003256342323671,0.0038534672157939,0.019359704628101,0.0596490798747063,0.147274892838804
4,15,10,285,203,384,461,0.0003529621242136,0.0017278393458054,0.0101352134382561,0.035207544194331,0.11790264319902
4,15,20,921,550,884,932,0.000338747914746,0.0027909762483684,0.0144916058386579,0.0458289622611337,0.131117895537936
4,16,15,623,386,457,456,0.0004884513485507,0.0037747013764774,0.0215355792116628,0.0545192590054816,0.142584609627377
4,16,13,268,203,418,463,0.0004588507614777,0.0016247752444766,0.0101352134382561,0.0383248788365374,0.118414151412464
4,16,28,891,589,875,919,0.0004742470806444,0.0027000649699199,0.01551919243449,0.0453623778037239,0.129288997853394
4,17,6,617,342,417,449,0.0001953805394202,0.0037383479121774,0.0190807463481572,0.0497473326155051,0.140395810795378
4,17,9,289,212,359,457,0.0003176659117923,0.0017520897225886,0.0105845578764054,0.0329153863691792,0.11687962677213
4,17,15,906,554,776,906,0.0002540609360595,0.0027455206091442,0.0145969993356663,0.0402299487722169,0.127460100168852
4,18,8,588,361,453,470,0.0002605073858937,0.0035626395013944,0.0201407878119437,0.0540420663664839,0.146962207291376
4,18,8,275,211,385,456,0.0002823696993709,0.0016672134038473,0.010534630716611,0.035299230507337,0.116623872665408
4,18,16,863,572,838,926,0.0002709983317968,0.002615214443368,0.0150712700722042,0.043444197256595,0.130273788914302
4,19,7,575,330,429,471,0.000227943962657,0.0034838736620778,0.018411246476292,0.051178910532498,0.147274892838804
4,19,10,240,202,341,421,0.0003529621242136,0.001455022606994,0.0100852862784617,0.03126503273507,0.107672478930124
4,19,17,815,532,770,892,0.0002879357275341,0.0024697563978504,0.01401733510212,0.0399188924672771,0.125490518047038
4,20,12,627,348,443,445,0.0003907610788405,0.003798937019344,0.0194154962840898,0.0528490847689898,0.139145068605664
4,20,12,254,216,372,456,0.0004235545490564,0.0015398989257353,0.0107842665155828,0.0341073084382581,0.116623872665408
4,20,24,881,564,815,901,0.0004064974976952,0.0026697612104371,0.0148604830781873,0.0422518147543257,0.12675667798249
4,21,14,607,342,440,433,0.000455887925314,0.0036777588050109,0.0190807463481572,0.0524911902897416,0.135392842036523
4,21,11,268,216,378,464,0.000388258336635,0.0016247752444766,0.0107842665155828,0.0346574263162946,0.118669905519187
4,21,25,875,558,818,897,0.0004234348934325,0.0026515789547474,0.0147023928326747,0.0424073429067956,0.1261939402334
4,22,14,581,383,451,437,0.000455887925314,0.0035202271263778,0.0213682042436965,0.0538034700469851,0.136643584226237
4,22,13,271,207,404,427,0.0004588507614777,0.0016429630270641,0.0103349220774335,0.0370412704544524,0.109207003570458
4,22,27,852,590,855,864,0.0004573096849071,0.0025818803079369,0.0155455408087421,0.0443255234539245,0.121551353803409
4,23,18,602,332,482,453,0.0005861416182608,0.0036474642514276,0.0185228297882695,0.0575017129992169,0.141646552985092
4,23,7,288,202,379,428,0.0002470734869495,0.0017460271283928,0.0100852862784617,0.0347491126293006,0.109462757677181
4,23,25,890,534,861,881,0.0004234348934325,0.0026970345939716,0.0140700318506242,0.0446365797588644,0.123942989237041
4,24,14,567,322,465,470,0.000455887925314,0.0034354023763446,0.0179649132283819,0.0554736442834769,0.146962207291376
4,24,7,256,215,386,443,0.0002470734869495,0.0015520241141269,0.0107343393557885,0.0353909168203431,0.113299069278017
4,24,21,823,537,851,913,0.0003556853104833,0.0024939994054367,0.0141490769733805,0.0441181525839647,0.12844489122976
4,25,12,589,335,406,412,0.0003907610788405,0.003568698412111,0.0186902047562358,0.0484350528582616,0.128826445540525
4,25,5,259,236,373,466,0.0001764810621068,0.0015702118967144,0.0117828097114701,0.0341989947512642,0.119181413732632
4,25,17,848,571,779,878,0.0002879357275341,0.0025697588041438,0.0150449216979521,0.0403854769246868,0.123520935925223
4,26,15,645,359,449,433,0.0004884513485507,0.0039079974122439,0.0200292044999662,0.0535648737274863,0.135392842036523
4,26,16,288,190,378,451,0.0005647393987418,0.0017460271283928,0.0094861603609293,0.0346574263162946,0.115345102131796
4,26,31,933,549,827,884,0.0005250592678563,0.0028273407597478,0.0144652574644058,0.0428739273642054,0.124365042548858
4,27,15,620,356,416,507,0.0004884513485507,0.0037565246443274,0.0198618295319999,0.0496280344557557,0.158531572546229
4,27,10,253,213,385,459,0.0003529621242136,0.0015338363315395,0.0106344850361997,0.035299230507337,0.117391134985575
4,27,25,873,569,801,966,0.0004234348934325,0.0026455182028508,0.0149922249494479,0.0415260167094661,0.1359011664052
4,28,9,661,305,482,428,0.0002930708091304,0.0040049399837104,0.0170164550765729,0.0575017129992169,0.133829414299381
4,28,7,305,204,374,428,0.0002470734869495,0.0018490912297215,0.0101851405980504,0.0342906810642703,0.109462757677181
4,28,16,966,509,856,856,0.0002709983317968,0.0029273431660411,0.0134113224943216,0.0443773661714145,0.120425878305229
4,29,15,613,343,467,467,0.0004884513485507,0.0037141122693108,0.0191365380041459,0.0557122406029757,0.146024150649091
4,29,8,254,213,398,455,0.0002823696993709,0.0015398989257353,0.0106344850361997,0.036491152576416,0.116368118558685
4,29,23,867,556,865,922,0.0003895601019579,0.0026273359471611,0.0146496960841705,0.0448439506288242,0.129711051165212
4,30,15,647,333,449,479,0.0004884513485507,0.0039201152336772,0.0185786214442583,0.0535648737274863,0.149776377218232
4,30,10,270,213,385,465,0.0003529621242136,0.0016369004328682,0.0106344850361997,0.035299230507337,0.118925659625909
4,30,25,917,546,834,944,0.0004234348934325,0.0027788547445753,0.0143862123416494,0.0432368263866352,0.132806108785206
4,31,16,601,332,455,485,0.0005210147717874,0.0036414053407109,0.0185228297882695,0.0542806626859828,0.151652490502803
4,31,16,263,192,389,511,0.0005647393987418,0.0015944622734976,0.009586014680518,0.0356659757593613,0.130690348535139
4,31,32,864,524,844,996,0.0005419966635936,0.0026182448193163,0.0138065481081031,0.0437552535615349,0.140121699523374
4,32,11,615,369,470,458,0.0003581976556038,0.0037262300907441,0.0205871210598538,0.056070135082224,0.143209980722234
4,32,13,272,191,397,491,0.0004588507614777,0.0016490256212599,0.0095360875207237,0.0363994662634099,0.125575266400691
4,32,24,887,560,867,949,0.0004064974976952,0.0026879434661268,0.0147550895811789,0.0449476360638042,0.133509530971568
4,33,10,613,354,394,451,0.0003256342323671,0.0037141122693108,0.0197502462200223,0.0470034749412686,0.141021181890235
4,33,17,319,195,387,458,0.0006000356111632,0.0019339675484629,0.0097357961599011,0.0354826031333492,0.117135380878852
4,33,27,932,549,781,909,0.0004573096849071,0.0028243103837995,0.0144652574644058,0.0404891623596667,0.12788215348067
4,34,14,575,321,425,461,0.000455887925314,0.0034838736620778,0.0179091215723931,0.0507017178935004,0.14414803736452
4,34,4,271,210,338,457,0.0001411848496854,0.0016429630270641,0.0104847035568166,0.0309899737960517,0.11687962677213
4,34,18,846,531,763,918,0.0003048731232714,0.0025636980522472,0.0139909867278679,0.0395559934448473,0.129148313416122
4,35,13,607,349,436,460,0.0004233245020772,0.0036777588050109,0.0194712879400785,0.0520139976507439,0.143835351817091
4,35,5,223,201,354,383,0.0001764810621068,0.0013519585056652,0.0100353591186673,0.0324569548041489,0.0979538228746735
4,35,18,830,550,790,843,0.0003048731232714,0.0025152120370747,0.0144916058386579,0.0409557468170765,0.118596980620687
4,36,13,583,375,446,437,0.0004233245020772,0.0035323449478111,0.0209218709957864,0.0532069792482381,0.136643584226237
4,36,13,285,210,375,462,0.0004588507614777,0.0017278393458054,0.0104847035568166,0.0343823673772763,0.118158397305742
4,36,26,868,585,821,899,0.0004403722891698,0.0026303663231094,0.0154137989374816,0.0425628710592656,0.126475309107945
4,37,12,654,346,470,411,0.0003907610788405,0.0039625276086938,0.0193039129721122,0.056070135082224,0.128513759993097
4,37,13,272,221,388,469,0.0004588507614777,0.0016490256212599,0.0110339023145546,0.0355742894463553,0.119948676052799
4,37,25,926,567,858,880,0.0004234348934325,0.0028061281281098,0.0149395282009437,0.0444810516063944,0.123802304799768
4,38,12,633,356,432,457,0.0003907610788405,0.003835290483644,0.0198618295319999,0.0515368050117463,0.142897295174806
4,38,8,286,190,385,443,0.0002823696993709,0.0017339019400012,0.0094861603609293,0.035299230507337,0.113299069278017
4,38,20,919,546,817,900,0.000338747914746,0.0027849154964718,0.0143862123416494,0.0423555001893057,0.126615993545218
4,39,11,654,376,439,422,0.0003581976556038,0.0039625276086938,0.0209776626517751,0.0523718921299922,0.13195330101481
4,39,11,251,223,335,398,0.000388258336635,0.0015217111431479,0.0111337566341434,0.0307149148570335,0.101790134475509
4,39,22,905,599,774,820,0.0003726227062206,0.0027424902331959,0.015782676177011,0.0401262633372369,0.11536123856342
4,40,12,608,355,424,472,0.0003907610788405,0.0036838177157275,0.0198060378760111,0.050582419733751,0.147587578386233
4,40,6,259,192,382,463,0.0002117772745282,0.0015702118967144,0.009586014680518,0.0350241715683188,0.118414151412464
4,40,18,867,547,806,935,0.0003048731232714,0.0026273359471611,0.0144125607159016,0.041785230296916,0.131539948849754
4,41,24,647,375,439,493,0.0007815221576811,0.0039201152336772,0.0209218709957864,0.0523718921299922,0.15415397488223
4,41,10,258,198,385,458,0.0003529621242136,0.0015641493025185,0.0098855776392842,0.035299230507337,0.117135380878852
4,41,34,905,573,824,951,0.0005758714550682,0.0027424902331959,0.0150976184464563,0.0427183992117355,0.133790899846113
4,42,12,623,343,421,433,0.0003907610788405,0.0037747013764774,0.0191365380041459,0.0502245252545027,0.135392842036523
4,42,14,266,211,349,459,0.0004941469738991,0.001612650056085,0.010534630716611,0.0319985232391185,0.117391134985575
4,42,26,889,554,770,892,0.0004403722891698,0.0026940042180234,0.0145969993356663,0.0399188924672771,0.125490518047038
4,43,13,627,366,442,474,0.0004233245020772,0.003798937019344,0.0204197460918875,0.0527297866092404,0.14821294948109
4,43,12,280,217,334,458,0.0004235545490564,0.0016975263748263,0.0108341936753772,0.0306232285440275,0.117135380878852
4,43,25,907,583,776,932,0.0004234348934325,0.0027485509850925,0.0153611021889773,0.0402299487722169,0.131117895537936
4,44,7,627,355,472,469,0.000227943962657,0.003798937019344,0.0198060378760111,0.0563087314017228,0.146649521743947
4,44,5,275,204,426,476,0.0001764810621068,0.0016672134038473,0.0101851405980504,0.0390583693405859,0.121738954799855
4,44,12,902,559,898,945,0.0002032487488476,0.002733399105351,0.0147287412069268,0.0465547603059933,0.132946793222479
4,45,14,601,334,444,441,0.000455887925314,0.0036414053407109,0.0186344131002471,0.0529683829287392,0.137894326415951
4,45,12,277,201,361,454,0.0004235545490564,0.0016793385922389,0.0100353591186673,0.0330987589951914,0.116112364451963
4,45,26,878,535,805,895,0.0004403722891698,0.0026606700825923,0.0140963802248763,0.041733387579426,0.125912571358855
4,46,12,606,317,440,468,0.0003907610788405,0.0036716998942942,0.0176859549484381,0.0524911902897416,0.146336836196519
4,46,9,286,239,376,452,0.0003176659117923,0.0017339019400012,0.0119325911908532,0.0344740536902824,0.115600856238518
4,46,21,892,556,816,920,0.0003556853104833,0.0027030953458682,0.0146496960841705,0.0423036574718157,0.129429682290667
4,47,10,569,360,440,408,0.0003256342323671,0.0034475201977779,0.0200849961559549,0.0524911902897416,0.127575703350811
4,47,8,235,177,331,396,0.0002823696993709,0.001424709636015,0.0088371072836025,0.0303481696050092,0.101278626262065
4,47,18,804,537,771,804,0.0003048731232714,0.0024364222624193,0.0141490769733805,0.039970735184767,0.113110287567061
4,48,7,621,351,485,456,0.000227943962657,0.0037625835550441,0.019582871252056,0.0578596074784651,0.142584609627377
4,48,13,257,182,372,434,0.0004588507614777,0.0015580867083227,0.0090867430825744,0.0341073084382581,0.110997282317515
4,48,20,878,533,857,890,0.000338747914746,0.0026606700825923,0.0140436834763721,0.0444292088889045,0.125209149172493
4,49,15,620,354,461,490,0.0004884513485507,0.0037565246443274,0.0197502462200223,0.0549964516444792,0.153215918239945
4,49,14,258,205,390,447,0.0004941469738991,0.0015641493025185,0.0102350677578448,0.0357576620723674,0.114322085704906
4,49,29,878,559,851,937,0.0004911844763817,0.0026606700825923,0.0147287412069268,0.0441181525839647,0.131821317724299
4,50,13,563,393,445,488,0.0004233245020772,0.003411166733478,0.0219261208035841,0.0530876810884886,0.152590547145088
4,50,5,246,174,395,495,0.0001764810621068,0.0014913981721688,0.0086873258042194,0.0362160936373977,0.126598282827581
4,50,18,809,567,840,983,0.0003048731232714,0.0024515741421607,0.0149395282009437,0.043547882691575,0.138292801838832
4,51,9,698,365,481,510,0.0002930708091304,0.0042291196802267,0.0203639544358987,0.0573824148394675,0.159469629188514
4,51,7,229,202,384,484,0.0002470734869495,0.0013883340708401,0.0100852862784617,0.035207544194331,0.123784987653634
4,51,16,927,567,865,994,0.0002709983317968,0.0028091585040581,0.0149395282009437,0.0448439506288242,0.139840330648829
4,52,18,591,369,443,467,0.0005861416182608,0.0035808162335444,0.0205871210598538,0.0528490847689898,0.146024150649091
4,52,7,240,202,398,505,0.0002470734869495,0.001455022606994,0.0100852862784617,0.036491152576416,0.129155823894805
4,52,25,831,571,841,972,0.0004234348934325,0.002518242413023,0.0150449216979521,0.043599725409065,0.136745273028835
5,1,9,613,398,500,521,0.0002972744581861,0.0037391142227809,0.0207933017008209,0.0584242599578758,0.161813813473624
5,1,3,241,213,376,544,0.0001072122088131,0.0014705937045887,0.0099445236363082,0.0336484761094156,0.131934779687115
5,1,12,854,611,876,1065,0.000205984039243,0.0026050725684277,0.0150642499363196,0.0443938944049432,0.145036103985596
5,2,15,655,362,479,502,0.0004954574303102,0.0039953014941623,0.0189125005419527,0.055970441039645,0.155912733903569
5,2,9,264,189,384,528,0.0003216366264395,0.0016109408216242,0.0088240139308087,0.0343644011330202,0.128054344990435
5,2,24,919,551,863,1030,0.0004119680784861,0.0028033509255095,0.0135849455235877,0.0437350809035,0.140269659253675
5,3,18,666,374,464,482,0.0005945489163723,0.0040623981604765,0.0195394342615755,0.0542177132409088,0.149701071198247
5,3,13,284,207,358,546,0.0004645862381904,0.0017329817929593,0.0096643962099333,0.0320376448063053,0.1324198340242
5,3,31,950,581,822,1028,0.0005321254347113,0.0028979144496561,0.0143245977299536,0.0416572844758713,0.13999729098328
5,4,8,670,403,450,544,0.0002642439628321,0.0040867969482271,0.0210545240839971,0.0525818339620882,0.168957225584744
5,4,10,249,199,439,526,0.0003573740293772,0.0015194100931228,0.0092908929747668,0.0392863856703017,0.12756929065335
5,4,18,919,602,889,1070,0.0003089760588646,0.0028033509255095,0.0148423542744098,0.0450527079063864,0.145717024661585
5,5,9,660,417,528,563,0.0002972744581861,0.0040257999788506,0.0217859467568903,0.0616960185155169,0.174858305154799
5,5,8,283,201,455,603,0.0002858992235018,0.0017268797443926,0.0093842687835585,0.0407182357175109,0.146243882631122
5,5,17,943,618,983,1166,0.000291810722261,0.0028765613958166,0.0152368354511383,0.0498164363014374,0.158790701640568
5,6,8,689,370,444,520,0.0002642439628321,0.0042026911900425,0.0193304563550345,0.0518807428425937,0.161503230338358
5,6,9,268,198,382,540,0.0003216366264395,0.0016353490158912,0.009244205070371,0.034185419877119,0.130964671012945
5,6,17,957,568,826,1060,0.000291810722261,0.0029192675034957,0.0140040817738617,0.0418599963224692,0.144355183309608
5,7,11,669,372,495,518,0.0003633354488942,0.0040806972512895,0.019434945308305,0.0578400173582971,0.160882064067826
5,7,9,285,230,416,571,0.0003216366264395,0.0017390838415261,0.0107382180110371,0.0372281012274385,0.138483013237762
5,7,20,954,602,911,1089,0.0003433067320718,0.0029101161947073,0.0148423542744098,0.0461676230626749,0.148304523230342
5,8,10,678,392,476,488,0.0003303049535401,0.0041355945237283,0.0204798348410096,0.0556198954798978,0.151564570009843
5,8,13,285,236,457,530,0.0004645862381904,0.0017390838415261,0.011018345437412,0.040897216973412,0.12853939932752
5,8,23,963,628,933,1018,0.0003948027418825,0.0029375701210725,0.0154833861865936,0.0472825382189635,0.138635449631302
5,9,11,661,368,460,574,0.0003633354488942,0.0040318996757882,0.0192259674017641,0.0537503191612458,0.178274719642726
5,9,13,280,238,398,525,0.0004645862381904,0.0017085735986923,0.0111117212462036,0.0356172699243282,0.127326763484808
5,9,24,941,606,858,1099,0.0004119680784861,0.002870460523291,0.0149409745685919,0.0434816910952526,0.14966636458232
5,10,12,667,371,470,542,0.0003963659442482,0.0040684978574142,0.0193827008316698,0.0549188043604033,0.168336059314211
5,10,10,261,202,394,496,0.0003573740293772,0.0015926346759239,0.0094309566879543,0.0352593074125259,0.120293475597076
5,10,22,928,573,864,1038,0.000377637405279,0.0028308048518746,0.0141273571415894,0.0437857588651494,0.141359132335257
5,11,10,686,383,492,546,0.0003303049535401,0.0041843920992295,0.0200096345512925,0.0574894717985498,0.169578391855276
5,11,15,270,213,427,529,0.0005360610440659,0.0016475531130247,0.0099445236363082,0.0382124981348948,0.128296872158978
5,11,25,956,596,919,1075,0.0004291334150897,0.0029162170672329,0.0146944238331366,0.0465730467558707,0.146397945337574
5,12,11,682,399,464,552,0.0003633354488942,0.0041599933114789,0.0208455461774562,0.0542177132409088,0.171441890666872
5,12,9,267,236,401,539,0.0003216366264395,0.0016292469673245,0.011018345437412,0.0358857418081799,0.130722143844403
5,12,20,949,635,865,1091,0.0003433067320718,0.0028948640133934,0.0156559717014123,0.0438364368267989,0.148576891500738
5,13,12,666,373,478,483,0.0003963659442482,0.0040623981604765,0.0194871897849402,0.0558535925197293,0.150011654333513
5,13,4,290,227,410,528,0.0001429496117509,0.0017695940843599,0.0105981542978497,0.0366911574597351,0.128054344990435
5,13,16,956,600,888,1011,0.0002746453856574,0.0029162170672329,0.0147930441273187,0.0450020299447369,0.137682160684918
5,14,8,626,407,446,505,0.0002642439628321,0.0038184102829704,0.021263501990538,0.0521144398824252,0.156844483309367
5,14,7,275,206,405,480,0.0002501618205641,0.0016780633558585,0.0096177083055375,0.0362437043199822,0.116413040900396
5,14,15,901,613,851,985,0.0002574800490538,0.0027484430727791,0.0151135600834106,0.0431269453637062,0.134141373169777
5,15,14,591,339,445,488,0.0004624269349562,0.0036049208901526,0.0177108775793425,0.0519975913625095,0.151564570009843
5,15,8,270,199,389,544,0.0002858992235018,0.0016475531130247,0.0092908929747668,0.0348118542727731,0.131934779687115
5,15,22,861,538,834,1032,0.000377637405279,0.0026264256222673,0.0132644295674958,0.0422654200156651,0.140542027524071
5,16,10,618,372,458,510,0.0003303049535401,0.0037696127074692,0.019434945308305,0.0535166221214143,0.158397398985697
5,16,6,252,215,388,458,0.0002144244176263,0.0015377162388231,0.0100378994450999,0.0347223636448225,0.111077443192461
5,16,16,870,587,846,968,0.0002746453856574,0.0026538795486325,0.0144725281712268,0.0428735555554588,0.131826242871415
5,17,12,625,420,413,465,0.0003963659442482,0.0038123105860327,0.021942680186796,0.0482584387252054,0.144421157898724
5,17,10,265,187,354,536,0.0003573740293772,0.0016170428701909,0.0087306381220171,0.031679682294503,0.129994562338775
5,17,22,890,607,767,1001,0.000377637405279,0.0027148882738884,0.0149656296421375,0.03886999658515,0.136320319332941
5,18,11,593,382,449,438,0.0003633354488942,0.0036171202840279,0.0199573900746573,0.0524649854421725,0.13603541324654
5,18,5,244,193,410,455,0.0001786870146886,0.001488899850289,0.009010765548392,0.0366911574597351,0.110349861686833
5,18,16,837,575,859,893,0.0002746453856574,0.0025532151519602,0.0141766672886805,0.043532369056902,0.121612432731584
5,19,11,600,351,453,467,0.0003633354488942,0.0036598181625914,0.0183378112989652,0.0529323795218355,0.145042324169256
5,19,15,277,191,359,478,0.0005360610440659,0.001690267452992,0.0089173897396003,0.0321271354342559,0.115927986563311
5,19,26,877,542,812,945,0.0004462987516933,0.002675232602472,0.0133630498616779,0.0411505048593765,0.128694007761867
5,20,11,641,365,478,475,0.0003633354488942,0.0039099057370352,0.0190692339718584,0.0558535925197293,0.147526989251385
5,20,9,265,220,387,529,0.0003216366264395,0.0016170428701909,0.010271338967079,0.0346328730168719,0.128296872158978
5,20,20,906,585,865,1004,0.0003433067320718,0.0027636952540931,0.0144232180241358,0.0438364368267989,0.136728871738534
5,21,12,617,394,441,479,0.0003963659442482,0.0037635130105315,0.02058432379428,0.0515301972828465,0.148769321792449
5,21,12,234,208,354,482,0.0004288488352527,0.0014278793646214,0.0097110841143292,0.031679682294503,0.116898095237481
5,21,24,851,602,795,961,0.0004119680784861,0.0025959212596393,0.0148423542744098,0.0402889795113354,0.130872953925031
5,22,19,681,379,459,442,0.0006275794117263,0.0041538936145413,0.0198006566447516,0.05363347064133,0.137277745787604
5,22,1,304,190,367,427,3.57374029377291e-05,0.0018550227642945,0.0088707018352045,0.0328430604578604,0.103559100967644
5,22,20,985,569,826,869,0.0003433067320718,0.003004679718854,0.0140287368474073,0.0418599963224692,0.118344013486839
5,23,6,657,385,432,491,0.0001981829721241,0.0040075008880376,0.020114123504563,0.0504785606036047,0.152496319415642
5,23,7,251,206,387,504,0.0002501618205641,0.0015316141902563,0.0096177083055375,0.0346328730168719,0.122233692945416
5,23,13,908,591,819,995,0.0002231493758466,0.0027697961266187,0.014571148465409,0.0415052505909229,0.135503214521754
5,24,15,655,362,453,484,0.0004954574303102,0.0039953014941623,0.0189125005419527,0.0529323795218355,0.150322237468779
5,24,4,279,218,389,489,0.0001429496117509,0.0017024715501256,0.0101779631582873,0.0348118542727731,0.118595785417278
5,24,19,934,580,842,973,0.0003261413954682,0.0028491074694514,0.0142999426564081,0.0426708437088609,0.132507163547404
5,25,10,622,356,534,485,0.0003303049535401,0.0037940114952198,0.0185990336821413,0.0623971096350114,0.150632820604045
5,25,16,282,221,380,516,0.0005717984470036,0.0017207776958258,0.0103180268714748,0.0340064386212179,0.125144018967925
5,25,26,904,577,914,1001,0.0004462987516933,0.0027575943815675,0.0142259774357715,0.0463196569476234,0.136320319332941
5,26,16,656,376,449,503,0.0005284879256643,0.0040014011911,0.0196439232148459,0.0524649854421725,0.156223317038835
5,26,7,290,201,400,470,0.0002501618205641,0.0017695940843599,0.0093842687835585,0.0357962511802294,0.113987769214971
5,26,23,946,577,849,973,0.0003948027418825,0.002885712704605,0.0142259774357715,0.0430255894404073,0.132507163547404
5,27,11,616,402,477,440,0.0003633354488942,0.0037574133135939,0.0210022796073619,0.0557367439998135,0.136656579517072
5,27,9,247,218,404,527,0.0003216366264395,0.0015072059959893,0.0101779631582873,0.0361542136920317,0.127811817821893
5,27,20,863,620,881,967,0.0003433067320718,0.0026325264947929,0.0152861455982294,0.0446472842131906,0.131690058736217
5,28,15,616,382,433,471,0.0004954574303102,0.0037574133135939,0.0199573900746573,0.0505954091235205,0.14628465671032
5,28,8,250,232,397,556,0.0002858992235018,0.0015255121416896,0.0108315938198287,0.0355277792963776,0.134845105709625
5,28,23,866,614,830,1027,0.0003948027418825,0.0026416778035813,0.0151382151569562,0.0420627081690672,0.139861106848082
5,29,14,628,362,486,490,0.0004624269349562,0.0038306096768457,0.0189125005419527,0.0567883806790553,0.152185736280376
5,29,10,266,229,384,506,0.0003573740293772,0.0016231449187577,0.0106915301066413,0.0343644011330202,0.122718747282501
5,29,24,894,591,870,996,0.0004119680784861,0.0027270900189396,0.014571148465409,0.0440898266350463,0.135639398656952
5,30,9,611,401,432,476,0.0002972744581861,0.0037269148289056,0.0209500351307266,0.0504785606036047,0.147837572386651
5,30,11,252,220,361,511,0.000393111432315,0.0015377162388231,0.010271338967079,0.032306116690157,0.123931383125213
5,30,20,863,621,793,987,0.0003433067320718,0.0026325264947929,0.0153108006717749,0.0401876235880365,0.134413741440172
5,31,11,604,378,465,492,0.0003633354488942,0.003684216950342,0.0197484121681164,0.0543345617608245,0.152806902550908
5,31,11,269,228,394,485,0.000393111432315,0.001641451064458,0.0106448422022455,0.0352593074125259,0.117625676743108
5,31,22,873,606,859,977,0.000377637405279,0.0026630308574209,0.0149409745685919,0.043532369056902,0.133051900088195
5,32,10,626,379,422,472,0.0003303049535401,0.0038184102829704,0.0198006566447516,0.0493100754044472,0.146595239845586
5,32,4,235,225,353,526,0.0001429496117509,0.0014339814131882,0.010504778489058,0.0315901916665524,0.12756929065335
5,32,14,861,604,775,998,0.0002403147124502,0.0026264256222673,0.0148916644215009,0.0392754202783458,0.135911766927347
5,33,12,624,330,417,462,0.0003963659442482,0.0038062108890951,0.0172406772896254,0.0487258328048684,0.143489408492926
5,33,7,268,230,330,506,0.0002501618205641,0.0016353490158912,0.0107382180110371,0.0295319072236892,0.122718747282501
5,33,19,892,560,747,968,0.0003261413954682,0.002720989146414,0.0138068411854975,0.0378564373521604,0.131826242871415
5,34,9,562,383,448,467,0.0002972744581861,0.0034280296789606,0.0200096345512925,0.0523481369222567,0.145042324169256
5,34,14,259,217,363,467,0.0005003236411282,0.0015804305787904,0.0101312752538915,0.0324850979460581,0.113260187709343
5,34,23,821,600,811,934,0.0003948027418825,0.0025044081717555,0.0147930441273187,0.0410998268977271,0.127195982274692
5,35,13,624,337,478,460,0.0004293964396022,0.0038062108890951,0.017606388626072,0.0558535925197293,0.142868242222393
5,35,12,255,217,388,480,0.0004288488352527,0.0015560223845234,0.0101312752538915,0.0347223636448225,0.116413040900396
5,35,25,879,554,866,940,0.0004291334150897,0.0026813334749976,0.0136589107442243,0.0438871147884484,0.128013087085878
5,36,11,630,388,500,467,0.0003633354488942,0.003842809070721,0.0202708569344687,0.0584242599578758,0.145042324169256
5,36,7,285,224,409,497,0.0002501618205641,0.0017390838415261,0.0104580905846622,0.0366016668317845,0.120536002765618
5,36,18,915,612,909,964,0.0003089760588646,0.0027911491804583,0.0150889050098651,0.046066267139376,0.131281506330624
5,37,11,647,395,440,471,0.0003633354488942,0.0039465039186611,0.0206365682709153,0.0514133487629307,0.14628465671032
5,37,10,259,245,403,552,0.0003573740293772,0.0015804305787904,0.0114385365769743,0.0360647230640811,0.133874997035455
5,37,21,906,640,843,1023,0.0003604720686754,0.0027636952540931,0.01577924706914,0.0427215216705104,0.139316370307291
5,38,13,590,397,438,478,0.0004293964396022,0.0035988211932149,0.0207410572241857,0.0511796517230992,0.148458738657183
5,38,9,273,196,379,501,0.0003216366264395,0.001665859258725,0.0091508292615794,0.0339169479932673,0.121506111439788
5,38,22,863,593,817,979,0.000377637405279,0.0026325264947929,0.0146204586125,0.0414038946676239,0.13332426835859
5,39,12,660,359,438,469,0.0003963659442482,0.0040257999788506,0.018755767112047,0.0511796517230992,0.145663490439788
5,39,5,224,208,381,479,0.0001786870146886,0.0013668588789538,0.0097110841143292,0.0340959292491685,0.116170513731853
5,39,17,884,567,819,948,0.000291810722261,0.0026965856563116,0.0139794267003162,0.0415052505909229,0.12910256016746
5,40,9,643,371,497,513,0.0002972744581861,0.0039221051309105,0.0193827008316698,0.0580737143981286,0.159329148391495
5,40,9,256,199,409,503,0.0003216366264395,0.0015621244330901,0.0092908929747668,0.0366016668317845,0.121991165776873
5,40,18,899,570,906,1016,0.0003089760588646,0.0027423422002536,0.0140533919209528,0.0459142332544275,0.138363081360907
5,41,8,608,378,428,453,0.0002642439628321,0.0037086157380927,0.0197484121681164,0.0500111665239417,0.140694160275531
5,41,10,264,205,368,469,0.0003573740293772,0.0016109408216242,0.0095710204011417,0.032932551085811,0.113745242046428
5,41,18,872,583,796,922,0.0003089760588646,0.0026599804211581,0.0143739078770447,0.0403396574729849,0.125561772652319
5,42,9,594,375,444,451,0.0002972744581861,0.0036232199809655,0.0195916787382107,0.0518807428425937,0.140072994004999
5,42,16,271,219,376,493,0.0005717984470036,0.0016536551615915,0.0102246510626831,0.0336484761094156,0.119565894091448
5,42,25,865,594,820,944,0.0004291334150897,0.0026386273673185,0.0146451136860456,0.0415559285525724,0.128557823626669
5,43,8,642,393,467,486,0.0002642439628321,0.0039160054339728,0.0205320793176448,0.054568258800656,0.150943403739311
5,43,2,236,205,395,513,7.14748058754582e-05,0.0014400834617549,0.0095710204011417,0.0353487980404765,0.124416437462298
5,43,10,878,598,862,999,0.0001716533660359,0.0026782830387348,0.0147437339802277,0.0436844029418505,0.136047951062545
5,44,13,632,379,451,486,0.0004293964396022,0.0038550084645963,0.0198006566447516,0.052698682482004,0.150943403739311
5,44,8,251,224,362,530,0.0002858992235018,0.0015316141902563,0.0104580905846622,0.0323956073181076,0.12853939932752
5,44,21,883,603,813,1016,0.0003604720686754,0.0026935352200488,0.0148670093479553,0.041201182821026,0.138363081360907
5,45,13,620,375,429,474,0.0004293964396022,0.0037818121013445,0.0195916787382107,0.0501280150438575,0.147216406116118
5,45,6,263,176,386,499,0.0002144244176263,0.0016048387730574,0.0082170711736631,0.0345433823889213,0.121021057102703
5,45,19,883,551,815,973,0.0003261413954682,0.0026935352200488,0.0135849455235877,0.041302538744325,0.132507163547404
5,46,9,635,367,439,458,0.0002972744581861,0.0038733075554093,0.0191737229251289,0.051296500243015,0.142247075951861
5,46,8,269,248,373,468,0.0002858992235018,0.001641451064458,0.0115786002901617,0.0333800042255639,0.113502714877886
5,46,17,904,615,812,926,0.000291810722261,0.0027575943815675,0.0151628702305017,0.0411505048593765,0.12610650919311
5,47,10,632,395,426,480,0.0003303049535401,0.0038550084645963,0.0206365682709153,0.0497774694841102,0.149079904927715
5,47,8,289,205,377,480,0.0002858992235018,0.0017634920357931,0.0095710204011417,0.0337379667373662,0.116413040900396
5,47,18,921,600,803,960,0.0003089760588646,0.0028094517980351,0.0147930441273187,0.0406944032045312,0.130736769789833
5,48,5,599,338,406,494,0.00016515247677,0.0036537184656538,0.0176586331027072,0.0474404990857952,0.15342806882144
5,48,5,283,185,381,518,0.0001786870146886,0.0017268797443926,0.0086372623132254,0.0340959292491685,0.12562907330501
5,48,10,882,523,787,1012,0.0001716533660359,0.002690484783786,0.0128946034643128,0.0398835558181396,0.137818344820116
5,49,11,597,368,462,532,0.0003633354488942,0.0036415190717785,0.0192259674017641,0.0539840162010773,0.165230227961551
5,49,9,247,228,411,524,0.0003216366264395,0.0015072059959893,0.0106448422022455,0.0367806480876857,0.127084236316265
5,49,20,844,596,873,1056,0.0003433067320718,0.0025745682057998,0.0146944238331366,0.0442418605199947,0.143810446768817
5,50,11,646,423,499,602,0.0003633354488942,0.0039404042217234,0.0220994136167017,0.0583074114379601,0.186971047430176
5,50,13,280,244,433,564,0.0004645862381904,0.0017085735986923,0.0113918486725785,0.0387494419025983,0.136785323057965
5,50,24,926,667,932,1166,0.0004119680784861,0.002824703979349,0.0164449340548693,0.047231860257314,0.158790701640568
5,51,11,662,424,478,545,0.0003633354488942,0.0040379993727259,0.0221516580933369,0.0558535925197293,0.16926780872001
5,51,10,280,213,431,561,0.0003573740293772,0.0017085735986923,0.0099445236363082,0.0385704606466971,0.136057741552338
5,51,21,942,637,909,1106,0.0003604720686754,0.0028735109595538,0.0157052818485034,0.046066267139376,0.150619653528704
5,52,13,643,376,472,468,0.0004293964396022,0.0039221051309105,0.0196439232148459,0.0551525014002348,0.145352907304522
5,52,7,258,214,396,510,0.0002501618205641,0.0015743285302236,0.009991211540704,0.0354382886684271,0.12368885595667
5,52,20,901,590,868,978,0.0003433067320718,0.0027484430727791,0.0145464933918634,0.0439884707117473,0.133188084223393
6,1,12,661,378,483,551,0.0004022003081159,0.0040669973998206,0.0184056691508556,0.0559737366485166,0.169800823906169
6,1,9,268,216,381,535,0.0003260261772037,0.0016498251768362,0.0093895987015758,0.0337764070614649,0.12256159459889
6,1,21,929,594,864,1086,0.0003655923619051,0.0028587322891658,0.0136422111672867,0.0433972187999299,0.142704518315183
6,2,17,653,410,471,549,0.0005697837698309,0.0040177750409725,0.0199638210366423,0.0545830848063174,0.16918448697729
6,2,8,272,229,388,531,0.0002898010464033,0.0016744494332069,0.0099547134382448,0.0343969709707307,0.121645246228057
6,2,25,925,639,859,1080,0.0004352290022679,0.0028464234310854,0.0146757120132933,0.0431460774874303,0.14191609556206
6,3,16,706,397,479,545,0.0005362670774879,0.0043438731683409,0.0193308218330415,0.0555101860344502,0.167951813119532
6,3,7,258,218,413,533,0.0002535759156028,0.0015882645359095,0.0094765394302941,0.0366132706466798,0.122103420413474
6,3,23,964,615,892,1078,0.0004004106820865,0.002966434797369,0.0141245115620898,0.0448036101499277,0.141653287977686
6,4,10,665,422,477,544,0.0003351669234299,0.0040916085792446,0.0205481279938123,0.055278410727417,0.167643644655092
6,4,7,281,242,435,580,0.0002535759156028,0.001729854010041,0.0105198281749137,0.0385636143615151,0.132870513770759
6,4,17,946,664,912,1124,0.0002959557215422,0.0029110449360073,0.0152498791499636,0.045808175399926,0.147697862418292
6,5,7,689,432,561,593,0.0002346168464009,0.0042392756557888,0.0210350504581207,0.0650129736228112,0.182743899412628
6,5,4,263,223,472,618,0.0001449005232016,0.0016190448563729,0.0096938912520899,0.0418437378819198,0.141575823293671
6,5,11,952,655,1033,1211,0.0001915007609979,0.0029295082231279,0.0150431789807623,0.0518857951624162,0.159129992338569
6,6,7,696,453,568,620,0.0002346168464009,0.0042823452197808,0.0220575876331682,0.0658241871974273,0.191064447952495
6,6,11,274,252,455,657,0.0003984764388045,0.0016867615613923,0.0109545318185052,0.0403366541022744,0.150510219909291
6,6,18,970,705,1023,1277,0.0003133648816329,0.0029848980844895,0.0161915132541029,0.051383512537417,0.167802642622917
6,7,14,648,450,574,576,0.0004692336928019,0.0039870110666925,0.0219115108938757,0.0665195131185269,0.177505035517156
6,7,6,286,246,435,625,0.0002173507848024,0.0017606343305043,0.0106937096323503,0.0385636143615151,0.143179432942628
6,7,20,934,696,1009,1201,0.0003481832018143,0.0028741183617662,0.0159848130849016,0.0506803168624182,0.157815954416698
6,8,12,669,381,487,594,0.0004022003081159,0.0041162197586686,0.0185517458901481,0.056437287262583,0.183052067877067
6,8,10,276,221,421,584,0.0003622513080041,0.0016990736895776,0.0096069505233716,0.0373224865429835,0.133786862141592
6,8,22,945,602,908,1178,0.0003830015219958,0.0029079677214872,0.0138259446510212,0.0456072623499264,0.154793667196395
6,9,13,630,435,528,505,0.0004357170004589,0.0038762607592844,0.0211811271974132,0.0611886810567634,0.155625074541951
6,9,9,272,212,410,542,0.0003260261772037,0.0016744494332069,0.0092157172441393,0.0363473146855659,0.124165204247847
6,9,22,902,647,938,1047,0.0003830015219958,0.0027756474971233,0.0148594454970278,0.0471141102249239,0.137579770419886
6,10,12,700,412,448,534,0.0004022003081159,0.0043069563992048,0.020061205529504,0.0519176687754357,0.164561960010697
6,10,12,261,225,437,538,0.0004347015696049,0.0016067327281875,0.0097808319808082,0.038740918335591,0.123248855877015
6,10,24,961,637,885,1072,0.0004178198421772,0.0029572031538087,0.0146297786423596,0.0444520123124282,0.140864865224563
6,11,13,567,362,447,469,0.0004357170004589,0.0034886346833559,0.0176265932079622,0.0518017811219191,0.144531009822129
6,11,11,242,215,389,487,0.0003984764388045,0.0014897675104268,0.0093461283372167,0.0344856229577686,0.111565414148896
6,11,24,809,577,836,956,0.0004178198421772,0.0024894665467547,0.0132517775143509,0.0419908274499322,0.125622025330861
6,12,16,617,372,507,544,0.0005362670774879,0.0037962744261563,0.0181135156722706,0.0587550403329149,0.167643644655092
6,12,10,241,230,400,548,0.0003622513080041,0.0014836114463341,0.0099981838026039,0.0354607948151863,0.125539726804097
6,12,26,858,602,907,1092,0.0004526381623586,0.0026402500582392,0.0138259446510212,0.0455570340874264,0.143492941068305
6,13,9,592,370,503,469,0.0003016502310869,0.0036424545547561,0.0180161311794089,0.0582914897188485,0.144531009822129
6,13,11,230,221,348,534,0.0003984764388045,0.0014158947413147,0.0096069505233716,0.030850891489212,0.122332507506182
6,13,20,822,591,851,1003,0.0003481832018143,0.0025294703355159,0.0135733111108863,0.042744251387431,0.131798003563654
6,14,5,581,397,425,484,0.0001675834617149,0.00357477381134,0.0193308218330415,0.0492522527445539,0.149153536788722
6,14,5,278,229,375,513,0.000181125654002,0.001711385817763,0.0099547134382448,0.0332444951392371,0.117521678559309
6,14,10,859,626,800,997,0.0001740916009071,0.0026433272727593,0.0143771451022247,0.0401826099999351,0.131009580810531
6,15,8,616,411,449,491,0.0002681335387439,0.0037901216313003,0.0200125132830731,0.0520335564289523,0.151310716039798
6,15,2,266,229,343,541,7.24502616008271e-05,0.0016375130486509,0.0099547134382448,0.0304076315540222,0.123936117155139
6,15,10,882,640,792,1032,0.0001740916009071,0.0027141032067214,0.0146986786987601,0.0397807838999358,0.13560871353708
6,16,12,685,383,511,544,0.0004022003081159,0.0042146644763647,0.0186491303830098,0.0592185909469813,0.167643644655092
6,16,9,263,238,396,512,0.0003260261772037,0.0016190448563729,0.0103459467174771,0.0351061868670344,0.117292591466601
6,16,21,948,621,907,1056,0.0003655923619051,0.0029171993650475,0.0142623116748906,0.0455570340874264,0.13876240454957
6,17,6,574,395,436,447,0.0002011001540579,0.003531704247348,0.0192334373401798,0.0505270169332365,0.13775130360446
6,17,9,260,205,367,481,0.0003260261772037,0.0016005766640949,0.0089114246936252,0.0325352792429334,0.110190891592647
6,17,15,834,600,803,928,0.0002611374013607,0.002566396909757,0.0137800112800876,0.0403332947874349,0.121942719149622
6,18,15,637,381,449,452,0.0005027503851449,0.0039193303232764,0.0185517458901481,0.0520335564289523,0.139292145926657
6,18,6,277,226,349,509,0.0002173507848024,0.0017052297536703,0.0098243023451673,0.03093954347625,0.116605330188477
6,18,21,914,607,798,961,0.0003655923619051,0.0028125740713644,0.0139407780783553,0.0400821534749353,0.126279044291796
6,19,9,625,382,478,451,0.0003016502310869,0.0038454967850043,0.0186004381365789,0.0553942983809336,0.138983977462218
6,19,8,286,198,367,474,0.0002898010464033,0.0017606343305043,0.0086071321431112,0.0325352792429334,0.108587281943689
6,19,17,911,580,845,925,0.0002959557215422,0.0028033424278041,0.0133206775707513,0.0424428818124315,0.121548507773061
6,20,13,554,372,443,434,0.0004357170004589,0.0034086483502278,0.0181135156722706,0.0513382305078527,0.133745113566746
6,20,5,267,185,389,503,0.000181125654002,0.0016436691127436,0.0080420174064423,0.0344856229577686,0.115230807632227
6,20,18,821,557,832,937,0.0003133648816329,0.0025263931209958,0.0127924438050146,0.0417899143999325,0.123125353279306
6,21,5,560,362,430,394,0.0001675834617149,0.0034455651193639,0.0176265932079622,0.0498316910121369,0.121418374989166
6,21,2,249,192,331,436,7.24502616008271e-05,0.0015328599590755,0.0083463099569563,0.0293438077095666,0.0998819724207776
6,21,7,809,554,761,830,0.000121864120635,0.0024894665467547,0.0127235437486142,0.0382237077624383,0.109065147515287
6,22,11,537,346,428,470,0.0003686836157729,0.0033040508376757,0.0168475172650689,0.0495999157051037,0.144839178286568
6,22,8,240,214,348,472,0.0002898010464033,0.0014774553822414,0.0093026579728575,0.030850891489212,0.108129107758273
6,22,19,777,560,776,942,0.0003307740417236,0.0023909956821117,0.0128613438614151,0.0389771316999371,0.123782372240241
6,23,7,598,363,433,451,0.0002346168464009,0.0036793713238921,0.0176752854543931,0.0501793539726867,0.138983977462218
6,23,8,276,193,348,472,0.0002898010464033,0.0016990736895776,0.0083897803213154,0.030850891489212,0.108129107758273
6,23,15,874,556,781,923,0.0002611374013607,0.0026894854905607,0.0127694771195478,0.0392282730124367,0.121285700188687
6,24,4,624,369,433,462,0.0001340667693719,0.0038393439901483,0.0179674389329781,0.0501793539726867,0.142373830571052
6,24,9,253,177,360,457,0.0003260261772037,0.0015574842154462,0.0076942544915691,0.0319147153336676,0.10469280136765
6,24,13,877,546,793,919,0.0002263190811793,0.002698717134121,0.0125398102648797,0.0398310121624357,0.120760085019938
6,25,8,542,369,445,456,0.0002681335387439,0.0033348148119557,0.0179674389329781,0.0515700058148859,0.140524819784415
6,25,6,260,213,375,514,0.0002173507848024,0.0016005766640949,0.0092591876084984,0.0332444951392371,0.117750765652018
6,25,14,802,582,820,970,0.00024372824127,0.002467926045114,0.0133666109416849,0.0411871752499335,0.12746167842148
6,26,9,533,392,456,436,0.0003016502310869,0.0032794396582517,0.0190873606008873,0.0528447700035684,0.134361450495625
6,26,4,264,225,404,537,0.0001449005232016,0.0016252009204656,0.0097808319808082,0.0358154027633381,0.123019768784306
6,26,13,797,617,860,973,0.0002263190811793,0.0024525399725136,0.0141704449330234,0.0431963057499302,0.127855889798041
6,27,11,560,364,425,450,0.0003686836157729,0.0034455651193639,0.0177239777008239,0.0492522527445539,0.138675808997778
6,27,10,256,240,390,539,0.0003622513080041,0.0015759524077242,0.0104328874461954,0.0345742749448066,0.123477942969723
6,27,21,816,604,815,989,0.0003655923619051,0.0025110070483953,0.0138718780219548,0.0409360339374339,0.129958350473035
6,28,12,548,348,418,446,0.0004022003081159,0.0033717315810918,0.0169449017579305,0.0484410391699377,0.13744313514002
6,28,8,237,222,332,487,0.0002898010464033,0.0014589871899634,0.0096504208877307,0.0294324596966046,0.111565414148896
6,28,20,785,570,750,933,0.0003481832018143,0.0024156133982725,0.0130910107160832,0.0376711968749392,0.122599738110558
6,29,8,639,366,451,457,0.0002681335387439,0.0039316359129884,0.0178213621936856,0.0522653317359855,0.140832988248855
6,29,6,247,225,342,500,0.0002173507848024,0.0015205478308901,0.0097808319808082,0.0303189795669843,0.114543546354103
6,29,14,886,591,793,957,0.00024372824127,0.0027264120648018,0.0135733111108863,0.0398310121624357,0.125753429123048
6,30,14,541,371,453,504,0.0004692336928019,0.0033286620170997,0.0180648234258398,0.0524971070430186,0.155316906077512
6,30,10,229,217,379,497,0.0003622513080041,0.001409738677222,0.009433069065935,0.033599103087389,0.113856285075978
6,30,24,770,588,832,1001,0.0004178198421772,0.0023694551804711,0.0135044110544858,0.0417899143999325,0.13153519597928
6,31,6,574,347,424,406,0.0002011001540579,0.003531704247348,0.0168962095114997,0.0491363650910373,0.12511639656244
6,31,11,246,204,384,477,0.0003984764388045,0.0015143917667974,0.0088679543292661,0.0340423630225788,0.109274543221814
6,31,17,820,551,808,883,0.0002959557215422,0.0025233159064757,0.0126546436922137,0.0405844360999345,0.116029548501203
6,32,13,601,353,386,441,0.0004357170004589,0.0036978297084602,0.0171883629900847,0.0447326342574066,0.135902292817823
6,32,6,255,193,338,455,0.0002173507848024,0.0015697963436315,0.0083897803213154,0.0299643716188324,0.104234627182234
6,32,19,856,546,724,896,0.0003307740417236,0.002634095629199,0.0125398102648797,0.0363652620499413,0.117737797799635
6,33,15,606,368,419,418,0.0005027503851449,0.0037285936827402,0.0179187466865472,0.0485569268234543,0.128814418135714
6,33,5,259,185,353,426,0.000181125654002,0.0015944206000022,0.0080420174064423,0.0312941514244019,0.0975911014936956
6,33,20,865,553,772,844,0.0003481832018143,0.0026617905598798,0.0127005770631474,0.0387762186499374,0.110904800605906
6,34,10,600,370,416,444,0.0003351669234299,0.0036916769136041,0.0180161311794089,0.0482092638629045,0.136826798211141
6,34,11,228,224,358,471,0.0003984764388045,0.0014035826131293,0.009737361616449,0.0317374113595917,0.107900020665565
6,34,21,828,594,774,915,0.0003655923619051,0.0025479336226364,0.0136422111672867,0.0388766751749372,0.12023446985119
6,35,13,553,354,398,406,0.0004357170004589,0.0034024955553718,0.0172370552365156,0.0461232860996058,0.12511639656244
6,35,8,227,191,356,466,0.0002898010464033,0.0013974265490367,0.0083028395925971,0.0315601073855158,0.106754585202024
6,35,21,780,545,754,872,0.0003655923619051,0.002400227325672,0.0125168435794129,0.0378721099249388,0.114584106787145
6,36,5,602,412,418,416,0.0001675834617149,0.0037039825033162,0.020061205529504,0.0484410391699377,0.128198081206835
6,36,9,256,188,339,480,0.0003260261772037,0.0015759524077242,0.0081724284995197,0.0300530236058704,0.109961804499939
6,36,14,858,600,757,896,0.00024372824127,0.0026402500582392,0.0137800112800876,0.0380227947124386,0.117737797799635
6,37,5,556,389,372,469,0.0001675834617149,0.0034209539399398,0.0189412838615948,0.0431102071081743,0.144531009822129
6,37,7,276,205,336,482,0.0002535759156028,0.0016990736895776,0.0089114246936252,0.0297870676447565,0.110419978685355
6,37,12,832,594,708,951,0.0002089099210886,0.0025602424807168,0.0136422111672867,0.0355616098499426,0.124965006369925
6,38,9,560,402,395,465,0.0003016502310869,0.0034455651193639,0.0195742830651956,0.045775623139056,0.143298335964371
6,38,4,254,222,343,490,0.0001449005232016,0.0015636402795388,0.0096504208877307,0.0304076315540222,0.112252675427021
6,38,13,814,624,738,955,0.0002263190811793,0.0025048526193551,0.0143312117312911,0.0370684577249401,0.125490621538674
6,39,9,556,380,455,437,0.0003016502310869,0.0034209539399398,0.0185030536437173,0.0527288823500518,0.134669618960065
6,39,5,279,231,354,477,0.000181125654002,0.0017175418818556,0.0100416541669631,0.0313828034114398,0.109274543221814
6,39,14,835,611,809,914,0.00024372824127,0.0025694741242771,0.0140326448202225,0.0406346643624344,0.120103066059003
6,40,12,594,372,407,478,0.0004022003081159,0.0036547601444681,0.0181135156722706,0.0471662749812552,0.147304526002085
6,40,10,245,195,346,446,0.0003622513080041,0.0015082357027048,0.0084767210500337,0.0306735875151361,0.10217284334786
6,40,22,839,567,753,924,0.0003830015219958,0.0025817829823574,0.0130221106596827,0.0378218816624389,0.121417103980874
6,41,12,570,390,423,451,0.0004022003081159,0.0035070930679239,0.0189899761080256,0.0490204774375207,0.138983977462218
6,41,12,282,228,337,453,0.0004347015696049,0.0017360100741337,0.0099112430738856,0.0298757196317944,0.103776452996817
6,41,24,852,618,760,904,0.0004178198421772,0.0026217867711186,0.0141934116184902,0.0381734794999384,0.118789028137132
6,42,9,561,371,418,472,0.0003016502310869,0.0034517179142199,0.0180648234258398,0.0484410391699377,0.145455515215448
6,42,6,245,203,358,485,0.0002173507848024,0.0015082357027048,0.0088244839649069,0.0317374113595917,0.11110723996348
6,42,15,806,574,776,957,0.0002611374013607,0.0024802349031944,0.0131828774579504,0.0389771316999371,0.125753429123048
6,43,6,598,387,430,475,0.0002011001540579,0.0036793713238921,0.0188438993687331,0.0498316910121369,0.146380020608766
6,43,6,268,206,379,488,0.0002173507848024,0.0016498251768362,0.0089548950579844,0.033599103087389,0.111794501241604
6,43,12,866,593,809,963,0.0002089099210886,0.0026648677743999,0.0136192444818199,0.0406346643624344,0.12654185187617
6,44,11,623,366,452,460,0.0003686836157729,0.0038331911952923,0.0178213621936856,0.052381219389502,0.141757493642173
6,44,9,237,226,397,535,0.0003260261772037,0.0014589871899634,0.0098243023451673,0.0351948388540724,0.12256159459889
6,44,20,860,592,849,995,0.0003481832018143,0.0026464044872794,0.0135962777963531,0.0426437948624311,0.130746773226157
6,45,9,600,386,422,460,0.0003016502310869,0.0036916769136041,0.0187952071223023,0.0489045897840041,0.141757493642173
6,45,8,258,203,364,484,0.0002898010464033,0.0015882645359095,0.0088244839649069,0.0322693232818195,0.110878152870771
6,45,17,858,589,786,944,0.0002959557215422,0.0026402500582392,0.0135273777399526,0.0394794143249362,0.124045179824616
6,46,11,611,371,447,447,0.0003686836157729,0.0037593576570202,0.0180648234258398,0.0518017811219191,0.13775130360446
6,46,7,243,230,388,508,0.0002535759156028,0.0014959235745194,0.0099981838026039,0.0343969709707307,0.116376243095768
6,46,18,854,601,835,955,0.0003133648816329,0.0026279412001588,0.0138029779655544,0.0419405991874323,0.125490621538674
6,47,7,596,416,436,484,0.0002346168464009,0.0036670657341801,0.0202559745152273,0.0505270169332365,0.149153536788722
6,47,5,275,199,364,498,0.000181125654002,0.0016929176254849,0.0086506025074703,0.0322693232818195,0.114085372168686
6,47,12,871,615,800,982,0.0002089099210886,0.0026802538470004,0.0141245115620898,0.0401826099999351,0.129038523927725
6,48,6,567,392,419,464,0.0002011001540579,0.0034886346833559,0.0190873606008873,0.0485569268234543,0.142990167499931
6,48,2,231,233,402,517,7.24502616008271e-05,0.0014220508054074,0.0101285948956814,0.0356380987892622,0.118438026930142
6,48,8,798,625,821,981,0.0001392732807257,0.0024556171870337,0.0143541784167579,0.0412374035124334,0.128907120135538
6,49,6,638,373,413,474,0.0002011001540579,0.0039254831181324,0.0181622079187014,0.0478616009023547,0.146071852144327
6,49,10,281,193,378,521,0.0003622513080041,0.001729854010041,0.0083897803213154,0.033510451100351,0.119354375300975
6,49,16,919,566,791,995,0.0002785465614515,0.0028279601439648,0.0129991439742159,0.0397305556374358,0.130746773226157
6,50,8,636,384,490,524,0.0002681335387439,0.0039131775284204,0.0186978226294406,0.0567849502231327,0.161480275366302
6,50,10,255,197,366,543,0.0003622513080041,0.0015697963436315,0.008563661778752,0.0324466272558954,0.124394291340556
6,50,18,891,581,856,1067,0.0003133648816329,0.0027417981374022,0.0133436442562181,0.0429953926999306,0.140207846263628
6,51,7,610,431,453,549,0.0002346168464009,0.0037532048621642,0.0209863582116898,0.0524971070430186,0.16918448697729
6,51,6,271,227,415,538,0.0002173507848024,0.0016682933691143,0.0098677727095265,0.0367905746207557,0.123248855877015
6,51,13,881,658,868,1087,0.0002263190811793,0.0027110259922013,0.0151120790371627,0.0435981318499296,0.14283592210737
6,52,10,633,419,451,556,0.0003351669234299,0.0038947191438524,0.0204020512545198,0.0522653317359855,0.171341666228366
6,52,8,261,199,392,544,0.0002898010464033,0.0016067327281875,0.0086506025074703,0.0347515789188825,0.124623378433264
6,52,18,894,618,843,1100,0.0003133648816329,0.0027510297809625,0.0141934116184902,0.0423424252874316,0.144544171405802
6,53,9,604,445,523,507,0.0003016502310869,0.0037162880930282,0.0216680496617215,0.0606092427891805,0.15624141147083
6,53,8,267,235,447,606,0.0002898010464033,0.0016436691127436,0.0102155356243997,0.0396274382059706,0.138826778181173
6,53,17,871,680,970,1113,0.0002959557215422,0.0026802538470004,0.0156173461174326,0.0487214146249213,0.146252420704234
7,1,10,646,428,506,685,0.000342175961514,0.0040242143465426,0.0195112462048145,0.0586882240661317,0.209823611209847
7,1,5,287,253,419,621,0.0001847855106212,0.0017913226293729,0.0102953923032787,0.0371310380030414,0.135038344604638
7,1,15,933,681,925,1306,0.0002665097062686,0.0029088524648314,0.0146419599612162,0.0464679536173052,0.166087169432741
7,2,14,675,512,595,689,0.0004790463461196,0.0042048679317589,0.0233405562076286,0.0690108563623485,0.211048858574576
7,2,14,279,279,501,664,0.0005173994297395,0.0017413902912719,0.0113534168087539,0.0443977327912261,0.144388825793043
7,2,28,954,791,1096,1353,0.0004974847850349,0.0029743250283485,0.0170070342574479,0.0550582455833152,0.172064272773736
7,3,13,718,505,547,670,0.0004448287499682,0.0044727335925969,0.0230214470407274,0.063443594000344,0.205228933592113
7,3,13,271,267,505,721,0.0004804423276153,0.0016914579531709,0.0108650978062269,0.0447522057077229,0.156783649693952
7,3,26,989,772,1052,1391,0.0004619501575324,0.0030834459675437,0.0165985214244624,0.0528478780598974,0.176896824411136
7,4,6,615,423,508,588,0.0002053055769084,0.0038311018933803,0.0192833110855994,0.0589201933312152,0.180111362615168
7,4,5,244,225,474,665,0.0001847855106212,0.0015229363120801,0.0091559812973822,0.0420050406048726,0.144606278843936
7,4,11,859,648,982,1253,0.0001954404512637,0.0026781396219616,0.0139324376723467,0.0493313842726419,0.159347031622684
7,5,13,596,470,479,548,0.0004448287499682,0.0037127426478938,0.0214259012062215,0.0555566389875041,0.167858888967878
7,5,10,259,225,455,664,0.0003695710212425,0.0016165594460195,0.0091559812973822,0.0403212942515127,0.144388825793043
7,5,23,855,695,934,1212,0.0004086482162786,0.0026656686574822,0.0149429694171002,0.0469200742470952,0.154132962750752
7,6,12,630,437,448,575,0.0004106111538168,0.003924543402975,0.0199215294194017,0.0519611153787095,0.176129308679799
7,6,8,244,255,401,590,0.000295656816994,0.0015229363120801,0.0103767788036998,0.0355359098788057,0.128297300026951
7,6,20,874,692,849,1165,0.0003553462750249,0.0027249057387595,0.0148784673908394,0.0426500460768564,0.148155859409758
7,7,13,688,439,492,562,0.0004448287499682,0.0042858505734076,0.0200127034670878,0.057064439210547,0.172147254744429
7,7,7,295,229,424,579,0.0002586997148697,0.0018412549674739,0.0093187542982245,0.0375741291486624,0.125905316467126
7,7,20,983,668,916,1141,0.0003553462750249,0.0030647395208245,0.0143624511807525,0.0460158329875152,0.145103721533505
7,8,10,666,464,476,546,0.000342175961514,0.0041488030260021,0.0211523790631634,0.0552086850898788,0.167246265285513
7,8,6,287,245,389,613,0.0002217426127455,0.0017913226293729,0.0099698463015939,0.0344724911293153,0.133298720197493
7,8,16,953,709,865,1159,0.0002842770200199,0.0029712072872287,0.0152439788729843,0.0434538160853719,0.147392824940695
7,9,3,604,433,456,532,0.0001026527884542,0.0037625781196776,0.0197391813240296,0.0528889924390436,0.162957899508961
7,9,2,270,206,401,539,7.39142042485136e-05,0.0016852164109083,0.008382809543381,0.0355359098788057,0.117207194431401
7,9,5,874,639,857,1071,8.88365687562321e-05,0.0027249057387595,0.0137389315935641,0.0430519310811142,0.136201652727769
7,10,7,582,409,448,459,0.0002395231730598,0.0036255305722721,0.018645092751797,0.0519611153787095,0.140597135102657
7,10,10,284,246,371,553,0.0003695710212425,0.001772598002585,0.0100105395518045,0.0328773630050796,0.120251537143905
7,10,17,866,655,819,1012,0.0003020443337711,0.0026999638098006,0.0140829424002887,0.0411429773108897,0.128698480448648
7,11,12,565,438,441,469,0.0004106111538168,0.0035196301947315,0.0199671164432448,0.0511492229509172,0.143660253514479
7,11,6,274,220,388,550,0.0002217426127455,0.0017101825799588,0.0089525150463292,0.034383872900191,0.119599177991225
7,11,18,839,658,829,1019,0.0003198116475224,0.0026157847995644,0.0141474444265496,0.0416453335662119,0.129588687329222
7,12,12,617,406,433,523,0.0004106111538168,0.0038435607613263,0.018508331680268,0.0502213458905831,0.160201092938321
7,12,6,221,222,368,562,0.0002217426127455,0.0013793808400398,0.0090339015467504,0.032611508317707,0.122208614601943
7,12,18,838,628,801,1085,0.0003198116475224,0.0026126670584445,0.0135024241639409,0.0402387360513097,0.137982066488916
7,13,16,623,424,457,531,0.0005474815384224,0.0038809373651642,0.0193288981094424,0.0530049770715854,0.162651587667779
7,13,16,264,245,353,542,0.0005913136339881,0.0016477671573326,0.0099698463015939,0.0312822348808439,0.11785955358408
7,13,32,887,669,810,1073,0.0005685540400398,0.0027654363733178,0.0143839518561727,0.0406908566810997,0.13645599755079
7,14,9,574,418,437,486,0.0003079583653626,0.0035756951004883,0.0190553759663843,0.0506852844207501,0.148867554814578
7,14,10,260,231,362,500,0.0003695710212425,0.0016228009882821,0.0094001407986457,0.0320797989429617,0.108726525446569
7,14,19,834,649,799,986,0.0003375789612736,0.0026001960939651,0.013953938347767,0.0401382648002453,0.125391997749374
7,15,13,578,419,437,462,0.0004448287499682,0.0036006128363802,0.0191009629902273,0.0506852844207501,0.141516070626203
7,15,8,257,238,380,533,0.000295656816994,0.0016040763614942,0.0096849935501198,0.0336749270671974,0.115902476126042
7,15,21,835,657,817,995,0.0003731135887761,0.0026033138350849,0.0141259437511293,0.0410425060598253,0.126536549452969
7,16,13,618,451,438,492,0.0004448287499682,0.0038497901952993,0.0205597477532041,0.0508012690532919,0.150705425861671
7,16,12,242,217,344,496,0.000443485225491,0.0015104532275549,0.0088304352956975,0.0304846708187261,0.107856713242996
7,16,25,860,668,782,988,0.0004441828437811,0.0026812573630815,0.0143624511807525,0.0392842591661975,0.125646342572395
7,17,8,619,375,458,425,0.0002737407692112,0.0038560196292723,0.0170951339411342,0.0531209617041271,0.13018253250246
7,17,10,235,215,361,516,0.0003695710212425,0.0014667624317165,0.0087490487952763,0.0319911807138375,0.112205774260859
7,17,18,854,590,819,941,0.0003198116475224,0.0026625509163623,0.01268539849797,0.0411429773108897,0.119669239231401
7,18,10,577,401,426,471,0.000342175961514,0.0035943834024072,0.0182803965610529,0.0494094534627907,0.144272877196844
7,18,10,247,221,430,543,0.0003695710212425,0.001541660938868,0.0089932082965398,0.0381058385234076,0.118077006634973
7,18,20,824,622,856,1014,0.0003553462750249,0.0025690186827664,0.0133734201114192,0.0430016954555819,0.128952825271669
7,19,7,636,433,469,519,0.0002395231730598,0.0039619200068128,0.0197391813240296,0.0543967926620865,0.158975845573592
7,19,8,287,239,427,628,0.000295656816994,0.0017913226293729,0.0097256868003304,0.037839983836035,0.13656051596089
7,19,15,923,672,896,1147,0.0002665097062686,0.0028776750536328,0.0144484538824336,0.0450111204768708,0.145866756002568
7,20,10,616,472,520,581,0.000342175961514,0.0038373313273533,0.0215170752539076,0.0603120089217164,0.177967179726892
7,20,10,249,288,477,696,0.0003695710212425,0.0015541440233932,0.0117196560606492,0.0422708952922452,0.151347323421623
7,20,20,865,760,997,1277,0.0003553462750249,0.0026968460686808,0.016340513319419,0.0500849186556252,0.162399169498936
7,21,6,642,494,551,568,0.0002053055769084,0.0039992966106507,0.0225199897784541,0.063907532530511,0.173985125791523
7,21,8,263,273,457,667,0.000295656816994,0.0016415256150699,0.0111092573074904,0.0404985307097611,0.145041184945722
7,21,14,905,767,1008,1235,0.0002487423925174,0.0028215557134753,0.016491018047361,0.0506375105364797,0.157057928215494
7,22,16,645,522,547,583,0.0005474815384224,0.0040179849125696,0.0237964264460588,0.063443594000344,0.178579803409257
7,22,6,274,272,416,584,0.0002217426127455,0.0017101825799588,0.0110685640572798,0.0368651833156688,0.126992581721592
7,22,22,919,794,963,1167,0.0003908809025274,0.0028652040891533,0.0170715362837088,0.0483769073875297,0.148410204232779
7,23,9,647,469,441,547,0.0003079583653626,0.0040304437805156,0.0213803141823785,0.0511492229509172,0.167552577126695
7,23,15,285,270,394,610,0.0005543565318638,0.0017788395448477,0.0109871775568586,0.0349155822749363,0.132646361044814
7,23,24,932,739,835,1157,0.0004264155300299,0.0029057347237116,0.0158889991355929,0.0419467473194053,0.147138480117674
7,24,11,639,461,491,557,0.0003763935576654,0.0039806083087318,0.0210156179916343,0.0569484545780053,0.170615695538518
7,24,12,251,268,434,612,0.000443485225491,0.0015666271079185,0.0109057910564375,0.0384603114399044,0.1330812671466
7,24,23,890,729,925,1169,0.0004086482162786,0.0027747895966773,0.01567399238139,0.0464679536173052,0.1486645490558
7,25,11,667,447,478,495,0.0003763935576654,0.0041550324599751,0.020377399657832,0.0554406543549624,0.151624361385218
7,25,9,229,247,399,601,0.0003326139191183,0.0014293131781407,0.0100512328020151,0.0353586734205573,0.130689283586775
7,25,20,896,694,877,1096,0.0003553462750249,0.0027934960433965,0.0149214687416799,0.0440566435917586,0.139380963015532
7,26,16,700,434,487,449,0.0005474815384224,0.0043606037810833,0.0197847683478727,0.0564845160478382,0.137534016690834
7,26,8,271,261,401,569,0.000295656816994,0.0016914579531709,0.0106209383049634,0.0355359098788057,0.123730785958195
7,26,24,971,695,888,1018,0.0004264155300299,0.0030273266273862,0.0149429694171002,0.044609235472613,0.129461514917711
7,27,9,623,466,461,530,0.0003079583653626,0.0038809373651642,0.0212435531108494,0.0534689156017524,0.162345275826597
7,27,8,285,240,404,557,0.000295656816994,0.0017788395448477,0.009766380050541,0.0358017645661783,0.121121349347477
7,27,17,908,706,865,1087,0.0003020443337711,0.0028309089368349,0.0151794768467234,0.0434538160853719,0.138236411311937
7,28,7,651,424,444,514,0.0002395231730598,0.0040553615164075,0.0193288981094424,0.0514971768485424,0.157444286367681
7,28,5,265,229,428,562,0.0001847855106212,0.0016540086995952,0.0093187542982245,0.0379286020651592,0.122208614601943
7,28,12,916,653,872,1076,0.0002132077650149,0.0028558508657938,0.0140399410494481,0.0438054654640975,0.136837514785321
7,29,10,604,420,472,477,0.000342175961514,0.0037625781196776,0.0191465500140703,0.0547447465597118,0.146110748243937
7,29,7,241,237,383,550,0.0002586997148697,0.0015042116852922,0.0096443002999092,0.03394078175457,0.119599177991225
7,29,17,845,657,855,1027,0.0003020443337711,0.0026344912462835,0.0141259437511293,0.0429514598300497,0.130606066621306
7,30,12,609,417,457,468,0.0004106111538168,0.0037937252895425,0.0190097889425412,0.0530049770715854,0.143353941673297
7,30,7,261,215,377,492,0.0002586997148697,0.0016290425305447,0.0087490487952763,0.0334090723798248,0.106986901039423
7,30,19,870,632,834,960,0.0003375789612736,0.0027124347742801,0.0135884268656221,0.041896511693873,0.122085515050101
7,31,10,593,417,464,443,0.000342175961514,0.0036940543459749,0.0190097889425412,0.0538168694993777,0.13569614564374
7,31,9,279,229,406,590,0.0003326139191183,0.0017413902912719,0.0093187542982245,0.0359790010244267,0.128297300026951
7,31,19,872,646,870,1033,0.0003375789612736,0.0027186702565198,0.0138894363215061,0.043704994213033,0.131369101090369
7,32,14,626,426,393,455,0.0004790463461196,0.0038996256670831,0.0194200721571285,0.0455819605889126,0.139371887737928
7,32,9,260,235,367,492,0.0003326139191183,0.0016228009882821,0.009562913799488,0.0325228900885828,0.106986901039423
7,32,23,886,661,760,947,0.0004086482162786,0.0027623186321979,0.0142119464528104,0.0381790754044886,0.120432273700464
7,33,8,636,446,419,472,0.0002737407692112,0.0039619200068128,0.020331812633989,0.0485975610349984,0.144579189038026
7,33,3,269,226,334,536,0.0001108713063727,0.0016789748686457,0.0091966745475927,0.029598488527484,0.116554835278721
7,33,11,905,672,753,1008,0.0001954404512637,0.0028215557134753,0.0144484538824336,0.0378274260257631,0.128189790802606
7,34,12,620,440,451,445,0.0004106111538168,0.0038622490632452,0.0200582904909308,0.0523090692763348,0.136308769326105
7,34,11,245,244,350,527,0.0004065281233668,0.0015291778543427,0.0099291530513833,0.0310163801934713,0.114597757820683
7,34,23,865,684,801,972,0.0004086482162786,0.0026968460686808,0.0147064619874771,0.0402387360513097,0.123611583988227
7,35,14,560,407,463,488,0.0004790463461196,0.0034884830248667,0.018553918704111,0.0537008848668359,0.149480178496942
7,35,13,257,243,355,523,0.0004804423276153,0.0016040763614942,0.0098884598011727,0.0314594713390923,0.113727945617111
7,35,27,817,650,818,1011,0.0004797174712836,0.0025471944949274,0.0139754390231873,0.0410927416853575,0.128571308037137
7,36,10,598,455,470,469,0.000342175961514,0.0037252015158397,0.0207420958485762,0.0545127772946283,0.143660253514479
7,36,7,274,233,373,545,0.0002586997148697,0.0017101825799588,0.0094815272990669,0.033054599463328,0.11851191273676
7,36,17,872,688,843,1014,0.0003020443337711,0.0027186702565198,0.0147924646891582,0.042348632323663,0.128952825271669
7,37,15,616,412,448,471,0.000513263942271,0.0038373313273533,0.0187818538233261,0.0519611153787095,0.144272877196844
7,37,13,285,261,358,548,0.0004804423276153,0.0017788395448477,0.0106209383049634,0.0317253260264649,0.119164271889439
7,37,28,901,673,806,1019,0.0004974847850349,0.0028090847489958,0.0144699545578539,0.0404899141789708,0.129588687329222
7,38,10,600,441,454,456,0.000342175961514,0.0037376603837857,0.0201038775147738,0.0526570231739601,0.13967819957911
7,38,14,249,227,358,514,0.0005173994297395,0.0015541440233932,0.0092373677978033,0.0317253260264649,0.111770868159072
7,38,24,849,668,812,970,0.0004264155300299,0.002646962210763,0.0143624511807525,0.0407913279321642,0.123357239165206
7,39,18,678,410,473,451,0.0006159167307252,0.0042235562336778,0.0186906797756401,0.0548607311922535,0.138146640373199
7,39,5,272,219,385,534,0.0001847855106212,0.0016976994954336,0.0089118217961186,0.0341180182128184,0.116119929176935
7,39,23,950,629,858,985,0.0004086482162786,0.0029618540638691,0.0135239248393612,0.0431021667066464,0.125264825337864
7,40,9,597,420,450,498,0.0003079583653626,0.0037189720818668,0.0191465500140703,0.052193084643793,0.152543296908765
7,40,7,295,234,360,560,0.0002586997148697,0.0018412549674739,0.0095222205492774,0.0319025624847133,0.121773708500157
7,40,16,892,654,810,1058,0.0002842770200199,0.0027810250789171,0.0140614417248684,0.0406908566810997,0.134548411378132
7,41,3,582,437,445,483,0.0001026527884542,0.0036255305722721,0.0199215294194017,0.0516131614810842,0.147948619291031
7,41,13,266,218,393,499,0.0004804423276153,0.0016602502418578,0.008871128545908,0.0348269640458121,0.108509072395675
7,41,16,848,655,838,982,0.0002842770200199,0.0026438444696431,0.0140829424002887,0.0420974541960019,0.124883308103332
7,42,8,623,420,444,442,0.0002737407692112,0.0038809373651642,0.0191465500140703,0.0514971768485424,0.135389833802558
7,42,9,246,263,326,527,0.0003326139191183,0.0015354193966053,0.0107023248053845,0.0288895426944904,0.114597757820683
7,42,17,869,683,770,969,0.0003020443337711,0.0027093170331602,0.0146849613120568,0.0386814316598108,0.123230066753695
7,43,5,615,432,401,474,0.000171087980757,0.0038311018933803,0.0196935943001866,0.0465098376492467,0.14519181272039
7,43,5,262,222,382,544,0.0001847855106212,0.0016352840728073,0.0090339015467504,0.0338521635254458,0.118294459685867
7,43,10,877,654,783,1018,0.0001776731375124,0.0027342589621191,0.0140614417248684,0.0393344947917297,0.129461514917711
7,44,11,654,418,417,499,0.0003763935576654,0.0040740498183264,0.0190553759663843,0.0483655917699149,0.152849608749947
7,44,6,267,256,381,535,0.0002217426127455,0.0016664917841204,0.0104174720539104,0.0337635452963216,0.116337382227828
7,44,17,921,674,798,1034,0.0003020443337711,0.0028714395713931,0.0144914552332742,0.0400880291747131,0.131496273501879
7,45,10,594,410,480,488,0.000342175961514,0.0037002837799478,0.0186906797756401,0.0556726236200459,0.149480178496942
7,45,6,251,249,386,546,0.0002217426127455,0.0015666271079185,0.0101326193024363,0.0342066364419426,0.118729365787653
7,45,16,845,659,866,1034,0.0002842770200199,0.0026344912462835,0.0141689451019699,0.0435040517109041,0.131496273501879
7,46,16,600,455,456,512,0.0005474815384224,0.0037376603837857,0.0207420958485762,0.0528889924390436,0.156831662685316
7,46,12,258,242,424,598,0.000443485225491,0.0016103179037568,0.0098477665509621,0.0375741291486624,0.130036924434096
7,46,28,858,697,880,1110,0.0004974847850349,0.0026750218808417,0.0149859707679408,0.0442073504683553,0.141161376776679
7,47,4,575,463,480,476,0.0001368703846056,0.0035819245344613,0.0211067920393204,0.0556726236200459,0.145804436402755
7,47,11,228,252,382,514,0.0004065281233668,0.0014230716358781,0.0102546990530681,0.0338521635254458,0.111770868159072
7,47,15,803,715,862,990,0.0002665097062686,0.0025035461192493,0.015372982925506,0.0433031092087753,0.125900687395416
7,48,13,617,464,456,502,0.0004448287499682,0.0038435607613263,0.0211523790631634,0.0528889924390436,0.153768544273494
7,48,5,266,249,398,522,0.0001847855106212,0.0016602502418578,0.0101326193024363,0.0352700551914331,0.113510492566218
7,48,18,883,713,854,1024,0.0003198116475224,0.0027529654088383,0.0153299815746654,0.0429012242045175,0.130224549386774
7,49,7,635,485,477,542,0.0002395231730598,0.0039556905728399,0.0221097065638669,0.0553246697224206,0.166021017920784
7,49,6,296,252,444,616,0.0002217426127455,0.0018474965097365,0.0102546990530681,0.0393464937311465,0.133951079350172
7,49,13,931,737,921,1158,0.0002309750787662,0.0029026169825917,0.0158459977847523,0.0462670111151764,0.147265652529184
7,50,10,646,471,490,562,0.000342175961514,0.0040242143465426,0.0214714882300646,0.0568324699454635,0.172147254744429
7,50,5,253,247,399,550,0.0001847855106212,0.0015791101924437,0.0100512328020151,0.0353586734205573,0.119599177991225
7,50,15,899,718,889,1112,0.0002665097062686,0.0028028492667561,0.0154374849517669,0.0446594710981453,0.1414157215997
7,51,10,597,490,510,502,0.000342175961514,0.0037189720818668,0.022337641683082,0.0591521625962987,0.153768544273494
7,51,3,236,253,406,574,0.0001108713063727,0.0014730039739791,0.0102953923032787,0.0359790010244267,0.124818051212661
7,51,13,833,743,916,1076,0.0002309750787662,0.0025970783528452,0.0159750018372741,0.0460158329875152,0.136837514785321
7,52,9,635,482,492,545,0.0003079583653626,0.0039556905728399,0.0219729454923378,0.057064439210547,0.166939953444331
7,52,4,260,248,386,632,0.000147828408497,0.0016228009882821,0.0100919260522257,0.0342066364419426,0.137430328164463
7,52,13,895,730,878,1177,0.0002309750787662,0.0027903783022766,0.0156954930568103,0.0441068792172908,0.149681928347884
8,1,9,664,459,522,574,0.0003159571107485,0.0041923542701509,0.0199018771638764,0.0597226456923754,0.177237540820808
8,1,4,240,259,410,666,0.0001514502368634,0.0015187305230112,0.0099918962615235,0.0358530282128522,0.13953837504758
8,1,13,904,718,932,1240,0.0002368105868139,0.0028570500358946,0.0146578005416471,0.0461935468308972,0.154778046049589
8,2,9,643,499,524,564,0.0003159571107485,0.0040597647525708,0.0216362455441707,0.0599514680896642,0.174149778785602
8,2,8,264,273,446,649,0.0003029004737268,0.0016706035753123,0.0105319987621464,0.0390010989827611,0.135976584693512
8,2,17,907,772,970,1213,0.0003096753827566,0.0028665313966332,0.0157601977968685,0.0480769747059767,0.151407878917864
8,3,11,623,492,538,607,0.000386169802026,0.0039334890215422,0.0213327310776192,0.0615532248706858,0.187427155536987
8,3,7,276,270,433,644,0.000265037914511,0.0017465401014628,0.0104162625120129,0.0378642956491829,0.134928999295257
8,3,18,899,762,971,1251,0.0003278915817423,0.002841247767997,0.0155560501570127,0.0481265385974261,0.156151077103255
8,4,19,624,481,514,577,0.0006670205671358,0.0039398028080936,0.0208557797730383,0.0588073561032203,0.17816386943137
8,4,7,227,238,374,616,0.000265037914511,0.0014364659530147,0.0091817425105891,0.0327049574429432,0.129062521065029
8,4,26,851,719,888,1193,0.0004736211736278,0.0026895459961796,0.0146782153056327,0.0440127356071209,0.14891145882029
8,5,4,653,480,498,578,0.0001404253825549,0.0041229026180851,0.0208124205635309,0.0569767769249099,0.17847264563489
8,5,7,233,259,402,692,0.000265037914511,0.00147443421609,0.0099918962615235,0.0351534569306502,0.144985819118506
8,5,11,886,739,900,1270,0.0002003781888425,0.0028001618714631,0.0150865105853443,0.0446075023045144,0.15852267619595
8,6,6,672,497,532,604,0.0002106380738323,0.0042428645625623,0.021549527125156,0.0608667576788194,0.186500826926425
8,6,8,263,265,457,697,0.0003029004737268,0.0016642755314664,0.0102233687617905,0.0399630094957889,0.146033404516761
8,6,14,935,762,989,1301,0.0002550267857996,0.00295502409686,0.0155560501570127,0.0490186886435164,0.16239212734719
8,7,13,632,452,494,553,0.0004563824933034,0.0039903131005051,0.0195983626973249,0.0565191321303323,0.170753240546876
8,7,5,260,236,425,643,0.0001893127960792,0.0016452913999288,0.0091045850105001,0.0371647243669809,0.134719482215606
8,7,18,892,688,919,1196,0.0003278915817423,0.0028191245929403,0.0140453576220797,0.0455492162420542,0.149285921834926
8,8,11,690,527,528,653,0.000386169802026,0.0043565127204881,0.0228503034103767,0.0604091128842418,0.201630860898933
8,8,7,284,262,412,719,0.000265037914511,0.0017971644522299,0.010107632511657,0.0360279210334027,0.150642780269084
8,8,18,974,789,940,1372,0.0003278915817423,0.0030782817864617,0.0161072487846234,0.0465900579624928,0.171254418693578
8,9,8,627,525,508,566,0.0002808507651098,0.0039587441677479,0.0227635849913619,0.0581208889113539,0.174767331192643
8,9,11,266,259,417,698,0.0004164881513744,0.001683259663004,0.0099918962615235,0.0364651530847789,0.146242921596412
8,9,19,893,784,925,1264,0.000346107780728,0.0028222850465198,0.0160051749646955,0.0458465995907509,0.157773750166678
8,10,12,609,456,485,577,0.0004212761476647,0.0038450960098221,0.0197717995353544,0.0554894313425327,0.17816386943137
8,10,6,260,238,393,657,0.0002271753552951,0.0016452913999288,0.0091817425105891,0.0343664392381729,0.13765272133072
8,10,18,869,694,878,1234,0.0003278915817423,0.0027464341606111,0.0141678462059932,0.0435170966926263,0.154029120020317
8,11,8,637,442,474,537,0.0002808507651098,0.0040218820332622,0.0191647706022514,0.0542309081574444,0.165812821290547
8,11,3,272,250,399,596,0.0001135876776475,0.0017212279260793,0.009644687511123,0.0348911176998244,0.124872179472008
8,11,11,909,692,873,1133,0.0002003781888425,0.0028728523037923,0.014127016678022,0.043269277235379,0.141422198527568
8,12,10,612,428,441,520,0.0003510634563872,0.0038640373694764,0.0185577416691484,0.0504553386021793,0.160563625830697
8,12,9,272,253,365,592,0.0003407630329427,0.0017212279260793,0.0097604237612565,0.0319179397504659,0.124034111153404
8,12,19,884,681,806,1112,0.000346107780728,0.002793840964304,0.0139024542741806,0.0399484965082651,0.138800957425116
8,13,11,593,453,455,484,0.000386169802026,0.0037440754249992,0.0196417219068323,0.0520570953832008,0.149447682503956
8,13,8,246,228,351,603,0.0003029004737268,0.0015566987860864,0.0087959550101442,0.0306936900066125,0.126338799029565
8,13,19,839,681,806,1087,0.000346107780728,0.0026516205532252,0.0139024542741806,0.0399484965082651,0.135680432303148
8,14,14,614,477,484,529,0.0004914888389422,0.0038766649425793,0.0206823429350088,0.0553750201438883,0.163342611662382
8,14,8,236,240,361,600,0.0003029004737268,0.0014934183476276,0.0092589000106781,0.0315681541093649,0.125710247790612
8,14,22,850,717,845,1129,0.0004007563776851,0.0026863855426,0.0146373857776616,0.0418814882747941,0.140922914508053
8,15,10,610,470,501,506,0.0003510634563872,0.0038514097963735,0.0203788284684574,0.0573200105208431,0.156240758981409
8,15,7,257,255,424,543,0.000265037914511,0.0016263072683911,0.0098375812613455,0.0370772779567057,0.113767774250504
8,15,17,867,725,925,1049,0.0003096753827566,0.002740113253452,0.0148007038895462,0.0458465995907509,0.130937234117757
8,16,6,597,464,485,497,0.0002106380738323,0.0037693305712049,0.0201186732114132,0.0554894313425327,0.153461773149724
8,16,6,283,236,409,599,0.0002271753552951,0.001790836408384,0.0091045850105001,0.0357655818025769,0.125500730710961
8,16,12,880,700,894,1096,0.0002185943878282,0.0027811991499859,0.0142903347899067,0.0443101189558177,0.136803821347056
8,17,7,631,416,468,509,0.0002457444194711,0.0039839993139536,0.0180374311550601,0.053544440965578,0.157167087591971
8,17,9,259,264,389,595,0.0003407630329427,0.0016389633560829,0.010184790011746,0.0340166535970719,0.124662662392357
8,17,16,890,680,857,1104,0.0002914591837709,0.0028128036857812,0.0138820395101951,0.0424762549721876,0.137802389386086
8,18,7,622,435,476,537,0.0002457444194711,0.0039271752349907,0.0188612561356999,0.0544597305547332,0.165812821290547
8,18,9,255,260,433,644,0.0003407630329427,0.0016136511806994,0.010030475011568,0.0378642956491829,0.134928999295257
8,18,16,877,695,909,1181,0.0002914591837709,0.0027717177892473,0.0141882609699788,0.0450535773275596,0.147413606761746
8,19,8,655,450,541,617,0.0002808507651098,0.004135530191188,0.0195116442783102,0.061896458466619,0.190514917572192
8,19,10,268,259,492,675,0.0003786255921585,0.0016959157506958,0.0099918962615235,0.0430236338554226,0.141424028764439
8,19,18,923,709,1033,1292,0.0003278915817423,0.0029170986539057,0.0144740676657769,0.0511994998672927,0.161268738303282
8,20,16,711,562,612,673,0.0005617015302196,0.0044891022380682,0.0243678757431341,0.0700196535703712,0.207806384969344
8,20,11,295,298,485,799,0.0004164881513744,0.0018667729345346,0.0114964675132587,0.0424115089834958,0.167404146641165
8,20,27,1006,860,1097,1472,0.0004918373726135,0.0031794163010066,0.0175566970275996,0.0543715889200581,0.183736519181448
8,21,11,746,608,638,779,0.000386169802026,0.0047100847673683,0.0263623993804725,0.0729943447351255,0.240536662542525
8,21,8,290,304,500,822,0.0003029004737268,0.0018351327153052,0.0117279400135257,0.0437232051376246,0.172223039473139
8,21,19,1036,912,1138,1601,0.000346107780728,0.0032742299083925,0.0186182647548498,0.056403708469486,0.1998384288108
8,22,14,801,632,733,808,0.0004914888389422,0.0050573430276971,0.027403020408649,0.0838634086063433,0.249491172444621
8,22,8,346,337,583,909,0.0003029004737268,0.0021895031706744,0.0130010387649939,0.0509812571904703,0.190451025402778
8,22,22,1147,969,1316,1717,0.0004007563776851,0.0036250402557203,0.019781906302028,0.06522608114749,0.21431766537673
8,23,9,730,610,721,747,0.0003159571107485,0.0046090641825454,0.0264491177994872,0.0824904742226105,0.230655824029867
8,23,6,317,324,597,836,0.0002271753552951,0.0020059898991439,0.0124995150144155,0.0522055069343238,0.175156278588253
8,23,15,1047,934,1318,1583,0.0002732429847852,0.0033089948977673,0.0190673895625326,0.0653252089303889,0.197591650722984
8,24,9,786,606,699,773,0.0003159571107485,0.0049626362294256,0.0262756809614578,0.0799734278524338,0.238684005321401
8,24,10,320,329,536,870,0.0003786255921585,0.0020249740306816,0.012692408764638,0.0468712759075336,0.182279859296388
8,24,19,1106,935,1235,1643,0.000346107780728,0.0034954616589596,0.0190878043265182,0.0612114059400837,0.205080911015706
8,25,7,754,587,645,689,0.0002457444194711,0.0047605950597798,0.025451855980818,0.0737952231256363,0.212746804225674
8,25,4,312,328,509,809,0.0001514502368634,0.0019743496799145,0.0126538300145935,0.0445102228301018,0.169499317437676
8,25,11,1066,915,1154,1498,0.0002003781888425,0.0033690435157784,0.0186795090468066,0.0571967307326774,0.186981865308294
8,26,8,701,546,606,615,0.0002808507651098,0.0044259643725539,0.0236741283910164,0.0693331863785048,0.189897365165151
8,26,18,288,329,482,757,0.0006815260658854,0.0018224766276134,0.012692408764638,0.0421491697526701,0.158604429295822
8,26,26,989,875,1088,1372,0.0004736211736278,0.0031256885901546,0.0178629184873833,0.053925513897013,0.171254418693578
8,27,11,708,547,535,661,0.000386169802026,0.0044701608784139,0.0237174876005238,0.0612099912747526,0.204101070527098
8,27,7,249,287,472,732,0.000265037914511,0.0015756829176241,0.0110721012627693,0.0412747056499176,0.153366502304547
8,27,18,957,834,1007,1393,0.0003278915817423,0.0030245540756097,0.0170259131639745,0.0499108386896067,0.173875659796031
8,28,11,694,508,560,644,0.000386169802026,0.0043817678666938,0.0220264784297369,0.0640702712408625,0.198851875067248
8,28,11,280,318,479,737,0.0004164881513744,0.0017718522768464,0.0122680425141486,0.0418868305218444,0.154414087702802
8,28,22,974,826,1039,1381,0.0004007563776851,0.0030782817864617,0.0168625950520899,0.0514968832159894,0.172377807737486
8,29,11,671,513,555,642,0.000386169802026,0.0042365507760109,0.0222432744772737,0.0634982152476406,0.198234322660207
8,29,9,300,307,432,727,0.0003407630329427,0.001898413153764,0.0118436762636591,0.0377768492389076,0.152318916906292
8,29,20,971,820,987,1369,0.0003643239797137,0.0030688004257231,0.0167401064681764,0.0489195608606175,0.170879955678942
8,30,10,678,549,541,625,0.0003510634563872,0.0042807472818709,0.0238042060195385,0.061896458466619,0.192985127200357
8,30,8,301,285,449,713,0.0003029004737268,0.0019047411976098,0.0109949437626803,0.0392634382135869,0.149385677791178
8,30,18,979,834,990,1338,0.0003278915817423,0.0030940840543593,0.0170259131639745,0.0490682525349659,0.167010504527702
8,31,8,605,500,497,565,0.0002808507651098,0.0038198408636164,0.021679604753678,0.0568623657262655,0.174458554989123
8,31,3,296,279,436,647,0.0001135876776475,0.0018731009783804,0.0107634712624134,0.0381266348800086,0.13555755053421
8,31,11,901,779,933,1212,0.0002003781888425,0.002847568675156,0.0159031011447676,0.0462431107223466,0.151283057912986
8,32,13,652,482,479,561,0.0004563824933034,0.0041165888315337,0.0208991389825456,0.0548029641506664,0.17322345017504
8,32,10,248,270,385,640,0.0003786255921585,0.0015693548737782,0.0104162625120129,0.0336668679559709,0.134090930976653
8,32,23,900,752,864,1201,0.0004189725766707,0.0028444082215765,0.0153519025171569,0.0428232022123338,0.14991002685932
8,33,8,616,519,501,553,0.0002808507651098,0.0038892925156821,0.0225034297343178,0.0573200105208431,0.170753240546876
8,33,14,255,272,376,614,0.000530075829022,0.0016136511806994,0.0104934200121019,0.0328798502634937,0.128643486905727
8,33,22,871,791,877,1167,0.0004007563776851,0.0027527550677702,0.0161480783125945,0.0434675328011768,0.145666112693444
8,34,10,650,503,512,551,0.0003510634563872,0.0041039612584308,0.0218096823822001,0.0585785337059315,0.170135688139835
8,34,8,269,274,414,636,0.0003029004737268,0.0017022437945417,0.0105705775121909,0.0362028138539532,0.133252862658049
8,34,18,919,777,926,1187,0.0003278915817423,0.0029044568395876,0.0158622716167964,0.0458961634822004,0.148162532791018
8,35,6,602,452,467,589,0.0002106380738323,0.0038008995039621,0.0195983626973249,0.0534300297669336,0.181869183873616
8,35,10,276,284,405,634,0.0003786255921585,0.0017465401014628,0.0109563650126358,0.0354157961614759,0.132833828498747
8,35,16,878,736,872,1223,0.0002914591837709,0.0027748782428269,0.0150252662933876,0.0432197133439295,0.152656088966651
8,36,11,608,471,491,592,0.000386169802026,0.0038387822232707,0.0204221876779647,0.0561758985343991,0.182795512484178
8,36,8,275,296,404,598,0.0003029004737268,0.001740212057617,0.0114193100131697,0.0353283497512007,0.12529121363131
8,36,19,883,767,895,1190,0.000346107780728,0.0027906805107245,0.0156581239769406,0.0443596828472671,0.148536995805654
8,37,16,653,492,495,585,0.0005617015302196,0.0041229026180851,0.0213327310776192,0.0566335433289767,0.180634079059534
8,37,8,277,254,451,617,0.0003029004737268,0.0017528681453087,0.009799002511301,0.0394383310341374,0.12927203814468
8,37,24,930,746,946,1202,0.0004371887756564,0.0029392218289624,0.0152294139332434,0.0468874413111896,0.150034847864199
8,38,7,635,506,483,571,0.0002457444194711,0.0040092544601593,0.0219397600107222,0.0552606089452439,0.176311212210246
8,38,13,295,279,445,669,0.0004922132698061,0.0018667729345346,0.0107634712624134,0.0389136525724859,0.140166926286533
8,38,20,930,785,928,1240,0.0003643239797137,0.0029392218289624,0.0160255897286811,0.0459952912650993,0.154778046049589
8,39,8,697,523,508,578,0.0002808507651098,0.0044007092263481,0.0226768665723472,0.0581208889113539,0.17847264563489
8,39,7,263,290,419,697,0.000265037914511,0.0016642755314664,0.0111878375129028,0.0366400459053294,0.146033404516761
8,39,15,960,813,927,1275,0.0002732429847852,0.0030340354363483,0.0165972031202773,0.0459457273736499,0.159146781220344
8,40,10,592,534,544,547,0.0003510634563872,0.0037377616384478,0.0231538178769281,0.0622396920625522,0.168900583325752
8,40,5,270,278,454,735,0.0001893127960792,0.0017085718383876,0.0107248925123689,0.0397006702649631,0.1539950535435
8,40,15,862,812,998,1282,0.0002732429847852,0.0027243109855544,0.0165767883562917,0.0494647636665616,0.160020528254495
8,41,13,628,506,556,601,0.0004563824933034,0.0039650579542993,0.0219397600107222,0.063612626446285,0.185574498315863
8,41,7,262,249,446,742,0.000265037914511,0.0016579474876205,0.0096061087610785,0.0390010989827611,0.155461673101057
8,41,20,890,755,1002,1343,0.0003643239797137,0.0028128036857812,0.0154131468091136,0.0496630192323594,0.167634609552095
8,42,12,661,514,570,651,0.0004212761476647,0.0041734129104966,0.022286633686781,0.0652143832273065,0.201013308491892
8,42,5,282,307,466,705,0.0001893127960792,0.0017845083645381,0.0118436762636591,0.0407500271882661,0.147709541153969
8,42,17,943,821,1036,1356,0.0003096753827566,0.0029803077254963,0.016760521232162,0.0513481915416411,0.169257282615519
8,43,12,625,515,562,615,0.0004212761476647,0.003946116594645,0.0223299928962884,0.0642990936381513,0.189897365165151
8,43,3,279,290,467,672,0.0001135876776475,0.0017655242330005,0.0111878375129028,0.0408374735985414,0.140795477525486
8,43,15,904,805,1029,1287,0.0002732429847852,0.0028570500358946,0.0164338850083927,0.0510012443014948,0.160644633278888
8,44,8,673,561,536,557,0.0002808507651098,0.0042491783491138,0.0243245165336268,0.061324402473397,0.171988345360958
8,44,8,307,282,433,671,0.0003029004737268,0.0019427094606851,0.0108792075125468,0.0378642956491829,0.140585960445835
8,44,16,980,843,969,1228,0.0002914591837709,0.0030972445079389,0.0172096460398448,0.0480274108145272,0.153280193991045
8,45,6,669,545,567,604,0.0002106380738323,0.004223923202908,0.0236307691815091,0.0648711496313733,0.186500826926425
8,45,6,285,298,472,713,0.0002271753552951,0.0018034924960758,0.0114964675132587,0.0412747056499176,0.149385677791178
8,45,12,954,843,1039,1317,0.0002185943878282,0.0030150727148711,0.0172096460398448,0.0514968832159894,0.164389263425249
8,46,8,602,535,525,574,0.0002808507651098,0.0038008995039621,0.0231971770864355,0.0600658792883086,0.177237540820808
8,46,5,292,269,432,709,0.0001893127960792,0.0018477888029969,0.0103776837619684,0.0377768492389076,0.148547609472574
8,46,13,894,804,957,1283,0.0002368105868139,0.0028254455000993,0.0164134702444071,0.0474326441171337,0.160145349259373
8,47,14,667,516,524,525,0.0004914888389422,0.0042112956298052,0.0223733521057957,0.0599514680896642,0.1621075068483
8,47,5,275,279,470,632,0.0001893127960792,0.001740212057617,0.0107634712624134,0.0410998128293671,0.132414794339445
8,47,19,942,795,994,1157,0.000346107780728,0.0029771472719167,0.0162297373685369,0.0492665081007637,0.144417902644657
8,48,10,663,488,512,568,0.0003510634563872,0.0041860404835994,0.0211592942395898,0.0585785337059315,0.175384883599684
8,48,9,273,255,396,647,0.0003407630329427,0.0017275559699252,0.0098375812613455,0.0346287784689987,0.13555755053421
8,48,19,936,743,908,1215,0.000346107780728,0.0029581845504396,0.0151681696412867,0.0450040134361101,0.151657520927622
8,49,11,639,506,517,574,0.000386169802026,0.0040345096063651,0.0219397600107222,0.0591505896991535,0.177237540820808
8,49,8,273,273,434,680,0.0003029004737268,0.0017275559699252,0.0105319987621464,0.0379517420594581,0.142471614162694
8,49,19,912,779,951,1254,0.000346107780728,0.0028823336645309,0.0159031011447676,0.0471352607684369,0.156525540117891
8,50,17,614,517,554,637,0.0005968078758583,0.0038766649425793,0.0224167113153031,0.0633838040489962,0.196690441642604
8,50,10,263,295,445,717,0.0003786255921585,0.0016642755314664,0.0113807312631252,0.0389136525724859,0.150223746109782
8,50,27,877,812,999,1354,0.0004918373726135,0.0027717177892473,0.0165767883562917,0.049514327558011,0.169007640605761
8,51,13,706,564,602,714,0.0004563824933034,0.004457533305311,0.0244545941621488,0.0688755415839272,0.220466209313688
8,51,12,277,307,489,809,0.0004543507105903,0.0017528681453087,0.0118436762636591,0.0427612946245968,0.169499317437676
8,51,25,983,871,1091,1523,0.0004554049746421,0.0031067258686775,0.017781259431441,0.0540742055713614,0.190102390430262
8,52,9,703,627,662,790,0.0003159571107485,0.0044385919456567,0.0271862243611123,0.0757402135025911,0.243933200781251
8,52,10,299,332,527,826,0.0003786255921585,0.0018920851099181,0.0128081450147714,0.0460842582150563,0.173061107791743
8,52,19,1002,959,1189,1616,0.000346107780728,0.0031667744866885,0.0195777586621722,0.0589314669334085,0.201710743883981
9,1,10,695,590,636,687,0.0003574697242506,0.0044208755300149,0.0244034253373225,0.0698586218397037,0.214264133044408
9,1,11,306,301,496,834,0.0004231751193192,0.0019475395026184,0.0110162224503294,0.041771312236251,0.168998089906181
9,1,21,1001,891,1132,1521,0.0003891168548274,0.0031845511651646,0.0173008786196614,0.0539605730487453,0.186825430856288
9,2,9,679,525,582,657,0.0003217227518255,0.0043190999782448,0.021714912376431,0.0639272294193515,0.20490762068439
9,2,8,268,289,497,731,0.0003077637231412,0.0017056881918357,0.0105770375021435,0.041855528591566,0.148126623167168
9,2,17,947,814,1079,1388,0.0003149993586698,0.0030127571962147,0.0158057409611722,0.0514341504590073,0.17048895333894
9,3,18,725,539,594,642,0.0006434455036511,0.0046117046895839,0.0222939767064692,0.0652453166238742,0.200229364504381
9,3,7,290,291,449,712,0.0002692932577486,0.0018457073717625,0.0106502349935078,0.0378131435364449,0.144276546778418
9,3,25,1015,830,1043,1354,0.000463234350985,0.0032290903422998,0.0161164189161829,0.0497180898320154,0.166312710966084
9,4,12,677,605,608,706,0.0004289636691007,0.0043063780342736,0.0250238514052205,0.0667830850291507,0.220189924205752
9,4,8,305,299,534,817,0.0003077637231412,0.0019411749944399,0.0109430249589651,0.0449715337382218,0.165553284716247
9,4,20,982,904,1142,1523,0.000370587480788,0.0031241051390526,0.0175533044581077,0.0544372565562431,0.187071092172338
9,5,9,785,677,694,793,0.0003217227518255,0.0049933630087219,0.028001896531131,0.0762293766615635,0.247323810049804
9,5,5,317,345,511,858,0.0001923523269632,0.0020175490925818,0.0126265672603443,0.0430345575659763,0.17386134429197
9,5,14,1102,1022,1205,1651,0.0002594112365516,0.0035058695144969,0.019844554376312,0.0574403626534789,0.20279341639956
9,6,14,733,632,631,715,0.0005004576139509,0.004662592465469,0.026140618327437,0.0693094188378193,0.222996877913757
9,6,8,306,319,510,863,0.0003077637231412,0.0019475395026184,0.0116749998726082,0.0429503412106613,0.17487452228901
9,6,22,1039,951,1141,1578,0.0004076462288668,0.0033054432173887,0.0184659209509518,0.0543895882054933,0.193826778363723
9,7,11,728,595,635,678,0.0003932166966757,0.0046307876055408,0.0246102340266218,0.0697487812393268,0.211457179336402
9,7,8,298,314,505,799,0.0003077637231412,0.0018966234371904,0.0114920061441974,0.0425292594340862,0.161905843926905
9,7,19,1026,909,1140,1477,0.0003520581067486,0.0032640854100489,0.0176503913190485,0.0543419198547435,0.18142088190318
9,8,10,691,569,615,644,0.0003574697242506,0.0043954316420724,0.0235348288422652,0.067551969231789,0.200853131995049
9,8,4,287,311,463,715,0.0001538818615706,0.001826613847227,0.0113822099071509,0.0389921725108552,0.144884453576642
9,8,14,978,880,1078,1359,0.0002594112365516,0.0031113796598711,0.0170872875255915,0.0513864821082575,0.16692686425621
9,9,7,717,601,609,646,0.0002502288069754,0.0045608169136989,0.024858404453781,0.0668929256295276,0.201476899485717
9,9,8,288,295,450,773,0.0003077637231412,0.0018329783554055,0.0107966299762364,0.03789735989176,0.1566373183423
9,9,15,1005,896,1059,1419,0.000277940610591,0.0031972766443461,0.0173979654806023,0.0504807834440118,0.17429670373772
9,10,17,719,598,554,666,0.0006076985312261,0.0045735388576701,0.0247343192402014,0.0608516926087985,0.207714574392395
9,10,5,318,321,492,735,0.0001923523269632,0.0020239136007603,0.0117481973639725,0.0414344468149909,0.1489371655648
9,10,22,1037,919,1046,1401,0.0004076462288668,0.0032990804777979,0.0178445650409302,0.0498610948842647,0.172085751893267
9,11,7,697,510,590,609,0.0002502288069754,0.0044335974739862,0.021094486308533,0.0648059542223667,0.189937200908361
9,11,10,265,280,457,651,0.0003847046539265,0.0016865946673002,0.0102476487910041,0.0384868743789651,0.131915775214537
9,11,17,962,790,1047,1260,0.0003149993586698,0.0030604777431452,0.015339724028656,0.0499087632350145,0.154766629111718
9,12,8,619,537,507,584,0.0002859757794005,0.0039374416591068,0.0222112532307494,0.0556891843910846,0.182140107275013
9,12,9,271,307,415,676,0.0003462341885339,0.0017247817163712,0.0112358149244223,0.0349497874557342,0.136981665199734
9,12,17,890,844,922,1260,0.0003149993586698,0.0028314191178786,0.0163882621268173,0.0439502193912926,0.154766629111718
9,13,11,635,482,489,536,0.0003932166966757,0.004039217210877,0.0199363576484567,0.0537120535843005,0.167169687498985
9,13,2,271,265,396,625,7.69409307853148e-05,0.0017247817163712,0.0096986676057717,0.0333496767047488,0.126647249629932
9,13,13,906,747,885,1161,0.0002408818625122,0.0028823210346045,0.0145047770245646,0.0421864904135509,0.142606393967226
9,14,5,659,491,483,550,0.0001787348621253,0.0041918805385322,0.0203086132891955,0.0530530099820392,0.17153605993366
9,14,10,244,292,403,644,0.0003847046539265,0.0015529399955519,0.01068683373919,0.0339391911919539,0.130497326018682
9,14,15,903,783,886,1194,0.000277940610591,0.0028727769252184,0.0152038024233388,0.0422341587643007,0.146659805682056
9,15,8,649,480,485,517,0.0002859757794005,0.0041282708186758,0.0198536341727369,0.0532726911827929,0.16124389633764
9,15,9,277,265,437,661,0.0003462341885339,0.0017629687654421,0.0096986676057717,0.0368025472726647,0.133942131208616
9,15,17,926,745,922,1178,0.0003149993586698,0.0029459484305119,0.0144659422801883,0.0439502193912926,0.144694515153654
9,16,16,621,497,452,500,0.000571951558801,0.0039501636030781,0.0205567837163547,0.0496479513703555,0.155941872666963
9,16,5,277,276,401,638,0.0001923523269632,0.0017629687654421,0.0101012538082754,0.0337707584813239,0.129281512422234
9,16,21,898,773,853,1138,0.0003891168548274,0.0028568700762416,0.0150096287014571,0.0406611031895581,0.139781288832647
9,17,8,613,461,485,500,0.0002859757794005,0.003899275827193,0.0190677611533994,0.0532726911827929,0.155941872666963
9,17,9,290,269,383,583,0.0003462341885339,0.0018457073717625,0.0098450625885003,0.0322548640856535,0.1181365544548
9,17,17,903,730,868,1083,0.0003149993586698,0.0028727769252184,0.0141746816973657,0.0413761284508047,0.133025602641262
9,18,14,650,464,513,548,0.0005004576139509,0.0041346317906615,0.019191846366979,0.0563482279933459,0.170912292442992
9,18,7,283,276,409,629,0.0002692932577486,0.0018011558145131,0.0101012538082754,0.0344444893238441,0.127457792027563
9,18,21,933,740,922,1177,0.0003891168548274,0.0029682180190795,0.0143688554192474,0.0439502193912926,0.144571684495628
9,19,7,661,498,486,513,0.0002502288069754,0.0042046024825034,0.0205981454542146,0.0533825317831698,0.159996361356304
9,19,11,254,278,372,636,0.0004231751193192,0.0016165850773368,0.0101744512996398,0.0313284841771882,0.128876241223419
9,19,18,915,776,858,1149,0.0003335287327092,0.0029109533627629,0.0150678808180216,0.040899444943307,0.141132426070924
9,20,5,672,524,486,570,0.0001787348621253,0.0042745731743454,0.0216735506385711,0.0533825317831698,0.177773734840338
9,20,13,256,282,422,685,0.0005001160501045,0.0016293140936938,0.0103208462823684,0.0355393019429393,0.138805385594405
9,20,18,928,806,908,1255,0.0003335287327092,0.0029523111701027,0.0156504019836668,0.0432828624807957,0.154152475821592
9,21,7,639,512,506,576,0.0002502288069754,0.0040646610988195,0.0211772097842527,0.0555793437907077,0.179645037312342
9,21,14,263,303,410,694,0.0005385865154972,0.0016738656509432,0.0110894199416937,0.0345287056791591,0.140629105989076
9,21,21,902,815,916,1270,0.0003891168548274,0.0028695955554231,0.0158251583333603,0.0436642092867939,0.15599493569197
9,22,12,670,582,528,577,0.0004289636691007,0.0042618512303741,0.0240725314344435,0.0579958369989993,0.179956921057676
9,22,9,252,303,431,687,0.0003462341885339,0.0016038560609798,0.0110894199416937,0.0362972491407745,0.139210656793221
9,22,21,922,885,959,1264,0.0003891168548274,0.0029332229513305,0.0171843743865324,0.0457139483690343,0.155257951743819
9,23,11,636,558,547,590,0.0003932166966757,0.0040455781828626,0.0230798497258067,0.0600828084061603,0.184011409747017
9,23,10,294,283,450,675,0.0003847046539265,0.0018711654044765,0.0103574450280505,0.03789735989176,0.136779029600326
9,23,21,930,841,997,1265,0.0003891168548274,0.0029586739096934,0.0163300100102528,0.0475253456975257,0.155380782401844
9,24,10,695,532,601,558,0.0003574697242506,0.0044208755300149,0.0220044445414501,0.0660142008265125,0.174031129896331
9,24,3,245,310,460,682,0.0001154113961779,0.0015593045037304,0.0113456111614688,0.0387395234449102,0.138197478796182
9,24,13,940,842,1061,1240,0.0002408818625122,0.0029904876076471,0.016349427382441,0.0505761201455113,0.152310015951214
9,25,10,707,551,563,625,0.0003574697242506,0.0044972071938425,0.0227903175607876,0.0618402580121906,0.194927340833704
9,25,4,280,283,468,729,0.0001538818615706,0.0017820622899776,0.0103574450280505,0.0394132542874304,0.147721351968353
9,25,14,987,834,1031,1354,0.0002594112365516,0.0031400119880295,0.0161940884049356,0.0491460696230181,0.166312710966084
9,26,10,650,540,520,642,0.0003574697242506,0.0041346317906615,0.022335338444329,0.0571171121959842,0.200229364504381
9,26,9,282,311,479,706,0.0003462341885339,0.0017947913063346,0.0113822099071509,0.0403396341958956,0.143060733181971
9,26,19,932,851,999,1348,0.0003520581067486,0.0029650366492841,0.0165241837321345,0.0476206823990252,0.165575727017933
9,27,11,694,572,600,668,0.0003932166966757,0.0044145145580293,0.0236589140558448,0.0659043602261356,0.208338341883063
9,27,7,287,316,497,752,0.0002692932577486,0.001826613847227,0.0115652036355617,0.041855528591566,0.152381970754734
9,27,18,981,888,1097,1420,0.0003335287327092,0.0031209237692572,0.0172426265030969,0.0522921807725032,0.174419534395745
9,28,9,648,570,552,634,0.0003217227518255,0.0041219098466902,0.0235761905801251,0.0606320114080448,0.197734294541709
9,28,5,329,315,450,761,0.0001923523269632,0.0020939231907237,0.0115286048898796,0.03789735989176,0.154205691149405
9,28,14,977,885,1002,1395,0.0002594112365516,0.0031081982900758,0.0171843743865324,0.0477636874512746,0.171348767945116
9,29,7,650,546,542,557,0.0002502288069754,0.0041346317906615,0.0225835088714883,0.0595336054042758,0.173719246150997
9,29,9,266,298,464,655,0.0003462341885339,0.0016929591754787,0.0109064262132829,0.0390763888661703,0.132726317612169
9,29,16,916,844,1006,1212,0.0002964699846304,0.0029141347325582,0.0163882621268173,0.0479543608542737,0.14887075752651
9,30,15,635,483,525,574,0.0005362045863759,0.004039217210877,0.0199777193863165,0.0576663151978687,0.179021269821674
9,30,10,290,295,392,627,0.0003847046539265,0.0018457073717625,0.0107966299762364,0.0330128112834887,0.127052520828748
9,30,25,925,778,917,1201,0.000463234350985,0.0029427670607166,0.015106715562398,0.0437118776375437,0.147519620288233
9,31,13,623,488,507,550,0.0004647106415258,0.0039628855470494,0.0201845280756159,0.0556891843910846,0.17153605993366
9,31,7,276,270,383,615,0.0002692932577486,0.0017566042572636,0.0098816613341825,0.0322548640856535,0.124620893635853
9,31,20,899,758,890,1165,0.000370587480788,0.002860051446037,0.0147183681186345,0.0424248321672998,0.143097716599326
9,32,12,666,497,500,548,0.0004289636691007,0.0042364073424316,0.0205567837163547,0.0549203001884463,0.170912292442992
9,32,5,281,278,391,613,0.0001923523269632,0.0017884267981561,0.0101744512996398,0.0329285949281737,0.124215622437037
9,32,17,947,775,891,1161,0.0003149993586698,0.0030127571962147,0.0150484634458335,0.0424725005180496,0.142606393967226
9,33,10,639,545,482,488,0.0003574697242506,0.0040646610988195,0.0225421471336284,0.0529431693816623,0.152199267722956
9,33,7,276,267,405,629,0.0002692932577486,0.0017566042572636,0.009771865097136,0.034107623902584,0.127457792027563
9,33,17,915,812,887,1117,0.0003149993586698,0.0029109533627629,0.0157669062167958,0.0422818271150504,0.137201845014118
9,34,8,605,479,440,527,0.0002859757794005,0.003848388051308,0.0198122724348771,0.0483298641658328,0.164362733790979
9,34,4,282,248,351,576,0.0001538818615706,0.0017947913063346,0.009076488929175,0.0295599407155728,0.116718105258945
9,34,12,887,727,791,1103,0.0002223524884728,0.0028218750084925,0.0141164295808012,0.037705665443072,0.135482215801766
9,35,9,561,509,490,529,0.0003217227518255,0.0035685052839401,0.0210531245706731,0.0538218941846774,0.164986501281647
9,35,11,251,255,402,601,0.0004231751193192,0.0015974915528013,0.0093326801489501,0.0338549748366389,0.121783995244142
9,35,20,812,764,892,1130,0.000370587480788,0.0025832722738398,0.0148348723517636,0.0425201688687993,0.138798643568445
9,36,6,606,488,496,468,0.0002144818345503,0.0038547490232936,0.0201845280756159,0.0544809377869388,0.145961592816278
9,36,13,242,247,372,564,0.0005001160501045,0.0015402109791949,0.0090398901834928,0.0313284841771882,0.114286478066051
9,36,19,848,735,868,1032,0.0003520581067486,0.0026978015864731,0.0142717685583066,0.0413761284508047,0.126761239081978
9,37,8,602,497,476,503,0.0002859757794005,0.0038293051353511,0.0205567837163547,0.0522841257794009,0.156877523902965
9,37,5,275,303,379,616,0.0001923523269632,0.0017502397490851,0.0110894199416937,0.0319179986643934,0.124823529235261
9,37,13,877,800,855,1119,0.0002408818625122,0.0027900613105388,0.0155338977505378,0.0407564398910576,0.137447506330168
9,38,7,654,472,484,488,0.0002502288069754,0.004160075678604,0.019522740269858,0.0531628505824161,0.152199267722956
9,38,3,248,272,420,606,0.0001154113961779,0.0015783980282659,0.0099548588255468,0.0353708692323093,0.122797173241182
9,38,10,902,744,904,1094,0.000185293740394,0.0028695955554231,0.0144465249080001,0.0430921890777966,0.134376739879539
9,39,11,656,508,484,479,0.0003932166966757,0.0041727976225753,0.0210117628328132,0.0531628505824161,0.149392314014951
9,39,12,261,249,389,589,0.0004616455847118,0.0016611366345862,0.0091130876748571,0.0327601622175436,0.119352368051248
9,39,23,917,757,873,1068,0.0004261756029062,0.0029173161023536,0.0146989507464464,0.0416144702045536,0.131183142770885
9,40,14,639,501,443,470,0.0005004576139509,0.0040646610988195,0.0207222306677942,0.0486593859669635,0.146585360306945
9,40,9,258,283,345,571,0.0003462341885339,0.0016420431100508,0.0103574450280505,0.0290546425836826,0.115704927261906
9,40,23,897,784,788,1041,0.0004261756029062,0.0028536887064462,0.015223219795527,0.0375626603908227,0.127866715004205
9,41,11,611,446,491,452,0.0003932166966757,0.0038865538832218,0.0184473350855014,0.0539317347850543,0.140971452890935
9,41,5,232,269,378,558,0.0001923523269632,0.00147656589741,0.0098450625885003,0.0318337823090784,0.113070664469603
9,41,16,843,715,869,1010,0.0002964699846304,0.0026818947374963,0.0138834211145431,0.0414237968015545,0.124058964605425
9,42,13,658,472,468,449,0.0004647106415258,0.0041855195665465,0.019522740269858,0.0514054009763858,0.140035801654933
9,42,7,264,277,423,661,0.0002692932577486,0.0016802301591217,0.0101378525539576,0.0356235182982544,0.133942131208616
9,42,20,922,749,891,1110,0.000370587480788,0.0029332229513305,0.014543611768941,0.0424725005180496,0.136342030407942
9,43,12,638,521,495,444,0.0004289636691007,0.0040583001268339,0.0215494654249915,0.0543710971865619,0.138476382928263
9,43,8,271,269,403,577,0.0003077637231412,0.0017247817163712,0.0098450625885003,0.0339391911919539,0.116920740858353
9,43,20,909,790,898,1021,0.000370587480788,0.0028918651439907,0.015339724028656,0.042806178973298,0.125410101843702
9,44,9,637,469,527,491,0.0003217227518255,0.0040519391548482,0.0193986550562784,0.0578859963986224,0.153134918958958
9,44,6,272,265,417,608,0.0002308227923559,0.0017311462245497,0.0096986676057717,0.0351182201663642,0.123202444439998
9,44,15,909,734,944,1099,0.000277940610591,0.0028918651439907,0.0142523511861184,0.0449989231077876,0.134990893169665
9,45,14,642,484,436,489,0.0005004576139509,0.0040837440147764,0.0200190811241764,0.0478905017643252,0.15251115146829
9,45,6,246,259,402,621,0.0002308227923559,0.0015656690119089,0.0094790751316787,0.0338549748366389,0.1258367072323
9,45,20,888,743,838,1110,0.000370587480788,0.0028250563782879,0.0144271075358119,0.0399460779283115,0.136342030407942
9,46,12,609,475,457,491,0.0004289636691007,0.0038738319392505,0.0196468254834376,0.0501971543722399,0.153134918958958
9,46,7,262,295,409,605,0.0002692932577486,0.0016675011427647,0.0107966299762364,0.0344444893238441,0.122594537641774
9,46,19,871,770,866,1096,0.0003520581067486,0.0027709730917666,0.0149513765848926,0.0412807917493052,0.134622401195589
9,47,17,653,503,509,516,0.0006076985312261,0.0041537147066184,0.0208049541435139,0.0559088655918384,0.160932012592306
9,47,11,270,287,430,617,0.0004231751193192,0.0017184172081927,0.0105038400107792,0.0362130327854595,0.125026164834669
9,47,28,923,790,939,1133,0.0005188224731032,0.0029364043211258,0.015339724028656,0.0447605813540388,0.139167135542521
9,48,12,625,552,497,473,0.0004289636691007,0.0039756074910206,0.0228316792986475,0.0545907783873157,0.147521011542947
9,48,7,273,262,373,662,0.0002692932577486,0.0017375107327281,0.0095888713687252,0.0314127005325033,0.134144766808024
9,48,19,898,814,870,1135,0.0003520581067486,0.0028568700762416,0.0158057409611722,0.0414714651523043,0.139412796858571
9,49,10,600,508,520,504,0.0003574697242506,0.0038165831913798,0.0210117628328132,0.0571171121959842,0.157189407648299
9,49,8,265,279,402,647,0.0003077637231412,0.0016865946673002,0.0102110500453219,0.0338549748366389,0.131105232816905
9,49,18,865,787,922,1151,0.0003335287327092,0.0027518848729944,0.0152814719120915,0.0439502193912926,0.141378087386974
9,50,6,643,462,510,544,0.0002144818345503,0.004090104986762,0.0191091228912593,0.0560187061922153,0.169664757461656
9,50,7,273,266,398,567,0.0002692932577486,0.0017375107327281,0.0097352663514538,0.0335181094153788,0.114894384864274
9,50,13,916,728,908,1111,0.0002408818625122,0.0029141347325582,0.0141358469529894,0.0432828624807957,0.136464861065967
9,51,16,637,551,508,590,0.000571951558801,0.0040519391548482,0.0227903175607876,0.0557990249914615,0.184011409747017
9,51,14,247,278,407,660,0.0005385865154972,0.0015720335200874,0.0101744512996398,0.034276056613214,0.133739495609208
9,51,30,884,829,915,1250,0.0005558812211821,0.0028123308991064,0.0160970015439947,0.0436165409360441,0.153538322531466
9,52,11,698,555,565,603,0.0003932166966757,0.0044399584459718,0.0229557645122271,0.0620599392129444,0.188065898436358
9,52,5,299,312,432,725,0.0001923523269632,0.0019029879453689,0.0114188086528331,0.0363814654960896,0.146910809570721
9,52,16,997,867,997,1328,0.0002964699846304,0.0031718256859832,0.0168348616871453,0.0475253456975257,0.16311911385743
